,seq_id,seq,entity_nodes_for_logkeys,action_nodes_for_logkeys,status_nodes_for_logkeys
0,44420,"['10', '2', '9', '2', '10', '2', '9', '2']","[ServerAdministrator_72,Snmpd_226,ServerAdministrator_72,Snmpd_226,ServerAdministrator_72,Snmpd_226,ServerAdministrator_72,Snmpd_226]","[ReturningTo_290,Receiving_748,Initialize_291,Receiving_748,ReturningTo_290,Receiving_748,Initialize_291,Receiving_748]","[normal_525,none_1082,none_526,none_1082,normal_525,none_1082,none_526,none_1082]"
1,52838,"['10', '2', '9', '2', '10', '2', '9', '2', '10', '2', '9', '2', '10', '2', '9', '2']","[ServerAdministrator_72,Snmpd_226,ServerAdministrator_72,Snmpd_226,ServerAdministrator_72,Snmpd_226,ServerAdministrator_72,Snmpd_226,ServerAdministrator_72,Snmpd_226,ServerAdministrator_72,Snmpd_226,ServerAdministrator_72,Snmpd_226,ServerAdministrator_72,Snmpd_226]","[ReturningTo_290,Receiving_748,Initialize_291,Receiving_748,ReturningTo_290,Receiving_748,Initialize_291,Receiving_748,ReturningTo_290,Receiving_748,Initialize_291,Receiving_748,ReturningTo_290,Receiving_748,Initialize_291,Receiving_748]","[normal_525,none_1082,none_526,none_1082,normal_525,none_1082,none_526,none_1082,normal_525,none_1082,none_526,none_1082,normal_525,none_1082,none_526,none_1082]"
2,76734,"['10', '2', '9', '2', '10', '2', '9', '2']","[ServerAdministrator_72,Snmpd_226,ServerAdministrator_72,Snmpd_226,ServerAdministrator_72,Snmpd_226,ServerAdministrator_72,Snmpd_226]","[ReturningTo_290,Receiving_748,Initialize_291,Receiving_748,ReturningTo_290,Receiving_748,Initialize_291,Receiving_748]","[normal_525,none_1082,none_526,none_1082,normal_525,none_1082,none_526,none_1082]"
3,92155,"['1', '8', '29', '42', '4', '45', '46']","[User_80,Crond_94,Sendmail_222,Sendmail_222,User_80,Sendmail_222,Sendmail_222]","[Opened_309,Register_340,Retrying_704,UnableToQualifyDomainName_719,Register_307,SendingEmail_715,Start_709]","[none_545,none_582,unknown_1029,error_1048,none_543,none_1044,deferred_1035]"
4,76870,"['10', '2', '9', '2']","[ServerAdministrator_72,Snmpd_226,ServerAdministrator_72,Snmpd_226]","[ReturningTo_290,Receiving_748,Initialize_291,Receiving_748]","[normal_525,none_1082,none_526,none_1082]"
5,94642,"['1', '8', '29', '16', '16', '1', '5', '16', '42', '4', '45', '46', '118', '58', '36', '36', '63', '16', '36', '58', '58', '36', '36', '63', '36', '58', '58', '36', '36', '63']","[User_80,Crond_94,Sendmail_222,Xinetd_256,Xinetd_256,User_80,Sshd_228,Xinetd_256,Sendmail_222,User_80,Sendmail_222,Sendmail_222,Client_92,Dhcpd_106,Dhcpd_106,Dhcpd_106,Dhcpd_106,Xinetd_256,Dhcpd_106,Dhcpd_106,Dhcpd_106,Dhcpd_106,Dhcpd_106,Dhcpd_106,Dhcpd_106,Dhcpd_106,Dhcpd_106,Dhcpd_106,Dhcpd_106,Dhcpd_106]","[Opened_309,Register_340,Retrying_704,none_835,none_835,Opened_309,Connecting_786,none_835,UnableToQualifyDomainName_719,Register_307,SendingEmail_715,Start_709,DoesNotAccept_335,Dhcpdiscover_367,none_368,none_368,Settingup_376,none_835,none_368,Dhcpdiscover_367,Dhcpdiscover_367,none_368,none_368,Settingup_376,none_368,Dhcpdiscover_367,Dhcpdiscover_367,none_368,none_368,Settingup_376]","[none_545,none_582,unknown_1029,none_1190,none_1190,none_545,none_1134,none_1190,error_1048,none_543,none_1044,deferred_1035,none_573,none_614,none_616,none_616,none_630,none_1190,none_616,none_614,none_614,none_616,none_616,none_630,none_616,none_614,none_614,none_616,none_616,none_630]"
6,70299,"['4', '1', '8']","[User_80,User_80,Crond_94]","[Register_307,Opened_309,Register_340]","[none_543,none_545,none_582]"
7,70970,"['9', '2', '10', '2', '9', '2']","[ServerAdministrator_72,Snmpd_226,ServerAdministrator_72,Snmpd_226,ServerAdministrator_72,Snmpd_226]","[Initialize_291,Receiving_748,ReturningTo_290,Receiving_748,Initialize_291,Receiving_748]","[none_526,none_1082,normal_525,none_1082,none_526,none_1082]"
8,82564,"['9', '2', '10', '2', '9', '2', '10', '2', '9', '2', '10', '2', '9', '2']","[ServerAdministrator_72,Snmpd_226,ServerAdministrator_72,Snmpd_226,ServerAdministrator_72,Snmpd_226,ServerAdministrator_72,Snmpd_226,ServerAdministrator_72,Snmpd_226,ServerAdministrator_72,Snmpd_226,ServerAdministrator_72,Snmpd_226]","[Initialize_291,Receiving_748,ReturningTo_290,Receiving_748,Initialize_291,Receiving_748,ReturningTo_290,Receiving_748,Initialize_291,Receiving_748,ReturningTo_290,Receiving_748,Initialize_291,Receiving_748]","[none_526,none_1082,normal_525,none_1082,none_526,none_1082,normal_525,none_1082,none_526,none_1082,normal_525,none_1082,none_526,none_1082]"
9,90539,"['9', '2', '10', '2']","[ServerAdministrator_72,Snmpd_226,ServerAdministrator_72,Snmpd_226]","[Initialize_291,Receiving_748,ReturningTo_290,Receiving_748]","[none_526,none_1082,normal_525,none_1082]"
10,95112,"['9', '2', '10', '2', '9', '2', '10', '2', '9', '2']","[ServerAdministrator_72,Snmpd_226,ServerAdministrator_72,Snmpd_226,ServerAdministrator_72,Snmpd_226,ServerAdministrator_72,Snmpd_226,ServerAdministrator_72,Snmpd_226]","[Initialize_291,Receiving_748,ReturningTo_290,Receiving_748,Initialize_291,Receiving_748,ReturningTo_290,Receiving_748,Initialize_291,Receiving_748]","[none_526,none_1082,normal_525,none_1082,none_526,none_1082,normal_525,none_1082,none_526,none_1082]"
11,66541,"['4', '1', '8']","[User_80,User_80,Crond_94]","[Register_307,Opened_309,Register_340]","[none_543,none_545,none_582]"
12,84137,"['18', '40', '48', '40', '40', '48', '40', '40', '48', '4', '1', '8']","[Ntpd_178,Dhcpd_106,Dhcpd_106,Dhcpd_106,Dhcpd_106,Dhcpd_106,Dhcpd_106,Dhcpd_106,Dhcpd_106,User_80,User_80,Crond_94]","[Synchronized_589,none_368,Dhcprequest_373,none_368,none_368,Dhcprequest_373,none_368,none_368,Dhcprequest_373,Register_307,Opened_309,Register_340]","[none_897,no free leases_615,unknown_623,no free leases_615,no free leases_615,unknown_623,no free leases_615,no free leases_615,unknown_623,none_543,none_545,none_582]"
13,23461,"['10', '2', '9', '2']","[ServerAdministrator_72,Snmpd_226,ServerAdministrator_72,Snmpd_226]","[ReturningTo_290,Receiving_748,Initialize_291,Receiving_748]","[normal_525,none_1082,none_526,none_1082]"
14,70843,"['10', '2', '9', '2', '10', '2', '9', '2', '10', '2']","[ServerAdministrator_72,Snmpd_226,ServerAdministrator_72,Snmpd_226,ServerAdministrator_72,Snmpd_226,ServerAdministrator_72,Snmpd_226,ServerAdministrator_72,Snmpd_226]","[ReturningTo_290,Receiving_748,Initialize_291,Receiving_748,ReturningTo_290,Receiving_748,Initialize_291,Receiving_748,ReturningTo_290,Receiving_748]","[normal_525,none_1082,none_526,none_1082,normal_525,none_1082,none_526,none_1082,normal_525,none_1082]"
15,91586,"['9', '2', '10', '2']","[ServerAdministrator_72,Snmpd_226,ServerAdministrator_72,Snmpd_226]","[Initialize_291,Receiving_748,ReturningTo_290,Receiving_748]","[none_526,none_1082,normal_525,none_1082]"
16,80367,"['10', '2', '9', '2', '10', '2', '9', '2', '10', '2', '9', '2']","[ServerAdministrator_72,Snmpd_226,ServerAdministrator_72,Snmpd_226,ServerAdministrator_72,Snmpd_226,ServerAdministrator_72,Snmpd_226,ServerAdministrator_72,Snmpd_226,ServerAdministrator_72,Snmpd_226]","[ReturningTo_290,Receiving_748,Initialize_291,Receiving_748,ReturningTo_290,Receiving_748,Initialize_291,Receiving_748,ReturningTo_290,Receiving_748,Initialize_291,Receiving_748]","[normal_525,none_1082,none_526,none_1082,normal_525,none_1082,none_526,none_1082,normal_525,none_1082,none_526,none_1082]"
17,74135,"['10', '2', '9', '2']","[ServerAdministrator_72,Snmpd_226,ServerAdministrator_72,Snmpd_226]","[ReturningTo_290,Receiving_748,Initialize_291,Receiving_748]","[normal_525,none_1082,none_526,none_1082]"
18,79330,"['10', '2', '9', '2', '10', '2', '9', '2', '10', '2', '9', '2', '10', '2']","[ServerAdministrator_72,Snmpd_226,ServerAdministrator_72,Snmpd_226,ServerAdministrator_72,Snmpd_226,ServerAdministrator_72,Snmpd_226,ServerAdministrator_72,Snmpd_226,ServerAdministrator_72,Snmpd_226,ServerAdministrator_72,Snmpd_226]","[ReturningTo_290,Receiving_748,Initialize_291,Receiving_748,ReturningTo_290,Receiving_748,Initialize_291,Receiving_748,ReturningTo_290,Receiving_748,Initialize_291,Receiving_748,ReturningTo_290,Receiving_748]","[normal_525,none_1082,none_526,none_1082,normal_525,none_1082,none_526,none_1082,normal_525,none_1082,none_526,none_1082,normal_525,none_1082]"
19,59528,"['9', '2', '10', '2', '9', '2', '10', '2']","[ServerAdministrator_72,Snmpd_226,ServerAdministrator_72,Snmpd_226,ServerAdministrator_72,Snmpd_226,ServerAdministrator_72,Snmpd_226]","[Initialize_291,Receiving_748,ReturningTo_290,Receiving_748,Initialize_291,Receiving_748,ReturningTo_290,Receiving_748]","[none_526,none_1082,normal_525,none_1082,none_526,none_1082,normal_525,none_1082]"
20,77023,"['10', '2', '9', '2', '10', '2', '9', '2']","[ServerAdministrator_72,Snmpd_226,ServerAdministrator_72,Snmpd_226,ServerAdministrator_72,Snmpd_226,ServerAdministrator_72,Snmpd_226]","[ReturningTo_290,Receiving_748,Initialize_291,Receiving_748,ReturningTo_290,Receiving_748,Initialize_291,Receiving_748]","[normal_525,none_1082,none_526,none_1082,normal_525,none_1082,none_526,none_1082]"
21,56801,"['9', '2', '10', '2', '9', '2', '10', '2', '9', '2', '10', '2', '9', '2']","[ServerAdministrator_72,Snmpd_226,ServerAdministrator_72,Snmpd_226,ServerAdministrator_72,Snmpd_226,ServerAdministrator_72,Snmpd_226,ServerAdministrator_72,Snmpd_226,ServerAdministrator_72,Snmpd_226,ServerAdministrator_72,Snmpd_226]","[Initialize_291,Receiving_748,ReturningTo_290,Receiving_748,Initialize_291,Receiving_748,ReturningTo_290,Receiving_748,Initialize_291,Receiving_748,ReturningTo_290,Receiving_748,Initialize_291,Receiving_748]","[none_526,none_1082,normal_525,none_1082,none_526,none_1082,normal_525,none_1082,none_526,none_1082,normal_525,none_1082,none_526,none_1082]"
22,23340,"['9', '2', '10', '2', '9', '2', '10', '2', '9', '2', '10', '2']","[ServerAdministrator_72,Snmpd_226,ServerAdministrator_72,Snmpd_226,ServerAdministrator_72,Snmpd_226,ServerAdministrator_72,Snmpd_226,ServerAdministrator_72,Snmpd_226,ServerAdministrator_72,Snmpd_226]","[Initialize_291,Receiving_748,ReturningTo_290,Receiving_748,Initialize_291,Receiving_748,ReturningTo_290,Receiving_748,Initialize_291,Receiving_748,ReturningTo_290,Receiving_748]","[none_526,none_1082,normal_525,none_1082,none_526,none_1082,normal_525,none_1082,none_526,none_1082,normal_525,none_1082]"
23,81511,"['9', '2', '10', '2', '9', '2', '10', '2']","[ServerAdministrator_72,Snmpd_226,ServerAdministrator_72,Snmpd_226,ServerAdministrator_72,Snmpd_226,ServerAdministrator_72,Snmpd_226]","[Initialize_291,Receiving_748,ReturningTo_290,Receiving_748,Initialize_291,Receiving_748,ReturningTo_290,Receiving_748]","[none_526,none_1082,normal_525,none_1082,none_526,none_1082,normal_525,none_1082]"
24,98347,"['14', '14', '14', '14', '12', '12', '12', '12', '13', '13', '13', '13', '26', '14', '12', '13', '17', '19', '17', '25', '14', '14', '14', '14', '12', '12', '12', '12', '13', '13', '13', '13', '26', '14', '12', '13', '17', '19', '17', '25', '14', '14', '14', '12', '12', '12', '13', '13', '13', '26', '14', '14', '12', '12', '13', '13', '17', '19', '17', '25', '14', '14', '14', '14', '12', '12', '12', '12', '13', '13', '13', '13', '26', '14', '12', '13', '17', '19', '17', '25', '14', '14', '14', '14', '12', '12', '12', '12', '13', '13', '13', '13', '26', '14', '12', '13', '17', '19', '17', '25', '14', '14', '14', '14', '12', '12', '12', '12', '13', '13', '13', '13', '26', '14', '12', '13', '17', '19', '17', '25', '14', '14', '14', '12', '12', '12', '13', '13', '13', '26', '14', '14', '12', '12', '13', '13', '17', '19', '17', '25', '14', '14', '14', '14', '12', '12', '12', '12', '13', '13', '13', '13', '26', '14', '12', '13', '17', '19', '17', '25', '14', '14', '14', '14', '12', '12', '12', '12', '13', '13', '13', '13', '26', '14', '12', '13', '17', '19', '17', '25', '14', '14', '14', '12', '12', '12', '13', '13', '13', '26', '14', '14', '12', '12', '13', '13', '17', '19', '17', '25', '14', '14', '14', '12', '12', '12', '13', '13', '13', '26', '14', '14', '12', '12', '13', '13', '17', '19', '17', '25', '14', '14', '12', '12', '13', '13', '26', '14', '14', '14', '12', '12', '12', '13', '13', '13', '17', '19', '17', '25', '14', '14', '14', '12', '12', '12', '13', '13', '13', '26', '14', '14', '12', '12', '13', '13']","[Ibsm.x[]_131,Ibsm.x[]_131,Ibsm.x[]_131,Ibsm.x[]_131,Ibsm.x_130,Ibsm.x_130,Ibsm.x_130,Ibsm.x_130,Ibsm.x_130,Ibsm.x_130,Ibsm.x_130,Ibsm.x_130,Ibsm.x[]_131,Ibsm.x[]_131,Ibsm.x_130,Ibsm.x_130,Ibsm_129,Ibsm_129,Ibsm_129,Ibsm.x_130,Ibsm.x[]_131,Ibsm.x[]_131,Ibsm.x[]_131,Ibsm.x[]_131,Ibsm.x_130,Ibsm.x_130,Ibsm.x_130,Ibsm.x_130,Ibsm.x_130,Ibsm.x_130,Ibsm.x_130,Ibsm.x_130,Ibsm.x[]_131,Ibsm.x[]_131,Ibsm.x_130,Ibsm.x_130,Ibsm_129,Ibsm_129,Ibsm_129,Ibsm.x_130,Ibsm.x[]_131,Ibsm.x[]_131,Ibsm.x[]_131,Ibsm.x_130,Ibsm.x_130,Ibsm.x_130,Ibsm.x_130,Ibsm.x_130,Ibsm.x_130,Ibsm.x[]_131,Ibsm.x[]_131,Ibsm.x[]_131,Ibsm.x_130,Ibsm.x_130,Ibsm.x_130,Ibsm.x_130,Ibsm_129,Ibsm_129,Ibsm_129,Ibsm.x_130,Ibsm.x[]_131,Ibsm.x[]_131,Ibsm.x[]_131,Ibsm.x[]_131,Ibsm.x_130,Ibsm.x_130,Ibsm.x_130,Ibsm.x_130,Ibsm.x_130,Ibsm.x_130,Ibsm.x_130,Ibsm.x_130,Ibsm.x[]_131,Ibsm.x[]_131,Ibsm.x_130,Ibsm.x_130,Ibsm_129,Ibsm_129,Ibsm_129,Ibsm.x_130,Ibsm.x[]_131,Ibsm.x[]_131,Ibsm.x[]_131,Ibsm.x[]_131,Ibsm.x_130,Ibsm.x_130,Ibsm.x_130,Ibsm.x_130,Ibsm.x_130,Ibsm.x_130,Ibsm.x_130,Ibsm.x_130,Ibsm.x[]_131,Ibsm.x[]_131,Ibsm.x_130,Ibsm.x_130,Ibsm_129,Ibsm_129,Ibsm_129,Ibsm.x_130,Ibsm.x[]_131,Ibsm.x[]_131,Ibsm.x[]_131,Ibsm.x[]_131,Ibsm.x_130,Ibsm.x_130,Ibsm.x_130,Ibsm.x_130,Ibsm.x_130,Ibsm.x_130,Ibsm.x_130,Ibsm.x_130,Ibsm.x[]_131,Ibsm.x[]_131,Ibsm.x_130,Ibsm.x_130,Ibsm_129,Ibsm_129,Ibsm_129,Ibsm.x_130,Ibsm.x[]_131,Ibsm.x[]_131,Ibsm.x[]_131,Ibsm.x_130,Ibsm.x_130,Ibsm.x_130,Ibsm.x_130,Ibsm.x_130,Ibsm.x_130,Ibsm.x[]_131,Ibsm.x[]_131,Ibsm.x[]_131,Ibsm.x_130,Ibsm.x_130,Ibsm.x_130,Ibsm.x_130,Ibsm_129,Ibsm_129,Ibsm_129,Ibsm.x_130,Ibsm.x[]_131,Ibsm.x[]_131,Ibsm.x[]_131,Ibsm.x[]_131,Ibsm.x_130,Ibsm.x_130,Ibsm.x_130,Ibsm.x_130,Ibsm.x_130,Ibsm.x_130,Ibsm.x_130,Ibsm.x_130,Ibsm.x[]_131,Ibsm.x[]_131,Ibsm.x_130,Ibsm.x_130,Ibsm_129,Ibsm_129,Ibsm_129,Ibsm.x_130,Ibsm.x[]_131,Ibsm.x[]_131,Ibsm.x[]_131,Ibsm.x[]_131,Ibsm.x_130,Ibsm.x_130,Ibsm.x_130,Ibsm.x_130,Ibsm.x_130,Ibsm.x_130,Ibsm.x_130,Ibsm.x_130,Ibsm.x[]_131,Ibsm.x[]_131,Ibsm.x_130,Ibsm.x_130,Ibsm_129,Ibsm_129,Ibsm_129,Ibsm.x_130,Ibsm.x[]_131,Ibsm.x[]_131,Ibsm.x[]_131,Ibsm.x_130,Ibsm.x_130,Ibsm.x_130,Ibsm.x_130,Ibsm.x_130,Ibsm.x_130,Ibsm.x[]_131,Ibsm.x[]_131,Ibsm.x[]_131,Ibsm.x_130,Ibsm.x_130,Ibsm.x_130,Ibsm.x_130,Ibsm_129,Ibsm_129,Ibsm_129,Ibsm.x_130,Ibsm.x[]_131,Ibsm.x[]_131,Ibsm.x[]_131,Ibsm.x_130,Ibsm.x_130,Ibsm.x_130,Ibsm.x_130,Ibsm.x_130,Ibsm.x_130,Ibsm.x[]_131,Ibsm.x[]_131,Ibsm.x[]_131,Ibsm.x_130,Ibsm.x_130,Ibsm.x_130,Ibsm.x_130,Ibsm_129,Ibsm_129,Ibsm_129,Ibsm.x_130,Ibsm.x[]_131,Ibsm.x[]_131,Ibsm.x_130,Ibsm.x_130,Ibsm.x_130,Ibsm.x_130,Ibsm.x[]_131,Ibsm.x[]_131,Ibsm.x[]_131,Ibsm.x[]_131,Ibsm.x_130,Ibsm.x_130,Ibsm.x_130,Ibsm.x_130,Ibsm.x_130,Ibsm.x_130,Ibsm_129,Ibsm_129,Ibsm_129,Ibsm.x_130,Ibsm.x[]_131,Ibsm.x[]_131,Ibsm.x[]_131,Ibsm.x_130,Ibsm.x_130,Ibsm.x_130,Ibsm.x_130,Ibsm.x_130,Ibsm.x_130,Ibsm.x[]_131,Ibsm.x[]_131,Ibsm.x[]_131,Ibsm.x_130,Ibsm.x_130,Ibsm.x_130,Ibsm.x_130]","[Supports_451,Supports_451,Supports_451,Supports_451,Monitoring_430,Monitoring_430,Monitoring_430,Monitoring_430,Discovery_439,Discovery_439,Discovery_439,Discovery_439,Supports_451,Supports_451,Monitoring_430,Discovery_439,none_422,none_422,none_422,Sweep_432,Supports_451,Supports_451,Supports_451,Supports_451,Monitoring_430,Monitoring_430,Monitoring_430,Monitoring_430,Discovery_439,Discovery_439,Discovery_439,Discovery_439,Supports_451,Supports_451,Monitoring_430,Discovery_439,none_422,none_422,none_422,Sweep_432,Supports_451,Supports_451,Supports_451,Monitoring_430,Monitoring_430,Monitoring_430,Discovery_439,Discovery_439,Discovery_439,Supports_451,Supports_451,Supports_451,Monitoring_430,Monitoring_430,Discovery_439,Discovery_439,none_422,none_422,none_422,Sweep_432,Supports_451,Supports_451,Supports_451,Supports_451,Monitoring_430,Monitoring_430,Monitoring_430,Monitoring_430,Discovery_439,Discovery_439,Discovery_439,Discovery_439,Supports_451,Supports_451,Monitoring_430,Discovery_439,none_422,none_422,none_422,Sweep_432,Supports_451,Supports_451,Supports_451,Supports_451,Monitoring_430,Monitoring_430,Monitoring_430,Monitoring_430,Discovery_439,Discovery_439,Discovery_439,Discovery_439,Supports_451,Supports_451,Monitoring_430,Discovery_439,none_422,none_422,none_422,Sweep_432,Supports_451,Supports_451,Supports_451,Supports_451,Monitoring_430,Monitoring_430,Monitoring_430,Monitoring_430,Discovery_439,Discovery_439,Discovery_439,Discovery_439,Supports_451,Supports_451,Monitoring_430,Discovery_439,none_422,none_422,none_422,Sweep_432,Supports_451,Supports_451,Supports_451,Monitoring_430,Monitoring_430,Monitoring_430,Discovery_439,Discovery_439,Discovery_439,Supports_451,Supports_451,Supports_451,Monitoring_430,Monitoring_430,Discovery_439,Discovery_439,none_422,none_422,none_422,Sweep_432,Supports_451,Supports_451,Supports_451,Supports_451,Monitoring_430,Monitoring_430,Monitoring_430,Monitoring_430,Discovery_439,Discovery_439,Discovery_439,Discovery_439,Supports_451,Supports_451,Monitoring_430,Discovery_439,none_422,none_422,none_422,Sweep_432,Supports_451,Supports_451,Supports_451,Supports_451,Monitoring_430,Monitoring_430,Monitoring_430,Monitoring_430,Discovery_439,Discovery_439,Discovery_439,Discovery_439,Supports_451,Supports_451,Monitoring_430,Discovery_439,none_422,none_422,none_422,Sweep_432,Supports_451,Supports_451,Supports_451,Monitoring_430,Monitoring_430,Monitoring_430,Discovery_439,Discovery_439,Discovery_439,Supports_451,Supports_451,Supports_451,Monitoring_430,Monitoring_430,Discovery_439,Discovery_439,none_422,none_422,none_422,Sweep_432,Supports_451,Supports_451,Supports_451,Monitoring_430,Monitoring_430,Monitoring_430,Discovery_439,Discovery_439,Discovery_439,Supports_451,Supports_451,Supports_451,Monitoring_430,Monitoring_430,Discovery_439,Discovery_439,none_422,none_422,none_422,Sweep_432,Supports_451,Supports_451,Monitoring_430,Monitoring_430,Discovery_439,Discovery_439,Supports_451,Supports_451,Supports_451,Supports_451,Monitoring_430,Monitoring_430,Monitoring_430,Discovery_439,Discovery_439,Discovery_439,none_422,none_422,none_422,Sweep_432,Supports_451,Supports_451,Supports_451,Monitoring_430,Monitoring_430,Monitoring_430,Discovery_439,Discovery_439,Discovery_439,Supports_451,Supports_451,Supports_451,Monitoring_430,Monitoring_430,Discovery_439,Discovery_439]","[failed_719,failed_719,failed_719,failed_719,failed_694,failed_694,failed_694,failed_694,failed_704,failed_704,failed_704,failed_704,none_717,failed_719,failed_694,failed_704,none_683,none_684,none_683,none_697,failed_719,failed_719,failed_719,failed_719,failed_694,failed_694,failed_694,failed_694,failed_704,failed_704,failed_704,failed_704,none_717,failed_719,failed_694,failed_704,none_683,none_684,none_683,none_697,failed_719,failed_719,failed_719,failed_694,failed_694,failed_694,failed_704,failed_704,failed_704,none_717,failed_719,failed_719,failed_694,failed_694,failed_704,failed_704,none_683,none_684,none_683,none_697,failed_719,failed_719,failed_719,failed_719,failed_694,failed_694,failed_694,failed_694,failed_704,failed_704,failed_704,failed_704,none_717,failed_719,failed_694,failed_704,none_683,none_684,none_683,none_697,failed_719,failed_719,failed_719,failed_719,failed_694,failed_694,failed_694,failed_694,failed_704,failed_704,failed_704,failed_704,none_717,failed_719,failed_694,failed_704,none_683,none_684,none_683,none_697,failed_719,failed_719,failed_719,failed_719,failed_694,failed_694,failed_694,failed_694,failed_704,failed_704,failed_704,failed_704,none_717,failed_719,failed_694,failed_704,none_683,none_684,none_683,none_697,failed_719,failed_719,failed_719,failed_694,failed_694,failed_694,failed_704,failed_704,failed_704,none_717,failed_719,failed_719,failed_694,failed_694,failed_704,failed_704,none_683,none_684,none_683,none_697,failed_719,failed_719,failed_719,failed_719,failed_694,failed_694,failed_694,failed_694,failed_704,failed_704,failed_704,failed_704,none_717,failed_719,failed_694,failed_704,none_683,none_684,none_683,none_697,failed_719,failed_719,failed_719,failed_719,failed_694,failed_694,failed_694,failed_694,failed_704,failed_704,failed_704,failed_704,none_717,failed_719,failed_694,failed_704,none_683,none_684,none_683,none_697,failed_719,failed_719,failed_719,failed_694,failed_694,failed_694,failed_704,failed_704,failed_704,none_717,failed_719,failed_719,failed_694,failed_694,failed_704,failed_704,none_683,none_684,none_683,none_697,failed_719,failed_719,failed_719,failed_694,failed_694,failed_694,failed_704,failed_704,failed_704,none_717,failed_719,failed_719,failed_694,failed_694,failed_704,failed_704,none_683,none_684,none_683,none_697,failed_719,failed_719,failed_694,failed_694,failed_704,failed_704,none_717,failed_719,failed_719,failed_719,failed_694,failed_694,failed_694,failed_704,failed_704,failed_704,none_683,none_684,none_683,none_697,failed_719,failed_719,failed_719,failed_694,failed_694,failed_694,failed_704,failed_704,failed_704,none_717,failed_719,failed_719,failed_694,failed_694,failed_704,failed_704]"
25,89983,"['10', '2', '9', '2', '10', '2', '9', '2']","[ServerAdministrator_72,Snmpd_226,ServerAdministrator_72,Snmpd_226,ServerAdministrator_72,Snmpd_226,ServerAdministrator_72,Snmpd_226]","[ReturningTo_290,Receiving_748,Initialize_291,Receiving_748,ReturningTo_290,Receiving_748,Initialize_291,Receiving_748]","[normal_525,none_1082,none_526,none_1082,normal_525,none_1082,none_526,none_1082]"
26,60116,"['10', '2', '9', '2', '10', '2', '9', '2', '10', '2']","[ServerAdministrator_72,Snmpd_226,ServerAdministrator_72,Snmpd_226,ServerAdministrator_72,Snmpd_226,ServerAdministrator_72,Snmpd_226,ServerAdministrator_72,Snmpd_226]","[ReturningTo_290,Receiving_748,Initialize_291,Receiving_748,ReturningTo_290,Receiving_748,Initialize_291,Receiving_748,ReturningTo_290,Receiving_748]","[normal_525,none_1082,none_526,none_1082,normal_525,none_1082,none_526,none_1082,normal_525,none_1082]"
27,91566,"['9', '2', '10', '2', '9', '2']","[ServerAdministrator_72,Snmpd_226,ServerAdministrator_72,Snmpd_226,ServerAdministrator_72,Snmpd_226]","[Initialize_291,Receiving_748,ReturningTo_290,Receiving_748,Initialize_291,Receiving_748]","[none_526,none_1082,normal_525,none_1082,none_526,none_1082]"
28,79754,"['144', '145', '145', '144', '146', '146', '148', '149', '148', '149']","[Sshd_228,Sshd_228,Sshd_228,Sshd_228,Sshd_228,Sshd_228,Sshd_228,Sshd_228,Sshd_228,Sshd_228]","[Register_782,RunningOn_780,RunningOn_780,Register_782,Authenticated_774,Authenticated_774,Register_760,Register_760,Register_760,Register_760]","[none_1130,none_1127,none_1127,none_1130,none_1120,none_1120,closed_1103,none_1102,closed_1103,none_1102]"
29,84178,"['40', '48', '40', '40', '48', '40', '40', '48', '18', '18']","[Dhcpd_106,Dhcpd_106,Dhcpd_106,Dhcpd_106,Dhcpd_106,Dhcpd_106,Dhcpd_106,Dhcpd_106,Ntpd_178,Ntpd_178]","[none_368,Dhcprequest_373,none_368,none_368,Dhcprequest_373,none_368,none_368,Dhcprequest_373,Synchronized_589,Synchronized_589]","[no free leases_615,unknown_623,no free leases_615,no free leases_615,unknown_623,no free leases_615,no free leases_615,unknown_623,none_897,none_897]"
30,93603,"['1', '8', '29', '42', '4', '45', '46']","[User_80,Crond_94,Sendmail_222,Sendmail_222,User_80,Sendmail_222,Sendmail_222]","[Opened_309,Register_340,Retrying_704,UnableToQualifyDomainName_719,Register_307,SendingEmail_715,Start_709]","[none_545,none_582,unknown_1029,error_1048,none_543,none_1044,deferred_1035]"
31,94987,"['1', '8', '29', '42', '4', '45', '46']","[User_80,Crond_94,Sendmail_222,Sendmail_222,User_80,Sendmail_222,Sendmail_222]","[Opened_309,Register_340,Retrying_704,UnableToQualifyDomainName_719,Register_307,SendingEmail_715,Start_709]","[none_545,none_582,unknown_1029,error_1048,none_543,none_1044,deferred_1035]"
32,31358,"['4', '1', '8']","[User_80,User_80,Crond_94]","[Register_307,Opened_309,Register_340]","[none_543,none_545,none_582]"
33,71967,"['4', '1', '8']","[User_80,User_80,Crond_94]","[Register_307,Opened_309,Register_340]","[none_543,none_545,none_582]"
34,28861,"['9', '2', '10', '2', '9', '2', '10', '2', '9', '2', '10', '2', '9', '2']","[ServerAdministrator_72,Snmpd_226,ServerAdministrator_72,Snmpd_226,ServerAdministrator_72,Snmpd_226,ServerAdministrator_72,Snmpd_226,ServerAdministrator_72,Snmpd_226,ServerAdministrator_72,Snmpd_226,ServerAdministrator_72,Snmpd_226]","[Initialize_291,Receiving_748,ReturningTo_290,Receiving_748,Initialize_291,Receiving_748,ReturningTo_290,Receiving_748,Initialize_291,Receiving_748,ReturningTo_290,Receiving_748,Initialize_291,Receiving_748]","[none_526,none_1082,normal_525,none_1082,none_526,none_1082,normal_525,none_1082,none_526,none_1082,normal_525,none_1082,none_526,none_1082]"
35,60510,"['9', '2', '10', '2']","[ServerAdministrator_72,Snmpd_226,ServerAdministrator_72,Snmpd_226]","[Initialize_291,Receiving_748,ReturningTo_290,Receiving_748]","[none_526,none_1082,normal_525,none_1082]"
36,82896,"['10', '2', '9', '2', '10', '2']","[ServerAdministrator_72,Snmpd_226,ServerAdministrator_72,Snmpd_226,ServerAdministrator_72,Snmpd_226]","[ReturningTo_290,Receiving_748,Initialize_291,Receiving_748,ReturningTo_290,Receiving_748]","[normal_525,none_1082,none_526,none_1082,normal_525,none_1082]"
37,31716,"['1', '1', '5', '5', '1', '1', '5', '5', '1', '1', '5', '5', '1', '1', '5', '5']","[User_80,User_80,Sshd_228,Sshd_228,User_80,User_80,Sshd_228,Sshd_228,User_80,User_80,Sshd_228,Sshd_228,User_80,User_80,Sshd_228,Sshd_228]","[Opened_309,Opened_309,Connecting_786,Connecting_786,Opened_309,Opened_309,Connecting_786,Connecting_786,Opened_309,Opened_309,Connecting_786,Connecting_786,Opened_309,Opened_309,Connecting_786,Connecting_786]","[none_545,none_545,none_1134,none_1134,none_545,none_545,none_1134,none_1134,none_545,none_545,none_1134,none_1134,none_545,none_545,none_1134,none_1134]"
38,62333,"['9', '2', '10', '2', '9', '2']","[ServerAdministrator_72,Snmpd_226,ServerAdministrator_72,Snmpd_226,ServerAdministrator_72,Snmpd_226]","[Initialize_291,Receiving_748,ReturningTo_290,Receiving_748,Initialize_291,Receiving_748]","[none_526,none_1082,normal_525,none_1082,none_526,none_1082]"
39,23555,"['10', '2', '9', '2', '10', '2', '9', '2', '10', '2', '9', '2', '10', '2', '9', '2', '10', '2', '9', '2', '10', '2']","[ServerAdministrator_72,Snmpd_226,ServerAdministrator_72,Snmpd_226,ServerAdministrator_72,Snmpd_226,ServerAdministrator_72,Snmpd_226,ServerAdministrator_72,Snmpd_226,ServerAdministrator_72,Snmpd_226,ServerAdministrator_72,Snmpd_226,ServerAdministrator_72,Snmpd_226,ServerAdministrator_72,Snmpd_226,ServerAdministrator_72,Snmpd_226,ServerAdministrator_72,Snmpd_226]","[ReturningTo_290,Receiving_748,Initialize_291,Receiving_748,ReturningTo_290,Receiving_748,Initialize_291,Receiving_748,ReturningTo_290,Receiving_748,Initialize_291,Receiving_748,ReturningTo_290,Receiving_748,Initialize_291,Receiving_748,ReturningTo_290,Receiving_748,Initialize_291,Receiving_748,ReturningTo_290,Receiving_748]","[normal_525,none_1082,none_526,none_1082,normal_525,none_1082,none_526,none_1082,normal_525,none_1082,none_526,none_1082,normal_525,none_1082,none_526,none_1082,normal_525,none_1082,none_526,none_1082,normal_525,none_1082]"
40,78495,"['10', '2', '9', '2']","[ServerAdministrator_72,Snmpd_226,ServerAdministrator_72,Snmpd_226]","[ReturningTo_290,Receiving_748,Initialize_291,Receiving_748]","[normal_525,none_1082,none_526,none_1082]"
41,81267,"['9', '2', '10', '2']","[ServerAdministrator_72,Snmpd_226,ServerAdministrator_72,Snmpd_226]","[Initialize_291,Receiving_748,ReturningTo_290,Receiving_748]","[none_526,none_1082,normal_525,none_1082]"
42,73450,"['10', '2', '9', '2']","[ServerAdministrator_72,Snmpd_226,ServerAdministrator_72,Snmpd_226]","[ReturningTo_290,Receiving_748,Initialize_291,Receiving_748]","[normal_525,none_1082,none_526,none_1082]"
43,73970,"['10', '2', '9', '2', '10', '2', '9', '2', '10', '2', '9', '2']","[ServerAdministrator_72,Snmpd_226,ServerAdministrator_72,Snmpd_226,ServerAdministrator_72,Snmpd_226,ServerAdministrator_72,Snmpd_226,ServerAdministrator_72,Snmpd_226,ServerAdministrator_72,Snmpd_226]","[ReturningTo_290,Receiving_748,Initialize_291,Receiving_748,ReturningTo_290,Receiving_748,Initialize_291,Receiving_748,ReturningTo_290,Receiving_748,Initialize_291,Receiving_748]","[normal_525,none_1082,none_526,none_1082,normal_525,none_1082,none_526,none_1082,normal_525,none_1082,none_526,none_1082]"
44,50103,"['9', '2', '10', '2', '9', '2', '10', '2']","[ServerAdministrator_72,Snmpd_226,ServerAdministrator_72,Snmpd_226,ServerAdministrator_72,Snmpd_226,ServerAdministrator_72,Snmpd_226]","[Initialize_291,Receiving_748,ReturningTo_290,Receiving_748,Initialize_291,Receiving_748,ReturningTo_290,Receiving_748]","[none_526,none_1082,normal_525,none_1082,none_526,none_1082,normal_525,none_1082]"
45,95141,"['10', '2', '9', '2', '10', '2']","[ServerAdministrator_72,Snmpd_226,ServerAdministrator_72,Snmpd_226,ServerAdministrator_72,Snmpd_226]","[ReturningTo_290,Receiving_748,Initialize_291,Receiving_748,ReturningTo_290,Receiving_748]","[normal_525,none_1082,none_526,none_1082,normal_525,none_1082]"
46,31470,"['1', '5', '1', '1', '5', '5', '1', '1', '5', '5', '1', '1', '5', '5', '1', '1', '5', '5']","[User_80,Sshd_228,User_80,User_80,Sshd_228,Sshd_228,User_80,User_80,Sshd_228,Sshd_228,User_80,User_80,Sshd_228,Sshd_228,User_80,User_80,Sshd_228,Sshd_228]","[Opened_309,Connecting_786,Opened_309,Opened_309,Connecting_786,Connecting_786,Opened_309,Opened_309,Connecting_786,Connecting_786,Opened_309,Opened_309,Connecting_786,Connecting_786,Opened_309,Opened_309,Connecting_786,Connecting_786]","[none_545,none_1134,none_545,none_545,none_1134,none_1134,none_545,none_545,none_1134,none_1134,none_545,none_545,none_1134,none_1134,none_545,none_545,none_1134,none_1134]"
47,67236,"['4', '1', '8']","[User_80,User_80,Crond_94]","[Register_307,Opened_309,Register_340]","[none_543,none_545,none_582]"
48,27571,"['10', '2', '9', '2', '10', '2', '9', '2', '10', '2', '9', '2']","[ServerAdministrator_72,Snmpd_226,ServerAdministrator_72,Snmpd_226,ServerAdministrator_72,Snmpd_226,ServerAdministrator_72,Snmpd_226,ServerAdministrator_72,Snmpd_226,ServerAdministrator_72,Snmpd_226]","[ReturningTo_290,Receiving_748,Initialize_291,Receiving_748,ReturningTo_290,Receiving_748,Initialize_291,Receiving_748,ReturningTo_290,Receiving_748,Initialize_291,Receiving_748]","[normal_525,none_1082,none_526,none_1082,normal_525,none_1082,none_526,none_1082,normal_525,none_1082,none_526,none_1082]"
49,90785,"['9', '2', '10', '2', '9', '2', '10', '2', '9', '2', '10', '2', '9', '2', '10', '2', '9', '2']","[ServerAdministrator_72,Snmpd_226,ServerAdministrator_72,Snmpd_226,ServerAdministrator_72,Snmpd_226,ServerAdministrator_72,Snmpd_226,ServerAdministrator_72,Snmpd_226,ServerAdministrator_72,Snmpd_226,ServerAdministrator_72,Snmpd_226,ServerAdministrator_72,Snmpd_226,ServerAdministrator_72,Snmpd_226]","[Initialize_291,Receiving_748,ReturningTo_290,Receiving_748,Initialize_291,Receiving_748,ReturningTo_290,Receiving_748,Initialize_291,Receiving_748,ReturningTo_290,Receiving_748,Initialize_291,Receiving_748,ReturningTo_290,Receiving_748,Initialize_291,Receiving_748]","[none_526,none_1082,normal_525,none_1082,none_526,none_1082,normal_525,none_1082,none_526,none_1082,normal_525,none_1082,none_526,none_1082,normal_525,none_1082,none_526,none_1082]"
50,17446,"['10', '2', '9', '2', '10', '2', '9', '2', '10', '2', '9', '2', '10', '2']","[ServerAdministrator_72,Snmpd_226,ServerAdministrator_72,Snmpd_226,ServerAdministrator_72,Snmpd_226,ServerAdministrator_72,Snmpd_226,ServerAdministrator_72,Snmpd_226,ServerAdministrator_72,Snmpd_226,ServerAdministrator_72,Snmpd_226]","[ReturningTo_290,Receiving_748,Initialize_291,Receiving_748,ReturningTo_290,Receiving_748,Initialize_291,Receiving_748,ReturningTo_290,Receiving_748,Initialize_291,Receiving_748,ReturningTo_290,Receiving_748]","[normal_525,none_1082,none_526,none_1082,normal_525,none_1082,none_526,none_1082,normal_525,none_1082,none_526,none_1082,normal_525,none_1082]"
51,98392,"['19', '17', '25', '26', '14', '12', '13', '17', '19', '17', '25', '26', '14', '12', '13', '17', '19', '17', '25', '26', '14', '12', '13', '17', '19', '17', '25', '26', '14', '12', '13', '17', '19', '17', '25', '26', '14', '12', '13', '17', '19', '17', '25', '26', '14', '12', '13', '17', '19', '17', '25', '26', '14', '12', '13', '17', '19', '17', '25', '26', '14', '12', '13', '17', '19', '17', '25', '26', '14', '12', '13', '17', '19', '17', '25', '26', '14', '12', '13', '17', '19', '17', '25', '26', '14', '12', '13', '17', '19', '17', '25', '26', '14', '12', '13', '17', '19', '17', '25', '26', '14', '12', '13', '17', '19', '17', '25', '26', '14', '12', '13', '17', '19', '17', '25', '26', '14', '12', '13', '17', '19', '17', '25', '26', '14', '12', '13', '17', '19', '17', '25', '26', '14', '12', '13', '17', '19', '17', '25', '26', '14', '12', '13', '17', '19', '17', '25', '26', '14', '12', '13', '17', '19', '17', '25', '26', '14', '12', '13', '17', '19', '17', '25', '26', '14', '12', '13', '17', '19', '17', '25', '26', '14', '12', '13', '17', '19', '17', '25', '26', '14', '12', '13', '17', '19', '17', '25', '26', '14', '12', '13', '17', '19', '17', '25', '26', '14', '12', '13', '17', '19', '17', '25', '26', '14', '12', '13', '17', '19', '17', '25', '26', '14', '12', '13', '17', '19', '17', '25', '26', '14', '12', '13', '17', '19', '17', '25', '26', '14', '12', '13', '17', '19', '17', '25', '26', '14', '12', '13', '17', '19', '17', '25', '26', '14', '12', '13', '17', '19', '17', '25', '26', '14', '12', '13', '17']","[Ibsm_129,Ibsm_129,Ibsm.x_130,Ibsm.x[]_131,Ibsm.x[]_131,Ibsm.x_130,Ibsm.x_130,Ibsm_129,Ibsm_129,Ibsm_129,Ibsm.x_130,Ibsm.x[]_131,Ibsm.x[]_131,Ibsm.x_130,Ibsm.x_130,Ibsm_129,Ibsm_129,Ibsm_129,Ibsm.x_130,Ibsm.x[]_131,Ibsm.x[]_131,Ibsm.x_130,Ibsm.x_130,Ibsm_129,Ibsm_129,Ibsm_129,Ibsm.x_130,Ibsm.x[]_131,Ibsm.x[]_131,Ibsm.x_130,Ibsm.x_130,Ibsm_129,Ibsm_129,Ibsm_129,Ibsm.x_130,Ibsm.x[]_131,Ibsm.x[]_131,Ibsm.x_130,Ibsm.x_130,Ibsm_129,Ibsm_129,Ibsm_129,Ibsm.x_130,Ibsm.x[]_131,Ibsm.x[]_131,Ibsm.x_130,Ibsm.x_130,Ibsm_129,Ibsm_129,Ibsm_129,Ibsm.x_130,Ibsm.x[]_131,Ibsm.x[]_131,Ibsm.x_130,Ibsm.x_130,Ibsm_129,Ibsm_129,Ibsm_129,Ibsm.x_130,Ibsm.x[]_131,Ibsm.x[]_131,Ibsm.x_130,Ibsm.x_130,Ibsm_129,Ibsm_129,Ibsm_129,Ibsm.x_130,Ibsm.x[]_131,Ibsm.x[]_131,Ibsm.x_130,Ibsm.x_130,Ibsm_129,Ibsm_129,Ibsm_129,Ibsm.x_130,Ibsm.x[]_131,Ibsm.x[]_131,Ibsm.x_130,Ibsm.x_130,Ibsm_129,Ibsm_129,Ibsm_129,Ibsm.x_130,Ibsm.x[]_131,Ibsm.x[]_131,Ibsm.x_130,Ibsm.x_130,Ibsm_129,Ibsm_129,Ibsm_129,Ibsm.x_130,Ibsm.x[]_131,Ibsm.x[]_131,Ibsm.x_130,Ibsm.x_130,Ibsm_129,Ibsm_129,Ibsm_129,Ibsm.x_130,Ibsm.x[]_131,Ibsm.x[]_131,Ibsm.x_130,Ibsm.x_130,Ibsm_129,Ibsm_129,Ibsm_129,Ibsm.x_130,Ibsm.x[]_131,Ibsm.x[]_131,Ibsm.x_130,Ibsm.x_130,Ibsm_129,Ibsm_129,Ibsm_129,Ibsm.x_130,Ibsm.x[]_131,Ibsm.x[]_131,Ibsm.x_130,Ibsm.x_130,Ibsm_129,Ibsm_129,Ibsm_129,Ibsm.x_130,Ibsm.x[]_131,Ibsm.x[]_131,Ibsm.x_130,Ibsm.x_130,Ibsm_129,Ibsm_129,Ibsm_129,Ibsm.x_130,Ibsm.x[]_131,Ibsm.x[]_131,Ibsm.x_130,Ibsm.x_130,Ibsm_129,Ibsm_129,Ibsm_129,Ibsm.x_130,Ibsm.x[]_131,Ibsm.x[]_131,Ibsm.x_130,Ibsm.x_130,Ibsm_129,Ibsm_129,Ibsm_129,Ibsm.x_130,Ibsm.x[]_131,Ibsm.x[]_131,Ibsm.x_130,Ibsm.x_130,Ibsm_129,Ibsm_129,Ibsm_129,Ibsm.x_130,Ibsm.x[]_131,Ibsm.x[]_131,Ibsm.x_130,Ibsm.x_130,Ibsm_129,Ibsm_129,Ibsm_129,Ibsm.x_130,Ibsm.x[]_131,Ibsm.x[]_131,Ibsm.x_130,Ibsm.x_130,Ibsm_129,Ibsm_129,Ibsm_129,Ibsm.x_130,Ibsm.x[]_131,Ibsm.x[]_131,Ibsm.x_130,Ibsm.x_130,Ibsm_129,Ibsm_129,Ibsm_129,Ibsm.x_130,Ibsm.x[]_131,Ibsm.x[]_131,Ibsm.x_130,Ibsm.x_130,Ibsm_129,Ibsm_129,Ibsm_129,Ibsm.x_130,Ibsm.x[]_131,Ibsm.x[]_131,Ibsm.x_130,Ibsm.x_130,Ibsm_129,Ibsm_129,Ibsm_129,Ibsm.x_130,Ibsm.x[]_131,Ibsm.x[]_131,Ibsm.x_130,Ibsm.x_130,Ibsm_129,Ibsm_129,Ibsm_129,Ibsm.x_130,Ibsm.x[]_131,Ibsm.x[]_131,Ibsm.x_130,Ibsm.x_130,Ibsm_129,Ibsm_129,Ibsm_129,Ibsm.x_130,Ibsm.x[]_131,Ibsm.x[]_131,Ibsm.x_130,Ibsm.x_130,Ibsm_129,Ibsm_129,Ibsm_129,Ibsm.x_130,Ibsm.x[]_131,Ibsm.x[]_131,Ibsm.x_130,Ibsm.x_130,Ibsm_129,Ibsm_129,Ibsm_129,Ibsm.x_130,Ibsm.x[]_131,Ibsm.x[]_131,Ibsm.x_130,Ibsm.x_130,Ibsm_129,Ibsm_129,Ibsm_129,Ibsm.x_130,Ibsm.x[]_131,Ibsm.x[]_131,Ibsm.x_130,Ibsm.x_130,Ibsm_129,Ibsm_129,Ibsm_129,Ibsm.x_130,Ibsm.x[]_131,Ibsm.x[]_131,Ibsm.x_130,Ibsm.x_130,Ibsm_129,Ibsm_129,Ibsm_129,Ibsm.x_130,Ibsm.x[]_131,Ibsm.x[]_131,Ibsm.x_130,Ibsm.x_130,Ibsm_129]","[none_422,none_422,Sweep_432,Supports_451,Supports_451,Monitoring_430,Discovery_439,none_422,none_422,none_422,Sweep_432,Supports_451,Supports_451,Monitoring_430,Discovery_439,none_422,none_422,none_422,Sweep_432,Supports_451,Supports_451,Monitoring_430,Discovery_439,none_422,none_422,none_422,Sweep_432,Supports_451,Supports_451,Monitoring_430,Discovery_439,none_422,none_422,none_422,Sweep_432,Supports_451,Supports_451,Monitoring_430,Discovery_439,none_422,none_422,none_422,Sweep_432,Supports_451,Supports_451,Monitoring_430,Discovery_439,none_422,none_422,none_422,Sweep_432,Supports_451,Supports_451,Monitoring_430,Discovery_439,none_422,none_422,none_422,Sweep_432,Supports_451,Supports_451,Monitoring_430,Discovery_439,none_422,none_422,none_422,Sweep_432,Supports_451,Supports_451,Monitoring_430,Discovery_439,none_422,none_422,none_422,Sweep_432,Supports_451,Supports_451,Monitoring_430,Discovery_439,none_422,none_422,none_422,Sweep_432,Supports_451,Supports_451,Monitoring_430,Discovery_439,none_422,none_422,none_422,Sweep_432,Supports_451,Supports_451,Monitoring_430,Discovery_439,none_422,none_422,none_422,Sweep_432,Supports_451,Supports_451,Monitoring_430,Discovery_439,none_422,none_422,none_422,Sweep_432,Supports_451,Supports_451,Monitoring_430,Discovery_439,none_422,none_422,none_422,Sweep_432,Supports_451,Supports_451,Monitoring_430,Discovery_439,none_422,none_422,none_422,Sweep_432,Supports_451,Supports_451,Monitoring_430,Discovery_439,none_422,none_422,none_422,Sweep_432,Supports_451,Supports_451,Monitoring_430,Discovery_439,none_422,none_422,none_422,Sweep_432,Supports_451,Supports_451,Monitoring_430,Discovery_439,none_422,none_422,none_422,Sweep_432,Supports_451,Supports_451,Monitoring_430,Discovery_439,none_422,none_422,none_422,Sweep_432,Supports_451,Supports_451,Monitoring_430,Discovery_439,none_422,none_422,none_422,Sweep_432,Supports_451,Supports_451,Monitoring_430,Discovery_439,none_422,none_422,none_422,Sweep_432,Supports_451,Supports_451,Monitoring_430,Discovery_439,none_422,none_422,none_422,Sweep_432,Supports_451,Supports_451,Monitoring_430,Discovery_439,none_422,none_422,none_422,Sweep_432,Supports_451,Supports_451,Monitoring_430,Discovery_439,none_422,none_422,none_422,Sweep_432,Supports_451,Supports_451,Monitoring_430,Discovery_439,none_422,none_422,none_422,Sweep_432,Supports_451,Supports_451,Monitoring_430,Discovery_439,none_422,none_422,none_422,Sweep_432,Supports_451,Supports_451,Monitoring_430,Discovery_439,none_422,none_422,none_422,Sweep_432,Supports_451,Supports_451,Monitoring_430,Discovery_439,none_422,none_422,none_422,Sweep_432,Supports_451,Supports_451,Monitoring_430,Discovery_439,none_422,none_422,none_422,Sweep_432,Supports_451,Supports_451,Monitoring_430,Discovery_439,none_422,none_422,none_422,Sweep_432,Supports_451,Supports_451,Monitoring_430,Discovery_439,none_422,none_422,none_422,Sweep_432,Supports_451,Supports_451,Monitoring_430,Discovery_439,none_422]","[none_684,none_683,none_697,none_717,failed_719,failed_694,failed_704,none_683,none_684,none_683,none_697,none_717,failed_719,failed_694,failed_704,none_683,none_684,none_683,none_697,none_717,failed_719,failed_694,failed_704,none_683,none_684,none_683,none_697,none_717,failed_719,failed_694,failed_704,none_683,none_684,none_683,none_697,none_717,failed_719,failed_694,failed_704,none_683,none_684,none_683,none_697,none_717,failed_719,failed_694,failed_704,none_683,none_684,none_683,none_697,none_717,failed_719,failed_694,failed_704,none_683,none_684,none_683,none_697,none_717,failed_719,failed_694,failed_704,none_683,none_684,none_683,none_697,none_717,failed_719,failed_694,failed_704,none_683,none_684,none_683,none_697,none_717,failed_719,failed_694,failed_704,none_683,none_684,none_683,none_697,none_717,failed_719,failed_694,failed_704,none_683,none_684,none_683,none_697,none_717,failed_719,failed_694,failed_704,none_683,none_684,none_683,none_697,none_717,failed_719,failed_694,failed_704,none_683,none_684,none_683,none_697,none_717,failed_719,failed_694,failed_704,none_683,none_684,none_683,none_697,none_717,failed_719,failed_694,failed_704,none_683,none_684,none_683,none_697,none_717,failed_719,failed_694,failed_704,none_683,none_684,none_683,none_697,none_717,failed_719,failed_694,failed_704,none_683,none_684,none_683,none_697,none_717,failed_719,failed_694,failed_704,none_683,none_684,none_683,none_697,none_717,failed_719,failed_694,failed_704,none_683,none_684,none_683,none_697,none_717,failed_719,failed_694,failed_704,none_683,none_684,none_683,none_697,none_717,failed_719,failed_694,failed_704,none_683,none_684,none_683,none_697,none_717,failed_719,failed_694,failed_704,none_683,none_684,none_683,none_697,none_717,failed_719,failed_694,failed_704,none_683,none_684,none_683,none_697,none_717,failed_719,failed_694,failed_704,none_683,none_684,none_683,none_697,none_717,failed_719,failed_694,failed_704,none_683,none_684,none_683,none_697,none_717,failed_719,failed_694,failed_704,none_683,none_684,none_683,none_697,none_717,failed_719,failed_694,failed_704,none_683,none_684,none_683,none_697,none_717,failed_719,failed_694,failed_704,none_683,none_684,none_683,none_697,none_717,failed_719,failed_694,failed_704,none_683,none_684,none_683,none_697,none_717,failed_719,failed_694,failed_704,none_683,none_684,none_683,none_697,none_717,failed_719,failed_694,failed_704,none_683,none_684,none_683,none_697,none_717,failed_719,failed_694,failed_704,none_683]"
52,77330,"['10', '2', '9', '2', '10', '2', '9', '2', '10', '2', '9', '2', '10', '2']","[ServerAdministrator_72,Snmpd_226,ServerAdministrator_72,Snmpd_226,ServerAdministrator_72,Snmpd_226,ServerAdministrator_72,Snmpd_226,ServerAdministrator_72,Snmpd_226,ServerAdministrator_72,Snmpd_226,ServerAdministrator_72,Snmpd_226]","[ReturningTo_290,Receiving_748,Initialize_291,Receiving_748,ReturningTo_290,Receiving_748,Initialize_291,Receiving_748,ReturningTo_290,Receiving_748,Initialize_291,Receiving_748,ReturningTo_290,Receiving_748]","[normal_525,none_1082,none_526,none_1082,normal_525,none_1082,none_526,none_1082,normal_525,none_1082,none_526,none_1082,normal_525,none_1082]"
53,74155,"['10', '2', '9', '2']","[ServerAdministrator_72,Snmpd_226,ServerAdministrator_72,Snmpd_226]","[ReturningTo_290,Receiving_748,Initialize_291,Receiving_748]","[normal_525,none_1082,none_526,none_1082]"
54,93894,"['1', '8', '40', '48', '29', '4', '1', '8', '42', '4', '45', '46']","[User_80,Crond_94,Dhcpd_106,Dhcpd_106,Sendmail_222,User_80,User_80,Crond_94,Sendmail_222,User_80,Sendmail_222,Sendmail_222]","[Opened_309,Register_340,none_368,Dhcprequest_373,Retrying_704,Register_307,Opened_309,Register_340,UnableToQualifyDomainName_719,Register_307,SendingEmail_715,Start_709]","[none_545,none_582,no free leases_615,unknown_623,unknown_1029,none_543,none_545,none_582,error_1048,none_543,none_1044,deferred_1035]"
55,44641,"['9', '2', '10', '2', '9', '2', '10', '2', '9', '2']","[ServerAdministrator_72,Snmpd_226,ServerAdministrator_72,Snmpd_226,ServerAdministrator_72,Snmpd_226,ServerAdministrator_72,Snmpd_226,ServerAdministrator_72,Snmpd_226]","[Initialize_291,Receiving_748,ReturningTo_290,Receiving_748,Initialize_291,Receiving_748,ReturningTo_290,Receiving_748,Initialize_291,Receiving_748]","[none_526,none_1082,normal_525,none_1082,none_526,none_1082,normal_525,none_1082,none_526,none_1082]"
56,62683,"['9', '2', '10', '2', '9', '2', '10', '2']","[ServerAdministrator_72,Snmpd_226,ServerAdministrator_72,Snmpd_226,ServerAdministrator_72,Snmpd_226,ServerAdministrator_72,Snmpd_226]","[Initialize_291,Receiving_748,ReturningTo_290,Receiving_748,Initialize_291,Receiving_748,ReturningTo_290,Receiving_748]","[none_526,none_1082,normal_525,none_1082,none_526,none_1082,normal_525,none_1082]"
57,27450,"['10', '2', '9', '2', '10', '2', '9', '2', '10', '2', '9', '2', '10', '2', '9', '2', '10', '2', '9', '2']","[ServerAdministrator_72,Snmpd_226,ServerAdministrator_72,Snmpd_226,ServerAdministrator_72,Snmpd_226,ServerAdministrator_72,Snmpd_226,ServerAdministrator_72,Snmpd_226,ServerAdministrator_72,Snmpd_226,ServerAdministrator_72,Snmpd_226,ServerAdministrator_72,Snmpd_226,ServerAdministrator_72,Snmpd_226,ServerAdministrator_72,Snmpd_226]","[ReturningTo_290,Receiving_748,Initialize_291,Receiving_748,ReturningTo_290,Receiving_748,Initialize_291,Receiving_748,ReturningTo_290,Receiving_748,Initialize_291,Receiving_748,ReturningTo_290,Receiving_748,Initialize_291,Receiving_748,ReturningTo_290,Receiving_748,Initialize_291,Receiving_748]","[normal_525,none_1082,none_526,none_1082,normal_525,none_1082,none_526,none_1082,normal_525,none_1082,none_526,none_1082,normal_525,none_1082,none_526,none_1082,normal_525,none_1082,none_526,none_1082]"
58,63045,"['9', '2', '10', '2', '9', '2', '10', '2']","[ServerAdministrator_72,Snmpd_226,ServerAdministrator_72,Snmpd_226,ServerAdministrator_72,Snmpd_226,ServerAdministrator_72,Snmpd_226]","[Initialize_291,Receiving_748,ReturningTo_290,Receiving_748,Initialize_291,Receiving_748,ReturningTo_290,Receiving_748]","[none_526,none_1082,normal_525,none_1082,none_526,none_1082,normal_525,none_1082]"
59,60086,"['10', '2', '9', '2', '10', '2', '9', '2', '10', '2', '9', '2', '10', '2', '9', '2']","[ServerAdministrator_72,Snmpd_226,ServerAdministrator_72,Snmpd_226,ServerAdministrator_72,Snmpd_226,ServerAdministrator_72,Snmpd_226,ServerAdministrator_72,Snmpd_226,ServerAdministrator_72,Snmpd_226,ServerAdministrator_72,Snmpd_226,ServerAdministrator_72,Snmpd_226]","[ReturningTo_290,Receiving_748,Initialize_291,Receiving_748,ReturningTo_290,Receiving_748,Initialize_291,Receiving_748,ReturningTo_290,Receiving_748,Initialize_291,Receiving_748,ReturningTo_290,Receiving_748,Initialize_291,Receiving_748]","[normal_525,none_1082,none_526,none_1082,normal_525,none_1082,none_526,none_1082,normal_525,none_1082,none_526,none_1082,normal_525,none_1082,none_526,none_1082]"
60,98892,"['3', '3', '3', '3', '3', '3', '3', '3', '3', '3', '3', '3', '3', '3', '3', '3', '3', '3', '3', '3', '3', '3', '3', '3', '3', '3', '3', '3', '3', '3', '3', '3', '3', '3', '3', '3', '3', '3', '3', '3', '3', '3', '3', '3', '3', '3', '3', '3', '3', '3', '3', '3', '3', '3', '3', '3', '3', '3', '3', '3', '3', '3', '3', '3', '3', '3', '3', '3', '3', '3', '3', '3', '3', '3', '3', '3', '3', '3', '3', '3', '3', '3', '3', '3', '3', '3', '3', '3', '3', '3', '3', '3', '3', '3', '3', '3', '3', '3', '3', '3', '3', '3', '3', '3', '3', '3', '3', '3', '3', '3', '3', '3', '3', '3', '3', '3', '3', '3', '3', '3', '3', '3', '3', '3', '3', '3', '3', '3', '3', '3', '3', '3', '3', '3', '3', '3', '3', '3', '3', '3', '3', '3', '3', '3', '3', '3', '3', '3', '3', '3', '3', '3', '3', '3', '3', '3', '3', '3', '3', '3', '3', '3', '3', '3', '3', '3', '3', '3', '3', '3', '3', '3', '3', '3', '3', '3', '3', '3', '3', '3', '3', '3', '3', '3', '3', '3', '3', '3', '3', '3', '3', '3', '3', '3', '3', '3', '3', '3', '3', '3', '3', '3', '3', '3', '3', '3', '3', '3', '3', '3', '3', '3', '3', '3', '3', '3', '3', '3', '3', '3', '3', '3', '3', '3', '3', '3', '3', '3', '3', '3', '3', '3', '3', '3', '3', '3', '3', '3', '3', '3', '3', '3', '3', '3', '3', '3', '3', '3', '3', '3', '3', '3', '3', '3', '3', '3']","[Datasource_97,Datasource_97,Datasource_97,Datasource_97,Datasource_97,Datasource_97,Datasource_97,Datasource_97,Datasource_97,Datasource_97,Datasource_97,Datasource_97,Datasource_97,Datasource_97,Datasource_97,Datasource_97,Datasource_97,Datasource_97,Datasource_97,Datasource_97,Datasource_97,Datasource_97,Datasource_97,Datasource_97,Datasource_97,Datasource_97,Datasource_97,Datasource_97,Datasource_97,Datasource_97,Datasource_97,Datasource_97,Datasource_97,Datasource_97,Datasource_97,Datasource_97,Datasource_97,Datasource_97,Datasource_97,Datasource_97,Datasource_97,Datasource_97,Datasource_97,Datasource_97,Datasource_97,Datasource_97,Datasource_97,Datasource_97,Datasource_97,Datasource_97,Datasource_97,Datasource_97,Datasource_97,Datasource_97,Datasource_97,Datasource_97,Datasource_97,Datasource_97,Datasource_97,Datasource_97,Datasource_97,Datasource_97,Datasource_97,Datasource_97,Datasource_97,Datasource_97,Datasource_97,Datasource_97,Datasource_97,Datasource_97,Datasource_97,Datasource_97,Datasource_97,Datasource_97,Datasource_97,Datasource_97,Datasource_97,Datasource_97,Datasource_97,Datasource_97,Datasource_97,Datasource_97,Datasource_97,Datasource_97,Datasource_97,Datasource_97,Datasource_97,Datasource_97,Datasource_97,Datasource_97,Datasource_97,Datasource_97,Datasource_97,Datasource_97,Datasource_97,Datasource_97,Datasource_97,Datasource_97,Datasource_97,Datasource_97,Datasource_97,Datasource_97,Datasource_97,Datasource_97,Datasource_97,Datasource_97,Datasource_97,Datasource_97,Datasource_97,Datasource_97,Datasource_97,Datasource_97,Datasource_97,Datasource_97,Datasource_97,Datasource_97,Datasource_97,Datasource_97,Datasource_97,Datasource_97,Datasource_97,Datasource_97,Datasource_97,Datasource_97,Datasource_97,Datasource_97,Datasource_97,Datasource_97,Datasource_97,Datasource_97,Datasource_97,Datasource_97,Datasource_97,Datasource_97,Datasource_97,Datasource_97,Datasource_97,Datasource_97,Datasource_97,Datasource_97,Datasource_97,Datasource_97,Datasource_97,Datasource_97,Datasource_97,Datasource_97,Datasource_97,Datasource_97,Datasource_97,Datasource_97,Datasource_97,Datasource_97,Datasource_97,Datasource_97,Datasource_97,Datasource_97,Datasource_97,Datasource_97,Datasource_97,Datasource_97,Datasource_97,Datasource_97,Datasource_97,Datasource_97,Datasource_97,Datasource_97,Datasource_97,Datasource_97,Datasource_97,Datasource_97,Datasource_97,Datasource_97,Datasource_97,Datasource_97,Datasource_97,Datasource_97,Datasource_97,Datasource_97,Datasource_97,Datasource_97,Datasource_97,Datasource_97,Datasource_97,Datasource_97,Datasource_97,Datasource_97,Datasource_97,Datasource_97,Datasource_97,Datasource_97,Datasource_97,Datasource_97,Datasource_97,Datasource_97,Datasource_97,Datasource_97,Datasource_97,Datasource_97,Datasource_97,Datasource_97,Datasource_97,Datasource_97,Datasource_97,Datasource_97,Datasource_97,Datasource_97,Datasource_97,Datasource_97,Datasource_97,Datasource_97,Datasource_97,Datasource_97,Datasource_97,Datasource_97,Datasource_97,Datasource_97,Datasource_97,Datasource_97,Datasource_97,Datasource_97,Datasource_97,Datasource_97,Datasource_97,Datasource_97,Datasource_97,Datasource_97,Datasource_97,Datasource_97,Datasource_97,Datasource_97,Datasource_97,Datasource_97,Datasource_97,Datasource_97,Datasource_97,Datasource_97,Datasource_97,Datasource_97,Datasource_97,Datasource_97,Datasource_97,Datasource_97,Datasource_97,Datasource_97,Datasource_97,Datasource_97,Datasource_97,Datasource_97,Datasource_97,Datasource_97,Datasource_97,Datasource_97,Datasource_97,Datasource_97,Datasource_97,Datasource_97]","[none_348,none_348,none_348,none_348,none_348,none_348,none_348,none_348,none_348,none_348,none_348,none_348,none_348,none_348,none_348,none_348,none_348,none_348,none_348,none_348,none_348,none_348,none_348,none_348,none_348,none_348,none_348,none_348,none_348,none_348,none_348,none_348,none_348,none_348,none_348,none_348,none_348,none_348,none_348,none_348,none_348,none_348,none_348,none_348,none_348,none_348,none_348,none_348,none_348,none_348,none_348,none_348,none_348,none_348,none_348,none_348,none_348,none_348,none_348,none_348,none_348,none_348,none_348,none_348,none_348,none_348,none_348,none_348,none_348,none_348,none_348,none_348,none_348,none_348,none_348,none_348,none_348,none_348,none_348,none_348,none_348,none_348,none_348,none_348,none_348,none_348,none_348,none_348,none_348,none_348,none_348,none_348,none_348,none_348,none_348,none_348,none_348,none_348,none_348,none_348,none_348,none_348,none_348,none_348,none_348,none_348,none_348,none_348,none_348,none_348,none_348,none_348,none_348,none_348,none_348,none_348,none_348,none_348,none_348,none_348,none_348,none_348,none_348,none_348,none_348,none_348,none_348,none_348,none_348,none_348,none_348,none_348,none_348,none_348,none_348,none_348,none_348,none_348,none_348,none_348,none_348,none_348,none_348,none_348,none_348,none_348,none_348,none_348,none_348,none_348,none_348,none_348,none_348,none_348,none_348,none_348,none_348,none_348,none_348,none_348,none_348,none_348,none_348,none_348,none_348,none_348,none_348,none_348,none_348,none_348,none_348,none_348,none_348,none_348,none_348,none_348,none_348,none_348,none_348,none_348,none_348,none_348,none_348,none_348,none_348,none_348,none_348,none_348,none_348,none_348,none_348,none_348,none_348,none_348,none_348,none_348,none_348,none_348,none_348,none_348,none_348,none_348,none_348,none_348,none_348,none_348,none_348,none_348,none_348,none_348,none_348,none_348,none_348,none_348,none_348,none_348,none_348,none_348,none_348,none_348,none_348,none_348,none_348,none_348,none_348,none_348,none_348,none_348,none_348,none_348,none_348,none_348,none_348,none_348,none_348,none_348,none_348,none_348,none_348,none_348,none_348,none_348,none_348,none_348,none_348,none_348,none_348,none_348,none_348,none_348,none_348,none_348,none_348,none_348,none_348,none_348]","[no answer_590,no answer_590,no answer_590,no answer_590,no answer_590,no answer_590,no answer_590,no answer_590,no answer_590,no answer_590,no answer_590,no answer_590,no answer_590,no answer_590,no answer_590,no answer_590,no answer_590,no answer_590,no answer_590,no answer_590,no answer_590,no answer_590,no answer_590,no answer_590,no answer_590,no answer_590,no answer_590,no answer_590,no answer_590,no answer_590,no answer_590,no answer_590,no answer_590,no answer_590,no answer_590,no answer_590,no answer_590,no answer_590,no answer_590,no answer_590,no answer_590,no answer_590,no answer_590,no answer_590,no answer_590,no answer_590,no answer_590,no answer_590,no answer_590,no answer_590,no answer_590,no answer_590,no answer_590,no answer_590,no answer_590,no answer_590,no answer_590,no answer_590,no answer_590,no answer_590,no answer_590,no answer_590,no answer_590,no answer_590,no answer_590,no answer_590,no answer_590,no answer_590,no answer_590,no answer_590,no answer_590,no answer_590,no answer_590,no answer_590,no answer_590,no answer_590,no answer_590,no answer_590,no answer_590,no answer_590,no answer_590,no answer_590,no answer_590,no answer_590,no answer_590,no answer_590,no answer_590,no answer_590,no answer_590,no answer_590,no answer_590,no answer_590,no answer_590,no answer_590,no answer_590,no answer_590,no answer_590,no answer_590,no answer_590,no answer_590,no answer_590,no answer_590,no answer_590,no answer_590,no answer_590,no answer_590,no answer_590,no answer_590,no answer_590,no answer_590,no answer_590,no answer_590,no answer_590,no answer_590,no answer_590,no answer_590,no answer_590,no answer_590,no answer_590,no answer_590,no answer_590,no answer_590,no answer_590,no answer_590,no answer_590,no answer_590,no answer_590,no answer_590,no answer_590,no answer_590,no answer_590,no answer_590,no answer_590,no answer_590,no answer_590,no answer_590,no answer_590,no answer_590,no answer_590,no answer_590,no answer_590,no answer_590,no answer_590,no answer_590,no answer_590,no answer_590,no answer_590,no answer_590,no answer_590,no answer_590,no answer_590,no answer_590,no answer_590,no answer_590,no answer_590,no answer_590,no answer_590,no answer_590,no answer_590,no answer_590,no answer_590,no answer_590,no answer_590,no answer_590,no answer_590,no answer_590,no answer_590,no answer_590,no answer_590,no answer_590,no answer_590,no answer_590,no answer_590,no answer_590,no answer_590,no answer_590,no answer_590,no answer_590,no answer_590,no answer_590,no answer_590,no answer_590,no answer_590,no answer_590,no answer_590,no answer_590,no answer_590,no answer_590,no answer_590,no answer_590,no answer_590,no answer_590,no answer_590,no answer_590,no answer_590,no answer_590,no answer_590,no answer_590,no answer_590,no answer_590,no answer_590,no answer_590,no answer_590,no answer_590,no answer_590,no answer_590,no answer_590,no answer_590,no answer_590,no answer_590,no answer_590,no answer_590,no answer_590,no answer_590,no answer_590,no answer_590,no answer_590,no answer_590,no answer_590,no answer_590,no answer_590,no answer_590,no answer_590,no answer_590,no answer_590,no answer_590,no answer_590,no answer_590,no answer_590,no answer_590,no answer_590,no answer_590,no answer_590,no answer_590,no answer_590,no answer_590,no answer_590,no answer_590,no answer_590,no answer_590,no answer_590,no answer_590,no answer_590,no answer_590,no answer_590,no answer_590,no answer_590,no answer_590,no answer_590,no answer_590,no answer_590,no answer_590,no answer_590,no answer_590,no answer_590,no answer_590]"
61,41034,"['1', '5', '18']","[User_80,Sshd_228,Ntpd_178]","[Opened_309,Connecting_786,Synchronized_589]","[none_545,none_1134,none_897]"
62,62522,"['9', '2', '10', '2', '9', '2', '10', '2', '9', '2', '10', '2', '9', '2', '10', '2', '9', '2', '10', '2']","[ServerAdministrator_72,Snmpd_226,ServerAdministrator_72,Snmpd_226,ServerAdministrator_72,Snmpd_226,ServerAdministrator_72,Snmpd_226,ServerAdministrator_72,Snmpd_226,ServerAdministrator_72,Snmpd_226,ServerAdministrator_72,Snmpd_226,ServerAdministrator_72,Snmpd_226,ServerAdministrator_72,Snmpd_226,ServerAdministrator_72,Snmpd_226]","[Initialize_291,Receiving_748,ReturningTo_290,Receiving_748,Initialize_291,Receiving_748,ReturningTo_290,Receiving_748,Initialize_291,Receiving_748,ReturningTo_290,Receiving_748,Initialize_291,Receiving_748,ReturningTo_290,Receiving_748,Initialize_291,Receiving_748,ReturningTo_290,Receiving_748]","[none_526,none_1082,normal_525,none_1082,none_526,none_1082,normal_525,none_1082,none_526,none_1082,normal_525,none_1082,none_526,none_1082,normal_525,none_1082,none_526,none_1082,normal_525,none_1082]"
63,89203,"['10', '2', '9', '2', '10', '2', '9', '2', '10', '2', '9', '2', '10', '2', '9', '2', '10', '2']","[ServerAdministrator_72,Snmpd_226,ServerAdministrator_72,Snmpd_226,ServerAdministrator_72,Snmpd_226,ServerAdministrator_72,Snmpd_226,ServerAdministrator_72,Snmpd_226,ServerAdministrator_72,Snmpd_226,ServerAdministrator_72,Snmpd_226,ServerAdministrator_72,Snmpd_226,ServerAdministrator_72,Snmpd_226]","[ReturningTo_290,Receiving_748,Initialize_291,Receiving_748,ReturningTo_290,Receiving_748,Initialize_291,Receiving_748,ReturningTo_290,Receiving_748,Initialize_291,Receiving_748,ReturningTo_290,Receiving_748,Initialize_291,Receiving_748,ReturningTo_290,Receiving_748]","[normal_525,none_1082,none_526,none_1082,normal_525,none_1082,none_526,none_1082,normal_525,none_1082,none_526,none_1082,normal_525,none_1082,none_526,none_1082,normal_525,none_1082]"
64,89459,"['10', '2', '9', '2']","[ServerAdministrator_72,Snmpd_226,ServerAdministrator_72,Snmpd_226]","[ReturningTo_290,Receiving_748,Initialize_291,Receiving_748]","[normal_525,none_1082,none_526,none_1082]"
65,85709,"['9', '2', '10', '2']","[ServerAdministrator_72,Snmpd_226,ServerAdministrator_72,Snmpd_226]","[Initialize_291,Receiving_748,ReturningTo_290,Receiving_748]","[none_526,none_1082,normal_525,none_1082]"
66,78017,"['9', '2', '10', '2', '9', '2', '10', '2', '9', '2', '10', '2', '9', '2', '10', '2', '9', '2', '10', '2']","[ServerAdministrator_72,Snmpd_226,ServerAdministrator_72,Snmpd_226,ServerAdministrator_72,Snmpd_226,ServerAdministrator_72,Snmpd_226,ServerAdministrator_72,Snmpd_226,ServerAdministrator_72,Snmpd_226,ServerAdministrator_72,Snmpd_226,ServerAdministrator_72,Snmpd_226,ServerAdministrator_72,Snmpd_226,ServerAdministrator_72,Snmpd_226]","[Initialize_291,Receiving_748,ReturningTo_290,Receiving_748,Initialize_291,Receiving_748,ReturningTo_290,Receiving_748,Initialize_291,Receiving_748,ReturningTo_290,Receiving_748,Initialize_291,Receiving_748,ReturningTo_290,Receiving_748,Initialize_291,Receiving_748,ReturningTo_290,Receiving_748]","[none_526,none_1082,normal_525,none_1082,none_526,none_1082,normal_525,none_1082,none_526,none_1082,normal_525,none_1082,none_526,none_1082,normal_525,none_1082,none_526,none_1082,normal_525,none_1082]"
67,31456,"['1', '1', '5', '5', '1', '1', '5', '5', '1', '1', '5', '5', '1', '1', '5', '5']","[User_80,User_80,Sshd_228,Sshd_228,User_80,User_80,Sshd_228,Sshd_228,User_80,User_80,Sshd_228,Sshd_228,User_80,User_80,Sshd_228,Sshd_228]","[Opened_309,Opened_309,Connecting_786,Connecting_786,Opened_309,Opened_309,Connecting_786,Connecting_786,Opened_309,Opened_309,Connecting_786,Connecting_786,Opened_309,Opened_309,Connecting_786,Connecting_786]","[none_545,none_545,none_1134,none_1134,none_545,none_545,none_1134,none_1134,none_545,none_545,none_1134,none_1134,none_545,none_545,none_1134,none_1134]"
68,92830,"['1', '8', '29', '42', '4', '45', '46']","[User_80,Crond_94,Sendmail_222,Sendmail_222,User_80,Sendmail_222,Sendmail_222]","[Opened_309,Register_340,Retrying_704,UnableToQualifyDomainName_719,Register_307,SendingEmail_715,Start_709]","[none_545,none_582,unknown_1029,error_1048,none_543,none_1044,deferred_1035]"
69,65516,"['4', '1', '8']","[User_80,User_80,Crond_94]","[Register_307,Opened_309,Register_340]","[none_543,none_545,none_582]"
70,81245,"['10', '2', '9', '2', '10', '2']","[ServerAdministrator_72,Snmpd_226,ServerAdministrator_72,Snmpd_226,ServerAdministrator_72,Snmpd_226]","[ReturningTo_290,Receiving_748,Initialize_291,Receiving_748,ReturningTo_290,Receiving_748]","[normal_525,none_1082,none_526,none_1082,normal_525,none_1082]"
71,22965,"['9', '2', '10', '2', '9', '2', '10', '2', '9', '2']","[ServerAdministrator_72,Snmpd_226,ServerAdministrator_72,Snmpd_226,ServerAdministrator_72,Snmpd_226,ServerAdministrator_72,Snmpd_226,ServerAdministrator_72,Snmpd_226]","[Initialize_291,Receiving_748,ReturningTo_290,Receiving_748,Initialize_291,Receiving_748,ReturningTo_290,Receiving_748,Initialize_291,Receiving_748]","[none_526,none_1082,normal_525,none_1082,none_526,none_1082,normal_525,none_1082,none_526,none_1082]"
72,88751,"['10', '2', '9', '2']","[ServerAdministrator_72,Snmpd_226,ServerAdministrator_72,Snmpd_226]","[ReturningTo_290,Receiving_748,Initialize_291,Receiving_748]","[normal_525,none_1082,none_526,none_1082]"
73,95661,"['9', '2', '10', '2', '9', '2', '10', '2']","[ServerAdministrator_72,Snmpd_226,ServerAdministrator_72,Snmpd_226,ServerAdministrator_72,Snmpd_226,ServerAdministrator_72,Snmpd_226]","[Initialize_291,Receiving_748,ReturningTo_290,Receiving_748,Initialize_291,Receiving_748,ReturningTo_290,Receiving_748]","[none_526,none_1082,normal_525,none_1082,none_526,none_1082,normal_525,none_1082]"
74,48148,"['10', '2', '9', '2', '10', '2']","[ServerAdministrator_72,Snmpd_226,ServerAdministrator_72,Snmpd_226,ServerAdministrator_72,Snmpd_226]","[ReturningTo_290,Receiving_748,Initialize_291,Receiving_748,ReturningTo_290,Receiving_748]","[normal_525,none_1082,none_526,none_1082,normal_525,none_1082]"
75,46446,"['10', '2', '9', '2', '10', '2', '9', '2', '10', '2', '9', '2']","[ServerAdministrator_72,Snmpd_226,ServerAdministrator_72,Snmpd_226,ServerAdministrator_72,Snmpd_226,ServerAdministrator_72,Snmpd_226,ServerAdministrator_72,Snmpd_226,ServerAdministrator_72,Snmpd_226]","[ReturningTo_290,Receiving_748,Initialize_291,Receiving_748,ReturningTo_290,Receiving_748,Initialize_291,Receiving_748,ReturningTo_290,Receiving_748,Initialize_291,Receiving_748]","[normal_525,none_1082,none_526,none_1082,normal_525,none_1082,none_526,none_1082,normal_525,none_1082,none_526,none_1082]"
76,81232,"['10', '2', '9', '2', '10', '2', '9', '2']","[ServerAdministrator_72,Snmpd_226,ServerAdministrator_72,Snmpd_226,ServerAdministrator_72,Snmpd_226,ServerAdministrator_72,Snmpd_226]","[ReturningTo_290,Receiving_748,Initialize_291,Receiving_748,ReturningTo_290,Receiving_748,Initialize_291,Receiving_748]","[normal_525,none_1082,none_526,none_1082,normal_525,none_1082,none_526,none_1082]"
77,94133,"['1', '8', '29', '42', '4', '45', '46']","[User_80,Crond_94,Sendmail_222,Sendmail_222,User_80,Sendmail_222,Sendmail_222]","[Opened_309,Register_340,Retrying_704,UnableToQualifyDomainName_719,Register_307,SendingEmail_715,Start_709]","[none_545,none_582,unknown_1029,error_1048,none_543,none_1044,deferred_1035]"
78,63058,"['10', '2', '9', '2', '10', '2']","[ServerAdministrator_72,Snmpd_226,ServerAdministrator_72,Snmpd_226,ServerAdministrator_72,Snmpd_226]","[ReturningTo_290,Receiving_748,Initialize_291,Receiving_748,ReturningTo_290,Receiving_748]","[normal_525,none_1082,none_526,none_1082,normal_525,none_1082]"
79,83422,"['10', '2', '9', '2', '10', '2', '9', '2', '10', '2', '9', '2']","[ServerAdministrator_72,Snmpd_226,ServerAdministrator_72,Snmpd_226,ServerAdministrator_72,Snmpd_226,ServerAdministrator_72,Snmpd_226,ServerAdministrator_72,Snmpd_226,ServerAdministrator_72,Snmpd_226]","[ReturningTo_290,Receiving_748,Initialize_291,Receiving_748,ReturningTo_290,Receiving_748,Initialize_291,Receiving_748,ReturningTo_290,Receiving_748,Initialize_291,Receiving_748]","[normal_525,none_1082,none_526,none_1082,normal_525,none_1082,none_526,none_1082,normal_525,none_1082,none_526,none_1082]"
80,28884,"['9', '2', '10', '2', '9', '2', '10', '2', '9', '2', '10', '2']","[ServerAdministrator_72,Snmpd_226,ServerAdministrator_72,Snmpd_226,ServerAdministrator_72,Snmpd_226,ServerAdministrator_72,Snmpd_226,ServerAdministrator_72,Snmpd_226,ServerAdministrator_72,Snmpd_226]","[Initialize_291,Receiving_748,ReturningTo_290,Receiving_748,Initialize_291,Receiving_748,ReturningTo_290,Receiving_748,Initialize_291,Receiving_748,ReturningTo_290,Receiving_748]","[none_526,none_1082,normal_525,none_1082,none_526,none_1082,normal_525,none_1082,none_526,none_1082,normal_525,none_1082]"
81,62513,"['10', '2', '9', '2', '10', '2', '9', '2', '10', '2', '9', '2', '10', '2', '9', '2', '10', '2', '9', '2', '10', '2']","[ServerAdministrator_72,Snmpd_226,ServerAdministrator_72,Snmpd_226,ServerAdministrator_72,Snmpd_226,ServerAdministrator_72,Snmpd_226,ServerAdministrator_72,Snmpd_226,ServerAdministrator_72,Snmpd_226,ServerAdministrator_72,Snmpd_226,ServerAdministrator_72,Snmpd_226,ServerAdministrator_72,Snmpd_226,ServerAdministrator_72,Snmpd_226,ServerAdministrator_72,Snmpd_226]","[ReturningTo_290,Receiving_748,Initialize_291,Receiving_748,ReturningTo_290,Receiving_748,Initialize_291,Receiving_748,ReturningTo_290,Receiving_748,Initialize_291,Receiving_748,ReturningTo_290,Receiving_748,Initialize_291,Receiving_748,ReturningTo_290,Receiving_748,Initialize_291,Receiving_748,ReturningTo_290,Receiving_748]","[normal_525,none_1082,none_526,none_1082,normal_525,none_1082,none_526,none_1082,normal_525,none_1082,none_526,none_1082,normal_525,none_1082,none_526,none_1082,normal_525,none_1082,none_526,none_1082,normal_525,none_1082]"
82,49252,"['9', '2', '10', '2', '9', '2', '10', '2']","[ServerAdministrator_72,Snmpd_226,ServerAdministrator_72,Snmpd_226,ServerAdministrator_72,Snmpd_226,ServerAdministrator_72,Snmpd_226]","[Initialize_291,Receiving_748,ReturningTo_290,Receiving_748,Initialize_291,Receiving_748,ReturningTo_290,Receiving_748]","[none_526,none_1082,normal_525,none_1082,none_526,none_1082,normal_525,none_1082]"
83,16330,"['31', '31', '31', '87', '259', '35', '269', '257', '267', '103', '177', '31', '177', '167', '187', '31', '173', '31', '298', '34', '312', '168', '168', '31', '31', '190']","[Shutdown_40,Shutdown_40,Shutdown_40,Kernel_43,Panfs_184,Kernel_43,Fsclientcap_123,Rpcs_64,Subdev_231,Kernel_43,Filesystems_115,Shutdown_40,Filesystems_115,Ntpd_178,Ntpd_178,Shutdown_40,Snmpd_226,Shutdown_40,Xinetd_256,Shutdown_40,Signal_25,Kernel_43,Kernel_43,Shutdown_40,Shutdown_40,none_264]","[Configuring_68,Configuring_68,Configuring_68,none_72,Umounting_616,none_72,Scrubbing_407,Returning_267,Startup_790,none_72,Create_392,Configuring_68,Create_392,Shutdown_597,Exiting_598,Configuring_68,ShuttingDown_751,Configuring_68,Exiting_839,Configuring_68,Un-registeringAndExiting_51,none_72,none_72,Configuring_68,Configuring_68,Register_849]","[none_89,none_89,none_89,none_157,none_929,none_165,starting_665,none_492,done_1138,none_156,none_646,none_89,none_646,none_908,none_909,none_89,none_1085,none_89,none_1195,none_88,none_71,none_94,none_94,none_89,none_89,signal_1205]"
84,54271,"['18', '1', '5']","[Ntpd_178,User_80,Sshd_228]","[Synchronized_589,Opened_309,Connecting_786]","[none_897,none_545,none_1134]"
85,29836,"['1', '5', '9', '2', '10', '2', '9', '2', '10', '2', '9', '2', '10', '2', '9', '2', '10', '2']","[User_80,Sshd_228,ServerAdministrator_72,Snmpd_226,ServerAdministrator_72,Snmpd_226,ServerAdministrator_72,Snmpd_226,ServerAdministrator_72,Snmpd_226,ServerAdministrator_72,Snmpd_226,ServerAdministrator_72,Snmpd_226,ServerAdministrator_72,Snmpd_226,ServerAdministrator_72,Snmpd_226]","[Opened_309,Connecting_786,Initialize_291,Receiving_748,ReturningTo_290,Receiving_748,Initialize_291,Receiving_748,ReturningTo_290,Receiving_748,Initialize_291,Receiving_748,ReturningTo_290,Receiving_748,Initialize_291,Receiving_748,ReturningTo_290,Receiving_748]","[none_545,none_1134,none_526,none_1082,normal_525,none_1082,none_526,none_1082,normal_525,none_1082,none_526,none_1082,normal_525,none_1082,none_526,none_1082,normal_525,none_1082]"
86,81471,"['9', '2', '10', '2', '9', '2', '10', '2', '9', '2', '10', '2', '9', '2', '10', '2']","[ServerAdministrator_72,Snmpd_226,ServerAdministrator_72,Snmpd_226,ServerAdministrator_72,Snmpd_226,ServerAdministrator_72,Snmpd_226,ServerAdministrator_72,Snmpd_226,ServerAdministrator_72,Snmpd_226,ServerAdministrator_72,Snmpd_226,ServerAdministrator_72,Snmpd_226]","[Initialize_291,Receiving_748,ReturningTo_290,Receiving_748,Initialize_291,Receiving_748,ReturningTo_290,Receiving_748,Initialize_291,Receiving_748,ReturningTo_290,Receiving_748,Initialize_291,Receiving_748,ReturningTo_290,Receiving_748]","[none_526,none_1082,normal_525,none_1082,none_526,none_1082,normal_525,none_1082,none_526,none_1082,normal_525,none_1082,none_526,none_1082,normal_525,none_1082]"
87,89141,"['9', '2', '10', '2', '9', '2', '10', '2', '9', '2', '10', '2', '9', '2', '10', '2', '9', '2', '10', '2']","[ServerAdministrator_72,Snmpd_226,ServerAdministrator_72,Snmpd_226,ServerAdministrator_72,Snmpd_226,ServerAdministrator_72,Snmpd_226,ServerAdministrator_72,Snmpd_226,ServerAdministrator_72,Snmpd_226,ServerAdministrator_72,Snmpd_226,ServerAdministrator_72,Snmpd_226,ServerAdministrator_72,Snmpd_226,ServerAdministrator_72,Snmpd_226]","[Initialize_291,Receiving_748,ReturningTo_290,Receiving_748,Initialize_291,Receiving_748,ReturningTo_290,Receiving_748,Initialize_291,Receiving_748,ReturningTo_290,Receiving_748,Initialize_291,Receiving_748,ReturningTo_290,Receiving_748,Initialize_291,Receiving_748,ReturningTo_290,Receiving_748]","[none_526,none_1082,normal_525,none_1082,none_526,none_1082,normal_525,none_1082,none_526,none_1082,normal_525,none_1082,none_526,none_1082,normal_525,none_1082,none_526,none_1082,normal_525,none_1082]"
88,71301,"['9', '2', '10', '2', '9', '2', '10', '2', '9', '2', '10', '2', '9', '2', '10', '2', '9', '2']","[ServerAdministrator_72,Snmpd_226,ServerAdministrator_72,Snmpd_226,ServerAdministrator_72,Snmpd_226,ServerAdministrator_72,Snmpd_226,ServerAdministrator_72,Snmpd_226,ServerAdministrator_72,Snmpd_226,ServerAdministrator_72,Snmpd_226,ServerAdministrator_72,Snmpd_226,ServerAdministrator_72,Snmpd_226]","[Initialize_291,Receiving_748,ReturningTo_290,Receiving_748,Initialize_291,Receiving_748,ReturningTo_290,Receiving_748,Initialize_291,Receiving_748,ReturningTo_290,Receiving_748,Initialize_291,Receiving_748,ReturningTo_290,Receiving_748,Initialize_291,Receiving_748]","[none_526,none_1082,normal_525,none_1082,none_526,none_1082,normal_525,none_1082,none_526,none_1082,normal_525,none_1082,none_526,none_1082,normal_525,none_1082,none_526,none_1082]"
89,68637,"['4', '1', '8']","[User_80,User_80,Crond_94]","[Register_307,Opened_309,Register_340]","[none_543,none_545,none_582]"
90,65642,"['4', '1', '8']","[User_80,User_80,Crond_94]","[Register_307,Opened_309,Register_340]","[none_543,none_545,none_582]"
91,68703,"['4', '1', '8']","[User_80,User_80,Crond_94]","[Register_307,Opened_309,Register_340]","[none_543,none_545,none_582]"
92,86050,"['9', '2', '10', '2', '9', '2', '10', '2', '9', '2', '10', '2']","[ServerAdministrator_72,Snmpd_226,ServerAdministrator_72,Snmpd_226,ServerAdministrator_72,Snmpd_226,ServerAdministrator_72,Snmpd_226,ServerAdministrator_72,Snmpd_226,ServerAdministrator_72,Snmpd_226]","[Initialize_291,Receiving_748,ReturningTo_290,Receiving_748,Initialize_291,Receiving_748,ReturningTo_290,Receiving_748,Initialize_291,Receiving_748,ReturningTo_290,Receiving_748]","[none_526,none_1082,normal_525,none_1082,none_526,none_1082,normal_525,none_1082,none_526,none_1082,normal_525,none_1082]"
93,18050,"['9', '2', '10', '2', '9', '2', '10', '2', '9', '2', '10', '2']","[ServerAdministrator_72,Snmpd_226,ServerAdministrator_72,Snmpd_226,ServerAdministrator_72,Snmpd_226,ServerAdministrator_72,Snmpd_226,ServerAdministrator_72,Snmpd_226,ServerAdministrator_72,Snmpd_226]","[Initialize_291,Receiving_748,ReturningTo_290,Receiving_748,Initialize_291,Receiving_748,ReturningTo_290,Receiving_748,Initialize_291,Receiving_748,ReturningTo_290,Receiving_748]","[none_526,none_1082,normal_525,none_1082,none_526,none_1082,normal_525,none_1082,none_526,none_1082,normal_525,none_1082]"
94,37209,"['1', '1', '5', '5', '1', '1', '5', '5', '1', '1', '5', '5', '1', '1', '5', '5']","[User_80,User_80,Sshd_228,Sshd_228,User_80,User_80,Sshd_228,Sshd_228,User_80,User_80,Sshd_228,Sshd_228,User_80,User_80,Sshd_228,Sshd_228]","[Opened_309,Opened_309,Connecting_786,Connecting_786,Opened_309,Opened_309,Connecting_786,Connecting_786,Opened_309,Opened_309,Connecting_786,Connecting_786,Opened_309,Opened_309,Connecting_786,Connecting_786]","[none_545,none_545,none_1134,none_1134,none_545,none_545,none_1134,none_1134,none_545,none_545,none_1134,none_1134,none_545,none_545,none_1134,none_1134]"
95,92890,"['1', '8', '29', '42', '4', '45', '46']","[User_80,Crond_94,Sendmail_222,Sendmail_222,User_80,Sendmail_222,Sendmail_222]","[Opened_309,Register_340,Retrying_704,UnableToQualifyDomainName_719,Register_307,SendingEmail_715,Start_709]","[none_545,none_582,unknown_1029,error_1048,none_543,none_1044,deferred_1035]"
96,93409,"['1', '8', '29', '42', '4', '45', '46']","[User_80,Crond_94,Sendmail_222,Sendmail_222,User_80,Sendmail_222,Sendmail_222]","[Opened_309,Register_340,Retrying_704,UnableToQualifyDomainName_719,Register_307,SendingEmail_715,Start_709]","[none_545,none_582,unknown_1029,error_1048,none_543,none_1044,deferred_1035]"
97,70344,"['9', '2', '10', '2']","[ServerAdministrator_72,Snmpd_226,ServerAdministrator_72,Snmpd_226]","[Initialize_291,Receiving_748,ReturningTo_290,Receiving_748]","[none_526,none_1082,normal_525,none_1082]"
98,72748,"['9', '2', '10', '2', '9', '2', '10', '2', '9', '2', '10', '2', '9', '2', '10', '2', '9', '2', '10', '2', '9', '2', '10', '2']","[ServerAdministrator_72,Snmpd_226,ServerAdministrator_72,Snmpd_226,ServerAdministrator_72,Snmpd_226,ServerAdministrator_72,Snmpd_226,ServerAdministrator_72,Snmpd_226,ServerAdministrator_72,Snmpd_226,ServerAdministrator_72,Snmpd_226,ServerAdministrator_72,Snmpd_226,ServerAdministrator_72,Snmpd_226,ServerAdministrator_72,Snmpd_226,ServerAdministrator_72,Snmpd_226,ServerAdministrator_72,Snmpd_226]","[Initialize_291,Receiving_748,ReturningTo_290,Receiving_748,Initialize_291,Receiving_748,ReturningTo_290,Receiving_748,Initialize_291,Receiving_748,ReturningTo_290,Receiving_748,Initialize_291,Receiving_748,ReturningTo_290,Receiving_748,Initialize_291,Receiving_748,ReturningTo_290,Receiving_748,Initialize_291,Receiving_748,ReturningTo_290,Receiving_748]","[none_526,none_1082,normal_525,none_1082,none_526,none_1082,normal_525,none_1082,none_526,none_1082,normal_525,none_1082,none_526,none_1082,normal_525,none_1082,none_526,none_1082,normal_525,none_1082,none_526,none_1082,normal_525,none_1082]"
99,45377,"['9', '2', '10', '2', '9', '2', '10', '2', '9', '2', '10', '2', '9', '2', '10', '2']","[ServerAdministrator_72,Snmpd_226,ServerAdministrator_72,Snmpd_226,ServerAdministrator_72,Snmpd_226,ServerAdministrator_72,Snmpd_226,ServerAdministrator_72,Snmpd_226,ServerAdministrator_72,Snmpd_226,ServerAdministrator_72,Snmpd_226,ServerAdministrator_72,Snmpd_226]","[Initialize_291,Receiving_748,ReturningTo_290,Receiving_748,Initialize_291,Receiving_748,ReturningTo_290,Receiving_748,Initialize_291,Receiving_748,ReturningTo_290,Receiving_748,Initialize_291,Receiving_748,ReturningTo_290,Receiving_748]","[none_526,none_1082,normal_525,none_1082,none_526,none_1082,normal_525,none_1082,none_526,none_1082,normal_525,none_1082,none_526,none_1082,normal_525,none_1082]"
100,98865,"['3', '3', '3', '3', '3', '3', '3', '3', '3', '3', '3', '3', '3', '3', '3', '3', '3', '3', '3', '3', '3', '3', '3', '3', '3', '3', '3', '3', '3', '3', '3', '3', '3', '3', '3', '3', '3', '3', '3', '3', '3', '3', '3', '3', '3', '3', '3', '3', '3', '3', '3', '3', '3', '3', '3', '3', '3', '3', '3', '3', '3', '3', '3', '3', '3', '3', '3', '3', '3', '3', '3', '3', '3', '4', '1', '8', '3', '3', '3', '3', '3', '3', '3', '3', '3', '3', '3', '3', '3', '3', '3', '3', '3', '3', '3', '3', '3', '3', '3', '3', '3', '3', '3', '3', '3', '3', '3', '3', '3', '3', '3', '3', '3', '3', '3', '3', '3', '3', '3', '3', '3', '3', '3', '3', '3', '3', '3', '3', '3', '3', '3', '3', '3', '3', '3', '3', '3', '3', '3', '3', '3', '3', '3', '3', '3', '3', '3', '3', '3', '3', '3', '3', '3', '3', '3', '3', '3', '3', '3', '3', '3', '3', '3', '3', '3', '3', '3', '3', '3', '3', '3', '3', '3', '3', '3', '3', '3', '3', '3', '3', '3', '3', '3', '3', '3', '3', '3', '3', '3', '3', '3', '3', '3', '3', '3', '3', '3', '3', '3', '3', '3', '3', '3', '3', '3', '3', '3', '3', '3', '3', '3', '3', '3', '3', '3', '3', '3', '3', '3', '3', '3', '3', '3', '3', '3', '3', '3', '3', '3', '3', '3', '3', '3', '3', '3', '3', '3', '3', '3', '3', '3', '3', '3', '3', '3', '3', '3', '3', '3', '3', '3', '3', '3', '3', '3', '3']","[Datasource_97,Datasource_97,Datasource_97,Datasource_97,Datasource_97,Datasource_97,Datasource_97,Datasource_97,Datasource_97,Datasource_97,Datasource_97,Datasource_97,Datasource_97,Datasource_97,Datasource_97,Datasource_97,Datasource_97,Datasource_97,Datasource_97,Datasource_97,Datasource_97,Datasource_97,Datasource_97,Datasource_97,Datasource_97,Datasource_97,Datasource_97,Datasource_97,Datasource_97,Datasource_97,Datasource_97,Datasource_97,Datasource_97,Datasource_97,Datasource_97,Datasource_97,Datasource_97,Datasource_97,Datasource_97,Datasource_97,Datasource_97,Datasource_97,Datasource_97,Datasource_97,Datasource_97,Datasource_97,Datasource_97,Datasource_97,Datasource_97,Datasource_97,Datasource_97,Datasource_97,Datasource_97,Datasource_97,Datasource_97,Datasource_97,Datasource_97,Datasource_97,Datasource_97,Datasource_97,Datasource_97,Datasource_97,Datasource_97,Datasource_97,Datasource_97,Datasource_97,Datasource_97,Datasource_97,Datasource_97,Datasource_97,Datasource_97,Datasource_97,Datasource_97,User_80,User_80,Crond_94,Datasource_97,Datasource_97,Datasource_97,Datasource_97,Datasource_97,Datasource_97,Datasource_97,Datasource_97,Datasource_97,Datasource_97,Datasource_97,Datasource_97,Datasource_97,Datasource_97,Datasource_97,Datasource_97,Datasource_97,Datasource_97,Datasource_97,Datasource_97,Datasource_97,Datasource_97,Datasource_97,Datasource_97,Datasource_97,Datasource_97,Datasource_97,Datasource_97,Datasource_97,Datasource_97,Datasource_97,Datasource_97,Datasource_97,Datasource_97,Datasource_97,Datasource_97,Datasource_97,Datasource_97,Datasource_97,Datasource_97,Datasource_97,Datasource_97,Datasource_97,Datasource_97,Datasource_97,Datasource_97,Datasource_97,Datasource_97,Datasource_97,Datasource_97,Datasource_97,Datasource_97,Datasource_97,Datasource_97,Datasource_97,Datasource_97,Datasource_97,Datasource_97,Datasource_97,Datasource_97,Datasource_97,Datasource_97,Datasource_97,Datasource_97,Datasource_97,Datasource_97,Datasource_97,Datasource_97,Datasource_97,Datasource_97,Datasource_97,Datasource_97,Datasource_97,Datasource_97,Datasource_97,Datasource_97,Datasource_97,Datasource_97,Datasource_97,Datasource_97,Datasource_97,Datasource_97,Datasource_97,Datasource_97,Datasource_97,Datasource_97,Datasource_97,Datasource_97,Datasource_97,Datasource_97,Datasource_97,Datasource_97,Datasource_97,Datasource_97,Datasource_97,Datasource_97,Datasource_97,Datasource_97,Datasource_97,Datasource_97,Datasource_97,Datasource_97,Datasource_97,Datasource_97,Datasource_97,Datasource_97,Datasource_97,Datasource_97,Datasource_97,Datasource_97,Datasource_97,Datasource_97,Datasource_97,Datasource_97,Datasource_97,Datasource_97,Datasource_97,Datasource_97,Datasource_97,Datasource_97,Datasource_97,Datasource_97,Datasource_97,Datasource_97,Datasource_97,Datasource_97,Datasource_97,Datasource_97,Datasource_97,Datasource_97,Datasource_97,Datasource_97,Datasource_97,Datasource_97,Datasource_97,Datasource_97,Datasource_97,Datasource_97,Datasource_97,Datasource_97,Datasource_97,Datasource_97,Datasource_97,Datasource_97,Datasource_97,Datasource_97,Datasource_97,Datasource_97,Datasource_97,Datasource_97,Datasource_97,Datasource_97,Datasource_97,Datasource_97,Datasource_97,Datasource_97,Datasource_97,Datasource_97,Datasource_97,Datasource_97,Datasource_97,Datasource_97,Datasource_97,Datasource_97,Datasource_97,Datasource_97,Datasource_97,Datasource_97,Datasource_97,Datasource_97,Datasource_97,Datasource_97,Datasource_97,Datasource_97,Datasource_97,Datasource_97,Datasource_97,Datasource_97,Datasource_97,Datasource_97]","[none_348,none_348,none_348,none_348,none_348,none_348,none_348,none_348,none_348,none_348,none_348,none_348,none_348,none_348,none_348,none_348,none_348,none_348,none_348,none_348,none_348,none_348,none_348,none_348,none_348,none_348,none_348,none_348,none_348,none_348,none_348,none_348,none_348,none_348,none_348,none_348,none_348,none_348,none_348,none_348,none_348,none_348,none_348,none_348,none_348,none_348,none_348,none_348,none_348,none_348,none_348,none_348,none_348,none_348,none_348,none_348,none_348,none_348,none_348,none_348,none_348,none_348,none_348,none_348,none_348,none_348,none_348,none_348,none_348,none_348,none_348,none_348,none_348,Register_307,Opened_309,Register_340,none_348,none_348,none_348,none_348,none_348,none_348,none_348,none_348,none_348,none_348,none_348,none_348,none_348,none_348,none_348,none_348,none_348,none_348,none_348,none_348,none_348,none_348,none_348,none_348,none_348,none_348,none_348,none_348,none_348,none_348,none_348,none_348,none_348,none_348,none_348,none_348,none_348,none_348,none_348,none_348,none_348,none_348,none_348,none_348,none_348,none_348,none_348,none_348,none_348,none_348,none_348,none_348,none_348,none_348,none_348,none_348,none_348,none_348,none_348,none_348,none_348,none_348,none_348,none_348,none_348,none_348,none_348,none_348,none_348,none_348,none_348,none_348,none_348,none_348,none_348,none_348,none_348,none_348,none_348,none_348,none_348,none_348,none_348,none_348,none_348,none_348,none_348,none_348,none_348,none_348,none_348,none_348,none_348,none_348,none_348,none_348,none_348,none_348,none_348,none_348,none_348,none_348,none_348,none_348,none_348,none_348,none_348,none_348,none_348,none_348,none_348,none_348,none_348,none_348,none_348,none_348,none_348,none_348,none_348,none_348,none_348,none_348,none_348,none_348,none_348,none_348,none_348,none_348,none_348,none_348,none_348,none_348,none_348,none_348,none_348,none_348,none_348,none_348,none_348,none_348,none_348,none_348,none_348,none_348,none_348,none_348,none_348,none_348,none_348,none_348,none_348,none_348,none_348,none_348,none_348,none_348,none_348,none_348,none_348,none_348,none_348,none_348,none_348,none_348,none_348,none_348,none_348,none_348,none_348,none_348,none_348,none_348,none_348,none_348,none_348,none_348,none_348,none_348,none_348,none_348]","[no answer_590,no answer_590,no answer_590,no answer_590,no answer_590,no answer_590,no answer_590,no answer_590,no answer_590,no answer_590,no answer_590,no answer_590,no answer_590,no answer_590,no answer_590,no answer_590,no answer_590,no answer_590,no answer_590,no answer_590,no answer_590,no answer_590,no answer_590,no answer_590,no answer_590,no answer_590,no answer_590,no answer_590,no answer_590,no answer_590,no answer_590,no answer_590,no answer_590,no answer_590,no answer_590,no answer_590,no answer_590,no answer_590,no answer_590,no answer_590,no answer_590,no answer_590,no answer_590,no answer_590,no answer_590,no answer_590,no answer_590,no answer_590,no answer_590,no answer_590,no answer_590,no answer_590,no answer_590,no answer_590,no answer_590,no answer_590,no answer_590,no answer_590,no answer_590,no answer_590,no answer_590,no answer_590,no answer_590,no answer_590,no answer_590,no answer_590,no answer_590,no answer_590,no answer_590,no answer_590,no answer_590,no answer_590,no answer_590,none_543,none_545,none_582,no answer_590,no answer_590,no answer_590,no answer_590,no answer_590,no answer_590,no answer_590,no answer_590,no answer_590,no answer_590,no answer_590,no answer_590,no answer_590,no answer_590,no answer_590,no answer_590,no answer_590,no answer_590,no answer_590,no answer_590,no answer_590,no answer_590,no answer_590,no answer_590,no answer_590,no answer_590,no answer_590,no answer_590,no answer_590,no answer_590,no answer_590,no answer_590,no answer_590,no answer_590,no answer_590,no answer_590,no answer_590,no answer_590,no answer_590,no answer_590,no answer_590,no answer_590,no answer_590,no answer_590,no answer_590,no answer_590,no answer_590,no answer_590,no answer_590,no answer_590,no answer_590,no answer_590,no answer_590,no answer_590,no answer_590,no answer_590,no answer_590,no answer_590,no answer_590,no answer_590,no answer_590,no answer_590,no answer_590,no answer_590,no answer_590,no answer_590,no answer_590,no answer_590,no answer_590,no answer_590,no answer_590,no answer_590,no answer_590,no answer_590,no answer_590,no answer_590,no answer_590,no answer_590,no answer_590,no answer_590,no answer_590,no answer_590,no answer_590,no answer_590,no answer_590,no answer_590,no answer_590,no answer_590,no answer_590,no answer_590,no answer_590,no answer_590,no answer_590,no answer_590,no answer_590,no answer_590,no answer_590,no answer_590,no answer_590,no answer_590,no answer_590,no answer_590,no answer_590,no answer_590,no answer_590,no answer_590,no answer_590,no answer_590,no answer_590,no answer_590,no answer_590,no answer_590,no answer_590,no answer_590,no answer_590,no answer_590,no answer_590,no answer_590,no answer_590,no answer_590,no answer_590,no answer_590,no answer_590,no answer_590,no answer_590,no answer_590,no answer_590,no answer_590,no answer_590,no answer_590,no answer_590,no answer_590,no answer_590,no answer_590,no answer_590,no answer_590,no answer_590,no answer_590,no answer_590,no answer_590,no answer_590,no answer_590,no answer_590,no answer_590,no answer_590,no answer_590,no answer_590,no answer_590,no answer_590,no answer_590,no answer_590,no answer_590,no answer_590,no answer_590,no answer_590,no answer_590,no answer_590,no answer_590,no answer_590,no answer_590,no answer_590,no answer_590,no answer_590,no answer_590,no answer_590,no answer_590,no answer_590,no answer_590,no answer_590,no answer_590,no answer_590,no answer_590,no answer_590,no answer_590,no answer_590,no answer_590,no answer_590,no answer_590,no answer_590,no answer_590]"
101,74100,"['10', '2', '9', '2', '10', '2', '9', '2']","[ServerAdministrator_72,Snmpd_226,ServerAdministrator_72,Snmpd_226,ServerAdministrator_72,Snmpd_226,ServerAdministrator_72,Snmpd_226]","[ReturningTo_290,Receiving_748,Initialize_291,Receiving_748,ReturningTo_290,Receiving_748,Initialize_291,Receiving_748]","[normal_525,none_1082,none_526,none_1082,normal_525,none_1082,none_526,none_1082]"
102,73796,"['10', '2', '9', '2', '10', '2', '9', '2', '10', '2', '9', '2', '10', '2', '9', '2', '10', '2', '9', '2']","[ServerAdministrator_72,Snmpd_226,ServerAdministrator_72,Snmpd_226,ServerAdministrator_72,Snmpd_226,ServerAdministrator_72,Snmpd_226,ServerAdministrator_72,Snmpd_226,ServerAdministrator_72,Snmpd_226,ServerAdministrator_72,Snmpd_226,ServerAdministrator_72,Snmpd_226,ServerAdministrator_72,Snmpd_226,ServerAdministrator_72,Snmpd_226]","[ReturningTo_290,Receiving_748,Initialize_291,Receiving_748,ReturningTo_290,Receiving_748,Initialize_291,Receiving_748,ReturningTo_290,Receiving_748,Initialize_291,Receiving_748,ReturningTo_290,Receiving_748,Initialize_291,Receiving_748,ReturningTo_290,Receiving_748,Initialize_291,Receiving_748]","[normal_525,none_1082,none_526,none_1082,normal_525,none_1082,none_526,none_1082,normal_525,none_1082,none_526,none_1082,normal_525,none_1082,none_526,none_1082,normal_525,none_1082,none_526,none_1082]"
103,84362,"['40', '48', '40', '40', '48', '40', '40', '48']","[Dhcpd_106,Dhcpd_106,Dhcpd_106,Dhcpd_106,Dhcpd_106,Dhcpd_106,Dhcpd_106,Dhcpd_106]","[none_368,Dhcprequest_373,none_368,none_368,Dhcprequest_373,none_368,none_368,Dhcprequest_373]","[no free leases_615,unknown_623,no free leases_615,no free leases_615,unknown_623,no free leases_615,no free leases_615,unknown_623]"
104,87895,"['9', '2', '10', '2', '9', '2', '10', '2']","[ServerAdministrator_72,Snmpd_226,ServerAdministrator_72,Snmpd_226,ServerAdministrator_72,Snmpd_226,ServerAdministrator_72,Snmpd_226]","[Initialize_291,Receiving_748,ReturningTo_290,Receiving_748,Initialize_291,Receiving_748,ReturningTo_290,Receiving_748]","[none_526,none_1082,normal_525,none_1082,none_526,none_1082,normal_525,none_1082]"
105,51404,"['10', '2', '9', '2', '10', '2']","[ServerAdministrator_72,Snmpd_226,ServerAdministrator_72,Snmpd_226,ServerAdministrator_72,Snmpd_226]","[ReturningTo_290,Receiving_748,Initialize_291,Receiving_748,ReturningTo_290,Receiving_748]","[normal_525,none_1082,none_526,none_1082,normal_525,none_1082]"
106,37534,"['1', '5', '1', '1', '5', '5', '1', '1', '5', '5', '1', '1', '5', '5', '1', '1', '5', '5']","[User_80,Sshd_228,User_80,User_80,Sshd_228,Sshd_228,User_80,User_80,Sshd_228,Sshd_228,User_80,User_80,Sshd_228,Sshd_228,User_80,User_80,Sshd_228,Sshd_228]","[Opened_309,Connecting_786,Opened_309,Opened_309,Connecting_786,Connecting_786,Opened_309,Opened_309,Connecting_786,Connecting_786,Opened_309,Opened_309,Connecting_786,Connecting_786,Opened_309,Opened_309,Connecting_786,Connecting_786]","[none_545,none_1134,none_545,none_545,none_1134,none_1134,none_545,none_545,none_1134,none_1134,none_545,none_545,none_1134,none_1134,none_545,none_545,none_1134,none_1134]"
107,34598,"['1', '8', '29', '45', '46', '42', '47', '4']","[User_80,Crond_94,Sendmail_222,Sendmail_222,Sendmail_222,Sendmail_222,Anacron_84,User_80]","[Opened_309,Register_340,Retrying_704,SendingEmail_715,Start_709,UnableToQualifyDomainName_719,UpdateTimestamp_319,Register_307]","[none_545,none_582,unknown_1029,none_1044,deferred_1035,error_1048,none_555,none_543]"
108,59172,"['18', '1', '5']","[Ntpd_178,User_80,Sshd_228]","[Synchronized_589,Opened_309,Connecting_786]","[none_897,none_545,none_1134]"
109,45251,"['10', '2', '9', '2']","[ServerAdministrator_72,Snmpd_226,ServerAdministrator_72,Snmpd_226]","[ReturningTo_290,Receiving_748,Initialize_291,Receiving_748]","[normal_525,none_1082,none_526,none_1082]"
110,65737,"['4', '1', '8', '1', '8', '29', '45', '46', '42', '47', '4']","[User_80,User_80,Crond_94,User_80,Crond_94,Sendmail_222,Sendmail_222,Sendmail_222,Sendmail_222,Anacron_84,User_80]","[Register_307,Opened_309,Register_340,Opened_309,Register_340,Retrying_704,SendingEmail_715,Start_709,UnableToQualifyDomainName_719,UpdateTimestamp_319,Register_307]","[none_543,none_545,none_582,none_545,none_582,unknown_1029,none_1044,deferred_1035,error_1048,none_555,none_543]"
111,91529,"['10', '2', '9', '2', '10', '2', '9', '2']","[ServerAdministrator_72,Snmpd_226,ServerAdministrator_72,Snmpd_226,ServerAdministrator_72,Snmpd_226,ServerAdministrator_72,Snmpd_226]","[ReturningTo_290,Receiving_748,Initialize_291,Receiving_748,ReturningTo_290,Receiving_748,Initialize_291,Receiving_748]","[normal_525,none_1082,none_526,none_1082,normal_525,none_1082,none_526,none_1082]"
112,14738,"['164', '166', '1', '5', '31', '177', '167', '187', '31', '173', '31', '298', '34', '312', '168', '168', '31', '31', '190', '31']","[Init_137,System_236,User_80,Sshd_228,Shutdown_40,Filesystems_115,Ntpd_178,Ntpd_178,Shutdown_40,Snmpd_226,Shutdown_40,Xinetd_256,Shutdown_40,Signal_25,Kernel_43,Kernel_43,Shutdown_40,Shutdown_40,none_264,Shutdown_40]","[To_472,ShuttingDown_808,Opened_309,Connecting_786,Configuring_68,Create_392,Shutdown_597,Exiting_598,Configuring_68,ShuttingDown_751,Configuring_68,Exiting_839,Configuring_68,Un-registeringAndExiting_51,none_72,none_72,Configuring_68,Configuring_68,Register_849,Configuring_68]","[none_741,none_1162,none_545,none_1134,none_89,none_646,none_908,none_909,none_89,none_1085,none_89,none_1195,none_88,none_71,none_94,none_94,none_89,none_89,signal_1205,none_89]"
113,58177,"['9', '2', '10', '2', '9', '2', '10', '2', '9', '2']","[ServerAdministrator_72,Snmpd_226,ServerAdministrator_72,Snmpd_226,ServerAdministrator_72,Snmpd_226,ServerAdministrator_72,Snmpd_226,ServerAdministrator_72,Snmpd_226]","[Initialize_291,Receiving_748,ReturningTo_290,Receiving_748,Initialize_291,Receiving_748,ReturningTo_290,Receiving_748,Initialize_291,Receiving_748]","[none_526,none_1082,normal_525,none_1082,none_526,none_1082,normal_525,none_1082,none_526,none_1082]"
114,66641,"['4', '1', '8']","[User_80,User_80,Crond_94]","[Register_307,Opened_309,Register_340]","[none_543,none_545,none_582]"
115,33158,"['1', '1', '5', '5', '1', '1', '5', '5', '1', '1', '5', '5', '1', '1', '5', '5']","[User_80,User_80,Sshd_228,Sshd_228,User_80,User_80,Sshd_228,Sshd_228,User_80,User_80,Sshd_228,Sshd_228,User_80,User_80,Sshd_228,Sshd_228]","[Opened_309,Opened_309,Connecting_786,Connecting_786,Opened_309,Opened_309,Connecting_786,Connecting_786,Opened_309,Opened_309,Connecting_786,Connecting_786,Opened_309,Opened_309,Connecting_786,Connecting_786]","[none_545,none_545,none_1134,none_1134,none_545,none_545,none_1134,none_1134,none_545,none_545,none_1134,none_1134,none_545,none_545,none_1134,none_1134]"
116,71158,"['9', '2', '10', '2', '9', '2', '10', '2', '9', '2', '10', '2']","[ServerAdministrator_72,Snmpd_226,ServerAdministrator_72,Snmpd_226,ServerAdministrator_72,Snmpd_226,ServerAdministrator_72,Snmpd_226,ServerAdministrator_72,Snmpd_226,ServerAdministrator_72,Snmpd_226]","[Initialize_291,Receiving_748,ReturningTo_290,Receiving_748,Initialize_291,Receiving_748,ReturningTo_290,Receiving_748,Initialize_291,Receiving_748,ReturningTo_290,Receiving_748]","[none_526,none_1082,normal_525,none_1082,none_526,none_1082,normal_525,none_1082,none_526,none_1082,normal_525,none_1082]"
117,79324,"['10', '2', '9', '2', '10', '2', '9', '2', '10', '2', '9', '2', '10', '2', '9', '2']","[ServerAdministrator_72,Snmpd_226,ServerAdministrator_72,Snmpd_226,ServerAdministrator_72,Snmpd_226,ServerAdministrator_72,Snmpd_226,ServerAdministrator_72,Snmpd_226,ServerAdministrator_72,Snmpd_226,ServerAdministrator_72,Snmpd_226,ServerAdministrator_72,Snmpd_226]","[ReturningTo_290,Receiving_748,Initialize_291,Receiving_748,ReturningTo_290,Receiving_748,Initialize_291,Receiving_748,ReturningTo_290,Receiving_748,Initialize_291,Receiving_748,ReturningTo_290,Receiving_748,Initialize_291,Receiving_748]","[normal_525,none_1082,none_526,none_1082,normal_525,none_1082,none_526,none_1082,normal_525,none_1082,none_526,none_1082,normal_525,none_1082,none_526,none_1082]"
118,36864,"['18', '1', '5']","[Ntpd_178,User_80,Sshd_228]","[Synchronized_589,Opened_309,Connecting_786]","[none_897,none_545,none_1134]"
119,11157,"['31', '31', '87', '259', '35', '269', '257', '267', '103', '177', '31', '177', '167', '187', '31', '173', '31', '298', '34', '31', '312', '168', '168', '31', '190']","[Shutdown_40,Shutdown_40,Kernel_43,Panfs_184,Kernel_43,Fsclientcap_123,Rpcs_64,Subdev_231,Kernel_43,Filesystems_115,Shutdown_40,Filesystems_115,Ntpd_178,Ntpd_178,Shutdown_40,Snmpd_226,Shutdown_40,Xinetd_256,Shutdown_40,Shutdown_40,Signal_25,Kernel_43,Kernel_43,Shutdown_40,none_264]","[Configuring_68,Configuring_68,none_72,Umounting_616,none_72,Scrubbing_407,Returning_267,Startup_790,none_72,Create_392,Configuring_68,Create_392,Shutdown_597,Exiting_598,Configuring_68,ShuttingDown_751,Configuring_68,Exiting_839,Configuring_68,Configuring_68,Un-registeringAndExiting_51,none_72,none_72,Configuring_68,Register_849]","[none_89,none_89,none_157,none_929,none_165,starting_665,none_492,done_1138,none_156,none_646,none_89,none_646,none_908,none_909,none_89,none_1085,none_89,none_1195,none_88,none_89,none_71,none_94,none_94,none_89,signal_1205]"
120,65509,"['4', '1', '8']","[User_80,User_80,Crond_94]","[Register_307,Opened_309,Register_340]","[none_543,none_545,none_582]"
121,52825,"['10', '2', '9', '2', '10', '2', '9', '2', '10', '2', '9', '2', '10', '2', '9', '2', '10', '2']","[ServerAdministrator_72,Snmpd_226,ServerAdministrator_72,Snmpd_226,ServerAdministrator_72,Snmpd_226,ServerAdministrator_72,Snmpd_226,ServerAdministrator_72,Snmpd_226,ServerAdministrator_72,Snmpd_226,ServerAdministrator_72,Snmpd_226,ServerAdministrator_72,Snmpd_226,ServerAdministrator_72,Snmpd_226]","[ReturningTo_290,Receiving_748,Initialize_291,Receiving_748,ReturningTo_290,Receiving_748,Initialize_291,Receiving_748,ReturningTo_290,Receiving_748,Initialize_291,Receiving_748,ReturningTo_290,Receiving_748,Initialize_291,Receiving_748,ReturningTo_290,Receiving_748]","[normal_525,none_1082,none_526,none_1082,normal_525,none_1082,none_526,none_1082,normal_525,none_1082,none_526,none_1082,normal_525,none_1082,none_526,none_1082,normal_525,none_1082]"
122,28738,"['10', '2', '9', '2']","[ServerAdministrator_72,Snmpd_226,ServerAdministrator_72,Snmpd_226]","[ReturningTo_290,Receiving_748,Initialize_291,Receiving_748]","[normal_525,none_1082,none_526,none_1082]"
123,86466,"['9', '2', '10', '2', '9', '2', '10', '2', '9', '2']","[ServerAdministrator_72,Snmpd_226,ServerAdministrator_72,Snmpd_226,ServerAdministrator_72,Snmpd_226,ServerAdministrator_72,Snmpd_226,ServerAdministrator_72,Snmpd_226]","[Initialize_291,Receiving_748,ReturningTo_290,Receiving_748,Initialize_291,Receiving_748,ReturningTo_290,Receiving_748,Initialize_291,Receiving_748]","[none_526,none_1082,normal_525,none_1082,none_526,none_1082,normal_525,none_1082,none_526,none_1082]"
124,87108,"['9', '2', '10', '2', '9', '2', '10', '2', '9', '2', '10', '2']","[ServerAdministrator_72,Snmpd_226,ServerAdministrator_72,Snmpd_226,ServerAdministrator_72,Snmpd_226,ServerAdministrator_72,Snmpd_226,ServerAdministrator_72,Snmpd_226,ServerAdministrator_72,Snmpd_226]","[Initialize_291,Receiving_748,ReturningTo_290,Receiving_748,Initialize_291,Receiving_748,ReturningTo_290,Receiving_748,Initialize_291,Receiving_748,ReturningTo_290,Receiving_748]","[none_526,none_1082,normal_525,none_1082,none_526,none_1082,normal_525,none_1082,none_526,none_1082,normal_525,none_1082]"
125,47232,"['9', '2', '10', '2', '9', '2', '10', '2', '9', '2', '10', '2', '9', '2', '10', '2', '9', '2']","[ServerAdministrator_72,Snmpd_226,ServerAdministrator_72,Snmpd_226,ServerAdministrator_72,Snmpd_226,ServerAdministrator_72,Snmpd_226,ServerAdministrator_72,Snmpd_226,ServerAdministrator_72,Snmpd_226,ServerAdministrator_72,Snmpd_226,ServerAdministrator_72,Snmpd_226,ServerAdministrator_72,Snmpd_226]","[Initialize_291,Receiving_748,ReturningTo_290,Receiving_748,Initialize_291,Receiving_748,ReturningTo_290,Receiving_748,Initialize_291,Receiving_748,ReturningTo_290,Receiving_748,Initialize_291,Receiving_748,ReturningTo_290,Receiving_748,Initialize_291,Receiving_748]","[none_526,none_1082,normal_525,none_1082,none_526,none_1082,normal_525,none_1082,none_526,none_1082,normal_525,none_1082,none_526,none_1082,normal_525,none_1082,none_526,none_1082]"
126,77349,"['10', '2', '9', '2', '10', '2', '9', '2', '10', '2', '9', '2']","[ServerAdministrator_72,Snmpd_226,ServerAdministrator_72,Snmpd_226,ServerAdministrator_72,Snmpd_226,ServerAdministrator_72,Snmpd_226,ServerAdministrator_72,Snmpd_226,ServerAdministrator_72,Snmpd_226]","[ReturningTo_290,Receiving_748,Initialize_291,Receiving_748,ReturningTo_290,Receiving_748,Initialize_291,Receiving_748,ReturningTo_290,Receiving_748,Initialize_291,Receiving_748]","[normal_525,none_1082,none_526,none_1082,normal_525,none_1082,none_526,none_1082,normal_525,none_1082,none_526,none_1082]"
127,80973,"['9', '2', '10', '2', '9', '2', '10', '2']","[ServerAdministrator_72,Snmpd_226,ServerAdministrator_72,Snmpd_226,ServerAdministrator_72,Snmpd_226,ServerAdministrator_72,Snmpd_226]","[Initialize_291,Receiving_748,ReturningTo_290,Receiving_748,Initialize_291,Receiving_748,ReturningTo_290,Receiving_748]","[none_526,none_1082,normal_525,none_1082,none_526,none_1082,normal_525,none_1082]"
128,84381,"['40', '48', '40', '40', '48', '40', '40', '48']","[Dhcpd_106,Dhcpd_106,Dhcpd_106,Dhcpd_106,Dhcpd_106,Dhcpd_106,Dhcpd_106,Dhcpd_106]","[none_368,Dhcprequest_373,none_368,none_368,Dhcprequest_373,none_368,none_368,Dhcprequest_373]","[no free leases_615,unknown_623,no free leases_615,no free leases_615,unknown_623,no free leases_615,no free leases_615,unknown_623]"
129,51286,"['9', '2', '10', '2', '9', '2', '10', '2', '9', '2', '10', '2', '9', '2']","[ServerAdministrator_72,Snmpd_226,ServerAdministrator_72,Snmpd_226,ServerAdministrator_72,Snmpd_226,ServerAdministrator_72,Snmpd_226,ServerAdministrator_72,Snmpd_226,ServerAdministrator_72,Snmpd_226,ServerAdministrator_72,Snmpd_226]","[Initialize_291,Receiving_748,ReturningTo_290,Receiving_748,Initialize_291,Receiving_748,ReturningTo_290,Receiving_748,Initialize_291,Receiving_748,ReturningTo_290,Receiving_748,Initialize_291,Receiving_748]","[none_526,none_1082,normal_525,none_1082,none_526,none_1082,normal_525,none_1082,none_526,none_1082,normal_525,none_1082,none_526,none_1082]"
130,34803,"['4', '1', '8']","[User_80,User_80,Crond_94]","[Register_307,Opened_309,Register_340]","[none_543,none_545,none_582]"
131,33237,"['10', '2', '9', '2', '10', '2', '9', '2', '10', '2']","[ServerAdministrator_72,Snmpd_226,ServerAdministrator_72,Snmpd_226,ServerAdministrator_72,Snmpd_226,ServerAdministrator_72,Snmpd_226,ServerAdministrator_72,Snmpd_226]","[ReturningTo_290,Receiving_748,Initialize_291,Receiving_748,ReturningTo_290,Receiving_748,Initialize_291,Receiving_748,ReturningTo_290,Receiving_748]","[normal_525,none_1082,none_526,none_1082,normal_525,none_1082,none_526,none_1082,normal_525,none_1082]"
132,56976,"['10', '2', '9', '2', '10', '2']","[ServerAdministrator_72,Snmpd_226,ServerAdministrator_72,Snmpd_226,ServerAdministrator_72,Snmpd_226]","[ReturningTo_290,Receiving_748,Initialize_291,Receiving_748,ReturningTo_290,Receiving_748]","[normal_525,none_1082,none_526,none_1082,normal_525,none_1082]"
133,86020,"['9', '2', '10', '2', '9', '2', '10', '2', '9', '2', '10', '2', '9', '2']","[ServerAdministrator_72,Snmpd_226,ServerAdministrator_72,Snmpd_226,ServerAdministrator_72,Snmpd_226,ServerAdministrator_72,Snmpd_226,ServerAdministrator_72,Snmpd_226,ServerAdministrator_72,Snmpd_226,ServerAdministrator_72,Snmpd_226]","[Initialize_291,Receiving_748,ReturningTo_290,Receiving_748,Initialize_291,Receiving_748,ReturningTo_290,Receiving_748,Initialize_291,Receiving_748,ReturningTo_290,Receiving_748,Initialize_291,Receiving_748]","[none_526,none_1082,normal_525,none_1082,none_526,none_1082,normal_525,none_1082,none_526,none_1082,normal_525,none_1082,none_526,none_1082]"
134,75623,"['10', '2', '9', '2', '1', '5', '10', '2', '9', '2', '10', '2', '9', '2', '10', '2']","[ServerAdministrator_72,Snmpd_226,ServerAdministrator_72,Snmpd_226,User_80,Sshd_228,ServerAdministrator_72,Snmpd_226,ServerAdministrator_72,Snmpd_226,ServerAdministrator_72,Snmpd_226,ServerAdministrator_72,Snmpd_226,ServerAdministrator_72,Snmpd_226]","[ReturningTo_290,Receiving_748,Initialize_291,Receiving_748,Opened_309,Connecting_786,ReturningTo_290,Receiving_748,Initialize_291,Receiving_748,ReturningTo_290,Receiving_748,Initialize_291,Receiving_748,ReturningTo_290,Receiving_748]","[normal_525,none_1082,none_526,none_1082,none_545,none_1134,normal_525,none_1082,none_526,none_1082,normal_525,none_1082,none_526,none_1082,normal_525,none_1082]"
135,50978,"['10', '2', '9', '2', '10', '2', '9', '2', '10', '2', '9', '2', '10', '2']","[ServerAdministrator_72,Snmpd_226,ServerAdministrator_72,Snmpd_226,ServerAdministrator_72,Snmpd_226,ServerAdministrator_72,Snmpd_226,ServerAdministrator_72,Snmpd_226,ServerAdministrator_72,Snmpd_226,ServerAdministrator_72,Snmpd_226]","[ReturningTo_290,Receiving_748,Initialize_291,Receiving_748,ReturningTo_290,Receiving_748,Initialize_291,Receiving_748,ReturningTo_290,Receiving_748,Initialize_291,Receiving_748,ReturningTo_290,Receiving_748]","[normal_525,none_1082,none_526,none_1082,normal_525,none_1082,none_526,none_1082,normal_525,none_1082,none_526,none_1082,normal_525,none_1082]"
136,68371,"['2', '10', '9', '2']","[Snmpd_226,ServerAdministrator_72,ServerAdministrator_72,Snmpd_226]","[Receiving_748,ReturningTo_290,Initialize_291,Receiving_748]","[none_1082,normal_525,none_526,none_1082]"
137,72239,"['170', '367', '104', '303', '303', '161', '22', '22', '134', '162', '368', '101', '304', '34', '104', '104', '131', '131', '104', '304', '131', '302', '104', '314', '302', '161', '162', '305', '102', '102', '314', '131', '161', '369', '167', '180', '101', '180', '101', '101', '180', '101', '873', '99', '22', '157', '41', '41', '41', '196', '143', '61', '141', '142', '131', '162', '305', '162', '370', '104', '161', '365', '366', '190']","[LogSource_153,Logger_154,Logger_154,Logger_154,Logger_154,Logger_154,Startup_230,Startup_230,Syslogd_235,Userhelper_250,Userhelper_250,Kernel_43,Logger_154,Shutdown_40,Logger_154,Logger_154,Logger_154,Logger_154,Logger_154,Logger_154,Logger_154,Logger_154,Logger_154,Logger_154,Logger_154,Logger_154,Userhelper_250,Userhelper_250,Gmond_125,Gmond_125,Logger_154,Logger_154,Logger_154,Logger_154,Ntpd_178,Kernel_43,Kernel_43,Kernel_43,Kernel_43,Kernel_43,Kernel_43,Kernel_43,Kernel_43,none_260,Startup_230,Ntpdate_179,Ntpd_178,Ntpd_178,Ntpd_178,Ntpd_178,Ntpd_178,Kernel_43,Ntpd_178,Ntpd_178,Logger_154,Userhelper_250,Userhelper_250,Userhelper_250,Userhelper_250,Logger_154,Logger_154,Logger_154,Logger_154,none_264]","[Started_496,Apply_504,Handleeqeibevents_506,none_501,none_501,Setup_505,Succeeded_788,Succeeded_788,Restart_807,Updated_827,RunningWithRootPrivileges_825,Interface_83,none_501,Configuring_68,Handleeqeibevents_506,Handleeqeibevents_506,none_501,none_501,Handleeqeibevents_506,none_501,none_501,none_501,Handleeqeibevents_506,none_501,none_501,Setup_505,Updated_827,Running_826,none_415,none_415,none_501,none_501,Setup_505,Registered_502,Shutdown_597,DeniedRead_84,Interface_83,DeniedRead_84,Interface_83,Interface_83,DeniedRead_84,Interface_83,none_72,none_845,Succeeded_788,Step_604,Changed_601,Changed_601,Changed_601,Configure_599,Configure_599,TimeSync_120,none_596,none_596,none_501,Updated_827,Running_826,Updated_827,Running_826,Handleeqeibevents_506,Setup_505,none_501,Releasing_500,Register_849]","[none_767,none_780,none_782,none_775,none_775,none_781,none_1136,none_1136,none_1161,none_1182,none_1179,none_213,none_773,none_88,none_782,none_782,none_777,none_777,none_782,none_773,none_777,none_774,none_782,none_772,none_774,none_781,none_1182,none_1181,succeeded_673,succeeded_673,none_772,none_777,none_781,none_778,none_908,none_214,none_213,none_214,none_213,none_213,none_214,none_213,denied_141,successful_1201,none_1136,none_916,none_913,none_913,none_913,ignored_910,none_911,none_286,none_906,none_905,none_777,none_1182,none_1181,none_1182,none_1180,none_782,none_781,none_776,finished_771,signal_1205]"
138,23103,"['9', '2', '10', '2']","[ServerAdministrator_72,Snmpd_226,ServerAdministrator_72,Snmpd_226]","[Initialize_291,Receiving_748,ReturningTo_290,Receiving_748]","[none_526,none_1082,normal_525,none_1082]"
139,48583,"['10', '2', '9', '2']","[ServerAdministrator_72,Snmpd_226,ServerAdministrator_72,Snmpd_226]","[ReturningTo_290,Receiving_748,Initialize_291,Receiving_748]","[normal_525,none_1082,none_526,none_1082]"
140,12538,"['164', '166', '1', '5', '34', '87', '259', '35', '269', '257', '267', '103', '177', '31', '176', '122', '295', '31', '177', '167', '187', '31', '173', '31', '298', '34', '312', '168', '168', '31', '31', '190']","[Init_137,System_236,User_80,Sshd_228,Shutdown_40,Kernel_43,Panfs_184,Kernel_43,Fsclientcap_123,Rpcs_64,Subdev_231,Kernel_43,Filesystems_115,Shutdown_40,Smartd_225,-term_0,Sshd_228,Shutdown_40,Filesystems_115,Ntpd_178,Ntpd_178,Shutdown_40,Snmpd_226,Shutdown_40,Xinetd_256,Shutdown_40,Signal_25,Kernel_43,Kernel_43,Shutdown_40,Shutdown_40,none_264]","[To_472,ShuttingDown_808,Opened_309,Connecting_786,Configuring_68,none_72,Umounting_616,none_72,Scrubbing_407,Returning_267,Startup_790,none_72,Create_392,Configuring_68,none_731,Succeeded_0,Terminating_785,Configuring_68,Create_392,Shutdown_597,Exiting_598,Configuring_68,ShuttingDown_751,Configuring_68,Exiting_839,Configuring_68,Un-registeringAndExiting_51,none_72,none_72,Configuring_68,Configuring_68,Register_849]","[none_741,none_1162,none_545,none_1134,none_88,none_157,none_929,none_165,starting_665,none_492,done_1138,none_156,none_646,none_89,failed_1063,none_0,none_1133,none_89,none_646,none_908,none_909,none_89,none_1085,none_89,none_1195,none_88,none_71,none_94,none_94,none_89,none_89,signal_1205]"
141,35093,"['4', '1', '8']","[User_80,User_80,Crond_94]","[Register_307,Opened_309,Register_340]","[none_543,none_545,none_582]"
142,72063,"['170', '367', '104', '303', '303', '161', '22', '22', '134', '162', '368', '304', '101', '34', '104', '104', '131', '131', '104', '304', '131', '314', '302', '104', '302', '161', '162', '305', '102', '102', '314', '131', '161', '180', '369', '167', '101', '180', '101', '101', '180', '101', '101', '101', '99', '22', '41', '41', '41', '196', '143', '61', '141', '142', '157', '131', '162', '305', '162', '370', '104', '161', '365', '366', '190']","[LogSource_153,Logger_154,Logger_154,Logger_154,Logger_154,Logger_154,Startup_230,Startup_230,Syslogd_235,Userhelper_250,Userhelper_250,Logger_154,Kernel_43,Shutdown_40,Logger_154,Logger_154,Logger_154,Logger_154,Logger_154,Logger_154,Logger_154,Logger_154,Logger_154,Logger_154,Logger_154,Logger_154,Userhelper_250,Userhelper_250,Gmond_125,Gmond_125,Logger_154,Logger_154,Logger_154,Kernel_43,Logger_154,Ntpd_178,Kernel_43,Kernel_43,Kernel_43,Kernel_43,Kernel_43,Kernel_43,Kernel_43,Kernel_43,none_260,Startup_230,Ntpd_178,Ntpd_178,Ntpd_178,Ntpd_178,Ntpd_178,Kernel_43,Ntpd_178,Ntpd_178,Ntpdate_179,Logger_154,Userhelper_250,Userhelper_250,Userhelper_250,Userhelper_250,Logger_154,Logger_154,Logger_154,Logger_154,none_264]","[Started_496,Apply_504,Handleeqeibevents_506,none_501,none_501,Setup_505,Succeeded_788,Succeeded_788,Restart_807,Updated_827,RunningWithRootPrivileges_825,none_501,Interface_83,Configuring_68,Handleeqeibevents_506,Handleeqeibevents_506,none_501,none_501,Handleeqeibevents_506,none_501,none_501,none_501,none_501,Handleeqeibevents_506,none_501,Setup_505,Updated_827,Running_826,none_415,none_415,none_501,none_501,Setup_505,DeniedRead_84,Registered_502,Shutdown_597,Interface_83,DeniedRead_84,Interface_83,Interface_83,DeniedRead_84,Interface_83,Interface_83,Interface_83,none_845,Succeeded_788,Changed_601,Changed_601,Changed_601,Configure_599,Configure_599,TimeSync_120,none_596,none_596,Step_604,none_501,Updated_827,Running_826,Updated_827,Running_826,Handleeqeibevents_506,Setup_505,none_501,Releasing_500,Register_849]","[none_767,none_780,none_782,none_775,none_775,none_781,none_1136,none_1136,none_1161,none_1182,none_1179,none_773,none_213,none_88,none_782,none_782,none_777,none_777,none_782,none_773,none_777,none_772,none_774,none_782,none_774,none_781,none_1182,none_1181,succeeded_673,succeeded_673,none_772,none_777,none_781,none_214,none_778,none_908,none_213,none_214,none_213,none_213,none_214,none_213,none_213,none_213,successful_1201,none_1136,none_913,none_913,none_913,ignored_910,none_911,none_286,none_906,none_905,none_916,none_777,none_1182,none_1181,none_1182,none_1180,none_782,none_781,none_776,finished_771,signal_1205]"
143,59252,"['9', '2', '10', '2']","[ServerAdministrator_72,Snmpd_226,ServerAdministrator_72,Snmpd_226]","[Initialize_291,Receiving_748,ReturningTo_290,Receiving_748]","[none_526,none_1082,normal_525,none_1082]"
144,89296,"['9', '2', '10', '2', '9', '2', '10', '2', '9', '2', '10', '2', '9', '2']","[ServerAdministrator_72,Snmpd_226,ServerAdministrator_72,Snmpd_226,ServerAdministrator_72,Snmpd_226,ServerAdministrator_72,Snmpd_226,ServerAdministrator_72,Snmpd_226,ServerAdministrator_72,Snmpd_226,ServerAdministrator_72,Snmpd_226]","[Initialize_291,Receiving_748,ReturningTo_290,Receiving_748,Initialize_291,Receiving_748,ReturningTo_290,Receiving_748,Initialize_291,Receiving_748,ReturningTo_290,Receiving_748,Initialize_291,Receiving_748]","[none_526,none_1082,normal_525,none_1082,none_526,none_1082,normal_525,none_1082,none_526,none_1082,normal_525,none_1082,none_526,none_1082]"
145,18904,"['10', '2', '9', '2']","[ServerAdministrator_72,Snmpd_226,ServerAdministrator_72,Snmpd_226]","[ReturningTo_290,Receiving_748,Initialize_291,Receiving_748]","[normal_525,none_1082,none_526,none_1082]"
146,17639,"['9', '2', '10', '2']","[ServerAdministrator_72,Snmpd_226,ServerAdministrator_72,Snmpd_226]","[Initialize_291,Receiving_748,ReturningTo_290,Receiving_748]","[none_526,none_1082,normal_525,none_1082]"
147,59886,"['9', '2', '10', '2']","[ServerAdministrator_72,Snmpd_226,ServerAdministrator_72,Snmpd_226]","[Initialize_291,Receiving_748,ReturningTo_290,Receiving_748]","[none_526,none_1082,normal_525,none_1082]"
148,72918,"['10', '2', '9', '2', '10', '2']","[ServerAdministrator_72,Snmpd_226,ServerAdministrator_72,Snmpd_226,ServerAdministrator_72,Snmpd_226]","[ReturningTo_290,Receiving_748,Initialize_291,Receiving_748,ReturningTo_290,Receiving_748]","[normal_525,none_1082,none_526,none_1082,normal_525,none_1082]"
149,94978,"['1', '8', '29', '42', '4', '45', '46']","[User_80,Crond_94,Sendmail_222,Sendmail_222,User_80,Sendmail_222,Sendmail_222]","[Opened_309,Register_340,Retrying_704,UnableToQualifyDomainName_719,Register_307,SendingEmail_715,Start_709]","[none_545,none_582,unknown_1029,error_1048,none_543,none_1044,deferred_1035]"
150,45677,"['9', '2', '10', '2', '9', '2', '10', '2', '9', '2', '10', '2', '9', '2', '10', '2', '9', '2']","[ServerAdministrator_72,Snmpd_226,ServerAdministrator_72,Snmpd_226,ServerAdministrator_72,Snmpd_226,ServerAdministrator_72,Snmpd_226,ServerAdministrator_72,Snmpd_226,ServerAdministrator_72,Snmpd_226,ServerAdministrator_72,Snmpd_226,ServerAdministrator_72,Snmpd_226,ServerAdministrator_72,Snmpd_226]","[Initialize_291,Receiving_748,ReturningTo_290,Receiving_748,Initialize_291,Receiving_748,ReturningTo_290,Receiving_748,Initialize_291,Receiving_748,ReturningTo_290,Receiving_748,Initialize_291,Receiving_748,ReturningTo_290,Receiving_748,Initialize_291,Receiving_748]","[none_526,none_1082,normal_525,none_1082,none_526,none_1082,normal_525,none_1082,none_526,none_1082,normal_525,none_1082,none_526,none_1082,normal_525,none_1082,none_526,none_1082]"
151,28916,"['10', '2', '9', '2', '10', '2', '9', '2', '10', '2']","[ServerAdministrator_72,Snmpd_226,ServerAdministrator_72,Snmpd_226,ServerAdministrator_72,Snmpd_226,ServerAdministrator_72,Snmpd_226,ServerAdministrator_72,Snmpd_226]","[ReturningTo_290,Receiving_748,Initialize_291,Receiving_748,ReturningTo_290,Receiving_748,Initialize_291,Receiving_748,ReturningTo_290,Receiving_748]","[normal_525,none_1082,none_526,none_1082,normal_525,none_1082,none_526,none_1082,normal_525,none_1082]"
152,83080,"['10', '2', '9', '2']","[ServerAdministrator_72,Snmpd_226,ServerAdministrator_72,Snmpd_226]","[ReturningTo_290,Receiving_748,Initialize_291,Receiving_748]","[normal_525,none_1082,none_526,none_1082]"
153,28865,"['9', '2', '10', '2', '9', '2', '10', '2', '9', '2', '10', '2', '9', '2']","[ServerAdministrator_72,Snmpd_226,ServerAdministrator_72,Snmpd_226,ServerAdministrator_72,Snmpd_226,ServerAdministrator_72,Snmpd_226,ServerAdministrator_72,Snmpd_226,ServerAdministrator_72,Snmpd_226,ServerAdministrator_72,Snmpd_226]","[Initialize_291,Receiving_748,ReturningTo_290,Receiving_748,Initialize_291,Receiving_748,ReturningTo_290,Receiving_748,Initialize_291,Receiving_748,ReturningTo_290,Receiving_748,Initialize_291,Receiving_748]","[none_526,none_1082,normal_525,none_1082,none_526,none_1082,normal_525,none_1082,none_526,none_1082,normal_525,none_1082,none_526,none_1082]"
154,69997,"['99', '22', '141', '157', '22', '30', '30', '30', '30', '30', '30', '30', '30', '30', '30', '30', '30', '30', '30', '30', '30', '189', '33', '33', '33', '33', '33', '33', '33', '33', '33', '33', '33', '33', '33', '33', '33', '33', '225', '22', '186', '102', '41', '41', '41', '41', '41', '143', '61', '142', '22', '22', '22', '83', '84', '213', '22', '2', '69', '2', '69', '69', '10', '2', '387', '61', '18', '61']","[none_260,Startup_230,Ntpd_178,Ntpdate_179,Startup_230,Xinetd_256,Xinetd_256,Xinetd_256,Xinetd_256,Xinetd_256,Xinetd_256,Xinetd_256,Xinetd_256,Xinetd_256,Xinetd_256,Xinetd_256,Xinetd_256,Xinetd_256,Xinetd_256,Xinetd_256,Xinetd_256,Xinetd_256,Xinetd_256,Xinetd_256,Xinetd_256,Xinetd_256,Xinetd_256,Xinetd_256,Xinetd_256,Xinetd_256,Xinetd_256,Xinetd_256,Xinetd_256,Xinetd_256,Xinetd_256,Xinetd_256,Xinetd_256,Xinetd_256,Xinetd_256,Startup_230,Crond_94,Gmond_125,Ntpd_178,Ntpd_178,Ntpd_178,Ntpd_178,Ntpd_178,Ntpd_178,Kernel_43,Ntpd_178,Startup_230,Startup_230,Startup_230,Snmpd_226,Snmpd_226,MountPoints_167,Startup_230,Snmpd_226,Kernel_43,Snmpd_226,Kernel_43,Kernel_43,ServerAdministrator_72,Snmpd_226,Sudo_232,Kernel_43,Ntpd_178,Kernel_43]","[none_845,Succeeded_788,none_596,Step_604,Succeeded_788,Register_841,Register_841,Register_841,Register_841,Register_841,Register_841,Register_841,Register_841,Register_841,Register_841,Register_841,Register_841,Register_841,Register_841,Register_841,Register_841,Started_836,Register_838,Register_838,Register_838,Register_838,Register_838,Register_838,Register_838,Register_838,Register_838,Register_838,Register_838,Register_838,Register_838,Register_838,Register_838,Register_838,Started_836,Succeeded_788,Startup_343,none_415,Changed_601,Changed_601,Changed_601,Changed_601,Changed_601,Configure_599,TimeSync_120,none_596,Succeeded_788,Succeeded_788,Succeeded_788,Accepted_746,Accepted_746,Removed_563,Succeeded_788,Receiving_748,none_72,Receiving_748,none_72,none_72,ReturningTo_290,Receiving_748,none_792,TimeSync_120,Synchronized_589,TimeSync_120]","[successful_1201,none_1136,none_906,none_916,none_1136,none_1197,none_1197,none_1197,none_1197,none_1197,none_1197,none_1197,none_1197,none_1197,none_1197,none_1197,none_1197,none_1197,none_1197,none_1197,none_1197,available_1191,none_1194,none_1194,none_1194,none_1194,none_1194,none_1194,none_1194,none_1194,none_1194,none_1194,none_1194,none_1194,none_1194,none_1194,none_1194,none_1194,none_1192,none_1136,none_585,succeeded_673,none_913,none_913,none_913,none_913,none_913,none_911,none_286,none_905,none_1136,none_1136,none_1136,none_1080,none_1079,none_864,none_1136,none_1082,no_119,none_1082,no_119,no_119,normal_525,none_1082,none_1142,none_286,none_897,none_286]"
155,76020,"['10', '2', '9', '2']","[ServerAdministrator_72,Snmpd_226,ServerAdministrator_72,Snmpd_226]","[ReturningTo_290,Receiving_748,Initialize_291,Receiving_748]","[normal_525,none_1082,none_526,none_1082]"
156,84707,"['40', '48', '40', '40', '48', '40', '40', '48']","[Dhcpd_106,Dhcpd_106,Dhcpd_106,Dhcpd_106,Dhcpd_106,Dhcpd_106,Dhcpd_106,Dhcpd_106]","[none_368,Dhcprequest_373,none_368,none_368,Dhcprequest_373,none_368,none_368,Dhcprequest_373]","[no free leases_615,unknown_623,no free leases_615,no free leases_615,unknown_623,no free leases_615,no free leases_615,unknown_623]"
157,73383,"['9', '2', '10', '2']","[ServerAdministrator_72,Snmpd_226,ServerAdministrator_72,Snmpd_226]","[Initialize_291,Receiving_748,ReturningTo_290,Receiving_748]","[none_526,none_1082,normal_525,none_1082]"
158,83718,"['9', '2', '10', '2', '9', '2', '10', '2', '9', '2', '10', '2', '9', '2', '10', '2', '9', '2']","[ServerAdministrator_72,Snmpd_226,ServerAdministrator_72,Snmpd_226,ServerAdministrator_72,Snmpd_226,ServerAdministrator_72,Snmpd_226,ServerAdministrator_72,Snmpd_226,ServerAdministrator_72,Snmpd_226,ServerAdministrator_72,Snmpd_226,ServerAdministrator_72,Snmpd_226,ServerAdministrator_72,Snmpd_226]","[Initialize_291,Receiving_748,ReturningTo_290,Receiving_748,Initialize_291,Receiving_748,ReturningTo_290,Receiving_748,Initialize_291,Receiving_748,ReturningTo_290,Receiving_748,Initialize_291,Receiving_748,ReturningTo_290,Receiving_748,Initialize_291,Receiving_748]","[none_526,none_1082,normal_525,none_1082,none_526,none_1082,normal_525,none_1082,none_526,none_1082,normal_525,none_1082,none_526,none_1082,normal_525,none_1082,none_526,none_1082]"
159,72627,"['4', '1', '8']","[User_80,User_80,Crond_94]","[Register_307,Opened_309,Register_340]","[none_543,none_545,none_582]"
160,91946,"['1', '8', '29', '42', '4', '45', '46']","[User_80,Crond_94,Sendmail_222,Sendmail_222,User_80,Sendmail_222,Sendmail_222]","[Opened_309,Register_340,Retrying_704,UnableToQualifyDomainName_719,Register_307,SendingEmail_715,Start_709]","[none_545,none_582,unknown_1029,error_1048,none_543,none_1044,deferred_1035]"
161,58270,"['10', '2', '9', '2', '10', '2']","[ServerAdministrator_72,Snmpd_226,ServerAdministrator_72,Snmpd_226,ServerAdministrator_72,Snmpd_226]","[ReturningTo_290,Receiving_748,Initialize_291,Receiving_748,ReturningTo_290,Receiving_748]","[normal_525,none_1082,none_526,none_1082,normal_525,none_1082]"
162,24886,"['10', '2', '9', '2', '10', '2', '9', '2', '10', '2']","[ServerAdministrator_72,Snmpd_226,ServerAdministrator_72,Snmpd_226,ServerAdministrator_72,Snmpd_226,ServerAdministrator_72,Snmpd_226,ServerAdministrator_72,Snmpd_226]","[ReturningTo_290,Receiving_748,Initialize_291,Receiving_748,ReturningTo_290,Receiving_748,Initialize_291,Receiving_748,ReturningTo_290,Receiving_748]","[normal_525,none_1082,none_526,none_1082,normal_525,none_1082,none_526,none_1082,normal_525,none_1082]"
163,74904,"['9', '2', '10', '2']","[ServerAdministrator_72,Snmpd_226,ServerAdministrator_72,Snmpd_226]","[Initialize_291,Receiving_748,ReturningTo_290,Receiving_748]","[none_526,none_1082,normal_525,none_1082]"
164,50325,"['10', '2', '9', '2', '10', '2', '9', '2', '10', '2', '9', '2', '10', '2']","[ServerAdministrator_72,Snmpd_226,ServerAdministrator_72,Snmpd_226,ServerAdministrator_72,Snmpd_226,ServerAdministrator_72,Snmpd_226,ServerAdministrator_72,Snmpd_226,ServerAdministrator_72,Snmpd_226,ServerAdministrator_72,Snmpd_226]","[ReturningTo_290,Receiving_748,Initialize_291,Receiving_748,ReturningTo_290,Receiving_748,Initialize_291,Receiving_748,ReturningTo_290,Receiving_748,Initialize_291,Receiving_748,ReturningTo_290,Receiving_748]","[normal_525,none_1082,none_526,none_1082,normal_525,none_1082,none_526,none_1082,normal_525,none_1082,none_526,none_1082,normal_525,none_1082]"
165,88302,"['10', '2', '9', '2', '10', '2', '9', '2', '10', '2', '9', '2']","[ServerAdministrator_72,Snmpd_226,ServerAdministrator_72,Snmpd_226,ServerAdministrator_72,Snmpd_226,ServerAdministrator_72,Snmpd_226,ServerAdministrator_72,Snmpd_226,ServerAdministrator_72,Snmpd_226]","[ReturningTo_290,Receiving_748,Initialize_291,Receiving_748,ReturningTo_290,Receiving_748,Initialize_291,Receiving_748,ReturningTo_290,Receiving_748,Initialize_291,Receiving_748]","[normal_525,none_1082,none_526,none_1082,normal_525,none_1082,none_526,none_1082,normal_525,none_1082,none_526,none_1082]"
166,84223,"['40', '48', '40', '40', '48', '40', '40', '48', '18']","[Dhcpd_106,Dhcpd_106,Dhcpd_106,Dhcpd_106,Dhcpd_106,Dhcpd_106,Dhcpd_106,Dhcpd_106,Ntpd_178]","[none_368,Dhcprequest_373,none_368,none_368,Dhcprequest_373,none_368,none_368,Dhcprequest_373,Synchronized_589]","[no free leases_615,unknown_623,no free leases_615,no free leases_615,unknown_623,no free leases_615,no free leases_615,unknown_623,none_897]"
167,50125,"['10', '2', '9', '2', '10', '2']","[ServerAdministrator_72,Snmpd_226,ServerAdministrator_72,Snmpd_226,ServerAdministrator_72,Snmpd_226]","[ReturningTo_290,Receiving_748,Initialize_291,Receiving_748,ReturningTo_290,Receiving_748]","[normal_525,none_1082,none_526,none_1082,normal_525,none_1082]"
168,46079,"['9', '2', '10', '2', '9', '2', '10', '2', '9', '2', '10', '2']","[ServerAdministrator_72,Snmpd_226,ServerAdministrator_72,Snmpd_226,ServerAdministrator_72,Snmpd_226,ServerAdministrator_72,Snmpd_226,ServerAdministrator_72,Snmpd_226,ServerAdministrator_72,Snmpd_226]","[Initialize_291,Receiving_748,ReturningTo_290,Receiving_748,Initialize_291,Receiving_748,ReturningTo_290,Receiving_748,Initialize_291,Receiving_748,ReturningTo_290,Receiving_748]","[none_526,none_1082,normal_525,none_1082,none_526,none_1082,normal_525,none_1082,none_526,none_1082,normal_525,none_1082]"
169,88446,"['9', '2', '10', '2']","[ServerAdministrator_72,Snmpd_226,ServerAdministrator_72,Snmpd_226]","[Initialize_291,Receiving_748,ReturningTo_290,Receiving_748]","[none_526,none_1082,normal_525,none_1082]"
170,80311,"['10', '2', '9', '2', '10', '2', '9', '2', '10', '2', '9', '2', '10', '2', '9', '2', '10', '2', '9', '2', '10', '2', '9', '2', '10', '2']","[ServerAdministrator_72,Snmpd_226,ServerAdministrator_72,Snmpd_226,ServerAdministrator_72,Snmpd_226,ServerAdministrator_72,Snmpd_226,ServerAdministrator_72,Snmpd_226,ServerAdministrator_72,Snmpd_226,ServerAdministrator_72,Snmpd_226,ServerAdministrator_72,Snmpd_226,ServerAdministrator_72,Snmpd_226,ServerAdministrator_72,Snmpd_226,ServerAdministrator_72,Snmpd_226,ServerAdministrator_72,Snmpd_226,ServerAdministrator_72,Snmpd_226]","[ReturningTo_290,Receiving_748,Initialize_291,Receiving_748,ReturningTo_290,Receiving_748,Initialize_291,Receiving_748,ReturningTo_290,Receiving_748,Initialize_291,Receiving_748,ReturningTo_290,Receiving_748,Initialize_291,Receiving_748,ReturningTo_290,Receiving_748,Initialize_291,Receiving_748,ReturningTo_290,Receiving_748,Initialize_291,Receiving_748,ReturningTo_290,Receiving_748]","[normal_525,none_1082,none_526,none_1082,normal_525,none_1082,none_526,none_1082,normal_525,none_1082,none_526,none_1082,normal_525,none_1082,none_526,none_1082,normal_525,none_1082,none_526,none_1082,normal_525,none_1082,none_526,none_1082,normal_525,none_1082]"
171,97910,"['9', '2', '10', '2', '9', '2', '10', '2']","[ServerAdministrator_72,Snmpd_226,ServerAdministrator_72,Snmpd_226,ServerAdministrator_72,Snmpd_226,ServerAdministrator_72,Snmpd_226]","[Initialize_291,Receiving_748,ReturningTo_290,Receiving_748,Initialize_291,Receiving_748,ReturningTo_290,Receiving_748]","[none_526,none_1082,normal_525,none_1082,none_526,none_1082,normal_525,none_1082]"
172,79952,"['9', '2', '10', '2']","[ServerAdministrator_72,Snmpd_226,ServerAdministrator_72,Snmpd_226]","[Initialize_291,Receiving_748,ReturningTo_290,Receiving_748]","[none_526,none_1082,normal_525,none_1082]"
173,72108,"['170', '367', '104', '303', '303', '161', '22', '22', '134', '162', '368', '304', '101', '34', '104', '104', '131', '131', '104', '304', '131', '104', '314', '302', '302', '161', '162', '305', '102', '102', '314', '131', '161', '180', '369', '167', '101', '180', '101', '101', '180', '101', '101', '101', '99', '22', '41', '41', '41', '196', '143', '61', '141', '142', '157', '131', '162', '305', '162', '370', '104', '161', '365', '366', '190']","[LogSource_153,Logger_154,Logger_154,Logger_154,Logger_154,Logger_154,Startup_230,Startup_230,Syslogd_235,Userhelper_250,Userhelper_250,Logger_154,Kernel_43,Shutdown_40,Logger_154,Logger_154,Logger_154,Logger_154,Logger_154,Logger_154,Logger_154,Logger_154,Logger_154,Logger_154,Logger_154,Logger_154,Userhelper_250,Userhelper_250,Gmond_125,Gmond_125,Logger_154,Logger_154,Logger_154,Kernel_43,Logger_154,Ntpd_178,Kernel_43,Kernel_43,Kernel_43,Kernel_43,Kernel_43,Kernel_43,Kernel_43,Kernel_43,none_260,Startup_230,Ntpd_178,Ntpd_178,Ntpd_178,Ntpd_178,Ntpd_178,Kernel_43,Ntpd_178,Ntpd_178,Ntpdate_179,Logger_154,Userhelper_250,Userhelper_250,Userhelper_250,Userhelper_250,Logger_154,Logger_154,Logger_154,Logger_154,none_264]","[Started_496,Apply_504,Handleeqeibevents_506,none_501,none_501,Setup_505,Succeeded_788,Succeeded_788,Restart_807,Updated_827,RunningWithRootPrivileges_825,none_501,Interface_83,Configuring_68,Handleeqeibevents_506,Handleeqeibevents_506,none_501,none_501,Handleeqeibevents_506,none_501,none_501,Handleeqeibevents_506,none_501,none_501,none_501,Setup_505,Updated_827,Running_826,none_415,none_415,none_501,none_501,Setup_505,DeniedRead_84,Registered_502,Shutdown_597,Interface_83,DeniedRead_84,Interface_83,Interface_83,DeniedRead_84,Interface_83,Interface_83,Interface_83,none_845,Succeeded_788,Changed_601,Changed_601,Changed_601,Configure_599,Configure_599,TimeSync_120,none_596,none_596,Step_604,none_501,Updated_827,Running_826,Updated_827,Running_826,Handleeqeibevents_506,Setup_505,none_501,Releasing_500,Register_849]","[none_767,none_780,none_782,none_775,none_775,none_781,none_1136,none_1136,none_1161,none_1182,none_1179,none_773,none_213,none_88,none_782,none_782,none_777,none_777,none_782,none_773,none_777,none_782,none_772,none_774,none_774,none_781,none_1182,none_1181,succeeded_673,succeeded_673,none_772,none_777,none_781,none_214,none_778,none_908,none_213,none_214,none_213,none_213,none_214,none_213,none_213,none_213,successful_1201,none_1136,none_913,none_913,none_913,ignored_910,none_911,none_286,none_906,none_905,none_916,none_777,none_1182,none_1181,none_1182,none_1180,none_782,none_781,none_776,finished_771,signal_1205]"
174,51299,"['9', '2', '10', '2', '9', '2', '10', '2', '9', '2', '10', '2']","[ServerAdministrator_72,Snmpd_226,ServerAdministrator_72,Snmpd_226,ServerAdministrator_72,Snmpd_226,ServerAdministrator_72,Snmpd_226,ServerAdministrator_72,Snmpd_226,ServerAdministrator_72,Snmpd_226]","[Initialize_291,Receiving_748,ReturningTo_290,Receiving_748,Initialize_291,Receiving_748,ReturningTo_290,Receiving_748,Initialize_291,Receiving_748,ReturningTo_290,Receiving_748]","[none_526,none_1082,normal_525,none_1082,none_526,none_1082,normal_525,none_1082,none_526,none_1082,normal_525,none_1082]"
175,17973,"['10', '2', '9', '2']","[ServerAdministrator_72,Snmpd_226,ServerAdministrator_72,Snmpd_226]","[ReturningTo_290,Receiving_748,Initialize_291,Receiving_748]","[normal_525,none_1082,none_526,none_1082]"
176,98709,"['19', '17', '19', '19', '17', '19', '19', '17', '19', '19', '17', '19', '19', '17', '19', '19', '17', '19', '19', '17', '19', '19', '17', '19', '19', '17', '19', '19', '17', '19', '19', '17', '19', '19', '17', '19', '19', '17', '19', '19', '17', '19', '19', '17', '19', '19', '17', '19', '19', '17', '19', '19', '17', '19', '19', '17', '19', '19', '17', '19', '19', '17', '19', '19', '17', '19', '19', '17', '19', '19', '17', '19', '19', '17', '19', '19', '17', '19', '19', '17', '19', '19', '17', '19', '19', '17', '19', '19', '17', '19', '19', '17', '19', '19', '17', '19', '19', '17', '19', '19', '17', '19', '19', '17', '19', '19', '17', '19', '19', '17', '19', '19', '17', '19', '19', '17', '19', '19', '17', '19', '19', '17', '19', '19', '17', '19', '19', '17', '19']","[Ibsm_129,Ibsm_129,Ibsm_129,Ibsm_129,Ibsm_129,Ibsm_129,Ibsm_129,Ibsm_129,Ibsm_129,Ibsm_129,Ibsm_129,Ibsm_129,Ibsm_129,Ibsm_129,Ibsm_129,Ibsm_129,Ibsm_129,Ibsm_129,Ibsm_129,Ibsm_129,Ibsm_129,Ibsm_129,Ibsm_129,Ibsm_129,Ibsm_129,Ibsm_129,Ibsm_129,Ibsm_129,Ibsm_129,Ibsm_129,Ibsm_129,Ibsm_129,Ibsm_129,Ibsm_129,Ibsm_129,Ibsm_129,Ibsm_129,Ibsm_129,Ibsm_129,Ibsm_129,Ibsm_129,Ibsm_129,Ibsm_129,Ibsm_129,Ibsm_129,Ibsm_129,Ibsm_129,Ibsm_129,Ibsm_129,Ibsm_129,Ibsm_129,Ibsm_129,Ibsm_129,Ibsm_129,Ibsm_129,Ibsm_129,Ibsm_129,Ibsm_129,Ibsm_129,Ibsm_129,Ibsm_129,Ibsm_129,Ibsm_129,Ibsm_129,Ibsm_129,Ibsm_129,Ibsm_129,Ibsm_129,Ibsm_129,Ibsm_129,Ibsm_129,Ibsm_129,Ibsm_129,Ibsm_129,Ibsm_129,Ibsm_129,Ibsm_129,Ibsm_129,Ibsm_129,Ibsm_129,Ibsm_129,Ibsm_129,Ibsm_129,Ibsm_129,Ibsm_129,Ibsm_129,Ibsm_129,Ibsm_129,Ibsm_129,Ibsm_129,Ibsm_129,Ibsm_129,Ibsm_129,Ibsm_129,Ibsm_129,Ibsm_129,Ibsm_129,Ibsm_129,Ibsm_129,Ibsm_129,Ibsm_129,Ibsm_129,Ibsm_129,Ibsm_129,Ibsm_129,Ibsm_129,Ibsm_129,Ibsm_129,Ibsm_129,Ibsm_129,Ibsm_129,Ibsm_129,Ibsm_129,Ibsm_129,Ibsm_129,Ibsm_129,Ibsm_129,Ibsm_129,Ibsm_129,Ibsm_129,Ibsm_129,Ibsm_129,Ibsm_129,Ibsm_129,Ibsm_129,Ibsm_129,Ibsm_129,Ibsm_129,Ibsm_129]","[none_422,none_422,none_422,none_422,none_422,none_422,none_422,none_422,none_422,none_422,none_422,none_422,none_422,none_422,none_422,none_422,none_422,none_422,none_422,none_422,none_422,none_422,none_422,none_422,none_422,none_422,none_422,none_422,none_422,none_422,none_422,none_422,none_422,none_422,none_422,none_422,none_422,none_422,none_422,none_422,none_422,none_422,none_422,none_422,none_422,none_422,none_422,none_422,none_422,none_422,none_422,none_422,none_422,none_422,none_422,none_422,none_422,none_422,none_422,none_422,none_422,none_422,none_422,none_422,none_422,none_422,none_422,none_422,none_422,none_422,none_422,none_422,none_422,none_422,none_422,none_422,none_422,none_422,none_422,none_422,none_422,none_422,none_422,none_422,none_422,none_422,none_422,none_422,none_422,none_422,none_422,none_422,none_422,none_422,none_422,none_422,none_422,none_422,none_422,none_422,none_422,none_422,none_422,none_422,none_422,none_422,none_422,none_422,none_422,none_422,none_422,none_422,none_422,none_422,none_422,none_422,none_422,none_422,none_422,none_422,none_422,none_422,none_422,none_422,none_422,none_422,none_422,none_422,none_422]","[none_684,none_683,none_684,none_684,none_683,none_684,none_684,none_683,none_684,none_684,none_683,none_684,none_684,none_683,none_684,none_684,none_683,none_684,none_684,none_683,none_684,none_684,none_683,none_684,none_684,none_683,none_684,none_684,none_683,none_684,none_684,none_683,none_684,none_684,none_683,none_684,none_684,none_683,none_684,none_684,none_683,none_684,none_684,none_683,none_684,none_684,none_683,none_684,none_684,none_683,none_684,none_684,none_683,none_684,none_684,none_683,none_684,none_684,none_683,none_684,none_684,none_683,none_684,none_684,none_683,none_684,none_684,none_683,none_684,none_684,none_683,none_684,none_684,none_683,none_684,none_684,none_683,none_684,none_684,none_683,none_684,none_684,none_683,none_684,none_684,none_683,none_684,none_684,none_683,none_684,none_684,none_683,none_684,none_684,none_683,none_684,none_684,none_683,none_684,none_684,none_683,none_684,none_684,none_683,none_684,none_684,none_683,none_684,none_684,none_683,none_684,none_684,none_683,none_684,none_684,none_683,none_684,none_684,none_683,none_684,none_684,none_683,none_684,none_684,none_683,none_684,none_684,none_683,none_684]"
177,21742,"['31', '87', '259', '35', '269', '257', '267', '103', '177', '31', '173', '31', '298', '31', '177', '167', '187', '168', '168', '34', '31', '31', '312', '190', '31']","[Shutdown_40,Kernel_43,Panfs_184,Kernel_43,Fsclientcap_123,Rpcs_64,Subdev_231,Kernel_43,Filesystems_115,Shutdown_40,Snmpd_226,Shutdown_40,Xinetd_256,Shutdown_40,Filesystems_115,Ntpd_178,Ntpd_178,Kernel_43,Kernel_43,Shutdown_40,Shutdown_40,Shutdown_40,Signal_25,none_264,Shutdown_40]","[Configuring_68,none_72,Umounting_616,none_72,Scrubbing_407,Returning_267,Startup_790,none_72,Create_392,Configuring_68,ShuttingDown_751,Configuring_68,Exiting_839,Configuring_68,Create_392,Shutdown_597,Exiting_598,none_72,none_72,Configuring_68,Configuring_68,Configuring_68,Un-registeringAndExiting_51,Register_849,Configuring_68]","[none_89,none_157,none_929,none_165,starting_665,none_492,done_1138,none_156,none_646,none_89,none_1085,none_89,none_1195,none_89,none_646,none_908,none_909,none_94,none_94,none_88,none_89,none_89,none_71,signal_1205,none_89]"
178,47224,"['10', '2', '9', '2', '10', '2', '9', '2', '10', '2', '9', '2', '10', '2', '9', '2', '10', '2', '9', '2']","[ServerAdministrator_72,Snmpd_226,ServerAdministrator_72,Snmpd_226,ServerAdministrator_72,Snmpd_226,ServerAdministrator_72,Snmpd_226,ServerAdministrator_72,Snmpd_226,ServerAdministrator_72,Snmpd_226,ServerAdministrator_72,Snmpd_226,ServerAdministrator_72,Snmpd_226,ServerAdministrator_72,Snmpd_226,ServerAdministrator_72,Snmpd_226]","[ReturningTo_290,Receiving_748,Initialize_291,Receiving_748,ReturningTo_290,Receiving_748,Initialize_291,Receiving_748,ReturningTo_290,Receiving_748,Initialize_291,Receiving_748,ReturningTo_290,Receiving_748,Initialize_291,Receiving_748,ReturningTo_290,Receiving_748,Initialize_291,Receiving_748]","[normal_525,none_1082,none_526,none_1082,normal_525,none_1082,none_526,none_1082,normal_525,none_1082,none_526,none_1082,normal_525,none_1082,none_526,none_1082,normal_525,none_1082,none_526,none_1082]"
179,58525,"['9', '2', '10', '2', '9', '2']","[ServerAdministrator_72,Snmpd_226,ServerAdministrator_72,Snmpd_226,ServerAdministrator_72,Snmpd_226]","[Initialize_291,Receiving_748,ReturningTo_290,Receiving_748,Initialize_291,Receiving_748]","[none_526,none_1082,normal_525,none_1082,none_526,none_1082]"
180,75942,"['9', '2', '10', '2', '9', '2']","[ServerAdministrator_72,Snmpd_226,ServerAdministrator_72,Snmpd_226,ServerAdministrator_72,Snmpd_226]","[Initialize_291,Receiving_748,ReturningTo_290,Receiving_748,Initialize_291,Receiving_748]","[none_526,none_1082,normal_525,none_1082,none_526,none_1082]"
181,92782,"['1', '8', '29', '42', '4', '45', '46']","[User_80,Crond_94,Sendmail_222,Sendmail_222,User_80,Sendmail_222,Sendmail_222]","[Opened_309,Register_340,Retrying_704,UnableToQualifyDomainName_719,Register_307,SendingEmail_715,Start_709]","[none_545,none_582,unknown_1029,error_1048,none_543,none_1044,deferred_1035]"
182,28015,"['10', '2', '9', '2', '10', '2', '9', '2', '10', '2', '9', '2', '10', '2']","[ServerAdministrator_72,Snmpd_226,ServerAdministrator_72,Snmpd_226,ServerAdministrator_72,Snmpd_226,ServerAdministrator_72,Snmpd_226,ServerAdministrator_72,Snmpd_226,ServerAdministrator_72,Snmpd_226,ServerAdministrator_72,Snmpd_226]","[ReturningTo_290,Receiving_748,Initialize_291,Receiving_748,ReturningTo_290,Receiving_748,Initialize_291,Receiving_748,ReturningTo_290,Receiving_748,Initialize_291,Receiving_748,ReturningTo_290,Receiving_748]","[normal_525,none_1082,none_526,none_1082,normal_525,none_1082,none_526,none_1082,normal_525,none_1082,none_526,none_1082,normal_525,none_1082]"
183,92231,"['1', '8', '29', '42', '4', '45', '46']","[User_80,Crond_94,Sendmail_222,Sendmail_222,User_80,Sendmail_222,Sendmail_222]","[Opened_309,Register_340,Retrying_704,UnableToQualifyDomainName_719,Register_307,SendingEmail_715,Start_709]","[none_545,none_582,unknown_1029,error_1048,none_543,none_1044,deferred_1035]"
184,74303,"['9', '2', '10', '2', '9', '2']","[ServerAdministrator_72,Snmpd_226,ServerAdministrator_72,Snmpd_226,ServerAdministrator_72,Snmpd_226]","[Initialize_291,Receiving_748,ReturningTo_290,Receiving_748,Initialize_291,Receiving_748]","[none_526,none_1082,normal_525,none_1082,none_526,none_1082]"
185,99127,"['3', '3', '3', '3', '3', '3', '3', '3', '3', '3', '3', '3', '3', '3', '3', '3', '3', '3', '3', '3', '3', '3', '3', '3', '3', '3', '3', '3', '3', '3', '3', '3', '3', '3', '3', '3', '3', '3', '3', '3', '3', '3', '3', '3', '3', '3', '3', '3', '3', '3', '3', '3', '3', '3', '3', '3', '3', '3', '3', '3', '3', '3', '3', '3', '3', '3', '3', '3', '3', '3', '3', '3', '3', '3', '3', '3', '3', '3', '3', '3', '3', '3', '3', '3', '3', '3', '3', '3', '3', '3', '3', '3', '3', '3', '3', '3', '3', '3', '3', '3', '3', '3', '3', '3', '3', '3', '3', '3', '3', '3', '3', '3', '3', '3', '3', '3', '3', '3', '3', '3', '3', '3', '3', '3', '3', '3', '3', '3', '3', '3', '3', '3', '3', '3', '3', '3', '3', '3', '3', '3', '3', '3', '3', '3', '3', '3', '3', '3', '3', '3', '3', '3', '3', '3', '3', '3', '3', '3', '3', '3', '3', '3', '3', '3', '3', '3', '3', '3', '3', '3', '3', '3', '3', '3', '3', '3', '3', '3', '3', '3', '3', '3', '3', '3', '3', '3', '3', '3', '3', '3', '3', '3', '3', '3', '3', '3', '3', '3', '3', '3', '3', '3', '3', '3', '3', '3', '3', '3', '3', '3', '313', '3', '3', '3', '3', '3', '3', '3', '3', '3', '3', '3', '3', '3', '3', '3', '3', '3', '3', '3', '3', '3', '3', '3', '3', '3', '3', '3', '3', '3', '3', '3', '3', '3', '3', '3', '3', '3', '3', '3', '3', '3', '3', '3', '3', '3']","[Datasource_97,Datasource_97,Datasource_97,Datasource_97,Datasource_97,Datasource_97,Datasource_97,Datasource_97,Datasource_97,Datasource_97,Datasource_97,Datasource_97,Datasource_97,Datasource_97,Datasource_97,Datasource_97,Datasource_97,Datasource_97,Datasource_97,Datasource_97,Datasource_97,Datasource_97,Datasource_97,Datasource_97,Datasource_97,Datasource_97,Datasource_97,Datasource_97,Datasource_97,Datasource_97,Datasource_97,Datasource_97,Datasource_97,Datasource_97,Datasource_97,Datasource_97,Datasource_97,Datasource_97,Datasource_97,Datasource_97,Datasource_97,Datasource_97,Datasource_97,Datasource_97,Datasource_97,Datasource_97,Datasource_97,Datasource_97,Datasource_97,Datasource_97,Datasource_97,Datasource_97,Datasource_97,Datasource_97,Datasource_97,Datasource_97,Datasource_97,Datasource_97,Datasource_97,Datasource_97,Datasource_97,Datasource_97,Datasource_97,Datasource_97,Datasource_97,Datasource_97,Datasource_97,Datasource_97,Datasource_97,Datasource_97,Datasource_97,Datasource_97,Datasource_97,Datasource_97,Datasource_97,Datasource_97,Datasource_97,Datasource_97,Datasource_97,Datasource_97,Datasource_97,Datasource_97,Datasource_97,Datasource_97,Datasource_97,Datasource_97,Datasource_97,Datasource_97,Datasource_97,Datasource_97,Datasource_97,Datasource_97,Datasource_97,Datasource_97,Datasource_97,Datasource_97,Datasource_97,Datasource_97,Datasource_97,Datasource_97,Datasource_97,Datasource_97,Datasource_97,Datasource_97,Datasource_97,Datasource_97,Datasource_97,Datasource_97,Datasource_97,Datasource_97,Datasource_97,Datasource_97,Datasource_97,Datasource_97,Datasource_97,Datasource_97,Datasource_97,Datasource_97,Datasource_97,Datasource_97,Datasource_97,Datasource_97,Datasource_97,Datasource_97,Datasource_97,Datasource_97,Datasource_97,Datasource_97,Datasource_97,Datasource_97,Datasource_97,Datasource_97,Datasource_97,Datasource_97,Datasource_97,Datasource_97,Datasource_97,Datasource_97,Datasource_97,Datasource_97,Datasource_97,Datasource_97,Datasource_97,Datasource_97,Datasource_97,Datasource_97,Datasource_97,Datasource_97,Datasource_97,Datasource_97,Datasource_97,Datasource_97,Datasource_97,Datasource_97,Datasource_97,Datasource_97,Datasource_97,Datasource_97,Datasource_97,Datasource_97,Datasource_97,Datasource_97,Datasource_97,Datasource_97,Datasource_97,Datasource_97,Datasource_97,Datasource_97,Datasource_97,Datasource_97,Datasource_97,Datasource_97,Datasource_97,Datasource_97,Datasource_97,Datasource_97,Datasource_97,Datasource_97,Datasource_97,Datasource_97,Datasource_97,Datasource_97,Datasource_97,Datasource_97,Datasource_97,Datasource_97,Datasource_97,Datasource_97,Datasource_97,Datasource_97,Datasource_97,Datasource_97,Datasource_97,Datasource_97,Datasource_97,Datasource_97,Datasource_97,Datasource_97,Datasource_97,Datasource_97,Datasource_97,Datasource_97,Datasource_97,Datasource_97,Datasource_97,Datasource_97,Datasource_97,Datasource_97,Datasource_97,Datasource_97,Gmetad_124,Datasource_97,Datasource_97,Datasource_97,Datasource_97,Datasource_97,Datasource_97,Datasource_97,Datasource_97,Datasource_97,Datasource_97,Datasource_97,Datasource_97,Datasource_97,Datasource_97,Datasource_97,Datasource_97,Datasource_97,Datasource_97,Datasource_97,Datasource_97,Datasource_97,Datasource_97,Datasource_97,Datasource_97,Datasource_97,Datasource_97,Datasource_97,Datasource_97,Datasource_97,Datasource_97,Datasource_97,Datasource_97,Datasource_97,Datasource_97,Datasource_97,Datasource_97,Datasource_97,Datasource_97,Datasource_97,Datasource_97,Datasource_97,Datasource_97,Datasource_97,Datasource_97,Datasource_97]","[none_348,none_348,none_348,none_348,none_348,none_348,none_348,none_348,none_348,none_348,none_348,none_348,none_348,none_348,none_348,none_348,none_348,none_348,none_348,none_348,none_348,none_348,none_348,none_348,none_348,none_348,none_348,none_348,none_348,none_348,none_348,none_348,none_348,none_348,none_348,none_348,none_348,none_348,none_348,none_348,none_348,none_348,none_348,none_348,none_348,none_348,none_348,none_348,none_348,none_348,none_348,none_348,none_348,none_348,none_348,none_348,none_348,none_348,none_348,none_348,none_348,none_348,none_348,none_348,none_348,none_348,none_348,none_348,none_348,none_348,none_348,none_348,none_348,none_348,none_348,none_348,none_348,none_348,none_348,none_348,none_348,none_348,none_348,none_348,none_348,none_348,none_348,none_348,none_348,none_348,none_348,none_348,none_348,none_348,none_348,none_348,none_348,none_348,none_348,none_348,none_348,none_348,none_348,none_348,none_348,none_348,none_348,none_348,none_348,none_348,none_348,none_348,none_348,none_348,none_348,none_348,none_348,none_348,none_348,none_348,none_348,none_348,none_348,none_348,none_348,none_348,none_348,none_348,none_348,none_348,none_348,none_348,none_348,none_348,none_348,none_348,none_348,none_348,none_348,none_348,none_348,none_348,none_348,none_348,none_348,none_348,none_348,none_348,none_348,none_348,none_348,none_348,none_348,none_348,none_348,none_348,none_348,none_348,none_348,none_348,none_348,none_348,none_348,none_348,none_348,none_348,none_348,none_348,none_348,none_348,none_348,none_348,none_348,none_348,none_348,none_348,none_348,none_348,none_348,none_348,none_348,none_348,none_348,none_348,none_348,none_348,none_348,none_348,none_348,none_348,none_348,none_348,none_348,none_348,none_348,none_348,none_348,none_348,none_348,none_348,none_348,none_348,none_348,none_348,none_348,none_348,none_348,none_348,none_348,none_348,Terminate_409,none_348,none_348,none_348,none_348,none_348,none_348,none_348,none_348,none_348,none_348,none_348,none_348,none_348,none_348,none_348,none_348,none_348,none_348,none_348,none_348,none_348,none_348,none_348,none_348,none_348,none_348,none_348,none_348,none_348,none_348,none_348,none_348,none_348,none_348,none_348,none_348,none_348,none_348,none_348,none_348,none_348,none_348,none_348,none_348,none_348]","[no answer_590,no answer_590,no answer_590,no answer_590,no answer_590,no answer_590,no answer_590,no answer_590,no answer_590,no answer_590,no answer_590,no answer_590,no answer_590,no answer_590,no answer_590,no answer_590,no answer_590,no answer_590,no answer_590,no answer_590,no answer_590,no answer_590,no answer_590,no answer_590,no answer_590,no answer_590,no answer_590,no answer_590,no answer_590,no answer_590,no answer_590,no answer_590,no answer_590,no answer_590,no answer_590,no answer_590,no answer_590,no answer_590,no answer_590,no answer_590,no answer_590,no answer_590,no answer_590,no answer_590,no answer_590,no answer_590,no answer_590,no answer_590,no answer_590,no answer_590,no answer_590,no answer_590,no answer_590,no answer_590,no answer_590,no answer_590,no answer_590,no answer_590,no answer_590,no answer_590,no answer_590,no answer_590,no answer_590,no answer_590,no answer_590,no answer_590,no answer_590,no answer_590,no answer_590,no answer_590,no answer_590,no answer_590,no answer_590,no answer_590,no answer_590,no answer_590,no answer_590,no answer_590,no answer_590,no answer_590,no answer_590,no answer_590,no answer_590,no answer_590,no answer_590,no answer_590,no answer_590,no answer_590,no answer_590,no answer_590,no answer_590,no answer_590,no answer_590,no answer_590,no answer_590,no answer_590,no answer_590,no answer_590,no answer_590,no answer_590,no answer_590,no answer_590,no answer_590,no answer_590,no answer_590,no answer_590,no answer_590,no answer_590,no answer_590,no answer_590,no answer_590,no answer_590,no answer_590,no answer_590,no answer_590,no answer_590,no answer_590,no answer_590,no answer_590,no answer_590,no answer_590,no answer_590,no answer_590,no answer_590,no answer_590,no answer_590,no answer_590,no answer_590,no answer_590,no answer_590,no answer_590,no answer_590,no answer_590,no answer_590,no answer_590,no answer_590,no answer_590,no answer_590,no answer_590,no answer_590,no answer_590,no answer_590,no answer_590,no answer_590,no answer_590,no answer_590,no answer_590,no answer_590,no answer_590,no answer_590,no answer_590,no answer_590,no answer_590,no answer_590,no answer_590,no answer_590,no answer_590,no answer_590,no answer_590,no answer_590,no answer_590,no answer_590,no answer_590,no answer_590,no answer_590,no answer_590,no answer_590,no answer_590,no answer_590,no answer_590,no answer_590,no answer_590,no answer_590,no answer_590,no answer_590,no answer_590,no answer_590,no answer_590,no answer_590,no answer_590,no answer_590,no answer_590,no answer_590,no answer_590,no answer_590,no answer_590,no answer_590,no answer_590,no answer_590,no answer_590,no answer_590,no answer_590,no answer_590,no answer_590,no answer_590,no answer_590,no answer_590,no answer_590,no answer_590,no answer_590,no answer_590,no answer_590,no answer_590,no answer_590,no answer_590,no answer_590,no answer_590,no answer_590,no answer_590,no answer_590,error_667,no answer_590,no answer_590,no answer_590,no answer_590,no answer_590,no answer_590,no answer_590,no answer_590,no answer_590,no answer_590,no answer_590,no answer_590,no answer_590,no answer_590,no answer_590,no answer_590,no answer_590,no answer_590,no answer_590,no answer_590,no answer_590,no answer_590,no answer_590,no answer_590,no answer_590,no answer_590,no answer_590,no answer_590,no answer_590,no answer_590,no answer_590,no answer_590,no answer_590,no answer_590,no answer_590,no answer_590,no answer_590,no answer_590,no answer_590,no answer_590,no answer_590,no answer_590,no answer_590,no answer_590,no answer_590]"
186,84600,"['40', '48', '40', '40', '48', '40', '40', '48']","[Dhcpd_106,Dhcpd_106,Dhcpd_106,Dhcpd_106,Dhcpd_106,Dhcpd_106,Dhcpd_106,Dhcpd_106]","[none_368,Dhcprequest_373,none_368,none_368,Dhcprequest_373,none_368,none_368,Dhcprequest_373]","[no free leases_615,unknown_623,no free leases_615,no free leases_615,unknown_623,no free leases_615,no free leases_615,unknown_623]"
187,75267,"['10', '2', '9', '2']","[ServerAdministrator_72,Snmpd_226,ServerAdministrator_72,Snmpd_226]","[ReturningTo_290,Receiving_748,Initialize_291,Receiving_748]","[normal_525,none_1082,none_526,none_1082]"
188,59778,"['9', '2', '10', '2', '9', '2', '10', '2', '9', '2', '10', '2']","[ServerAdministrator_72,Snmpd_226,ServerAdministrator_72,Snmpd_226,ServerAdministrator_72,Snmpd_226,ServerAdministrator_72,Snmpd_226,ServerAdministrator_72,Snmpd_226,ServerAdministrator_72,Snmpd_226]","[Initialize_291,Receiving_748,ReturningTo_290,Receiving_748,Initialize_291,Receiving_748,ReturningTo_290,Receiving_748,Initialize_291,Receiving_748,ReturningTo_290,Receiving_748]","[none_526,none_1082,normal_525,none_1082,none_526,none_1082,normal_525,none_1082,none_526,none_1082,normal_525,none_1082]"
189,98227,"['19', '17', '25', '14', '14', '12', '12', '13', '13', '26', '14', '14', '12', '12', '13', '13', '17', '19', '17', '25', '14', '14', '12', '12', '13', '13', '26', '14', '14', '12', '12', '13', '13', '17', '19', '17', '25', '14', '14', '12', '12', '13', '13', '26', '14', '14', '12', '12', '13', '13', '17', '19', '17', '25', '14', '14', '12', '12', '13', '13', '26', '14', '14', '12', '12', '13', '13', '17', '19', '17', '25', '14', '14', '12', '12', '13', '13', '26', '14', '14', '12', '12', '13', '13', '17', '19', '17', '25', '14', '14', '12', '12', '13', '13', '26', '14', '14', '12', '12', '13', '13', '17', '19', '17', '25', '14', '14', '12', '12', '13', '13', '26', '14', '14', '12', '12', '13', '13', '17', '19', '17', '25', '14', '14', '12', '12', '13', '13', '26', '14', '14', '12', '12', '13', '13', '17', '19', '17', '25', '14', '14', '14', '12', '12', '12', '13', '13', '13', '26', '14', '12', '13', '17', '19', '17', '25', '14', '14', '12', '12', '13', '13', '26', '14', '14', '12', '12', '13', '13', '17', '19', '17', '25', '14', '14', '12', '12', '13', '13', '26', '14', '14', '12', '12', '13', '13', '17', '19', '17', '25', '14', '14', '12', '12', '13', '13', '26', '14', '14', '12', '12', '13', '13', '17', '19', '17', '25', '14', '14', '14', '12', '12', '12', '13', '13', '13', '26', '14', '12', '13', '17', '19', '17', '25', '14', '14', '12', '12', '13', '13', '26', '14', '14', '12', '12', '13', '13', '17', '19', '17', '25', '14', '14', '12', '12', '13', '13', '26', '14', '14', '12', '12', '13', '13', '17', '19']","[Ibsm_129,Ibsm_129,Ibsm.x_130,Ibsm.x[]_131,Ibsm.x[]_131,Ibsm.x_130,Ibsm.x_130,Ibsm.x_130,Ibsm.x_130,Ibsm.x[]_131,Ibsm.x[]_131,Ibsm.x[]_131,Ibsm.x_130,Ibsm.x_130,Ibsm.x_130,Ibsm.x_130,Ibsm_129,Ibsm_129,Ibsm_129,Ibsm.x_130,Ibsm.x[]_131,Ibsm.x[]_131,Ibsm.x_130,Ibsm.x_130,Ibsm.x_130,Ibsm.x_130,Ibsm.x[]_131,Ibsm.x[]_131,Ibsm.x[]_131,Ibsm.x_130,Ibsm.x_130,Ibsm.x_130,Ibsm.x_130,Ibsm_129,Ibsm_129,Ibsm_129,Ibsm.x_130,Ibsm.x[]_131,Ibsm.x[]_131,Ibsm.x_130,Ibsm.x_130,Ibsm.x_130,Ibsm.x_130,Ibsm.x[]_131,Ibsm.x[]_131,Ibsm.x[]_131,Ibsm.x_130,Ibsm.x_130,Ibsm.x_130,Ibsm.x_130,Ibsm_129,Ibsm_129,Ibsm_129,Ibsm.x_130,Ibsm.x[]_131,Ibsm.x[]_131,Ibsm.x_130,Ibsm.x_130,Ibsm.x_130,Ibsm.x_130,Ibsm.x[]_131,Ibsm.x[]_131,Ibsm.x[]_131,Ibsm.x_130,Ibsm.x_130,Ibsm.x_130,Ibsm.x_130,Ibsm_129,Ibsm_129,Ibsm_129,Ibsm.x_130,Ibsm.x[]_131,Ibsm.x[]_131,Ibsm.x_130,Ibsm.x_130,Ibsm.x_130,Ibsm.x_130,Ibsm.x[]_131,Ibsm.x[]_131,Ibsm.x[]_131,Ibsm.x_130,Ibsm.x_130,Ibsm.x_130,Ibsm.x_130,Ibsm_129,Ibsm_129,Ibsm_129,Ibsm.x_130,Ibsm.x[]_131,Ibsm.x[]_131,Ibsm.x_130,Ibsm.x_130,Ibsm.x_130,Ibsm.x_130,Ibsm.x[]_131,Ibsm.x[]_131,Ibsm.x[]_131,Ibsm.x_130,Ibsm.x_130,Ibsm.x_130,Ibsm.x_130,Ibsm_129,Ibsm_129,Ibsm_129,Ibsm.x_130,Ibsm.x[]_131,Ibsm.x[]_131,Ibsm.x_130,Ibsm.x_130,Ibsm.x_130,Ibsm.x_130,Ibsm.x[]_131,Ibsm.x[]_131,Ibsm.x[]_131,Ibsm.x_130,Ibsm.x_130,Ibsm.x_130,Ibsm.x_130,Ibsm_129,Ibsm_129,Ibsm_129,Ibsm.x_130,Ibsm.x[]_131,Ibsm.x[]_131,Ibsm.x_130,Ibsm.x_130,Ibsm.x_130,Ibsm.x_130,Ibsm.x[]_131,Ibsm.x[]_131,Ibsm.x[]_131,Ibsm.x_130,Ibsm.x_130,Ibsm.x_130,Ibsm.x_130,Ibsm_129,Ibsm_129,Ibsm_129,Ibsm.x_130,Ibsm.x[]_131,Ibsm.x[]_131,Ibsm.x[]_131,Ibsm.x_130,Ibsm.x_130,Ibsm.x_130,Ibsm.x_130,Ibsm.x_130,Ibsm.x_130,Ibsm.x[]_131,Ibsm.x[]_131,Ibsm.x_130,Ibsm.x_130,Ibsm_129,Ibsm_129,Ibsm_129,Ibsm.x_130,Ibsm.x[]_131,Ibsm.x[]_131,Ibsm.x_130,Ibsm.x_130,Ibsm.x_130,Ibsm.x_130,Ibsm.x[]_131,Ibsm.x[]_131,Ibsm.x[]_131,Ibsm.x_130,Ibsm.x_130,Ibsm.x_130,Ibsm.x_130,Ibsm_129,Ibsm_129,Ibsm_129,Ibsm.x_130,Ibsm.x[]_131,Ibsm.x[]_131,Ibsm.x_130,Ibsm.x_130,Ibsm.x_130,Ibsm.x_130,Ibsm.x[]_131,Ibsm.x[]_131,Ibsm.x[]_131,Ibsm.x_130,Ibsm.x_130,Ibsm.x_130,Ibsm.x_130,Ibsm_129,Ibsm_129,Ibsm_129,Ibsm.x_130,Ibsm.x[]_131,Ibsm.x[]_131,Ibsm.x_130,Ibsm.x_130,Ibsm.x_130,Ibsm.x_130,Ibsm.x[]_131,Ibsm.x[]_131,Ibsm.x[]_131,Ibsm.x_130,Ibsm.x_130,Ibsm.x_130,Ibsm.x_130,Ibsm_129,Ibsm_129,Ibsm_129,Ibsm.x_130,Ibsm.x[]_131,Ibsm.x[]_131,Ibsm.x[]_131,Ibsm.x_130,Ibsm.x_130,Ibsm.x_130,Ibsm.x_130,Ibsm.x_130,Ibsm.x_130,Ibsm.x[]_131,Ibsm.x[]_131,Ibsm.x_130,Ibsm.x_130,Ibsm_129,Ibsm_129,Ibsm_129,Ibsm.x_130,Ibsm.x[]_131,Ibsm.x[]_131,Ibsm.x_130,Ibsm.x_130,Ibsm.x_130,Ibsm.x_130,Ibsm.x[]_131,Ibsm.x[]_131,Ibsm.x[]_131,Ibsm.x_130,Ibsm.x_130,Ibsm.x_130,Ibsm.x_130,Ibsm_129,Ibsm_129,Ibsm_129,Ibsm.x_130,Ibsm.x[]_131,Ibsm.x[]_131,Ibsm.x_130,Ibsm.x_130,Ibsm.x_130,Ibsm.x_130,Ibsm.x[]_131,Ibsm.x[]_131,Ibsm.x[]_131,Ibsm.x_130,Ibsm.x_130,Ibsm.x_130,Ibsm.x_130,Ibsm_129,Ibsm_129]","[none_422,none_422,Sweep_432,Supports_451,Supports_451,Monitoring_430,Monitoring_430,Discovery_439,Discovery_439,Supports_451,Supports_451,Supports_451,Monitoring_430,Monitoring_430,Discovery_439,Discovery_439,none_422,none_422,none_422,Sweep_432,Supports_451,Supports_451,Monitoring_430,Monitoring_430,Discovery_439,Discovery_439,Supports_451,Supports_451,Supports_451,Monitoring_430,Monitoring_430,Discovery_439,Discovery_439,none_422,none_422,none_422,Sweep_432,Supports_451,Supports_451,Monitoring_430,Monitoring_430,Discovery_439,Discovery_439,Supports_451,Supports_451,Supports_451,Monitoring_430,Monitoring_430,Discovery_439,Discovery_439,none_422,none_422,none_422,Sweep_432,Supports_451,Supports_451,Monitoring_430,Monitoring_430,Discovery_439,Discovery_439,Supports_451,Supports_451,Supports_451,Monitoring_430,Monitoring_430,Discovery_439,Discovery_439,none_422,none_422,none_422,Sweep_432,Supports_451,Supports_451,Monitoring_430,Monitoring_430,Discovery_439,Discovery_439,Supports_451,Supports_451,Supports_451,Monitoring_430,Monitoring_430,Discovery_439,Discovery_439,none_422,none_422,none_422,Sweep_432,Supports_451,Supports_451,Monitoring_430,Monitoring_430,Discovery_439,Discovery_439,Supports_451,Supports_451,Supports_451,Monitoring_430,Monitoring_430,Discovery_439,Discovery_439,none_422,none_422,none_422,Sweep_432,Supports_451,Supports_451,Monitoring_430,Monitoring_430,Discovery_439,Discovery_439,Supports_451,Supports_451,Supports_451,Monitoring_430,Monitoring_430,Discovery_439,Discovery_439,none_422,none_422,none_422,Sweep_432,Supports_451,Supports_451,Monitoring_430,Monitoring_430,Discovery_439,Discovery_439,Supports_451,Supports_451,Supports_451,Monitoring_430,Monitoring_430,Discovery_439,Discovery_439,none_422,none_422,none_422,Sweep_432,Supports_451,Supports_451,Supports_451,Monitoring_430,Monitoring_430,Monitoring_430,Discovery_439,Discovery_439,Discovery_439,Supports_451,Supports_451,Monitoring_430,Discovery_439,none_422,none_422,none_422,Sweep_432,Supports_451,Supports_451,Monitoring_430,Monitoring_430,Discovery_439,Discovery_439,Supports_451,Supports_451,Supports_451,Monitoring_430,Monitoring_430,Discovery_439,Discovery_439,none_422,none_422,none_422,Sweep_432,Supports_451,Supports_451,Monitoring_430,Monitoring_430,Discovery_439,Discovery_439,Supports_451,Supports_451,Supports_451,Monitoring_430,Monitoring_430,Discovery_439,Discovery_439,none_422,none_422,none_422,Sweep_432,Supports_451,Supports_451,Monitoring_430,Monitoring_430,Discovery_439,Discovery_439,Supports_451,Supports_451,Supports_451,Monitoring_430,Monitoring_430,Discovery_439,Discovery_439,none_422,none_422,none_422,Sweep_432,Supports_451,Supports_451,Supports_451,Monitoring_430,Monitoring_430,Monitoring_430,Discovery_439,Discovery_439,Discovery_439,Supports_451,Supports_451,Monitoring_430,Discovery_439,none_422,none_422,none_422,Sweep_432,Supports_451,Supports_451,Monitoring_430,Monitoring_430,Discovery_439,Discovery_439,Supports_451,Supports_451,Supports_451,Monitoring_430,Monitoring_430,Discovery_439,Discovery_439,none_422,none_422,none_422,Sweep_432,Supports_451,Supports_451,Monitoring_430,Monitoring_430,Discovery_439,Discovery_439,Supports_451,Supports_451,Supports_451,Monitoring_430,Monitoring_430,Discovery_439,Discovery_439,none_422,none_422]","[none_684,none_683,none_697,failed_719,failed_719,failed_694,failed_694,failed_704,failed_704,none_717,failed_719,failed_719,failed_694,failed_694,failed_704,failed_704,none_683,none_684,none_683,none_697,failed_719,failed_719,failed_694,failed_694,failed_704,failed_704,none_717,failed_719,failed_719,failed_694,failed_694,failed_704,failed_704,none_683,none_684,none_683,none_697,failed_719,failed_719,failed_694,failed_694,failed_704,failed_704,none_717,failed_719,failed_719,failed_694,failed_694,failed_704,failed_704,none_683,none_684,none_683,none_697,failed_719,failed_719,failed_694,failed_694,failed_704,failed_704,none_717,failed_719,failed_719,failed_694,failed_694,failed_704,failed_704,none_683,none_684,none_683,none_697,failed_719,failed_719,failed_694,failed_694,failed_704,failed_704,none_717,failed_719,failed_719,failed_694,failed_694,failed_704,failed_704,none_683,none_684,none_683,none_697,failed_719,failed_719,failed_694,failed_694,failed_704,failed_704,none_717,failed_719,failed_719,failed_694,failed_694,failed_704,failed_704,none_683,none_684,none_683,none_697,failed_719,failed_719,failed_694,failed_694,failed_704,failed_704,none_717,failed_719,failed_719,failed_694,failed_694,failed_704,failed_704,none_683,none_684,none_683,none_697,failed_719,failed_719,failed_694,failed_694,failed_704,failed_704,none_717,failed_719,failed_719,failed_694,failed_694,failed_704,failed_704,none_683,none_684,none_683,none_697,failed_719,failed_719,failed_719,failed_694,failed_694,failed_694,failed_704,failed_704,failed_704,none_717,failed_719,failed_694,failed_704,none_683,none_684,none_683,none_697,failed_719,failed_719,failed_694,failed_694,failed_704,failed_704,none_717,failed_719,failed_719,failed_694,failed_694,failed_704,failed_704,none_683,none_684,none_683,none_697,failed_719,failed_719,failed_694,failed_694,failed_704,failed_704,none_717,failed_719,failed_719,failed_694,failed_694,failed_704,failed_704,none_683,none_684,none_683,none_697,failed_719,failed_719,failed_694,failed_694,failed_704,failed_704,none_717,failed_719,failed_719,failed_694,failed_694,failed_704,failed_704,none_683,none_684,none_683,none_697,failed_719,failed_719,failed_719,failed_694,failed_694,failed_694,failed_704,failed_704,failed_704,none_717,failed_719,failed_694,failed_704,none_683,none_684,none_683,none_697,failed_719,failed_719,failed_694,failed_694,failed_704,failed_704,none_717,failed_719,failed_719,failed_694,failed_694,failed_704,failed_704,none_683,none_684,none_683,none_697,failed_719,failed_719,failed_694,failed_694,failed_704,failed_704,none_717,failed_719,failed_719,failed_694,failed_694,failed_704,failed_704,none_683,none_684]"
190,67508,"['4', '1', '8']","[User_80,User_80,Crond_94]","[Register_307,Opened_309,Register_340]","[none_543,none_545,none_582]"
191,35693,"['9', '2', '10', '2', '9', '2', '10', '2']","[ServerAdministrator_72,Snmpd_226,ServerAdministrator_72,Snmpd_226,ServerAdministrator_72,Snmpd_226,ServerAdministrator_72,Snmpd_226]","[Initialize_291,Receiving_748,ReturningTo_290,Receiving_748,Initialize_291,Receiving_748,ReturningTo_290,Receiving_748]","[none_526,none_1082,normal_525,none_1082,none_526,none_1082,normal_525,none_1082]"
192,80402,"['9', '2', '10', '2', '9', '2', '10', '2']","[ServerAdministrator_72,Snmpd_226,ServerAdministrator_72,Snmpd_226,ServerAdministrator_72,Snmpd_226,ServerAdministrator_72,Snmpd_226]","[Initialize_291,Receiving_748,ReturningTo_290,Receiving_748,Initialize_291,Receiving_748,ReturningTo_290,Receiving_748]","[none_526,none_1082,normal_525,none_1082,none_526,none_1082,normal_525,none_1082]"
193,71804,"['18', '58', '36', '36', '63', '16']","[Ntpd_178,Dhcpd_106,Dhcpd_106,Dhcpd_106,Dhcpd_106,Xinetd_256]","[Synchronized_589,Dhcpdiscover_367,none_368,none_368,Settingup_376,none_835]","[none_897,none_614,none_616,none_616,none_630,none_1190]"
194,97677,"['9', '2', '10', '2']","[ServerAdministrator_72,Snmpd_226,ServerAdministrator_72,Snmpd_226]","[Initialize_291,Receiving_748,ReturningTo_290,Receiving_748]","[none_526,none_1082,normal_525,none_1082]"
195,52830,"['10', '2', '9', '2', '10', '2', '9', '2', '10', '2', '9', '2', '10', '2', '9', '2']","[ServerAdministrator_72,Snmpd_226,ServerAdministrator_72,Snmpd_226,ServerAdministrator_72,Snmpd_226,ServerAdministrator_72,Snmpd_226,ServerAdministrator_72,Snmpd_226,ServerAdministrator_72,Snmpd_226,ServerAdministrator_72,Snmpd_226,ServerAdministrator_72,Snmpd_226]","[ReturningTo_290,Receiving_748,Initialize_291,Receiving_748,ReturningTo_290,Receiving_748,Initialize_291,Receiving_748,ReturningTo_290,Receiving_748,Initialize_291,Receiving_748,ReturningTo_290,Receiving_748,Initialize_291,Receiving_748]","[normal_525,none_1082,none_526,none_1082,normal_525,none_1082,none_526,none_1082,normal_525,none_1082,none_526,none_1082,normal_525,none_1082,none_526,none_1082]"
196,99409,"['3', '3', '3', '3', '3', '3', '3', '3', '3', '3', '3', '3', '3', '3', '3', '3', '3', '3', '3', '3', '3', '3', '3', '3', '3', '3', '3', '3', '3', '3', '3', '3', '3', '3', '3', '3', '3', '3', '3', '3', '3', '3', '3', '3', '3', '3', '3', '3', '3', '3', '3', '3', '3', '3', '3', '3', '3', '3', '3', '3', '3', '3', '3', '3', '3', '3', '3', '3', '3', '3', '3', '3', '3', '3', '3', '3', '3', '3', '3', '3', '3', '3', '3', '3', '3', '3', '3', '3', '3', '3', '3', '3', '3', '3', '3', '3', '3', '3', '3', '3', '3', '3', '3', '3', '3', '3', '3', '3', '3', '3', '3', '3', '3', '3', '3', '3', '3', '3', '3', '3', '3', '3', '3', '3', '3', '3', '3', '3', '3', '3', '3', '3', '3', '3', '3', '3', '3', '3', '3', '3', '3', '3', '3', '3', '3', '3', '3', '3', '3', '3', '3', '3', '3', '3', '3', '3', '3', '3', '3', '3', '3', '3', '3', '3', '3', '3', '3', '3', '3', '3', '3', '3', '3', '3', '3', '3', '3', '3', '3', '3', '3', '3', '3', '3', '3', '3', '3', '3', '3', '3', '3', '3', '3', '3', '3', '3', '3', '3', '3', '3', '3', '3', '3', '3', '3', '3', '3', '3', '3', '3', '3', '3', '3', '3', '3', '3', '3', '3', '3', '3', '3', '3', '3', '3', '3', '3', '3', '3', '3', '3', '3', '3', '3', '3', '3', '3', '3', '3', '3', '3', '3', '3', '3', '3', '3', '3', '3', '3', '3', '3', '3', '3', '3', '3', '3', '3']","[Datasource_97,Datasource_97,Datasource_97,Datasource_97,Datasource_97,Datasource_97,Datasource_97,Datasource_97,Datasource_97,Datasource_97,Datasource_97,Datasource_97,Datasource_97,Datasource_97,Datasource_97,Datasource_97,Datasource_97,Datasource_97,Datasource_97,Datasource_97,Datasource_97,Datasource_97,Datasource_97,Datasource_97,Datasource_97,Datasource_97,Datasource_97,Datasource_97,Datasource_97,Datasource_97,Datasource_97,Datasource_97,Datasource_97,Datasource_97,Datasource_97,Datasource_97,Datasource_97,Datasource_97,Datasource_97,Datasource_97,Datasource_97,Datasource_97,Datasource_97,Datasource_97,Datasource_97,Datasource_97,Datasource_97,Datasource_97,Datasource_97,Datasource_97,Datasource_97,Datasource_97,Datasource_97,Datasource_97,Datasource_97,Datasource_97,Datasource_97,Datasource_97,Datasource_97,Datasource_97,Datasource_97,Datasource_97,Datasource_97,Datasource_97,Datasource_97,Datasource_97,Datasource_97,Datasource_97,Datasource_97,Datasource_97,Datasource_97,Datasource_97,Datasource_97,Datasource_97,Datasource_97,Datasource_97,Datasource_97,Datasource_97,Datasource_97,Datasource_97,Datasource_97,Datasource_97,Datasource_97,Datasource_97,Datasource_97,Datasource_97,Datasource_97,Datasource_97,Datasource_97,Datasource_97,Datasource_97,Datasource_97,Datasource_97,Datasource_97,Datasource_97,Datasource_97,Datasource_97,Datasource_97,Datasource_97,Datasource_97,Datasource_97,Datasource_97,Datasource_97,Datasource_97,Datasource_97,Datasource_97,Datasource_97,Datasource_97,Datasource_97,Datasource_97,Datasource_97,Datasource_97,Datasource_97,Datasource_97,Datasource_97,Datasource_97,Datasource_97,Datasource_97,Datasource_97,Datasource_97,Datasource_97,Datasource_97,Datasource_97,Datasource_97,Datasource_97,Datasource_97,Datasource_97,Datasource_97,Datasource_97,Datasource_97,Datasource_97,Datasource_97,Datasource_97,Datasource_97,Datasource_97,Datasource_97,Datasource_97,Datasource_97,Datasource_97,Datasource_97,Datasource_97,Datasource_97,Datasource_97,Datasource_97,Datasource_97,Datasource_97,Datasource_97,Datasource_97,Datasource_97,Datasource_97,Datasource_97,Datasource_97,Datasource_97,Datasource_97,Datasource_97,Datasource_97,Datasource_97,Datasource_97,Datasource_97,Datasource_97,Datasource_97,Datasource_97,Datasource_97,Datasource_97,Datasource_97,Datasource_97,Datasource_97,Datasource_97,Datasource_97,Datasource_97,Datasource_97,Datasource_97,Datasource_97,Datasource_97,Datasource_97,Datasource_97,Datasource_97,Datasource_97,Datasource_97,Datasource_97,Datasource_97,Datasource_97,Datasource_97,Datasource_97,Datasource_97,Datasource_97,Datasource_97,Datasource_97,Datasource_97,Datasource_97,Datasource_97,Datasource_97,Datasource_97,Datasource_97,Datasource_97,Datasource_97,Datasource_97,Datasource_97,Datasource_97,Datasource_97,Datasource_97,Datasource_97,Datasource_97,Datasource_97,Datasource_97,Datasource_97,Datasource_97,Datasource_97,Datasource_97,Datasource_97,Datasource_97,Datasource_97,Datasource_97,Datasource_97,Datasource_97,Datasource_97,Datasource_97,Datasource_97,Datasource_97,Datasource_97,Datasource_97,Datasource_97,Datasource_97,Datasource_97,Datasource_97,Datasource_97,Datasource_97,Datasource_97,Datasource_97,Datasource_97,Datasource_97,Datasource_97,Datasource_97,Datasource_97,Datasource_97,Datasource_97,Datasource_97,Datasource_97,Datasource_97,Datasource_97,Datasource_97,Datasource_97,Datasource_97,Datasource_97,Datasource_97,Datasource_97,Datasource_97,Datasource_97,Datasource_97,Datasource_97,Datasource_97,Datasource_97,Datasource_97,Datasource_97,Datasource_97,Datasource_97]","[none_348,none_348,none_348,none_348,none_348,none_348,none_348,none_348,none_348,none_348,none_348,none_348,none_348,none_348,none_348,none_348,none_348,none_348,none_348,none_348,none_348,none_348,none_348,none_348,none_348,none_348,none_348,none_348,none_348,none_348,none_348,none_348,none_348,none_348,none_348,none_348,none_348,none_348,none_348,none_348,none_348,none_348,none_348,none_348,none_348,none_348,none_348,none_348,none_348,none_348,none_348,none_348,none_348,none_348,none_348,none_348,none_348,none_348,none_348,none_348,none_348,none_348,none_348,none_348,none_348,none_348,none_348,none_348,none_348,none_348,none_348,none_348,none_348,none_348,none_348,none_348,none_348,none_348,none_348,none_348,none_348,none_348,none_348,none_348,none_348,none_348,none_348,none_348,none_348,none_348,none_348,none_348,none_348,none_348,none_348,none_348,none_348,none_348,none_348,none_348,none_348,none_348,none_348,none_348,none_348,none_348,none_348,none_348,none_348,none_348,none_348,none_348,none_348,none_348,none_348,none_348,none_348,none_348,none_348,none_348,none_348,none_348,none_348,none_348,none_348,none_348,none_348,none_348,none_348,none_348,none_348,none_348,none_348,none_348,none_348,none_348,none_348,none_348,none_348,none_348,none_348,none_348,none_348,none_348,none_348,none_348,none_348,none_348,none_348,none_348,none_348,none_348,none_348,none_348,none_348,none_348,none_348,none_348,none_348,none_348,none_348,none_348,none_348,none_348,none_348,none_348,none_348,none_348,none_348,none_348,none_348,none_348,none_348,none_348,none_348,none_348,none_348,none_348,none_348,none_348,none_348,none_348,none_348,none_348,none_348,none_348,none_348,none_348,none_348,none_348,none_348,none_348,none_348,none_348,none_348,none_348,none_348,none_348,none_348,none_348,none_348,none_348,none_348,none_348,none_348,none_348,none_348,none_348,none_348,none_348,none_348,none_348,none_348,none_348,none_348,none_348,none_348,none_348,none_348,none_348,none_348,none_348,none_348,none_348,none_348,none_348,none_348,none_348,none_348,none_348,none_348,none_348,none_348,none_348,none_348,none_348,none_348,none_348,none_348,none_348,none_348,none_348,none_348,none_348,none_348,none_348,none_348,none_348,none_348,none_348,none_348,none_348,none_348,none_348,none_348,none_348]","[no answer_590,no answer_590,no answer_590,no answer_590,no answer_590,no answer_590,no answer_590,no answer_590,no answer_590,no answer_590,no answer_590,no answer_590,no answer_590,no answer_590,no answer_590,no answer_590,no answer_590,no answer_590,no answer_590,no answer_590,no answer_590,no answer_590,no answer_590,no answer_590,no answer_590,no answer_590,no answer_590,no answer_590,no answer_590,no answer_590,no answer_590,no answer_590,no answer_590,no answer_590,no answer_590,no answer_590,no answer_590,no answer_590,no answer_590,no answer_590,no answer_590,no answer_590,no answer_590,no answer_590,no answer_590,no answer_590,no answer_590,no answer_590,no answer_590,no answer_590,no answer_590,no answer_590,no answer_590,no answer_590,no answer_590,no answer_590,no answer_590,no answer_590,no answer_590,no answer_590,no answer_590,no answer_590,no answer_590,no answer_590,no answer_590,no answer_590,no answer_590,no answer_590,no answer_590,no answer_590,no answer_590,no answer_590,no answer_590,no answer_590,no answer_590,no answer_590,no answer_590,no answer_590,no answer_590,no answer_590,no answer_590,no answer_590,no answer_590,no answer_590,no answer_590,no answer_590,no answer_590,no answer_590,no answer_590,no answer_590,no answer_590,no answer_590,no answer_590,no answer_590,no answer_590,no answer_590,no answer_590,no answer_590,no answer_590,no answer_590,no answer_590,no answer_590,no answer_590,no answer_590,no answer_590,no answer_590,no answer_590,no answer_590,no answer_590,no answer_590,no answer_590,no answer_590,no answer_590,no answer_590,no answer_590,no answer_590,no answer_590,no answer_590,no answer_590,no answer_590,no answer_590,no answer_590,no answer_590,no answer_590,no answer_590,no answer_590,no answer_590,no answer_590,no answer_590,no answer_590,no answer_590,no answer_590,no answer_590,no answer_590,no answer_590,no answer_590,no answer_590,no answer_590,no answer_590,no answer_590,no answer_590,no answer_590,no answer_590,no answer_590,no answer_590,no answer_590,no answer_590,no answer_590,no answer_590,no answer_590,no answer_590,no answer_590,no answer_590,no answer_590,no answer_590,no answer_590,no answer_590,no answer_590,no answer_590,no answer_590,no answer_590,no answer_590,no answer_590,no answer_590,no answer_590,no answer_590,no answer_590,no answer_590,no answer_590,no answer_590,no answer_590,no answer_590,no answer_590,no answer_590,no answer_590,no answer_590,no answer_590,no answer_590,no answer_590,no answer_590,no answer_590,no answer_590,no answer_590,no answer_590,no answer_590,no answer_590,no answer_590,no answer_590,no answer_590,no answer_590,no answer_590,no answer_590,no answer_590,no answer_590,no answer_590,no answer_590,no answer_590,no answer_590,no answer_590,no answer_590,no answer_590,no answer_590,no answer_590,no answer_590,no answer_590,no answer_590,no answer_590,no answer_590,no answer_590,no answer_590,no answer_590,no answer_590,no answer_590,no answer_590,no answer_590,no answer_590,no answer_590,no answer_590,no answer_590,no answer_590,no answer_590,no answer_590,no answer_590,no answer_590,no answer_590,no answer_590,no answer_590,no answer_590,no answer_590,no answer_590,no answer_590,no answer_590,no answer_590,no answer_590,no answer_590,no answer_590,no answer_590,no answer_590,no answer_590,no answer_590,no answer_590,no answer_590,no answer_590,no answer_590,no answer_590,no answer_590,no answer_590,no answer_590,no answer_590,no answer_590,no answer_590,no answer_590,no answer_590,no answer_590,no answer_590,no answer_590]"
197,97525,"['10', '2', '9', '2', '10', '2', '9', '2', '10', '2']","[ServerAdministrator_72,Snmpd_226,ServerAdministrator_72,Snmpd_226,ServerAdministrator_72,Snmpd_226,ServerAdministrator_72,Snmpd_226,ServerAdministrator_72,Snmpd_226]","[ReturningTo_290,Receiving_748,Initialize_291,Receiving_748,ReturningTo_290,Receiving_748,Initialize_291,Receiving_748,ReturningTo_290,Receiving_748]","[normal_525,none_1082,none_526,none_1082,normal_525,none_1082,none_526,none_1082,normal_525,none_1082]"
198,58475,"['9', '2', '10', '2', '9', '2', '10', '2']","[ServerAdministrator_72,Snmpd_226,ServerAdministrator_72,Snmpd_226,ServerAdministrator_72,Snmpd_226,ServerAdministrator_72,Snmpd_226]","[Initialize_291,Receiving_748,ReturningTo_290,Receiving_748,Initialize_291,Receiving_748,ReturningTo_290,Receiving_748]","[none_526,none_1082,normal_525,none_1082,none_526,none_1082,normal_525,none_1082]"
199,58322,"['10', '2', '9', '2']","[ServerAdministrator_72,Snmpd_226,ServerAdministrator_72,Snmpd_226]","[ReturningTo_290,Receiving_748,Initialize_291,Receiving_748]","[normal_525,none_1082,none_526,none_1082]"
200,28038,"['10', '2', '9', '2', '10', '2', '9', '2', '10', '2', '9', '2']","[ServerAdministrator_72,Snmpd_226,ServerAdministrator_72,Snmpd_226,ServerAdministrator_72,Snmpd_226,ServerAdministrator_72,Snmpd_226,ServerAdministrator_72,Snmpd_226,ServerAdministrator_72,Snmpd_226]","[ReturningTo_290,Receiving_748,Initialize_291,Receiving_748,ReturningTo_290,Receiving_748,Initialize_291,Receiving_748,ReturningTo_290,Receiving_748,Initialize_291,Receiving_748]","[normal_525,none_1082,none_526,none_1082,normal_525,none_1082,none_526,none_1082,normal_525,none_1082,none_526,none_1082]"
201,56930,"['9', '2', '10', '2', '9', '2', '10', '2']","[ServerAdministrator_72,Snmpd_226,ServerAdministrator_72,Snmpd_226,ServerAdministrator_72,Snmpd_226,ServerAdministrator_72,Snmpd_226]","[Initialize_291,Receiving_748,ReturningTo_290,Receiving_748,Initialize_291,Receiving_748,ReturningTo_290,Receiving_748]","[none_526,none_1082,normal_525,none_1082,none_526,none_1082,normal_525,none_1082]"
202,34272,"['4', '1', '8']","[User_80,User_80,Crond_94]","[Register_307,Opened_309,Register_340]","[none_543,none_545,none_582]"
203,56178,"['10', '2', '9', '2', '10', '2', '9', '2', '10', '2']","[ServerAdministrator_72,Snmpd_226,ServerAdministrator_72,Snmpd_226,ServerAdministrator_72,Snmpd_226,ServerAdministrator_72,Snmpd_226,ServerAdministrator_72,Snmpd_226]","[ReturningTo_290,Receiving_748,Initialize_291,Receiving_748,ReturningTo_290,Receiving_748,Initialize_291,Receiving_748,ReturningTo_290,Receiving_748]","[normal_525,none_1082,none_526,none_1082,normal_525,none_1082,none_526,none_1082,normal_525,none_1082]"
204,85879,"['1', '8', '29', '45', '46', '42', '47', '4']","[User_80,Crond_94,Sendmail_222,Sendmail_222,Sendmail_222,Sendmail_222,Anacron_84,User_80]","[Opened_309,Register_340,Retrying_704,SendingEmail_715,Start_709,UnableToQualifyDomainName_719,UpdateTimestamp_319,Register_307]","[none_545,none_582,unknown_1029,none_1044,deferred_1035,error_1048,none_555,none_543]"
205,46161,"['10', '2', '9', '2', '10', '2', '9', '2']","[ServerAdministrator_72,Snmpd_226,ServerAdministrator_72,Snmpd_226,ServerAdministrator_72,Snmpd_226,ServerAdministrator_72,Snmpd_226]","[ReturningTo_290,Receiving_748,Initialize_291,Receiving_748,ReturningTo_290,Receiving_748,Initialize_291,Receiving_748]","[normal_525,none_1082,none_526,none_1082,normal_525,none_1082,none_526,none_1082]"
206,82208,"['10', '2', '9', '2', '10', '2', '9', '2', '10', '2', '9', '2']","[ServerAdministrator_72,Snmpd_226,ServerAdministrator_72,Snmpd_226,ServerAdministrator_72,Snmpd_226,ServerAdministrator_72,Snmpd_226,ServerAdministrator_72,Snmpd_226,ServerAdministrator_72,Snmpd_226]","[ReturningTo_290,Receiving_748,Initialize_291,Receiving_748,ReturningTo_290,Receiving_748,Initialize_291,Receiving_748,ReturningTo_290,Receiving_748,Initialize_291,Receiving_748]","[normal_525,none_1082,none_526,none_1082,normal_525,none_1082,none_526,none_1082,normal_525,none_1082,none_526,none_1082]"
207,71932,"['1', '8', '47', '4']","[User_80,Crond_94,Anacron_84,User_80]","[Opened_309,Register_340,UpdateTimestamp_319,Register_307]","[none_545,none_582,none_555,none_543]"
208,81369,"['10', '2', '9', '2', '10', '2', '9', '2', '10', '2']","[ServerAdministrator_72,Snmpd_226,ServerAdministrator_72,Snmpd_226,ServerAdministrator_72,Snmpd_226,ServerAdministrator_72,Snmpd_226,ServerAdministrator_72,Snmpd_226]","[ReturningTo_290,Receiving_748,Initialize_291,Receiving_748,ReturningTo_290,Receiving_748,Initialize_291,Receiving_748,ReturningTo_290,Receiving_748]","[normal_525,none_1082,none_526,none_1082,normal_525,none_1082,none_526,none_1082,normal_525,none_1082]"
209,21135,"['4', '1', '8']","[User_80,User_80,Crond_94]","[Register_307,Opened_309,Register_340]","[none_543,none_545,none_582]"
210,8517,"['164', '166', '1', '5', '34', '87', '259', '35', '269', '257', '267', '103', '177', '31', '176', '122', '295', '31', '177', '167', '187', '31', '173', '31', '298', '34', '312', '168', '168', '31', '31', '190', '31']","[Init_137,System_236,User_80,Sshd_228,Shutdown_40,Kernel_43,Panfs_184,Kernel_43,Fsclientcap_123,Rpcs_64,Subdev_231,Kernel_43,Filesystems_115,Shutdown_40,Smartd_225,-term_0,Sshd_228,Shutdown_40,Filesystems_115,Ntpd_178,Ntpd_178,Shutdown_40,Snmpd_226,Shutdown_40,Xinetd_256,Shutdown_40,Signal_25,Kernel_43,Kernel_43,Shutdown_40,Shutdown_40,none_264,Shutdown_40]","[To_472,ShuttingDown_808,Opened_309,Connecting_786,Configuring_68,none_72,Umounting_616,none_72,Scrubbing_407,Returning_267,Startup_790,none_72,Create_392,Configuring_68,none_731,Succeeded_0,Terminating_785,Configuring_68,Create_392,Shutdown_597,Exiting_598,Configuring_68,ShuttingDown_751,Configuring_68,Exiting_839,Configuring_68,Un-registeringAndExiting_51,none_72,none_72,Configuring_68,Configuring_68,Register_849,Configuring_68]","[none_741,none_1162,none_545,none_1134,none_88,none_157,none_929,none_165,starting_665,none_492,done_1138,none_156,none_646,none_89,failed_1063,none_0,none_1133,none_89,none_646,none_908,none_909,none_89,none_1085,none_89,none_1195,none_88,none_71,none_94,none_94,none_89,none_89,signal_1205,none_89]"
211,87818,"['9', '2', '10', '2', '9', '2', '10', '2', '9', '2', '10', '2']","[ServerAdministrator_72,Snmpd_226,ServerAdministrator_72,Snmpd_226,ServerAdministrator_72,Snmpd_226,ServerAdministrator_72,Snmpd_226,ServerAdministrator_72,Snmpd_226,ServerAdministrator_72,Snmpd_226]","[Initialize_291,Receiving_748,ReturningTo_290,Receiving_748,Initialize_291,Receiving_748,ReturningTo_290,Receiving_748,Initialize_291,Receiving_748,ReturningTo_290,Receiving_748]","[none_526,none_1082,normal_525,none_1082,none_526,none_1082,normal_525,none_1082,none_526,none_1082,normal_525,none_1082]"
212,51576,"['10', '2', '9', '2', '10', '2', '9', '2', '10', '2', '9', '2']","[ServerAdministrator_72,Snmpd_226,ServerAdministrator_72,Snmpd_226,ServerAdministrator_72,Snmpd_226,ServerAdministrator_72,Snmpd_226,ServerAdministrator_72,Snmpd_226,ServerAdministrator_72,Snmpd_226]","[ReturningTo_290,Receiving_748,Initialize_291,Receiving_748,ReturningTo_290,Receiving_748,Initialize_291,Receiving_748,ReturningTo_290,Receiving_748,Initialize_291,Receiving_748]","[normal_525,none_1082,none_526,none_1082,normal_525,none_1082,none_526,none_1082,normal_525,none_1082,none_526,none_1082]"
213,47049,"['9', '2', '10', '2', '9', '2', '10', '2']","[ServerAdministrator_72,Snmpd_226,ServerAdministrator_72,Snmpd_226,ServerAdministrator_72,Snmpd_226,ServerAdministrator_72,Snmpd_226]","[Initialize_291,Receiving_748,ReturningTo_290,Receiving_748,Initialize_291,Receiving_748,ReturningTo_290,Receiving_748]","[none_526,none_1082,normal_525,none_1082,none_526,none_1082,normal_525,none_1082]"
214,66214,"['4', '1', '8', '18']","[User_80,User_80,Crond_94,Ntpd_178]","[Register_307,Opened_309,Register_340,Synchronized_589]","[none_543,none_545,none_582,none_897]"
215,94901,"['1', '8', '29', '4', '1', '8', '42', '4', '45', '46']","[User_80,Crond_94,Sendmail_222,User_80,User_80,Crond_94,Sendmail_222,User_80,Sendmail_222,Sendmail_222]","[Opened_309,Register_340,Retrying_704,Register_307,Opened_309,Register_340,UnableToQualifyDomainName_719,Register_307,SendingEmail_715,Start_709]","[none_545,none_582,unknown_1029,none_543,none_545,none_582,error_1048,none_543,none_1044,deferred_1035]"
216,98356,"['17', '19', '25', '14', '14', '14', '14', '12', '12', '12', '12', '13', '13', '13', '13', '26', '14', '14', '14', '14', '14', '12', '12', '12', '12', '12', '13', '13', '13', '13', '13', '17', '17', '19', '25', '14', '14', '14', '14', '12', '12', '12', '12', '13', '13', '13', '13', '26', '14', '14', '14', '14', '14', '12', '12', '12', '12', '12', '13', '13', '13', '13', '13', '17', '19', '25', '17', '14', '14', '14', '14', '12', '12', '12', '12', '13', '13', '13', '13', '26', '14', '14', '14', '14', '14', '12', '12', '12', '12', '12', '13', '13', '13', '13', '13', '17', '17', '19', '25', '14', '14', '14', '14', '14', '12', '12', '12', '12', '12', '13', '13', '13', '13', '13', '26', '14', '14', '14', '14', '12', '12', '12', '12', '13', '13', '13', '13', '17', '17', '19', '25', '14', '14', '14', '14', '12', '12', '12', '12', '13', '13', '13', '13', '26', '14', '14', '14', '14', '14', '12', '12', '12', '12', '12', '13', '13', '13', '13', '13', '17', '17', '19', '25', '14', '14', '14', '14', '14', '12', '12', '12', '12', '12', '13', '13', '13', '13', '13', '26', '14', '14', '14', '14', '12', '12', '12', '12', '13', '13', '13', '13', '17', '17', '19', '25', '14', '14', '14', '14', '12', '12', '12', '12', '13', '13', '13', '13', '26', '14', '14', '14', '14', '14', '12', '12', '12', '12', '12', '13', '13', '13', '13', '13', '17', '17', '19', '25', '14', '14', '14', '14', '14', '14', '12', '12', '12', '12', '12', '12', '13', '13', '13', '13', '13', '13', '26', '14', '14', '14', '12', '12', '12', '13', '13', '13', '17']","[Ibsm_129,Ibsm_129,Ibsm.x_130,Ibsm.x[]_131,Ibsm.x[]_131,Ibsm.x[]_131,Ibsm.x[]_131,Ibsm.x_130,Ibsm.x_130,Ibsm.x_130,Ibsm.x_130,Ibsm.x_130,Ibsm.x_130,Ibsm.x_130,Ibsm.x_130,Ibsm.x[]_131,Ibsm.x[]_131,Ibsm.x[]_131,Ibsm.x[]_131,Ibsm.x[]_131,Ibsm.x[]_131,Ibsm.x_130,Ibsm.x_130,Ibsm.x_130,Ibsm.x_130,Ibsm.x_130,Ibsm.x_130,Ibsm.x_130,Ibsm.x_130,Ibsm.x_130,Ibsm.x_130,Ibsm_129,Ibsm_129,Ibsm_129,Ibsm.x_130,Ibsm.x[]_131,Ibsm.x[]_131,Ibsm.x[]_131,Ibsm.x[]_131,Ibsm.x_130,Ibsm.x_130,Ibsm.x_130,Ibsm.x_130,Ibsm.x_130,Ibsm.x_130,Ibsm.x_130,Ibsm.x_130,Ibsm.x[]_131,Ibsm.x[]_131,Ibsm.x[]_131,Ibsm.x[]_131,Ibsm.x[]_131,Ibsm.x[]_131,Ibsm.x_130,Ibsm.x_130,Ibsm.x_130,Ibsm.x_130,Ibsm.x_130,Ibsm.x_130,Ibsm.x_130,Ibsm.x_130,Ibsm.x_130,Ibsm.x_130,Ibsm_129,Ibsm_129,Ibsm.x_130,Ibsm_129,Ibsm.x[]_131,Ibsm.x[]_131,Ibsm.x[]_131,Ibsm.x[]_131,Ibsm.x_130,Ibsm.x_130,Ibsm.x_130,Ibsm.x_130,Ibsm.x_130,Ibsm.x_130,Ibsm.x_130,Ibsm.x_130,Ibsm.x[]_131,Ibsm.x[]_131,Ibsm.x[]_131,Ibsm.x[]_131,Ibsm.x[]_131,Ibsm.x[]_131,Ibsm.x_130,Ibsm.x_130,Ibsm.x_130,Ibsm.x_130,Ibsm.x_130,Ibsm.x_130,Ibsm.x_130,Ibsm.x_130,Ibsm.x_130,Ibsm.x_130,Ibsm_129,Ibsm_129,Ibsm_129,Ibsm.x_130,Ibsm.x[]_131,Ibsm.x[]_131,Ibsm.x[]_131,Ibsm.x[]_131,Ibsm.x[]_131,Ibsm.x_130,Ibsm.x_130,Ibsm.x_130,Ibsm.x_130,Ibsm.x_130,Ibsm.x_130,Ibsm.x_130,Ibsm.x_130,Ibsm.x_130,Ibsm.x_130,Ibsm.x[]_131,Ibsm.x[]_131,Ibsm.x[]_131,Ibsm.x[]_131,Ibsm.x[]_131,Ibsm.x_130,Ibsm.x_130,Ibsm.x_130,Ibsm.x_130,Ibsm.x_130,Ibsm.x_130,Ibsm.x_130,Ibsm.x_130,Ibsm_129,Ibsm_129,Ibsm_129,Ibsm.x_130,Ibsm.x[]_131,Ibsm.x[]_131,Ibsm.x[]_131,Ibsm.x[]_131,Ibsm.x_130,Ibsm.x_130,Ibsm.x_130,Ibsm.x_130,Ibsm.x_130,Ibsm.x_130,Ibsm.x_130,Ibsm.x_130,Ibsm.x[]_131,Ibsm.x[]_131,Ibsm.x[]_131,Ibsm.x[]_131,Ibsm.x[]_131,Ibsm.x[]_131,Ibsm.x_130,Ibsm.x_130,Ibsm.x_130,Ibsm.x_130,Ibsm.x_130,Ibsm.x_130,Ibsm.x_130,Ibsm.x_130,Ibsm.x_130,Ibsm.x_130,Ibsm_129,Ibsm_129,Ibsm_129,Ibsm.x_130,Ibsm.x[]_131,Ibsm.x[]_131,Ibsm.x[]_131,Ibsm.x[]_131,Ibsm.x[]_131,Ibsm.x_130,Ibsm.x_130,Ibsm.x_130,Ibsm.x_130,Ibsm.x_130,Ibsm.x_130,Ibsm.x_130,Ibsm.x_130,Ibsm.x_130,Ibsm.x_130,Ibsm.x[]_131,Ibsm.x[]_131,Ibsm.x[]_131,Ibsm.x[]_131,Ibsm.x[]_131,Ibsm.x_130,Ibsm.x_130,Ibsm.x_130,Ibsm.x_130,Ibsm.x_130,Ibsm.x_130,Ibsm.x_130,Ibsm.x_130,Ibsm_129,Ibsm_129,Ibsm_129,Ibsm.x_130,Ibsm.x[]_131,Ibsm.x[]_131,Ibsm.x[]_131,Ibsm.x[]_131,Ibsm.x_130,Ibsm.x_130,Ibsm.x_130,Ibsm.x_130,Ibsm.x_130,Ibsm.x_130,Ibsm.x_130,Ibsm.x_130,Ibsm.x[]_131,Ibsm.x[]_131,Ibsm.x[]_131,Ibsm.x[]_131,Ibsm.x[]_131,Ibsm.x[]_131,Ibsm.x_130,Ibsm.x_130,Ibsm.x_130,Ibsm.x_130,Ibsm.x_130,Ibsm.x_130,Ibsm.x_130,Ibsm.x_130,Ibsm.x_130,Ibsm.x_130,Ibsm_129,Ibsm_129,Ibsm_129,Ibsm.x_130,Ibsm.x[]_131,Ibsm.x[]_131,Ibsm.x[]_131,Ibsm.x[]_131,Ibsm.x[]_131,Ibsm.x[]_131,Ibsm.x_130,Ibsm.x_130,Ibsm.x_130,Ibsm.x_130,Ibsm.x_130,Ibsm.x_130,Ibsm.x_130,Ibsm.x_130,Ibsm.x_130,Ibsm.x_130,Ibsm.x_130,Ibsm.x_130,Ibsm.x[]_131,Ibsm.x[]_131,Ibsm.x[]_131,Ibsm.x[]_131,Ibsm.x_130,Ibsm.x_130,Ibsm.x_130,Ibsm.x_130,Ibsm.x_130,Ibsm.x_130,Ibsm_129]","[none_422,none_422,Sweep_432,Supports_451,Supports_451,Supports_451,Supports_451,Monitoring_430,Monitoring_430,Monitoring_430,Monitoring_430,Discovery_439,Discovery_439,Discovery_439,Discovery_439,Supports_451,Supports_451,Supports_451,Supports_451,Supports_451,Supports_451,Monitoring_430,Monitoring_430,Monitoring_430,Monitoring_430,Monitoring_430,Discovery_439,Discovery_439,Discovery_439,Discovery_439,Discovery_439,none_422,none_422,none_422,Sweep_432,Supports_451,Supports_451,Supports_451,Supports_451,Monitoring_430,Monitoring_430,Monitoring_430,Monitoring_430,Discovery_439,Discovery_439,Discovery_439,Discovery_439,Supports_451,Supports_451,Supports_451,Supports_451,Supports_451,Supports_451,Monitoring_430,Monitoring_430,Monitoring_430,Monitoring_430,Monitoring_430,Discovery_439,Discovery_439,Discovery_439,Discovery_439,Discovery_439,none_422,none_422,Sweep_432,none_422,Supports_451,Supports_451,Supports_451,Supports_451,Monitoring_430,Monitoring_430,Monitoring_430,Monitoring_430,Discovery_439,Discovery_439,Discovery_439,Discovery_439,Supports_451,Supports_451,Supports_451,Supports_451,Supports_451,Supports_451,Monitoring_430,Monitoring_430,Monitoring_430,Monitoring_430,Monitoring_430,Discovery_439,Discovery_439,Discovery_439,Discovery_439,Discovery_439,none_422,none_422,none_422,Sweep_432,Supports_451,Supports_451,Supports_451,Supports_451,Supports_451,Monitoring_430,Monitoring_430,Monitoring_430,Monitoring_430,Monitoring_430,Discovery_439,Discovery_439,Discovery_439,Discovery_439,Discovery_439,Supports_451,Supports_451,Supports_451,Supports_451,Supports_451,Monitoring_430,Monitoring_430,Monitoring_430,Monitoring_430,Discovery_439,Discovery_439,Discovery_439,Discovery_439,none_422,none_422,none_422,Sweep_432,Supports_451,Supports_451,Supports_451,Supports_451,Monitoring_430,Monitoring_430,Monitoring_430,Monitoring_430,Discovery_439,Discovery_439,Discovery_439,Discovery_439,Supports_451,Supports_451,Supports_451,Supports_451,Supports_451,Supports_451,Monitoring_430,Monitoring_430,Monitoring_430,Monitoring_430,Monitoring_430,Discovery_439,Discovery_439,Discovery_439,Discovery_439,Discovery_439,none_422,none_422,none_422,Sweep_432,Supports_451,Supports_451,Supports_451,Supports_451,Supports_451,Monitoring_430,Monitoring_430,Monitoring_430,Monitoring_430,Monitoring_430,Discovery_439,Discovery_439,Discovery_439,Discovery_439,Discovery_439,Supports_451,Supports_451,Supports_451,Supports_451,Supports_451,Monitoring_430,Monitoring_430,Monitoring_430,Monitoring_430,Discovery_439,Discovery_439,Discovery_439,Discovery_439,none_422,none_422,none_422,Sweep_432,Supports_451,Supports_451,Supports_451,Supports_451,Monitoring_430,Monitoring_430,Monitoring_430,Monitoring_430,Discovery_439,Discovery_439,Discovery_439,Discovery_439,Supports_451,Supports_451,Supports_451,Supports_451,Supports_451,Supports_451,Monitoring_430,Monitoring_430,Monitoring_430,Monitoring_430,Monitoring_430,Discovery_439,Discovery_439,Discovery_439,Discovery_439,Discovery_439,none_422,none_422,none_422,Sweep_432,Supports_451,Supports_451,Supports_451,Supports_451,Supports_451,Supports_451,Monitoring_430,Monitoring_430,Monitoring_430,Monitoring_430,Monitoring_430,Monitoring_430,Discovery_439,Discovery_439,Discovery_439,Discovery_439,Discovery_439,Discovery_439,Supports_451,Supports_451,Supports_451,Supports_451,Monitoring_430,Monitoring_430,Monitoring_430,Discovery_439,Discovery_439,Discovery_439,none_422]","[none_683,none_684,none_697,failed_719,failed_719,failed_719,failed_719,failed_694,failed_694,failed_694,failed_694,failed_704,failed_704,failed_704,failed_704,none_717,failed_719,failed_719,failed_719,failed_719,failed_719,failed_694,failed_694,failed_694,failed_694,failed_694,failed_704,failed_704,failed_704,failed_704,failed_704,none_683,none_683,none_684,none_697,failed_719,failed_719,failed_719,failed_719,failed_694,failed_694,failed_694,failed_694,failed_704,failed_704,failed_704,failed_704,none_717,failed_719,failed_719,failed_719,failed_719,failed_719,failed_694,failed_694,failed_694,failed_694,failed_694,failed_704,failed_704,failed_704,failed_704,failed_704,none_683,none_684,none_697,none_683,failed_719,failed_719,failed_719,failed_719,failed_694,failed_694,failed_694,failed_694,failed_704,failed_704,failed_704,failed_704,none_717,failed_719,failed_719,failed_719,failed_719,failed_719,failed_694,failed_694,failed_694,failed_694,failed_694,failed_704,failed_704,failed_704,failed_704,failed_704,none_683,none_683,none_684,none_697,failed_719,failed_719,failed_719,failed_719,failed_719,failed_694,failed_694,failed_694,failed_694,failed_694,failed_704,failed_704,failed_704,failed_704,failed_704,none_717,failed_719,failed_719,failed_719,failed_719,failed_694,failed_694,failed_694,failed_694,failed_704,failed_704,failed_704,failed_704,none_683,none_683,none_684,none_697,failed_719,failed_719,failed_719,failed_719,failed_694,failed_694,failed_694,failed_694,failed_704,failed_704,failed_704,failed_704,none_717,failed_719,failed_719,failed_719,failed_719,failed_719,failed_694,failed_694,failed_694,failed_694,failed_694,failed_704,failed_704,failed_704,failed_704,failed_704,none_683,none_683,none_684,none_697,failed_719,failed_719,failed_719,failed_719,failed_719,failed_694,failed_694,failed_694,failed_694,failed_694,failed_704,failed_704,failed_704,failed_704,failed_704,none_717,failed_719,failed_719,failed_719,failed_719,failed_694,failed_694,failed_694,failed_694,failed_704,failed_704,failed_704,failed_704,none_683,none_683,none_684,none_697,failed_719,failed_719,failed_719,failed_719,failed_694,failed_694,failed_694,failed_694,failed_704,failed_704,failed_704,failed_704,none_717,failed_719,failed_719,failed_719,failed_719,failed_719,failed_694,failed_694,failed_694,failed_694,failed_694,failed_704,failed_704,failed_704,failed_704,failed_704,none_683,none_683,none_684,none_697,failed_719,failed_719,failed_719,failed_719,failed_719,failed_719,failed_694,failed_694,failed_694,failed_694,failed_694,failed_694,failed_704,failed_704,failed_704,failed_704,failed_704,failed_704,none_717,failed_719,failed_719,failed_719,failed_694,failed_694,failed_694,failed_704,failed_704,failed_704,none_683]"
217,89152,"['9', '2', '10', '2', '9', '2', '10', '2', '9', '2', '10', '2', '9', '2', '10', '2', '9', '2', '10', '2']","[ServerAdministrator_72,Snmpd_226,ServerAdministrator_72,Snmpd_226,ServerAdministrator_72,Snmpd_226,ServerAdministrator_72,Snmpd_226,ServerAdministrator_72,Snmpd_226,ServerAdministrator_72,Snmpd_226,ServerAdministrator_72,Snmpd_226,ServerAdministrator_72,Snmpd_226,ServerAdministrator_72,Snmpd_226,ServerAdministrator_72,Snmpd_226]","[Initialize_291,Receiving_748,ReturningTo_290,Receiving_748,Initialize_291,Receiving_748,ReturningTo_290,Receiving_748,Initialize_291,Receiving_748,ReturningTo_290,Receiving_748,Initialize_291,Receiving_748,ReturningTo_290,Receiving_748,Initialize_291,Receiving_748,ReturningTo_290,Receiving_748]","[none_526,none_1082,normal_525,none_1082,none_526,none_1082,normal_525,none_1082,none_526,none_1082,normal_525,none_1082,none_526,none_1082,normal_525,none_1082,none_526,none_1082,normal_525,none_1082]"
218,78469,"['10', '2', '9', '2']","[ServerAdministrator_72,Snmpd_226,ServerAdministrator_72,Snmpd_226]","[ReturningTo_290,Receiving_748,Initialize_291,Receiving_748]","[normal_525,none_1082,none_526,none_1082]"
219,34270,"['4', '1', '8']","[User_80,User_80,Crond_94]","[Register_307,Opened_309,Register_340]","[none_543,none_545,none_582]"
220,96343,"['9', '2', '10', '2', '9', '2', '10', '2']","[ServerAdministrator_72,Snmpd_226,ServerAdministrator_72,Snmpd_226,ServerAdministrator_72,Snmpd_226,ServerAdministrator_72,Snmpd_226]","[Initialize_291,Receiving_748,ReturningTo_290,Receiving_748,Initialize_291,Receiving_748,ReturningTo_290,Receiving_748]","[none_526,none_1082,normal_525,none_1082,none_526,none_1082,normal_525,none_1082]"
221,69672,"['4', '1', '8', '1', '8', '29', '45', '46', '42', '47', '4']","[User_80,User_80,Crond_94,User_80,Crond_94,Sendmail_222,Sendmail_222,Sendmail_222,Sendmail_222,Anacron_84,User_80]","[Register_307,Opened_309,Register_340,Opened_309,Register_340,Retrying_704,SendingEmail_715,Start_709,UnableToQualifyDomainName_719,UpdateTimestamp_319,Register_307]","[none_543,none_545,none_582,none_545,none_582,unknown_1029,none_1044,deferred_1035,error_1048,none_555,none_543]"
222,94842,"['1', '8', '29', '42', '4', '45', '46', '18', '16', '16', '1', '5', '16']","[User_80,Crond_94,Sendmail_222,Sendmail_222,User_80,Sendmail_222,Sendmail_222,Ntpd_178,Xinetd_256,Xinetd_256,User_80,Sshd_228,Xinetd_256]","[Opened_309,Register_340,Retrying_704,UnableToQualifyDomainName_719,Register_307,SendingEmail_715,Start_709,Synchronized_589,none_835,none_835,Opened_309,Connecting_786,none_835]","[none_545,none_582,unknown_1029,error_1048,none_543,none_1044,deferred_1035,none_897,none_1190,none_1190,none_545,none_1134,none_1190]"
223,34435,"['4', '1', '8']","[User_80,User_80,Crond_94]","[Register_307,Opened_309,Register_340]","[none_543,none_545,none_582]"
224,90111,"['9', '2', '10', '2']","[ServerAdministrator_72,Snmpd_226,ServerAdministrator_72,Snmpd_226]","[Initialize_291,Receiving_748,ReturningTo_290,Receiving_748]","[none_526,none_1082,normal_525,none_1082]"
225,46320,"['9', '2', '10', '2', '9', '2', '10', '2', '9', '2', '10', '2', '9', '2', '10', '2', '9', '2', '10', '2']","[ServerAdministrator_72,Snmpd_226,ServerAdministrator_72,Snmpd_226,ServerAdministrator_72,Snmpd_226,ServerAdministrator_72,Snmpd_226,ServerAdministrator_72,Snmpd_226,ServerAdministrator_72,Snmpd_226,ServerAdministrator_72,Snmpd_226,ServerAdministrator_72,Snmpd_226,ServerAdministrator_72,Snmpd_226,ServerAdministrator_72,Snmpd_226]","[Initialize_291,Receiving_748,ReturningTo_290,Receiving_748,Initialize_291,Receiving_748,ReturningTo_290,Receiving_748,Initialize_291,Receiving_748,ReturningTo_290,Receiving_748,Initialize_291,Receiving_748,ReturningTo_290,Receiving_748,Initialize_291,Receiving_748,ReturningTo_290,Receiving_748]","[none_526,none_1082,normal_525,none_1082,none_526,none_1082,normal_525,none_1082,none_526,none_1082,normal_525,none_1082,none_526,none_1082,normal_525,none_1082,none_526,none_1082,normal_525,none_1082]"
226,80775,"['9', '2', '10', '2']","[ServerAdministrator_72,Snmpd_226,ServerAdministrator_72,Snmpd_226]","[Initialize_291,Receiving_748,ReturningTo_290,Receiving_748]","[none_526,none_1082,normal_525,none_1082]"
227,56229,"['10', '2', '9', '2', '10', '2', '9', '2']","[ServerAdministrator_72,Snmpd_226,ServerAdministrator_72,Snmpd_226,ServerAdministrator_72,Snmpd_226,ServerAdministrator_72,Snmpd_226]","[ReturningTo_290,Receiving_748,Initialize_291,Receiving_748,ReturningTo_290,Receiving_748,Initialize_291,Receiving_748]","[normal_525,none_1082,none_526,none_1082,normal_525,none_1082,none_526,none_1082]"
228,86760,"['9', '2', '10', '2', '9', '2', '10', '2']","[ServerAdministrator_72,Snmpd_226,ServerAdministrator_72,Snmpd_226,ServerAdministrator_72,Snmpd_226,ServerAdministrator_72,Snmpd_226]","[Initialize_291,Receiving_748,ReturningTo_290,Receiving_748,Initialize_291,Receiving_748,ReturningTo_290,Receiving_748]","[none_526,none_1082,normal_525,none_1082,none_526,none_1082,normal_525,none_1082]"
229,23369,"['10', '2', '9', '2', '10', '2', '9', '2', '10', '2']","[ServerAdministrator_72,Snmpd_226,ServerAdministrator_72,Snmpd_226,ServerAdministrator_72,Snmpd_226,ServerAdministrator_72,Snmpd_226,ServerAdministrator_72,Snmpd_226]","[ReturningTo_290,Receiving_748,Initialize_291,Receiving_748,ReturningTo_290,Receiving_748,Initialize_291,Receiving_748,ReturningTo_290,Receiving_748]","[normal_525,none_1082,none_526,none_1082,normal_525,none_1082,none_526,none_1082,normal_525,none_1082]"
230,96300,"['10', '2', '9', '2', '10', '2', '9', '2', '10', '2']","[ServerAdministrator_72,Snmpd_226,ServerAdministrator_72,Snmpd_226,ServerAdministrator_72,Snmpd_226,ServerAdministrator_72,Snmpd_226,ServerAdministrator_72,Snmpd_226]","[ReturningTo_290,Receiving_748,Initialize_291,Receiving_748,ReturningTo_290,Receiving_748,Initialize_291,Receiving_748,ReturningTo_290,Receiving_748]","[normal_525,none_1082,none_526,none_1082,normal_525,none_1082,none_526,none_1082,normal_525,none_1082]"
231,87472,"['9', '2', '10', '2']","[ServerAdministrator_72,Snmpd_226,ServerAdministrator_72,Snmpd_226]","[Initialize_291,Receiving_748,ReturningTo_290,Receiving_748]","[none_526,none_1082,normal_525,none_1082]"
232,61242,"['9', '2', '10', '2', '9', '2', '10', '2', '9', '2', '10', '2', '9', '2', '10', '2']","[ServerAdministrator_72,Snmpd_226,ServerAdministrator_72,Snmpd_226,ServerAdministrator_72,Snmpd_226,ServerAdministrator_72,Snmpd_226,ServerAdministrator_72,Snmpd_226,ServerAdministrator_72,Snmpd_226,ServerAdministrator_72,Snmpd_226,ServerAdministrator_72,Snmpd_226]","[Initialize_291,Receiving_748,ReturningTo_290,Receiving_748,Initialize_291,Receiving_748,ReturningTo_290,Receiving_748,Initialize_291,Receiving_748,ReturningTo_290,Receiving_748,Initialize_291,Receiving_748,ReturningTo_290,Receiving_748]","[none_526,none_1082,normal_525,none_1082,none_526,none_1082,normal_525,none_1082,none_526,none_1082,normal_525,none_1082,none_526,none_1082,normal_525,none_1082]"
233,83612,"['9', '2', '10', '2']","[ServerAdministrator_72,Snmpd_226,ServerAdministrator_72,Snmpd_226]","[Initialize_291,Receiving_748,ReturningTo_290,Receiving_748]","[none_526,none_1082,normal_525,none_1082]"
234,64572,"['4', '1', '8']","[User_80,User_80,Crond_94]","[Register_307,Opened_309,Register_340]","[none_543,none_545,none_582]"
235,11909,"['61', '18', '61']","[Kernel_43,Ntpd_178,Kernel_43]","[TimeSync_120,Synchronized_589,TimeSync_120]","[none_286,none_897,none_286]"
236,46807,"['10', '2', '9', '2', '10', '2', '9', '2']","[ServerAdministrator_72,Snmpd_226,ServerAdministrator_72,Snmpd_226,ServerAdministrator_72,Snmpd_226,ServerAdministrator_72,Snmpd_226]","[ReturningTo_290,Receiving_748,Initialize_291,Receiving_748,ReturningTo_290,Receiving_748,Initialize_291,Receiving_748]","[normal_525,none_1082,none_526,none_1082,normal_525,none_1082,none_526,none_1082]"
237,22881,"['9', '2', '10', '2', '9', '2', '10', '2', '9', '2', '10', '2', '9', '2', '10', '2']","[ServerAdministrator_72,Snmpd_226,ServerAdministrator_72,Snmpd_226,ServerAdministrator_72,Snmpd_226,ServerAdministrator_72,Snmpd_226,ServerAdministrator_72,Snmpd_226,ServerAdministrator_72,Snmpd_226,ServerAdministrator_72,Snmpd_226,ServerAdministrator_72,Snmpd_226]","[Initialize_291,Receiving_748,ReturningTo_290,Receiving_748,Initialize_291,Receiving_748,ReturningTo_290,Receiving_748,Initialize_291,Receiving_748,ReturningTo_290,Receiving_748,Initialize_291,Receiving_748,ReturningTo_290,Receiving_748]","[none_526,none_1082,normal_525,none_1082,none_526,none_1082,normal_525,none_1082,none_526,none_1082,normal_525,none_1082,none_526,none_1082,normal_525,none_1082]"
238,93778,"['1', '8', '1', '5', '1', '1', '5', '5', '1', '5', '1', '5', '29', '1', '5', '1', '5', '1', '5', '1', '5', '1', '5', '1', '5', '42', '1', '5', '4', '45', '46', '1', '5', '1', '5', '1', '5', '1', '5', '1', '5', '1', '5', '1', '5', '1', '5', '1', '5', '1', '5', '1', '5', '1', '5', '1', '5', '1', '5', '1', '5', '1', '5', '1', '5', '1', '5', '1', '5', '1', '5', '1', '5', '1', '5', '1', '5', '1', '5', '1', '5', '1', '5', '1', '5', '1', '5', '1', '5', '1', '5', '1', '5', '1', '5', '1', '5', '1', '5', '1', '5', '1', '5', '1', '5', '1', '5', '1', '5', '1', '1', '5', '5', '1', '5', '1', '1', '5', '5', '1', '5', '1', '1', '5', '5', '1', '5', '1', '5', '1', '5', '1', '5', '1', '1', '5', '5']","[User_80,Crond_94,User_80,Sshd_228,User_80,User_80,Sshd_228,Sshd_228,User_80,Sshd_228,User_80,Sshd_228,Sendmail_222,User_80,Sshd_228,User_80,Sshd_228,User_80,Sshd_228,User_80,Sshd_228,User_80,Sshd_228,User_80,Sshd_228,Sendmail_222,User_80,Sshd_228,User_80,Sendmail_222,Sendmail_222,User_80,Sshd_228,User_80,Sshd_228,User_80,Sshd_228,User_80,Sshd_228,User_80,Sshd_228,User_80,Sshd_228,User_80,Sshd_228,User_80,Sshd_228,User_80,Sshd_228,User_80,Sshd_228,User_80,Sshd_228,User_80,Sshd_228,User_80,Sshd_228,User_80,Sshd_228,User_80,Sshd_228,User_80,Sshd_228,User_80,Sshd_228,User_80,Sshd_228,User_80,Sshd_228,User_80,Sshd_228,User_80,Sshd_228,User_80,Sshd_228,User_80,Sshd_228,User_80,Sshd_228,User_80,Sshd_228,User_80,Sshd_228,User_80,Sshd_228,User_80,Sshd_228,User_80,Sshd_228,User_80,Sshd_228,User_80,Sshd_228,User_80,Sshd_228,User_80,Sshd_228,User_80,Sshd_228,User_80,Sshd_228,User_80,Sshd_228,User_80,Sshd_228,User_80,Sshd_228,User_80,Sshd_228,User_80,User_80,Sshd_228,Sshd_228,User_80,Sshd_228,User_80,User_80,Sshd_228,Sshd_228,User_80,Sshd_228,User_80,User_80,Sshd_228,Sshd_228,User_80,Sshd_228,User_80,Sshd_228,User_80,Sshd_228,User_80,Sshd_228,User_80,User_80,Sshd_228,Sshd_228]","[Opened_309,Register_340,Opened_309,Connecting_786,Opened_309,Opened_309,Connecting_786,Connecting_786,Opened_309,Connecting_786,Opened_309,Connecting_786,Retrying_704,Opened_309,Connecting_786,Opened_309,Connecting_786,Opened_309,Connecting_786,Opened_309,Connecting_786,Opened_309,Connecting_786,Opened_309,Connecting_786,UnableToQualifyDomainName_719,Opened_309,Connecting_786,Register_307,SendingEmail_715,Start_709,Opened_309,Connecting_786,Opened_309,Connecting_786,Opened_309,Connecting_786,Opened_309,Connecting_786,Opened_309,Connecting_786,Opened_309,Connecting_786,Opened_309,Connecting_786,Opened_309,Connecting_786,Opened_309,Connecting_786,Opened_309,Connecting_786,Opened_309,Connecting_786,Opened_309,Connecting_786,Opened_309,Connecting_786,Opened_309,Connecting_786,Opened_309,Connecting_786,Opened_309,Connecting_786,Opened_309,Connecting_786,Opened_309,Connecting_786,Opened_309,Connecting_786,Opened_309,Connecting_786,Opened_309,Connecting_786,Opened_309,Connecting_786,Opened_309,Connecting_786,Opened_309,Connecting_786,Opened_309,Connecting_786,Opened_309,Connecting_786,Opened_309,Connecting_786,Opened_309,Connecting_786,Opened_309,Connecting_786,Opened_309,Connecting_786,Opened_309,Connecting_786,Opened_309,Connecting_786,Opened_309,Connecting_786,Opened_309,Connecting_786,Opened_309,Connecting_786,Opened_309,Connecting_786,Opened_309,Connecting_786,Opened_309,Connecting_786,Opened_309,Connecting_786,Opened_309,Opened_309,Connecting_786,Connecting_786,Opened_309,Connecting_786,Opened_309,Opened_309,Connecting_786,Connecting_786,Opened_309,Connecting_786,Opened_309,Opened_309,Connecting_786,Connecting_786,Opened_309,Connecting_786,Opened_309,Connecting_786,Opened_309,Connecting_786,Opened_309,Connecting_786,Opened_309,Opened_309,Connecting_786,Connecting_786]","[none_545,none_582,none_545,none_1134,none_545,none_545,none_1134,none_1134,none_545,none_1134,none_545,none_1134,unknown_1029,none_545,none_1134,none_545,none_1134,none_545,none_1134,none_545,none_1134,none_545,none_1134,none_545,none_1134,error_1048,none_545,none_1134,none_543,none_1044,deferred_1035,none_545,none_1134,none_545,none_1134,none_545,none_1134,none_545,none_1134,none_545,none_1134,none_545,none_1134,none_545,none_1134,none_545,none_1134,none_545,none_1134,none_545,none_1134,none_545,none_1134,none_545,none_1134,none_545,none_1134,none_545,none_1134,none_545,none_1134,none_545,none_1134,none_545,none_1134,none_545,none_1134,none_545,none_1134,none_545,none_1134,none_545,none_1134,none_545,none_1134,none_545,none_1134,none_545,none_1134,none_545,none_1134,none_545,none_1134,none_545,none_1134,none_545,none_1134,none_545,none_1134,none_545,none_1134,none_545,none_1134,none_545,none_1134,none_545,none_1134,none_545,none_1134,none_545,none_1134,none_545,none_1134,none_545,none_1134,none_545,none_1134,none_545,none_1134,none_545,none_545,none_1134,none_1134,none_545,none_1134,none_545,none_545,none_1134,none_1134,none_545,none_1134,none_545,none_545,none_1134,none_1134,none_545,none_1134,none_545,none_1134,none_545,none_1134,none_545,none_1134,none_545,none_545,none_1134,none_1134]"
239,43317,"['9', '2', '10', '2', '9', '2', '10', '2', '9', '2', '10', '2', '9', '2', '10', '2', '9', '2', '10', '2', '9', '2']","[ServerAdministrator_72,Snmpd_226,ServerAdministrator_72,Snmpd_226,ServerAdministrator_72,Snmpd_226,ServerAdministrator_72,Snmpd_226,ServerAdministrator_72,Snmpd_226,ServerAdministrator_72,Snmpd_226,ServerAdministrator_72,Snmpd_226,ServerAdministrator_72,Snmpd_226,ServerAdministrator_72,Snmpd_226,ServerAdministrator_72,Snmpd_226,ServerAdministrator_72,Snmpd_226]","[Initialize_291,Receiving_748,ReturningTo_290,Receiving_748,Initialize_291,Receiving_748,ReturningTo_290,Receiving_748,Initialize_291,Receiving_748,ReturningTo_290,Receiving_748,Initialize_291,Receiving_748,ReturningTo_290,Receiving_748,Initialize_291,Receiving_748,ReturningTo_290,Receiving_748,Initialize_291,Receiving_748]","[none_526,none_1082,normal_525,none_1082,none_526,none_1082,normal_525,none_1082,none_526,none_1082,normal_525,none_1082,none_526,none_1082,normal_525,none_1082,none_526,none_1082,normal_525,none_1082,none_526,none_1082]"
240,31362,"['4', '1', '8']","[User_80,User_80,Crond_94]","[Register_307,Opened_309,Register_340]","[none_543,none_545,none_582]"
241,95777,"['10', '2', '9', '2', '10', '2']","[ServerAdministrator_72,Snmpd_226,ServerAdministrator_72,Snmpd_226,ServerAdministrator_72,Snmpd_226]","[ReturningTo_290,Receiving_748,Initialize_291,Receiving_748,ReturningTo_290,Receiving_748]","[normal_525,none_1082,none_526,none_1082,normal_525,none_1082]"
242,72125,"['170', '367', '104', '303', '303', '161', '22', '22', '134', '162', '368', '304', '101', '34', '104', '104', '131', '131', '104', '304', '131', '302', '104', '314', '302', '161', '162', '305', '102', '102', '314', '131', '161', '369', '167', '180', '101', '180', '101', '101', '180', '101', '101', '101', '99', '22', '41', '41', '41', '196', '143', '61', '141', '142', '157', '131', '162', '305', '162', '370', '104', '161', '365', '366', '190']","[LogSource_153,Logger_154,Logger_154,Logger_154,Logger_154,Logger_154,Startup_230,Startup_230,Syslogd_235,Userhelper_250,Userhelper_250,Logger_154,Kernel_43,Shutdown_40,Logger_154,Logger_154,Logger_154,Logger_154,Logger_154,Logger_154,Logger_154,Logger_154,Logger_154,Logger_154,Logger_154,Logger_154,Userhelper_250,Userhelper_250,Gmond_125,Gmond_125,Logger_154,Logger_154,Logger_154,Logger_154,Ntpd_178,Kernel_43,Kernel_43,Kernel_43,Kernel_43,Kernel_43,Kernel_43,Kernel_43,Kernel_43,Kernel_43,none_260,Startup_230,Ntpd_178,Ntpd_178,Ntpd_178,Ntpd_178,Ntpd_178,Kernel_43,Ntpd_178,Ntpd_178,Ntpdate_179,Logger_154,Userhelper_250,Userhelper_250,Userhelper_250,Userhelper_250,Logger_154,Logger_154,Logger_154,Logger_154,none_264]","[Started_496,Apply_504,Handleeqeibevents_506,none_501,none_501,Setup_505,Succeeded_788,Succeeded_788,Restart_807,Updated_827,RunningWithRootPrivileges_825,none_501,Interface_83,Configuring_68,Handleeqeibevents_506,Handleeqeibevents_506,none_501,none_501,Handleeqeibevents_506,none_501,none_501,none_501,Handleeqeibevents_506,none_501,none_501,Setup_505,Updated_827,Running_826,none_415,none_415,none_501,none_501,Setup_505,Registered_502,Shutdown_597,DeniedRead_84,Interface_83,DeniedRead_84,Interface_83,Interface_83,DeniedRead_84,Interface_83,Interface_83,Interface_83,none_845,Succeeded_788,Changed_601,Changed_601,Changed_601,Configure_599,Configure_599,TimeSync_120,none_596,none_596,Step_604,none_501,Updated_827,Running_826,Updated_827,Running_826,Handleeqeibevents_506,Setup_505,none_501,Releasing_500,Register_849]","[none_767,none_780,none_782,none_775,none_775,none_781,none_1136,none_1136,none_1161,none_1182,none_1179,none_773,none_213,none_88,none_782,none_782,none_777,none_777,none_782,none_773,none_777,none_774,none_782,none_772,none_774,none_781,none_1182,none_1181,succeeded_673,succeeded_673,none_772,none_777,none_781,none_778,none_908,none_214,none_213,none_214,none_213,none_213,none_214,none_213,none_213,none_213,successful_1201,none_1136,none_913,none_913,none_913,ignored_910,none_911,none_286,none_906,none_905,none_916,none_777,none_1182,none_1181,none_1182,none_1180,none_782,none_781,none_776,finished_771,signal_1205]"
243,29772,"['10', '2', '9', '2']","[ServerAdministrator_72,Snmpd_226,ServerAdministrator_72,Snmpd_226]","[ReturningTo_290,Receiving_748,Initialize_291,Receiving_748]","[normal_525,none_1082,none_526,none_1082]"
244,98733,"['19', '17', '19', '19', '17', '19', '19', '17', '19', '19', '17', '19', '19', '17', '19', '19', '17', '19', '19', '17', '19', '19', '17', '19', '19', '17', '19', '19', '17', '19', '19', '17', '19', '19', '17', '19', '19', '17', '19', '19', '17', '19', '19', '17', '19', '19', '430', '17', '19', '19', '17', '19', '19', '17', '19', '19', '17', '19', '19', '17', '19', '19', '17', '19', '19', '17', '19', '19', '17', '19', '19', '17', '19', '19', '17', '19', '19', '17', '19', '19', '17', '19', '19', '17', '19', '19', '17', '19', '19', '17', '19', '19', '17', '19', '19', '17', '19', '19', '17', '19', '19', '17', '19', '19', '17', '19', '430', '19', '17', '19', '19', '17', '19', '19', '17', '19', '19', '17', '19', '19', '17', '19', '19', '17', '19', '19', '17', '19', '19']","[Ibsm_129,Ibsm_129,Ibsm_129,Ibsm_129,Ibsm_129,Ibsm_129,Ibsm_129,Ibsm_129,Ibsm_129,Ibsm_129,Ibsm_129,Ibsm_129,Ibsm_129,Ibsm_129,Ibsm_129,Ibsm_129,Ibsm_129,Ibsm_129,Ibsm_129,Ibsm_129,Ibsm_129,Ibsm_129,Ibsm_129,Ibsm_129,Ibsm_129,Ibsm_129,Ibsm_129,Ibsm_129,Ibsm_129,Ibsm_129,Ibsm_129,Ibsm_129,Ibsm_129,Ibsm_129,Ibsm_129,Ibsm_129,Ibsm_129,Ibsm_129,Ibsm_129,Ibsm_129,Ibsm_129,Ibsm_129,Ibsm_129,Ibsm_129,Ibsm_129,Ibsm_129,Ibsm.x[]_131,Ibsm_129,Ibsm_129,Ibsm_129,Ibsm_129,Ibsm_129,Ibsm_129,Ibsm_129,Ibsm_129,Ibsm_129,Ibsm_129,Ibsm_129,Ibsm_129,Ibsm_129,Ibsm_129,Ibsm_129,Ibsm_129,Ibsm_129,Ibsm_129,Ibsm_129,Ibsm_129,Ibsm_129,Ibsm_129,Ibsm_129,Ibsm_129,Ibsm_129,Ibsm_129,Ibsm_129,Ibsm_129,Ibsm_129,Ibsm_129,Ibsm_129,Ibsm_129,Ibsm_129,Ibsm_129,Ibsm_129,Ibsm_129,Ibsm_129,Ibsm_129,Ibsm_129,Ibsm_129,Ibsm_129,Ibsm_129,Ibsm_129,Ibsm_129,Ibsm_129,Ibsm_129,Ibsm_129,Ibsm_129,Ibsm_129,Ibsm_129,Ibsm_129,Ibsm_129,Ibsm_129,Ibsm_129,Ibsm_129,Ibsm_129,Ibsm_129,Ibsm_129,Ibsm_129,Ibsm.x[]_131,Ibsm_129,Ibsm_129,Ibsm_129,Ibsm_129,Ibsm_129,Ibsm_129,Ibsm_129,Ibsm_129,Ibsm_129,Ibsm_129,Ibsm_129,Ibsm_129,Ibsm_129,Ibsm_129,Ibsm_129,Ibsm_129,Ibsm_129,Ibsm_129,Ibsm_129,Ibsm_129,Ibsm_129,Ibsm_129]","[none_422,none_422,none_422,none_422,none_422,none_422,none_422,none_422,none_422,none_422,none_422,none_422,none_422,none_422,none_422,none_422,none_422,none_422,none_422,none_422,none_422,none_422,none_422,none_422,none_422,none_422,none_422,none_422,none_422,none_422,none_422,none_422,none_422,none_422,none_422,none_422,none_422,none_422,none_422,none_422,none_422,none_422,none_422,none_422,none_422,none_422,none_452,none_422,none_422,none_422,none_422,none_422,none_422,none_422,none_422,none_422,none_422,none_422,none_422,none_422,none_422,none_422,none_422,none_422,none_422,none_422,none_422,none_422,none_422,none_422,none_422,none_422,none_422,none_422,none_422,none_422,none_422,none_422,none_422,none_422,none_422,none_422,none_422,none_422,none_422,none_422,none_422,none_422,none_422,none_422,none_422,none_422,none_422,none_422,none_422,none_422,none_422,none_422,none_422,none_422,none_422,none_422,none_422,none_422,none_422,none_422,none_452,none_422,none_422,none_422,none_422,none_422,none_422,none_422,none_422,none_422,none_422,none_422,none_422,none_422,none_422,none_422,none_422,none_422,none_422,none_422,none_422,none_422,none_422]","[none_684,none_683,none_684,none_684,none_683,none_684,none_684,none_683,none_684,none_684,none_683,none_684,none_684,none_683,none_684,none_684,none_683,none_684,none_684,none_683,none_684,none_684,none_683,none_684,none_684,none_683,none_684,none_684,none_683,none_684,none_684,none_683,none_684,none_684,none_683,none_684,none_684,none_683,none_684,none_684,none_683,none_684,none_684,none_683,none_684,none_684,info_720,none_683,none_684,none_684,none_683,none_684,none_684,none_683,none_684,none_684,none_683,none_684,none_684,none_683,none_684,none_684,none_683,none_684,none_684,none_683,none_684,none_684,none_683,none_684,none_684,none_683,none_684,none_684,none_683,none_684,none_684,none_683,none_684,none_684,none_683,none_684,none_684,none_683,none_684,none_684,none_683,none_684,none_684,none_683,none_684,none_684,none_683,none_684,none_684,none_683,none_684,none_684,none_683,none_684,none_684,none_683,none_684,none_684,none_683,none_684,info_720,none_684,none_683,none_684,none_684,none_683,none_684,none_684,none_683,none_684,none_684,none_683,none_684,none_684,none_683,none_684,none_684,none_683,none_684,none_684,none_683,none_684,none_684]"
245,68980,"['4', '1', '8']","[User_80,User_80,Crond_94]","[Register_307,Opened_309,Register_340]","[none_543,none_545,none_582]"
246,61753,"['10', '2', '9', '2', '10', '2', '9', '2']","[ServerAdministrator_72,Snmpd_226,ServerAdministrator_72,Snmpd_226,ServerAdministrator_72,Snmpd_226,ServerAdministrator_72,Snmpd_226]","[ReturningTo_290,Receiving_748,Initialize_291,Receiving_748,ReturningTo_290,Receiving_748,Initialize_291,Receiving_748]","[normal_525,none_1082,none_526,none_1082,normal_525,none_1082,none_526,none_1082]"
247,57625,"['10', '2', '9', '2', '10', '2', '9', '2', '10', '2', '9', '2', '10', '2', '9', '2', '10', '2']","[ServerAdministrator_72,Snmpd_226,ServerAdministrator_72,Snmpd_226,ServerAdministrator_72,Snmpd_226,ServerAdministrator_72,Snmpd_226,ServerAdministrator_72,Snmpd_226,ServerAdministrator_72,Snmpd_226,ServerAdministrator_72,Snmpd_226,ServerAdministrator_72,Snmpd_226,ServerAdministrator_72,Snmpd_226]","[ReturningTo_290,Receiving_748,Initialize_291,Receiving_748,ReturningTo_290,Receiving_748,Initialize_291,Receiving_748,ReturningTo_290,Receiving_748,Initialize_291,Receiving_748,ReturningTo_290,Receiving_748,Initialize_291,Receiving_748,ReturningTo_290,Receiving_748]","[normal_525,none_1082,none_526,none_1082,normal_525,none_1082,none_526,none_1082,normal_525,none_1082,none_526,none_1082,normal_525,none_1082,none_526,none_1082,normal_525,none_1082]"
248,99197,"['3', '3', '3', '3', '3', '3', '3', '3', '3', '3', '3', '3', '3', '3', '3', '3', '3', '3', '3', '3', '3', '3', '3', '3', '3', '3', '3', '3', '3', '3', '3', '3', '3', '3', '3', '3', '3', '3', '3', '3', '3', '3', '3', '3', '3', '3', '3', '3', '3', '3', '3', '3', '3', '3', '3', '3', '3', '3', '3', '3', '3', '3', '3', '3', '3', '3', '3', '3', '3', '3', '3', '3', '3', '3', '3', '3', '3', '3', '3', '3', '3', '3', '3', '3', '3', '3', '3', '3', '3', '3', '3', '3', '3', '3', '3', '3', '3', '3', '3', '3', '3', '3', '3', '3', '3', '3', '3', '3', '3', '3', '3', '3', '3', '3', '3', '3', '3', '3', '3', '3', '3', '3', '3', '3', '3', '3', '3', '3', '3', '3', '3', '3', '3', '313', '3', '3', '3', '3', '3', '3', '3', '3', '3', '3', '3', '3', '3', '3', '3', '3', '3', '3', '3', '3', '3', '3', '3', '3', '3', '3', '3', '3', '3', '3', '3', '3', '3', '3', '3', '3', '3', '3', '3', '3', '3', '3', '3', '3', '3', '3', '3', '3', '313', '3', '3', '3', '3', '3', '3', '3', '3', '3', '3', '3', '3', '3', '3', '3', '3', '3', '3', '3', '3', '3', '3', '3', '3', '3', '3', '3', '313', '3', '3', '3', '3', '3', '3', '3', '3', '3', '3', '3', '3', '3', '3', '3', '3', '3', '3', '3', '3', '3', '3', '3', '3', '3', '3', '3', '3', '3', '3', '3', '3', '3', '3', '3', '3', '3', '3', '3', '3', '3', '3', '3', '3', '3']","[Datasource_97,Datasource_97,Datasource_97,Datasource_97,Datasource_97,Datasource_97,Datasource_97,Datasource_97,Datasource_97,Datasource_97,Datasource_97,Datasource_97,Datasource_97,Datasource_97,Datasource_97,Datasource_97,Datasource_97,Datasource_97,Datasource_97,Datasource_97,Datasource_97,Datasource_97,Datasource_97,Datasource_97,Datasource_97,Datasource_97,Datasource_97,Datasource_97,Datasource_97,Datasource_97,Datasource_97,Datasource_97,Datasource_97,Datasource_97,Datasource_97,Datasource_97,Datasource_97,Datasource_97,Datasource_97,Datasource_97,Datasource_97,Datasource_97,Datasource_97,Datasource_97,Datasource_97,Datasource_97,Datasource_97,Datasource_97,Datasource_97,Datasource_97,Datasource_97,Datasource_97,Datasource_97,Datasource_97,Datasource_97,Datasource_97,Datasource_97,Datasource_97,Datasource_97,Datasource_97,Datasource_97,Datasource_97,Datasource_97,Datasource_97,Datasource_97,Datasource_97,Datasource_97,Datasource_97,Datasource_97,Datasource_97,Datasource_97,Datasource_97,Datasource_97,Datasource_97,Datasource_97,Datasource_97,Datasource_97,Datasource_97,Datasource_97,Datasource_97,Datasource_97,Datasource_97,Datasource_97,Datasource_97,Datasource_97,Datasource_97,Datasource_97,Datasource_97,Datasource_97,Datasource_97,Datasource_97,Datasource_97,Datasource_97,Datasource_97,Datasource_97,Datasource_97,Datasource_97,Datasource_97,Datasource_97,Datasource_97,Datasource_97,Datasource_97,Datasource_97,Datasource_97,Datasource_97,Datasource_97,Datasource_97,Datasource_97,Datasource_97,Datasource_97,Datasource_97,Datasource_97,Datasource_97,Datasource_97,Datasource_97,Datasource_97,Datasource_97,Datasource_97,Datasource_97,Datasource_97,Datasource_97,Datasource_97,Datasource_97,Datasource_97,Datasource_97,Datasource_97,Datasource_97,Datasource_97,Datasource_97,Datasource_97,Datasource_97,Datasource_97,Datasource_97,Gmetad_124,Datasource_97,Datasource_97,Datasource_97,Datasource_97,Datasource_97,Datasource_97,Datasource_97,Datasource_97,Datasource_97,Datasource_97,Datasource_97,Datasource_97,Datasource_97,Datasource_97,Datasource_97,Datasource_97,Datasource_97,Datasource_97,Datasource_97,Datasource_97,Datasource_97,Datasource_97,Datasource_97,Datasource_97,Datasource_97,Datasource_97,Datasource_97,Datasource_97,Datasource_97,Datasource_97,Datasource_97,Datasource_97,Datasource_97,Datasource_97,Datasource_97,Datasource_97,Datasource_97,Datasource_97,Datasource_97,Datasource_97,Datasource_97,Datasource_97,Datasource_97,Datasource_97,Datasource_97,Datasource_97,Datasource_97,Datasource_97,Gmetad_124,Datasource_97,Datasource_97,Datasource_97,Datasource_97,Datasource_97,Datasource_97,Datasource_97,Datasource_97,Datasource_97,Datasource_97,Datasource_97,Datasource_97,Datasource_97,Datasource_97,Datasource_97,Datasource_97,Datasource_97,Datasource_97,Datasource_97,Datasource_97,Datasource_97,Datasource_97,Datasource_97,Datasource_97,Datasource_97,Datasource_97,Datasource_97,Gmetad_124,Datasource_97,Datasource_97,Datasource_97,Datasource_97,Datasource_97,Datasource_97,Datasource_97,Datasource_97,Datasource_97,Datasource_97,Datasource_97,Datasource_97,Datasource_97,Datasource_97,Datasource_97,Datasource_97,Datasource_97,Datasource_97,Datasource_97,Datasource_97,Datasource_97,Datasource_97,Datasource_97,Datasource_97,Datasource_97,Datasource_97,Datasource_97,Datasource_97,Datasource_97,Datasource_97,Datasource_97,Datasource_97,Datasource_97,Datasource_97,Datasource_97,Datasource_97,Datasource_97,Datasource_97,Datasource_97,Datasource_97,Datasource_97,Datasource_97,Datasource_97,Datasource_97,Datasource_97]","[none_348,none_348,none_348,none_348,none_348,none_348,none_348,none_348,none_348,none_348,none_348,none_348,none_348,none_348,none_348,none_348,none_348,none_348,none_348,none_348,none_348,none_348,none_348,none_348,none_348,none_348,none_348,none_348,none_348,none_348,none_348,none_348,none_348,none_348,none_348,none_348,none_348,none_348,none_348,none_348,none_348,none_348,none_348,none_348,none_348,none_348,none_348,none_348,none_348,none_348,none_348,none_348,none_348,none_348,none_348,none_348,none_348,none_348,none_348,none_348,none_348,none_348,none_348,none_348,none_348,none_348,none_348,none_348,none_348,none_348,none_348,none_348,none_348,none_348,none_348,none_348,none_348,none_348,none_348,none_348,none_348,none_348,none_348,none_348,none_348,none_348,none_348,none_348,none_348,none_348,none_348,none_348,none_348,none_348,none_348,none_348,none_348,none_348,none_348,none_348,none_348,none_348,none_348,none_348,none_348,none_348,none_348,none_348,none_348,none_348,none_348,none_348,none_348,none_348,none_348,none_348,none_348,none_348,none_348,none_348,none_348,none_348,none_348,none_348,none_348,none_348,none_348,none_348,none_348,none_348,none_348,none_348,none_348,Terminate_409,none_348,none_348,none_348,none_348,none_348,none_348,none_348,none_348,none_348,none_348,none_348,none_348,none_348,none_348,none_348,none_348,none_348,none_348,none_348,none_348,none_348,none_348,none_348,none_348,none_348,none_348,none_348,none_348,none_348,none_348,none_348,none_348,none_348,none_348,none_348,none_348,none_348,none_348,none_348,none_348,none_348,none_348,none_348,none_348,none_348,none_348,none_348,none_348,Terminate_409,none_348,none_348,none_348,none_348,none_348,none_348,none_348,none_348,none_348,none_348,none_348,none_348,none_348,none_348,none_348,none_348,none_348,none_348,none_348,none_348,none_348,none_348,none_348,none_348,none_348,none_348,none_348,Terminate_409,none_348,none_348,none_348,none_348,none_348,none_348,none_348,none_348,none_348,none_348,none_348,none_348,none_348,none_348,none_348,none_348,none_348,none_348,none_348,none_348,none_348,none_348,none_348,none_348,none_348,none_348,none_348,none_348,none_348,none_348,none_348,none_348,none_348,none_348,none_348,none_348,none_348,none_348,none_348,none_348,none_348,none_348,none_348,none_348,none_348]","[no answer_590,no answer_590,no answer_590,no answer_590,no answer_590,no answer_590,no answer_590,no answer_590,no answer_590,no answer_590,no answer_590,no answer_590,no answer_590,no answer_590,no answer_590,no answer_590,no answer_590,no answer_590,no answer_590,no answer_590,no answer_590,no answer_590,no answer_590,no answer_590,no answer_590,no answer_590,no answer_590,no answer_590,no answer_590,no answer_590,no answer_590,no answer_590,no answer_590,no answer_590,no answer_590,no answer_590,no answer_590,no answer_590,no answer_590,no answer_590,no answer_590,no answer_590,no answer_590,no answer_590,no answer_590,no answer_590,no answer_590,no answer_590,no answer_590,no answer_590,no answer_590,no answer_590,no answer_590,no answer_590,no answer_590,no answer_590,no answer_590,no answer_590,no answer_590,no answer_590,no answer_590,no answer_590,no answer_590,no answer_590,no answer_590,no answer_590,no answer_590,no answer_590,no answer_590,no answer_590,no answer_590,no answer_590,no answer_590,no answer_590,no answer_590,no answer_590,no answer_590,no answer_590,no answer_590,no answer_590,no answer_590,no answer_590,no answer_590,no answer_590,no answer_590,no answer_590,no answer_590,no answer_590,no answer_590,no answer_590,no answer_590,no answer_590,no answer_590,no answer_590,no answer_590,no answer_590,no answer_590,no answer_590,no answer_590,no answer_590,no answer_590,no answer_590,no answer_590,no answer_590,no answer_590,no answer_590,no answer_590,no answer_590,no answer_590,no answer_590,no answer_590,no answer_590,no answer_590,no answer_590,no answer_590,no answer_590,no answer_590,no answer_590,no answer_590,no answer_590,no answer_590,no answer_590,no answer_590,no answer_590,no answer_590,no answer_590,no answer_590,no answer_590,no answer_590,no answer_590,no answer_590,no answer_590,no answer_590,error_667,no answer_590,no answer_590,no answer_590,no answer_590,no answer_590,no answer_590,no answer_590,no answer_590,no answer_590,no answer_590,no answer_590,no answer_590,no answer_590,no answer_590,no answer_590,no answer_590,no answer_590,no answer_590,no answer_590,no answer_590,no answer_590,no answer_590,no answer_590,no answer_590,no answer_590,no answer_590,no answer_590,no answer_590,no answer_590,no answer_590,no answer_590,no answer_590,no answer_590,no answer_590,no answer_590,no answer_590,no answer_590,no answer_590,no answer_590,no answer_590,no answer_590,no answer_590,no answer_590,no answer_590,no answer_590,no answer_590,no answer_590,no answer_590,error_667,no answer_590,no answer_590,no answer_590,no answer_590,no answer_590,no answer_590,no answer_590,no answer_590,no answer_590,no answer_590,no answer_590,no answer_590,no answer_590,no answer_590,no answer_590,no answer_590,no answer_590,no answer_590,no answer_590,no answer_590,no answer_590,no answer_590,no answer_590,no answer_590,no answer_590,no answer_590,no answer_590,error_667,no answer_590,no answer_590,no answer_590,no answer_590,no answer_590,no answer_590,no answer_590,no answer_590,no answer_590,no answer_590,no answer_590,no answer_590,no answer_590,no answer_590,no answer_590,no answer_590,no answer_590,no answer_590,no answer_590,no answer_590,no answer_590,no answer_590,no answer_590,no answer_590,no answer_590,no answer_590,no answer_590,no answer_590,no answer_590,no answer_590,no answer_590,no answer_590,no answer_590,no answer_590,no answer_590,no answer_590,no answer_590,no answer_590,no answer_590,no answer_590,no answer_590,no answer_590,no answer_590,no answer_590,no answer_590]"
249,97571,"['9', '2', '10', '2', '9', '2', '10', '2']","[ServerAdministrator_72,Snmpd_226,ServerAdministrator_72,Snmpd_226,ServerAdministrator_72,Snmpd_226,ServerAdministrator_72,Snmpd_226]","[Initialize_291,Receiving_748,ReturningTo_290,Receiving_748,Initialize_291,Receiving_748,ReturningTo_290,Receiving_748]","[none_526,none_1082,normal_525,none_1082,none_526,none_1082,normal_525,none_1082]"
250,28652,"['9', '2', '10', '2', '9', '2', '10', '2', '9', '2', '10', '2', '9', '2', '10', '2', '9', '2', '10', '2', '9', '2', '10', '2']","[ServerAdministrator_72,Snmpd_226,ServerAdministrator_72,Snmpd_226,ServerAdministrator_72,Snmpd_226,ServerAdministrator_72,Snmpd_226,ServerAdministrator_72,Snmpd_226,ServerAdministrator_72,Snmpd_226,ServerAdministrator_72,Snmpd_226,ServerAdministrator_72,Snmpd_226,ServerAdministrator_72,Snmpd_226,ServerAdministrator_72,Snmpd_226,ServerAdministrator_72,Snmpd_226,ServerAdministrator_72,Snmpd_226]","[Initialize_291,Receiving_748,ReturningTo_290,Receiving_748,Initialize_291,Receiving_748,ReturningTo_290,Receiving_748,Initialize_291,Receiving_748,ReturningTo_290,Receiving_748,Initialize_291,Receiving_748,ReturningTo_290,Receiving_748,Initialize_291,Receiving_748,ReturningTo_290,Receiving_748,Initialize_291,Receiving_748,ReturningTo_290,Receiving_748]","[none_526,none_1082,normal_525,none_1082,none_526,none_1082,normal_525,none_1082,none_526,none_1082,normal_525,none_1082,none_526,none_1082,normal_525,none_1082,none_526,none_1082,normal_525,none_1082,none_526,none_1082,normal_525,none_1082]"
251,45829,"['9', '2', '10', '2', '9', '2', '10', '2']","[ServerAdministrator_72,Snmpd_226,ServerAdministrator_72,Snmpd_226,ServerAdministrator_72,Snmpd_226,ServerAdministrator_72,Snmpd_226]","[Initialize_291,Receiving_748,ReturningTo_290,Receiving_748,Initialize_291,Receiving_748,ReturningTo_290,Receiving_748]","[none_526,none_1082,normal_525,none_1082,none_526,none_1082,normal_525,none_1082]"
252,64672,"['4', '1', '8']","[User_80,User_80,Crond_94]","[Register_307,Opened_309,Register_340]","[none_543,none_545,none_582]"
253,78846,"['9', '2', '10', '2']","[ServerAdministrator_72,Snmpd_226,ServerAdministrator_72,Snmpd_226]","[Initialize_291,Receiving_748,ReturningTo_290,Receiving_748]","[none_526,none_1082,normal_525,none_1082]"
254,80203,"['9', '2', '10', '2']","[ServerAdministrator_72,Snmpd_226,ServerAdministrator_72,Snmpd_226]","[Initialize_291,Receiving_748,ReturningTo_290,Receiving_748]","[none_526,none_1082,normal_525,none_1082]"
255,73251,"['10', '2', '9', '2', '10', '2', '9', '2', '10', '2']","[ServerAdministrator_72,Snmpd_226,ServerAdministrator_72,Snmpd_226,ServerAdministrator_72,Snmpd_226,ServerAdministrator_72,Snmpd_226,ServerAdministrator_72,Snmpd_226]","[ReturningTo_290,Receiving_748,Initialize_291,Receiving_748,ReturningTo_290,Receiving_748,Initialize_291,Receiving_748,ReturningTo_290,Receiving_748]","[normal_525,none_1082,none_526,none_1082,normal_525,none_1082,none_526,none_1082,normal_525,none_1082]"
256,45689,"['9', '2', '10', '2', '9', '2', '10', '2', '9', '2', '10', '2', '9', '2', '10', '2']","[ServerAdministrator_72,Snmpd_226,ServerAdministrator_72,Snmpd_226,ServerAdministrator_72,Snmpd_226,ServerAdministrator_72,Snmpd_226,ServerAdministrator_72,Snmpd_226,ServerAdministrator_72,Snmpd_226,ServerAdministrator_72,Snmpd_226,ServerAdministrator_72,Snmpd_226]","[Initialize_291,Receiving_748,ReturningTo_290,Receiving_748,Initialize_291,Receiving_748,ReturningTo_290,Receiving_748,Initialize_291,Receiving_748,ReturningTo_290,Receiving_748,Initialize_291,Receiving_748,ReturningTo_290,Receiving_748]","[none_526,none_1082,normal_525,none_1082,none_526,none_1082,normal_525,none_1082,none_526,none_1082,normal_525,none_1082,none_526,none_1082,normal_525,none_1082]"
257,29776,"['10', '2', '9', '2']","[ServerAdministrator_72,Snmpd_226,ServerAdministrator_72,Snmpd_226]","[ReturningTo_290,Receiving_748,Initialize_291,Receiving_748]","[normal_525,none_1082,none_526,none_1082]"
258,34341,"['1', '8', '4']","[User_80,Crond_94,User_80]","[Opened_309,Register_340,Register_307]","[none_545,none_582,none_543]"
259,35058,"['4', '1', '8', '1', '8', '29', '45', '46', '42', '47', '4']","[User_80,User_80,Crond_94,User_80,Crond_94,Sendmail_222,Sendmail_222,Sendmail_222,Sendmail_222,Anacron_84,User_80]","[Register_307,Opened_309,Register_340,Opened_309,Register_340,Retrying_704,SendingEmail_715,Start_709,UnableToQualifyDomainName_719,UpdateTimestamp_319,Register_307]","[none_543,none_545,none_582,none_545,none_582,unknown_1029,none_1044,deferred_1035,error_1048,none_555,none_543]"
260,80315,"['9', '2', '10', '2', '9', '2', '10', '2', '9', '2', '10', '2', '9', '2', '10', '2', '9', '2', '10', '2', '9', '2', '10', '2']","[ServerAdministrator_72,Snmpd_226,ServerAdministrator_72,Snmpd_226,ServerAdministrator_72,Snmpd_226,ServerAdministrator_72,Snmpd_226,ServerAdministrator_72,Snmpd_226,ServerAdministrator_72,Snmpd_226,ServerAdministrator_72,Snmpd_226,ServerAdministrator_72,Snmpd_226,ServerAdministrator_72,Snmpd_226,ServerAdministrator_72,Snmpd_226,ServerAdministrator_72,Snmpd_226,ServerAdministrator_72,Snmpd_226]","[Initialize_291,Receiving_748,ReturningTo_290,Receiving_748,Initialize_291,Receiving_748,ReturningTo_290,Receiving_748,Initialize_291,Receiving_748,ReturningTo_290,Receiving_748,Initialize_291,Receiving_748,ReturningTo_290,Receiving_748,Initialize_291,Receiving_748,ReturningTo_290,Receiving_748,Initialize_291,Receiving_748,ReturningTo_290,Receiving_748]","[none_526,none_1082,normal_525,none_1082,none_526,none_1082,normal_525,none_1082,none_526,none_1082,normal_525,none_1082,none_526,none_1082,normal_525,none_1082,none_526,none_1082,normal_525,none_1082,none_526,none_1082,normal_525,none_1082]"
261,59359,"['9', '2', '10', '2', '9', '2', '10', '2']","[ServerAdministrator_72,Snmpd_226,ServerAdministrator_72,Snmpd_226,ServerAdministrator_72,Snmpd_226,ServerAdministrator_72,Snmpd_226]","[Initialize_291,Receiving_748,ReturningTo_290,Receiving_748,Initialize_291,Receiving_748,ReturningTo_290,Receiving_748]","[none_526,none_1082,normal_525,none_1082,none_526,none_1082,normal_525,none_1082]"
262,15263,"['168', '168', '34', '31', '31', '312', '190']","[Kernel_43,Kernel_43,Shutdown_40,Shutdown_40,Shutdown_40,Signal_25,none_264]","[none_72,none_72,Configuring_68,Configuring_68,Configuring_68,Un-registeringAndExiting_51,Register_849]","[none_94,none_94,none_88,none_89,none_89,none_71,signal_1205]"
263,92484,"['1', '8', '29', '42', '4', '45', '46', '1', '5']","[User_80,Crond_94,Sendmail_222,Sendmail_222,User_80,Sendmail_222,Sendmail_222,User_80,Sshd_228]","[Opened_309,Register_340,Retrying_704,UnableToQualifyDomainName_719,Register_307,SendingEmail_715,Start_709,Opened_309,Connecting_786]","[none_545,none_582,unknown_1029,error_1048,none_543,none_1044,deferred_1035,none_545,none_1134]"
264,9320,"['164', '166', '1', '5', '34', '87', '259', '35', '269', '257', '267', '103', '177', '31', '176', '122', '295', '31', '173', '31', '298', '31', '177', '167', '187', '168', '168', '34', '31', '31', '312', '190']","[Init_137,System_236,User_80,Sshd_228,Shutdown_40,Kernel_43,Panfs_184,Kernel_43,Fsclientcap_123,Rpcs_64,Subdev_231,Kernel_43,Filesystems_115,Shutdown_40,Smartd_225,-term_0,Sshd_228,Shutdown_40,Snmpd_226,Shutdown_40,Xinetd_256,Shutdown_40,Filesystems_115,Ntpd_178,Ntpd_178,Kernel_43,Kernel_43,Shutdown_40,Shutdown_40,Shutdown_40,Signal_25,none_264]","[To_472,ShuttingDown_808,Opened_309,Connecting_786,Configuring_68,none_72,Umounting_616,none_72,Scrubbing_407,Returning_267,Startup_790,none_72,Create_392,Configuring_68,none_731,Succeeded_0,Terminating_785,Configuring_68,ShuttingDown_751,Configuring_68,Exiting_839,Configuring_68,Create_392,Shutdown_597,Exiting_598,none_72,none_72,Configuring_68,Configuring_68,Configuring_68,Un-registeringAndExiting_51,Register_849]","[none_741,none_1162,none_545,none_1134,none_88,none_157,none_929,none_165,starting_665,none_492,done_1138,none_156,none_646,none_89,failed_1063,none_0,none_1133,none_89,none_1085,none_89,none_1195,none_89,none_646,none_908,none_909,none_94,none_94,none_88,none_89,none_89,none_71,signal_1205]"
265,98074,"['9', '2', '10', '2', '9', '2', '10', '2', '9', '2', '10', '2', '9', '2', '10', '2']","[ServerAdministrator_72,Snmpd_226,ServerAdministrator_72,Snmpd_226,ServerAdministrator_72,Snmpd_226,ServerAdministrator_72,Snmpd_226,ServerAdministrator_72,Snmpd_226,ServerAdministrator_72,Snmpd_226,ServerAdministrator_72,Snmpd_226,ServerAdministrator_72,Snmpd_226]","[Initialize_291,Receiving_748,ReturningTo_290,Receiving_748,Initialize_291,Receiving_748,ReturningTo_290,Receiving_748,Initialize_291,Receiving_748,ReturningTo_290,Receiving_748,Initialize_291,Receiving_748,ReturningTo_290,Receiving_748]","[none_526,none_1082,normal_525,none_1082,none_526,none_1082,normal_525,none_1082,none_526,none_1082,normal_525,none_1082,none_526,none_1082,normal_525,none_1082]"
266,96353,"['9', '2', '10', '2', '9', '2', '10', '2']","[ServerAdministrator_72,Snmpd_226,ServerAdministrator_72,Snmpd_226,ServerAdministrator_72,Snmpd_226,ServerAdministrator_72,Snmpd_226]","[Initialize_291,Receiving_748,ReturningTo_290,Receiving_748,Initialize_291,Receiving_748,ReturningTo_290,Receiving_748]","[none_526,none_1082,normal_525,none_1082,none_526,none_1082,normal_525,none_1082]"
267,83184,"['9', '2', '10', '2']","[ServerAdministrator_72,Snmpd_226,ServerAdministrator_72,Snmpd_226]","[Initialize_291,Receiving_748,ReturningTo_290,Receiving_748]","[none_526,none_1082,normal_525,none_1082]"
268,73364,"['9', '2', '10', '2']","[ServerAdministrator_72,Snmpd_226,ServerAdministrator_72,Snmpd_226]","[Initialize_291,Receiving_748,ReturningTo_290,Receiving_748]","[none_526,none_1082,normal_525,none_1082]"
269,78378,"['10', '2', '9', '2', '10', '2', '9', '2']","[ServerAdministrator_72,Snmpd_226,ServerAdministrator_72,Snmpd_226,ServerAdministrator_72,Snmpd_226,ServerAdministrator_72,Snmpd_226]","[ReturningTo_290,Receiving_748,Initialize_291,Receiving_748,ReturningTo_290,Receiving_748,Initialize_291,Receiving_748]","[normal_525,none_1082,none_526,none_1082,normal_525,none_1082,none_526,none_1082]"
270,17486,"['10', '2', '9', '2', '10', '2', '9', '2', '10', '2']","[ServerAdministrator_72,Snmpd_226,ServerAdministrator_72,Snmpd_226,ServerAdministrator_72,Snmpd_226,ServerAdministrator_72,Snmpd_226,ServerAdministrator_72,Snmpd_226]","[ReturningTo_290,Receiving_748,Initialize_291,Receiving_748,ReturningTo_290,Receiving_748,Initialize_291,Receiving_748,ReturningTo_290,Receiving_748]","[normal_525,none_1082,none_526,none_1082,normal_525,none_1082,none_526,none_1082,normal_525,none_1082]"
271,70041,"['61', '4', '1', '8']","[Kernel_43,User_80,User_80,Crond_94]","[TimeSync_120,Register_307,Opened_309,Register_340]","[none_286,none_543,none_545,none_582]"
272,78902,"['10', '2', '9', '2', '10', '2', '9', '2', '10', '2', '9', '2', '10', '2']","[ServerAdministrator_72,Snmpd_226,ServerAdministrator_72,Snmpd_226,ServerAdministrator_72,Snmpd_226,ServerAdministrator_72,Snmpd_226,ServerAdministrator_72,Snmpd_226,ServerAdministrator_72,Snmpd_226,ServerAdministrator_72,Snmpd_226]","[ReturningTo_290,Receiving_748,Initialize_291,Receiving_748,ReturningTo_290,Receiving_748,Initialize_291,Receiving_748,ReturningTo_290,Receiving_748,Initialize_291,Receiving_748,ReturningTo_290,Receiving_748]","[normal_525,none_1082,none_526,none_1082,normal_525,none_1082,none_526,none_1082,normal_525,none_1082,none_526,none_1082,normal_525,none_1082]"
273,97029,"['9', '2', '10', '2', '9', '2', '10', '2', '9', '2', '10', '2', '9', '2', '10', '2']","[ServerAdministrator_72,Snmpd_226,ServerAdministrator_72,Snmpd_226,ServerAdministrator_72,Snmpd_226,ServerAdministrator_72,Snmpd_226,ServerAdministrator_72,Snmpd_226,ServerAdministrator_72,Snmpd_226,ServerAdministrator_72,Snmpd_226,ServerAdministrator_72,Snmpd_226]","[Initialize_291,Receiving_748,ReturningTo_290,Receiving_748,Initialize_291,Receiving_748,ReturningTo_290,Receiving_748,Initialize_291,Receiving_748,ReturningTo_290,Receiving_748,Initialize_291,Receiving_748,ReturningTo_290,Receiving_748]","[none_526,none_1082,normal_525,none_1082,none_526,none_1082,normal_525,none_1082,none_526,none_1082,normal_525,none_1082,none_526,none_1082,normal_525,none_1082]"
274,58710,"['10', '2', '9', '2']","[ServerAdministrator_72,Snmpd_226,ServerAdministrator_72,Snmpd_226]","[ReturningTo_290,Receiving_748,Initialize_291,Receiving_748]","[normal_525,none_1082,none_526,none_1082]"
275,63357,"['10', '2', '9', '2']","[ServerAdministrator_72,Snmpd_226,ServerAdministrator_72,Snmpd_226]","[ReturningTo_290,Receiving_748,Initialize_291,Receiving_748]","[normal_525,none_1082,none_526,none_1082]"
276,77263,"['10', '2', '9', '2']","[ServerAdministrator_72,Snmpd_226,ServerAdministrator_72,Snmpd_226]","[ReturningTo_290,Receiving_748,Initialize_291,Receiving_748]","[normal_525,none_1082,none_526,none_1082]"
277,78129,"['9', '2', '10', '2', '9', '2', '10', '2', '9', '2', '10', '2', '9', '2']","[ServerAdministrator_72,Snmpd_226,ServerAdministrator_72,Snmpd_226,ServerAdministrator_72,Snmpd_226,ServerAdministrator_72,Snmpd_226,ServerAdministrator_72,Snmpd_226,ServerAdministrator_72,Snmpd_226,ServerAdministrator_72,Snmpd_226]","[Initialize_291,Receiving_748,ReturningTo_290,Receiving_748,Initialize_291,Receiving_748,ReturningTo_290,Receiving_748,Initialize_291,Receiving_748,ReturningTo_290,Receiving_748,Initialize_291,Receiving_748]","[none_526,none_1082,normal_525,none_1082,none_526,none_1082,normal_525,none_1082,none_526,none_1082,normal_525,none_1082,none_526,none_1082]"
278,28217,"['22', '87', '87', '223', '100', '100', '100', '132', '132', '340', '282', '39', '39', '197', '39', '39', '39', '39', '39', '39', '137', '137', '245', '136', '285', '239', '32', '49', '49', '49', '206', '119', '119', '32', '32', '32', '32', '32', '32', '241', '32', '32', '32', '32', '60', '60', '60', '60', '32', '49', '49', '133', '97', '97', '133', '96', '96', '96', '97', '38', '38', '38', '38', '38', '38', '38', '38', '38', '38', '38', '28', '28', '28', '28', '28', '28', '28', '28', '28', '28', '28', '28', '28', '28', '28', '28', '28', '28', '28', '28', '28', '32', '32', '32', '279', '49', '49', '231', '130', '289', '273', '135', '135', '194', '284', '212', '117', '232', '208', '219', '50', '50', '50', '50', '50', '50', '93', '93', '93', '140', '140', '215', '35', '218', '237', '205', '217', '226', '70', '77', '77', '77', '77', '79', '79', '79', '79', '117', '242', '271', '67', '67', '67', '264', '35', '35', '274', '230', '70', '276', '266', '293', '238', '191', '35', '286', '221', '70', '57', '57', '57', '57', '57', '116', '203', '283', '270', '243', '228', '64', '64', '64', '64', '64', '94', '130', '94', '94', '296', '70', '229', '62', '62', '62', '62', '62', '62', '115', '115', '256', '246', '250', '251', '95', '35', '95', '120', '95', '209', '272', '204', '265', '224', '248', '255', '281', '252', '220', '124', '247', '124', '260', '121', '121', '310', '125', '35', '240', '261', '294', '263', '68', '68', '68', '68', '126', '112', '127', '291', '127', '71', '275', '73', '72', '69', '37', '37', '37', '37', '37', '37', '37', '37', '37', '37', '309', '163', '163', '262', '258', '68', '76', '76', '76', '75', '75']","[Startup_230,Kernel_43,Kernel_43,Intel(r)Xeon(tm)Cpu_41,Kernel_43,Kernel_43,Kernel_43,Kernel_43,Kernel_43,Kernel_43,Kernel_43,Kernel_43,Kernel_43,Kernel_43,Kernel_43,Kernel_43,Kernel_43,Kernel_43,Kernel_43,Kernel_43,Kernel_43,Kernel_43,Kernel_43,Kernel_43,Kernel_43,Kernel_43,Kernel_43,Acpi_6,Acpi_6,Acpi_6,Kernel_43,Kernel_43,Kernel_43,Kernel_43,Kernel_43,Kernel_43,Kernel_43,Kernel_43,Kernel_43,Acpi_6,Kernel_43,Kernel_43,Kernel_43,Kernel_43,Acpi_6,Acpi_6,Acpi_6,Acpi_6,Kernel_43,Acpi_6,Acpi_6,Acpi_6,Acpi_6,Acpi_6,Acpi_6,Acpi_6,Acpi_6,Acpi_6,Acpi_6,Kernel_43,Kernel_43,Kernel_43,Kernel_43,Kernel_43,Kernel_43,Kernel_43,Kernel_43,Kernel_43,Kernel_43,Kernel_43,Acpi_6,Acpi_6,Acpi_6,Acpi_6,Acpi_6,Acpi_6,Acpi_6,Acpi_6,Acpi_6,Acpi_6,Acpi_6,Acpi_6,Acpi_6,Acpi_6,Acpi_6,Acpi_6,Acpi_6,Acpi_6,Acpi_6,Acpi_6,Acpi_6,Kernel_43,Kernel_43,Kernel_43,Acpi_6,Acpi_6,Acpi_6,Kernel_43,Kernel_43,Kernel_43,Kernel_43,Kernel_43,Kernel_43,Kernel_43,Kernel_43,Kernel_43,Kernel_43,Kernel_43,Kernel_43,Cpu_17,Kernel_43,Kernel_43,Kernel_43,Kernel_43,Kernel_43,Kernel_43,Cpu_17,Cpu_17,Cpu_17,Kernel_43,Kernel_43,Kernel_43,Kernel_43,Kernel_43,Kernel_43,Kernel_43,Kernel_43,Timer_242,HashTable_127,Kernel_43,Kernel_43,Kernel_43,Kernel_43,Kernel_43,Kernel_43,Kernel_43,Kernel_43,Kernel_43,Kernel_43,Kernel_43,Kernel_43,Kernel_43,Kernel_43,Kernel_43,Kernel_43,Kernel_43,Kernel_43,Kernel_43,HashTable_127,Failed_144,Shutdown_40,Kernel_43,Linux_47,Kernel_43,Kernel_43,Device_102,Kernel_43,HashTable_127,Kernel_43,Kernel_43,Kernel_43,Kernel_43,Kernel_43,Found_119,Kernel_43,Kernel_43,Pci-dma_58,Kernel_43,Kernel_43,Device_102,Device_102,Device_102,Device_102,Device_102,Kernel_43,Kernel_43,Kernel_43,Kernel_43,Kernel_43,HashTable_127,Kernel_43,Kernel_43,Kernel_43,Kernel_43,Kernel_43,Kernel_43,Kernel_43,Kernel_43,Kernel_43,RamDisks_61,RealTimeClockDriver_65,Kernel_43,Kernel_43,Kernel_43,Kernel_43,Kernel_43,Kernel_43,Kernel_43,SecurityScaffold_71,Driver_109,Kernel_43,Kernel_43,Kernel_43,Kernel_43,Kernel_43,UsbUniversalHostControllerInterfaceDriver_78,Kernel_43,Kernel_43,Kernel_43,Kernel_43,Kernel_43,Kernel_43,Kernel_43,Kernel_43,Kernel_43,Kernel_43,Kernel_43,Kernel_43,Kernel_43,Kernel_43,Device-mapper_103,Kernel_43,Kernel_43,Kernel_43,Kernel_43,Kernel_43,Kernel_43,Kernel_43,Kernel_43,Kernel_43,HostController_28,Usb_77,Kernel_43,Kernel_43,Kernel_43,Kernel_43,Kernel_43,Kernel_43,Kernel_43,Kernel_43,Kernel_43,Kernel_43,Kernel_43,Kernel_43,Kernel_43,Hwrandom_128,Kernel_43,Kernel_43,Kernel_43,Kernel_43,Kernel_43,Kernel_43,Kernel_43,Kernel_43,Kjournald_148,Kjournald_148]","[Succeeded_788,none_72,none_72,Stepping_70,LifoBatch_201,LifoBatch_201,LifoBatch_201,Revision_202,Revision_202,none_72,none_72,Dispatching_141,Dispatching_141,Initialize_95,Dispatching_141,Dispatching_141,Dispatching_141,Dispatching_141,Dispatching_141,Dispatching_141,Callverify_203,Callverify_203,none_72,Register_163,none_72,Register_148,none_72,none_13,none_13,none_13,none_72,Int_200,Int_200,none_72,none_72,none_72,none_72,none_72,none_72,Enabled_15,none_72,none_72,none_72,none_72,Installing_12,Installing_12,Installing_12,Installing_12,none_72,none_13,none_13,Irq_19,Configured_17,Configured_17,Irq_19,Initialized_16,Initialized_16,Initialized_16,Configured_17,Receive_199,Receive_199,Receive_199,Receive_199,Receive_199,Receive_199,Receive_199,Receive_199,Receive_199,Receive_199,Receive_199,Initialized_16,Initialized_16,Initialized_16,Initialized_16,Initialized_16,Initialized_16,Initialized_16,Initialized_16,Initialized_16,Initialized_16,Initialized_16,Initialized_16,Initialized_16,Initialized_16,Initialized_16,Initialized_16,Initialized_16,Initialized_16,Initialized_16,Initialized_16,Initialized_16,none_72,none_72,none_72,none_13,none_13,none_13,SubsystemRevision_198,Using_187,Adding_188,Attached_189,Attached_189,Attached_189,none_72,BootdataOk_190,Send_191,none_72,BroughtUp_193,Building_194,Stepping_37,none_72,none_72,none_72,none_72,none_72,none_72,none_35,none_35,none_35,Calibrating_195,Calibrating_195,Register_148,none_72,Colour_212,none_72,Present_206,none_72,none_815,Installation_418,none_72,none_72,none_72,none_72,Mounting_178,Mounting_178,Mounting_178,Mounting_178,none_72,Freeing_87,none_72,none_72,none_72,none_72,none_72,none_72,none_72,Initializing_204,Initializing_204,Installation_418,Detected_484,none_67,none_72,Interface_232,none_72,none_72,Register_357,none_72,Installation_418,Registered_152,Registered_152,Registered_152,Registered_152,Registered_152,none_399,none_72,none_72,UsingSoftwareBounceBuffering_256,none_72,Probing_90,SettingLatencyTimer_355,SettingLatencyTimer_355,SettingLatencyTimer_355,SettingLatencyTimer_355,SettingLatencyTimer_355,none_72,Using_187,none_72,none_72,none_72,Installation_418,Placing_205,Probing_90,Probing_90,Probing_90,Probing_90,Probing_90,Probing_90,none_72,none_72,Initialized_261,Register_268,none_72,Initialized_211,none_72,none_72,none_72,none_72,none_72,Initialized_279,Ports_383,Determiningipinformation_210,Configured_209,Register_148,Allocated_208,Activated_207,Initializing_304,none_72,Configuring_142,Using_187,Using_187,Using_187,Assuming_93,none_72,none_72,SettingLid_196,none_72,none_72,Initializing_204,Checking_91,Checking_91,Initialised_361,Probing_90,Probing_90,Probing_90,Probing_90,NotAllocating_221,none_72,none_72,LinkIsUp_219,none_72,Configuring_55,Register_301,none_72,Probing_90,none_72,Register_148,Register_148,Register_148,Register_148,Register_148,Register_148,Register_148,Register_148,Register_148,Register_148,Loaded_419,Register_163,Register_163,Register_163,Assuming_93,Probing_90,none_72,none_72,none_72,Error_491,Error_491]","[none_1136,none_157,none_157,none_91,none_419,none_419,none_419,none_420,none_420,none_159,none_160,-_316,-_316,-_245,-_316,-_316,-_316,-_316,-_316,-_316,successful_421,successful_421,none_161,none_369,none_162,none_335,none_163,none_21,none_21,none_21,none_164,none_418,none_418,none_163,none_163,none_163,none_163,none_163,none_163,none_30,none_163,none_163,none_163,none_163,none_14,none_14,none_14,none_14,none_163,none_21,none_21,none_35,none_33,none_33,none_35,none_32,none_32,none_32,none_33,none_417,none_417,none_417,none_417,none_417,none_417,none_417,none_417,none_417,none_417,none_417,none_31,none_31,none_31,none_31,none_31,none_31,none_31,none_31,none_31,none_31,none_31,none_31,none_31,none_31,none_31,none_31,none_31,none_31,none_31,none_31,none_31,none_163,none_163,none_163,none_23,none_21,none_21,none_416,none_401,none_404,none_405,none_406,none_406,none_151,none_407,none_409,none_152,none_411,none_412,none_57,none_154,none_154,none_154,none_154,none_154,none_154,none_54,none_54,none_54,none_413,none_413,secondary_336,none_165,none_432,none_166,none_426,none_180,none_1169,none_676,internal_182,internal_182,internal_182,internal_182,ordered data mode_392,ordered data mode_392,ordered data mode_392,ordered data mode_392,none_152,unused_219,none_168,none_170,none_170,none_170,none_171,none_165,none_165,none_423,none_422,none_676,none_754,version_87,none_172,none_453,none_173,none_165,none_602,available_174,none_676,none_351,none_351,none_351,none_351,none_351,none_653,error_158,none_184,none_480,none_175,none_226,none_597,none_597,none_597,none_597,none_597,none_169,none_401,none_169,none_169,unsupported_167,none_676,none_425,none_227,none_227,none_227,none_227,none_227,none_227,none_183,none_183,none_485,none_493,none_181,none_431,none_179,none_165,none_179,in_178,none_179,none_506,enabled_637,none_430,established_429,failed_339,none_428,none_427,none_539,none_177,none_320,none_403,none_402,none_403,none_241,warning_176,warning_176,none_414,none_153,none_165,disabled_424,passed_237,initramfs_236,none_607,none_228,none_228,none_228,none_228,none_441,none_189,none_185,none_439,none_185,none_75,none_536,none_201,none_223,no_119,none_343,none_343,none_343,none_343,none_343,none_343,none_343,none_343,none_343,none_343,none_677,none_370,none_370,none_371,none_242,none_228,none_196,none_196,none_196,none_761,none_761]"
279,97186,"['10', '2', '9', '2', '10', '2']","[ServerAdministrator_72,Snmpd_226,ServerAdministrator_72,Snmpd_226,ServerAdministrator_72,Snmpd_226]","[ReturningTo_290,Receiving_748,Initialize_291,Receiving_748,ReturningTo_290,Receiving_748]","[normal_525,none_1082,none_526,none_1082,normal_525,none_1082]"
280,90724,"['10', '2', '9', '2', '10', '2', '9', '2', '10', '2', '9', '2', '10', '2', '9', '2', '10', '2', '9', '2', '10', '2']","[ServerAdministrator_72,Snmpd_226,ServerAdministrator_72,Snmpd_226,ServerAdministrator_72,Snmpd_226,ServerAdministrator_72,Snmpd_226,ServerAdministrator_72,Snmpd_226,ServerAdministrator_72,Snmpd_226,ServerAdministrator_72,Snmpd_226,ServerAdministrator_72,Snmpd_226,ServerAdministrator_72,Snmpd_226,ServerAdministrator_72,Snmpd_226,ServerAdministrator_72,Snmpd_226]","[ReturningTo_290,Receiving_748,Initialize_291,Receiving_748,ReturningTo_290,Receiving_748,Initialize_291,Receiving_748,ReturningTo_290,Receiving_748,Initialize_291,Receiving_748,ReturningTo_290,Receiving_748,Initialize_291,Receiving_748,ReturningTo_290,Receiving_748,Initialize_291,Receiving_748,ReturningTo_290,Receiving_748]","[normal_525,none_1082,none_526,none_1082,normal_525,none_1082,none_526,none_1082,normal_525,none_1082,none_526,none_1082,normal_525,none_1082,none_526,none_1082,normal_525,none_1082,none_526,none_1082,normal_525,none_1082]"
281,71795,"['58', '36', '36', '63', '16', '118']","[Dhcpd_106,Dhcpd_106,Dhcpd_106,Dhcpd_106,Xinetd_256,Client_92]","[Dhcpdiscover_367,none_368,none_368,Settingup_376,none_835,DoesNotAccept_335]","[none_614,none_616,none_616,none_630,none_1190,none_573]"
282,61978,"['10', '2', '9', '2', '10', '2', '9', '2']","[ServerAdministrator_72,Snmpd_226,ServerAdministrator_72,Snmpd_226,ServerAdministrator_72,Snmpd_226,ServerAdministrator_72,Snmpd_226]","[ReturningTo_290,Receiving_748,Initialize_291,Receiving_748,ReturningTo_290,Receiving_748,Initialize_291,Receiving_748]","[normal_525,none_1082,none_526,none_1082,normal_525,none_1082,none_526,none_1082]"
283,59713,"['9', '2', '10', '2']","[ServerAdministrator_72,Snmpd_226,ServerAdministrator_72,Snmpd_226]","[Initialize_291,Receiving_748,ReturningTo_290,Receiving_748]","[none_526,none_1082,normal_525,none_1082]"
284,94081,"['1', '8', '29', '42', '4', '45', '46']","[User_80,Crond_94,Sendmail_222,Sendmail_222,User_80,Sendmail_222,Sendmail_222]","[Opened_309,Register_340,Retrying_704,UnableToQualifyDomainName_719,Register_307,SendingEmail_715,Start_709]","[none_545,none_582,unknown_1029,error_1048,none_543,none_1044,deferred_1035]"
285,61297,"['9', '2', '10', '2', '9', '2', '10', '2']","[ServerAdministrator_72,Snmpd_226,ServerAdministrator_72,Snmpd_226,ServerAdministrator_72,Snmpd_226,ServerAdministrator_72,Snmpd_226]","[Initialize_291,Receiving_748,ReturningTo_290,Receiving_748,Initialize_291,Receiving_748,ReturningTo_290,Receiving_748]","[none_526,none_1082,normal_525,none_1082,none_526,none_1082,normal_525,none_1082]"
286,52953,"['9', '2', '10', '2', '9', '2', '10', '2', '9', '2']","[ServerAdministrator_72,Snmpd_226,ServerAdministrator_72,Snmpd_226,ServerAdministrator_72,Snmpd_226,ServerAdministrator_72,Snmpd_226,ServerAdministrator_72,Snmpd_226]","[Initialize_291,Receiving_748,ReturningTo_290,Receiving_748,Initialize_291,Receiving_748,ReturningTo_290,Receiving_748,Initialize_291,Receiving_748]","[none_526,none_1082,normal_525,none_1082,none_526,none_1082,normal_525,none_1082,none_526,none_1082]"
287,30576,"['1', '1', '5', '5', '1', '1', '5', '5', '1', '1', '5', '5', '1', '1', '5', '5']","[User_80,User_80,Sshd_228,Sshd_228,User_80,User_80,Sshd_228,Sshd_228,User_80,User_80,Sshd_228,Sshd_228,User_80,User_80,Sshd_228,Sshd_228]","[Opened_309,Opened_309,Connecting_786,Connecting_786,Opened_309,Opened_309,Connecting_786,Connecting_786,Opened_309,Opened_309,Connecting_786,Connecting_786,Opened_309,Opened_309,Connecting_786,Connecting_786]","[none_545,none_545,none_1134,none_1134,none_545,none_545,none_1134,none_1134,none_545,none_545,none_1134,none_1134,none_545,none_545,none_1134,none_1134]"
288,34338,"['4', '1', '8']","[User_80,User_80,Crond_94]","[Register_307,Opened_309,Register_340]","[none_543,none_545,none_582]"
289,56174,"['10', '2', '9', '2', '10', '2', '9', '2', '10', '2']","[ServerAdministrator_72,Snmpd_226,ServerAdministrator_72,Snmpd_226,ServerAdministrator_72,Snmpd_226,ServerAdministrator_72,Snmpd_226,ServerAdministrator_72,Snmpd_226]","[ReturningTo_290,Receiving_748,Initialize_291,Receiving_748,ReturningTo_290,Receiving_748,Initialize_291,Receiving_748,ReturningTo_290,Receiving_748]","[normal_525,none_1082,none_526,none_1082,normal_525,none_1082,none_526,none_1082,normal_525,none_1082]"
290,16896,"['10', '2', '9', '2', '10', '2', '9', '2']","[ServerAdministrator_72,Snmpd_226,ServerAdministrator_72,Snmpd_226,ServerAdministrator_72,Snmpd_226,ServerAdministrator_72,Snmpd_226]","[ReturningTo_290,Receiving_748,Initialize_291,Receiving_748,ReturningTo_290,Receiving_748,Initialize_291,Receiving_748]","[normal_525,none_1082,none_526,none_1082,normal_525,none_1082,none_526,none_1082]"
291,46592,"['9', '2', '10', '2']","[ServerAdministrator_72,Snmpd_226,ServerAdministrator_72,Snmpd_226]","[Initialize_291,Receiving_748,ReturningTo_290,Receiving_748]","[none_526,none_1082,normal_525,none_1082]"
292,23690,"['10', '2', '9', '2', '10', '2', '9', '2']","[ServerAdministrator_72,Snmpd_226,ServerAdministrator_72,Snmpd_226,ServerAdministrator_72,Snmpd_226,ServerAdministrator_72,Snmpd_226]","[ReturningTo_290,Receiving_748,Initialize_291,Receiving_748,ReturningTo_290,Receiving_748,Initialize_291,Receiving_748]","[normal_525,none_1082,none_526,none_1082,normal_525,none_1082,none_526,none_1082]"
293,76560,"['9', '2', '10', '2', '9', '2', '10', '2', '9', '2', '10', '2']","[ServerAdministrator_72,Snmpd_226,ServerAdministrator_72,Snmpd_226,ServerAdministrator_72,Snmpd_226,ServerAdministrator_72,Snmpd_226,ServerAdministrator_72,Snmpd_226,ServerAdministrator_72,Snmpd_226]","[Initialize_291,Receiving_748,ReturningTo_290,Receiving_748,Initialize_291,Receiving_748,ReturningTo_290,Receiving_748,Initialize_291,Receiving_748,ReturningTo_290,Receiving_748]","[none_526,none_1082,normal_525,none_1082,none_526,none_1082,normal_525,none_1082,none_526,none_1082,normal_525,none_1082]"
294,93526,"['1', '8', '29', '42', '4', '45', '46']","[User_80,Crond_94,Sendmail_222,Sendmail_222,User_80,Sendmail_222,Sendmail_222]","[Opened_309,Register_340,Retrying_704,UnableToQualifyDomainName_719,Register_307,SendingEmail_715,Start_709]","[none_545,none_582,unknown_1029,error_1048,none_543,none_1044,deferred_1035]"
295,83397,"['10', '2', '9', '2', '10', '2', '9', '2', '10', '2', '9', '2', '10', '2', '9', '2']","[ServerAdministrator_72,Snmpd_226,ServerAdministrator_72,Snmpd_226,ServerAdministrator_72,Snmpd_226,ServerAdministrator_72,Snmpd_226,ServerAdministrator_72,Snmpd_226,ServerAdministrator_72,Snmpd_226,ServerAdministrator_72,Snmpd_226,ServerAdministrator_72,Snmpd_226]","[ReturningTo_290,Receiving_748,Initialize_291,Receiving_748,ReturningTo_290,Receiving_748,Initialize_291,Receiving_748,ReturningTo_290,Receiving_748,Initialize_291,Receiving_748,ReturningTo_290,Receiving_748,Initialize_291,Receiving_748]","[normal_525,none_1082,none_526,none_1082,normal_525,none_1082,none_526,none_1082,normal_525,none_1082,none_526,none_1082,normal_525,none_1082,none_526,none_1082]"
296,40205,"['1', '1', '5', '5', '1', '1', '5', '5', '1', '1', '5', '5', '1', '1', '5', '5']","[User_80,User_80,Sshd_228,Sshd_228,User_80,User_80,Sshd_228,Sshd_228,User_80,User_80,Sshd_228,Sshd_228,User_80,User_80,Sshd_228,Sshd_228]","[Opened_309,Opened_309,Connecting_786,Connecting_786,Opened_309,Opened_309,Connecting_786,Connecting_786,Opened_309,Opened_309,Connecting_786,Connecting_786,Opened_309,Opened_309,Connecting_786,Connecting_786]","[none_545,none_545,none_1134,none_1134,none_545,none_545,none_1134,none_1134,none_545,none_545,none_1134,none_1134,none_545,none_545,none_1134,none_1134]"
297,92773,"['1', '8', '29', '42', '4', '45', '46']","[User_80,Crond_94,Sendmail_222,Sendmail_222,User_80,Sendmail_222,Sendmail_222]","[Opened_309,Register_340,Retrying_704,UnableToQualifyDomainName_719,Register_307,SendingEmail_715,Start_709]","[none_545,none_582,unknown_1029,error_1048,none_543,none_1044,deferred_1035]"
298,82240,"['10', '2', '9', '2', '10', '2', '9', '2']","[ServerAdministrator_72,Snmpd_226,ServerAdministrator_72,Snmpd_226,ServerAdministrator_72,Snmpd_226,ServerAdministrator_72,Snmpd_226]","[ReturningTo_290,Receiving_748,Initialize_291,Receiving_748,ReturningTo_290,Receiving_748,Initialize_291,Receiving_748]","[normal_525,none_1082,none_526,none_1082,normal_525,none_1082,none_526,none_1082]"
299,94830,"['1', '8', '29', '42', '4', '45', '46', '16', '16', '1', '5', '16', '118']","[User_80,Crond_94,Sendmail_222,Sendmail_222,User_80,Sendmail_222,Sendmail_222,Xinetd_256,Xinetd_256,User_80,Sshd_228,Xinetd_256,Client_92]","[Opened_309,Register_340,Retrying_704,UnableToQualifyDomainName_719,Register_307,SendingEmail_715,Start_709,none_835,none_835,Opened_309,Connecting_786,none_835,DoesNotAccept_335]","[none_545,none_582,unknown_1029,error_1048,none_543,none_1044,deferred_1035,none_1190,none_1190,none_545,none_1134,none_1190,none_573]"
300,83403,"['9', '2', '10', '2', '9', '2', '10', '2', '9', '2', '10', '2', '9', '2']","[ServerAdministrator_72,Snmpd_226,ServerAdministrator_72,Snmpd_226,ServerAdministrator_72,Snmpd_226,ServerAdministrator_72,Snmpd_226,ServerAdministrator_72,Snmpd_226,ServerAdministrator_72,Snmpd_226,ServerAdministrator_72,Snmpd_226]","[Initialize_291,Receiving_748,ReturningTo_290,Receiving_748,Initialize_291,Receiving_748,ReturningTo_290,Receiving_748,Initialize_291,Receiving_748,ReturningTo_290,Receiving_748,Initialize_291,Receiving_748]","[none_526,none_1082,normal_525,none_1082,none_526,none_1082,normal_525,none_1082,none_526,none_1082,normal_525,none_1082,none_526,none_1082]"
301,68247,"['4', '1', '8']","[User_80,User_80,Crond_94]","[Register_307,Opened_309,Register_340]","[none_543,none_545,none_582]"
302,90750,"['9', '2', '10', '2', '9', '2', '10', '2', '9', '2', '10', '2', '9', '2', '10', '2', '9', '2', '10', '2']","[ServerAdministrator_72,Snmpd_226,ServerAdministrator_72,Snmpd_226,ServerAdministrator_72,Snmpd_226,ServerAdministrator_72,Snmpd_226,ServerAdministrator_72,Snmpd_226,ServerAdministrator_72,Snmpd_226,ServerAdministrator_72,Snmpd_226,ServerAdministrator_72,Snmpd_226,ServerAdministrator_72,Snmpd_226,ServerAdministrator_72,Snmpd_226]","[Initialize_291,Receiving_748,ReturningTo_290,Receiving_748,Initialize_291,Receiving_748,ReturningTo_290,Receiving_748,Initialize_291,Receiving_748,ReturningTo_290,Receiving_748,Initialize_291,Receiving_748,ReturningTo_290,Receiving_748,Initialize_291,Receiving_748,ReturningTo_290,Receiving_748]","[none_526,none_1082,normal_525,none_1082,none_526,none_1082,normal_525,none_1082,none_526,none_1082,normal_525,none_1082,none_526,none_1082,normal_525,none_1082,none_526,none_1082,normal_525,none_1082]"
303,67689,"['4', '1', '8']","[User_80,User_80,Crond_94]","[Register_307,Opened_309,Register_340]","[none_543,none_545,none_582]"
304,89140,"['9', '2', '10', '2', '9', '2', '10', '2', '9', '2', '10', '2', '9', '2', '10', '2', '9', '2', '10', '2']","[ServerAdministrator_72,Snmpd_226,ServerAdministrator_72,Snmpd_226,ServerAdministrator_72,Snmpd_226,ServerAdministrator_72,Snmpd_226,ServerAdministrator_72,Snmpd_226,ServerAdministrator_72,Snmpd_226,ServerAdministrator_72,Snmpd_226,ServerAdministrator_72,Snmpd_226,ServerAdministrator_72,Snmpd_226,ServerAdministrator_72,Snmpd_226]","[Initialize_291,Receiving_748,ReturningTo_290,Receiving_748,Initialize_291,Receiving_748,ReturningTo_290,Receiving_748,Initialize_291,Receiving_748,ReturningTo_290,Receiving_748,Initialize_291,Receiving_748,ReturningTo_290,Receiving_748,Initialize_291,Receiving_748,ReturningTo_290,Receiving_748]","[none_526,none_1082,normal_525,none_1082,none_526,none_1082,normal_525,none_1082,none_526,none_1082,normal_525,none_1082,none_526,none_1082,normal_525,none_1082,none_526,none_1082,normal_525,none_1082]"
305,60115,"['9', '2', '10', '2', '9', '2', '10', '2', '9', '2']","[ServerAdministrator_72,Snmpd_226,ServerAdministrator_72,Snmpd_226,ServerAdministrator_72,Snmpd_226,ServerAdministrator_72,Snmpd_226,ServerAdministrator_72,Snmpd_226]","[Initialize_291,Receiving_748,ReturningTo_290,Receiving_748,Initialize_291,Receiving_748,ReturningTo_290,Receiving_748,Initialize_291,Receiving_748]","[none_526,none_1082,normal_525,none_1082,none_526,none_1082,normal_525,none_1082,none_526,none_1082]"
306,49222,"['9', '2', '10', '2', '9', '2', '10', '2', '9', '2', '10', '2']","[ServerAdministrator_72,Snmpd_226,ServerAdministrator_72,Snmpd_226,ServerAdministrator_72,Snmpd_226,ServerAdministrator_72,Snmpd_226,ServerAdministrator_72,Snmpd_226,ServerAdministrator_72,Snmpd_226]","[Initialize_291,Receiving_748,ReturningTo_290,Receiving_748,Initialize_291,Receiving_748,ReturningTo_290,Receiving_748,Initialize_291,Receiving_748,ReturningTo_290,Receiving_748]","[none_526,none_1082,normal_525,none_1082,none_526,none_1082,normal_525,none_1082,none_526,none_1082,normal_525,none_1082]"
307,76177,"['9', '2', '10', '2', '9', '2']","[ServerAdministrator_72,Snmpd_226,ServerAdministrator_72,Snmpd_226,ServerAdministrator_72,Snmpd_226]","[Initialize_291,Receiving_748,ReturningTo_290,Receiving_748,Initialize_291,Receiving_748]","[none_526,none_1082,normal_525,none_1082,none_526,none_1082]"
308,36087,"['1', '5', '18']","[User_80,Sshd_228,Ntpd_178]","[Opened_309,Connecting_786,Synchronized_589]","[none_545,none_1134,none_897]"
309,63335,"['9', '2', '10', '2']","[ServerAdministrator_72,Snmpd_226,ServerAdministrator_72,Snmpd_226]","[Initialize_291,Receiving_748,ReturningTo_290,Receiving_748]","[none_526,none_1082,normal_525,none_1082]"
310,67665,"['1', '8', '47', '4']","[User_80,Crond_94,Anacron_84,User_80]","[Opened_309,Register_340,UpdateTimestamp_319,Register_307]","[none_545,none_582,none_555,none_543]"
311,32193,"['10', '2', '9', '2']","[ServerAdministrator_72,Snmpd_226,ServerAdministrator_72,Snmpd_226]","[ReturningTo_290,Receiving_748,Initialize_291,Receiving_748]","[normal_525,none_1082,none_526,none_1082]"
312,59472,"['9', '2', '10', '2', '9', '2', '10', '2', '9', '2', '10', '2']","[ServerAdministrator_72,Snmpd_226,ServerAdministrator_72,Snmpd_226,ServerAdministrator_72,Snmpd_226,ServerAdministrator_72,Snmpd_226,ServerAdministrator_72,Snmpd_226,ServerAdministrator_72,Snmpd_226]","[Initialize_291,Receiving_748,ReturningTo_290,Receiving_748,Initialize_291,Receiving_748,ReturningTo_290,Receiving_748,Initialize_291,Receiving_748,ReturningTo_290,Receiving_748]","[none_526,none_1082,normal_525,none_1082,none_526,none_1082,normal_525,none_1082,none_526,none_1082,normal_525,none_1082]"
313,68267,"['31', '31', '87', '259', '35', '269', '257', '267', '103', '177', '173', '31', '177', '167', '187', '31', '31', '298', '34', '312', '168', '168', '31', '31', '190', '31']","[Shutdown_40,Shutdown_40,Kernel_43,Panfs_184,Kernel_43,Fsclientcap_123,Rpcs_64,Subdev_231,Kernel_43,Filesystems_115,Snmpd_226,Shutdown_40,Filesystems_115,Ntpd_178,Ntpd_178,Shutdown_40,Shutdown_40,Xinetd_256,Shutdown_40,Signal_25,Kernel_43,Kernel_43,Shutdown_40,Shutdown_40,none_264,Shutdown_40]","[Configuring_68,Configuring_68,none_72,Umounting_616,none_72,Scrubbing_407,Returning_267,Startup_790,none_72,Create_392,ShuttingDown_751,Configuring_68,Create_392,Shutdown_597,Exiting_598,Configuring_68,Configuring_68,Exiting_839,Configuring_68,Un-registeringAndExiting_51,none_72,none_72,Configuring_68,Configuring_68,Register_849,Configuring_68]","[none_89,none_89,none_157,none_929,none_165,starting_665,none_492,done_1138,none_156,none_646,none_1085,none_89,none_646,none_908,none_909,none_89,none_89,none_1195,none_88,none_71,none_94,none_94,none_89,none_89,signal_1205,none_89]"
314,79216,"['9', '2', '10', '2', '9', '2', '10', '2', '9', '2']","[ServerAdministrator_72,Snmpd_226,ServerAdministrator_72,Snmpd_226,ServerAdministrator_72,Snmpd_226,ServerAdministrator_72,Snmpd_226,ServerAdministrator_72,Snmpd_226]","[Initialize_291,Receiving_748,ReturningTo_290,Receiving_748,Initialize_291,Receiving_748,ReturningTo_290,Receiving_748,Initialize_291,Receiving_748]","[none_526,none_1082,normal_525,none_1082,none_526,none_1082,normal_525,none_1082,none_526,none_1082]"
315,63535,"['4', '1', '8']","[User_80,User_80,Crond_94]","[Register_307,Opened_309,Register_340]","[none_543,none_545,none_582]"
316,61041,"['9', '2', '10', '2', '9', '2', '10', '2', '9', '2']","[ServerAdministrator_72,Snmpd_226,ServerAdministrator_72,Snmpd_226,ServerAdministrator_72,Snmpd_226,ServerAdministrator_72,Snmpd_226,ServerAdministrator_72,Snmpd_226]","[Initialize_291,Receiving_748,ReturningTo_290,Receiving_748,Initialize_291,Receiving_748,ReturningTo_290,Receiving_748,Initialize_291,Receiving_748]","[none_526,none_1082,normal_525,none_1082,none_526,none_1082,normal_525,none_1082,none_526,none_1082]"
317,74615,"['9', '2', '10', '2']","[ServerAdministrator_72,Snmpd_226,ServerAdministrator_72,Snmpd_226]","[Initialize_291,Receiving_748,ReturningTo_290,Receiving_748]","[none_526,none_1082,normal_525,none_1082]"
318,80282,"['9', '2', '10', '2']","[ServerAdministrator_72,Snmpd_226,ServerAdministrator_72,Snmpd_226]","[Initialize_291,Receiving_748,ReturningTo_290,Receiving_748]","[none_526,none_1082,normal_525,none_1082]"
319,93691,"['1', '8', '1', '5', '1', '5', '1', '5', '1', '5', '1', '5', '1', '5', '1', '5', '1', '5', '1', '5', '1', '5', '29', '1', '5', '1', '5', '1', '5', '1', '5', '1', '5', '1', '5', '42', '4', '45', '46', '1', '5', '1', '5', '1', '5', '1', '1', '5', '5', '1', '5', '1', '1', '5', '5', '1', '5', '1', '5', '1', '5', '1', '5', '1', '5', '1', '5', '1', '5', '1', '1', '5', '5', '1', '5', '1', '1', '5', '5', '1', '5', '1', '5', '1', '5', '1', '5', '1', '5', '1', '5', '1', '5', '1', '5', '1', '5', '1', '5', '1', '5', '1', '5', '1', '5', '1', '5', '1', '5', '1', '5', '1', '5', '1', '5', '1', '5', '1', '5', '1', '5', '1', '5', '40', '48', '1', '5', '1', '5', '1', '5', '1', '5', '1', '5', '1', '5', '1', '5', '1', '5', '1', '5']","[User_80,Crond_94,User_80,Sshd_228,User_80,Sshd_228,User_80,Sshd_228,User_80,Sshd_228,User_80,Sshd_228,User_80,Sshd_228,User_80,Sshd_228,User_80,Sshd_228,User_80,Sshd_228,User_80,Sshd_228,Sendmail_222,User_80,Sshd_228,User_80,Sshd_228,User_80,Sshd_228,User_80,Sshd_228,User_80,Sshd_228,User_80,Sshd_228,Sendmail_222,User_80,Sendmail_222,Sendmail_222,User_80,Sshd_228,User_80,Sshd_228,User_80,Sshd_228,User_80,User_80,Sshd_228,Sshd_228,User_80,Sshd_228,User_80,User_80,Sshd_228,Sshd_228,User_80,Sshd_228,User_80,Sshd_228,User_80,Sshd_228,User_80,Sshd_228,User_80,Sshd_228,User_80,Sshd_228,User_80,Sshd_228,User_80,User_80,Sshd_228,Sshd_228,User_80,Sshd_228,User_80,User_80,Sshd_228,Sshd_228,User_80,Sshd_228,User_80,Sshd_228,User_80,Sshd_228,User_80,Sshd_228,User_80,Sshd_228,User_80,Sshd_228,User_80,Sshd_228,User_80,Sshd_228,User_80,Sshd_228,User_80,Sshd_228,User_80,Sshd_228,User_80,Sshd_228,User_80,Sshd_228,User_80,Sshd_228,User_80,Sshd_228,User_80,Sshd_228,User_80,Sshd_228,User_80,Sshd_228,User_80,Sshd_228,User_80,Sshd_228,User_80,Sshd_228,User_80,Sshd_228,Dhcpd_106,Dhcpd_106,User_80,Sshd_228,User_80,Sshd_228,User_80,Sshd_228,User_80,Sshd_228,User_80,Sshd_228,User_80,Sshd_228,User_80,Sshd_228,User_80,Sshd_228,User_80,Sshd_228]","[Opened_309,Register_340,Opened_309,Connecting_786,Opened_309,Connecting_786,Opened_309,Connecting_786,Opened_309,Connecting_786,Opened_309,Connecting_786,Opened_309,Connecting_786,Opened_309,Connecting_786,Opened_309,Connecting_786,Opened_309,Connecting_786,Opened_309,Connecting_786,Retrying_704,Opened_309,Connecting_786,Opened_309,Connecting_786,Opened_309,Connecting_786,Opened_309,Connecting_786,Opened_309,Connecting_786,Opened_309,Connecting_786,UnableToQualifyDomainName_719,Register_307,SendingEmail_715,Start_709,Opened_309,Connecting_786,Opened_309,Connecting_786,Opened_309,Connecting_786,Opened_309,Opened_309,Connecting_786,Connecting_786,Opened_309,Connecting_786,Opened_309,Opened_309,Connecting_786,Connecting_786,Opened_309,Connecting_786,Opened_309,Connecting_786,Opened_309,Connecting_786,Opened_309,Connecting_786,Opened_309,Connecting_786,Opened_309,Connecting_786,Opened_309,Connecting_786,Opened_309,Opened_309,Connecting_786,Connecting_786,Opened_309,Connecting_786,Opened_309,Opened_309,Connecting_786,Connecting_786,Opened_309,Connecting_786,Opened_309,Connecting_786,Opened_309,Connecting_786,Opened_309,Connecting_786,Opened_309,Connecting_786,Opened_309,Connecting_786,Opened_309,Connecting_786,Opened_309,Connecting_786,Opened_309,Connecting_786,Opened_309,Connecting_786,Opened_309,Connecting_786,Opened_309,Connecting_786,Opened_309,Connecting_786,Opened_309,Connecting_786,Opened_309,Connecting_786,Opened_309,Connecting_786,Opened_309,Connecting_786,Opened_309,Connecting_786,Opened_309,Connecting_786,Opened_309,Connecting_786,Opened_309,Connecting_786,Opened_309,Connecting_786,none_368,Dhcprequest_373,Opened_309,Connecting_786,Opened_309,Connecting_786,Opened_309,Connecting_786,Opened_309,Connecting_786,Opened_309,Connecting_786,Opened_309,Connecting_786,Opened_309,Connecting_786,Opened_309,Connecting_786,Opened_309,Connecting_786]","[none_545,none_582,none_545,none_1134,none_545,none_1134,none_545,none_1134,none_545,none_1134,none_545,none_1134,none_545,none_1134,none_545,none_1134,none_545,none_1134,none_545,none_1134,none_545,none_1134,unknown_1029,none_545,none_1134,none_545,none_1134,none_545,none_1134,none_545,none_1134,none_545,none_1134,none_545,none_1134,error_1048,none_543,none_1044,deferred_1035,none_545,none_1134,none_545,none_1134,none_545,none_1134,none_545,none_545,none_1134,none_1134,none_545,none_1134,none_545,none_545,none_1134,none_1134,none_545,none_1134,none_545,none_1134,none_545,none_1134,none_545,none_1134,none_545,none_1134,none_545,none_1134,none_545,none_1134,none_545,none_545,none_1134,none_1134,none_545,none_1134,none_545,none_545,none_1134,none_1134,none_545,none_1134,none_545,none_1134,none_545,none_1134,none_545,none_1134,none_545,none_1134,none_545,none_1134,none_545,none_1134,none_545,none_1134,none_545,none_1134,none_545,none_1134,none_545,none_1134,none_545,none_1134,none_545,none_1134,none_545,none_1134,none_545,none_1134,none_545,none_1134,none_545,none_1134,none_545,none_1134,none_545,none_1134,none_545,none_1134,none_545,none_1134,none_545,none_1134,no free leases_615,unknown_623,none_545,none_1134,none_545,none_1134,none_545,none_1134,none_545,none_1134,none_545,none_1134,none_545,none_1134,none_545,none_1134,none_545,none_1134,none_545,none_1134]"
320,88010,"['9', '2', '10', '2']","[ServerAdministrator_72,Snmpd_226,ServerAdministrator_72,Snmpd_226]","[Initialize_291,Receiving_748,ReturningTo_290,Receiving_748]","[none_526,none_1082,normal_525,none_1082]"
321,87647,"['9', '2', '10', '2', '9', '2', '10', '2', '9', '2', '10', '2', '9', '2', '10', '2', '9', '2', '10', '2', '9', '2', '10', '2', '9', '2']","[ServerAdministrator_72,Snmpd_226,ServerAdministrator_72,Snmpd_226,ServerAdministrator_72,Snmpd_226,ServerAdministrator_72,Snmpd_226,ServerAdministrator_72,Snmpd_226,ServerAdministrator_72,Snmpd_226,ServerAdministrator_72,Snmpd_226,ServerAdministrator_72,Snmpd_226,ServerAdministrator_72,Snmpd_226,ServerAdministrator_72,Snmpd_226,ServerAdministrator_72,Snmpd_226,ServerAdministrator_72,Snmpd_226,ServerAdministrator_72,Snmpd_226]","[Initialize_291,Receiving_748,ReturningTo_290,Receiving_748,Initialize_291,Receiving_748,ReturningTo_290,Receiving_748,Initialize_291,Receiving_748,ReturningTo_290,Receiving_748,Initialize_291,Receiving_748,ReturningTo_290,Receiving_748,Initialize_291,Receiving_748,ReturningTo_290,Receiving_748,Initialize_291,Receiving_748,ReturningTo_290,Receiving_748,Initialize_291,Receiving_748]","[none_526,none_1082,normal_525,none_1082,none_526,none_1082,normal_525,none_1082,none_526,none_1082,normal_525,none_1082,none_526,none_1082,normal_525,none_1082,none_526,none_1082,normal_525,none_1082,none_526,none_1082,normal_525,none_1082,none_526,none_1082]"
322,61961,"['9', '2', '10', '2', '9', '2', '10', '2']","[ServerAdministrator_72,Snmpd_226,ServerAdministrator_72,Snmpd_226,ServerAdministrator_72,Snmpd_226,ServerAdministrator_72,Snmpd_226]","[Initialize_291,Receiving_748,ReturningTo_290,Receiving_748,Initialize_291,Receiving_748,ReturningTo_290,Receiving_748]","[none_526,none_1082,normal_525,none_1082,none_526,none_1082,normal_525,none_1082]"
323,63785,"['4', '1', '8']","[User_80,User_80,Crond_94]","[Register_307,Opened_309,Register_340]","[none_543,none_545,none_582]"
324,93827,"['1', '8', '1', '5', '1', '5', '1', '5', '29', '1', '5', '1', '5', '1', '5', '1', '5', '1', '5', '1', '5', '1', '5', '42', '1', '5', '4', '45', '46', '1', '5', '1', '5', '1', '5', '1', '5', '1', '5', '1', '5', '1', '5', '1', '5', '1', '5', '1', '5', '1', '5', '1', '5', '1', '5', '1', '5', '1', '5', '1', '5', '1', '5', '1', '5', '1', '5', '1', '5', '1', '5', '1', '5', '1', '5', '1', '5', '1', '5', '1', '5', '1', '5', '1', '5', '1', '5', '1', '5', '1', '5', '1', '5', '1', '5', '1', '5', '1', '5', '1', '5', '1', '5', '1', '5', '1', '5', '1', '5', '1', '5', '1', '5', '1', '5', '1', '5', '1', '5', '1', '5', '18', '1', '5', '1', '5', '1', '5', '1', '5', '1', '5', '1', '5']","[User_80,Crond_94,User_80,Sshd_228,User_80,Sshd_228,User_80,Sshd_228,Sendmail_222,User_80,Sshd_228,User_80,Sshd_228,User_80,Sshd_228,User_80,Sshd_228,User_80,Sshd_228,User_80,Sshd_228,User_80,Sshd_228,Sendmail_222,User_80,Sshd_228,User_80,Sendmail_222,Sendmail_222,User_80,Sshd_228,User_80,Sshd_228,User_80,Sshd_228,User_80,Sshd_228,User_80,Sshd_228,User_80,Sshd_228,User_80,Sshd_228,User_80,Sshd_228,User_80,Sshd_228,User_80,Sshd_228,User_80,Sshd_228,User_80,Sshd_228,User_80,Sshd_228,User_80,Sshd_228,User_80,Sshd_228,User_80,Sshd_228,User_80,Sshd_228,User_80,Sshd_228,User_80,Sshd_228,User_80,Sshd_228,User_80,Sshd_228,User_80,Sshd_228,User_80,Sshd_228,User_80,Sshd_228,User_80,Sshd_228,User_80,Sshd_228,User_80,Sshd_228,User_80,Sshd_228,User_80,Sshd_228,User_80,Sshd_228,User_80,Sshd_228,User_80,Sshd_228,User_80,Sshd_228,User_80,Sshd_228,User_80,Sshd_228,User_80,Sshd_228,User_80,Sshd_228,User_80,Sshd_228,User_80,Sshd_228,User_80,Sshd_228,User_80,Sshd_228,User_80,Sshd_228,User_80,Sshd_228,User_80,Sshd_228,User_80,Sshd_228,User_80,Sshd_228,Ntpd_178,User_80,Sshd_228,User_80,Sshd_228,User_80,Sshd_228,User_80,Sshd_228,User_80,Sshd_228,User_80,Sshd_228]","[Opened_309,Register_340,Opened_309,Connecting_786,Opened_309,Connecting_786,Opened_309,Connecting_786,Retrying_704,Opened_309,Connecting_786,Opened_309,Connecting_786,Opened_309,Connecting_786,Opened_309,Connecting_786,Opened_309,Connecting_786,Opened_309,Connecting_786,Opened_309,Connecting_786,UnableToQualifyDomainName_719,Opened_309,Connecting_786,Register_307,SendingEmail_715,Start_709,Opened_309,Connecting_786,Opened_309,Connecting_786,Opened_309,Connecting_786,Opened_309,Connecting_786,Opened_309,Connecting_786,Opened_309,Connecting_786,Opened_309,Connecting_786,Opened_309,Connecting_786,Opened_309,Connecting_786,Opened_309,Connecting_786,Opened_309,Connecting_786,Opened_309,Connecting_786,Opened_309,Connecting_786,Opened_309,Connecting_786,Opened_309,Connecting_786,Opened_309,Connecting_786,Opened_309,Connecting_786,Opened_309,Connecting_786,Opened_309,Connecting_786,Opened_309,Connecting_786,Opened_309,Connecting_786,Opened_309,Connecting_786,Opened_309,Connecting_786,Opened_309,Connecting_786,Opened_309,Connecting_786,Opened_309,Connecting_786,Opened_309,Connecting_786,Opened_309,Connecting_786,Opened_309,Connecting_786,Opened_309,Connecting_786,Opened_309,Connecting_786,Opened_309,Connecting_786,Opened_309,Connecting_786,Opened_309,Connecting_786,Opened_309,Connecting_786,Opened_309,Connecting_786,Opened_309,Connecting_786,Opened_309,Connecting_786,Opened_309,Connecting_786,Opened_309,Connecting_786,Opened_309,Connecting_786,Opened_309,Connecting_786,Opened_309,Connecting_786,Opened_309,Connecting_786,Opened_309,Connecting_786,Opened_309,Connecting_786,Synchronized_589,Opened_309,Connecting_786,Opened_309,Connecting_786,Opened_309,Connecting_786,Opened_309,Connecting_786,Opened_309,Connecting_786,Opened_309,Connecting_786]","[none_545,none_582,none_545,none_1134,none_545,none_1134,none_545,none_1134,unknown_1029,none_545,none_1134,none_545,none_1134,none_545,none_1134,none_545,none_1134,none_545,none_1134,none_545,none_1134,none_545,none_1134,error_1048,none_545,none_1134,none_543,none_1044,deferred_1035,none_545,none_1134,none_545,none_1134,none_545,none_1134,none_545,none_1134,none_545,none_1134,none_545,none_1134,none_545,none_1134,none_545,none_1134,none_545,none_1134,none_545,none_1134,none_545,none_1134,none_545,none_1134,none_545,none_1134,none_545,none_1134,none_545,none_1134,none_545,none_1134,none_545,none_1134,none_545,none_1134,none_545,none_1134,none_545,none_1134,none_545,none_1134,none_545,none_1134,none_545,none_1134,none_545,none_1134,none_545,none_1134,none_545,none_1134,none_545,none_1134,none_545,none_1134,none_545,none_1134,none_545,none_1134,none_545,none_1134,none_545,none_1134,none_545,none_1134,none_545,none_1134,none_545,none_1134,none_545,none_1134,none_545,none_1134,none_545,none_1134,none_545,none_1134,none_545,none_1134,none_545,none_1134,none_545,none_1134,none_545,none_1134,none_545,none_1134,none_545,none_1134,none_545,none_1134,none_897,none_545,none_1134,none_545,none_1134,none_545,none_1134,none_545,none_1134,none_545,none_1134,none_545,none_1134]"
325,63255,"['9', '2', '10', '2', '9', '2', '10', '2']","[ServerAdministrator_72,Snmpd_226,ServerAdministrator_72,Snmpd_226,ServerAdministrator_72,Snmpd_226,ServerAdministrator_72,Snmpd_226]","[Initialize_291,Receiving_748,ReturningTo_290,Receiving_748,Initialize_291,Receiving_748,ReturningTo_290,Receiving_748]","[none_526,none_1082,normal_525,none_1082,none_526,none_1082,normal_525,none_1082]"
326,91947,"['1', '8', '29', '42', '4', '45', '46']","[User_80,Crond_94,Sendmail_222,Sendmail_222,User_80,Sendmail_222,Sendmail_222]","[Opened_309,Register_340,Retrying_704,UnableToQualifyDomainName_719,Register_307,SendingEmail_715,Start_709]","[none_545,none_582,unknown_1029,error_1048,none_543,none_1044,deferred_1035]"
327,60155,"['9', '2', '10', '2']","[ServerAdministrator_72,Snmpd_226,ServerAdministrator_72,Snmpd_226]","[Initialize_291,Receiving_748,ReturningTo_290,Receiving_748]","[none_526,none_1082,normal_525,none_1082]"
328,89809,"['10', '2', '9', '2', '10', '2']","[ServerAdministrator_72,Snmpd_226,ServerAdministrator_72,Snmpd_226,ServerAdministrator_72,Snmpd_226]","[ReturningTo_290,Receiving_748,Initialize_291,Receiving_748,ReturningTo_290,Receiving_748]","[normal_525,none_1082,none_526,none_1082,normal_525,none_1082]"
329,68341,"['9', '2', '10', '2', '9', '2']","[ServerAdministrator_72,Snmpd_226,ServerAdministrator_72,Snmpd_226,ServerAdministrator_72,Snmpd_226]","[Initialize_291,Receiving_748,ReturningTo_290,Receiving_748,Initialize_291,Receiving_748]","[none_526,none_1082,normal_525,none_1082,none_526,none_1082]"
330,49524,"['9', '2', '10', '2', '9', '2', '10', '2', '9', '2']","[ServerAdministrator_72,Snmpd_226,ServerAdministrator_72,Snmpd_226,ServerAdministrator_72,Snmpd_226,ServerAdministrator_72,Snmpd_226,ServerAdministrator_72,Snmpd_226]","[Initialize_291,Receiving_748,ReturningTo_290,Receiving_748,Initialize_291,Receiving_748,ReturningTo_290,Receiving_748,Initialize_291,Receiving_748]","[none_526,none_1082,normal_525,none_1082,none_526,none_1082,normal_525,none_1082,none_526,none_1082]"
331,76049,"['10', '2', '9', '2']","[ServerAdministrator_72,Snmpd_226,ServerAdministrator_72,Snmpd_226]","[ReturningTo_290,Receiving_748,Initialize_291,Receiving_748]","[normal_525,none_1082,none_526,none_1082]"
332,27568,"['10', '2', '9', '2', '10', '2', '9', '2', '10', '2', '9', '2']","[ServerAdministrator_72,Snmpd_226,ServerAdministrator_72,Snmpd_226,ServerAdministrator_72,Snmpd_226,ServerAdministrator_72,Snmpd_226,ServerAdministrator_72,Snmpd_226,ServerAdministrator_72,Snmpd_226]","[ReturningTo_290,Receiving_748,Initialize_291,Receiving_748,ReturningTo_290,Receiving_748,Initialize_291,Receiving_748,ReturningTo_290,Receiving_748,Initialize_291,Receiving_748]","[normal_525,none_1082,none_526,none_1082,normal_525,none_1082,none_526,none_1082,normal_525,none_1082,none_526,none_1082]"
333,87357,"['9', '2', '10', '2']","[ServerAdministrator_72,Snmpd_226,ServerAdministrator_72,Snmpd_226]","[Initialize_291,Receiving_748,ReturningTo_290,Receiving_748]","[none_526,none_1082,normal_525,none_1082]"
334,78142,"['9', '2', '10', '2', '9', '2', '10', '2', '9', '2', '10', '2', '9', '2']","[ServerAdministrator_72,Snmpd_226,ServerAdministrator_72,Snmpd_226,ServerAdministrator_72,Snmpd_226,ServerAdministrator_72,Snmpd_226,ServerAdministrator_72,Snmpd_226,ServerAdministrator_72,Snmpd_226,ServerAdministrator_72,Snmpd_226]","[Initialize_291,Receiving_748,ReturningTo_290,Receiving_748,Initialize_291,Receiving_748,ReturningTo_290,Receiving_748,Initialize_291,Receiving_748,ReturningTo_290,Receiving_748,Initialize_291,Receiving_748]","[none_526,none_1082,normal_525,none_1082,none_526,none_1082,normal_525,none_1082,none_526,none_1082,normal_525,none_1082,none_526,none_1082]"
335,77388,"['10', '2', '9', '2', '10', '2']","[ServerAdministrator_72,Snmpd_226,ServerAdministrator_72,Snmpd_226,ServerAdministrator_72,Snmpd_226]","[ReturningTo_290,Receiving_748,Initialize_291,Receiving_748,ReturningTo_290,Receiving_748]","[normal_525,none_1082,none_526,none_1082,normal_525,none_1082]"
336,88366,"['9', '2', '10', '2', '9', '2', '10', '2']","[ServerAdministrator_72,Snmpd_226,ServerAdministrator_72,Snmpd_226,ServerAdministrator_72,Snmpd_226,ServerAdministrator_72,Snmpd_226]","[Initialize_291,Receiving_748,ReturningTo_290,Receiving_748,Initialize_291,Receiving_748,ReturningTo_290,Receiving_748]","[none_526,none_1082,normal_525,none_1082,none_526,none_1082,normal_525,none_1082]"
337,58422,"['10', '2', '9', '2', '10', '2', '9', '2', '10', '2']","[ServerAdministrator_72,Snmpd_226,ServerAdministrator_72,Snmpd_226,ServerAdministrator_72,Snmpd_226,ServerAdministrator_72,Snmpd_226,ServerAdministrator_72,Snmpd_226]","[ReturningTo_290,Receiving_748,Initialize_291,Receiving_748,ReturningTo_290,Receiving_748,Initialize_291,Receiving_748,ReturningTo_290,Receiving_748]","[normal_525,none_1082,none_526,none_1082,normal_525,none_1082,none_526,none_1082,normal_525,none_1082]"
338,56107,"['10', '2', '9', '2', '10', '2', '9', '2', '10', '2', '9', '2']","[ServerAdministrator_72,Snmpd_226,ServerAdministrator_72,Snmpd_226,ServerAdministrator_72,Snmpd_226,ServerAdministrator_72,Snmpd_226,ServerAdministrator_72,Snmpd_226,ServerAdministrator_72,Snmpd_226]","[ReturningTo_290,Receiving_748,Initialize_291,Receiving_748,ReturningTo_290,Receiving_748,Initialize_291,Receiving_748,ReturningTo_290,Receiving_748,Initialize_291,Receiving_748]","[normal_525,none_1082,none_526,none_1082,normal_525,none_1082,none_526,none_1082,normal_525,none_1082,none_526,none_1082]"
339,68013,"['4', '1', '8', '1', '5']","[User_80,User_80,Crond_94,User_80,Sshd_228]","[Register_307,Opened_309,Register_340,Opened_309,Connecting_786]","[none_543,none_545,none_582,none_545,none_1134]"
340,67627,"['4', '1', '8']","[User_80,User_80,Crond_94]","[Register_307,Opened_309,Register_340]","[none_543,none_545,none_582]"
341,17613,"['10', '2', '9', '2']","[ServerAdministrator_72,Snmpd_226,ServerAdministrator_72,Snmpd_226]","[ReturningTo_290,Receiving_748,Initialize_291,Receiving_748]","[normal_525,none_1082,none_526,none_1082]"
342,95217,"['9', '2', '10', '2', '9', '2', '10', '2']","[ServerAdministrator_72,Snmpd_226,ServerAdministrator_72,Snmpd_226,ServerAdministrator_72,Snmpd_226,ServerAdministrator_72,Snmpd_226]","[Initialize_291,Receiving_748,ReturningTo_290,Receiving_748,Initialize_291,Receiving_748,ReturningTo_290,Receiving_748]","[none_526,none_1082,normal_525,none_1082,none_526,none_1082,normal_525,none_1082]"
343,26964,"['9', '2', '10', '2', '9', '2']","[ServerAdministrator_72,Snmpd_226,ServerAdministrator_72,Snmpd_226,ServerAdministrator_72,Snmpd_226]","[Initialize_291,Receiving_748,ReturningTo_290,Receiving_748,Initialize_291,Receiving_748]","[none_526,none_1082,normal_525,none_1082,none_526,none_1082]"
344,64321,"['4', '1', '8']","[User_80,User_80,Crond_94]","[Register_307,Opened_309,Register_340]","[none_543,none_545,none_582]"
345,82849,"['9', '2', '10', '2', '9', '2']","[ServerAdministrator_72,Snmpd_226,ServerAdministrator_72,Snmpd_226,ServerAdministrator_72,Snmpd_226]","[Initialize_291,Receiving_748,ReturningTo_290,Receiving_748,Initialize_291,Receiving_748]","[none_526,none_1082,normal_525,none_1082,none_526,none_1082]"
346,87065,"['9', '2', '10', '2', '9', '2', '10', '2']","[ServerAdministrator_72,Snmpd_226,ServerAdministrator_72,Snmpd_226,ServerAdministrator_72,Snmpd_226,ServerAdministrator_72,Snmpd_226]","[Initialize_291,Receiving_748,ReturningTo_290,Receiving_748,Initialize_291,Receiving_748,ReturningTo_290,Receiving_748]","[none_526,none_1082,normal_525,none_1082,none_526,none_1082,normal_525,none_1082]"
347,47920,"['9', '2', '10', '2', '9', '2', '10', '2', '9', '2', '10', '2', '9', '2', '10', '2', '9', '2', '10', '2']","[ServerAdministrator_72,Snmpd_226,ServerAdministrator_72,Snmpd_226,ServerAdministrator_72,Snmpd_226,ServerAdministrator_72,Snmpd_226,ServerAdministrator_72,Snmpd_226,ServerAdministrator_72,Snmpd_226,ServerAdministrator_72,Snmpd_226,ServerAdministrator_72,Snmpd_226,ServerAdministrator_72,Snmpd_226,ServerAdministrator_72,Snmpd_226]","[Initialize_291,Receiving_748,ReturningTo_290,Receiving_748,Initialize_291,Receiving_748,ReturningTo_290,Receiving_748,Initialize_291,Receiving_748,ReturningTo_290,Receiving_748,Initialize_291,Receiving_748,ReturningTo_290,Receiving_748,Initialize_291,Receiving_748,ReturningTo_290,Receiving_748]","[none_526,none_1082,normal_525,none_1082,none_526,none_1082,normal_525,none_1082,none_526,none_1082,normal_525,none_1082,none_526,none_1082,normal_525,none_1082,none_526,none_1082,normal_525,none_1082]"
348,71872,"['58', '36', '36', '63', '16']","[Dhcpd_106,Dhcpd_106,Dhcpd_106,Dhcpd_106,Xinetd_256]","[Dhcpdiscover_367,none_368,none_368,Settingup_376,none_835]","[none_614,none_616,none_616,none_630,none_1190]"
349,74392,"['10', '2', '9', '2', '10', '2', '9', '2', '10', '2']","[ServerAdministrator_72,Snmpd_226,ServerAdministrator_72,Snmpd_226,ServerAdministrator_72,Snmpd_226,ServerAdministrator_72,Snmpd_226,ServerAdministrator_72,Snmpd_226]","[ReturningTo_290,Receiving_748,Initialize_291,Receiving_748,ReturningTo_290,Receiving_748,Initialize_291,Receiving_748,ReturningTo_290,Receiving_748]","[normal_525,none_1082,none_526,none_1082,normal_525,none_1082,none_526,none_1082,normal_525,none_1082]"
350,77184,"['9', '2', '10', '2', '9', '2', '10', '2', '9', '2', '10', '2', '9', '2']","[ServerAdministrator_72,Snmpd_226,ServerAdministrator_72,Snmpd_226,ServerAdministrator_72,Snmpd_226,ServerAdministrator_72,Snmpd_226,ServerAdministrator_72,Snmpd_226,ServerAdministrator_72,Snmpd_226,ServerAdministrator_72,Snmpd_226]","[Initialize_291,Receiving_748,ReturningTo_290,Receiving_748,Initialize_291,Receiving_748,ReturningTo_290,Receiving_748,Initialize_291,Receiving_748,ReturningTo_290,Receiving_748,Initialize_291,Receiving_748]","[none_526,none_1082,normal_525,none_1082,none_526,none_1082,normal_525,none_1082,none_526,none_1082,normal_525,none_1082,none_526,none_1082]"
351,19327,"['10', '2', '9', '2']","[ServerAdministrator_72,Snmpd_226,ServerAdministrator_72,Snmpd_226]","[ReturningTo_290,Receiving_748,Initialize_291,Receiving_748]","[normal_525,none_1082,none_526,none_1082]"
352,76722,"['10', '2', '9', '2', '10', '2', '9', '2']","[ServerAdministrator_72,Snmpd_226,ServerAdministrator_72,Snmpd_226,ServerAdministrator_72,Snmpd_226,ServerAdministrator_72,Snmpd_226]","[ReturningTo_290,Receiving_748,Initialize_291,Receiving_748,ReturningTo_290,Receiving_748,Initialize_291,Receiving_748]","[normal_525,none_1082,none_526,none_1082,normal_525,none_1082,none_526,none_1082]"
353,70695,"['9', '2', '10', '2', '9', '2', '10', '2', '9', '2', '10', '2', '9', '2', '10', '2', '9', '2', '10', '2', '9', '2', '10', '2', '9', '2']","[ServerAdministrator_72,Snmpd_226,ServerAdministrator_72,Snmpd_226,ServerAdministrator_72,Snmpd_226,ServerAdministrator_72,Snmpd_226,ServerAdministrator_72,Snmpd_226,ServerAdministrator_72,Snmpd_226,ServerAdministrator_72,Snmpd_226,ServerAdministrator_72,Snmpd_226,ServerAdministrator_72,Snmpd_226,ServerAdministrator_72,Snmpd_226,ServerAdministrator_72,Snmpd_226,ServerAdministrator_72,Snmpd_226,ServerAdministrator_72,Snmpd_226]","[Initialize_291,Receiving_748,ReturningTo_290,Receiving_748,Initialize_291,Receiving_748,ReturningTo_290,Receiving_748,Initialize_291,Receiving_748,ReturningTo_290,Receiving_748,Initialize_291,Receiving_748,ReturningTo_290,Receiving_748,Initialize_291,Receiving_748,ReturningTo_290,Receiving_748,Initialize_291,Receiving_748,ReturningTo_290,Receiving_748,Initialize_291,Receiving_748]","[none_526,none_1082,normal_525,none_1082,none_526,none_1082,normal_525,none_1082,none_526,none_1082,normal_525,none_1082,none_526,none_1082,normal_525,none_1082,none_526,none_1082,normal_525,none_1082,none_526,none_1082,normal_525,none_1082,none_526,none_1082]"
354,50254,"['9', '2', '10', '2', '9', '2', '10', '2', '9', '2', '10', '2', '9', '2', '10', '2', '9', '2', '10', '2', '9', '2', '10', '2', '9', '2']","[ServerAdministrator_72,Snmpd_226,ServerAdministrator_72,Snmpd_226,ServerAdministrator_72,Snmpd_226,ServerAdministrator_72,Snmpd_226,ServerAdministrator_72,Snmpd_226,ServerAdministrator_72,Snmpd_226,ServerAdministrator_72,Snmpd_226,ServerAdministrator_72,Snmpd_226,ServerAdministrator_72,Snmpd_226,ServerAdministrator_72,Snmpd_226,ServerAdministrator_72,Snmpd_226,ServerAdministrator_72,Snmpd_226,ServerAdministrator_72,Snmpd_226]","[Initialize_291,Receiving_748,ReturningTo_290,Receiving_748,Initialize_291,Receiving_748,ReturningTo_290,Receiving_748,Initialize_291,Receiving_748,ReturningTo_290,Receiving_748,Initialize_291,Receiving_748,ReturningTo_290,Receiving_748,Initialize_291,Receiving_748,ReturningTo_290,Receiving_748,Initialize_291,Receiving_748,ReturningTo_290,Receiving_748,Initialize_291,Receiving_748]","[none_526,none_1082,normal_525,none_1082,none_526,none_1082,normal_525,none_1082,none_526,none_1082,normal_525,none_1082,none_526,none_1082,normal_525,none_1082,none_526,none_1082,normal_525,none_1082,none_526,none_1082,normal_525,none_1082,none_526,none_1082]"
355,88357,"['10', '2', '9', '2', '10', '2', '9', '2']","[ServerAdministrator_72,Snmpd_226,ServerAdministrator_72,Snmpd_226,ServerAdministrator_72,Snmpd_226,ServerAdministrator_72,Snmpd_226]","[ReturningTo_290,Receiving_748,Initialize_291,Receiving_748,ReturningTo_290,Receiving_748,Initialize_291,Receiving_748]","[normal_525,none_1082,none_526,none_1082,normal_525,none_1082,none_526,none_1082]"
356,75840,"['9', '2', '10', '2', '9', '2', '10', '2']","[ServerAdministrator_72,Snmpd_226,ServerAdministrator_72,Snmpd_226,ServerAdministrator_72,Snmpd_226,ServerAdministrator_72,Snmpd_226]","[Initialize_291,Receiving_748,ReturningTo_290,Receiving_748,Initialize_291,Receiving_748,ReturningTo_290,Receiving_748]","[none_526,none_1082,normal_525,none_1082,none_526,none_1082,normal_525,none_1082]"
357,61065,"['9', '2', '10', '2', '9', '2', '10', '2', '9', '2']","[ServerAdministrator_72,Snmpd_226,ServerAdministrator_72,Snmpd_226,ServerAdministrator_72,Snmpd_226,ServerAdministrator_72,Snmpd_226,ServerAdministrator_72,Snmpd_226]","[Initialize_291,Receiving_748,ReturningTo_290,Receiving_748,Initialize_291,Receiving_748,ReturningTo_290,Receiving_748,Initialize_291,Receiving_748]","[none_526,none_1082,normal_525,none_1082,none_526,none_1082,normal_525,none_1082,none_526,none_1082]"
358,47961,"['10', '2', '9', '2', '10', '2', '9', '2', '10', '2', '9', '2', '10', '2']","[ServerAdministrator_72,Snmpd_226,ServerAdministrator_72,Snmpd_226,ServerAdministrator_72,Snmpd_226,ServerAdministrator_72,Snmpd_226,ServerAdministrator_72,Snmpd_226,ServerAdministrator_72,Snmpd_226,ServerAdministrator_72,Snmpd_226]","[ReturningTo_290,Receiving_748,Initialize_291,Receiving_748,ReturningTo_290,Receiving_748,Initialize_291,Receiving_748,ReturningTo_290,Receiving_748,Initialize_291,Receiving_748,ReturningTo_290,Receiving_748]","[normal_525,none_1082,none_526,none_1082,normal_525,none_1082,none_526,none_1082,normal_525,none_1082,none_526,none_1082,normal_525,none_1082]"
359,34398,"['4', '1', '8']","[User_80,User_80,Crond_94]","[Register_307,Opened_309,Register_340]","[none_543,none_545,none_582]"
360,88297,"['9', '2', '10', '2', '9', '2', '10', '2', '9', '2', '10', '2']","[ServerAdministrator_72,Snmpd_226,ServerAdministrator_72,Snmpd_226,ServerAdministrator_72,Snmpd_226,ServerAdministrator_72,Snmpd_226,ServerAdministrator_72,Snmpd_226,ServerAdministrator_72,Snmpd_226]","[Initialize_291,Receiving_748,ReturningTo_290,Receiving_748,Initialize_291,Receiving_748,ReturningTo_290,Receiving_748,Initialize_291,Receiving_748,ReturningTo_290,Receiving_748]","[none_526,none_1082,normal_525,none_1082,none_526,none_1082,normal_525,none_1082,none_526,none_1082,normal_525,none_1082]"
361,75321,"['9', '2', '10', '2', '9', '2', '10', '2', '9', '2', '10', '2']","[ServerAdministrator_72,Snmpd_226,ServerAdministrator_72,Snmpd_226,ServerAdministrator_72,Snmpd_226,ServerAdministrator_72,Snmpd_226,ServerAdministrator_72,Snmpd_226,ServerAdministrator_72,Snmpd_226]","[Initialize_291,Receiving_748,ReturningTo_290,Receiving_748,Initialize_291,Receiving_748,ReturningTo_290,Receiving_748,Initialize_291,Receiving_748,ReturningTo_290,Receiving_748]","[none_526,none_1082,normal_525,none_1082,none_526,none_1082,normal_525,none_1082,none_526,none_1082,normal_525,none_1082]"
362,71587,"['9', '2', '10', '2']","[ServerAdministrator_72,Snmpd_226,ServerAdministrator_72,Snmpd_226]","[Initialize_291,Receiving_748,ReturningTo_290,Receiving_748]","[none_526,none_1082,normal_525,none_1082]"
363,97291,"['9', '2', '10', '2', '9', '2', '10', '2']","[ServerAdministrator_72,Snmpd_226,ServerAdministrator_72,Snmpd_226,ServerAdministrator_72,Snmpd_226,ServerAdministrator_72,Snmpd_226]","[Initialize_291,Receiving_748,ReturningTo_290,Receiving_748,Initialize_291,Receiving_748,ReturningTo_290,Receiving_748]","[none_526,none_1082,normal_525,none_1082,none_526,none_1082,normal_525,none_1082]"
364,49760,"['9', '2', '10', '2', '9', '2', '10', '2', '9', '2', '10', '2', '9', '2', '10', '2']","[ServerAdministrator_72,Snmpd_226,ServerAdministrator_72,Snmpd_226,ServerAdministrator_72,Snmpd_226,ServerAdministrator_72,Snmpd_226,ServerAdministrator_72,Snmpd_226,ServerAdministrator_72,Snmpd_226,ServerAdministrator_72,Snmpd_226,ServerAdministrator_72,Snmpd_226]","[Initialize_291,Receiving_748,ReturningTo_290,Receiving_748,Initialize_291,Receiving_748,ReturningTo_290,Receiving_748,Initialize_291,Receiving_748,ReturningTo_290,Receiving_748,Initialize_291,Receiving_748,ReturningTo_290,Receiving_748]","[none_526,none_1082,normal_525,none_1082,none_526,none_1082,normal_525,none_1082,none_526,none_1082,normal_525,none_1082,none_526,none_1082,normal_525,none_1082]"
365,75399,"['10', '2', '9', '2']","[ServerAdministrator_72,Snmpd_226,ServerAdministrator_72,Snmpd_226]","[ReturningTo_290,Receiving_748,Initialize_291,Receiving_748]","[normal_525,none_1082,none_526,none_1082]"
366,86517,"['9', '2', '10', '2', '9', '2', '10', '2']","[ServerAdministrator_72,Snmpd_226,ServerAdministrator_72,Snmpd_226,ServerAdministrator_72,Snmpd_226,ServerAdministrator_72,Snmpd_226]","[Initialize_291,Receiving_748,ReturningTo_290,Receiving_748,Initialize_291,Receiving_748,ReturningTo_290,Receiving_748]","[none_526,none_1082,normal_525,none_1082,none_526,none_1082,normal_525,none_1082]"
367,32009,"['31', '87', '259', '35', '269', '257', '267', '103', '177', '173', '31', '177', '167', '187', '31', '31', '298', '34', '31', '312', '168', '168', '31', '190', '31']","[Shutdown_40,Kernel_43,Panfs_184,Kernel_43,Fsclientcap_123,Rpcs_64,Subdev_231,Kernel_43,Filesystems_115,Snmpd_226,Shutdown_40,Filesystems_115,Ntpd_178,Ntpd_178,Shutdown_40,Shutdown_40,Xinetd_256,Shutdown_40,Shutdown_40,Signal_25,Kernel_43,Kernel_43,Shutdown_40,none_264,Shutdown_40]","[Configuring_68,none_72,Umounting_616,none_72,Scrubbing_407,Returning_267,Startup_790,none_72,Create_392,ShuttingDown_751,Configuring_68,Create_392,Shutdown_597,Exiting_598,Configuring_68,Configuring_68,Exiting_839,Configuring_68,Configuring_68,Un-registeringAndExiting_51,none_72,none_72,Configuring_68,Register_849,Configuring_68]","[none_89,none_157,none_929,none_165,starting_665,none_492,done_1138,none_156,none_646,none_1085,none_89,none_646,none_908,none_909,none_89,none_89,none_1195,none_88,none_89,none_71,none_94,none_94,none_89,signal_1205,none_89]"
368,72179,"['170', '367', '104', '303', '303', '161', '22', '22', '134', '162', '368', '304', '101', '34', '104', '104', '131', '131', '104', '304', '131', '302', '104', '314', '302', '161', '162', '305', '102', '102', '314', '131', '161', '369', '167', '180', '101', '180', '101', '101', '180', '101', '101', '101', '99', '22', '41', '41', '41', '196', '143', '61', '141', '142', '157', '131', '162', '305', '162', '370', '104', '161', '365', '366', '190']","[LogSource_153,Logger_154,Logger_154,Logger_154,Logger_154,Logger_154,Startup_230,Startup_230,Syslogd_235,Userhelper_250,Userhelper_250,Logger_154,Kernel_43,Shutdown_40,Logger_154,Logger_154,Logger_154,Logger_154,Logger_154,Logger_154,Logger_154,Logger_154,Logger_154,Logger_154,Logger_154,Logger_154,Userhelper_250,Userhelper_250,Gmond_125,Gmond_125,Logger_154,Logger_154,Logger_154,Logger_154,Ntpd_178,Kernel_43,Kernel_43,Kernel_43,Kernel_43,Kernel_43,Kernel_43,Kernel_43,Kernel_43,Kernel_43,none_260,Startup_230,Ntpd_178,Ntpd_178,Ntpd_178,Ntpd_178,Ntpd_178,Kernel_43,Ntpd_178,Ntpd_178,Ntpdate_179,Logger_154,Userhelper_250,Userhelper_250,Userhelper_250,Userhelper_250,Logger_154,Logger_154,Logger_154,Logger_154,none_264]","[Started_496,Apply_504,Handleeqeibevents_506,none_501,none_501,Setup_505,Succeeded_788,Succeeded_788,Restart_807,Updated_827,RunningWithRootPrivileges_825,none_501,Interface_83,Configuring_68,Handleeqeibevents_506,Handleeqeibevents_506,none_501,none_501,Handleeqeibevents_506,none_501,none_501,none_501,Handleeqeibevents_506,none_501,none_501,Setup_505,Updated_827,Running_826,none_415,none_415,none_501,none_501,Setup_505,Registered_502,Shutdown_597,DeniedRead_84,Interface_83,DeniedRead_84,Interface_83,Interface_83,DeniedRead_84,Interface_83,Interface_83,Interface_83,none_845,Succeeded_788,Changed_601,Changed_601,Changed_601,Configure_599,Configure_599,TimeSync_120,none_596,none_596,Step_604,none_501,Updated_827,Running_826,Updated_827,Running_826,Handleeqeibevents_506,Setup_505,none_501,Releasing_500,Register_849]","[none_767,none_780,none_782,none_775,none_775,none_781,none_1136,none_1136,none_1161,none_1182,none_1179,none_773,none_213,none_88,none_782,none_782,none_777,none_777,none_782,none_773,none_777,none_774,none_782,none_772,none_774,none_781,none_1182,none_1181,succeeded_673,succeeded_673,none_772,none_777,none_781,none_778,none_908,none_214,none_213,none_214,none_213,none_213,none_214,none_213,none_213,none_213,successful_1201,none_1136,none_913,none_913,none_913,ignored_910,none_911,none_286,none_906,none_905,none_916,none_777,none_1182,none_1181,none_1182,none_1180,none_782,none_781,none_776,finished_771,signal_1205]"
369,32664,"['1', '5', '164', '166', '34', '111', '31', '31', '176', '122', '295', '31', '31', '106', '168', '168', '34', '31', '31', '312', '190', '31']","[User_80,Sshd_228,Init_137,System_236,Shutdown_40,Kernel_43,Shutdown_40,Shutdown_40,Smartd_225,-term_0,Sshd_228,Shutdown_40,Shutdown_40,Snmpd_226,Kernel_43,Kernel_43,Shutdown_40,Shutdown_40,Shutdown_40,Signal_25,none_264,Shutdown_40]","[Opened_309,Connecting_786,To_472,ShuttingDown_808,Configuring_68,Segfault_81,Configuring_68,Configuring_68,none_731,Succeeded_0,Terminating_785,Configuring_68,Configuring_68,Disconnected_744,none_72,none_72,Configuring_68,Configuring_68,Configuring_68,Un-registeringAndExiting_51,Register_849,Configuring_68]","[none_545,none_1134,none_741,none_1162,none_88,error_211,none_89,none_89,failed_1063,none_0,none_1133,none_89,none_89,none_1077,none_94,none_94,none_88,none_89,none_89,none_71,signal_1205,none_89]"
370,95036,"['1', '8', '29', '42', '4', '45', '46']","[User_80,Crond_94,Sendmail_222,Sendmail_222,User_80,Sendmail_222,Sendmail_222]","[Opened_309,Register_340,Retrying_704,UnableToQualifyDomainName_719,Register_307,SendingEmail_715,Start_709]","[none_545,none_582,unknown_1029,error_1048,none_543,none_1044,deferred_1035]"
371,83589,"['9', '2', '10', '2']","[ServerAdministrator_72,Snmpd_226,ServerAdministrator_72,Snmpd_226]","[Initialize_291,Receiving_748,ReturningTo_290,Receiving_748]","[none_526,none_1082,normal_525,none_1082]"
372,8010,"['164', '166', '1', '5', '34', '87', '259', '269', '31', '176', '122', '295', '35', '257', '267', '103', '177', '31', '177', '167', '187', '31', '173', '31', '298', '168', '168', '34', '31', '31', '312', '190']","[Init_137,System_236,User_80,Sshd_228,Shutdown_40,Kernel_43,Panfs_184,Fsclientcap_123,Shutdown_40,Smartd_225,-term_0,Sshd_228,Kernel_43,Rpcs_64,Subdev_231,Kernel_43,Filesystems_115,Shutdown_40,Filesystems_115,Ntpd_178,Ntpd_178,Shutdown_40,Snmpd_226,Shutdown_40,Xinetd_256,Kernel_43,Kernel_43,Shutdown_40,Shutdown_40,Shutdown_40,Signal_25,none_264]","[To_472,ShuttingDown_808,Opened_309,Connecting_786,Configuring_68,none_72,Umounting_616,Scrubbing_407,Configuring_68,none_731,Succeeded_0,Terminating_785,none_72,Returning_267,Startup_790,none_72,Create_392,Configuring_68,Create_392,Shutdown_597,Exiting_598,Configuring_68,ShuttingDown_751,Configuring_68,Exiting_839,none_72,none_72,Configuring_68,Configuring_68,Configuring_68,Un-registeringAndExiting_51,Register_849]","[none_741,none_1162,none_545,none_1134,none_88,none_157,none_929,starting_665,none_89,failed_1063,none_0,none_1133,none_165,none_492,done_1138,none_156,none_646,none_89,none_646,none_908,none_909,none_89,none_1085,none_89,none_1195,none_94,none_94,none_88,none_89,none_89,none_71,signal_1205]"
373,61148,"['9', '2', '10', '2', '9', '2']","[ServerAdministrator_72,Snmpd_226,ServerAdministrator_72,Snmpd_226,ServerAdministrator_72,Snmpd_226]","[Initialize_291,Receiving_748,ReturningTo_290,Receiving_748,Initialize_291,Receiving_748]","[none_526,none_1082,normal_525,none_1082,none_526,none_1082]"
374,9673,"['1', '5', '164', '166', '34', '87', '259', '35', '269', '257', '267', '103', '177', '31', '176', '122', '295', '31', '173', '298', '31', '177', '167', '187', '31', '168', '168', '34', '31', '31', '312', '190', '31']","[User_80,Sshd_228,Init_137,System_236,Shutdown_40,Kernel_43,Panfs_184,Kernel_43,Fsclientcap_123,Rpcs_64,Subdev_231,Kernel_43,Filesystems_115,Shutdown_40,Smartd_225,-term_0,Sshd_228,Shutdown_40,Snmpd_226,Xinetd_256,Shutdown_40,Filesystems_115,Ntpd_178,Ntpd_178,Shutdown_40,Kernel_43,Kernel_43,Shutdown_40,Shutdown_40,Shutdown_40,Signal_25,none_264,Shutdown_40]","[Opened_309,Connecting_786,To_472,ShuttingDown_808,Configuring_68,none_72,Umounting_616,none_72,Scrubbing_407,Returning_267,Startup_790,none_72,Create_392,Configuring_68,none_731,Succeeded_0,Terminating_785,Configuring_68,ShuttingDown_751,Exiting_839,Configuring_68,Create_392,Shutdown_597,Exiting_598,Configuring_68,none_72,none_72,Configuring_68,Configuring_68,Configuring_68,Un-registeringAndExiting_51,Register_849,Configuring_68]","[none_545,none_1134,none_741,none_1162,none_88,none_157,none_929,none_165,starting_665,none_492,done_1138,none_156,none_646,none_89,failed_1063,none_0,none_1133,none_89,none_1085,none_1195,none_89,none_646,none_908,none_909,none_89,none_94,none_94,none_88,none_89,none_89,none_71,signal_1205,none_89]"
375,86147,"['9', '2', '10', '2']","[ServerAdministrator_72,Snmpd_226,ServerAdministrator_72,Snmpd_226]","[Initialize_291,Receiving_748,ReturningTo_290,Receiving_748]","[none_526,none_1082,normal_525,none_1082]"
376,82590,"['10', '2', '9', '2', '10', '2', '9', '2', '10', '2', '9', '2']","[ServerAdministrator_72,Snmpd_226,ServerAdministrator_72,Snmpd_226,ServerAdministrator_72,Snmpd_226,ServerAdministrator_72,Snmpd_226,ServerAdministrator_72,Snmpd_226,ServerAdministrator_72,Snmpd_226]","[ReturningTo_290,Receiving_748,Initialize_291,Receiving_748,ReturningTo_290,Receiving_748,Initialize_291,Receiving_748,ReturningTo_290,Receiving_748,Initialize_291,Receiving_748]","[normal_525,none_1082,none_526,none_1082,normal_525,none_1082,none_526,none_1082,normal_525,none_1082,none_526,none_1082]"
377,33812,"['4', '1', '8']","[User_80,User_80,Crond_94]","[Register_307,Opened_309,Register_340]","[none_543,none_545,none_582]"
378,99317,"['3', '3', '3', '3', '3', '3', '3', '3', '3', '3', '3', '3', '3', '3', '3', '3', '3', '3', '3', '3', '3', '3', '3', '3', '3', '3', '3', '3', '3', '3', '3', '3', '3', '3', '3', '3', '3', '3', '3', '3', '3', '3', '3', '3', '3', '3', '3', '3', '3', '3', '3', '3', '3', '3', '3', '3', '3', '3', '3', '3', '3', '3', '3', '3', '3', '3', '3', '3', '3', '3', '3', '3', '3', '3', '3', '3', '3', '3', '3', '3', '3', '3', '3', '3', '3', '3', '3', '3', '3', '3', '3', '3', '3', '3', '3', '3', '3', '3', '3', '3', '3', '3', '3', '3', '3', '3', '3', '3', '3', '3', '3', '3', '3', '3', '3', '3', '3', '3', '3', '3', '3', '3', '3', '3', '3', '3', '3', '3', '3', '3', '3', '3', '3', '3', '3', '3', '3', '3', '3', '3', '3', '3', '3', '3', '3', '3', '3', '3', '3', '3', '3', '3', '3', '3', '3', '3', '3', '3', '3', '3', '3', '3', '3', '3', '3', '3', '3', '3', '3', '3', '3', '3', '3', '3', '3', '3', '3', '3', '3', '3', '3', '3', '3', '3', '3', '3', '3', '3', '3', '3', '3', '3', '3', '3', '3', '3', '3', '3', '3', '3', '3', '3', '3', '3', '3', '3', '3', '3', '3', '3', '3', '3', '3', '3', '3', '3', '3', '3', '3', '3', '3', '3', '3', '3', '3', '3', '3', '3', '3', '3', '3', '3', '3', '3', '3', '3', '3', '3', '3', '3', '3', '3', '3', '3', '3', '3', '3', '3', '3', '3', '3', '3', '3', '3', '3', '3']","[Datasource_97,Datasource_97,Datasource_97,Datasource_97,Datasource_97,Datasource_97,Datasource_97,Datasource_97,Datasource_97,Datasource_97,Datasource_97,Datasource_97,Datasource_97,Datasource_97,Datasource_97,Datasource_97,Datasource_97,Datasource_97,Datasource_97,Datasource_97,Datasource_97,Datasource_97,Datasource_97,Datasource_97,Datasource_97,Datasource_97,Datasource_97,Datasource_97,Datasource_97,Datasource_97,Datasource_97,Datasource_97,Datasource_97,Datasource_97,Datasource_97,Datasource_97,Datasource_97,Datasource_97,Datasource_97,Datasource_97,Datasource_97,Datasource_97,Datasource_97,Datasource_97,Datasource_97,Datasource_97,Datasource_97,Datasource_97,Datasource_97,Datasource_97,Datasource_97,Datasource_97,Datasource_97,Datasource_97,Datasource_97,Datasource_97,Datasource_97,Datasource_97,Datasource_97,Datasource_97,Datasource_97,Datasource_97,Datasource_97,Datasource_97,Datasource_97,Datasource_97,Datasource_97,Datasource_97,Datasource_97,Datasource_97,Datasource_97,Datasource_97,Datasource_97,Datasource_97,Datasource_97,Datasource_97,Datasource_97,Datasource_97,Datasource_97,Datasource_97,Datasource_97,Datasource_97,Datasource_97,Datasource_97,Datasource_97,Datasource_97,Datasource_97,Datasource_97,Datasource_97,Datasource_97,Datasource_97,Datasource_97,Datasource_97,Datasource_97,Datasource_97,Datasource_97,Datasource_97,Datasource_97,Datasource_97,Datasource_97,Datasource_97,Datasource_97,Datasource_97,Datasource_97,Datasource_97,Datasource_97,Datasource_97,Datasource_97,Datasource_97,Datasource_97,Datasource_97,Datasource_97,Datasource_97,Datasource_97,Datasource_97,Datasource_97,Datasource_97,Datasource_97,Datasource_97,Datasource_97,Datasource_97,Datasource_97,Datasource_97,Datasource_97,Datasource_97,Datasource_97,Datasource_97,Datasource_97,Datasource_97,Datasource_97,Datasource_97,Datasource_97,Datasource_97,Datasource_97,Datasource_97,Datasource_97,Datasource_97,Datasource_97,Datasource_97,Datasource_97,Datasource_97,Datasource_97,Datasource_97,Datasource_97,Datasource_97,Datasource_97,Datasource_97,Datasource_97,Datasource_97,Datasource_97,Datasource_97,Datasource_97,Datasource_97,Datasource_97,Datasource_97,Datasource_97,Datasource_97,Datasource_97,Datasource_97,Datasource_97,Datasource_97,Datasource_97,Datasource_97,Datasource_97,Datasource_97,Datasource_97,Datasource_97,Datasource_97,Datasource_97,Datasource_97,Datasource_97,Datasource_97,Datasource_97,Datasource_97,Datasource_97,Datasource_97,Datasource_97,Datasource_97,Datasource_97,Datasource_97,Datasource_97,Datasource_97,Datasource_97,Datasource_97,Datasource_97,Datasource_97,Datasource_97,Datasource_97,Datasource_97,Datasource_97,Datasource_97,Datasource_97,Datasource_97,Datasource_97,Datasource_97,Datasource_97,Datasource_97,Datasource_97,Datasource_97,Datasource_97,Datasource_97,Datasource_97,Datasource_97,Datasource_97,Datasource_97,Datasource_97,Datasource_97,Datasource_97,Datasource_97,Datasource_97,Datasource_97,Datasource_97,Datasource_97,Datasource_97,Datasource_97,Datasource_97,Datasource_97,Datasource_97,Datasource_97,Datasource_97,Datasource_97,Datasource_97,Datasource_97,Datasource_97,Datasource_97,Datasource_97,Datasource_97,Datasource_97,Datasource_97,Datasource_97,Datasource_97,Datasource_97,Datasource_97,Datasource_97,Datasource_97,Datasource_97,Datasource_97,Datasource_97,Datasource_97,Datasource_97,Datasource_97,Datasource_97,Datasource_97,Datasource_97,Datasource_97,Datasource_97,Datasource_97,Datasource_97,Datasource_97,Datasource_97,Datasource_97,Datasource_97,Datasource_97,Datasource_97,Datasource_97,Datasource_97]","[none_348,none_348,none_348,none_348,none_348,none_348,none_348,none_348,none_348,none_348,none_348,none_348,none_348,none_348,none_348,none_348,none_348,none_348,none_348,none_348,none_348,none_348,none_348,none_348,none_348,none_348,none_348,none_348,none_348,none_348,none_348,none_348,none_348,none_348,none_348,none_348,none_348,none_348,none_348,none_348,none_348,none_348,none_348,none_348,none_348,none_348,none_348,none_348,none_348,none_348,none_348,none_348,none_348,none_348,none_348,none_348,none_348,none_348,none_348,none_348,none_348,none_348,none_348,none_348,none_348,none_348,none_348,none_348,none_348,none_348,none_348,none_348,none_348,none_348,none_348,none_348,none_348,none_348,none_348,none_348,none_348,none_348,none_348,none_348,none_348,none_348,none_348,none_348,none_348,none_348,none_348,none_348,none_348,none_348,none_348,none_348,none_348,none_348,none_348,none_348,none_348,none_348,none_348,none_348,none_348,none_348,none_348,none_348,none_348,none_348,none_348,none_348,none_348,none_348,none_348,none_348,none_348,none_348,none_348,none_348,none_348,none_348,none_348,none_348,none_348,none_348,none_348,none_348,none_348,none_348,none_348,none_348,none_348,none_348,none_348,none_348,none_348,none_348,none_348,none_348,none_348,none_348,none_348,none_348,none_348,none_348,none_348,none_348,none_348,none_348,none_348,none_348,none_348,none_348,none_348,none_348,none_348,none_348,none_348,none_348,none_348,none_348,none_348,none_348,none_348,none_348,none_348,none_348,none_348,none_348,none_348,none_348,none_348,none_348,none_348,none_348,none_348,none_348,none_348,none_348,none_348,none_348,none_348,none_348,none_348,none_348,none_348,none_348,none_348,none_348,none_348,none_348,none_348,none_348,none_348,none_348,none_348,none_348,none_348,none_348,none_348,none_348,none_348,none_348,none_348,none_348,none_348,none_348,none_348,none_348,none_348,none_348,none_348,none_348,none_348,none_348,none_348,none_348,none_348,none_348,none_348,none_348,none_348,none_348,none_348,none_348,none_348,none_348,none_348,none_348,none_348,none_348,none_348,none_348,none_348,none_348,none_348,none_348,none_348,none_348,none_348,none_348,none_348,none_348,none_348,none_348,none_348,none_348,none_348,none_348,none_348,none_348,none_348,none_348,none_348,none_348]","[no answer_590,no answer_590,no answer_590,no answer_590,no answer_590,no answer_590,no answer_590,no answer_590,no answer_590,no answer_590,no answer_590,no answer_590,no answer_590,no answer_590,no answer_590,no answer_590,no answer_590,no answer_590,no answer_590,no answer_590,no answer_590,no answer_590,no answer_590,no answer_590,no answer_590,no answer_590,no answer_590,no answer_590,no answer_590,no answer_590,no answer_590,no answer_590,no answer_590,no answer_590,no answer_590,no answer_590,no answer_590,no answer_590,no answer_590,no answer_590,no answer_590,no answer_590,no answer_590,no answer_590,no answer_590,no answer_590,no answer_590,no answer_590,no answer_590,no answer_590,no answer_590,no answer_590,no answer_590,no answer_590,no answer_590,no answer_590,no answer_590,no answer_590,no answer_590,no answer_590,no answer_590,no answer_590,no answer_590,no answer_590,no answer_590,no answer_590,no answer_590,no answer_590,no answer_590,no answer_590,no answer_590,no answer_590,no answer_590,no answer_590,no answer_590,no answer_590,no answer_590,no answer_590,no answer_590,no answer_590,no answer_590,no answer_590,no answer_590,no answer_590,no answer_590,no answer_590,no answer_590,no answer_590,no answer_590,no answer_590,no answer_590,no answer_590,no answer_590,no answer_590,no answer_590,no answer_590,no answer_590,no answer_590,no answer_590,no answer_590,no answer_590,no answer_590,no answer_590,no answer_590,no answer_590,no answer_590,no answer_590,no answer_590,no answer_590,no answer_590,no answer_590,no answer_590,no answer_590,no answer_590,no answer_590,no answer_590,no answer_590,no answer_590,no answer_590,no answer_590,no answer_590,no answer_590,no answer_590,no answer_590,no answer_590,no answer_590,no answer_590,no answer_590,no answer_590,no answer_590,no answer_590,no answer_590,no answer_590,no answer_590,no answer_590,no answer_590,no answer_590,no answer_590,no answer_590,no answer_590,no answer_590,no answer_590,no answer_590,no answer_590,no answer_590,no answer_590,no answer_590,no answer_590,no answer_590,no answer_590,no answer_590,no answer_590,no answer_590,no answer_590,no answer_590,no answer_590,no answer_590,no answer_590,no answer_590,no answer_590,no answer_590,no answer_590,no answer_590,no answer_590,no answer_590,no answer_590,no answer_590,no answer_590,no answer_590,no answer_590,no answer_590,no answer_590,no answer_590,no answer_590,no answer_590,no answer_590,no answer_590,no answer_590,no answer_590,no answer_590,no answer_590,no answer_590,no answer_590,no answer_590,no answer_590,no answer_590,no answer_590,no answer_590,no answer_590,no answer_590,no answer_590,no answer_590,no answer_590,no answer_590,no answer_590,no answer_590,no answer_590,no answer_590,no answer_590,no answer_590,no answer_590,no answer_590,no answer_590,no answer_590,no answer_590,no answer_590,no answer_590,no answer_590,no answer_590,no answer_590,no answer_590,no answer_590,no answer_590,no answer_590,no answer_590,no answer_590,no answer_590,no answer_590,no answer_590,no answer_590,no answer_590,no answer_590,no answer_590,no answer_590,no answer_590,no answer_590,no answer_590,no answer_590,no answer_590,no answer_590,no answer_590,no answer_590,no answer_590,no answer_590,no answer_590,no answer_590,no answer_590,no answer_590,no answer_590,no answer_590,no answer_590,no answer_590,no answer_590,no answer_590,no answer_590,no answer_590,no answer_590,no answer_590,no answer_590,no answer_590,no answer_590,no answer_590,no answer_590,no answer_590,no answer_590,no answer_590]"
379,20423,"['164', '166', '1', '5', '111', '34', '31', '31', '31', '31', '176', '106', '122', '295', '31', '87', '259', '35', '269', '257', '267', '103', '177', '31', '173', '298', '31', '177', '167', '187', '31', '168', '168', '34', '31', '31', '312', '190']","[Init_137,System_236,User_80,Sshd_228,Kernel_43,Shutdown_40,Shutdown_40,Shutdown_40,Shutdown_40,Shutdown_40,Smartd_225,Snmpd_226,-term_0,Sshd_228,Shutdown_40,Kernel_43,Panfs_184,Kernel_43,Fsclientcap_123,Rpcs_64,Subdev_231,Kernel_43,Filesystems_115,Shutdown_40,Snmpd_226,Xinetd_256,Shutdown_40,Filesystems_115,Ntpd_178,Ntpd_178,Shutdown_40,Kernel_43,Kernel_43,Shutdown_40,Shutdown_40,Shutdown_40,Signal_25,none_264]","[To_472,ShuttingDown_808,Opened_309,Connecting_786,Segfault_81,Configuring_68,Configuring_68,Configuring_68,Configuring_68,Configuring_68,none_731,Disconnected_744,Succeeded_0,Terminating_785,Configuring_68,none_72,Umounting_616,none_72,Scrubbing_407,Returning_267,Startup_790,none_72,Create_392,Configuring_68,ShuttingDown_751,Exiting_839,Configuring_68,Create_392,Shutdown_597,Exiting_598,Configuring_68,none_72,none_72,Configuring_68,Configuring_68,Configuring_68,Un-registeringAndExiting_51,Register_849]","[none_741,none_1162,none_545,none_1134,error_211,none_88,none_89,none_89,none_89,none_89,failed_1063,none_1077,none_0,none_1133,none_89,none_157,none_929,none_165,starting_665,none_492,done_1138,none_156,none_646,none_89,none_1085,none_1195,none_89,none_646,none_908,none_909,none_89,none_94,none_94,none_88,none_89,none_89,none_71,signal_1205]"
380,93607,"['1', '8', '29', '42', '4', '45', '46']","[User_80,Crond_94,Sendmail_222,Sendmail_222,User_80,Sendmail_222,Sendmail_222]","[Opened_309,Register_340,Retrying_704,UnableToQualifyDomainName_719,Register_307,SendingEmail_715,Start_709]","[none_545,none_582,unknown_1029,error_1048,none_543,none_1044,deferred_1035]"
381,77157,"['9', '2', '10', '2', '9', '2', '10', '2', '9', '2', '10', '2', '9', '2', '10', '2', '9', '2', '10', '2', '9', '2']","[ServerAdministrator_72,Snmpd_226,ServerAdministrator_72,Snmpd_226,ServerAdministrator_72,Snmpd_226,ServerAdministrator_72,Snmpd_226,ServerAdministrator_72,Snmpd_226,ServerAdministrator_72,Snmpd_226,ServerAdministrator_72,Snmpd_226,ServerAdministrator_72,Snmpd_226,ServerAdministrator_72,Snmpd_226,ServerAdministrator_72,Snmpd_226,ServerAdministrator_72,Snmpd_226]","[Initialize_291,Receiving_748,ReturningTo_290,Receiving_748,Initialize_291,Receiving_748,ReturningTo_290,Receiving_748,Initialize_291,Receiving_748,ReturningTo_290,Receiving_748,Initialize_291,Receiving_748,ReturningTo_290,Receiving_748,Initialize_291,Receiving_748,ReturningTo_290,Receiving_748,Initialize_291,Receiving_748]","[none_526,none_1082,normal_525,none_1082,none_526,none_1082,normal_525,none_1082,none_526,none_1082,normal_525,none_1082,none_526,none_1082,normal_525,none_1082,none_526,none_1082,normal_525,none_1082,none_526,none_1082]"
382,77667,"['9', '2', '10', '2', '9', '2', '10', '2', '9', '2', '10', '2']","[ServerAdministrator_72,Snmpd_226,ServerAdministrator_72,Snmpd_226,ServerAdministrator_72,Snmpd_226,ServerAdministrator_72,Snmpd_226,ServerAdministrator_72,Snmpd_226,ServerAdministrator_72,Snmpd_226]","[Initialize_291,Receiving_748,ReturningTo_290,Receiving_748,Initialize_291,Receiving_748,ReturningTo_290,Receiving_748,Initialize_291,Receiving_748,ReturningTo_290,Receiving_748]","[none_526,none_1082,normal_525,none_1082,none_526,none_1082,normal_525,none_1082,none_526,none_1082,normal_525,none_1082]"
383,64318,"['4', '1', '8']","[User_80,User_80,Crond_94]","[Register_307,Opened_309,Register_340]","[none_543,none_545,none_582]"
384,70713,"['10', '2', '9', '2', '10', '2', '9', '2', '10', '2', '9', '2', '10', '2', '9', '2', '10', '2']","[ServerAdministrator_72,Snmpd_226,ServerAdministrator_72,Snmpd_226,ServerAdministrator_72,Snmpd_226,ServerAdministrator_72,Snmpd_226,ServerAdministrator_72,Snmpd_226,ServerAdministrator_72,Snmpd_226,ServerAdministrator_72,Snmpd_226,ServerAdministrator_72,Snmpd_226,ServerAdministrator_72,Snmpd_226]","[ReturningTo_290,Receiving_748,Initialize_291,Receiving_748,ReturningTo_290,Receiving_748,Initialize_291,Receiving_748,ReturningTo_290,Receiving_748,Initialize_291,Receiving_748,ReturningTo_290,Receiving_748,Initialize_291,Receiving_748,ReturningTo_290,Receiving_748]","[normal_525,none_1082,none_526,none_1082,normal_525,none_1082,none_526,none_1082,normal_525,none_1082,none_526,none_1082,normal_525,none_1082,none_526,none_1082,normal_525,none_1082]"
385,73892,"['10', '2', '9', '2', '10', '2', '9', '2', '10', '2', '9', '2', '10', '2', '9', '2']","[ServerAdministrator_72,Snmpd_226,ServerAdministrator_72,Snmpd_226,ServerAdministrator_72,Snmpd_226,ServerAdministrator_72,Snmpd_226,ServerAdministrator_72,Snmpd_226,ServerAdministrator_72,Snmpd_226,ServerAdministrator_72,Snmpd_226,ServerAdministrator_72,Snmpd_226]","[ReturningTo_290,Receiving_748,Initialize_291,Receiving_748,ReturningTo_290,Receiving_748,Initialize_291,Receiving_748,ReturningTo_290,Receiving_748,Initialize_291,Receiving_748,ReturningTo_290,Receiving_748,Initialize_291,Receiving_748]","[normal_525,none_1082,none_526,none_1082,normal_525,none_1082,none_526,none_1082,normal_525,none_1082,none_526,none_1082,normal_525,none_1082,none_526,none_1082]"
386,91511,"['10', '2', '9', '2', '10', '2', '9', '2', '10', '2', '9', '2']","[ServerAdministrator_72,Snmpd_226,ServerAdministrator_72,Snmpd_226,ServerAdministrator_72,Snmpd_226,ServerAdministrator_72,Snmpd_226,ServerAdministrator_72,Snmpd_226,ServerAdministrator_72,Snmpd_226]","[ReturningTo_290,Receiving_748,Initialize_291,Receiving_748,ReturningTo_290,Receiving_748,Initialize_291,Receiving_748,ReturningTo_290,Receiving_748,Initialize_291,Receiving_748]","[normal_525,none_1082,none_526,none_1082,normal_525,none_1082,none_526,none_1082,normal_525,none_1082,none_526,none_1082]"
387,50207,"['9', '2', '10', '2']","[ServerAdministrator_72,Snmpd_226,ServerAdministrator_72,Snmpd_226]","[Initialize_291,Receiving_748,ReturningTo_290,Receiving_748]","[none_526,none_1082,normal_525,none_1082]"
388,65674,"['4', '1', '8']","[User_80,User_80,Crond_94]","[Register_307,Opened_309,Register_340]","[none_543,none_545,none_582]"
389,87949,"['9', '2', '10', '2', '9', '2', '10', '2']","[ServerAdministrator_72,Snmpd_226,ServerAdministrator_72,Snmpd_226,ServerAdministrator_72,Snmpd_226,ServerAdministrator_72,Snmpd_226]","[Initialize_291,Receiving_748,ReturningTo_290,Receiving_748,Initialize_291,Receiving_748,ReturningTo_290,Receiving_748]","[none_526,none_1082,normal_525,none_1082,none_526,none_1082,normal_525,none_1082]"
390,93701,"['1', '8', '1', '1', '5', '5', '1', '5', '1', '5', '1', '5', '1', '5', '1', '5', '1', '5', '1', '5', '1', '5', '29', '1', '1', '5', '5', '1', '5', '1', '5', '1', '5', '1', '5', '42', '4', '45', '46', '1', '1', '5', '5', '1', '5', '1', '1', '5', '5', '1', '5', '1', '5', '1', '5', '1', '5', '1', '5', '1', '5', '1', '5', '1', '1', '5', '5', '1', '5', '1', '5', '1', '5', '1', '5', '1', '5', '1', '5', '1', '5', '1', '1', '5', '5', '1', '5', '1', '1', '5', '5', '1', '5', '1', '5', '1', '5', '1', '5', '1', '5', '1', '5', '1', '5', '1', '5', '1', '5', '1', '5', '1', '5', '1', '5', '1', '5', '1', '5', '1', '5', '1', '5', '1', '5', '1', '5', '1', '5', '1', '5', '1', '5', '1', '5', '1', '5', '1', '5', '1', '5']","[User_80,Crond_94,User_80,User_80,Sshd_228,Sshd_228,User_80,Sshd_228,User_80,Sshd_228,User_80,Sshd_228,User_80,Sshd_228,User_80,Sshd_228,User_80,Sshd_228,User_80,Sshd_228,User_80,Sshd_228,Sendmail_222,User_80,User_80,Sshd_228,Sshd_228,User_80,Sshd_228,User_80,Sshd_228,User_80,Sshd_228,User_80,Sshd_228,Sendmail_222,User_80,Sendmail_222,Sendmail_222,User_80,User_80,Sshd_228,Sshd_228,User_80,Sshd_228,User_80,User_80,Sshd_228,Sshd_228,User_80,Sshd_228,User_80,Sshd_228,User_80,Sshd_228,User_80,Sshd_228,User_80,Sshd_228,User_80,Sshd_228,User_80,Sshd_228,User_80,User_80,Sshd_228,Sshd_228,User_80,Sshd_228,User_80,Sshd_228,User_80,Sshd_228,User_80,Sshd_228,User_80,Sshd_228,User_80,Sshd_228,User_80,Sshd_228,User_80,User_80,Sshd_228,Sshd_228,User_80,Sshd_228,User_80,User_80,Sshd_228,Sshd_228,User_80,Sshd_228,User_80,Sshd_228,User_80,Sshd_228,User_80,Sshd_228,User_80,Sshd_228,User_80,Sshd_228,User_80,Sshd_228,User_80,Sshd_228,User_80,Sshd_228,User_80,Sshd_228,User_80,Sshd_228,User_80,Sshd_228,User_80,Sshd_228,User_80,Sshd_228,User_80,Sshd_228,User_80,Sshd_228,User_80,Sshd_228,User_80,Sshd_228,User_80,Sshd_228,User_80,Sshd_228,User_80,Sshd_228,User_80,Sshd_228,User_80,Sshd_228,User_80,Sshd_228,User_80,Sshd_228]","[Opened_309,Register_340,Opened_309,Opened_309,Connecting_786,Connecting_786,Opened_309,Connecting_786,Opened_309,Connecting_786,Opened_309,Connecting_786,Opened_309,Connecting_786,Opened_309,Connecting_786,Opened_309,Connecting_786,Opened_309,Connecting_786,Opened_309,Connecting_786,Retrying_704,Opened_309,Opened_309,Connecting_786,Connecting_786,Opened_309,Connecting_786,Opened_309,Connecting_786,Opened_309,Connecting_786,Opened_309,Connecting_786,UnableToQualifyDomainName_719,Register_307,SendingEmail_715,Start_709,Opened_309,Opened_309,Connecting_786,Connecting_786,Opened_309,Connecting_786,Opened_309,Opened_309,Connecting_786,Connecting_786,Opened_309,Connecting_786,Opened_309,Connecting_786,Opened_309,Connecting_786,Opened_309,Connecting_786,Opened_309,Connecting_786,Opened_309,Connecting_786,Opened_309,Connecting_786,Opened_309,Opened_309,Connecting_786,Connecting_786,Opened_309,Connecting_786,Opened_309,Connecting_786,Opened_309,Connecting_786,Opened_309,Connecting_786,Opened_309,Connecting_786,Opened_309,Connecting_786,Opened_309,Connecting_786,Opened_309,Opened_309,Connecting_786,Connecting_786,Opened_309,Connecting_786,Opened_309,Opened_309,Connecting_786,Connecting_786,Opened_309,Connecting_786,Opened_309,Connecting_786,Opened_309,Connecting_786,Opened_309,Connecting_786,Opened_309,Connecting_786,Opened_309,Connecting_786,Opened_309,Connecting_786,Opened_309,Connecting_786,Opened_309,Connecting_786,Opened_309,Connecting_786,Opened_309,Connecting_786,Opened_309,Connecting_786,Opened_309,Connecting_786,Opened_309,Connecting_786,Opened_309,Connecting_786,Opened_309,Connecting_786,Opened_309,Connecting_786,Opened_309,Connecting_786,Opened_309,Connecting_786,Opened_309,Connecting_786,Opened_309,Connecting_786,Opened_309,Connecting_786,Opened_309,Connecting_786,Opened_309,Connecting_786,Opened_309,Connecting_786]","[none_545,none_582,none_545,none_545,none_1134,none_1134,none_545,none_1134,none_545,none_1134,none_545,none_1134,none_545,none_1134,none_545,none_1134,none_545,none_1134,none_545,none_1134,none_545,none_1134,unknown_1029,none_545,none_545,none_1134,none_1134,none_545,none_1134,none_545,none_1134,none_545,none_1134,none_545,none_1134,error_1048,none_543,none_1044,deferred_1035,none_545,none_545,none_1134,none_1134,none_545,none_1134,none_545,none_545,none_1134,none_1134,none_545,none_1134,none_545,none_1134,none_545,none_1134,none_545,none_1134,none_545,none_1134,none_545,none_1134,none_545,none_1134,none_545,none_545,none_1134,none_1134,none_545,none_1134,none_545,none_1134,none_545,none_1134,none_545,none_1134,none_545,none_1134,none_545,none_1134,none_545,none_1134,none_545,none_545,none_1134,none_1134,none_545,none_1134,none_545,none_545,none_1134,none_1134,none_545,none_1134,none_545,none_1134,none_545,none_1134,none_545,none_1134,none_545,none_1134,none_545,none_1134,none_545,none_1134,none_545,none_1134,none_545,none_1134,none_545,none_1134,none_545,none_1134,none_545,none_1134,none_545,none_1134,none_545,none_1134,none_545,none_1134,none_545,none_1134,none_545,none_1134,none_545,none_1134,none_545,none_1134,none_545,none_1134,none_545,none_1134,none_545,none_1134,none_545,none_1134,none_545,none_1134,none_545,none_1134]"
391,72765,"['9', '2', '10', '2', '9', '2', '10', '2', '9', '2', '10', '2', '9', '2', '10', '2']","[ServerAdministrator_72,Snmpd_226,ServerAdministrator_72,Snmpd_226,ServerAdministrator_72,Snmpd_226,ServerAdministrator_72,Snmpd_226,ServerAdministrator_72,Snmpd_226,ServerAdministrator_72,Snmpd_226,ServerAdministrator_72,Snmpd_226,ServerAdministrator_72,Snmpd_226]","[Initialize_291,Receiving_748,ReturningTo_290,Receiving_748,Initialize_291,Receiving_748,ReturningTo_290,Receiving_748,Initialize_291,Receiving_748,ReturningTo_290,Receiving_748,Initialize_291,Receiving_748,ReturningTo_290,Receiving_748]","[none_526,none_1082,normal_525,none_1082,none_526,none_1082,normal_525,none_1082,none_526,none_1082,normal_525,none_1082,none_526,none_1082,normal_525,none_1082]"
392,93886,"['1', '8', '29', '4', '1', '8', '42', '4', '45', '46', '1', '8', '47', '469', '29', '4', '45', '46', '42']","[User_80,Crond_94,Sendmail_222,User_80,User_80,Crond_94,Sendmail_222,User_80,Sendmail_222,Sendmail_222,User_80,Crond_94,Anacron_84,Logrotate_155,Sendmail_222,User_80,Sendmail_222,Sendmail_222,Sendmail_222]","[Opened_309,Register_340,Retrying_704,Register_307,Opened_309,Register_340,UnableToQualifyDomainName_719,Register_307,SendingEmail_715,Start_709,Opened_309,Register_340,UpdateTimestamp_319,Exited_507,Retrying_704,Register_307,SendingEmail_715,Start_709,UnableToQualifyDomainName_719]","[none_545,none_582,unknown_1029,none_543,none_545,none_582,error_1048,none_543,none_1044,deferred_1035,none_545,none_582,none_555,abnormally_783,unknown_1029,none_543,none_1044,deferred_1035,error_1048]"
393,10808,"['31', '31', '87', '259', '35', '269', '257', '267', '103', '177', '31', '177', '167', '187', '31', '173', '31', '298', '34', '31', '312', '168', '168', '31', '190']","[Shutdown_40,Shutdown_40,Kernel_43,Panfs_184,Kernel_43,Fsclientcap_123,Rpcs_64,Subdev_231,Kernel_43,Filesystems_115,Shutdown_40,Filesystems_115,Ntpd_178,Ntpd_178,Shutdown_40,Snmpd_226,Shutdown_40,Xinetd_256,Shutdown_40,Shutdown_40,Signal_25,Kernel_43,Kernel_43,Shutdown_40,none_264]","[Configuring_68,Configuring_68,none_72,Umounting_616,none_72,Scrubbing_407,Returning_267,Startup_790,none_72,Create_392,Configuring_68,Create_392,Shutdown_597,Exiting_598,Configuring_68,ShuttingDown_751,Configuring_68,Exiting_839,Configuring_68,Configuring_68,Un-registeringAndExiting_51,none_72,none_72,Configuring_68,Register_849]","[none_89,none_89,none_157,none_929,none_165,starting_665,none_492,done_1138,none_156,none_646,none_89,none_646,none_908,none_909,none_89,none_1085,none_89,none_1195,none_88,none_89,none_71,none_94,none_94,none_89,signal_1205]"
394,93958,"['1', '8', '29', '4', '1', '8', '42', '4', '45', '46']","[User_80,Crond_94,Sendmail_222,User_80,User_80,Crond_94,Sendmail_222,User_80,Sendmail_222,Sendmail_222]","[Opened_309,Register_340,Retrying_704,Register_307,Opened_309,Register_340,UnableToQualifyDomainName_719,Register_307,SendingEmail_715,Start_709]","[none_545,none_582,unknown_1029,none_543,none_545,none_582,error_1048,none_543,none_1044,deferred_1035]"
395,63545,"['4', '1', '8']","[User_80,User_80,Crond_94]","[Register_307,Opened_309,Register_340]","[none_543,none_545,none_582]"
396,78536,"['10', '2', '9', '2', '10', '2', '9', '2', '10', '2', '9', '2', '10', '2', '9', '2', '10', '2']","[ServerAdministrator_72,Snmpd_226,ServerAdministrator_72,Snmpd_226,ServerAdministrator_72,Snmpd_226,ServerAdministrator_72,Snmpd_226,ServerAdministrator_72,Snmpd_226,ServerAdministrator_72,Snmpd_226,ServerAdministrator_72,Snmpd_226,ServerAdministrator_72,Snmpd_226,ServerAdministrator_72,Snmpd_226]","[ReturningTo_290,Receiving_748,Initialize_291,Receiving_748,ReturningTo_290,Receiving_748,Initialize_291,Receiving_748,ReturningTo_290,Receiving_748,Initialize_291,Receiving_748,ReturningTo_290,Receiving_748,Initialize_291,Receiving_748,ReturningTo_290,Receiving_748]","[normal_525,none_1082,none_526,none_1082,normal_525,none_1082,none_526,none_1082,normal_525,none_1082,none_526,none_1082,normal_525,none_1082,none_526,none_1082,normal_525,none_1082]"
397,48016,"['9', '2', '10', '2', '9', '2', '10', '2', '9', '2', '10', '2']","[ServerAdministrator_72,Snmpd_226,ServerAdministrator_72,Snmpd_226,ServerAdministrator_72,Snmpd_226,ServerAdministrator_72,Snmpd_226,ServerAdministrator_72,Snmpd_226,ServerAdministrator_72,Snmpd_226]","[Initialize_291,Receiving_748,ReturningTo_290,Receiving_748,Initialize_291,Receiving_748,ReturningTo_290,Receiving_748,Initialize_291,Receiving_748,ReturningTo_290,Receiving_748]","[none_526,none_1082,normal_525,none_1082,none_526,none_1082,normal_525,none_1082,none_526,none_1082,normal_525,none_1082]"
398,17455,"['10', '2', '9', '2', '10', '2', '9', '2', '10', '2', '9', '2', '10', '2']","[ServerAdministrator_72,Snmpd_226,ServerAdministrator_72,Snmpd_226,ServerAdministrator_72,Snmpd_226,ServerAdministrator_72,Snmpd_226,ServerAdministrator_72,Snmpd_226,ServerAdministrator_72,Snmpd_226,ServerAdministrator_72,Snmpd_226]","[ReturningTo_290,Receiving_748,Initialize_291,Receiving_748,ReturningTo_290,Receiving_748,Initialize_291,Receiving_748,ReturningTo_290,Receiving_748,Initialize_291,Receiving_748,ReturningTo_290,Receiving_748]","[normal_525,none_1082,none_526,none_1082,normal_525,none_1082,none_526,none_1082,normal_525,none_1082,none_526,none_1082,normal_525,none_1082]"
399,90199,"['10', '2', '9', '2', '10', '2', '9', '2', '10', '2', '9', '2', '10', '2', '9', '2', '10', '2']","[ServerAdministrator_72,Snmpd_226,ServerAdministrator_72,Snmpd_226,ServerAdministrator_72,Snmpd_226,ServerAdministrator_72,Snmpd_226,ServerAdministrator_72,Snmpd_226,ServerAdministrator_72,Snmpd_226,ServerAdministrator_72,Snmpd_226,ServerAdministrator_72,Snmpd_226,ServerAdministrator_72,Snmpd_226]","[ReturningTo_290,Receiving_748,Initialize_291,Receiving_748,ReturningTo_290,Receiving_748,Initialize_291,Receiving_748,ReturningTo_290,Receiving_748,Initialize_291,Receiving_748,ReturningTo_290,Receiving_748,Initialize_291,Receiving_748,ReturningTo_290,Receiving_748]","[normal_525,none_1082,none_526,none_1082,normal_525,none_1082,none_526,none_1082,normal_525,none_1082,none_526,none_1082,normal_525,none_1082,none_526,none_1082,normal_525,none_1082]"
400,88818,"['10', '2', '9', '2', '10', '2', '9', '2', '10', '2']","[ServerAdministrator_72,Snmpd_226,ServerAdministrator_72,Snmpd_226,ServerAdministrator_72,Snmpd_226,ServerAdministrator_72,Snmpd_226,ServerAdministrator_72,Snmpd_226]","[ReturningTo_290,Receiving_748,Initialize_291,Receiving_748,ReturningTo_290,Receiving_748,Initialize_291,Receiving_748,ReturningTo_290,Receiving_748]","[normal_525,none_1082,none_526,none_1082,normal_525,none_1082,none_526,none_1082,normal_525,none_1082]"
401,68676,"['4', '1', '8']","[User_80,User_80,Crond_94]","[Register_307,Opened_309,Register_340]","[none_543,none_545,none_582]"
402,23108,"['9', '2', '10', '2']","[ServerAdministrator_72,Snmpd_226,ServerAdministrator_72,Snmpd_226]","[Initialize_291,Receiving_748,ReturningTo_290,Receiving_748]","[none_526,none_1082,normal_525,none_1082]"
403,84125,"['359', '359', '359', '359', '425', '425', '426', '426', '427', '427', '428', '428', '398', '398', '398', '396', '396', '396', '397', '397', '397', '385', '385', '385', '330', '330', '429', '429', '330', '330', '330', '330', '420', '420', '422', '422', '423', '423', '31', '22', '1', '5']","[Dhcpd_106,Dhcpd_106,Dhcpd_106,Dhcpd_106,Dhcpd_106,Dhcpd_106,Dhcpd_106,Dhcpd_106,Dhcpd_106,Dhcpd_106,Dhcpd_106,Dhcpd_106,Rights_210,Rights_210,Rights_210,Copyright_21,Copyright_21,Copyright_21,Info_136,Info_136,Info_136,InternetSystemsConsortiumDhcp_42,InternetSystemsConsortiumDhcp_42,InternetSystemsConsortiumDhcp_42,Dhcpd_106,Dhcpd_106,Dhcpd_106,Dhcpd_106,Dhcpd_106,Dhcpd_106,Dhcpd_106,Dhcpd_106,Dhcpd_106,Dhcpd_106,Dhcpd_106,Dhcpd_106,Dhcpd_106,Dhcpd_106,Shutdown_40,Startup_230,User_80,Sshd_228]","[none_368,none_368,none_368,none_368,Configuring_371,Configuring_371,Attached_372,Attached_372,Write_370,Write_370,Ignoring_369,Ignoring_369,Reserved_679,Reserved_679,Reserved_679,none_44,none_44,none_44,Visit_470,Visit_470,Visit_470,none_71,none_71,none_71,Settingup_376,Settingup_376,Mount_374,Mount_374,Settingup_376,Settingup_376,Settingup_376,Settingup_376,Writing_375,Writing_375,Writing_375,Writing_375,Writing_375,Writing_375,Configuring_68,Succeeded_788,Opened_309,Connecting_786]","[none_617,none_617,none_617,none_617,none_621,none_621,none_622,none_622,none_620,none_620,none_619,none_619,none_1001,none_1001,none_1001,none_64,none_64,none_64,none_739,none_739,none_739,none_92,none_92,none_92,none_629,none_629,error_625,error_625,none_629,none_629,none_629,none_629,deleted_628,deleted_628,none_627,none_627,none_626,none_626,none_89,none_1136,none_545,none_1134]"
404,10169,"['111', '31', '31', '31', '31', '87', '259', '35', '269', '257', '267', '103', '177', '31', '176', '106', '122', '295', '31', '173', '31', '177', '167', '187', '31', '298', '168', '168', '34', '31', '31', '312', '190']","[Kernel_43,Shutdown_40,Shutdown_40,Shutdown_40,Shutdown_40,Kernel_43,Panfs_184,Kernel_43,Fsclientcap_123,Rpcs_64,Subdev_231,Kernel_43,Filesystems_115,Shutdown_40,Smartd_225,Snmpd_226,-term_0,Sshd_228,Shutdown_40,Snmpd_226,Shutdown_40,Filesystems_115,Ntpd_178,Ntpd_178,Shutdown_40,Xinetd_256,Kernel_43,Kernel_43,Shutdown_40,Shutdown_40,Shutdown_40,Signal_25,none_264]","[Segfault_81,Configuring_68,Configuring_68,Configuring_68,Configuring_68,none_72,Umounting_616,none_72,Scrubbing_407,Returning_267,Startup_790,none_72,Create_392,Configuring_68,none_731,Disconnected_744,Succeeded_0,Terminating_785,Configuring_68,ShuttingDown_751,Configuring_68,Create_392,Shutdown_597,Exiting_598,Configuring_68,Exiting_839,none_72,none_72,Configuring_68,Configuring_68,Configuring_68,Un-registeringAndExiting_51,Register_849]","[error_211,none_89,none_89,none_89,none_89,none_157,none_929,none_165,starting_665,none_492,done_1138,none_156,none_646,none_89,failed_1063,none_1077,none_0,none_1133,none_89,none_1085,none_89,none_646,none_908,none_909,none_89,none_1195,none_94,none_94,none_88,none_89,none_89,none_71,signal_1205]"
405,25059,"['10', '2', '9', '2']","[ServerAdministrator_72,Snmpd_226,ServerAdministrator_72,Snmpd_226]","[ReturningTo_290,Receiving_748,Initialize_291,Receiving_748]","[normal_525,none_1082,none_526,none_1082]"
406,64996,"['1', '8', '4']","[User_80,Crond_94,User_80]","[Opened_309,Register_340,Register_307]","[none_545,none_582,none_543]"
407,21894,"['100', '100', '100', '39', '39', '197', '39', '39', '39', '39', '39', '39', '49', '49', '49', '32', '32', '32', '32', '32', '60', '60', '60', '60', '32', '49', '49', '279', '49', '49', '194', '284', '117', '205', '117', '191', '116', '203', '283', '115', '115', '204', '121', '121', '170', '22', '22', '134', '22', '87', '87', '223', '132', '132', '340', '282', '137', '137', '245', '136', '285', '239', '32', '206', '119', '119', '32', '32', '32', '32', '32', '241', '133', '97', '97', '133', '96', '96', '96', '97', '38', '38', '38', '38', '38', '38', '38', '38', '38', '38', '38', '28', '28', '28', '28', '28', '28', '28', '28', '28', '28', '28', '28', '28', '28', '28', '28', '28', '28', '28', '28', '28', '32', '32', '32', '231', '130', '289', '273', '135', '135', '212', '232', '208', '219', '50', '50', '50', '50', '50', '50', '93', '93', '93', '140', '140', '215', '35', '218', '237', '217', '226', '70', '77', '77', '77', '77', '79', '79', '79', '79', '242', '271', '67', '67', '67', '264', '35', '35', '274', '230', '70', '276', '266', '293', '238', '35', '286', '221', '70', '57', '57', '57', '57', '57', '270', '243', '228', '64', '64', '64', '64', '64', '94', '130', '94', '94', '296', '70', '229', '62', '62', '62', '62', '62', '62', '256', '246', '250', '251', '95', '35', '95', '120', '95', '209', '272', '265', '224', '248', '255', '281', '252', '220', '124', '247', '124', '260', '417', '310', '125', '35', '240', '261', '294', '263', '68', '68', '68', '68', '126', '112', '127', '291', '127', '71', '275', '73', '72', '69', '37', '37', '37', '37', '37', '37', '37', '37', '37', '37', '309', '163', '163', '262', '258', '68']","[Kernel_43,Kernel_43,Kernel_43,Kernel_43,Kernel_43,Kernel_43,Kernel_43,Kernel_43,Kernel_43,Kernel_43,Kernel_43,Kernel_43,Acpi_6,Acpi_6,Acpi_6,Kernel_43,Kernel_43,Kernel_43,Kernel_43,Kernel_43,Acpi_6,Acpi_6,Acpi_6,Acpi_6,Kernel_43,Acpi_6,Acpi_6,Acpi_6,Acpi_6,Acpi_6,Kernel_43,Kernel_43,Kernel_43,Kernel_43,Kernel_43,Kernel_43,Found_119,Kernel_43,Kernel_43,Kernel_43,Kernel_43,Kernel_43,Kernel_43,Kernel_43,LogSource_153,Startup_230,Startup_230,Syslogd_235,Startup_230,Kernel_43,Kernel_43,Intel(r)Xeon(tm)Cpu_41,Kernel_43,Kernel_43,Kernel_43,Kernel_43,Kernel_43,Kernel_43,Kernel_43,Kernel_43,Kernel_43,Kernel_43,Kernel_43,Kernel_43,Kernel_43,Kernel_43,Kernel_43,Kernel_43,Kernel_43,Kernel_43,Kernel_43,Acpi_6,Acpi_6,Acpi_6,Acpi_6,Acpi_6,Acpi_6,Acpi_6,Acpi_6,Acpi_6,Kernel_43,Kernel_43,Kernel_43,Kernel_43,Kernel_43,Kernel_43,Kernel_43,Kernel_43,Kernel_43,Kernel_43,Kernel_43,Acpi_6,Acpi_6,Acpi_6,Acpi_6,Acpi_6,Acpi_6,Acpi_6,Acpi_6,Acpi_6,Acpi_6,Acpi_6,Acpi_6,Acpi_6,Acpi_6,Acpi_6,Acpi_6,Acpi_6,Acpi_6,Acpi_6,Acpi_6,Acpi_6,Kernel_43,Kernel_43,Kernel_43,Kernel_43,Kernel_43,Kernel_43,Kernel_43,Kernel_43,Kernel_43,Kernel_43,Kernel_43,Kernel_43,Cpu_17,Kernel_43,Kernel_43,Kernel_43,Kernel_43,Kernel_43,Kernel_43,Cpu_17,Cpu_17,Cpu_17,Kernel_43,Kernel_43,Kernel_43,Kernel_43,Kernel_43,Kernel_43,Kernel_43,Timer_242,HashTable_127,Kernel_43,Kernel_43,Kernel_43,Kernel_43,Kernel_43,Kernel_43,Kernel_43,Kernel_43,Kernel_43,Kernel_43,Kernel_43,Kernel_43,Kernel_43,Kernel_43,Kernel_43,Kernel_43,Kernel_43,Kernel_43,HashTable_127,Failed_144,Shutdown_40,Kernel_43,Linux_47,Kernel_43,Device_102,Kernel_43,HashTable_127,Kernel_43,Kernel_43,Kernel_43,Kernel_43,Kernel_43,Pci-dma_58,Kernel_43,Kernel_43,Device_102,Device_102,Device_102,Device_102,Device_102,Kernel_43,Kernel_43,Kernel_43,Kernel_43,Kernel_43,HashTable_127,Kernel_43,Kernel_43,Kernel_43,Kernel_43,Kernel_43,Kernel_43,Kernel_43,RamDisks_61,RealTimeClockDriver_65,Kernel_43,Kernel_43,Kernel_43,Kernel_43,Kernel_43,Kernel_43,Kernel_43,SecurityScaffold_71,Driver_109,Kernel_43,Kernel_43,Kernel_43,Kernel_43,UsbUniversalHostControllerInterfaceDriver_78,Kernel_43,Kernel_43,Kernel_43,Kernel_43,Kernel_43,Kernel_43,Kernel_43,Kernel_43,Kernel_43,Kernel_43,Kernel_43,Kernel_43,Kernel_43,Device-mapper_103,Kernel_43,Kernel_43,Kernel_43,Kernel_43,Kernel_43,Kernel_43,Kernel_43,Kernel_43,Kernel_43,HostController_28,Usb_77,Kernel_43,Kernel_43,Kernel_43,Kernel_43,Kernel_43,Kernel_43,Kernel_43,Kernel_43,Kernel_43,Kernel_43,Kernel_43,Kernel_43,Kernel_43,Hwrandom_128,Kernel_43,Kernel_43,Kernel_43,Kernel_43,Kernel_43]","[LifoBatch_201,LifoBatch_201,LifoBatch_201,Dispatching_141,Dispatching_141,Initialize_95,Dispatching_141,Dispatching_141,Dispatching_141,Dispatching_141,Dispatching_141,Dispatching_141,none_13,none_13,none_13,none_72,none_72,none_72,none_72,none_72,Installing_12,Installing_12,Installing_12,Installing_12,none_72,none_13,none_13,none_13,none_13,none_13,none_72,BootdataOk_190,none_72,Present_206,none_72,none_72,none_399,none_72,none_72,none_72,none_72,Determiningipinformation_210,none_72,none_72,Started_496,Succeeded_788,Succeeded_788,Restart_807,Succeeded_788,none_72,none_72,Stepping_70,Revision_202,Revision_202,none_72,none_72,Callverify_203,Callverify_203,none_72,Register_163,none_72,Register_148,none_72,none_72,Int_200,Int_200,none_72,none_72,none_72,none_72,none_72,Enabled_15,Irq_19,Configured_17,Configured_17,Irq_19,Initialized_16,Initialized_16,Initialized_16,Configured_17,Receive_199,Receive_199,Receive_199,Receive_199,Receive_199,Receive_199,Receive_199,Receive_199,Receive_199,Receive_199,Receive_199,Initialized_16,Initialized_16,Initialized_16,Initialized_16,Initialized_16,Initialized_16,Initialized_16,Initialized_16,Initialized_16,Initialized_16,Initialized_16,Initialized_16,Initialized_16,Initialized_16,Initialized_16,Initialized_16,Initialized_16,Initialized_16,Initialized_16,Initialized_16,Initialized_16,none_72,none_72,none_72,SubsystemRevision_198,Using_187,Adding_188,Attached_189,Attached_189,Attached_189,Send_191,BroughtUp_193,Building_194,Stepping_37,none_72,none_72,none_72,none_72,none_72,none_72,none_35,none_35,none_35,Calibrating_195,Calibrating_195,Register_148,none_72,Colour_212,none_72,none_72,none_815,Installation_418,none_72,none_72,none_72,none_72,Mounting_178,Mounting_178,Mounting_178,Mounting_178,Freeing_87,none_72,none_72,none_72,none_72,none_72,none_72,none_72,Initializing_204,Initializing_204,Installation_418,Detected_484,none_67,none_72,Interface_232,none_72,Register_357,none_72,Installation_418,Registered_152,Registered_152,Registered_152,Registered_152,Registered_152,UsingSoftwareBounceBuffering_256,none_72,Probing_90,SettingLatencyTimer_355,SettingLatencyTimer_355,SettingLatencyTimer_355,SettingLatencyTimer_355,SettingLatencyTimer_355,none_72,Using_187,none_72,none_72,none_72,Installation_418,Placing_205,Probing_90,Probing_90,Probing_90,Probing_90,Probing_90,Probing_90,Initialized_261,Register_268,none_72,Initialized_211,none_72,none_72,none_72,none_72,none_72,Initialized_279,Ports_383,Configured_209,Register_148,Allocated_208,Activated_207,Initializing_304,none_72,Configuring_142,Using_187,Using_187,Using_187,Assuming_93,FindingHwAddress_214,SettingLid_196,none_72,none_72,Initializing_204,Checking_91,Checking_91,Initialised_361,Probing_90,Probing_90,Probing_90,Probing_90,NotAllocating_221,none_72,none_72,LinkIsUp_219,none_72,Configuring_55,Register_301,none_72,Probing_90,none_72,Register_148,Register_148,Register_148,Register_148,Register_148,Register_148,Register_148,Register_148,Register_148,Register_148,Loaded_419,Register_163,Register_163,Register_163,Assuming_93,Probing_90]","[none_419,none_419,none_419,-_316,-_316,-_245,-_316,-_316,-_316,-_316,-_316,-_316,none_21,none_21,none_21,none_163,none_163,none_163,none_163,none_163,none_14,none_14,none_14,none_14,none_163,none_21,none_21,none_23,none_21,none_21,none_151,none_407,none_152,none_426,none_152,none_173,none_653,error_158,none_184,none_183,none_183,none_430,warning_176,warning_176,none_767,none_1136,none_1136,none_1161,none_1136,none_157,none_157,none_91,none_420,none_420,none_159,none_160,successful_421,successful_421,none_161,none_369,none_162,none_335,none_163,none_164,none_418,none_418,none_163,none_163,none_163,none_163,none_163,none_30,none_35,none_33,none_33,none_35,none_32,none_32,none_32,none_33,none_417,none_417,none_417,none_417,none_417,none_417,none_417,none_417,none_417,none_417,none_417,none_31,none_31,none_31,none_31,none_31,none_31,none_31,none_31,none_31,none_31,none_31,none_31,none_31,none_31,none_31,none_31,none_31,none_31,none_31,none_31,none_31,none_163,none_163,none_163,none_416,none_401,none_404,none_405,none_406,none_406,none_409,none_411,none_412,none_57,none_154,none_154,none_154,none_154,none_154,none_154,none_54,none_54,none_54,none_413,none_413,secondary_336,none_165,none_432,none_166,none_180,none_1169,none_676,internal_182,internal_182,internal_182,internal_182,ordered data mode_392,ordered data mode_392,ordered data mode_392,ordered data mode_392,unused_219,none_168,none_170,none_170,none_170,none_171,none_165,none_165,none_423,none_422,none_676,none_754,version_87,none_172,none_453,none_165,none_602,available_174,none_676,none_351,none_351,none_351,none_351,none_351,none_480,none_175,none_226,none_597,none_597,none_597,none_597,none_597,none_169,none_401,none_169,none_169,unsupported_167,none_676,none_425,none_227,none_227,none_227,none_227,none_227,none_227,none_485,none_493,none_181,none_431,none_179,none_165,none_179,in_178,none_179,none_506,enabled_637,established_429,failed_339,none_428,none_427,none_539,none_177,none_320,none_403,none_402,none_403,none_241,error_434,none_414,none_153,none_165,disabled_424,passed_237,initramfs_236,none_607,none_228,none_228,none_228,none_228,none_441,none_189,none_185,none_439,none_185,none_75,none_536,none_201,none_223,no_119,none_343,none_343,none_343,none_343,none_343,none_343,none_343,none_343,none_343,none_343,none_677,none_370,none_370,none_371,none_242,none_228]"
408,63747,"['4', '1', '8', '18']","[User_80,User_80,Crond_94,Ntpd_178]","[Register_307,Opened_309,Register_340,Synchronized_589]","[none_543,none_545,none_582,none_897]"
409,62688,"['10', '2', '9', '2', '10', '2']","[ServerAdministrator_72,Snmpd_226,ServerAdministrator_72,Snmpd_226,ServerAdministrator_72,Snmpd_226]","[ReturningTo_290,Receiving_748,Initialize_291,Receiving_748,ReturningTo_290,Receiving_748]","[normal_525,none_1082,none_526,none_1082,normal_525,none_1082]"
410,91829,"['1', '8', '29', '42', '4', '45', '46', '1', '5']","[User_80,Crond_94,Sendmail_222,Sendmail_222,User_80,Sendmail_222,Sendmail_222,User_80,Sshd_228]","[Opened_309,Register_340,Retrying_704,UnableToQualifyDomainName_719,Register_307,SendingEmail_715,Start_709,Opened_309,Connecting_786]","[none_545,none_582,unknown_1029,error_1048,none_543,none_1044,deferred_1035,none_545,none_1134]"
411,84536,"['40', '48', '40', '40', '48', '40', '40', '48', '4', '1', '8']","[Dhcpd_106,Dhcpd_106,Dhcpd_106,Dhcpd_106,Dhcpd_106,Dhcpd_106,Dhcpd_106,Dhcpd_106,User_80,User_80,Crond_94]","[none_368,Dhcprequest_373,none_368,none_368,Dhcprequest_373,none_368,none_368,Dhcprequest_373,Register_307,Opened_309,Register_340]","[no free leases_615,unknown_623,no free leases_615,no free leases_615,unknown_623,no free leases_615,no free leases_615,unknown_623,none_543,none_545,none_582]"
412,87319,"['9', '2', '10', '2']","[ServerAdministrator_72,Snmpd_226,ServerAdministrator_72,Snmpd_226]","[Initialize_291,Receiving_748,ReturningTo_290,Receiving_748]","[none_526,none_1082,normal_525,none_1082]"
413,21599,"['10', '2', '9', '2', '10', '2', '9', '2', '10', '2', '9', '2']","[ServerAdministrator_72,Snmpd_226,ServerAdministrator_72,Snmpd_226,ServerAdministrator_72,Snmpd_226,ServerAdministrator_72,Snmpd_226,ServerAdministrator_72,Snmpd_226,ServerAdministrator_72,Snmpd_226]","[ReturningTo_290,Receiving_748,Initialize_291,Receiving_748,ReturningTo_290,Receiving_748,Initialize_291,Receiving_748,ReturningTo_290,Receiving_748,Initialize_291,Receiving_748]","[normal_525,none_1082,none_526,none_1082,normal_525,none_1082,none_526,none_1082,normal_525,none_1082,none_526,none_1082]"
414,62111,"['9', '2', '10', '2', '9', '2', '10', '2', '1', '1', '5', '5', '1', '1', '5', '5', '1', '1', '5', '5', '1', '1', '5', '5', '9', '2']","[ServerAdministrator_72,Snmpd_226,ServerAdministrator_72,Snmpd_226,ServerAdministrator_72,Snmpd_226,ServerAdministrator_72,Snmpd_226,User_80,User_80,Sshd_228,Sshd_228,User_80,User_80,Sshd_228,Sshd_228,User_80,User_80,Sshd_228,Sshd_228,User_80,User_80,Sshd_228,Sshd_228,ServerAdministrator_72,Snmpd_226]","[Initialize_291,Receiving_748,ReturningTo_290,Receiving_748,Initialize_291,Receiving_748,ReturningTo_290,Receiving_748,Opened_309,Opened_309,Connecting_786,Connecting_786,Opened_309,Opened_309,Connecting_786,Connecting_786,Opened_309,Opened_309,Connecting_786,Connecting_786,Opened_309,Opened_309,Connecting_786,Connecting_786,Initialize_291,Receiving_748]","[none_526,none_1082,normal_525,none_1082,none_526,none_1082,normal_525,none_1082,none_545,none_545,none_1134,none_1134,none_545,none_545,none_1134,none_1134,none_545,none_545,none_1134,none_1134,none_545,none_545,none_1134,none_1134,none_526,none_1082]"
415,35079,"['4', '1', '8']","[User_80,User_80,Crond_94]","[Register_307,Opened_309,Register_340]","[none_543,none_545,none_582]"
416,98139,"['9', '2', '10', '2']","[ServerAdministrator_72,Snmpd_226,ServerAdministrator_72,Snmpd_226]","[Initialize_291,Receiving_748,ReturningTo_290,Receiving_748]","[none_526,none_1082,normal_525,none_1082]"
417,29652,"['10', '2', '9', '2', '10', '2', '9', '2', '10', '2', '9', '2', '10', '2', '9', '2']","[ServerAdministrator_72,Snmpd_226,ServerAdministrator_72,Snmpd_226,ServerAdministrator_72,Snmpd_226,ServerAdministrator_72,Snmpd_226,ServerAdministrator_72,Snmpd_226,ServerAdministrator_72,Snmpd_226,ServerAdministrator_72,Snmpd_226,ServerAdministrator_72,Snmpd_226]","[ReturningTo_290,Receiving_748,Initialize_291,Receiving_748,ReturningTo_290,Receiving_748,Initialize_291,Receiving_748,ReturningTo_290,Receiving_748,Initialize_291,Receiving_748,ReturningTo_290,Receiving_748,Initialize_291,Receiving_748]","[normal_525,none_1082,none_526,none_1082,normal_525,none_1082,none_526,none_1082,normal_525,none_1082,none_526,none_1082,normal_525,none_1082,none_526,none_1082]"
418,51042,"['9', '2', '10', '2', '9', '2', '10', '2', '9', '2']","[ServerAdministrator_72,Snmpd_226,ServerAdministrator_72,Snmpd_226,ServerAdministrator_72,Snmpd_226,ServerAdministrator_72,Snmpd_226,ServerAdministrator_72,Snmpd_226]","[Initialize_291,Receiving_748,ReturningTo_290,Receiving_748,Initialize_291,Receiving_748,ReturningTo_290,Receiving_748,Initialize_291,Receiving_748]","[none_526,none_1082,normal_525,none_1082,none_526,none_1082,normal_525,none_1082,none_526,none_1082]"
419,12991,"['10', '2', '9', '2']","[ServerAdministrator_72,Snmpd_226,ServerAdministrator_72,Snmpd_226]","[ReturningTo_290,Receiving_748,Initialize_291,Receiving_748]","[normal_525,none_1082,none_526,none_1082]"
420,77013,"['10', '2', '9', '2', '10', '2', '9', '2', '10', '2']","[ServerAdministrator_72,Snmpd_226,ServerAdministrator_72,Snmpd_226,ServerAdministrator_72,Snmpd_226,ServerAdministrator_72,Snmpd_226,ServerAdministrator_72,Snmpd_226]","[ReturningTo_290,Receiving_748,Initialize_291,Receiving_748,ReturningTo_290,Receiving_748,Initialize_291,Receiving_748,ReturningTo_290,Receiving_748]","[normal_525,none_1082,none_526,none_1082,normal_525,none_1082,none_526,none_1082,normal_525,none_1082]"
421,34113,"['22', '223', '100', '100', '100', '39', '39', '197', '39', '39', '39', '39', '39', '39', '49', '49', '49', '206', '119', '119', '32', '32', '32', '32', '32', '32', '32', '32', '32', '32', '60', '60', '60', '60', '32', '49', '49', '279', '49', '49', '194', '284', '212', '117', '232', '208', '219', '50', '50', '50', '50', '50', '50', '93', '93', '93', '140', '140', '215', '35', '218', '205', '217', '226', '117', '67', '67', '67', '35', '35', '70', '293', '191', '221', '70', '116', '203', '283', '70', '229', '115', '115', '35', '120', '209', '204', '224', '255', '220', '124', '124', '121', '121', '125', '261', '294', '170', '210', '222', '214', '125', '123', '211', '123', '120', '22', '22', '134', '179', '22', '202', '80', '80', '185', '507', '80', '185', '80', '185', '201', '505', '85', '85', '85', '346', '347', '200', '216', '116', '160', '326', '160', '150', '409', '150', '109', '98', '98', '98', '114', '198', '195', '92', '114', '207', '92', '109', '287', '199', '92', '227', '88', '176', '249', '321', '235', '236', '233', '319', '317', '234', '88', '21', '21', '21', '21', '21', '21', '21', '21', '21', '21', '21', '21', '21', '21', '21', '21', '21', '21', '21', '21', '21', '21', '21', '21', '21', '21', '21', '21', '21', '21', '184', '44', '22', '171', '44', '22', '90', '91', '22', '22', '22', '186', '102', '182', '112', '57', '126', '76', '99', '22', '41', '41', '41', '41', '41', '196', '143', '61', '141', '142', '157', '22', '99', '178', '181', '22', '30', '30', '30', '30', '30', '30', '30', '30', '30', '30', '30', '30', '30', '30', '30', '30', '189', '33', '33', '33', '33', '33', '33', '33', '33', '33', '33', '33']","[Startup_230,Intel(r)Xeon(tm)Cpu_41,Kernel_43,Kernel_43,Kernel_43,Kernel_43,Kernel_43,Kernel_43,Kernel_43,Kernel_43,Kernel_43,Kernel_43,Kernel_43,Kernel_43,Acpi_6,Acpi_6,Acpi_6,Kernel_43,Kernel_43,Kernel_43,Kernel_43,Kernel_43,Kernel_43,Kernel_43,Kernel_43,Kernel_43,Kernel_43,Kernel_43,Kernel_43,Kernel_43,Acpi_6,Acpi_6,Acpi_6,Acpi_6,Kernel_43,Acpi_6,Acpi_6,Acpi_6,Acpi_6,Acpi_6,Kernel_43,Kernel_43,Kernel_43,Kernel_43,Kernel_43,Kernel_43,Cpu_17,Kernel_43,Kernel_43,Kernel_43,Kernel_43,Kernel_43,Kernel_43,Cpu_17,Cpu_17,Cpu_17,Kernel_43,Kernel_43,Kernel_43,Kernel_43,Kernel_43,Kernel_43,Kernel_43,Timer_242,Kernel_43,Kernel_43,Kernel_43,Kernel_43,Kernel_43,Kernel_43,HashTable_127,Kernel_43,Kernel_43,Kernel_43,HashTable_127,Found_119,Kernel_43,Kernel_43,HashTable_127,Kernel_43,Kernel_43,Kernel_43,Kernel_43,Kernel_43,SecurityScaffold_71,Kernel_43,Kernel_43,Kernel_43,Kernel_43,Kernel_43,Kernel_43,Kernel_43,Kernel_43,Kernel_43,Kernel_43,Kernel_43,LogSource_153,Kernel_43,Kernel_43,Kernel_43,Kernel_43,Kernel_43,Kernel_43,Kernel_43,Kernel_43,Startup_230,Startup_230,Syslogd_235,Nfs_52,Startup_230,Date_98,Fsck_120,Fsck_120,Fsck_120,Fsck_120,Fsck_120,Fsck_120,Fsck_120,Fsck_120,Fsck_120,Fsck_120,/dev/sda_3,/dev/sda_3,/dev/sda_3,Fsck_120,/dev/sda_3,Init_137,Kernel_43,Found_119,Ips_33,Panips_186,Ips_33,Mount_166,Mount_166,Mount_166,Filesystems_115,Network_175,Network_175,Network_175,Parameters_189,Rc.sysinit_206,Rc.sysinit_206,Rc.sysinit_206,Parameters_189,Rc.sysinit_206,Rc.sysinit_206,Filesystems_115,Rc.sysinit_206,Rc.sysinit_206,Rc.sysinit_206,Rc.sysinit_206,Starting_73,Smartd_225,Smartd_225,Smartd_225,Smartd_225,Smartd_225,Smartd_225,Smartd_225,Smartd_225,Smartd_225,Starting_73,Sysctl_233,Sysctl_233,Sysctl_233,Sysctl_233,Sysctl_233,Sysctl_233,Sysctl_233,Sysctl_233,Sysctl_233,Sysctl_233,Sysctl_233,Sysctl_233,Sysctl_233,Sysctl_233,Sysctl_233,Sysctl_233,Sysctl_233,Sysctl_233,Sysctl_233,Sysctl_233,Sysctl_233,Sysctl_233,Sysctl_233,Sysctl_233,Sysctl_233,Sysctl_233,Sysctl_233,Sysctl_233,Sysctl_233,Sysctl_233,UdevdDaemon_247,Device_102,Startup_230,Snmpd_226,Device_102,Startup_230,ServerAdministrator_72,ServerAdministrator_72,Startup_230,Startup_230,Startup_230,Crond_94,Gmond_125,Kernel_43,Kernel_43,Kernel_43,Kernel_43,Kernel_43,none_260,Startup_230,Ntpd_178,Ntpd_178,Ntpd_178,Ntpd_178,Ntpd_178,Ntpd_178,Ntpd_178,Kernel_43,Ntpd_178,Ntpd_178,Ntpdate_179,Startup_230,none_260,Sshd_228,Sshd_228,Startup_230,Xinetd_256,Xinetd_256,Xinetd_256,Xinetd_256,Xinetd_256,Xinetd_256,Xinetd_256,Xinetd_256,Xinetd_256,Xinetd_256,Xinetd_256,Xinetd_256,Xinetd_256,Xinetd_256,Xinetd_256,Xinetd_256,Xinetd_256,Xinetd_256,Xinetd_256,Xinetd_256,Xinetd_256,Xinetd_256,Xinetd_256,Xinetd_256,Xinetd_256,Xinetd_256,Xinetd_256,Xinetd_256]","[Succeeded_788,Stepping_70,LifoBatch_201,LifoBatch_201,LifoBatch_201,Dispatching_141,Dispatching_141,Initialize_95,Dispatching_141,Dispatching_141,Dispatching_141,Dispatching_141,Dispatching_141,Dispatching_141,none_13,none_13,none_13,none_72,Int_200,Int_200,none_72,none_72,none_72,none_72,none_72,none_72,none_72,none_72,none_72,none_72,Installing_12,Installing_12,Installing_12,Installing_12,none_72,none_13,none_13,none_13,none_13,none_13,none_72,BootdataOk_190,Send_191,none_72,BroughtUp_193,Building_194,Stepping_37,none_72,none_72,none_72,none_72,none_72,none_72,none_35,none_35,none_35,Calibrating_195,Calibrating_195,Register_148,none_72,Colour_212,Present_206,none_72,none_815,none_72,none_72,none_72,none_72,none_72,none_72,Installation_418,none_72,none_72,none_72,Installation_418,none_399,none_72,none_72,Installation_418,Placing_205,none_72,none_72,none_72,none_72,Initialized_279,Determiningipinformation_210,Register_148,Activated_207,Configuring_142,Using_187,Using_187,none_72,none_72,none_72,Checking_91,Checking_91,Started_496,none_72,Registering_77,Register_148,none_72,none_72,Checking_91,none_72,none_72,Succeeded_788,Succeeded_788,Restart_807,Register_245,Succeeded_788,Register_349,Checking_403,Checking_403,Recovering_401,none_400,Checking_403,Recovering_401,Checking_403,Recovering_401,Checking_403,Clearing_404,Checking_4,Checking_4,Checking_4,none_400,Changed_5,Checking_473,Driver_220,none_399,Init_60,Error_619,Init_60,none_550,Error_553,none_550,Mounting_395,BringingUp_584,BringingUp_584,BringingUp_584,Succeeded_623,none_672,Checking_673,none_672,Succeeded_623,EnablingQuotas_674,none_672,Mounting_395,Remounting_671,Register_670,none_672,Register_670,Start_293,none_731,Parsed_736,Skip_735,Opened_734,none_731,Opening_733,Register_732,Register_732,none_731,Start_293,none_796,none_796,none_796,none_796,none_796,none_796,none_796,none_796,none_796,none_796,none_796,none_796,none_796,none_796,none_796,none_796,none_796,none_796,none_796,none_796,none_796,none_796,none_796,none_796,none_796,none_796,none_796,none_796,none_796,none_796,Register_822,none_356,Succeeded_788,none_749,none_356,Succeeded_788,Starting_292,Register_283,Succeeded_788,Succeeded_788,Succeeded_788,Startup_343,none_415,Disable_223,none_72,Registered_152,NotAllocating_221,none_72,none_845,Succeeded_788,Changed_601,Changed_601,Changed_601,Changed_601,Changed_601,Configure_599,Configure_599,TimeSync_120,none_596,none_596,Step_604,Succeeded_788,none_845,Register_782,Register_760,Succeeded_788,Register_841,Register_841,Register_841,Register_841,Register_841,Register_841,Register_841,Register_841,Register_841,Register_841,Register_841,Register_841,Register_841,Register_841,Register_841,Register_841,Started_836,Register_838,Register_838,Register_838,Register_838,Register_838,Register_838,Register_838,Register_838,Register_838,Register_838,Register_838]","[none_1136,none_91,none_419,none_419,none_419,-_316,-_316,-_245,-_316,-_316,-_316,-_316,-_316,-_316,none_21,none_21,none_21,none_164,none_418,none_418,none_163,none_163,none_163,none_163,none_163,none_163,none_163,none_163,none_163,none_163,none_14,none_14,none_14,none_14,none_163,none_21,none_21,none_23,none_21,none_21,none_151,none_407,none_409,none_152,none_411,none_412,none_57,none_154,none_154,none_154,none_154,none_154,none_154,none_54,none_54,none_54,none_413,none_413,secondary_336,none_165,none_432,none_426,none_180,none_1169,none_152,none_170,none_170,none_170,none_165,none_165,none_676,none_172,none_173,available_174,none_676,none_653,error_158,none_184,none_676,none_425,none_183,none_183,none_165,in_178,none_506,none_430,failed_339,none_427,none_320,none_403,none_403,warning_176,warning_176,none_153,passed_237,initramfs_236,none_767,cutoff_195,none_207,none_340,none_153,none_186,none_235,none_186,in_178,none_1136,none_1136,none_1161,successful_469,none_1136,none_591,none_661,none_661,none_657,none_656,none_661,none_657,none_661,none_657,none_660,orphaned_662,none_4,none_4,none_4,none_654,none_5,none_742,none_440,none_653,failed (Out of memory)_80,none_934,failed (Out of memory)_80,Out of memory_848,rejected_852,Out of memory_848,none_649,none_890,none_890,none_890,none_938,error_994,successful_995,succeeded_993,none_938,succeeded_996,succeeded_993,none_649,succeeded_992,succeeded_991,succeeded_993,succeeded_990,successful_528,failed_1063,none_1069,error_1068,none_1067,none_1062,none_1066,unable_1065,unable_1064,none_1061,successful_528,none_1149,none_1149,none_1149,none_1149,none_1149,none_1149,none_1149,none_1149,none_1149,none_1149,none_1149,none_1149,none_1149,none_1149,none_1149,none_1149,none_1149,none_1149,none_1149,none_1149,none_1149,none_1149,none_1149,none_1149,none_1149,none_1149,none_1149,none_1149,none_1149,none_1149,none_1176,none_598,none_1136,none_1083,none_598,none_1136,none_527,none_515,none_1136,none_1136,none_1136,none_585,succeeded_673,none_443,none_189,none_351,none_441,none_196,successful_1201,none_1136,none_913,none_913,none_913,none_913,none_913,ignored_910,none_911,none_286,none_906,none_905,none_916,none_1136,successful_1201,none_1129,error_1100,none_1136,none_1197,none_1197,none_1197,none_1197,none_1197,none_1197,none_1197,none_1197,none_1197,none_1197,none_1197,none_1197,none_1197,none_1197,none_1197,none_1197,available_1191,none_1194,none_1194,none_1194,none_1194,none_1194,none_1194,none_1194,none_1194,none_1194,none_1194,none_1194]"
422,17992,"['10', '2', '9', '2']","[ServerAdministrator_72,Snmpd_226,ServerAdministrator_72,Snmpd_226]","[ReturningTo_290,Receiving_748,Initialize_291,Receiving_748]","[normal_525,none_1082,none_526,none_1082]"
423,58979,"['9', '2', '10', '2']","[ServerAdministrator_72,Snmpd_226,ServerAdministrator_72,Snmpd_226]","[Initialize_291,Receiving_748,ReturningTo_290,Receiving_748]","[none_526,none_1082,normal_525,none_1082]"
424,29963,"['10', '2', '9', '2']","[ServerAdministrator_72,Snmpd_226,ServerAdministrator_72,Snmpd_226]","[ReturningTo_290,Receiving_748,Initialize_291,Receiving_748]","[normal_525,none_1082,none_526,none_1082]"
425,77090,"['9', '2', '10', '2']","[ServerAdministrator_72,Snmpd_226,ServerAdministrator_72,Snmpd_226]","[Initialize_291,Receiving_748,ReturningTo_290,Receiving_748]","[none_526,none_1082,normal_525,none_1082]"
426,91784,"['1', '8', '29', '4', '1', '8', '42', '4', '45', '46']","[User_80,Crond_94,Sendmail_222,User_80,User_80,Crond_94,Sendmail_222,User_80,Sendmail_222,Sendmail_222]","[Opened_309,Register_340,Retrying_704,Register_307,Opened_309,Register_340,UnableToQualifyDomainName_719,Register_307,SendingEmail_715,Start_709]","[none_545,none_582,unknown_1029,none_543,none_545,none_582,error_1048,none_543,none_1044,deferred_1035]"
427,46960,"['9', '2', '10', '2', '9', '2', '10', '2', '9', '2', '10', '2', '9', '2']","[ServerAdministrator_72,Snmpd_226,ServerAdministrator_72,Snmpd_226,ServerAdministrator_72,Snmpd_226,ServerAdministrator_72,Snmpd_226,ServerAdministrator_72,Snmpd_226,ServerAdministrator_72,Snmpd_226,ServerAdministrator_72,Snmpd_226]","[Initialize_291,Receiving_748,ReturningTo_290,Receiving_748,Initialize_291,Receiving_748,ReturningTo_290,Receiving_748,Initialize_291,Receiving_748,ReturningTo_290,Receiving_748,Initialize_291,Receiving_748]","[none_526,none_1082,normal_525,none_1082,none_526,none_1082,normal_525,none_1082,none_526,none_1082,normal_525,none_1082,none_526,none_1082]"
428,45475,"['10', '2', '9', '2', '10', '2', '9', '2', '10', '2']","[ServerAdministrator_72,Snmpd_226,ServerAdministrator_72,Snmpd_226,ServerAdministrator_72,Snmpd_226,ServerAdministrator_72,Snmpd_226,ServerAdministrator_72,Snmpd_226]","[ReturningTo_290,Receiving_748,Initialize_291,Receiving_748,ReturningTo_290,Receiving_748,Initialize_291,Receiving_748,ReturningTo_290,Receiving_748]","[normal_525,none_1082,none_526,none_1082,normal_525,none_1082,none_526,none_1082,normal_525,none_1082]"
429,50481,"['10', '2', '9', '2', '10', '2']","[ServerAdministrator_72,Snmpd_226,ServerAdministrator_72,Snmpd_226,ServerAdministrator_72,Snmpd_226]","[ReturningTo_290,Receiving_748,Initialize_291,Receiving_748,ReturningTo_290,Receiving_748]","[normal_525,none_1082,none_526,none_1082,normal_525,none_1082]"
430,76655,"['9', '2', '10', '2', '9', '2', '10', '2', '9', '2']","[ServerAdministrator_72,Snmpd_226,ServerAdministrator_72,Snmpd_226,ServerAdministrator_72,Snmpd_226,ServerAdministrator_72,Snmpd_226,ServerAdministrator_72,Snmpd_226]","[Initialize_291,Receiving_748,ReturningTo_290,Receiving_748,Initialize_291,Receiving_748,ReturningTo_290,Receiving_748,Initialize_291,Receiving_748]","[none_526,none_1082,normal_525,none_1082,none_526,none_1082,normal_525,none_1082,none_526,none_1082]"
431,24762,"['10', '2', '9', '2']","[ServerAdministrator_72,Snmpd_226,ServerAdministrator_72,Snmpd_226]","[ReturningTo_290,Receiving_748,Initialize_291,Receiving_748]","[normal_525,none_1082,none_526,none_1082]"
432,82281,"['9', '2', '10', '2', '9', '2']","[ServerAdministrator_72,Snmpd_226,ServerAdministrator_72,Snmpd_226,ServerAdministrator_72,Snmpd_226]","[Initialize_291,Receiving_748,ReturningTo_290,Receiving_748,Initialize_291,Receiving_748]","[none_526,none_1082,normal_525,none_1082,none_526,none_1082]"
433,73982,"['10', '2', '9', '2', '10', '2', '9', '2', '10', '2', '9', '2']","[ServerAdministrator_72,Snmpd_226,ServerAdministrator_72,Snmpd_226,ServerAdministrator_72,Snmpd_226,ServerAdministrator_72,Snmpd_226,ServerAdministrator_72,Snmpd_226,ServerAdministrator_72,Snmpd_226]","[ReturningTo_290,Receiving_748,Initialize_291,Receiving_748,ReturningTo_290,Receiving_748,Initialize_291,Receiving_748,ReturningTo_290,Receiving_748,Initialize_291,Receiving_748]","[normal_525,none_1082,none_526,none_1082,normal_525,none_1082,none_526,none_1082,normal_525,none_1082,none_526,none_1082]"
434,98799,"['19', '17', '19', '19', '17', '19', '19', '17', '19', '19', '17', '19', '19', '17', '19', '19', '17', '19', '19', '17', '19', '19', '17', '19', '19', '17', '19', '19', '17', '19', '19', '17', '19', '19', '17', '19', '19', '17', '19', '19', '17', '19', '19', '17', '19', '19', '17', '19', '19', '17', '19', '19', '17', '19', '19', '17', '19', '19', '17', '19', '19', '17', '19', '19', '17', '19', '19', '17', '19', '19', '17', '19', '19', '17', '19', '19', '17', '19', '19', '17', '19', '19', '17', '19', '19', '17', '19', '19', '17', '19', '19', '17', '19', '19', '17', '19', '19', '17', '19', '19', '17', '19', '19', '17', '19', '19', '17', '19', '19', '17', '19', '19', '17', '19', '19', '17', '19', '19', '17', '19', '19', '17', '19', '19', '17', '19', '19']","[Ibsm_129,Ibsm_129,Ibsm_129,Ibsm_129,Ibsm_129,Ibsm_129,Ibsm_129,Ibsm_129,Ibsm_129,Ibsm_129,Ibsm_129,Ibsm_129,Ibsm_129,Ibsm_129,Ibsm_129,Ibsm_129,Ibsm_129,Ibsm_129,Ibsm_129,Ibsm_129,Ibsm_129,Ibsm_129,Ibsm_129,Ibsm_129,Ibsm_129,Ibsm_129,Ibsm_129,Ibsm_129,Ibsm_129,Ibsm_129,Ibsm_129,Ibsm_129,Ibsm_129,Ibsm_129,Ibsm_129,Ibsm_129,Ibsm_129,Ibsm_129,Ibsm_129,Ibsm_129,Ibsm_129,Ibsm_129,Ibsm_129,Ibsm_129,Ibsm_129,Ibsm_129,Ibsm_129,Ibsm_129,Ibsm_129,Ibsm_129,Ibsm_129,Ibsm_129,Ibsm_129,Ibsm_129,Ibsm_129,Ibsm_129,Ibsm_129,Ibsm_129,Ibsm_129,Ibsm_129,Ibsm_129,Ibsm_129,Ibsm_129,Ibsm_129,Ibsm_129,Ibsm_129,Ibsm_129,Ibsm_129,Ibsm_129,Ibsm_129,Ibsm_129,Ibsm_129,Ibsm_129,Ibsm_129,Ibsm_129,Ibsm_129,Ibsm_129,Ibsm_129,Ibsm_129,Ibsm_129,Ibsm_129,Ibsm_129,Ibsm_129,Ibsm_129,Ibsm_129,Ibsm_129,Ibsm_129,Ibsm_129,Ibsm_129,Ibsm_129,Ibsm_129,Ibsm_129,Ibsm_129,Ibsm_129,Ibsm_129,Ibsm_129,Ibsm_129,Ibsm_129,Ibsm_129,Ibsm_129,Ibsm_129,Ibsm_129,Ibsm_129,Ibsm_129,Ibsm_129,Ibsm_129,Ibsm_129,Ibsm_129,Ibsm_129,Ibsm_129,Ibsm_129,Ibsm_129,Ibsm_129,Ibsm_129,Ibsm_129,Ibsm_129,Ibsm_129,Ibsm_129,Ibsm_129,Ibsm_129,Ibsm_129,Ibsm_129,Ibsm_129,Ibsm_129,Ibsm_129,Ibsm_129,Ibsm_129]","[none_422,none_422,none_422,none_422,none_422,none_422,none_422,none_422,none_422,none_422,none_422,none_422,none_422,none_422,none_422,none_422,none_422,none_422,none_422,none_422,none_422,none_422,none_422,none_422,none_422,none_422,none_422,none_422,none_422,none_422,none_422,none_422,none_422,none_422,none_422,none_422,none_422,none_422,none_422,none_422,none_422,none_422,none_422,none_422,none_422,none_422,none_422,none_422,none_422,none_422,none_422,none_422,none_422,none_422,none_422,none_422,none_422,none_422,none_422,none_422,none_422,none_422,none_422,none_422,none_422,none_422,none_422,none_422,none_422,none_422,none_422,none_422,none_422,none_422,none_422,none_422,none_422,none_422,none_422,none_422,none_422,none_422,none_422,none_422,none_422,none_422,none_422,none_422,none_422,none_422,none_422,none_422,none_422,none_422,none_422,none_422,none_422,none_422,none_422,none_422,none_422,none_422,none_422,none_422,none_422,none_422,none_422,none_422,none_422,none_422,none_422,none_422,none_422,none_422,none_422,none_422,none_422,none_422,none_422,none_422,none_422,none_422,none_422,none_422,none_422,none_422,none_422]","[none_684,none_683,none_684,none_684,none_683,none_684,none_684,none_683,none_684,none_684,none_683,none_684,none_684,none_683,none_684,none_684,none_683,none_684,none_684,none_683,none_684,none_684,none_683,none_684,none_684,none_683,none_684,none_684,none_683,none_684,none_684,none_683,none_684,none_684,none_683,none_684,none_684,none_683,none_684,none_684,none_683,none_684,none_684,none_683,none_684,none_684,none_683,none_684,none_684,none_683,none_684,none_684,none_683,none_684,none_684,none_683,none_684,none_684,none_683,none_684,none_684,none_683,none_684,none_684,none_683,none_684,none_684,none_683,none_684,none_684,none_683,none_684,none_684,none_683,none_684,none_684,none_683,none_684,none_684,none_683,none_684,none_684,none_683,none_684,none_684,none_683,none_684,none_684,none_683,none_684,none_684,none_683,none_684,none_684,none_683,none_684,none_684,none_683,none_684,none_684,none_683,none_684,none_684,none_683,none_684,none_684,none_683,none_684,none_684,none_683,none_684,none_684,none_683,none_684,none_684,none_683,none_684,none_684,none_683,none_684,none_684,none_683,none_684,none_684,none_683,none_684,none_684]"
435,90913,"['9', '2', '10', '2', '9', '2', '10', '2', '9', '2', '10', '2']","[ServerAdministrator_72,Snmpd_226,ServerAdministrator_72,Snmpd_226,ServerAdministrator_72,Snmpd_226,ServerAdministrator_72,Snmpd_226,ServerAdministrator_72,Snmpd_226,ServerAdministrator_72,Snmpd_226]","[Initialize_291,Receiving_748,ReturningTo_290,Receiving_748,Initialize_291,Receiving_748,ReturningTo_290,Receiving_748,Initialize_291,Receiving_748,ReturningTo_290,Receiving_748]","[none_526,none_1082,normal_525,none_1082,none_526,none_1082,normal_525,none_1082,none_526,none_1082,normal_525,none_1082]"
436,83406,"['10', '2', '9', '2', '10', '2', '9', '2', '10', '2', '9', '2', '10', '2']","[ServerAdministrator_72,Snmpd_226,ServerAdministrator_72,Snmpd_226,ServerAdministrator_72,Snmpd_226,ServerAdministrator_72,Snmpd_226,ServerAdministrator_72,Snmpd_226,ServerAdministrator_72,Snmpd_226,ServerAdministrator_72,Snmpd_226]","[ReturningTo_290,Receiving_748,Initialize_291,Receiving_748,ReturningTo_290,Receiving_748,Initialize_291,Receiving_748,ReturningTo_290,Receiving_748,Initialize_291,Receiving_748,ReturningTo_290,Receiving_748]","[normal_525,none_1082,none_526,none_1082,normal_525,none_1082,none_526,none_1082,normal_525,none_1082,none_526,none_1082,normal_525,none_1082]"
437,32488,"['1', '1', '5', '5', '1', '1', '5', '5', '1', '1', '5', '5', '1', '1', '5', '5']","[User_80,User_80,Sshd_228,Sshd_228,User_80,User_80,Sshd_228,Sshd_228,User_80,User_80,Sshd_228,Sshd_228,User_80,User_80,Sshd_228,Sshd_228]","[Opened_309,Opened_309,Connecting_786,Connecting_786,Opened_309,Opened_309,Connecting_786,Connecting_786,Opened_309,Opened_309,Connecting_786,Connecting_786,Opened_309,Opened_309,Connecting_786,Connecting_786]","[none_545,none_545,none_1134,none_1134,none_545,none_545,none_1134,none_1134,none_545,none_545,none_1134,none_1134,none_545,none_545,none_1134,none_1134]"
438,26983,"['10', '2', '9', '2']","[ServerAdministrator_72,Snmpd_226,ServerAdministrator_72,Snmpd_226]","[ReturningTo_290,Receiving_748,Initialize_291,Receiving_748]","[normal_525,none_1082,none_526,none_1082]"
439,96576,"['9', '2', '10', '2', '9', '2', '10', '2']","[ServerAdministrator_72,Snmpd_226,ServerAdministrator_72,Snmpd_226,ServerAdministrator_72,Snmpd_226,ServerAdministrator_72,Snmpd_226]","[Initialize_291,Receiving_748,ReturningTo_290,Receiving_748,Initialize_291,Receiving_748,ReturningTo_290,Receiving_748]","[none_526,none_1082,normal_525,none_1082,none_526,none_1082,normal_525,none_1082]"
440,60265,"['9', '2', '10', '2', '9', '2', '10', '2', '9', '2', '10', '2', '9', '2']","[ServerAdministrator_72,Snmpd_226,ServerAdministrator_72,Snmpd_226,ServerAdministrator_72,Snmpd_226,ServerAdministrator_72,Snmpd_226,ServerAdministrator_72,Snmpd_226,ServerAdministrator_72,Snmpd_226,ServerAdministrator_72,Snmpd_226]","[Initialize_291,Receiving_748,ReturningTo_290,Receiving_748,Initialize_291,Receiving_748,ReturningTo_290,Receiving_748,Initialize_291,Receiving_748,ReturningTo_290,Receiving_748,Initialize_291,Receiving_748]","[none_526,none_1082,normal_525,none_1082,none_526,none_1082,normal_525,none_1082,none_526,none_1082,normal_525,none_1082,none_526,none_1082]"
441,97829,"['9', '2', '10', '2', '9', '2', '10', '2', '9', '2', '10', '2']","[ServerAdministrator_72,Snmpd_226,ServerAdministrator_72,Snmpd_226,ServerAdministrator_72,Snmpd_226,ServerAdministrator_72,Snmpd_226,ServerAdministrator_72,Snmpd_226,ServerAdministrator_72,Snmpd_226]","[Initialize_291,Receiving_748,ReturningTo_290,Receiving_748,Initialize_291,Receiving_748,ReturningTo_290,Receiving_748,Initialize_291,Receiving_748,ReturningTo_290,Receiving_748]","[none_526,none_1082,normal_525,none_1082,none_526,none_1082,normal_525,none_1082,none_526,none_1082,normal_525,none_1082]"
442,41948,"['31', '176', '106', '122', '295', '31', '31', '31', '87', '259', '35', '269', '267', '103', '177', '31', '167', '187', '31', '173', '31', '298', '177', '168', '168', '34', '31', '31', '312', '190', '31']","[Shutdown_40,Smartd_225,Snmpd_226,-term_0,Sshd_228,Shutdown_40,Shutdown_40,Shutdown_40,Kernel_43,Panfs_184,Kernel_43,Fsclientcap_123,Subdev_231,Kernel_43,Filesystems_115,Shutdown_40,Ntpd_178,Ntpd_178,Shutdown_40,Snmpd_226,Shutdown_40,Xinetd_256,Filesystems_115,Kernel_43,Kernel_43,Shutdown_40,Shutdown_40,Shutdown_40,Signal_25,none_264,Shutdown_40]","[Configuring_68,none_731,Disconnected_744,Succeeded_0,Terminating_785,Configuring_68,Configuring_68,Configuring_68,none_72,Umounting_616,none_72,Scrubbing_407,Startup_790,none_72,Create_392,Configuring_68,Shutdown_597,Exiting_598,Configuring_68,ShuttingDown_751,Configuring_68,Exiting_839,Create_392,none_72,none_72,Configuring_68,Configuring_68,Configuring_68,Un-registeringAndExiting_51,Register_849,Configuring_68]","[none_89,failed_1063,none_1077,none_0,none_1133,none_89,none_89,none_89,none_157,none_929,none_165,starting_665,done_1138,none_156,none_646,none_89,none_908,none_909,none_89,none_1085,none_89,none_1195,none_646,none_94,none_94,none_88,none_89,none_89,none_71,signal_1205,none_89]"
443,77519,"['10', '2', '9', '2', '10', '2', '9', '2', '10', '2', '9', '2', '10', '2', '9', '2', '10', '2']","[ServerAdministrator_72,Snmpd_226,ServerAdministrator_72,Snmpd_226,ServerAdministrator_72,Snmpd_226,ServerAdministrator_72,Snmpd_226,ServerAdministrator_72,Snmpd_226,ServerAdministrator_72,Snmpd_226,ServerAdministrator_72,Snmpd_226,ServerAdministrator_72,Snmpd_226,ServerAdministrator_72,Snmpd_226]","[ReturningTo_290,Receiving_748,Initialize_291,Receiving_748,ReturningTo_290,Receiving_748,Initialize_291,Receiving_748,ReturningTo_290,Receiving_748,Initialize_291,Receiving_748,ReturningTo_290,Receiving_748,Initialize_291,Receiving_748,ReturningTo_290,Receiving_748]","[normal_525,none_1082,none_526,none_1082,normal_525,none_1082,none_526,none_1082,normal_525,none_1082,none_526,none_1082,normal_525,none_1082,none_526,none_1082,normal_525,none_1082]"
444,78543,"['10', '2', '9', '2', '10', '2', '9', '2', '10', '2', '9', '2', '10', '2']","[ServerAdministrator_72,Snmpd_226,ServerAdministrator_72,Snmpd_226,ServerAdministrator_72,Snmpd_226,ServerAdministrator_72,Snmpd_226,ServerAdministrator_72,Snmpd_226,ServerAdministrator_72,Snmpd_226,ServerAdministrator_72,Snmpd_226]","[ReturningTo_290,Receiving_748,Initialize_291,Receiving_748,ReturningTo_290,Receiving_748,Initialize_291,Receiving_748,ReturningTo_290,Receiving_748,Initialize_291,Receiving_748,ReturningTo_290,Receiving_748]","[normal_525,none_1082,none_526,none_1082,normal_525,none_1082,none_526,none_1082,normal_525,none_1082,none_526,none_1082,normal_525,none_1082]"
445,2629,"['164', '166', '1', '5', '111', '34', '31', '31', '31', '31', '176', '106', '122', '295', '31', '87', '259', '35', '269', '257', '267', '103', '177', '173', '31', '167', '187', '31', '31', '298', '168', '168', '34', '31', '31', '312', '190']","[Init_137,System_236,User_80,Sshd_228,Kernel_43,Shutdown_40,Shutdown_40,Shutdown_40,Shutdown_40,Shutdown_40,Smartd_225,Snmpd_226,-term_0,Sshd_228,Shutdown_40,Kernel_43,Panfs_184,Kernel_43,Fsclientcap_123,Rpcs_64,Subdev_231,Kernel_43,Filesystems_115,Snmpd_226,Shutdown_40,Ntpd_178,Ntpd_178,Shutdown_40,Shutdown_40,Xinetd_256,Kernel_43,Kernel_43,Shutdown_40,Shutdown_40,Shutdown_40,Signal_25,none_264]","[To_472,ShuttingDown_808,Opened_309,Connecting_786,Segfault_81,Configuring_68,Configuring_68,Configuring_68,Configuring_68,Configuring_68,none_731,Disconnected_744,Succeeded_0,Terminating_785,Configuring_68,none_72,Umounting_616,none_72,Scrubbing_407,Returning_267,Startup_790,none_72,Create_392,ShuttingDown_751,Configuring_68,Shutdown_597,Exiting_598,Configuring_68,Configuring_68,Exiting_839,none_72,none_72,Configuring_68,Configuring_68,Configuring_68,Un-registeringAndExiting_51,Register_849]","[none_741,none_1162,none_545,none_1134,error_211,none_88,none_89,none_89,none_89,none_89,failed_1063,none_1077,none_0,none_1133,none_89,none_157,none_929,none_165,starting_665,none_492,done_1138,none_156,none_646,none_1085,none_89,none_908,none_909,none_89,none_89,none_1195,none_94,none_94,none_88,none_89,none_89,none_71,signal_1205]"
446,88330,"['9', '2', '10', '2', '9', '2', '10', '2', '9', '2']","[ServerAdministrator_72,Snmpd_226,ServerAdministrator_72,Snmpd_226,ServerAdministrator_72,Snmpd_226,ServerAdministrator_72,Snmpd_226,ServerAdministrator_72,Snmpd_226]","[Initialize_291,Receiving_748,ReturningTo_290,Receiving_748,Initialize_291,Receiving_748,ReturningTo_290,Receiving_748,Initialize_291,Receiving_748]","[none_526,none_1082,normal_525,none_1082,none_526,none_1082,normal_525,none_1082,none_526,none_1082]"
447,56412,"['10', '2', '9', '2', '10', '2', '9', '2', '10', '2', '9', '2', '10', '2', '9', '2', '10', '2', '9', '2']","[ServerAdministrator_72,Snmpd_226,ServerAdministrator_72,Snmpd_226,ServerAdministrator_72,Snmpd_226,ServerAdministrator_72,Snmpd_226,ServerAdministrator_72,Snmpd_226,ServerAdministrator_72,Snmpd_226,ServerAdministrator_72,Snmpd_226,ServerAdministrator_72,Snmpd_226,ServerAdministrator_72,Snmpd_226,ServerAdministrator_72,Snmpd_226]","[ReturningTo_290,Receiving_748,Initialize_291,Receiving_748,ReturningTo_290,Receiving_748,Initialize_291,Receiving_748,ReturningTo_290,Receiving_748,Initialize_291,Receiving_748,ReturningTo_290,Receiving_748,Initialize_291,Receiving_748,ReturningTo_290,Receiving_748,Initialize_291,Receiving_748]","[normal_525,none_1082,none_526,none_1082,normal_525,none_1082,none_526,none_1082,normal_525,none_1082,none_526,none_1082,normal_525,none_1082,none_526,none_1082,normal_525,none_1082,none_526,none_1082]"
448,43797,"['9', '2', '10', '2', '9', '2', '10', '2']","[ServerAdministrator_72,Snmpd_226,ServerAdministrator_72,Snmpd_226,ServerAdministrator_72,Snmpd_226,ServerAdministrator_72,Snmpd_226]","[Initialize_291,Receiving_748,ReturningTo_290,Receiving_748,Initialize_291,Receiving_748,ReturningTo_290,Receiving_748]","[none_526,none_1082,normal_525,none_1082,none_526,none_1082,normal_525,none_1082]"
449,98990,"['3', '3', '3', '3', '3', '3', '3', '3', '3', '3', '3', '3', '3', '3', '3', '3', '3', '3', '3', '3', '3', '3', '3', '3', '3', '3', '3', '3', '3', '3', '3', '3', '3', '3', '3', '3', '3', '3', '3', '3', '3', '3', '3', '3', '3', '3', '3', '3', '3', '3', '3', '3', '3', '3', '3', '3', '3', '3', '3', '3', '3', '3', '3', '3', '3', '3', '3', '3', '3', '3', '3', '3', '3', '3', '3', '3', '3', '3', '3', '3', '3', '3', '3', '3', '3', '3', '3', '3', '3', '3', '3', '3', '3', '3', '3', '3', '3', '3', '3', '3', '3', '3', '3', '3', '3', '3', '3', '3', '3', '3', '3', '3', '3', '3', '3', '3', '3', '3', '3', '3', '3', '3', '3', '3', '3', '3', '3', '3', '3', '3', '3', '3', '3', '3', '3', '3', '3', '3', '3', '3', '3', '3', '3', '3', '3', '3', '3', '3', '3', '3', '3', '3', '3', '3', '3', '3', '3', '3', '3', '3', '3', '3', '3', '3', '3', '3', '3', '3', '3', '3', '3', '3', '3', '3', '3', '3', '3', '3', '3', '3', '3', '3', '3', '3', '3', '3', '3', '3', '3', '3', '3', '3', '3', '3', '3', '3', '3', '3', '313', '3', '3', '338', '3', '3', '3', '3', '3', '3', '3', '3', '3', '3', '3', '3', '3', '3', '3', '3', '3', '3', '3', '3', '3', '3', '3', '3', '3', '3', '3', '3', '3', '3', '3', '3', '3', '3', '3', '3', '3', '3', '3', '3', '3', '3', '3', '3', '3', '3', '3', '3', '313', '3', '3', '3', '3', '3']","[Datasource_97,Datasource_97,Datasource_97,Datasource_97,Datasource_97,Datasource_97,Datasource_97,Datasource_97,Datasource_97,Datasource_97,Datasource_97,Datasource_97,Datasource_97,Datasource_97,Datasource_97,Datasource_97,Datasource_97,Datasource_97,Datasource_97,Datasource_97,Datasource_97,Datasource_97,Datasource_97,Datasource_97,Datasource_97,Datasource_97,Datasource_97,Datasource_97,Datasource_97,Datasource_97,Datasource_97,Datasource_97,Datasource_97,Datasource_97,Datasource_97,Datasource_97,Datasource_97,Datasource_97,Datasource_97,Datasource_97,Datasource_97,Datasource_97,Datasource_97,Datasource_97,Datasource_97,Datasource_97,Datasource_97,Datasource_97,Datasource_97,Datasource_97,Datasource_97,Datasource_97,Datasource_97,Datasource_97,Datasource_97,Datasource_97,Datasource_97,Datasource_97,Datasource_97,Datasource_97,Datasource_97,Datasource_97,Datasource_97,Datasource_97,Datasource_97,Datasource_97,Datasource_97,Datasource_97,Datasource_97,Datasource_97,Datasource_97,Datasource_97,Datasource_97,Datasource_97,Datasource_97,Datasource_97,Datasource_97,Datasource_97,Datasource_97,Datasource_97,Datasource_97,Datasource_97,Datasource_97,Datasource_97,Datasource_97,Datasource_97,Datasource_97,Datasource_97,Datasource_97,Datasource_97,Datasource_97,Datasource_97,Datasource_97,Datasource_97,Datasource_97,Datasource_97,Datasource_97,Datasource_97,Datasource_97,Datasource_97,Datasource_97,Datasource_97,Datasource_97,Datasource_97,Datasource_97,Datasource_97,Datasource_97,Datasource_97,Datasource_97,Datasource_97,Datasource_97,Datasource_97,Datasource_97,Datasource_97,Datasource_97,Datasource_97,Datasource_97,Datasource_97,Datasource_97,Datasource_97,Datasource_97,Datasource_97,Datasource_97,Datasource_97,Datasource_97,Datasource_97,Datasource_97,Datasource_97,Datasource_97,Datasource_97,Datasource_97,Datasource_97,Datasource_97,Datasource_97,Datasource_97,Datasource_97,Datasource_97,Datasource_97,Datasource_97,Datasource_97,Datasource_97,Datasource_97,Datasource_97,Datasource_97,Datasource_97,Datasource_97,Datasource_97,Datasource_97,Datasource_97,Datasource_97,Datasource_97,Datasource_97,Datasource_97,Datasource_97,Datasource_97,Datasource_97,Datasource_97,Datasource_97,Datasource_97,Datasource_97,Datasource_97,Datasource_97,Datasource_97,Datasource_97,Datasource_97,Datasource_97,Datasource_97,Datasource_97,Datasource_97,Datasource_97,Datasource_97,Datasource_97,Datasource_97,Datasource_97,Datasource_97,Datasource_97,Datasource_97,Datasource_97,Datasource_97,Datasource_97,Datasource_97,Datasource_97,Datasource_97,Datasource_97,Datasource_97,Datasource_97,Datasource_97,Datasource_97,Datasource_97,Datasource_97,Datasource_97,Datasource_97,Datasource_97,Datasource_97,Datasource_97,Datasource_97,Datasource_97,Datasource_97,Gmetad_124,Datasource_97,Datasource_97,Gmetad_124,Datasource_97,Datasource_97,Datasource_97,Datasource_97,Datasource_97,Datasource_97,Datasource_97,Datasource_97,Datasource_97,Datasource_97,Datasource_97,Datasource_97,Datasource_97,Datasource_97,Datasource_97,Datasource_97,Datasource_97,Datasource_97,Datasource_97,Datasource_97,Datasource_97,Datasource_97,Datasource_97,Datasource_97,Datasource_97,Datasource_97,Datasource_97,Datasource_97,Datasource_97,Datasource_97,Datasource_97,Datasource_97,Datasource_97,Datasource_97,Datasource_97,Datasource_97,Datasource_97,Datasource_97,Datasource_97,Datasource_97,Datasource_97,Datasource_97,Datasource_97,Datasource_97,Datasource_97,Datasource_97,Datasource_97,Datasource_97,Gmetad_124,Datasource_97,Datasource_97,Datasource_97,Datasource_97,Datasource_97]","[none_348,none_348,none_348,none_348,none_348,none_348,none_348,none_348,none_348,none_348,none_348,none_348,none_348,none_348,none_348,none_348,none_348,none_348,none_348,none_348,none_348,none_348,none_348,none_348,none_348,none_348,none_348,none_348,none_348,none_348,none_348,none_348,none_348,none_348,none_348,none_348,none_348,none_348,none_348,none_348,none_348,none_348,none_348,none_348,none_348,none_348,none_348,none_348,none_348,none_348,none_348,none_348,none_348,none_348,none_348,none_348,none_348,none_348,none_348,none_348,none_348,none_348,none_348,none_348,none_348,none_348,none_348,none_348,none_348,none_348,none_348,none_348,none_348,none_348,none_348,none_348,none_348,none_348,none_348,none_348,none_348,none_348,none_348,none_348,none_348,none_348,none_348,none_348,none_348,none_348,none_348,none_348,none_348,none_348,none_348,none_348,none_348,none_348,none_348,none_348,none_348,none_348,none_348,none_348,none_348,none_348,none_348,none_348,none_348,none_348,none_348,none_348,none_348,none_348,none_348,none_348,none_348,none_348,none_348,none_348,none_348,none_348,none_348,none_348,none_348,none_348,none_348,none_348,none_348,none_348,none_348,none_348,none_348,none_348,none_348,none_348,none_348,none_348,none_348,none_348,none_348,none_348,none_348,none_348,none_348,none_348,none_348,none_348,none_348,none_348,none_348,none_348,none_348,none_348,none_348,none_348,none_348,none_348,none_348,none_348,none_348,none_348,none_348,none_348,none_348,none_348,none_348,none_348,none_348,none_348,none_348,none_348,none_348,none_348,none_348,none_348,none_348,none_348,none_348,none_348,none_348,none_348,none_348,none_348,none_348,none_348,none_348,none_348,none_348,none_348,none_348,none_348,none_348,none_348,none_348,none_348,none_348,none_348,Terminate_409,none_348,none_348,Receive_413,none_348,none_348,none_348,none_348,none_348,none_348,none_348,none_348,none_348,none_348,none_348,none_348,none_348,none_348,none_348,none_348,none_348,none_348,none_348,none_348,none_348,none_348,none_348,none_348,none_348,none_348,none_348,none_348,none_348,none_348,none_348,none_348,none_348,none_348,none_348,none_348,none_348,none_348,none_348,none_348,none_348,none_348,none_348,none_348,none_348,none_348,none_348,none_348,Terminate_409,none_348,none_348,none_348,none_348,none_348]","[no answer_590,no answer_590,no answer_590,no answer_590,no answer_590,no answer_590,no answer_590,no answer_590,no answer_590,no answer_590,no answer_590,no answer_590,no answer_590,no answer_590,no answer_590,no answer_590,no answer_590,no answer_590,no answer_590,no answer_590,no answer_590,no answer_590,no answer_590,no answer_590,no answer_590,no answer_590,no answer_590,no answer_590,no answer_590,no answer_590,no answer_590,no answer_590,no answer_590,no answer_590,no answer_590,no answer_590,no answer_590,no answer_590,no answer_590,no answer_590,no answer_590,no answer_590,no answer_590,no answer_590,no answer_590,no answer_590,no answer_590,no answer_590,no answer_590,no answer_590,no answer_590,no answer_590,no answer_590,no answer_590,no answer_590,no answer_590,no answer_590,no answer_590,no answer_590,no answer_590,no answer_590,no answer_590,no answer_590,no answer_590,no answer_590,no answer_590,no answer_590,no answer_590,no answer_590,no answer_590,no answer_590,no answer_590,no answer_590,no answer_590,no answer_590,no answer_590,no answer_590,no answer_590,no answer_590,no answer_590,no answer_590,no answer_590,no answer_590,no answer_590,no answer_590,no answer_590,no answer_590,no answer_590,no answer_590,no answer_590,no answer_590,no answer_590,no answer_590,no answer_590,no answer_590,no answer_590,no answer_590,no answer_590,no answer_590,no answer_590,no answer_590,no answer_590,no answer_590,no answer_590,no answer_590,no answer_590,no answer_590,no answer_590,no answer_590,no answer_590,no answer_590,no answer_590,no answer_590,no answer_590,no answer_590,no answer_590,no answer_590,no answer_590,no answer_590,no answer_590,no answer_590,no answer_590,no answer_590,no answer_590,no answer_590,no answer_590,no answer_590,no answer_590,no answer_590,no answer_590,no answer_590,no answer_590,no answer_590,no answer_590,no answer_590,no answer_590,no answer_590,no answer_590,no answer_590,no answer_590,no answer_590,no answer_590,no answer_590,no answer_590,no answer_590,no answer_590,no answer_590,no answer_590,no answer_590,no answer_590,no answer_590,no answer_590,no answer_590,no answer_590,no answer_590,no answer_590,no answer_590,no answer_590,no answer_590,no answer_590,no answer_590,no answer_590,no answer_590,no answer_590,no answer_590,no answer_590,no answer_590,no answer_590,no answer_590,no answer_590,no answer_590,no answer_590,no answer_590,no answer_590,no answer_590,no answer_590,no answer_590,no answer_590,no answer_590,no answer_590,no answer_590,no answer_590,no answer_590,no answer_590,no answer_590,no answer_590,no answer_590,no answer_590,no answer_590,no answer_590,no answer_590,no answer_590,no answer_590,no answer_590,no answer_590,no answer_590,no answer_590,no answer_590,error_667,no answer_590,no answer_590,illegal_671,no answer_590,no answer_590,no answer_590,no answer_590,no answer_590,no answer_590,no answer_590,no answer_590,no answer_590,no answer_590,no answer_590,no answer_590,no answer_590,no answer_590,no answer_590,no answer_590,no answer_590,no answer_590,no answer_590,no answer_590,no answer_590,no answer_590,no answer_590,no answer_590,no answer_590,no answer_590,no answer_590,no answer_590,no answer_590,no answer_590,no answer_590,no answer_590,no answer_590,no answer_590,no answer_590,no answer_590,no answer_590,no answer_590,no answer_590,no answer_590,no answer_590,no answer_590,no answer_590,no answer_590,no answer_590,no answer_590,no answer_590,no answer_590,error_667,no answer_590,no answer_590,no answer_590,no answer_590,no answer_590]"
450,45743,"['10', '2', '9', '2', '10', '2', '9', '2', '10', '2', '9', '2', '10', '2']","[ServerAdministrator_72,Snmpd_226,ServerAdministrator_72,Snmpd_226,ServerAdministrator_72,Snmpd_226,ServerAdministrator_72,Snmpd_226,ServerAdministrator_72,Snmpd_226,ServerAdministrator_72,Snmpd_226,ServerAdministrator_72,Snmpd_226]","[ReturningTo_290,Receiving_748,Initialize_291,Receiving_748,ReturningTo_290,Receiving_748,Initialize_291,Receiving_748,ReturningTo_290,Receiving_748,Initialize_291,Receiving_748,ReturningTo_290,Receiving_748]","[normal_525,none_1082,none_526,none_1082,normal_525,none_1082,none_526,none_1082,normal_525,none_1082,none_526,none_1082,normal_525,none_1082]"
451,68145,"['9', '4', '1', '8', '2', '10', '2']","[ServerAdministrator_72,User_80,User_80,Crond_94,Snmpd_226,ServerAdministrator_72,Snmpd_226]","[Initialize_291,Register_307,Opened_309,Register_340,Receiving_748,ReturningTo_290,Receiving_748]","[none_526,none_543,none_545,none_582,none_1082,normal_525,none_1082]"
452,90496,"['9', '2', '10', '2', '9', '2']","[ServerAdministrator_72,Snmpd_226,ServerAdministrator_72,Snmpd_226,ServerAdministrator_72,Snmpd_226]","[Initialize_291,Receiving_748,ReturningTo_290,Receiving_748,Initialize_291,Receiving_748]","[none_526,none_1082,normal_525,none_1082,none_526,none_1082]"
453,25933,"['9', '2', '10', '2', '9', '2', '10', '2']","[ServerAdministrator_72,Snmpd_226,ServerAdministrator_72,Snmpd_226,ServerAdministrator_72,Snmpd_226,ServerAdministrator_72,Snmpd_226]","[Initialize_291,Receiving_748,ReturningTo_290,Receiving_748,Initialize_291,Receiving_748,ReturningTo_290,Receiving_748]","[none_526,none_1082,normal_525,none_1082,none_526,none_1082,normal_525,none_1082]"
454,25377,"['1', '5', '9', '2', '10', '2', '9', '2', '10', '2', '9', '2', '10', '2', '9', '2', '10', '2']","[User_80,Sshd_228,ServerAdministrator_72,Snmpd_226,ServerAdministrator_72,Snmpd_226,ServerAdministrator_72,Snmpd_226,ServerAdministrator_72,Snmpd_226,ServerAdministrator_72,Snmpd_226,ServerAdministrator_72,Snmpd_226,ServerAdministrator_72,Snmpd_226,ServerAdministrator_72,Snmpd_226]","[Opened_309,Connecting_786,Initialize_291,Receiving_748,ReturningTo_290,Receiving_748,Initialize_291,Receiving_748,ReturningTo_290,Receiving_748,Initialize_291,Receiving_748,ReturningTo_290,Receiving_748,Initialize_291,Receiving_748,ReturningTo_290,Receiving_748]","[none_545,none_1134,none_526,none_1082,normal_525,none_1082,none_526,none_1082,normal_525,none_1082,none_526,none_1082,normal_525,none_1082,none_526,none_1082,normal_525,none_1082]"
455,51033,"['10', '2', '9', '2', '10', '2', '9', '2', '10', '2', '9', '2']","[ServerAdministrator_72,Snmpd_226,ServerAdministrator_72,Snmpd_226,ServerAdministrator_72,Snmpd_226,ServerAdministrator_72,Snmpd_226,ServerAdministrator_72,Snmpd_226,ServerAdministrator_72,Snmpd_226]","[ReturningTo_290,Receiving_748,Initialize_291,Receiving_748,ReturningTo_290,Receiving_748,Initialize_291,Receiving_748,ReturningTo_290,Receiving_748,Initialize_291,Receiving_748]","[normal_525,none_1082,none_526,none_1082,normal_525,none_1082,none_526,none_1082,normal_525,none_1082,none_526,none_1082]"
456,44860,"['10', '2', '9', '2']","[ServerAdministrator_72,Snmpd_226,ServerAdministrator_72,Snmpd_226]","[ReturningTo_290,Receiving_748,Initialize_291,Receiving_748]","[normal_525,none_1082,none_526,none_1082]"
457,75896,"['10', '2', '9', '2', '10', '2', '9', '2']","[ServerAdministrator_72,Snmpd_226,ServerAdministrator_72,Snmpd_226,ServerAdministrator_72,Snmpd_226,ServerAdministrator_72,Snmpd_226]","[ReturningTo_290,Receiving_748,Initialize_291,Receiving_748,ReturningTo_290,Receiving_748,Initialize_291,Receiving_748]","[normal_525,none_1082,none_526,none_1082,normal_525,none_1082,none_526,none_1082]"
458,98950,"['3', '3', '3', '3', '3', '3', '3', '3', '3', '3', '3', '3', '3', '3', '3', '3', '3', '3', '3', '3', '3', '3', '3', '3', '3', '3', '3', '3', '3', '3', '3', '3', '3', '3', '3', '3', '3', '3', '3', '3', '3', '3', '3', '3', '3', '3', '3', '3', '3', '3', '3', '3', '3', '3', '3', '3', '3', '3', '3', '3', '3', '3', '3', '3', '3', '3', '3', '3', '3', '3', '3', '3', '3', '3', '3', '3', '3', '3', '3', '3', '3', '3', '3', '3', '3', '3', '3', '3', '3', '3', '3', '3', '3', '3', '3', '3', '3', '3', '3', '3', '3', '3', '3', '3', '3', '3', '3', '3', '3', '3', '3', '3', '3', '3', '3', '3', '3', '3', '3', '3', '3', '3', '3', '3', '3', '3', '3', '3', '3', '3', '3', '3', '3', '3', '3', '3', '3', '3', '3', '3', '3', '3', '3', '3', '3', '3', '3', '3', '3', '3', '3', '3', '3', '3', '3', '3', '3', '3', '3', '3', '3', '3', '3', '3', '3', '3', '3', '3', '3', '3', '3', '3', '3', '3', '3', '3', '3', '3', '3', '3', '3', '3', '3', '3', '3', '3', '3', '3', '3', '3', '3', '3', '3', '3', '3', '3', '3', '3', '3', '3', '3', '3', '3', '3', '3', '3', '3', '3', '3', '3', '3', '3', '3', '3', '3', '3', '3', '3', '3', '3', '3', '3', '3', '3', '3', '3', '3', '3', '3', '3', '3', '3', '3', '3', '3', '3', '3', '3', '3', '3', '3', '3', '3', '3', '3', '3', '3', '3', '3', '3', '3', '3', '3', '3', '3', '3']","[Datasource_97,Datasource_97,Datasource_97,Datasource_97,Datasource_97,Datasource_97,Datasource_97,Datasource_97,Datasource_97,Datasource_97,Datasource_97,Datasource_97,Datasource_97,Datasource_97,Datasource_97,Datasource_97,Datasource_97,Datasource_97,Datasource_97,Datasource_97,Datasource_97,Datasource_97,Datasource_97,Datasource_97,Datasource_97,Datasource_97,Datasource_97,Datasource_97,Datasource_97,Datasource_97,Datasource_97,Datasource_97,Datasource_97,Datasource_97,Datasource_97,Datasource_97,Datasource_97,Datasource_97,Datasource_97,Datasource_97,Datasource_97,Datasource_97,Datasource_97,Datasource_97,Datasource_97,Datasource_97,Datasource_97,Datasource_97,Datasource_97,Datasource_97,Datasource_97,Datasource_97,Datasource_97,Datasource_97,Datasource_97,Datasource_97,Datasource_97,Datasource_97,Datasource_97,Datasource_97,Datasource_97,Datasource_97,Datasource_97,Datasource_97,Datasource_97,Datasource_97,Datasource_97,Datasource_97,Datasource_97,Datasource_97,Datasource_97,Datasource_97,Datasource_97,Datasource_97,Datasource_97,Datasource_97,Datasource_97,Datasource_97,Datasource_97,Datasource_97,Datasource_97,Datasource_97,Datasource_97,Datasource_97,Datasource_97,Datasource_97,Datasource_97,Datasource_97,Datasource_97,Datasource_97,Datasource_97,Datasource_97,Datasource_97,Datasource_97,Datasource_97,Datasource_97,Datasource_97,Datasource_97,Datasource_97,Datasource_97,Datasource_97,Datasource_97,Datasource_97,Datasource_97,Datasource_97,Datasource_97,Datasource_97,Datasource_97,Datasource_97,Datasource_97,Datasource_97,Datasource_97,Datasource_97,Datasource_97,Datasource_97,Datasource_97,Datasource_97,Datasource_97,Datasource_97,Datasource_97,Datasource_97,Datasource_97,Datasource_97,Datasource_97,Datasource_97,Datasource_97,Datasource_97,Datasource_97,Datasource_97,Datasource_97,Datasource_97,Datasource_97,Datasource_97,Datasource_97,Datasource_97,Datasource_97,Datasource_97,Datasource_97,Datasource_97,Datasource_97,Datasource_97,Datasource_97,Datasource_97,Datasource_97,Datasource_97,Datasource_97,Datasource_97,Datasource_97,Datasource_97,Datasource_97,Datasource_97,Datasource_97,Datasource_97,Datasource_97,Datasource_97,Datasource_97,Datasource_97,Datasource_97,Datasource_97,Datasource_97,Datasource_97,Datasource_97,Datasource_97,Datasource_97,Datasource_97,Datasource_97,Datasource_97,Datasource_97,Datasource_97,Datasource_97,Datasource_97,Datasource_97,Datasource_97,Datasource_97,Datasource_97,Datasource_97,Datasource_97,Datasource_97,Datasource_97,Datasource_97,Datasource_97,Datasource_97,Datasource_97,Datasource_97,Datasource_97,Datasource_97,Datasource_97,Datasource_97,Datasource_97,Datasource_97,Datasource_97,Datasource_97,Datasource_97,Datasource_97,Datasource_97,Datasource_97,Datasource_97,Datasource_97,Datasource_97,Datasource_97,Datasource_97,Datasource_97,Datasource_97,Datasource_97,Datasource_97,Datasource_97,Datasource_97,Datasource_97,Datasource_97,Datasource_97,Datasource_97,Datasource_97,Datasource_97,Datasource_97,Datasource_97,Datasource_97,Datasource_97,Datasource_97,Datasource_97,Datasource_97,Datasource_97,Datasource_97,Datasource_97,Datasource_97,Datasource_97,Datasource_97,Datasource_97,Datasource_97,Datasource_97,Datasource_97,Datasource_97,Datasource_97,Datasource_97,Datasource_97,Datasource_97,Datasource_97,Datasource_97,Datasource_97,Datasource_97,Datasource_97,Datasource_97,Datasource_97,Datasource_97,Datasource_97,Datasource_97,Datasource_97,Datasource_97,Datasource_97,Datasource_97,Datasource_97,Datasource_97,Datasource_97,Datasource_97,Datasource_97,Datasource_97,Datasource_97]","[none_348,none_348,none_348,none_348,none_348,none_348,none_348,none_348,none_348,none_348,none_348,none_348,none_348,none_348,none_348,none_348,none_348,none_348,none_348,none_348,none_348,none_348,none_348,none_348,none_348,none_348,none_348,none_348,none_348,none_348,none_348,none_348,none_348,none_348,none_348,none_348,none_348,none_348,none_348,none_348,none_348,none_348,none_348,none_348,none_348,none_348,none_348,none_348,none_348,none_348,none_348,none_348,none_348,none_348,none_348,none_348,none_348,none_348,none_348,none_348,none_348,none_348,none_348,none_348,none_348,none_348,none_348,none_348,none_348,none_348,none_348,none_348,none_348,none_348,none_348,none_348,none_348,none_348,none_348,none_348,none_348,none_348,none_348,none_348,none_348,none_348,none_348,none_348,none_348,none_348,none_348,none_348,none_348,none_348,none_348,none_348,none_348,none_348,none_348,none_348,none_348,none_348,none_348,none_348,none_348,none_348,none_348,none_348,none_348,none_348,none_348,none_348,none_348,none_348,none_348,none_348,none_348,none_348,none_348,none_348,none_348,none_348,none_348,none_348,none_348,none_348,none_348,none_348,none_348,none_348,none_348,none_348,none_348,none_348,none_348,none_348,none_348,none_348,none_348,none_348,none_348,none_348,none_348,none_348,none_348,none_348,none_348,none_348,none_348,none_348,none_348,none_348,none_348,none_348,none_348,none_348,none_348,none_348,none_348,none_348,none_348,none_348,none_348,none_348,none_348,none_348,none_348,none_348,none_348,none_348,none_348,none_348,none_348,none_348,none_348,none_348,none_348,none_348,none_348,none_348,none_348,none_348,none_348,none_348,none_348,none_348,none_348,none_348,none_348,none_348,none_348,none_348,none_348,none_348,none_348,none_348,none_348,none_348,none_348,none_348,none_348,none_348,none_348,none_348,none_348,none_348,none_348,none_348,none_348,none_348,none_348,none_348,none_348,none_348,none_348,none_348,none_348,none_348,none_348,none_348,none_348,none_348,none_348,none_348,none_348,none_348,none_348,none_348,none_348,none_348,none_348,none_348,none_348,none_348,none_348,none_348,none_348,none_348,none_348,none_348,none_348,none_348,none_348,none_348,none_348,none_348,none_348,none_348,none_348,none_348,none_348,none_348,none_348,none_348,none_348,none_348]","[no answer_590,no answer_590,no answer_590,no answer_590,no answer_590,no answer_590,no answer_590,no answer_590,no answer_590,no answer_590,no answer_590,no answer_590,no answer_590,no answer_590,no answer_590,no answer_590,no answer_590,no answer_590,no answer_590,no answer_590,no answer_590,no answer_590,no answer_590,no answer_590,no answer_590,no answer_590,no answer_590,no answer_590,no answer_590,no answer_590,no answer_590,no answer_590,no answer_590,no answer_590,no answer_590,no answer_590,no answer_590,no answer_590,no answer_590,no answer_590,no answer_590,no answer_590,no answer_590,no answer_590,no answer_590,no answer_590,no answer_590,no answer_590,no answer_590,no answer_590,no answer_590,no answer_590,no answer_590,no answer_590,no answer_590,no answer_590,no answer_590,no answer_590,no answer_590,no answer_590,no answer_590,no answer_590,no answer_590,no answer_590,no answer_590,no answer_590,no answer_590,no answer_590,no answer_590,no answer_590,no answer_590,no answer_590,no answer_590,no answer_590,no answer_590,no answer_590,no answer_590,no answer_590,no answer_590,no answer_590,no answer_590,no answer_590,no answer_590,no answer_590,no answer_590,no answer_590,no answer_590,no answer_590,no answer_590,no answer_590,no answer_590,no answer_590,no answer_590,no answer_590,no answer_590,no answer_590,no answer_590,no answer_590,no answer_590,no answer_590,no answer_590,no answer_590,no answer_590,no answer_590,no answer_590,no answer_590,no answer_590,no answer_590,no answer_590,no answer_590,no answer_590,no answer_590,no answer_590,no answer_590,no answer_590,no answer_590,no answer_590,no answer_590,no answer_590,no answer_590,no answer_590,no answer_590,no answer_590,no answer_590,no answer_590,no answer_590,no answer_590,no answer_590,no answer_590,no answer_590,no answer_590,no answer_590,no answer_590,no answer_590,no answer_590,no answer_590,no answer_590,no answer_590,no answer_590,no answer_590,no answer_590,no answer_590,no answer_590,no answer_590,no answer_590,no answer_590,no answer_590,no answer_590,no answer_590,no answer_590,no answer_590,no answer_590,no answer_590,no answer_590,no answer_590,no answer_590,no answer_590,no answer_590,no answer_590,no answer_590,no answer_590,no answer_590,no answer_590,no answer_590,no answer_590,no answer_590,no answer_590,no answer_590,no answer_590,no answer_590,no answer_590,no answer_590,no answer_590,no answer_590,no answer_590,no answer_590,no answer_590,no answer_590,no answer_590,no answer_590,no answer_590,no answer_590,no answer_590,no answer_590,no answer_590,no answer_590,no answer_590,no answer_590,no answer_590,no answer_590,no answer_590,no answer_590,no answer_590,no answer_590,no answer_590,no answer_590,no answer_590,no answer_590,no answer_590,no answer_590,no answer_590,no answer_590,no answer_590,no answer_590,no answer_590,no answer_590,no answer_590,no answer_590,no answer_590,no answer_590,no answer_590,no answer_590,no answer_590,no answer_590,no answer_590,no answer_590,no answer_590,no answer_590,no answer_590,no answer_590,no answer_590,no answer_590,no answer_590,no answer_590,no answer_590,no answer_590,no answer_590,no answer_590,no answer_590,no answer_590,no answer_590,no answer_590,no answer_590,no answer_590,no answer_590,no answer_590,no answer_590,no answer_590,no answer_590,no answer_590,no answer_590,no answer_590,no answer_590,no answer_590,no answer_590,no answer_590,no answer_590,no answer_590,no answer_590,no answer_590,no answer_590,no answer_590,no answer_590,no answer_590,no answer_590,no answer_590]"
459,68713,"['122', '122', '31', '31', '102', '111', '31', '31', '176', '106', '122', '295', '31', '31', '173', '298', '31', '31', '177', '167', '187', '31', '168', '168', '34', '31', '31', '312', '190']","[-term_0,-term_0,Shutdown_40,Shutdown_40,Gmond_125,Kernel_43,Shutdown_40,Shutdown_40,Smartd_225,Snmpd_226,-term_0,Sshd_228,Shutdown_40,Shutdown_40,Snmpd_226,Xinetd_256,Shutdown_40,Shutdown_40,Filesystems_115,Ntpd_178,Ntpd_178,Shutdown_40,Kernel_43,Kernel_43,Shutdown_40,Shutdown_40,Shutdown_40,Signal_25,none_264]","[Succeeded_0,Succeeded_0,Configuring_68,Configuring_68,none_415,Segfault_81,Configuring_68,Configuring_68,none_731,Disconnected_744,Succeeded_0,Terminating_785,Configuring_68,Configuring_68,ShuttingDown_751,Exiting_839,Configuring_68,Configuring_68,Create_392,Shutdown_597,Exiting_598,Configuring_68,none_72,none_72,Configuring_68,Configuring_68,Configuring_68,Un-registeringAndExiting_51,Register_849]","[none_0,none_0,none_89,none_89,succeeded_673,error_211,none_89,none_89,failed_1063,none_1077,none_0,none_1133,none_89,none_89,none_1085,none_1195,none_89,none_89,none_646,none_908,none_909,none_89,none_94,none_94,none_88,none_89,none_89,none_71,signal_1205]"
460,69285,"['9', '2', '10', '2', '9', '2']","[ServerAdministrator_72,Snmpd_226,ServerAdministrator_72,Snmpd_226,ServerAdministrator_72,Snmpd_226]","[Initialize_291,Receiving_748,ReturningTo_290,Receiving_748,Initialize_291,Receiving_748]","[none_526,none_1082,normal_525,none_1082,none_526,none_1082]"
461,84506,"['4', '45', '46', '42', '40', '48', '40', '40', '48', '40', '40', '48']","[User_80,Sendmail_222,Sendmail_222,Sendmail_222,Dhcpd_106,Dhcpd_106,Dhcpd_106,Dhcpd_106,Dhcpd_106,Dhcpd_106,Dhcpd_106,Dhcpd_106]","[Register_307,SendingEmail_715,Start_709,UnableToQualifyDomainName_719,none_368,Dhcprequest_373,none_368,none_368,Dhcprequest_373,none_368,none_368,Dhcprequest_373]","[none_543,none_1044,deferred_1035,error_1048,no free leases_615,unknown_623,no free leases_615,no free leases_615,unknown_623,no free leases_615,no free leases_615,unknown_623]"
462,84585,"['40', '48', '40', '40', '48', '40', '40', '48']","[Dhcpd_106,Dhcpd_106,Dhcpd_106,Dhcpd_106,Dhcpd_106,Dhcpd_106,Dhcpd_106,Dhcpd_106]","[none_368,Dhcprequest_373,none_368,none_368,Dhcprequest_373,none_368,none_368,Dhcprequest_373]","[no free leases_615,unknown_623,no free leases_615,no free leases_615,unknown_623,no free leases_615,no free leases_615,unknown_623]"
463,17457,"['10', '2', '9', '2', '10', '2', '9', '2', '10', '2', '9', '2', '10', '2']","[ServerAdministrator_72,Snmpd_226,ServerAdministrator_72,Snmpd_226,ServerAdministrator_72,Snmpd_226,ServerAdministrator_72,Snmpd_226,ServerAdministrator_72,Snmpd_226,ServerAdministrator_72,Snmpd_226,ServerAdministrator_72,Snmpd_226]","[ReturningTo_290,Receiving_748,Initialize_291,Receiving_748,ReturningTo_290,Receiving_748,Initialize_291,Receiving_748,ReturningTo_290,Receiving_748,Initialize_291,Receiving_748,ReturningTo_290,Receiving_748]","[normal_525,none_1082,none_526,none_1082,normal_525,none_1082,none_526,none_1082,normal_525,none_1082,none_526,none_1082,normal_525,none_1082]"
464,76740,"['10', '2', '9', '2', '10', '2', '9', '2']","[ServerAdministrator_72,Snmpd_226,ServerAdministrator_72,Snmpd_226,ServerAdministrator_72,Snmpd_226,ServerAdministrator_72,Snmpd_226]","[ReturningTo_290,Receiving_748,Initialize_291,Receiving_748,ReturningTo_290,Receiving_748,Initialize_291,Receiving_748]","[normal_525,none_1082,none_526,none_1082,normal_525,none_1082,none_526,none_1082]"
465,91818,"['1', '8', '29', '4', '1', '8', '4', '45', '46', '42']","[User_80,Crond_94,Sendmail_222,User_80,User_80,Crond_94,User_80,Sendmail_222,Sendmail_222,Sendmail_222]","[Opened_309,Register_340,Retrying_704,Register_307,Opened_309,Register_340,Register_307,SendingEmail_715,Start_709,UnableToQualifyDomainName_719]","[none_545,none_582,unknown_1029,none_543,none_545,none_582,none_543,none_1044,deferred_1035,error_1048]"
466,71355,"['9', '2', '10', '2', '9', '2']","[ServerAdministrator_72,Snmpd_226,ServerAdministrator_72,Snmpd_226,ServerAdministrator_72,Snmpd_226]","[Initialize_291,Receiving_748,ReturningTo_290,Receiving_748,Initialize_291,Receiving_748]","[none_526,none_1082,normal_525,none_1082,none_526,none_1082]"
467,87430,"['9', '2', '10', '2', '9', '2', '10', '2', '9', '2', '10', '2', '9', '2', '10', '2']","[ServerAdministrator_72,Snmpd_226,ServerAdministrator_72,Snmpd_226,ServerAdministrator_72,Snmpd_226,ServerAdministrator_72,Snmpd_226,ServerAdministrator_72,Snmpd_226,ServerAdministrator_72,Snmpd_226,ServerAdministrator_72,Snmpd_226,ServerAdministrator_72,Snmpd_226]","[Initialize_291,Receiving_748,ReturningTo_290,Receiving_748,Initialize_291,Receiving_748,ReturningTo_290,Receiving_748,Initialize_291,Receiving_748,ReturningTo_290,Receiving_748,Initialize_291,Receiving_748,ReturningTo_290,Receiving_748]","[none_526,none_1082,normal_525,none_1082,none_526,none_1082,normal_525,none_1082,none_526,none_1082,normal_525,none_1082,none_526,none_1082,normal_525,none_1082]"
468,72613,"['4', '1', '8', '759']","[User_80,User_80,Crond_94,Device_102]","[Register_307,Opened_309,Register_340,none_356]","[none_543,none_545,none_582,No space left_601]"
469,22833,"['10', '2', '9', '2', '10', '2', '9', '2', '10', '2', '9', '2', '10', '2', '9', '2', '10', '2', '9', '2']","[ServerAdministrator_72,Snmpd_226,ServerAdministrator_72,Snmpd_226,ServerAdministrator_72,Snmpd_226,ServerAdministrator_72,Snmpd_226,ServerAdministrator_72,Snmpd_226,ServerAdministrator_72,Snmpd_226,ServerAdministrator_72,Snmpd_226,ServerAdministrator_72,Snmpd_226,ServerAdministrator_72,Snmpd_226,ServerAdministrator_72,Snmpd_226]","[ReturningTo_290,Receiving_748,Initialize_291,Receiving_748,ReturningTo_290,Receiving_748,Initialize_291,Receiving_748,ReturningTo_290,Receiving_748,Initialize_291,Receiving_748,ReturningTo_290,Receiving_748,Initialize_291,Receiving_748,ReturningTo_290,Receiving_748,Initialize_291,Receiving_748]","[normal_525,none_1082,none_526,none_1082,normal_525,none_1082,none_526,none_1082,normal_525,none_1082,none_526,none_1082,normal_525,none_1082,none_526,none_1082,normal_525,none_1082,none_526,none_1082]"
470,68959,"['4', '1', '8']","[User_80,User_80,Crond_94]","[Register_307,Opened_309,Register_340]","[none_543,none_545,none_582]"
471,72229,"['170', '367', '104', '303', '303', '161', '22', '22', '134', '162', '368', '304', '101', '34', '104', '104', '131', '131', '104', '304', '131', '104', '314', '302', '302', '161', '162', '305', '102', '102', '314', '131', '161', '369', '167', '180', '101', '180', '101', '101', '180', '101', '101', '101', '99', '22', '41', '41', '41', '196', '143', '61', '141', '142', '157', '131', '162', '305', '162', '370', '104', '161', '365', '366', '190']","[LogSource_153,Logger_154,Logger_154,Logger_154,Logger_154,Logger_154,Startup_230,Startup_230,Syslogd_235,Userhelper_250,Userhelper_250,Logger_154,Kernel_43,Shutdown_40,Logger_154,Logger_154,Logger_154,Logger_154,Logger_154,Logger_154,Logger_154,Logger_154,Logger_154,Logger_154,Logger_154,Logger_154,Userhelper_250,Userhelper_250,Gmond_125,Gmond_125,Logger_154,Logger_154,Logger_154,Logger_154,Ntpd_178,Kernel_43,Kernel_43,Kernel_43,Kernel_43,Kernel_43,Kernel_43,Kernel_43,Kernel_43,Kernel_43,none_260,Startup_230,Ntpd_178,Ntpd_178,Ntpd_178,Ntpd_178,Ntpd_178,Kernel_43,Ntpd_178,Ntpd_178,Ntpdate_179,Logger_154,Userhelper_250,Userhelper_250,Userhelper_250,Userhelper_250,Logger_154,Logger_154,Logger_154,Logger_154,none_264]","[Started_496,Apply_504,Handleeqeibevents_506,none_501,none_501,Setup_505,Succeeded_788,Succeeded_788,Restart_807,Updated_827,RunningWithRootPrivileges_825,none_501,Interface_83,Configuring_68,Handleeqeibevents_506,Handleeqeibevents_506,none_501,none_501,Handleeqeibevents_506,none_501,none_501,Handleeqeibevents_506,none_501,none_501,none_501,Setup_505,Updated_827,Running_826,none_415,none_415,none_501,none_501,Setup_505,Registered_502,Shutdown_597,DeniedRead_84,Interface_83,DeniedRead_84,Interface_83,Interface_83,DeniedRead_84,Interface_83,Interface_83,Interface_83,none_845,Succeeded_788,Changed_601,Changed_601,Changed_601,Configure_599,Configure_599,TimeSync_120,none_596,none_596,Step_604,none_501,Updated_827,Running_826,Updated_827,Running_826,Handleeqeibevents_506,Setup_505,none_501,Releasing_500,Register_849]","[none_767,none_780,none_782,none_775,none_775,none_781,none_1136,none_1136,none_1161,none_1182,none_1179,none_773,none_213,none_88,none_782,none_782,none_777,none_777,none_782,none_773,none_777,none_782,none_772,none_774,none_774,none_781,none_1182,none_1181,succeeded_673,succeeded_673,none_772,none_777,none_781,none_778,none_908,none_214,none_213,none_214,none_213,none_213,none_214,none_213,none_213,none_213,successful_1201,none_1136,none_913,none_913,none_913,ignored_910,none_911,none_286,none_906,none_905,none_916,none_777,none_1182,none_1181,none_1182,none_1180,none_782,none_781,none_776,finished_771,signal_1205]"
472,50366,"['10', '2', '9', '2', '10', '2', '9', '2', '10', '2', '9', '2']","[ServerAdministrator_72,Snmpd_226,ServerAdministrator_72,Snmpd_226,ServerAdministrator_72,Snmpd_226,ServerAdministrator_72,Snmpd_226,ServerAdministrator_72,Snmpd_226,ServerAdministrator_72,Snmpd_226]","[ReturningTo_290,Receiving_748,Initialize_291,Receiving_748,ReturningTo_290,Receiving_748,Initialize_291,Receiving_748,ReturningTo_290,Receiving_748,Initialize_291,Receiving_748]","[normal_525,none_1082,none_526,none_1082,normal_525,none_1082,none_526,none_1082,normal_525,none_1082,none_526,none_1082]"
473,98934,"['3', '3', '3', '3', '3', '3', '3', '3', '3', '3', '3', '3', '3', '3', '3', '3', '3', '3', '3', '3', '3', '3', '3', '3', '3', '3', '3', '3', '3', '3', '3', '3', '3', '3', '3', '3', '3', '3', '3', '3', '3', '3', '3', '3', '3', '3', '3', '3', '3', '3', '3', '3', '3', '3', '3', '3', '3', '3', '3', '3', '3', '3', '3', '3', '3', '3', '3', '3', '3', '3', '3', '3', '313', '3', '3', '3', '3', '3', '3', '3', '3', '3', '3', '3', '3', '3', '3', '3', '3', '3', '3', '3', '3', '3', '3', '3', '3', '3', '3', '3', '3', '3', '3', '4', '280', '280', '530', '290', '278', '390', '278', '3', '3', '3', '390', '556', '3', '3', '3', '3', '3', '3', '3', '3', '3', '3', '3', '3', '313', '3', '3', '3', '3', '3', '3', '3', '3', '3', '3', '3', '3', '3', '3', '3', '3', '3', '3', '3', '3', '3', '3', '3', '3', '313', '3', '3', '3', '3', '3', '3', '3', '3', '3', '3', '3', '3', '3', '3', '3', '3', '3', '3', '36', '36', '3', '3', '3', '3', '3', '3', '3', '3', '3', '3', '3', '3', '3', '3', '3', '3', '3', '3', '3', '3', '3', '3', '3', '3', '3', '3', '3', '3', '3', '3', '3', '3', '3', '3', '3', '3', '3', '3', '3', '3', '3', '3', '3', '3', '3', '3', '3', '3', '3', '3', '3', '3', '3', '3', '3', '3', '3', '3', '3', '3', '3', '3', '3', '3', '3', '3', '3', '3', '3', '3', '3', '3', '3', '3', '3', '3', '3', '3', '3', '3', '3', '3']","[Datasource_97,Datasource_97,Datasource_97,Datasource_97,Datasource_97,Datasource_97,Datasource_97,Datasource_97,Datasource_97,Datasource_97,Datasource_97,Datasource_97,Datasource_97,Datasource_97,Datasource_97,Datasource_97,Datasource_97,Datasource_97,Datasource_97,Datasource_97,Datasource_97,Datasource_97,Datasource_97,Datasource_97,Datasource_97,Datasource_97,Datasource_97,Datasource_97,Datasource_97,Datasource_97,Datasource_97,Datasource_97,Datasource_97,Datasource_97,Datasource_97,Datasource_97,Datasource_97,Datasource_97,Datasource_97,Datasource_97,Datasource_97,Datasource_97,Datasource_97,Datasource_97,Datasource_97,Datasource_97,Datasource_97,Datasource_97,Datasource_97,Datasource_97,Datasource_97,Datasource_97,Datasource_97,Datasource_97,Datasource_97,Datasource_97,Datasource_97,Datasource_97,Datasource_97,Datasource_97,Datasource_97,Datasource_97,Datasource_97,Datasource_97,Datasource_97,Datasource_97,Datasource_97,Datasource_97,Datasource_97,Datasource_97,Datasource_97,Datasource_97,Gmetad_124,Datasource_97,Datasource_97,Datasource_97,Datasource_97,Datasource_97,Datasource_97,Datasource_97,Datasource_97,Datasource_97,Datasource_97,Datasource_97,Datasource_97,Datasource_97,Datasource_97,Datasource_97,Datasource_97,Datasource_97,Datasource_97,Datasource_97,Datasource_97,Datasource_97,Datasource_97,Datasource_97,Datasource_97,Datasource_97,Datasource_97,Datasource_97,Datasource_97,Datasource_97,Datasource_97,User_80,Postfix_193,Postfix_193,Tbird_238,Postfix/pickup_195,Postfix/qmgr_197,Postfix/qmgr_197,Postfix/qmgr_197,Datasource_97,Datasource_97,Datasource_97,Postfix/qmgr_197,Postfix/smtp_198,Datasource_97,Datasource_97,Datasource_97,Datasource_97,Datasource_97,Datasource_97,Datasource_97,Datasource_97,Datasource_97,Datasource_97,Datasource_97,Datasource_97,Gmetad_124,Datasource_97,Datasource_97,Datasource_97,Datasource_97,Datasource_97,Datasource_97,Datasource_97,Datasource_97,Datasource_97,Datasource_97,Datasource_97,Datasource_97,Datasource_97,Datasource_97,Datasource_97,Datasource_97,Datasource_97,Datasource_97,Datasource_97,Datasource_97,Datasource_97,Datasource_97,Datasource_97,Datasource_97,Gmetad_124,Datasource_97,Datasource_97,Datasource_97,Datasource_97,Datasource_97,Datasource_97,Datasource_97,Datasource_97,Datasource_97,Datasource_97,Datasource_97,Datasource_97,Datasource_97,Datasource_97,Datasource_97,Datasource_97,Datasource_97,Datasource_97,Dhcpd_106,Dhcpd_106,Datasource_97,Datasource_97,Datasource_97,Datasource_97,Datasource_97,Datasource_97,Datasource_97,Datasource_97,Datasource_97,Datasource_97,Datasource_97,Datasource_97,Datasource_97,Datasource_97,Datasource_97,Datasource_97,Datasource_97,Datasource_97,Datasource_97,Datasource_97,Datasource_97,Datasource_97,Datasource_97,Datasource_97,Datasource_97,Datasource_97,Datasource_97,Datasource_97,Datasource_97,Datasource_97,Datasource_97,Datasource_97,Datasource_97,Datasource_97,Datasource_97,Datasource_97,Datasource_97,Datasource_97,Datasource_97,Datasource_97,Datasource_97,Datasource_97,Datasource_97,Datasource_97,Datasource_97,Datasource_97,Datasource_97,Datasource_97,Datasource_97,Datasource_97,Datasource_97,Datasource_97,Datasource_97,Datasource_97,Datasource_97,Datasource_97,Datasource_97,Datasource_97,Datasource_97,Datasource_97,Datasource_97,Datasource_97,Datasource_97,Datasource_97,Datasource_97,Datasource_97,Datasource_97,Datasource_97,Datasource_97,Datasource_97,Datasource_97,Datasource_97,Datasource_97,Datasource_97,Datasource_97,Datasource_97,Datasource_97,Datasource_97,Datasource_97,Datasource_97,Datasource_97,Datasource_97]","[none_348,none_348,none_348,none_348,none_348,none_348,none_348,none_348,none_348,none_348,none_348,none_348,none_348,none_348,none_348,none_348,none_348,none_348,none_348,none_348,none_348,none_348,none_348,none_348,none_348,none_348,none_348,none_348,none_348,none_348,none_348,none_348,none_348,none_348,none_348,none_348,none_348,none_348,none_348,none_348,none_348,none_348,none_348,none_348,none_348,none_348,none_348,none_348,none_348,none_348,none_348,none_348,none_348,none_348,none_348,none_348,none_348,none_348,none_348,none_348,none_348,none_348,none_348,none_348,none_348,none_348,none_348,none_348,none_348,none_348,none_348,none_348,Terminate_409,none_348,none_348,none_348,none_348,none_348,none_348,none_348,none_348,none_348,none_348,none_348,none_348,none_348,none_348,none_348,none_348,none_348,none_348,none_348,none_348,none_348,none_348,none_348,none_348,none_348,none_348,none_348,none_348,none_348,none_348,Register_307,none_636,none_636,Forwarded_811,none_642,none_649,Removed_647,none_649,none_348,none_348,none_348,Removed_647,Sending_655,none_348,none_348,none_348,none_348,none_348,none_348,none_348,none_348,none_348,none_348,none_348,none_348,Terminate_409,none_348,none_348,none_348,none_348,none_348,none_348,none_348,none_348,none_348,none_348,none_348,none_348,none_348,none_348,none_348,none_348,none_348,none_348,none_348,none_348,none_348,none_348,none_348,none_348,Terminate_409,none_348,none_348,none_348,none_348,none_348,none_348,none_348,none_348,none_348,none_348,none_348,none_348,none_348,none_348,none_348,none_348,none_348,none_348,none_368,none_368,none_348,none_348,none_348,none_348,none_348,none_348,none_348,none_348,none_348,none_348,none_348,none_348,none_348,none_348,none_348,none_348,none_348,none_348,none_348,none_348,none_348,none_348,none_348,none_348,none_348,none_348,none_348,none_348,none_348,none_348,none_348,none_348,none_348,none_348,none_348,none_348,none_348,none_348,none_348,none_348,none_348,none_348,none_348,none_348,none_348,none_348,none_348,none_348,none_348,none_348,none_348,none_348,none_348,none_348,none_348,none_348,none_348,none_348,none_348,none_348,none_348,none_348,none_348,none_348,none_348,none_348,none_348,none_348,none_348,none_348,none_348,none_348,none_348,none_348,none_348,none_348,none_348,none_348,none_348,none_348,none_348,none_348]","[no answer_590,no answer_590,no answer_590,no answer_590,no answer_590,no answer_590,no answer_590,no answer_590,no answer_590,no answer_590,no answer_590,no answer_590,no answer_590,no answer_590,no answer_590,no answer_590,no answer_590,no answer_590,no answer_590,no answer_590,no answer_590,no answer_590,no answer_590,no answer_590,no answer_590,no answer_590,no answer_590,no answer_590,no answer_590,no answer_590,no answer_590,no answer_590,no answer_590,no answer_590,no answer_590,no answer_590,no answer_590,no answer_590,no answer_590,no answer_590,no answer_590,no answer_590,no answer_590,no answer_590,no answer_590,no answer_590,no answer_590,no answer_590,no answer_590,no answer_590,no answer_590,no answer_590,no answer_590,no answer_590,no answer_590,no answer_590,no answer_590,no answer_590,no answer_590,no answer_590,no answer_590,no answer_590,no answer_590,no answer_590,no answer_590,no answer_590,no answer_590,no answer_590,no answer_590,no answer_590,no answer_590,no answer_590,error_667,no answer_590,no answer_590,no answer_590,no answer_590,no answer_590,no answer_590,no answer_590,no answer_590,no answer_590,no answer_590,no answer_590,no answer_590,no answer_590,no answer_590,no answer_590,no answer_590,no answer_590,no answer_590,no answer_590,no answer_590,no answer_590,no answer_590,no answer_590,no answer_590,no answer_590,no answer_590,no answer_590,no answer_590,no answer_590,no answer_590,none_543,none_954,none_954,sent_1165,none_960,active_969,none_966,active_969,no answer_590,no answer_590,no answer_590,none_966,sent_975,no answer_590,no answer_590,no answer_590,no answer_590,no answer_590,no answer_590,no answer_590,no answer_590,no answer_590,no answer_590,no answer_590,no answer_590,error_667,no answer_590,no answer_590,no answer_590,no answer_590,no answer_590,no answer_590,no answer_590,no answer_590,no answer_590,no answer_590,no answer_590,no answer_590,no answer_590,no answer_590,no answer_590,no answer_590,no answer_590,no answer_590,no answer_590,no answer_590,no answer_590,no answer_590,no answer_590,no answer_590,error_667,no answer_590,no answer_590,no answer_590,no answer_590,no answer_590,no answer_590,no answer_590,no answer_590,no answer_590,no answer_590,no answer_590,no answer_590,no answer_590,no answer_590,no answer_590,no answer_590,no answer_590,no answer_590,none_616,none_616,no answer_590,no answer_590,no answer_590,no answer_590,no answer_590,no answer_590,no answer_590,no answer_590,no answer_590,no answer_590,no answer_590,no answer_590,no answer_590,no answer_590,no answer_590,no answer_590,no answer_590,no answer_590,no answer_590,no answer_590,no answer_590,no answer_590,no answer_590,no answer_590,no answer_590,no answer_590,no answer_590,no answer_590,no answer_590,no answer_590,no answer_590,no answer_590,no answer_590,no answer_590,no answer_590,no answer_590,no answer_590,no answer_590,no answer_590,no answer_590,no answer_590,no answer_590,no answer_590,no answer_590,no answer_590,no answer_590,no answer_590,no answer_590,no answer_590,no answer_590,no answer_590,no answer_590,no answer_590,no answer_590,no answer_590,no answer_590,no answer_590,no answer_590,no answer_590,no answer_590,no answer_590,no answer_590,no answer_590,no answer_590,no answer_590,no answer_590,no answer_590,no answer_590,no answer_590,no answer_590,no answer_590,no answer_590,no answer_590,no answer_590,no answer_590,no answer_590,no answer_590,no answer_590,no answer_590,no answer_590,no answer_590,no answer_590]"
474,95270,"['9', '2', '10', '2']","[ServerAdministrator_72,Snmpd_226,ServerAdministrator_72,Snmpd_226]","[Initialize_291,Receiving_748,ReturningTo_290,Receiving_748]","[none_526,none_1082,normal_525,none_1082]"
475,29128,"['4', '1', '8']","[User_80,User_80,Crond_94]","[Register_307,Opened_309,Register_340]","[none_543,none_545,none_582]"
476,83993,"['9', '2', '10', '2']","[ServerAdministrator_72,Snmpd_226,ServerAdministrator_72,Snmpd_226]","[Initialize_291,Receiving_748,ReturningTo_290,Receiving_748]","[none_526,none_1082,normal_525,none_1082]"
477,98909,"['3', '3', '3', '3', '3', '3', '3', '3', '3', '3', '3', '3', '3', '3', '3', '3', '3', '3', '3', '3', '3', '3', '3', '3', '3', '3', '3', '3', '3', '3', '3', '3', '3', '3', '3', '3', '3', '3', '3', '3', '3', '3', '3', '3', '3', '3', '3', '3', '3', '3', '3', '3', '3', '3', '3', '3', '3', '3', '3', '3', '3', '3', '3', '3', '3', '3', '3', '3', '3', '3', '3', '3', '3', '3', '3', '3', '3', '3', '3', '3', '3', '3', '3', '3', '3', '3', '3', '3', '3', '3', '3', '3', '3', '3', '3', '3', '3', '3', '3', '3', '3', '3', '3', '3', '3', '3', '3', '3', '3', '3', '3', '3', '3', '3', '3', '3', '3', '3', '3', '3', '3', '3', '3', '3', '3', '3', '3', '3', '3', '3', '3', '3', '3', '3', '3', '3', '3', '3', '3', '3', '3', '3', '3', '3', '3', '3', '3', '3', '3', '3', '3', '3', '3', '3', '3', '3', '3', '3', '3', '3', '3', '3', '3', '3', '3', '3', '3', '3', '3', '3', '3', '3', '3', '3', '3', '3', '3', '3', '3', '3', '3', '3', '3', '3', '3', '3', '3', '3', '3', '3', '3', '3', '3', '3', '3', '3', '3', '3', '3', '3', '3', '3', '3', '3', '3', '3', '3', '3', '3', '3', '3', '3', '3', '3', '3', '3', '3', '3', '3', '3', '3', '3', '3', '3', '3', '3', '3', '3', '3', '3', '3', '3', '3', '3', '3', '3', '3', '3', '3', '3', '3', '3', '3', '3', '3', '3', '3', '3', '3', '3', '3', '3', '3', '3', '3', '3']","[Datasource_97,Datasource_97,Datasource_97,Datasource_97,Datasource_97,Datasource_97,Datasource_97,Datasource_97,Datasource_97,Datasource_97,Datasource_97,Datasource_97,Datasource_97,Datasource_97,Datasource_97,Datasource_97,Datasource_97,Datasource_97,Datasource_97,Datasource_97,Datasource_97,Datasource_97,Datasource_97,Datasource_97,Datasource_97,Datasource_97,Datasource_97,Datasource_97,Datasource_97,Datasource_97,Datasource_97,Datasource_97,Datasource_97,Datasource_97,Datasource_97,Datasource_97,Datasource_97,Datasource_97,Datasource_97,Datasource_97,Datasource_97,Datasource_97,Datasource_97,Datasource_97,Datasource_97,Datasource_97,Datasource_97,Datasource_97,Datasource_97,Datasource_97,Datasource_97,Datasource_97,Datasource_97,Datasource_97,Datasource_97,Datasource_97,Datasource_97,Datasource_97,Datasource_97,Datasource_97,Datasource_97,Datasource_97,Datasource_97,Datasource_97,Datasource_97,Datasource_97,Datasource_97,Datasource_97,Datasource_97,Datasource_97,Datasource_97,Datasource_97,Datasource_97,Datasource_97,Datasource_97,Datasource_97,Datasource_97,Datasource_97,Datasource_97,Datasource_97,Datasource_97,Datasource_97,Datasource_97,Datasource_97,Datasource_97,Datasource_97,Datasource_97,Datasource_97,Datasource_97,Datasource_97,Datasource_97,Datasource_97,Datasource_97,Datasource_97,Datasource_97,Datasource_97,Datasource_97,Datasource_97,Datasource_97,Datasource_97,Datasource_97,Datasource_97,Datasource_97,Datasource_97,Datasource_97,Datasource_97,Datasource_97,Datasource_97,Datasource_97,Datasource_97,Datasource_97,Datasource_97,Datasource_97,Datasource_97,Datasource_97,Datasource_97,Datasource_97,Datasource_97,Datasource_97,Datasource_97,Datasource_97,Datasource_97,Datasource_97,Datasource_97,Datasource_97,Datasource_97,Datasource_97,Datasource_97,Datasource_97,Datasource_97,Datasource_97,Datasource_97,Datasource_97,Datasource_97,Datasource_97,Datasource_97,Datasource_97,Datasource_97,Datasource_97,Datasource_97,Datasource_97,Datasource_97,Datasource_97,Datasource_97,Datasource_97,Datasource_97,Datasource_97,Datasource_97,Datasource_97,Datasource_97,Datasource_97,Datasource_97,Datasource_97,Datasource_97,Datasource_97,Datasource_97,Datasource_97,Datasource_97,Datasource_97,Datasource_97,Datasource_97,Datasource_97,Datasource_97,Datasource_97,Datasource_97,Datasource_97,Datasource_97,Datasource_97,Datasource_97,Datasource_97,Datasource_97,Datasource_97,Datasource_97,Datasource_97,Datasource_97,Datasource_97,Datasource_97,Datasource_97,Datasource_97,Datasource_97,Datasource_97,Datasource_97,Datasource_97,Datasource_97,Datasource_97,Datasource_97,Datasource_97,Datasource_97,Datasource_97,Datasource_97,Datasource_97,Datasource_97,Datasource_97,Datasource_97,Datasource_97,Datasource_97,Datasource_97,Datasource_97,Datasource_97,Datasource_97,Datasource_97,Datasource_97,Datasource_97,Datasource_97,Datasource_97,Datasource_97,Datasource_97,Datasource_97,Datasource_97,Datasource_97,Datasource_97,Datasource_97,Datasource_97,Datasource_97,Datasource_97,Datasource_97,Datasource_97,Datasource_97,Datasource_97,Datasource_97,Datasource_97,Datasource_97,Datasource_97,Datasource_97,Datasource_97,Datasource_97,Datasource_97,Datasource_97,Datasource_97,Datasource_97,Datasource_97,Datasource_97,Datasource_97,Datasource_97,Datasource_97,Datasource_97,Datasource_97,Datasource_97,Datasource_97,Datasource_97,Datasource_97,Datasource_97,Datasource_97,Datasource_97,Datasource_97,Datasource_97,Datasource_97,Datasource_97,Datasource_97,Datasource_97,Datasource_97,Datasource_97,Datasource_97,Datasource_97,Datasource_97,Datasource_97]","[none_348,none_348,none_348,none_348,none_348,none_348,none_348,none_348,none_348,none_348,none_348,none_348,none_348,none_348,none_348,none_348,none_348,none_348,none_348,none_348,none_348,none_348,none_348,none_348,none_348,none_348,none_348,none_348,none_348,none_348,none_348,none_348,none_348,none_348,none_348,none_348,none_348,none_348,none_348,none_348,none_348,none_348,none_348,none_348,none_348,none_348,none_348,none_348,none_348,none_348,none_348,none_348,none_348,none_348,none_348,none_348,none_348,none_348,none_348,none_348,none_348,none_348,none_348,none_348,none_348,none_348,none_348,none_348,none_348,none_348,none_348,none_348,none_348,none_348,none_348,none_348,none_348,none_348,none_348,none_348,none_348,none_348,none_348,none_348,none_348,none_348,none_348,none_348,none_348,none_348,none_348,none_348,none_348,none_348,none_348,none_348,none_348,none_348,none_348,none_348,none_348,none_348,none_348,none_348,none_348,none_348,none_348,none_348,none_348,none_348,none_348,none_348,none_348,none_348,none_348,none_348,none_348,none_348,none_348,none_348,none_348,none_348,none_348,none_348,none_348,none_348,none_348,none_348,none_348,none_348,none_348,none_348,none_348,none_348,none_348,none_348,none_348,none_348,none_348,none_348,none_348,none_348,none_348,none_348,none_348,none_348,none_348,none_348,none_348,none_348,none_348,none_348,none_348,none_348,none_348,none_348,none_348,none_348,none_348,none_348,none_348,none_348,none_348,none_348,none_348,none_348,none_348,none_348,none_348,none_348,none_348,none_348,none_348,none_348,none_348,none_348,none_348,none_348,none_348,none_348,none_348,none_348,none_348,none_348,none_348,none_348,none_348,none_348,none_348,none_348,none_348,none_348,none_348,none_348,none_348,none_348,none_348,none_348,none_348,none_348,none_348,none_348,none_348,none_348,none_348,none_348,none_348,none_348,none_348,none_348,none_348,none_348,none_348,none_348,none_348,none_348,none_348,none_348,none_348,none_348,none_348,none_348,none_348,none_348,none_348,none_348,none_348,none_348,none_348,none_348,none_348,none_348,none_348,none_348,none_348,none_348,none_348,none_348,none_348,none_348,none_348,none_348,none_348,none_348,none_348,none_348,none_348,none_348,none_348,none_348,none_348,none_348,none_348,none_348,none_348,none_348]","[no answer_590,no answer_590,no answer_590,no answer_590,no answer_590,no answer_590,no answer_590,no answer_590,no answer_590,no answer_590,no answer_590,no answer_590,no answer_590,no answer_590,no answer_590,no answer_590,no answer_590,no answer_590,no answer_590,no answer_590,no answer_590,no answer_590,no answer_590,no answer_590,no answer_590,no answer_590,no answer_590,no answer_590,no answer_590,no answer_590,no answer_590,no answer_590,no answer_590,no answer_590,no answer_590,no answer_590,no answer_590,no answer_590,no answer_590,no answer_590,no answer_590,no answer_590,no answer_590,no answer_590,no answer_590,no answer_590,no answer_590,no answer_590,no answer_590,no answer_590,no answer_590,no answer_590,no answer_590,no answer_590,no answer_590,no answer_590,no answer_590,no answer_590,no answer_590,no answer_590,no answer_590,no answer_590,no answer_590,no answer_590,no answer_590,no answer_590,no answer_590,no answer_590,no answer_590,no answer_590,no answer_590,no answer_590,no answer_590,no answer_590,no answer_590,no answer_590,no answer_590,no answer_590,no answer_590,no answer_590,no answer_590,no answer_590,no answer_590,no answer_590,no answer_590,no answer_590,no answer_590,no answer_590,no answer_590,no answer_590,no answer_590,no answer_590,no answer_590,no answer_590,no answer_590,no answer_590,no answer_590,no answer_590,no answer_590,no answer_590,no answer_590,no answer_590,no answer_590,no answer_590,no answer_590,no answer_590,no answer_590,no answer_590,no answer_590,no answer_590,no answer_590,no answer_590,no answer_590,no answer_590,no answer_590,no answer_590,no answer_590,no answer_590,no answer_590,no answer_590,no answer_590,no answer_590,no answer_590,no answer_590,no answer_590,no answer_590,no answer_590,no answer_590,no answer_590,no answer_590,no answer_590,no answer_590,no answer_590,no answer_590,no answer_590,no answer_590,no answer_590,no answer_590,no answer_590,no answer_590,no answer_590,no answer_590,no answer_590,no answer_590,no answer_590,no answer_590,no answer_590,no answer_590,no answer_590,no answer_590,no answer_590,no answer_590,no answer_590,no answer_590,no answer_590,no answer_590,no answer_590,no answer_590,no answer_590,no answer_590,no answer_590,no answer_590,no answer_590,no answer_590,no answer_590,no answer_590,no answer_590,no answer_590,no answer_590,no answer_590,no answer_590,no answer_590,no answer_590,no answer_590,no answer_590,no answer_590,no answer_590,no answer_590,no answer_590,no answer_590,no answer_590,no answer_590,no answer_590,no answer_590,no answer_590,no answer_590,no answer_590,no answer_590,no answer_590,no answer_590,no answer_590,no answer_590,no answer_590,no answer_590,no answer_590,no answer_590,no answer_590,no answer_590,no answer_590,no answer_590,no answer_590,no answer_590,no answer_590,no answer_590,no answer_590,no answer_590,no answer_590,no answer_590,no answer_590,no answer_590,no answer_590,no answer_590,no answer_590,no answer_590,no answer_590,no answer_590,no answer_590,no answer_590,no answer_590,no answer_590,no answer_590,no answer_590,no answer_590,no answer_590,no answer_590,no answer_590,no answer_590,no answer_590,no answer_590,no answer_590,no answer_590,no answer_590,no answer_590,no answer_590,no answer_590,no answer_590,no answer_590,no answer_590,no answer_590,no answer_590,no answer_590,no answer_590,no answer_590,no answer_590,no answer_590,no answer_590,no answer_590,no answer_590,no answer_590,no answer_590,no answer_590,no answer_590,no answer_590,no answer_590,no answer_590,no answer_590]"
478,61031,"['9', '2', '10', '2', '9', '2', '10', '2', '9', '2']","[ServerAdministrator_72,Snmpd_226,ServerAdministrator_72,Snmpd_226,ServerAdministrator_72,Snmpd_226,ServerAdministrator_72,Snmpd_226,ServerAdministrator_72,Snmpd_226]","[Initialize_291,Receiving_748,ReturningTo_290,Receiving_748,Initialize_291,Receiving_748,ReturningTo_290,Receiving_748,Initialize_291,Receiving_748]","[none_526,none_1082,normal_525,none_1082,none_526,none_1082,normal_525,none_1082,none_526,none_1082]"
479,38350,"['1', '5', '18']","[User_80,Sshd_228,Ntpd_178]","[Opened_309,Connecting_786,Synchronized_589]","[none_545,none_1134,none_897]"
480,68442,"['9', '2', '10', '2']","[ServerAdministrator_72,Snmpd_226,ServerAdministrator_72,Snmpd_226]","[Initialize_291,Receiving_748,ReturningTo_290,Receiving_748]","[none_526,none_1082,normal_525,none_1082]"
481,74522,"['10', '2', '9', '2', '10', '2', '9', '2', '10', '2', '9', '2', '10', '2', '9', '2']","[ServerAdministrator_72,Snmpd_226,ServerAdministrator_72,Snmpd_226,ServerAdministrator_72,Snmpd_226,ServerAdministrator_72,Snmpd_226,ServerAdministrator_72,Snmpd_226,ServerAdministrator_72,Snmpd_226,ServerAdministrator_72,Snmpd_226,ServerAdministrator_72,Snmpd_226]","[ReturningTo_290,Receiving_748,Initialize_291,Receiving_748,ReturningTo_290,Receiving_748,Initialize_291,Receiving_748,ReturningTo_290,Receiving_748,Initialize_291,Receiving_748,ReturningTo_290,Receiving_748,Initialize_291,Receiving_748]","[normal_525,none_1082,none_526,none_1082,normal_525,none_1082,none_526,none_1082,normal_525,none_1082,none_526,none_1082,normal_525,none_1082,none_526,none_1082]"
482,45732,"['10', '2', '9', '2', '10', '2', '9', '2', '10', '2', '9', '2', '10', '2']","[ServerAdministrator_72,Snmpd_226,ServerAdministrator_72,Snmpd_226,ServerAdministrator_72,Snmpd_226,ServerAdministrator_72,Snmpd_226,ServerAdministrator_72,Snmpd_226,ServerAdministrator_72,Snmpd_226,ServerAdministrator_72,Snmpd_226]","[ReturningTo_290,Receiving_748,Initialize_291,Receiving_748,ReturningTo_290,Receiving_748,Initialize_291,Receiving_748,ReturningTo_290,Receiving_748,Initialize_291,Receiving_748,ReturningTo_290,Receiving_748]","[normal_525,none_1082,none_526,none_1082,normal_525,none_1082,none_526,none_1082,normal_525,none_1082,none_526,none_1082,normal_525,none_1082]"
483,87272,"['9', '2', '10', '2', '9', '2', '10', '2', '9', '2', '10', '2']","[ServerAdministrator_72,Snmpd_226,ServerAdministrator_72,Snmpd_226,ServerAdministrator_72,Snmpd_226,ServerAdministrator_72,Snmpd_226,ServerAdministrator_72,Snmpd_226,ServerAdministrator_72,Snmpd_226]","[Initialize_291,Receiving_748,ReturningTo_290,Receiving_748,Initialize_291,Receiving_748,ReturningTo_290,Receiving_748,Initialize_291,Receiving_748,ReturningTo_290,Receiving_748]","[none_526,none_1082,normal_525,none_1082,none_526,none_1082,normal_525,none_1082,none_526,none_1082,normal_525,none_1082]"
484,35369,"['4', '1', '8']","[User_80,User_80,Crond_94]","[Register_307,Opened_309,Register_340]","[none_543,none_545,none_582]"
485,93432,"['1', '8', '29', '42', '4', '45', '46']","[User_80,Crond_94,Sendmail_222,Sendmail_222,User_80,Sendmail_222,Sendmail_222]","[Opened_309,Register_340,Retrying_704,UnableToQualifyDomainName_719,Register_307,SendingEmail_715,Start_709]","[none_545,none_582,unknown_1029,error_1048,none_543,none_1044,deferred_1035]"
486,68655,"['4', '1', '8']","[User_80,User_80,Crond_94]","[Register_307,Opened_309,Register_340]","[none_543,none_545,none_582]"
487,89558,"['10', '2', '9', '2', '10', '2', '9', '2', '10', '2', '9', '2']","[ServerAdministrator_72,Snmpd_226,ServerAdministrator_72,Snmpd_226,ServerAdministrator_72,Snmpd_226,ServerAdministrator_72,Snmpd_226,ServerAdministrator_72,Snmpd_226,ServerAdministrator_72,Snmpd_226]","[ReturningTo_290,Receiving_748,Initialize_291,Receiving_748,ReturningTo_290,Receiving_748,Initialize_291,Receiving_748,ReturningTo_290,Receiving_748,Initialize_291,Receiving_748]","[normal_525,none_1082,none_526,none_1082,normal_525,none_1082,none_526,none_1082,normal_525,none_1082,none_526,none_1082]"
488,94574,"['1', '8', '29', '4', '1', '8', '42', '4', '45', '46', '1', '5', '16', '16', '16', '118', '58', '36', '36', '63', '16', '36', '58', '58', '36', '36', '63', '36', '58', '58', '36', '36', '63']","[User_80,Crond_94,Sendmail_222,User_80,User_80,Crond_94,Sendmail_222,User_80,Sendmail_222,Sendmail_222,User_80,Sshd_228,Xinetd_256,Xinetd_256,Xinetd_256,Client_92,Dhcpd_106,Dhcpd_106,Dhcpd_106,Dhcpd_106,Xinetd_256,Dhcpd_106,Dhcpd_106,Dhcpd_106,Dhcpd_106,Dhcpd_106,Dhcpd_106,Dhcpd_106,Dhcpd_106,Dhcpd_106,Dhcpd_106,Dhcpd_106,Dhcpd_106]","[Opened_309,Register_340,Retrying_704,Register_307,Opened_309,Register_340,UnableToQualifyDomainName_719,Register_307,SendingEmail_715,Start_709,Opened_309,Connecting_786,none_835,none_835,none_835,DoesNotAccept_335,Dhcpdiscover_367,none_368,none_368,Settingup_376,none_835,none_368,Dhcpdiscover_367,Dhcpdiscover_367,none_368,none_368,Settingup_376,none_368,Dhcpdiscover_367,Dhcpdiscover_367,none_368,none_368,Settingup_376]","[none_545,none_582,unknown_1029,none_543,none_545,none_582,error_1048,none_543,none_1044,deferred_1035,none_545,none_1134,none_1190,none_1190,none_1190,none_573,none_614,none_616,none_616,none_630,none_1190,none_616,none_614,none_614,none_616,none_616,none_630,none_616,none_614,none_614,none_616,none_616,none_630]"
489,63925,"['4', '1', '8']","[User_80,User_80,Crond_94]","[Register_307,Opened_309,Register_340]","[none_543,none_545,none_582]"
490,96087,"['9', '2', '10', '2', '9', '2', '10', '2', '9', '2', '10', '2', '9', '2', '10', '2']","[ServerAdministrator_72,Snmpd_226,ServerAdministrator_72,Snmpd_226,ServerAdministrator_72,Snmpd_226,ServerAdministrator_72,Snmpd_226,ServerAdministrator_72,Snmpd_226,ServerAdministrator_72,Snmpd_226,ServerAdministrator_72,Snmpd_226,ServerAdministrator_72,Snmpd_226]","[Initialize_291,Receiving_748,ReturningTo_290,Receiving_748,Initialize_291,Receiving_748,ReturningTo_290,Receiving_748,Initialize_291,Receiving_748,ReturningTo_290,Receiving_748,Initialize_291,Receiving_748,ReturningTo_290,Receiving_748]","[none_526,none_1082,normal_525,none_1082,none_526,none_1082,normal_525,none_1082,none_526,none_1082,normal_525,none_1082,none_526,none_1082,normal_525,none_1082]"
491,83728,"['9', '2', '10', '2', '9', '2', '10', '2', '9', '2', '10', '2', '9', '2']","[ServerAdministrator_72,Snmpd_226,ServerAdministrator_72,Snmpd_226,ServerAdministrator_72,Snmpd_226,ServerAdministrator_72,Snmpd_226,ServerAdministrator_72,Snmpd_226,ServerAdministrator_72,Snmpd_226,ServerAdministrator_72,Snmpd_226]","[Initialize_291,Receiving_748,ReturningTo_290,Receiving_748,Initialize_291,Receiving_748,ReturningTo_290,Receiving_748,Initialize_291,Receiving_748,ReturningTo_290,Receiving_748,Initialize_291,Receiving_748]","[none_526,none_1082,normal_525,none_1082,none_526,none_1082,normal_525,none_1082,none_526,none_1082,normal_525,none_1082,none_526,none_1082]"
492,19170,"['1', '5', '10', '2', '9', '2']","[User_80,Sshd_228,ServerAdministrator_72,Snmpd_226,ServerAdministrator_72,Snmpd_226]","[Opened_309,Connecting_786,ReturningTo_290,Receiving_748,Initialize_291,Receiving_748]","[none_545,none_1134,normal_525,none_1082,none_526,none_1082]"
493,76123,"['9', '2', '10', '2', '9', '2', '10', '2', '9', '2', '10', '2', '9', '2']","[ServerAdministrator_72,Snmpd_226,ServerAdministrator_72,Snmpd_226,ServerAdministrator_72,Snmpd_226,ServerAdministrator_72,Snmpd_226,ServerAdministrator_72,Snmpd_226,ServerAdministrator_72,Snmpd_226,ServerAdministrator_72,Snmpd_226]","[Initialize_291,Receiving_748,ReturningTo_290,Receiving_748,Initialize_291,Receiving_748,ReturningTo_290,Receiving_748,Initialize_291,Receiving_748,ReturningTo_290,Receiving_748,Initialize_291,Receiving_748]","[none_526,none_1082,normal_525,none_1082,none_526,none_1082,normal_525,none_1082,none_526,none_1082,normal_525,none_1082,none_526,none_1082]"
494,80130,"['31', '177', '167', '187', '31', '173', '31', '298', '168', '34', '31', '31', '312', '168', '190']","[Shutdown_40,Filesystems_115,Ntpd_178,Ntpd_178,Shutdown_40,Snmpd_226,Shutdown_40,Xinetd_256,Kernel_43,Shutdown_40,Shutdown_40,Shutdown_40,Signal_25,Kernel_43,none_264]","[Configuring_68,Create_392,Shutdown_597,Exiting_598,Configuring_68,ShuttingDown_751,Configuring_68,Exiting_839,none_72,Configuring_68,Configuring_68,Configuring_68,Un-registeringAndExiting_51,none_72,Register_849]","[none_89,none_646,none_908,none_909,none_89,none_1085,none_89,none_1195,none_94,none_88,none_89,none_89,none_71,none_94,signal_1205]"
495,64986,"['4', '1', '8']","[User_80,User_80,Crond_94]","[Register_307,Opened_309,Register_340]","[none_543,none_545,none_582]"
496,69232,"['10', '2', '9', '2', '10', '2', '9', '2']","[ServerAdministrator_72,Snmpd_226,ServerAdministrator_72,Snmpd_226,ServerAdministrator_72,Snmpd_226,ServerAdministrator_72,Snmpd_226]","[ReturningTo_290,Receiving_748,Initialize_291,Receiving_748,ReturningTo_290,Receiving_748,Initialize_291,Receiving_748]","[normal_525,none_1082,none_526,none_1082,normal_525,none_1082,none_526,none_1082]"
497,87003,"['9', '2', '10', '2']","[ServerAdministrator_72,Snmpd_226,ServerAdministrator_72,Snmpd_226]","[Initialize_291,Receiving_748,ReturningTo_290,Receiving_748]","[none_526,none_1082,normal_525,none_1082]"
498,77706,"['9', '2', '10', '2', '9', '2', '10', '2', '9', '2', '10', '2']","[ServerAdministrator_72,Snmpd_226,ServerAdministrator_72,Snmpd_226,ServerAdministrator_72,Snmpd_226,ServerAdministrator_72,Snmpd_226,ServerAdministrator_72,Snmpd_226,ServerAdministrator_72,Snmpd_226]","[Initialize_291,Receiving_748,ReturningTo_290,Receiving_748,Initialize_291,Receiving_748,ReturningTo_290,Receiving_748,Initialize_291,Receiving_748,ReturningTo_290,Receiving_748]","[none_526,none_1082,normal_525,none_1082,none_526,none_1082,normal_525,none_1082,none_526,none_1082,normal_525,none_1082]"
499,43645,"['10', '2', '9', '2', '10', '2', '9', '2', '10', '2', '9', '2', '10', '2', '9', '2', '10', '2', '9', '2', '10', '2', '9', '2', '10', '2']","[ServerAdministrator_72,Snmpd_226,ServerAdministrator_72,Snmpd_226,ServerAdministrator_72,Snmpd_226,ServerAdministrator_72,Snmpd_226,ServerAdministrator_72,Snmpd_226,ServerAdministrator_72,Snmpd_226,ServerAdministrator_72,Snmpd_226,ServerAdministrator_72,Snmpd_226,ServerAdministrator_72,Snmpd_226,ServerAdministrator_72,Snmpd_226,ServerAdministrator_72,Snmpd_226,ServerAdministrator_72,Snmpd_226,ServerAdministrator_72,Snmpd_226]","[ReturningTo_290,Receiving_748,Initialize_291,Receiving_748,ReturningTo_290,Receiving_748,Initialize_291,Receiving_748,ReturningTo_290,Receiving_748,Initialize_291,Receiving_748,ReturningTo_290,Receiving_748,Initialize_291,Receiving_748,ReturningTo_290,Receiving_748,Initialize_291,Receiving_748,ReturningTo_290,Receiving_748,Initialize_291,Receiving_748,ReturningTo_290,Receiving_748]","[normal_525,none_1082,none_526,none_1082,normal_525,none_1082,none_526,none_1082,normal_525,none_1082,none_526,none_1082,normal_525,none_1082,none_526,none_1082,normal_525,none_1082,none_526,none_1082,normal_525,none_1082,none_526,none_1082,normal_525,none_1082]"
500,49826,"['10', '2', '9', '2', '10', '2', '9', '2', '10', '2']","[ServerAdministrator_72,Snmpd_226,ServerAdministrator_72,Snmpd_226,ServerAdministrator_72,Snmpd_226,ServerAdministrator_72,Snmpd_226,ServerAdministrator_72,Snmpd_226]","[ReturningTo_290,Receiving_748,Initialize_291,Receiving_748,ReturningTo_290,Receiving_748,Initialize_291,Receiving_748,ReturningTo_290,Receiving_748]","[normal_525,none_1082,none_526,none_1082,normal_525,none_1082,none_526,none_1082,normal_525,none_1082]"
501,79762,"['145', '144', '148', '146', '149', '4', '1', '8']","[Sshd_228,Sshd_228,Sshd_228,Sshd_228,Sshd_228,User_80,User_80,Crond_94]","[RunningOn_780,Register_782,Register_760,Authenticated_774,Register_760,Register_307,Opened_309,Register_340]","[none_1127,none_1130,closed_1103,none_1120,none_1102,none_543,none_545,none_582]"
502,59221,"['10', '2', '9', '2', '10', '2', '9', '2']","[ServerAdministrator_72,Snmpd_226,ServerAdministrator_72,Snmpd_226,ServerAdministrator_72,Snmpd_226,ServerAdministrator_72,Snmpd_226]","[ReturningTo_290,Receiving_748,Initialize_291,Receiving_748,ReturningTo_290,Receiving_748,Initialize_291,Receiving_748]","[normal_525,none_1082,none_526,none_1082,normal_525,none_1082,none_526,none_1082]"
503,34399,"['4', '1', '8']","[User_80,User_80,Crond_94]","[Register_307,Opened_309,Register_340]","[none_543,none_545,none_582]"
504,93289,"['1', '8', '29', '42', '4', '45', '46']","[User_80,Crond_94,Sendmail_222,Sendmail_222,User_80,Sendmail_222,Sendmail_222]","[Opened_309,Register_340,Retrying_704,UnableToQualifyDomainName_719,Register_307,SendingEmail_715,Start_709]","[none_545,none_582,unknown_1029,error_1048,none_543,none_1044,deferred_1035]"
505,47637,"['9', '2', '10', '2', '9', '2', '10', '2', '9', '2', '10', '2', '9', '2', '10', '2']","[ServerAdministrator_72,Snmpd_226,ServerAdministrator_72,Snmpd_226,ServerAdministrator_72,Snmpd_226,ServerAdministrator_72,Snmpd_226,ServerAdministrator_72,Snmpd_226,ServerAdministrator_72,Snmpd_226,ServerAdministrator_72,Snmpd_226,ServerAdministrator_72,Snmpd_226]","[Initialize_291,Receiving_748,ReturningTo_290,Receiving_748,Initialize_291,Receiving_748,ReturningTo_290,Receiving_748,Initialize_291,Receiving_748,ReturningTo_290,Receiving_748,Initialize_291,Receiving_748,ReturningTo_290,Receiving_748]","[none_526,none_1082,normal_525,none_1082,none_526,none_1082,normal_525,none_1082,none_526,none_1082,normal_525,none_1082,none_526,none_1082,normal_525,none_1082]"
506,85444,"['9', '2', '10', '2', '9', '2', '10', '2']","[ServerAdministrator_72,Snmpd_226,ServerAdministrator_72,Snmpd_226,ServerAdministrator_72,Snmpd_226,ServerAdministrator_72,Snmpd_226]","[Initialize_291,Receiving_748,ReturningTo_290,Receiving_748,Initialize_291,Receiving_748,ReturningTo_290,Receiving_748]","[none_526,none_1082,normal_525,none_1082,none_526,none_1082,normal_525,none_1082]"
507,23707,"['10', '2', '9', '2', '10', '2', '9', '2']","[ServerAdministrator_72,Snmpd_226,ServerAdministrator_72,Snmpd_226,ServerAdministrator_72,Snmpd_226,ServerAdministrator_72,Snmpd_226]","[ReturningTo_290,Receiving_748,Initialize_291,Receiving_748,ReturningTo_290,Receiving_748,Initialize_291,Receiving_748]","[normal_525,none_1082,none_526,none_1082,normal_525,none_1082,none_526,none_1082]"
508,34499,"['4', '1', '8']","[User_80,User_80,Crond_94]","[Register_307,Opened_309,Register_340]","[none_543,none_545,none_582]"
509,66683,"['4', '1', '8', '1', '5', '164', '166', '122', '34', '111', '31', '102', '31', '176', '122', '295', '31', '106', '31', '31', '173', '31', '31', '187', '31', '31', '298', '177', '167', '168', '168', '34', '31', '31', '312', '190', '31']","[User_80,User_80,Crond_94,User_80,Sshd_228,Init_137,System_236,-term_0,Shutdown_40,Kernel_43,Shutdown_40,Gmond_125,Shutdown_40,Smartd_225,-term_0,Sshd_228,Shutdown_40,Snmpd_226,Shutdown_40,Shutdown_40,Snmpd_226,Shutdown_40,Shutdown_40,Ntpd_178,Shutdown_40,Shutdown_40,Xinetd_256,Filesystems_115,Ntpd_178,Kernel_43,Kernel_43,Shutdown_40,Shutdown_40,Shutdown_40,Signal_25,none_264,Shutdown_40]","[Register_307,Opened_309,Register_340,Opened_309,Connecting_786,To_472,ShuttingDown_808,Succeeded_0,Configuring_68,Segfault_81,Configuring_68,none_415,Configuring_68,none_731,Succeeded_0,Terminating_785,Configuring_68,Disconnected_744,Configuring_68,Configuring_68,ShuttingDown_751,Configuring_68,Configuring_68,Exiting_598,Configuring_68,Configuring_68,Exiting_839,Create_392,Shutdown_597,none_72,none_72,Configuring_68,Configuring_68,Configuring_68,Un-registeringAndExiting_51,Register_849,Configuring_68]","[none_543,none_545,none_582,none_545,none_1134,none_741,none_1162,none_0,none_88,error_211,none_89,succeeded_673,none_89,failed_1063,none_0,none_1133,none_89,none_1077,none_89,none_89,none_1085,none_89,none_89,none_909,none_89,none_89,none_1195,none_646,none_908,none_94,none_94,none_88,none_89,none_89,none_71,signal_1205,none_89]"
510,88426,"['9', '2', '10', '2']","[ServerAdministrator_72,Snmpd_226,ServerAdministrator_72,Snmpd_226]","[Initialize_291,Receiving_748,ReturningTo_290,Receiving_748]","[none_526,none_1082,normal_525,none_1082]"
511,96778,"['9', '2', '10', '2', '9', '2']","[ServerAdministrator_72,Snmpd_226,ServerAdministrator_72,Snmpd_226,ServerAdministrator_72,Snmpd_226]","[Initialize_291,Receiving_748,ReturningTo_290,Receiving_748,Initialize_291,Receiving_748]","[none_526,none_1082,normal_525,none_1082,none_526,none_1082]"
512,51150,"['9', '2', '10', '2', '9', '2']","[ServerAdministrator_72,Snmpd_226,ServerAdministrator_72,Snmpd_226,ServerAdministrator_72,Snmpd_226]","[Initialize_291,Receiving_748,ReturningTo_290,Receiving_748,Initialize_291,Receiving_748]","[none_526,none_1082,normal_525,none_1082,none_526,none_1082]"
513,97642,"['9', '2', '10', '2']","[ServerAdministrator_72,Snmpd_226,ServerAdministrator_72,Snmpd_226]","[Initialize_291,Receiving_748,ReturningTo_290,Receiving_748]","[none_526,none_1082,normal_525,none_1082]"
514,34910,"['1', '5', '18']","[User_80,Sshd_228,Ntpd_178]","[Opened_309,Connecting_786,Synchronized_589]","[none_545,none_1134,none_897]"
515,49968,"['10', '2', '9', '2']","[ServerAdministrator_72,Snmpd_226,ServerAdministrator_72,Snmpd_226]","[ReturningTo_290,Receiving_748,Initialize_291,Receiving_748]","[normal_525,none_1082,none_526,none_1082]"
516,24344,"['31', '177', '187', '31', '168', '168', '34', '31', '31', '312', '190']","[Shutdown_40,Filesystems_115,Ntpd_178,Shutdown_40,Kernel_43,Kernel_43,Shutdown_40,Shutdown_40,Shutdown_40,Signal_25,none_264]","[Configuring_68,Create_392,Exiting_598,Configuring_68,none_72,none_72,Configuring_68,Configuring_68,Configuring_68,Un-registeringAndExiting_51,Register_849]","[none_89,none_646,none_909,none_89,none_94,none_94,none_88,none_89,none_89,none_71,signal_1205]"
517,66014,"['4', '1', '8']","[User_80,User_80,Crond_94]","[Register_307,Opened_309,Register_340]","[none_543,none_545,none_582]"
518,26872,"['10', '2', '9', '2', '10', '2', '9', '2', '10', '2']","[ServerAdministrator_72,Snmpd_226,ServerAdministrator_72,Snmpd_226,ServerAdministrator_72,Snmpd_226,ServerAdministrator_72,Snmpd_226,ServerAdministrator_72,Snmpd_226]","[ReturningTo_290,Receiving_748,Initialize_291,Receiving_748,ReturningTo_290,Receiving_748,Initialize_291,Receiving_748,ReturningTo_290,Receiving_748]","[normal_525,none_1082,none_526,none_1082,normal_525,none_1082,none_526,none_1082,normal_525,none_1082]"
519,23834,"['168', '168', '31', '31', '190']","[Kernel_43,Kernel_43,Shutdown_40,Shutdown_40,none_264]","[none_72,none_72,Configuring_68,Configuring_68,Register_849]","[none_94,none_94,none_89,none_89,signal_1205]"
520,97024,"['10', '2', '9', '2', '10', '2', '9', '2', '10', '2', '9', '2', '10', '2', '9', '2', '10', '2']","[ServerAdministrator_72,Snmpd_226,ServerAdministrator_72,Snmpd_226,ServerAdministrator_72,Snmpd_226,ServerAdministrator_72,Snmpd_226,ServerAdministrator_72,Snmpd_226,ServerAdministrator_72,Snmpd_226,ServerAdministrator_72,Snmpd_226,ServerAdministrator_72,Snmpd_226,ServerAdministrator_72,Snmpd_226]","[ReturningTo_290,Receiving_748,Initialize_291,Receiving_748,ReturningTo_290,Receiving_748,Initialize_291,Receiving_748,ReturningTo_290,Receiving_748,Initialize_291,Receiving_748,ReturningTo_290,Receiving_748,Initialize_291,Receiving_748,ReturningTo_290,Receiving_748]","[normal_525,none_1082,none_526,none_1082,normal_525,none_1082,none_526,none_1082,normal_525,none_1082,none_526,none_1082,normal_525,none_1082,none_526,none_1082,normal_525,none_1082]"
521,49472,"['9', '2', '10', '2', '9', '2', '10', '2', '9', '2', '10', '2']","[ServerAdministrator_72,Snmpd_226,ServerAdministrator_72,Snmpd_226,ServerAdministrator_72,Snmpd_226,ServerAdministrator_72,Snmpd_226,ServerAdministrator_72,Snmpd_226,ServerAdministrator_72,Snmpd_226]","[Initialize_291,Receiving_748,ReturningTo_290,Receiving_748,Initialize_291,Receiving_748,ReturningTo_290,Receiving_748,Initialize_291,Receiving_748,ReturningTo_290,Receiving_748]","[none_526,none_1082,normal_525,none_1082,none_526,none_1082,normal_525,none_1082,none_526,none_1082,normal_525,none_1082]"
522,67666,"['4', '1', '8']","[User_80,User_80,Crond_94]","[Register_307,Opened_309,Register_340]","[none_543,none_545,none_582]"
523,83359,"['9', '2', '10', '2']","[ServerAdministrator_72,Snmpd_226,ServerAdministrator_72,Snmpd_226]","[Initialize_291,Receiving_748,ReturningTo_290,Receiving_748]","[none_526,none_1082,normal_525,none_1082]"
524,50515,"['10', '2', '9', '2']","[ServerAdministrator_72,Snmpd_226,ServerAdministrator_72,Snmpd_226]","[ReturningTo_290,Receiving_748,Initialize_291,Receiving_748]","[normal_525,none_1082,none_526,none_1082]"
525,79211,"['9', '2', '10', '2', '9', '2', '10', '2', '9', '2']","[ServerAdministrator_72,Snmpd_226,ServerAdministrator_72,Snmpd_226,ServerAdministrator_72,Snmpd_226,ServerAdministrator_72,Snmpd_226,ServerAdministrator_72,Snmpd_226]","[Initialize_291,Receiving_748,ReturningTo_290,Receiving_748,Initialize_291,Receiving_748,ReturningTo_290,Receiving_748,Initialize_291,Receiving_748]","[none_526,none_1082,normal_525,none_1082,none_526,none_1082,normal_525,none_1082,none_526,none_1082]"
526,27681,"['10', '2', '9', '2']","[ServerAdministrator_72,Snmpd_226,ServerAdministrator_72,Snmpd_226]","[ReturningTo_290,Receiving_748,Initialize_291,Receiving_748]","[normal_525,none_1082,none_526,none_1082]"
527,66856,"['4', '1', '8']","[User_80,User_80,Crond_94]","[Register_307,Opened_309,Register_340]","[none_543,none_545,none_582]"
528,58136,"['10', '2', '9', '2', '10', '2', '9', '2', '10', '2', '9', '2']","[ServerAdministrator_72,Snmpd_226,ServerAdministrator_72,Snmpd_226,ServerAdministrator_72,Snmpd_226,ServerAdministrator_72,Snmpd_226,ServerAdministrator_72,Snmpd_226,ServerAdministrator_72,Snmpd_226]","[ReturningTo_290,Receiving_748,Initialize_291,Receiving_748,ReturningTo_290,Receiving_748,Initialize_291,Receiving_748,ReturningTo_290,Receiving_748,Initialize_291,Receiving_748]","[normal_525,none_1082,none_526,none_1082,normal_525,none_1082,none_526,none_1082,normal_525,none_1082,none_526,none_1082]"
529,98571,"['17', '19', '25', '14', '14', '12', '12', '13', '13', '26', '14', '14', '12', '12', '13', '13', '17', '17', '19', '25', '14', '14', '14', '12', '12', '12', '13', '13', '13', '26', '14', '12', '13', '17', '17', '19', '25', '14', '14', '12', '12', '13', '13', '26', '14', '14', '12', '12', '13', '13', '17', '17', '19', '25', '14', '14', '12', '12', '13', '13', '26', '14', '14', '12', '12', '13', '13', '17', '17', '19', '25', '14', '14', '14', '12', '12', '12', '13', '13', '13', '26', '14', '12', '13', '17', '17', '19', '25', '26', '14', '14', '14', '14', '12', '12', '12', '12', '13', '13', '13', '13', '17', '17', '19', '25', '14', '14', '14', '12', '12', '12', '13', '13', '13', '26', '14', '12', '13', '17', '17', '19', '25', '14', '14', '14', '12', '12', '12', '13', '13', '13', '26', '14', '12', '13', '17', '17', '19', '25', '26', '14', '14', '14', '14', '12', '12', '12', '12', '13', '13', '13', '13', '17', '17', '19', '25', '14', '14', '12', '12', '13', '13', '26', '14', '14', '12', '12', '13', '13', '17', '17', '19', '25', '14', '14', '12', '12', '13', '13', '26', '14', '14', '12', '12', '13', '13', '17', '17', '19', '25', '14', '14', '14', '12', '12', '12', '13', '13', '13', '26', '14', '12', '13', '17', '17', '19', '25', '26', '14', '14', '14', '14', '12', '12', '12', '12', '13', '13', '13', '13', '17', '17', '19', '25', '14', '14', '14', '12', '12', '12', '13', '13', '13', '26', '14', '12', '13', '17', '17', '19', '25', '14', '14', '12', '12', '13', '13', '26', '14', '14', '12', '12', '13', '13', '17', '17']","[Ibsm_129,Ibsm_129,Ibsm.x_130,Ibsm.x[]_131,Ibsm.x[]_131,Ibsm.x_130,Ibsm.x_130,Ibsm.x_130,Ibsm.x_130,Ibsm.x[]_131,Ibsm.x[]_131,Ibsm.x[]_131,Ibsm.x_130,Ibsm.x_130,Ibsm.x_130,Ibsm.x_130,Ibsm_129,Ibsm_129,Ibsm_129,Ibsm.x_130,Ibsm.x[]_131,Ibsm.x[]_131,Ibsm.x[]_131,Ibsm.x_130,Ibsm.x_130,Ibsm.x_130,Ibsm.x_130,Ibsm.x_130,Ibsm.x_130,Ibsm.x[]_131,Ibsm.x[]_131,Ibsm.x_130,Ibsm.x_130,Ibsm_129,Ibsm_129,Ibsm_129,Ibsm.x_130,Ibsm.x[]_131,Ibsm.x[]_131,Ibsm.x_130,Ibsm.x_130,Ibsm.x_130,Ibsm.x_130,Ibsm.x[]_131,Ibsm.x[]_131,Ibsm.x[]_131,Ibsm.x_130,Ibsm.x_130,Ibsm.x_130,Ibsm.x_130,Ibsm_129,Ibsm_129,Ibsm_129,Ibsm.x_130,Ibsm.x[]_131,Ibsm.x[]_131,Ibsm.x_130,Ibsm.x_130,Ibsm.x_130,Ibsm.x_130,Ibsm.x[]_131,Ibsm.x[]_131,Ibsm.x[]_131,Ibsm.x_130,Ibsm.x_130,Ibsm.x_130,Ibsm.x_130,Ibsm_129,Ibsm_129,Ibsm_129,Ibsm.x_130,Ibsm.x[]_131,Ibsm.x[]_131,Ibsm.x[]_131,Ibsm.x_130,Ibsm.x_130,Ibsm.x_130,Ibsm.x_130,Ibsm.x_130,Ibsm.x_130,Ibsm.x[]_131,Ibsm.x[]_131,Ibsm.x_130,Ibsm.x_130,Ibsm_129,Ibsm_129,Ibsm_129,Ibsm.x_130,Ibsm.x[]_131,Ibsm.x[]_131,Ibsm.x[]_131,Ibsm.x[]_131,Ibsm.x[]_131,Ibsm.x_130,Ibsm.x_130,Ibsm.x_130,Ibsm.x_130,Ibsm.x_130,Ibsm.x_130,Ibsm.x_130,Ibsm.x_130,Ibsm_129,Ibsm_129,Ibsm_129,Ibsm.x_130,Ibsm.x[]_131,Ibsm.x[]_131,Ibsm.x[]_131,Ibsm.x_130,Ibsm.x_130,Ibsm.x_130,Ibsm.x_130,Ibsm.x_130,Ibsm.x_130,Ibsm.x[]_131,Ibsm.x[]_131,Ibsm.x_130,Ibsm.x_130,Ibsm_129,Ibsm_129,Ibsm_129,Ibsm.x_130,Ibsm.x[]_131,Ibsm.x[]_131,Ibsm.x[]_131,Ibsm.x_130,Ibsm.x_130,Ibsm.x_130,Ibsm.x_130,Ibsm.x_130,Ibsm.x_130,Ibsm.x[]_131,Ibsm.x[]_131,Ibsm.x_130,Ibsm.x_130,Ibsm_129,Ibsm_129,Ibsm_129,Ibsm.x_130,Ibsm.x[]_131,Ibsm.x[]_131,Ibsm.x[]_131,Ibsm.x[]_131,Ibsm.x[]_131,Ibsm.x_130,Ibsm.x_130,Ibsm.x_130,Ibsm.x_130,Ibsm.x_130,Ibsm.x_130,Ibsm.x_130,Ibsm.x_130,Ibsm_129,Ibsm_129,Ibsm_129,Ibsm.x_130,Ibsm.x[]_131,Ibsm.x[]_131,Ibsm.x_130,Ibsm.x_130,Ibsm.x_130,Ibsm.x_130,Ibsm.x[]_131,Ibsm.x[]_131,Ibsm.x[]_131,Ibsm.x_130,Ibsm.x_130,Ibsm.x_130,Ibsm.x_130,Ibsm_129,Ibsm_129,Ibsm_129,Ibsm.x_130,Ibsm.x[]_131,Ibsm.x[]_131,Ibsm.x_130,Ibsm.x_130,Ibsm.x_130,Ibsm.x_130,Ibsm.x[]_131,Ibsm.x[]_131,Ibsm.x[]_131,Ibsm.x_130,Ibsm.x_130,Ibsm.x_130,Ibsm.x_130,Ibsm_129,Ibsm_129,Ibsm_129,Ibsm.x_130,Ibsm.x[]_131,Ibsm.x[]_131,Ibsm.x[]_131,Ibsm.x_130,Ibsm.x_130,Ibsm.x_130,Ibsm.x_130,Ibsm.x_130,Ibsm.x_130,Ibsm.x[]_131,Ibsm.x[]_131,Ibsm.x_130,Ibsm.x_130,Ibsm_129,Ibsm_129,Ibsm_129,Ibsm.x_130,Ibsm.x[]_131,Ibsm.x[]_131,Ibsm.x[]_131,Ibsm.x[]_131,Ibsm.x[]_131,Ibsm.x_130,Ibsm.x_130,Ibsm.x_130,Ibsm.x_130,Ibsm.x_130,Ibsm.x_130,Ibsm.x_130,Ibsm.x_130,Ibsm_129,Ibsm_129,Ibsm_129,Ibsm.x_130,Ibsm.x[]_131,Ibsm.x[]_131,Ibsm.x[]_131,Ibsm.x_130,Ibsm.x_130,Ibsm.x_130,Ibsm.x_130,Ibsm.x_130,Ibsm.x_130,Ibsm.x[]_131,Ibsm.x[]_131,Ibsm.x_130,Ibsm.x_130,Ibsm_129,Ibsm_129,Ibsm_129,Ibsm.x_130,Ibsm.x[]_131,Ibsm.x[]_131,Ibsm.x_130,Ibsm.x_130,Ibsm.x_130,Ibsm.x_130,Ibsm.x[]_131,Ibsm.x[]_131,Ibsm.x[]_131,Ibsm.x_130,Ibsm.x_130,Ibsm.x_130,Ibsm.x_130,Ibsm_129,Ibsm_129]","[none_422,none_422,Sweep_432,Supports_451,Supports_451,Monitoring_430,Monitoring_430,Discovery_439,Discovery_439,Supports_451,Supports_451,Supports_451,Monitoring_430,Monitoring_430,Discovery_439,Discovery_439,none_422,none_422,none_422,Sweep_432,Supports_451,Supports_451,Supports_451,Monitoring_430,Monitoring_430,Monitoring_430,Discovery_439,Discovery_439,Discovery_439,Supports_451,Supports_451,Monitoring_430,Discovery_439,none_422,none_422,none_422,Sweep_432,Supports_451,Supports_451,Monitoring_430,Monitoring_430,Discovery_439,Discovery_439,Supports_451,Supports_451,Supports_451,Monitoring_430,Monitoring_430,Discovery_439,Discovery_439,none_422,none_422,none_422,Sweep_432,Supports_451,Supports_451,Monitoring_430,Monitoring_430,Discovery_439,Discovery_439,Supports_451,Supports_451,Supports_451,Monitoring_430,Monitoring_430,Discovery_439,Discovery_439,none_422,none_422,none_422,Sweep_432,Supports_451,Supports_451,Supports_451,Monitoring_430,Monitoring_430,Monitoring_430,Discovery_439,Discovery_439,Discovery_439,Supports_451,Supports_451,Monitoring_430,Discovery_439,none_422,none_422,none_422,Sweep_432,Supports_451,Supports_451,Supports_451,Supports_451,Supports_451,Monitoring_430,Monitoring_430,Monitoring_430,Monitoring_430,Discovery_439,Discovery_439,Discovery_439,Discovery_439,none_422,none_422,none_422,Sweep_432,Supports_451,Supports_451,Supports_451,Monitoring_430,Monitoring_430,Monitoring_430,Discovery_439,Discovery_439,Discovery_439,Supports_451,Supports_451,Monitoring_430,Discovery_439,none_422,none_422,none_422,Sweep_432,Supports_451,Supports_451,Supports_451,Monitoring_430,Monitoring_430,Monitoring_430,Discovery_439,Discovery_439,Discovery_439,Supports_451,Supports_451,Monitoring_430,Discovery_439,none_422,none_422,none_422,Sweep_432,Supports_451,Supports_451,Supports_451,Supports_451,Supports_451,Monitoring_430,Monitoring_430,Monitoring_430,Monitoring_430,Discovery_439,Discovery_439,Discovery_439,Discovery_439,none_422,none_422,none_422,Sweep_432,Supports_451,Supports_451,Monitoring_430,Monitoring_430,Discovery_439,Discovery_439,Supports_451,Supports_451,Supports_451,Monitoring_430,Monitoring_430,Discovery_439,Discovery_439,none_422,none_422,none_422,Sweep_432,Supports_451,Supports_451,Monitoring_430,Monitoring_430,Discovery_439,Discovery_439,Supports_451,Supports_451,Supports_451,Monitoring_430,Monitoring_430,Discovery_439,Discovery_439,none_422,none_422,none_422,Sweep_432,Supports_451,Supports_451,Supports_451,Monitoring_430,Monitoring_430,Monitoring_430,Discovery_439,Discovery_439,Discovery_439,Supports_451,Supports_451,Monitoring_430,Discovery_439,none_422,none_422,none_422,Sweep_432,Supports_451,Supports_451,Supports_451,Supports_451,Supports_451,Monitoring_430,Monitoring_430,Monitoring_430,Monitoring_430,Discovery_439,Discovery_439,Discovery_439,Discovery_439,none_422,none_422,none_422,Sweep_432,Supports_451,Supports_451,Supports_451,Monitoring_430,Monitoring_430,Monitoring_430,Discovery_439,Discovery_439,Discovery_439,Supports_451,Supports_451,Monitoring_430,Discovery_439,none_422,none_422,none_422,Sweep_432,Supports_451,Supports_451,Monitoring_430,Monitoring_430,Discovery_439,Discovery_439,Supports_451,Supports_451,Supports_451,Monitoring_430,Monitoring_430,Discovery_439,Discovery_439,none_422,none_422]","[none_683,none_684,none_697,failed_719,failed_719,failed_694,failed_694,failed_704,failed_704,none_717,failed_719,failed_719,failed_694,failed_694,failed_704,failed_704,none_683,none_683,none_684,none_697,failed_719,failed_719,failed_719,failed_694,failed_694,failed_694,failed_704,failed_704,failed_704,none_717,failed_719,failed_694,failed_704,none_683,none_683,none_684,none_697,failed_719,failed_719,failed_694,failed_694,failed_704,failed_704,none_717,failed_719,failed_719,failed_694,failed_694,failed_704,failed_704,none_683,none_683,none_684,none_697,failed_719,failed_719,failed_694,failed_694,failed_704,failed_704,none_717,failed_719,failed_719,failed_694,failed_694,failed_704,failed_704,none_683,none_683,none_684,none_697,failed_719,failed_719,failed_719,failed_694,failed_694,failed_694,failed_704,failed_704,failed_704,none_717,failed_719,failed_694,failed_704,none_683,none_683,none_684,none_697,none_717,failed_719,failed_719,failed_719,failed_719,failed_694,failed_694,failed_694,failed_694,failed_704,failed_704,failed_704,failed_704,none_683,none_683,none_684,none_697,failed_719,failed_719,failed_719,failed_694,failed_694,failed_694,failed_704,failed_704,failed_704,none_717,failed_719,failed_694,failed_704,none_683,none_683,none_684,none_697,failed_719,failed_719,failed_719,failed_694,failed_694,failed_694,failed_704,failed_704,failed_704,none_717,failed_719,failed_694,failed_704,none_683,none_683,none_684,none_697,none_717,failed_719,failed_719,failed_719,failed_719,failed_694,failed_694,failed_694,failed_694,failed_704,failed_704,failed_704,failed_704,none_683,none_683,none_684,none_697,failed_719,failed_719,failed_694,failed_694,failed_704,failed_704,none_717,failed_719,failed_719,failed_694,failed_694,failed_704,failed_704,none_683,none_683,none_684,none_697,failed_719,failed_719,failed_694,failed_694,failed_704,failed_704,none_717,failed_719,failed_719,failed_694,failed_694,failed_704,failed_704,none_683,none_683,none_684,none_697,failed_719,failed_719,failed_719,failed_694,failed_694,failed_694,failed_704,failed_704,failed_704,none_717,failed_719,failed_694,failed_704,none_683,none_683,none_684,none_697,none_717,failed_719,failed_719,failed_719,failed_719,failed_694,failed_694,failed_694,failed_694,failed_704,failed_704,failed_704,failed_704,none_683,none_683,none_684,none_697,failed_719,failed_719,failed_719,failed_694,failed_694,failed_694,failed_704,failed_704,failed_704,none_717,failed_719,failed_694,failed_704,none_683,none_683,none_684,none_697,failed_719,failed_719,failed_694,failed_694,failed_704,failed_704,none_717,failed_719,failed_719,failed_694,failed_694,failed_704,failed_704,none_683,none_683]"
530,76191,"['9', '2', '10', '2', '9', '2']","[ServerAdministrator_72,Snmpd_226,ServerAdministrator_72,Snmpd_226,ServerAdministrator_72,Snmpd_226]","[Initialize_291,Receiving_748,ReturningTo_290,Receiving_748,Initialize_291,Receiving_748]","[none_526,none_1082,normal_525,none_1082,none_526,none_1082]"
531,59197,"['10', '2', '9', '2', '10', '2', '9', '2', '10', '2']","[ServerAdministrator_72,Snmpd_226,ServerAdministrator_72,Snmpd_226,ServerAdministrator_72,Snmpd_226,ServerAdministrator_72,Snmpd_226,ServerAdministrator_72,Snmpd_226]","[ReturningTo_290,Receiving_748,Initialize_291,Receiving_748,ReturningTo_290,Receiving_748,Initialize_291,Receiving_748,ReturningTo_290,Receiving_748]","[normal_525,none_1082,none_526,none_1082,normal_525,none_1082,none_526,none_1082,normal_525,none_1082]"
532,64734,"['4', '1', '8']","[User_80,User_80,Crond_94]","[Register_307,Opened_309,Register_340]","[none_543,none_545,none_582]"
533,76854,"['10', '2', '9', '2']","[ServerAdministrator_72,Snmpd_226,ServerAdministrator_72,Snmpd_226]","[ReturningTo_290,Receiving_748,Initialize_291,Receiving_748]","[normal_525,none_1082,none_526,none_1082]"
534,27391,"['10', '2', '9', '2']","[ServerAdministrator_72,Snmpd_226,ServerAdministrator_72,Snmpd_226]","[ReturningTo_290,Receiving_748,Initialize_291,Receiving_748]","[normal_525,none_1082,none_526,none_1082]"
535,60976,"['9', '2', '10', '2', '9', '2', '10', '2', '9', '2', '10', '2']","[ServerAdministrator_72,Snmpd_226,ServerAdministrator_72,Snmpd_226,ServerAdministrator_72,Snmpd_226,ServerAdministrator_72,Snmpd_226,ServerAdministrator_72,Snmpd_226,ServerAdministrator_72,Snmpd_226]","[Initialize_291,Receiving_748,ReturningTo_290,Receiving_748,Initialize_291,Receiving_748,ReturningTo_290,Receiving_748,Initialize_291,Receiving_748,ReturningTo_290,Receiving_748]","[none_526,none_1082,normal_525,none_1082,none_526,none_1082,normal_525,none_1082,none_526,none_1082,normal_525,none_1082]"
536,49022,"['9', '2', '10', '2']","[ServerAdministrator_72,Snmpd_226,ServerAdministrator_72,Snmpd_226]","[Initialize_291,Receiving_748,ReturningTo_290,Receiving_748]","[none_526,none_1082,normal_525,none_1082]"
537,94061,"['1', '8', '18', '29', '42', '4', '45', '46']","[User_80,Crond_94,Ntpd_178,Sendmail_222,Sendmail_222,User_80,Sendmail_222,Sendmail_222]","[Opened_309,Register_340,Synchronized_589,Retrying_704,UnableToQualifyDomainName_719,Register_307,SendingEmail_715,Start_709]","[none_545,none_582,none_897,unknown_1029,error_1048,none_543,none_1044,deferred_1035]"
538,65932,"['4', '1', '8']","[User_80,User_80,Crond_94]","[Register_307,Opened_309,Register_340]","[none_543,none_545,none_582]"
539,83806,"['10', '2', '9', '2', '10', '2']","[ServerAdministrator_72,Snmpd_226,ServerAdministrator_72,Snmpd_226,ServerAdministrator_72,Snmpd_226]","[ReturningTo_290,Receiving_748,Initialize_291,Receiving_748,ReturningTo_290,Receiving_748]","[normal_525,none_1082,none_526,none_1082,normal_525,none_1082]"
540,79535,"['9', '2', '10', '2', '9', '2', '10', '2']","[ServerAdministrator_72,Snmpd_226,ServerAdministrator_72,Snmpd_226,ServerAdministrator_72,Snmpd_226,ServerAdministrator_72,Snmpd_226]","[Initialize_291,Receiving_748,ReturningTo_290,Receiving_748,Initialize_291,Receiving_748,ReturningTo_290,Receiving_748]","[none_526,none_1082,normal_525,none_1082,none_526,none_1082,normal_525,none_1082]"
541,98408,"['17', '19', '25', '14', '14', '12', '12', '13', '13', '26', '14', '14', '12', '12', '13', '13', '17', '17', '19', '25', '26', '14', '14', '14', '14', '12', '12', '12', '12', '13', '13', '13', '13', '17', '17', '19', '25', '26', '14', '14', '14', '14', '12', '12', '12', '12', '13', '13', '13', '13', '17', '17', '19', '25', '14', '14', '12', '12', '13', '13', '26', '14', '14', '12', '12', '13', '13', '17', '17', '19', '25', '26', '14', '14', '14', '14', '12', '12', '12', '12', '13', '13', '13', '13', '17', '17', '19', '25', '14', '14', '12', '12', '13', '13', '26', '14', '14', '12', '12', '13', '13', '17', '17', '19', '25', '26', '14', '14', '14', '14', '12', '12', '12', '12', '13', '13', '13', '13', '17', '17', '19', '25', '14', '14', '12', '12', '13', '13', '26', '14', '14', '12', '12', '13', '13', '17', '17', '19', '25', '14', '14', '12', '12', '13', '13', '26', '14', '14', '12', '12', '13', '13', '17', '17', '19', '25', '14', '14', '12', '12', '13', '13', '26', '14', '14', '12', '12', '13', '13', '17', '17', '19', '25', '26', '14', '14', '14', '14', '12', '12', '12', '12', '13', '13', '13', '13', '17', '17', '19', '25', '14', '14', '12', '12', '13', '13', '26', '14', '14', '12', '12', '13', '13', '17', '17', '19', '25', '14', '12', '13', '26', '14', '14', '14', '12', '12', '12', '13', '13', '13', '17', '17', '19', '25', '14', '14', '12', '12', '13', '13', '26', '14', '14', '12', '12', '13', '13', '17', '17', '19', '25', '14', '14', '12', '12', '13', '13', '26', '14', '14', '12', '12', '13', '13', '17', '17']","[Ibsm_129,Ibsm_129,Ibsm.x_130,Ibsm.x[]_131,Ibsm.x[]_131,Ibsm.x_130,Ibsm.x_130,Ibsm.x_130,Ibsm.x_130,Ibsm.x[]_131,Ibsm.x[]_131,Ibsm.x[]_131,Ibsm.x_130,Ibsm.x_130,Ibsm.x_130,Ibsm.x_130,Ibsm_129,Ibsm_129,Ibsm_129,Ibsm.x_130,Ibsm.x[]_131,Ibsm.x[]_131,Ibsm.x[]_131,Ibsm.x[]_131,Ibsm.x[]_131,Ibsm.x_130,Ibsm.x_130,Ibsm.x_130,Ibsm.x_130,Ibsm.x_130,Ibsm.x_130,Ibsm.x_130,Ibsm.x_130,Ibsm_129,Ibsm_129,Ibsm_129,Ibsm.x_130,Ibsm.x[]_131,Ibsm.x[]_131,Ibsm.x[]_131,Ibsm.x[]_131,Ibsm.x[]_131,Ibsm.x_130,Ibsm.x_130,Ibsm.x_130,Ibsm.x_130,Ibsm.x_130,Ibsm.x_130,Ibsm.x_130,Ibsm.x_130,Ibsm_129,Ibsm_129,Ibsm_129,Ibsm.x_130,Ibsm.x[]_131,Ibsm.x[]_131,Ibsm.x_130,Ibsm.x_130,Ibsm.x_130,Ibsm.x_130,Ibsm.x[]_131,Ibsm.x[]_131,Ibsm.x[]_131,Ibsm.x_130,Ibsm.x_130,Ibsm.x_130,Ibsm.x_130,Ibsm_129,Ibsm_129,Ibsm_129,Ibsm.x_130,Ibsm.x[]_131,Ibsm.x[]_131,Ibsm.x[]_131,Ibsm.x[]_131,Ibsm.x[]_131,Ibsm.x_130,Ibsm.x_130,Ibsm.x_130,Ibsm.x_130,Ibsm.x_130,Ibsm.x_130,Ibsm.x_130,Ibsm.x_130,Ibsm_129,Ibsm_129,Ibsm_129,Ibsm.x_130,Ibsm.x[]_131,Ibsm.x[]_131,Ibsm.x_130,Ibsm.x_130,Ibsm.x_130,Ibsm.x_130,Ibsm.x[]_131,Ibsm.x[]_131,Ibsm.x[]_131,Ibsm.x_130,Ibsm.x_130,Ibsm.x_130,Ibsm.x_130,Ibsm_129,Ibsm_129,Ibsm_129,Ibsm.x_130,Ibsm.x[]_131,Ibsm.x[]_131,Ibsm.x[]_131,Ibsm.x[]_131,Ibsm.x[]_131,Ibsm.x_130,Ibsm.x_130,Ibsm.x_130,Ibsm.x_130,Ibsm.x_130,Ibsm.x_130,Ibsm.x_130,Ibsm.x_130,Ibsm_129,Ibsm_129,Ibsm_129,Ibsm.x_130,Ibsm.x[]_131,Ibsm.x[]_131,Ibsm.x_130,Ibsm.x_130,Ibsm.x_130,Ibsm.x_130,Ibsm.x[]_131,Ibsm.x[]_131,Ibsm.x[]_131,Ibsm.x_130,Ibsm.x_130,Ibsm.x_130,Ibsm.x_130,Ibsm_129,Ibsm_129,Ibsm_129,Ibsm.x_130,Ibsm.x[]_131,Ibsm.x[]_131,Ibsm.x_130,Ibsm.x_130,Ibsm.x_130,Ibsm.x_130,Ibsm.x[]_131,Ibsm.x[]_131,Ibsm.x[]_131,Ibsm.x_130,Ibsm.x_130,Ibsm.x_130,Ibsm.x_130,Ibsm_129,Ibsm_129,Ibsm_129,Ibsm.x_130,Ibsm.x[]_131,Ibsm.x[]_131,Ibsm.x_130,Ibsm.x_130,Ibsm.x_130,Ibsm.x_130,Ibsm.x[]_131,Ibsm.x[]_131,Ibsm.x[]_131,Ibsm.x_130,Ibsm.x_130,Ibsm.x_130,Ibsm.x_130,Ibsm_129,Ibsm_129,Ibsm_129,Ibsm.x_130,Ibsm.x[]_131,Ibsm.x[]_131,Ibsm.x[]_131,Ibsm.x[]_131,Ibsm.x[]_131,Ibsm.x_130,Ibsm.x_130,Ibsm.x_130,Ibsm.x_130,Ibsm.x_130,Ibsm.x_130,Ibsm.x_130,Ibsm.x_130,Ibsm_129,Ibsm_129,Ibsm_129,Ibsm.x_130,Ibsm.x[]_131,Ibsm.x[]_131,Ibsm.x_130,Ibsm.x_130,Ibsm.x_130,Ibsm.x_130,Ibsm.x[]_131,Ibsm.x[]_131,Ibsm.x[]_131,Ibsm.x_130,Ibsm.x_130,Ibsm.x_130,Ibsm.x_130,Ibsm_129,Ibsm_129,Ibsm_129,Ibsm.x_130,Ibsm.x[]_131,Ibsm.x_130,Ibsm.x_130,Ibsm.x[]_131,Ibsm.x[]_131,Ibsm.x[]_131,Ibsm.x[]_131,Ibsm.x_130,Ibsm.x_130,Ibsm.x_130,Ibsm.x_130,Ibsm.x_130,Ibsm.x_130,Ibsm_129,Ibsm_129,Ibsm_129,Ibsm.x_130,Ibsm.x[]_131,Ibsm.x[]_131,Ibsm.x_130,Ibsm.x_130,Ibsm.x_130,Ibsm.x_130,Ibsm.x[]_131,Ibsm.x[]_131,Ibsm.x[]_131,Ibsm.x_130,Ibsm.x_130,Ibsm.x_130,Ibsm.x_130,Ibsm_129,Ibsm_129,Ibsm_129,Ibsm.x_130,Ibsm.x[]_131,Ibsm.x[]_131,Ibsm.x_130,Ibsm.x_130,Ibsm.x_130,Ibsm.x_130,Ibsm.x[]_131,Ibsm.x[]_131,Ibsm.x[]_131,Ibsm.x_130,Ibsm.x_130,Ibsm.x_130,Ibsm.x_130,Ibsm_129,Ibsm_129]","[none_422,none_422,Sweep_432,Supports_451,Supports_451,Monitoring_430,Monitoring_430,Discovery_439,Discovery_439,Supports_451,Supports_451,Supports_451,Monitoring_430,Monitoring_430,Discovery_439,Discovery_439,none_422,none_422,none_422,Sweep_432,Supports_451,Supports_451,Supports_451,Supports_451,Supports_451,Monitoring_430,Monitoring_430,Monitoring_430,Monitoring_430,Discovery_439,Discovery_439,Discovery_439,Discovery_439,none_422,none_422,none_422,Sweep_432,Supports_451,Supports_451,Supports_451,Supports_451,Supports_451,Monitoring_430,Monitoring_430,Monitoring_430,Monitoring_430,Discovery_439,Discovery_439,Discovery_439,Discovery_439,none_422,none_422,none_422,Sweep_432,Supports_451,Supports_451,Monitoring_430,Monitoring_430,Discovery_439,Discovery_439,Supports_451,Supports_451,Supports_451,Monitoring_430,Monitoring_430,Discovery_439,Discovery_439,none_422,none_422,none_422,Sweep_432,Supports_451,Supports_451,Supports_451,Supports_451,Supports_451,Monitoring_430,Monitoring_430,Monitoring_430,Monitoring_430,Discovery_439,Discovery_439,Discovery_439,Discovery_439,none_422,none_422,none_422,Sweep_432,Supports_451,Supports_451,Monitoring_430,Monitoring_430,Discovery_439,Discovery_439,Supports_451,Supports_451,Supports_451,Monitoring_430,Monitoring_430,Discovery_439,Discovery_439,none_422,none_422,none_422,Sweep_432,Supports_451,Supports_451,Supports_451,Supports_451,Supports_451,Monitoring_430,Monitoring_430,Monitoring_430,Monitoring_430,Discovery_439,Discovery_439,Discovery_439,Discovery_439,none_422,none_422,none_422,Sweep_432,Supports_451,Supports_451,Monitoring_430,Monitoring_430,Discovery_439,Discovery_439,Supports_451,Supports_451,Supports_451,Monitoring_430,Monitoring_430,Discovery_439,Discovery_439,none_422,none_422,none_422,Sweep_432,Supports_451,Supports_451,Monitoring_430,Monitoring_430,Discovery_439,Discovery_439,Supports_451,Supports_451,Supports_451,Monitoring_430,Monitoring_430,Discovery_439,Discovery_439,none_422,none_422,none_422,Sweep_432,Supports_451,Supports_451,Monitoring_430,Monitoring_430,Discovery_439,Discovery_439,Supports_451,Supports_451,Supports_451,Monitoring_430,Monitoring_430,Discovery_439,Discovery_439,none_422,none_422,none_422,Sweep_432,Supports_451,Supports_451,Supports_451,Supports_451,Supports_451,Monitoring_430,Monitoring_430,Monitoring_430,Monitoring_430,Discovery_439,Discovery_439,Discovery_439,Discovery_439,none_422,none_422,none_422,Sweep_432,Supports_451,Supports_451,Monitoring_430,Monitoring_430,Discovery_439,Discovery_439,Supports_451,Supports_451,Supports_451,Monitoring_430,Monitoring_430,Discovery_439,Discovery_439,none_422,none_422,none_422,Sweep_432,Supports_451,Monitoring_430,Discovery_439,Supports_451,Supports_451,Supports_451,Supports_451,Monitoring_430,Monitoring_430,Monitoring_430,Discovery_439,Discovery_439,Discovery_439,none_422,none_422,none_422,Sweep_432,Supports_451,Supports_451,Monitoring_430,Monitoring_430,Discovery_439,Discovery_439,Supports_451,Supports_451,Supports_451,Monitoring_430,Monitoring_430,Discovery_439,Discovery_439,none_422,none_422,none_422,Sweep_432,Supports_451,Supports_451,Monitoring_430,Monitoring_430,Discovery_439,Discovery_439,Supports_451,Supports_451,Supports_451,Monitoring_430,Monitoring_430,Discovery_439,Discovery_439,none_422,none_422]","[none_683,none_684,none_697,failed_719,failed_719,failed_694,failed_694,failed_704,failed_704,none_717,failed_719,failed_719,failed_694,failed_694,failed_704,failed_704,none_683,none_683,none_684,none_697,none_717,failed_719,failed_719,failed_719,failed_719,failed_694,failed_694,failed_694,failed_694,failed_704,failed_704,failed_704,failed_704,none_683,none_683,none_684,none_697,none_717,failed_719,failed_719,failed_719,failed_719,failed_694,failed_694,failed_694,failed_694,failed_704,failed_704,failed_704,failed_704,none_683,none_683,none_684,none_697,failed_719,failed_719,failed_694,failed_694,failed_704,failed_704,none_717,failed_719,failed_719,failed_694,failed_694,failed_704,failed_704,none_683,none_683,none_684,none_697,none_717,failed_719,failed_719,failed_719,failed_719,failed_694,failed_694,failed_694,failed_694,failed_704,failed_704,failed_704,failed_704,none_683,none_683,none_684,none_697,failed_719,failed_719,failed_694,failed_694,failed_704,failed_704,none_717,failed_719,failed_719,failed_694,failed_694,failed_704,failed_704,none_683,none_683,none_684,none_697,none_717,failed_719,failed_719,failed_719,failed_719,failed_694,failed_694,failed_694,failed_694,failed_704,failed_704,failed_704,failed_704,none_683,none_683,none_684,none_697,failed_719,failed_719,failed_694,failed_694,failed_704,failed_704,none_717,failed_719,failed_719,failed_694,failed_694,failed_704,failed_704,none_683,none_683,none_684,none_697,failed_719,failed_719,failed_694,failed_694,failed_704,failed_704,none_717,failed_719,failed_719,failed_694,failed_694,failed_704,failed_704,none_683,none_683,none_684,none_697,failed_719,failed_719,failed_694,failed_694,failed_704,failed_704,none_717,failed_719,failed_719,failed_694,failed_694,failed_704,failed_704,none_683,none_683,none_684,none_697,none_717,failed_719,failed_719,failed_719,failed_719,failed_694,failed_694,failed_694,failed_694,failed_704,failed_704,failed_704,failed_704,none_683,none_683,none_684,none_697,failed_719,failed_719,failed_694,failed_694,failed_704,failed_704,none_717,failed_719,failed_719,failed_694,failed_694,failed_704,failed_704,none_683,none_683,none_684,none_697,failed_719,failed_694,failed_704,none_717,failed_719,failed_719,failed_719,failed_694,failed_694,failed_694,failed_704,failed_704,failed_704,none_683,none_683,none_684,none_697,failed_719,failed_719,failed_694,failed_694,failed_704,failed_704,none_717,failed_719,failed_719,failed_694,failed_694,failed_704,failed_704,none_683,none_683,none_684,none_697,failed_719,failed_719,failed_694,failed_694,failed_704,failed_704,none_717,failed_719,failed_719,failed_694,failed_694,failed_704,failed_704,none_683,none_683]"
542,58060,"['10', '2', '9', '2', '10', '2', '9', '2', '1', '5', '10', '2', '9', '2', '10', '2']","[ServerAdministrator_72,Snmpd_226,ServerAdministrator_72,Snmpd_226,ServerAdministrator_72,Snmpd_226,ServerAdministrator_72,Snmpd_226,User_80,Sshd_228,ServerAdministrator_72,Snmpd_226,ServerAdministrator_72,Snmpd_226,ServerAdministrator_72,Snmpd_226]","[ReturningTo_290,Receiving_748,Initialize_291,Receiving_748,ReturningTo_290,Receiving_748,Initialize_291,Receiving_748,Opened_309,Connecting_786,ReturningTo_290,Receiving_748,Initialize_291,Receiving_748,ReturningTo_290,Receiving_748]","[normal_525,none_1082,none_526,none_1082,normal_525,none_1082,none_526,none_1082,none_545,none_1134,normal_525,none_1082,none_526,none_1082,normal_525,none_1082]"
543,58478,"['10', '2', '9', '2', '10', '2', '9', '2']","[ServerAdministrator_72,Snmpd_226,ServerAdministrator_72,Snmpd_226,ServerAdministrator_72,Snmpd_226,ServerAdministrator_72,Snmpd_226]","[ReturningTo_290,Receiving_748,Initialize_291,Receiving_748,ReturningTo_290,Receiving_748,Initialize_291,Receiving_748]","[normal_525,none_1082,none_526,none_1082,normal_525,none_1082,none_526,none_1082]"
544,63770,"['4', '1', '8']","[User_80,User_80,Crond_94]","[Register_307,Opened_309,Register_340]","[none_543,none_545,none_582]"
545,99485,"['4', '1', '8']","[User_80,User_80,Crond_94]","[Register_307,Opened_309,Register_340]","[none_543,none_545,none_582]"
546,29167,"['10', '2', '9', '2', '10', '2', '9', '2']","[ServerAdministrator_72,Snmpd_226,ServerAdministrator_72,Snmpd_226,ServerAdministrator_72,Snmpd_226,ServerAdministrator_72,Snmpd_226]","[ReturningTo_290,Receiving_748,Initialize_291,Receiving_748,ReturningTo_290,Receiving_748,Initialize_291,Receiving_748]","[normal_525,none_1082,none_526,none_1082,normal_525,none_1082,none_526,none_1082]"
547,26804,"['9', '2', '10', '2', '9', '2', '10', '2', '9', '2', '10', '2', '9', '2', '10', '2', '9', '2']","[ServerAdministrator_72,Snmpd_226,ServerAdministrator_72,Snmpd_226,ServerAdministrator_72,Snmpd_226,ServerAdministrator_72,Snmpd_226,ServerAdministrator_72,Snmpd_226,ServerAdministrator_72,Snmpd_226,ServerAdministrator_72,Snmpd_226,ServerAdministrator_72,Snmpd_226,ServerAdministrator_72,Snmpd_226]","[Initialize_291,Receiving_748,ReturningTo_290,Receiving_748,Initialize_291,Receiving_748,ReturningTo_290,Receiving_748,Initialize_291,Receiving_748,ReturningTo_290,Receiving_748,Initialize_291,Receiving_748,ReturningTo_290,Receiving_748,Initialize_291,Receiving_748]","[none_526,none_1082,normal_525,none_1082,none_526,none_1082,normal_525,none_1082,none_526,none_1082,normal_525,none_1082,none_526,none_1082,normal_525,none_1082,none_526,none_1082]"
548,22010,"['164', '166', '1', '5', '111', '34', '31', '31', '31', '31', '176', '106', '122', '295', '31', '87', '259', '35', '269', '257', '267', '103', '177', '31', '187', '31', '173', '31', '298', '177', '168', '168', '34', '31', '31', '312', '190']","[Init_137,System_236,User_80,Sshd_228,Kernel_43,Shutdown_40,Shutdown_40,Shutdown_40,Shutdown_40,Shutdown_40,Smartd_225,Snmpd_226,-term_0,Sshd_228,Shutdown_40,Kernel_43,Panfs_184,Kernel_43,Fsclientcap_123,Rpcs_64,Subdev_231,Kernel_43,Filesystems_115,Shutdown_40,Ntpd_178,Shutdown_40,Snmpd_226,Shutdown_40,Xinetd_256,Filesystems_115,Kernel_43,Kernel_43,Shutdown_40,Shutdown_40,Shutdown_40,Signal_25,none_264]","[To_472,ShuttingDown_808,Opened_309,Connecting_786,Segfault_81,Configuring_68,Configuring_68,Configuring_68,Configuring_68,Configuring_68,none_731,Disconnected_744,Succeeded_0,Terminating_785,Configuring_68,none_72,Umounting_616,none_72,Scrubbing_407,Returning_267,Startup_790,none_72,Create_392,Configuring_68,Exiting_598,Configuring_68,ShuttingDown_751,Configuring_68,Exiting_839,Create_392,none_72,none_72,Configuring_68,Configuring_68,Configuring_68,Un-registeringAndExiting_51,Register_849]","[none_741,none_1162,none_545,none_1134,error_211,none_88,none_89,none_89,none_89,none_89,failed_1063,none_1077,none_0,none_1133,none_89,none_157,none_929,none_165,starting_665,none_492,done_1138,none_156,none_646,none_89,none_909,none_89,none_1085,none_89,none_1195,none_646,none_94,none_94,none_88,none_89,none_89,none_71,signal_1205]"
549,59894,"['9', '2', '10', '2']","[ServerAdministrator_72,Snmpd_226,ServerAdministrator_72,Snmpd_226]","[Initialize_291,Receiving_748,ReturningTo_290,Receiving_748]","[none_526,none_1082,normal_525,none_1082]"
550,92463,"['1', '8', '29', '4', '1', '8', '42', '4', '45', '46']","[User_80,Crond_94,Sendmail_222,User_80,User_80,Crond_94,Sendmail_222,User_80,Sendmail_222,Sendmail_222]","[Opened_309,Register_340,Retrying_704,Register_307,Opened_309,Register_340,UnableToQualifyDomainName_719,Register_307,SendingEmail_715,Start_709]","[none_545,none_582,unknown_1029,none_543,none_545,none_582,error_1048,none_543,none_1044,deferred_1035]"
551,57103,"['9', '2', '10', '2', '9', '2']","[ServerAdministrator_72,Snmpd_226,ServerAdministrator_72,Snmpd_226,ServerAdministrator_72,Snmpd_226]","[Initialize_291,Receiving_748,ReturningTo_290,Receiving_748,Initialize_291,Receiving_748]","[none_526,none_1082,normal_525,none_1082,none_526,none_1082]"
552,95385,"['9', '2', '10', '2', '9', '2', '10', '2', '9', '2', '10', '2', '9', '2']","[ServerAdministrator_72,Snmpd_226,ServerAdministrator_72,Snmpd_226,ServerAdministrator_72,Snmpd_226,ServerAdministrator_72,Snmpd_226,ServerAdministrator_72,Snmpd_226,ServerAdministrator_72,Snmpd_226,ServerAdministrator_72,Snmpd_226]","[Initialize_291,Receiving_748,ReturningTo_290,Receiving_748,Initialize_291,Receiving_748,ReturningTo_290,Receiving_748,Initialize_291,Receiving_748,ReturningTo_290,Receiving_748,Initialize_291,Receiving_748]","[none_526,none_1082,normal_525,none_1082,none_526,none_1082,normal_525,none_1082,none_526,none_1082,normal_525,none_1082,none_526,none_1082]"
553,63999,"['4', '1', '8']","[User_80,User_80,Crond_94]","[Register_307,Opened_309,Register_340]","[none_543,none_545,none_582]"
554,33522,"['22', '87', '87', '223', '100', '100', '100', '132', '132', '340', '282', '39', '39', '197', '39', '39', '39', '39', '39', '39', '137', '137', '245', '136', '285', '239', '32', '49', '49', '49', '206', '119', '119', '32', '32', '32', '32', '32', '32', '241', '32', '32', '32', '32', '60', '60', '60', '60', '32', '49', '49', '133', '97', '97', '133', '96', '96', '96', '97', '38', '38', '38', '38', '38', '38', '38', '38', '38', '38', '38', '28', '28', '28', '28', '28', '28', '28', '28', '28', '28', '28', '28', '28', '28', '28', '28', '28', '28', '28', '28', '28', '32', '32', '32', '279', '49', '49', '231', '130', '289', '273', '135', '135', '194', '284', '212', '117', '232', '208', '219', '50', '50', '50', '50', '50', '50', '93', '93', '93', '140', '140', '215', '35', '218', '237', '205', '217', '226', '70', '77', '77', '77', '77', '79', '79', '79', '79', '117', '242', '271', '67', '67', '67', '264', '35', '35', '274', '230', '70', '276', '266', '293', '238', '191', '35', '286', '221', '70', '57', '57', '57', '57', '57', '116', '203', '283', '270', '243', '228', '64', '64', '64', '64', '64', '94', '130', '94', '94', '296', '70', '229', '62', '62', '62', '62', '62', '62', '115', '115', '256', '246', '250', '251', '95', '35', '95', '120', '95', '209', '272', '204', '265', '224', '248', '255', '281', '252', '220', '124', '247', '124', '260', '121', '121', '417', '417', '310', '125', '35', '240', '261', '294', '263', '68', '68', '68', '68', '126', '112', '127', '291', '127', '71', '275', '73', '72', '69', '37', '37', '37', '37', '37', '37', '37', '37', '37', '37', '309', '163', '163', '262', '258', '68', '76', '76', '76']","[Startup_230,Kernel_43,Kernel_43,Intel(r)Xeon(tm)Cpu_41,Kernel_43,Kernel_43,Kernel_43,Kernel_43,Kernel_43,Kernel_43,Kernel_43,Kernel_43,Kernel_43,Kernel_43,Kernel_43,Kernel_43,Kernel_43,Kernel_43,Kernel_43,Kernel_43,Kernel_43,Kernel_43,Kernel_43,Kernel_43,Kernel_43,Kernel_43,Kernel_43,Acpi_6,Acpi_6,Acpi_6,Kernel_43,Kernel_43,Kernel_43,Kernel_43,Kernel_43,Kernel_43,Kernel_43,Kernel_43,Kernel_43,Acpi_6,Kernel_43,Kernel_43,Kernel_43,Kernel_43,Acpi_6,Acpi_6,Acpi_6,Acpi_6,Kernel_43,Acpi_6,Acpi_6,Acpi_6,Acpi_6,Acpi_6,Acpi_6,Acpi_6,Acpi_6,Acpi_6,Acpi_6,Kernel_43,Kernel_43,Kernel_43,Kernel_43,Kernel_43,Kernel_43,Kernel_43,Kernel_43,Kernel_43,Kernel_43,Kernel_43,Acpi_6,Acpi_6,Acpi_6,Acpi_6,Acpi_6,Acpi_6,Acpi_6,Acpi_6,Acpi_6,Acpi_6,Acpi_6,Acpi_6,Acpi_6,Acpi_6,Acpi_6,Acpi_6,Acpi_6,Acpi_6,Acpi_6,Acpi_6,Acpi_6,Kernel_43,Kernel_43,Kernel_43,Acpi_6,Acpi_6,Acpi_6,Kernel_43,Kernel_43,Kernel_43,Kernel_43,Kernel_43,Kernel_43,Kernel_43,Kernel_43,Kernel_43,Kernel_43,Kernel_43,Kernel_43,Cpu_17,Kernel_43,Kernel_43,Kernel_43,Kernel_43,Kernel_43,Kernel_43,Cpu_17,Cpu_17,Cpu_17,Kernel_43,Kernel_43,Kernel_43,Kernel_43,Kernel_43,Kernel_43,Kernel_43,Kernel_43,Timer_242,HashTable_127,Kernel_43,Kernel_43,Kernel_43,Kernel_43,Kernel_43,Kernel_43,Kernel_43,Kernel_43,Kernel_43,Kernel_43,Kernel_43,Kernel_43,Kernel_43,Kernel_43,Kernel_43,Kernel_43,Kernel_43,Kernel_43,Kernel_43,HashTable_127,Failed_144,Shutdown_40,Kernel_43,Linux_47,Kernel_43,Kernel_43,Device_102,Kernel_43,HashTable_127,Kernel_43,Kernel_43,Kernel_43,Kernel_43,Kernel_43,Found_119,Kernel_43,Kernel_43,Pci-dma_58,Kernel_43,Kernel_43,Device_102,Device_102,Device_102,Device_102,Device_102,Kernel_43,Kernel_43,Kernel_43,Kernel_43,Kernel_43,HashTable_127,Kernel_43,Kernel_43,Kernel_43,Kernel_43,Kernel_43,Kernel_43,Kernel_43,Kernel_43,Kernel_43,RamDisks_61,RealTimeClockDriver_65,Kernel_43,Kernel_43,Kernel_43,Kernel_43,Kernel_43,Kernel_43,Kernel_43,SecurityScaffold_71,Driver_109,Kernel_43,Kernel_43,Kernel_43,Kernel_43,Kernel_43,UsbUniversalHostControllerInterfaceDriver_78,Kernel_43,Kernel_43,Kernel_43,Kernel_43,Kernel_43,Kernel_43,Kernel_43,Kernel_43,Kernel_43,Kernel_43,Kernel_43,Kernel_43,Kernel_43,Kernel_43,Kernel_43,Kernel_43,Device-mapper_103,Kernel_43,Kernel_43,Kernel_43,Kernel_43,Kernel_43,Kernel_43,Kernel_43,Kernel_43,Kernel_43,HostController_28,Usb_77,Kernel_43,Kernel_43,Kernel_43,Kernel_43,Kernel_43,Kernel_43,Kernel_43,Kernel_43,Kernel_43,Kernel_43,Kernel_43,Kernel_43,Kernel_43,Hwrandom_128,Kernel_43,Kernel_43,Kernel_43,Kernel_43,Kernel_43,Kernel_43,Kernel_43,Kernel_43]","[Succeeded_788,none_72,none_72,Stepping_70,LifoBatch_201,LifoBatch_201,LifoBatch_201,Revision_202,Revision_202,none_72,none_72,Dispatching_141,Dispatching_141,Initialize_95,Dispatching_141,Dispatching_141,Dispatching_141,Dispatching_141,Dispatching_141,Dispatching_141,Callverify_203,Callverify_203,none_72,Register_163,none_72,Register_148,none_72,none_13,none_13,none_13,none_72,Int_200,Int_200,none_72,none_72,none_72,none_72,none_72,none_72,Enabled_15,none_72,none_72,none_72,none_72,Installing_12,Installing_12,Installing_12,Installing_12,none_72,none_13,none_13,Irq_19,Configured_17,Configured_17,Irq_19,Initialized_16,Initialized_16,Initialized_16,Configured_17,Receive_199,Receive_199,Receive_199,Receive_199,Receive_199,Receive_199,Receive_199,Receive_199,Receive_199,Receive_199,Receive_199,Initialized_16,Initialized_16,Initialized_16,Initialized_16,Initialized_16,Initialized_16,Initialized_16,Initialized_16,Initialized_16,Initialized_16,Initialized_16,Initialized_16,Initialized_16,Initialized_16,Initialized_16,Initialized_16,Initialized_16,Initialized_16,Initialized_16,Initialized_16,Initialized_16,none_72,none_72,none_72,none_13,none_13,none_13,SubsystemRevision_198,Using_187,Adding_188,Attached_189,Attached_189,Attached_189,none_72,BootdataOk_190,Send_191,none_72,BroughtUp_193,Building_194,Stepping_37,none_72,none_72,none_72,none_72,none_72,none_72,none_35,none_35,none_35,Calibrating_195,Calibrating_195,Register_148,none_72,Colour_212,none_72,Present_206,none_72,none_815,Installation_418,none_72,none_72,none_72,none_72,Mounting_178,Mounting_178,Mounting_178,Mounting_178,none_72,Freeing_87,none_72,none_72,none_72,none_72,none_72,none_72,none_72,Initializing_204,Initializing_204,Installation_418,Detected_484,none_67,none_72,Interface_232,none_72,none_72,Register_357,none_72,Installation_418,Registered_152,Registered_152,Registered_152,Registered_152,Registered_152,none_399,none_72,none_72,UsingSoftwareBounceBuffering_256,none_72,Probing_90,SettingLatencyTimer_355,SettingLatencyTimer_355,SettingLatencyTimer_355,SettingLatencyTimer_355,SettingLatencyTimer_355,none_72,Using_187,none_72,none_72,none_72,Installation_418,Placing_205,Probing_90,Probing_90,Probing_90,Probing_90,Probing_90,Probing_90,none_72,none_72,Initialized_261,Register_268,none_72,Initialized_211,none_72,none_72,none_72,none_72,none_72,Initialized_279,Ports_383,Determiningipinformation_210,Configured_209,Register_148,Allocated_208,Activated_207,Initializing_304,none_72,Configuring_142,Using_187,Using_187,Using_187,Assuming_93,none_72,none_72,FindingHwAddress_214,FindingHwAddress_214,SettingLid_196,none_72,none_72,Initializing_204,Checking_91,Checking_91,Initialised_361,Probing_90,Probing_90,Probing_90,Probing_90,NotAllocating_221,none_72,none_72,LinkIsUp_219,none_72,Configuring_55,Register_301,none_72,Probing_90,none_72,Register_148,Register_148,Register_148,Register_148,Register_148,Register_148,Register_148,Register_148,Register_148,Register_148,Loaded_419,Register_163,Register_163,Register_163,Assuming_93,Probing_90,none_72,none_72,none_72]","[none_1136,none_157,none_157,none_91,none_419,none_419,none_419,none_420,none_420,none_159,none_160,-_316,-_316,-_245,-_316,-_316,-_316,-_316,-_316,-_316,successful_421,successful_421,none_161,none_369,none_162,none_335,none_163,none_21,none_21,none_21,none_164,none_418,none_418,none_163,none_163,none_163,none_163,none_163,none_163,none_30,none_163,none_163,none_163,none_163,none_14,none_14,none_14,none_14,none_163,none_21,none_21,none_35,none_33,none_33,none_35,none_32,none_32,none_32,none_33,none_417,none_417,none_417,none_417,none_417,none_417,none_417,none_417,none_417,none_417,none_417,none_31,none_31,none_31,none_31,none_31,none_31,none_31,none_31,none_31,none_31,none_31,none_31,none_31,none_31,none_31,none_31,none_31,none_31,none_31,none_31,none_31,none_163,none_163,none_163,none_23,none_21,none_21,none_416,none_401,none_404,none_405,none_406,none_406,none_151,none_407,none_409,none_152,none_411,none_412,none_57,none_154,none_154,none_154,none_154,none_154,none_154,none_54,none_54,none_54,none_413,none_413,secondary_336,none_165,none_432,none_166,none_426,none_180,none_1169,none_676,internal_182,internal_182,internal_182,internal_182,ordered data mode_392,ordered data mode_392,ordered data mode_392,ordered data mode_392,none_152,unused_219,none_168,none_170,none_170,none_170,none_171,none_165,none_165,none_423,none_422,none_676,none_754,version_87,none_172,none_453,none_173,none_165,none_602,available_174,none_676,none_351,none_351,none_351,none_351,none_351,none_653,error_158,none_184,none_480,none_175,none_226,none_597,none_597,none_597,none_597,none_597,none_169,none_401,none_169,none_169,unsupported_167,none_676,none_425,none_227,none_227,none_227,none_227,none_227,none_227,none_183,none_183,none_485,none_493,none_181,none_431,none_179,none_165,none_179,in_178,none_179,none_506,enabled_637,none_430,established_429,failed_339,none_428,none_427,none_539,none_177,none_320,none_403,none_402,none_403,none_241,warning_176,warning_176,error_434,error_434,none_414,none_153,none_165,disabled_424,passed_237,initramfs_236,none_607,none_228,none_228,none_228,none_228,none_441,none_189,none_185,none_439,none_185,none_75,none_536,none_201,none_223,no_119,none_343,none_343,none_343,none_343,none_343,none_343,none_343,none_343,none_343,none_343,none_677,none_370,none_370,none_371,none_242,none_228,none_196,none_196,none_196]"
555,70811,"['10', '2', '9', '2', '10', '2', '9', '2', '10', '2', '9', '2']","[ServerAdministrator_72,Snmpd_226,ServerAdministrator_72,Snmpd_226,ServerAdministrator_72,Snmpd_226,ServerAdministrator_72,Snmpd_226,ServerAdministrator_72,Snmpd_226,ServerAdministrator_72,Snmpd_226]","[ReturningTo_290,Receiving_748,Initialize_291,Receiving_748,ReturningTo_290,Receiving_748,Initialize_291,Receiving_748,ReturningTo_290,Receiving_748,Initialize_291,Receiving_748]","[normal_525,none_1082,none_526,none_1082,normal_525,none_1082,none_526,none_1082,normal_525,none_1082,none_526,none_1082]"
556,86394,"['9', '2', '10', '2', '9', '2', '10', '2', '9', '2', '10', '2']","[ServerAdministrator_72,Snmpd_226,ServerAdministrator_72,Snmpd_226,ServerAdministrator_72,Snmpd_226,ServerAdministrator_72,Snmpd_226,ServerAdministrator_72,Snmpd_226,ServerAdministrator_72,Snmpd_226]","[Initialize_291,Receiving_748,ReturningTo_290,Receiving_748,Initialize_291,Receiving_748,ReturningTo_290,Receiving_748,Initialize_291,Receiving_748,ReturningTo_290,Receiving_748]","[none_526,none_1082,normal_525,none_1082,none_526,none_1082,normal_525,none_1082,none_526,none_1082,normal_525,none_1082]"
557,67792,"['4', '1', '8']","[User_80,User_80,Crond_94]","[Register_307,Opened_309,Register_340]","[none_543,none_545,none_582]"
558,95069,"['1', '8', '29', '42', '4', '45', '46']","[User_80,Crond_94,Sendmail_222,Sendmail_222,User_80,Sendmail_222,Sendmail_222]","[Opened_309,Register_340,Retrying_704,UnableToQualifyDomainName_719,Register_307,SendingEmail_715,Start_709]","[none_545,none_582,unknown_1029,error_1048,none_543,none_1044,deferred_1035]"
559,69144,"['9', '2', '10', '2']","[ServerAdministrator_72,Snmpd_226,ServerAdministrator_72,Snmpd_226]","[Initialize_291,Receiving_748,ReturningTo_290,Receiving_748]","[none_526,none_1082,normal_525,none_1082]"
560,61963,"['9', '2', '10', '2', '9', '2', '10', '2']","[ServerAdministrator_72,Snmpd_226,ServerAdministrator_72,Snmpd_226,ServerAdministrator_72,Snmpd_226,ServerAdministrator_72,Snmpd_226]","[Initialize_291,Receiving_748,ReturningTo_290,Receiving_748,Initialize_291,Receiving_748,ReturningTo_290,Receiving_748]","[none_526,none_1082,normal_525,none_1082,none_526,none_1082,normal_525,none_1082]"
561,33512,"['18', '1', '5']","[Ntpd_178,User_80,Sshd_228]","[Synchronized_589,Opened_309,Connecting_786]","[none_897,none_545,none_1134]"
562,65572,"['4', '1', '8']","[User_80,User_80,Crond_94]","[Register_307,Opened_309,Register_340]","[none_543,none_545,none_582]"
563,57651,"['10', '2', '9', '2', '10', '2', '9', '2', '10', '2', '9', '2']","[ServerAdministrator_72,Snmpd_226,ServerAdministrator_72,Snmpd_226,ServerAdministrator_72,Snmpd_226,ServerAdministrator_72,Snmpd_226,ServerAdministrator_72,Snmpd_226,ServerAdministrator_72,Snmpd_226]","[ReturningTo_290,Receiving_748,Initialize_291,Receiving_748,ReturningTo_290,Receiving_748,Initialize_291,Receiving_748,ReturningTo_290,Receiving_748,Initialize_291,Receiving_748]","[normal_525,none_1082,none_526,none_1082,normal_525,none_1082,none_526,none_1082,normal_525,none_1082,none_526,none_1082]"
564,68801,"['4', '1', '8']","[User_80,User_80,Crond_94]","[Register_307,Opened_309,Register_340]","[none_543,none_545,none_582]"
565,67432,"['4', '1', '8', '1', '8', '29', '45', '46', '42', '47', '4']","[User_80,User_80,Crond_94,User_80,Crond_94,Sendmail_222,Sendmail_222,Sendmail_222,Sendmail_222,Anacron_84,User_80]","[Register_307,Opened_309,Register_340,Opened_309,Register_340,Retrying_704,SendingEmail_715,Start_709,UnableToQualifyDomainName_719,UpdateTimestamp_319,Register_307]","[none_543,none_545,none_582,none_545,none_582,unknown_1029,none_1044,deferred_1035,error_1048,none_555,none_543]"
566,64704,"['4', '1', '8']","[User_80,User_80,Crond_94]","[Register_307,Opened_309,Register_340]","[none_543,none_545,none_582]"
567,46878,"['10', '2', '9', '2']","[ServerAdministrator_72,Snmpd_226,ServerAdministrator_72,Snmpd_226]","[ReturningTo_290,Receiving_748,Initialize_291,Receiving_748]","[normal_525,none_1082,none_526,none_1082]"
568,32769,"['1', '5', '164', '166', '111', '34', '31', '31', '176', '122', '295', '106', '31', '31', '31', '87', '259', '35', '269', '257', '267', '103', '177', '173', '31', '31', '31', '298', '187']","[User_80,Sshd_228,Init_137,System_236,Kernel_43,Shutdown_40,Shutdown_40,Shutdown_40,Smartd_225,-term_0,Sshd_228,Snmpd_226,Shutdown_40,Shutdown_40,Shutdown_40,Kernel_43,Panfs_184,Kernel_43,Fsclientcap_123,Rpcs_64,Subdev_231,Kernel_43,Filesystems_115,Snmpd_226,Shutdown_40,Shutdown_40,Shutdown_40,Xinetd_256,Ntpd_178]","[Opened_309,Connecting_786,To_472,ShuttingDown_808,Segfault_81,Configuring_68,Configuring_68,Configuring_68,none_731,Succeeded_0,Terminating_785,Disconnected_744,Configuring_68,Configuring_68,Configuring_68,none_72,Umounting_616,none_72,Scrubbing_407,Returning_267,Startup_790,none_72,Create_392,ShuttingDown_751,Configuring_68,Configuring_68,Configuring_68,Exiting_839,Exiting_598]","[none_545,none_1134,none_741,none_1162,error_211,none_88,none_89,none_89,failed_1063,none_0,none_1133,none_1077,none_89,none_89,none_89,none_157,none_929,none_165,starting_665,none_492,done_1138,none_156,none_646,none_1085,none_89,none_89,none_89,none_1195,none_909]"
569,69264,"['10', '2', '9', '2', '10', '2', '9', '2']","[ServerAdministrator_72,Snmpd_226,ServerAdministrator_72,Snmpd_226,ServerAdministrator_72,Snmpd_226,ServerAdministrator_72,Snmpd_226]","[ReturningTo_290,Receiving_748,Initialize_291,Receiving_748,ReturningTo_290,Receiving_748,Initialize_291,Receiving_748]","[normal_525,none_1082,none_526,none_1082,normal_525,none_1082,none_526,none_1082]"
570,34409,"['4', '1', '8']","[User_80,User_80,Crond_94]","[Register_307,Opened_309,Register_340]","[none_543,none_545,none_582]"
571,17005,"['9', '2', '10', '2', '9', '2']","[ServerAdministrator_72,Snmpd_226,ServerAdministrator_72,Snmpd_226,ServerAdministrator_72,Snmpd_226]","[Initialize_291,Receiving_748,ReturningTo_290,Receiving_748,Initialize_291,Receiving_748]","[none_526,none_1082,normal_525,none_1082,none_526,none_1082]"
572,70281,"['4', '1', '8']","[User_80,User_80,Crond_94]","[Register_307,Opened_309,Register_340]","[none_543,none_545,none_582]"
573,57499,"['9', '2', '10', '2', '9', '2', '10', '2']","[ServerAdministrator_72,Snmpd_226,ServerAdministrator_72,Snmpd_226,ServerAdministrator_72,Snmpd_226,ServerAdministrator_72,Snmpd_226]","[Initialize_291,Receiving_748,ReturningTo_290,Receiving_748,Initialize_291,Receiving_748,ReturningTo_290,Receiving_748]","[none_526,none_1082,normal_525,none_1082,none_526,none_1082,normal_525,none_1082]"
574,62731,"['10', '2', '9', '2']","[ServerAdministrator_72,Snmpd_226,ServerAdministrator_72,Snmpd_226]","[ReturningTo_290,Receiving_748,Initialize_291,Receiving_748]","[normal_525,none_1082,none_526,none_1082]"
575,35135,"['4', '1', '8']","[User_80,User_80,Crond_94]","[Register_307,Opened_309,Register_340]","[none_543,none_545,none_582]"
576,85626,"['9', '2', '10', '2', '9', '2']","[ServerAdministrator_72,Snmpd_226,ServerAdministrator_72,Snmpd_226,ServerAdministrator_72,Snmpd_226]","[Initialize_291,Receiving_748,ReturningTo_290,Receiving_748,Initialize_291,Receiving_748]","[none_526,none_1082,normal_525,none_1082,none_526,none_1082]"
577,22899,"['9', '2', '10', '2', '9', '2', '10', '2', '9', '2', '10', '2', '9', '2']","[ServerAdministrator_72,Snmpd_226,ServerAdministrator_72,Snmpd_226,ServerAdministrator_72,Snmpd_226,ServerAdministrator_72,Snmpd_226,ServerAdministrator_72,Snmpd_226,ServerAdministrator_72,Snmpd_226,ServerAdministrator_72,Snmpd_226]","[Initialize_291,Receiving_748,ReturningTo_290,Receiving_748,Initialize_291,Receiving_748,ReturningTo_290,Receiving_748,Initialize_291,Receiving_748,ReturningTo_290,Receiving_748,Initialize_291,Receiving_748]","[none_526,none_1082,normal_525,none_1082,none_526,none_1082,normal_525,none_1082,none_526,none_1082,normal_525,none_1082,none_526,none_1082]"
578,78366,"['9', '2', '10', '2', '9', '2', '10', '2']","[ServerAdministrator_72,Snmpd_226,ServerAdministrator_72,Snmpd_226,ServerAdministrator_72,Snmpd_226,ServerAdministrator_72,Snmpd_226]","[Initialize_291,Receiving_748,ReturningTo_290,Receiving_748,Initialize_291,Receiving_748,ReturningTo_290,Receiving_748]","[none_526,none_1082,normal_525,none_1082,none_526,none_1082,normal_525,none_1082]"
579,94253,"['1', '8', '29', '42', '4', '45', '46']","[User_80,Crond_94,Sendmail_222,Sendmail_222,User_80,Sendmail_222,Sendmail_222]","[Opened_309,Register_340,Retrying_704,UnableToQualifyDomainName_719,Register_307,SendingEmail_715,Start_709]","[none_545,none_582,unknown_1029,error_1048,none_543,none_1044,deferred_1035]"
580,23990,"['10', '2', '9', '2']","[ServerAdministrator_72,Snmpd_226,ServerAdministrator_72,Snmpd_226]","[ReturningTo_290,Receiving_748,Initialize_291,Receiving_748]","[normal_525,none_1082,none_526,none_1082]"
581,57515,"['10', '2', '9', '2', '10', '2', '9', '2']","[ServerAdministrator_72,Snmpd_226,ServerAdministrator_72,Snmpd_226,ServerAdministrator_72,Snmpd_226,ServerAdministrator_72,Snmpd_226]","[ReturningTo_290,Receiving_748,Initialize_291,Receiving_748,ReturningTo_290,Receiving_748,Initialize_291,Receiving_748]","[normal_525,none_1082,none_526,none_1082,normal_525,none_1082,none_526,none_1082]"
582,60542,"['9', '2', '10', '2']","[ServerAdministrator_72,Snmpd_226,ServerAdministrator_72,Snmpd_226]","[Initialize_291,Receiving_748,ReturningTo_290,Receiving_748]","[none_526,none_1082,normal_525,none_1082]"
583,57247,"['10', '2', '9', '2', '10', '2', '9', '2', '10', '2', '9', '2', '10', '2', '9', '2']","[ServerAdministrator_72,Snmpd_226,ServerAdministrator_72,Snmpd_226,ServerAdministrator_72,Snmpd_226,ServerAdministrator_72,Snmpd_226,ServerAdministrator_72,Snmpd_226,ServerAdministrator_72,Snmpd_226,ServerAdministrator_72,Snmpd_226,ServerAdministrator_72,Snmpd_226]","[ReturningTo_290,Receiving_748,Initialize_291,Receiving_748,ReturningTo_290,Receiving_748,Initialize_291,Receiving_748,ReturningTo_290,Receiving_748,Initialize_291,Receiving_748,ReturningTo_290,Receiving_748,Initialize_291,Receiving_748]","[normal_525,none_1082,none_526,none_1082,normal_525,none_1082,none_526,none_1082,normal_525,none_1082,none_526,none_1082,normal_525,none_1082,none_526,none_1082]"
584,87278,"['9', '2', '10', '2', '9', '2', '10', '2', '9', '2', '10', '2']","[ServerAdministrator_72,Snmpd_226,ServerAdministrator_72,Snmpd_226,ServerAdministrator_72,Snmpd_226,ServerAdministrator_72,Snmpd_226,ServerAdministrator_72,Snmpd_226,ServerAdministrator_72,Snmpd_226]","[Initialize_291,Receiving_748,ReturningTo_290,Receiving_748,Initialize_291,Receiving_748,ReturningTo_290,Receiving_748,Initialize_291,Receiving_748,ReturningTo_290,Receiving_748]","[none_526,none_1082,normal_525,none_1082,none_526,none_1082,normal_525,none_1082,none_526,none_1082,normal_525,none_1082]"
585,18865,"['10', '2', '9', '2']","[ServerAdministrator_72,Snmpd_226,ServerAdministrator_72,Snmpd_226]","[ReturningTo_290,Receiving_748,Initialize_291,Receiving_748]","[normal_525,none_1082,none_526,none_1082]"
586,27763,"['9', '2', '10', '2', '9', '2', '10', '2', '9', '2', '10', '2', '9', '2']","[ServerAdministrator_72,Snmpd_226,ServerAdministrator_72,Snmpd_226,ServerAdministrator_72,Snmpd_226,ServerAdministrator_72,Snmpd_226,ServerAdministrator_72,Snmpd_226,ServerAdministrator_72,Snmpd_226,ServerAdministrator_72,Snmpd_226]","[Initialize_291,Receiving_748,ReturningTo_290,Receiving_748,Initialize_291,Receiving_748,ReturningTo_290,Receiving_748,Initialize_291,Receiving_748,ReturningTo_290,Receiving_748,Initialize_291,Receiving_748]","[none_526,none_1082,normal_525,none_1082,none_526,none_1082,normal_525,none_1082,none_526,none_1082,normal_525,none_1082,none_526,none_1082]"
587,18041,"['10', '2', '9', '2', '10', '2', '9', '2', '10', '2', '9', '2']","[ServerAdministrator_72,Snmpd_226,ServerAdministrator_72,Snmpd_226,ServerAdministrator_72,Snmpd_226,ServerAdministrator_72,Snmpd_226,ServerAdministrator_72,Snmpd_226,ServerAdministrator_72,Snmpd_226]","[ReturningTo_290,Receiving_748,Initialize_291,Receiving_748,ReturningTo_290,Receiving_748,Initialize_291,Receiving_748,ReturningTo_290,Receiving_748,Initialize_291,Receiving_748]","[normal_525,none_1082,none_526,none_1082,normal_525,none_1082,none_526,none_1082,normal_525,none_1082,none_526,none_1082]"
588,64106,"['4', '1', '8', '18', '18', '18', '18']","[User_80,User_80,Crond_94,Ntpd_178,Ntpd_178,Ntpd_178,Ntpd_178]","[Register_307,Opened_309,Register_340,Synchronized_589,Synchronized_589,Synchronized_589,Synchronized_589]","[none_543,none_545,none_582,none_897,none_897,none_897,none_897]"
589,90601,"['10', '2', '9', '2']","[ServerAdministrator_72,Snmpd_226,ServerAdministrator_72,Snmpd_226]","[ReturningTo_290,Receiving_748,Initialize_291,Receiving_748]","[normal_525,none_1082,none_526,none_1082]"
