event_id,log_template,entity_node_id,action_node_id,status_node_id,is_anomaly,is_anomaly_reason
122,<*> <*> -TERM succeeded,-term_0,Succeeded_0,none_0,True,"The log message indicates a user session being opened, which is a normal execution process."
1170,/sbin/mingetty[<*>]: tty<*>: can't exec /bin/login: Input/output error,/bin/login_1,Exec_1,Input/output error_1,False,"This log message indicates a trap received by the snmpd service, which is a normal process in SNMP communication."
1013,i<*>c /dev entries driver,/devEntries_2,Driver_2,none_2,True,"The log message indicates that the data_thread() did not receive any answer from any data source, which is abnormal behavior."
855,ioctl<*>(fdisk:<*>): Unknown cmd fd(<*>) cmd(<*>){<*>} arg(ffffda<*>) on /dev/sda,/dev/sda_3,UnknownCmd_3,none_3,False,This log message indicates a normal execution process of closing a session for a user.
85,fsck: [/sbin/fsck.ext<*> (<*>) -- <*> fsck.ext<*> -a /dev/sda<*>,/dev/sda_3,Checking_4,none_4,False,The log message appears to be a standard SSH login attempt
347,fsck: fsck.ext<*> -a /dev/sda<*>,/dev/sda_3,Changed_5,none_5,True,The log message indicates a fatal error which is likely abnormal in the execution process.
433,NET: /sbin/dhclient-script : updated /etc/resolv.conf,/etc/resolv.conf_4,Discoveredandassigned_6,none_6,True,"The log message indicates a failure in mad_process for an InfiniHost port, which suggests an abnormal execution process."
1093,acceptor-<*>[<*>]: error creating /var/run/acceptor-<*>.pid: No space left on device,/var/run/acceptor-.pid_5,ErrorCreating_7,No space left on device_7,False,"This log message represents a scheduled task being executed by the crond service, which is a normal process."
808,ACPI: Local APIC address <*>,Acpi_6,Address_8,none_8,True,"The log message indicates a temperature sensor value, which may be outside of the normal range indicating a potential issue with the sensor or the server's temperature."
681,ACPI: PCI Interrupt Link <*> (IRQs <*> <*> <*> <*> <*> <*> <*> <*>) *<*>,Acpi_6,Start_9,none_9,False,"The log message indicates that the temperature sensor has returned to a normal value, so the execution process is considered normal."
814,ACPI: Subsystem revision <*>,Acpi_6,Installation_10,none_10,True,"The log message indicates a kernel execution process, which may be abnormal depending on the context and specific details provided in the log."
605,"ACPI: PCI Interrupt Link <*> (IRQs <*> <*> <*> <*> <*> <*> <*> <*>) *<*>, disabled.",Acpi_6,Ensuring_11,none_12,True,The log message indicates a failure in executing a certain action.
552,ACPI: PCI <*> <*> <*> <*>,Acpi_6,Installing_12,none_13,True,"The log message indicates a failure in the IB SM discovery process, which is an abnormal execution process."
721,ACPI: PCI Interrupt Link <*> (IRQs <*> <*> <*> <*> <*> <*> <*> <*>),Acpi_6,none_13,none_17,True,"The log message indicates a failed node discovery test, which is considered abnormal."
620,ACPI: LAPIC_NMI (acpi_id[<*>] high edge lint[<*>]),Acpi_6,none_13,none_18,True,The log message contains kernel errors and file paths that indicate possible issues with the execution process.
810,ACPI: RSDP (v<*> DELL ) @ <*>,Acpi_6,none_13,none_19,True,The log message format does not match a typical execution process. It seems to be related to xinetd service which may indicate abnormal behavior.
545,"ACPI: PCI interrupt <*> -> GSI <*> (level, low) -> IRQ <*>",Acpi_6,Interrupt_14,none_28,True,The log message format does not match the expected format for a normal execution process
624,ACPI: Processor [CPU<*>] (supports C<*>),Acpi_6,Installation_10,none_11,False,"This log message indicates the synchronization of the NTP daemon to a specific stratum, which is a normal process in time synchronization."
733,ACPI: Power Button (FF) [PWRF],Acpi_6,none_13,none_20,True,The log message contains unusual characters and patterns that are not typical of a normal execution process.
49,kernel: ACPI: <*> (v<*> DELL PE BKC <*> MSFT <*>) @ <*>,Acpi_6,none_13,none_21,True,The log message contains kernel errors which indicate abnormal execution process.
836,ACPI: Interpreter enabled,Acpi_6,Enabled_15,none_29,True,"The log message indicates a system control parameter being set, which could be a normal execution process depending on the values being set. However, without more context, it is difficult to determine if this is abnormal or not."
619,ACPI: LAPIC (acpi_id[<*>] lapic_id[<*>] <*>,Acpi_6,none_13,none_22,False,"The log message indicates a successful startup process, which is a normal execution process."
800,Using ACPI (MADT) for SMP configuration information,Null_7,Using_20,none_36,True,"The log message indicates a request timed out, which is often a sign of abnormal execution process."
279,kernel: ACPI: RSDP (v<*> DELL ) @ <*>,Acpi_6,none_13,none_23,True,"The log message indicates that the file-max limit has been reached, which is an abnormal condition."
28,"kernel: ACPI: PCI interrupt <*> -> GSI <*> (level, low) -> IRQ <*>",Acpi_6,Initialized_16,none_31,True,"The log message contains unusual port and node information, indicating a potential abnormal execution process."
96,"kernel: ACPI: PCI Interrupt Link <*> (IRQs <*> <*> <*> <*> <*> <*> <*> <*>) *<*>, disabled.",Acpi_6,Initialized_16,none_32,True,The log message contains multiple instances of <*> which could indicate a potential issue or abnormality in the execution process.
97,kernel: ACPI: PCI Interrupt Link <*> (IRQs <*> <*> <*> <*> <*> <*> <*> <*>),Acpi_6,Configured_17,none_33,True,"Permission denied error while trying to open a file, indicating an abnormal execution process"
647,ACPI: IRQ<*> used by override.,Acpi_6,Override_18,used_34,False,This log message indicates a typical ACPI PCI interrupt process
60,kernel: ACPI: LAPIC_NMI (acpi_id[<*>] high edge lint[<*>]),Acpi_6,Installing_12,none_14,True,"The log message indicates an issue with the host name, which could lead to abnormal execution processes."
241,kernel: ACPI: Interpreter enabled,Acpi_6,Enabled_15,none_30,False,"The log message indicates reading an included configuration file, which is a normal execution process."
779,ACPI wakeup devices:,Acpi_6,none_13,none_24,False,"The log message indicates a successful shutdown process, which is a normal execution process."
133,kernel: ACPI: PCI Interrupt Link <*> (IRQs <*> <*> <*> <*> <*> <*> <*> <*>) *<*>,Acpi_6,Irq_19,none_35,True,"The log message indicates a kernel panic, which is an abnormal execution process"
579,ACPI: <*> (v<*> DELL PE BKC <*> MSFT <*>) @ <*>,Acpi_6,none_13,none_25,False,This log message appears to be a standard xinetd process of removing a service.
794,ACPI: HPET id: <*> base: <*>,Acpi_6,none_13,none_26,True,"The log message indicates a failed shutdown process, which is abnormal"
694,ACPI: INT_SRC_OVR (bus <*> bus_irq <*> global_irq <*> <*> <*>,Acpi_6,Installing_12,none_15,True,"The log message indicates a kernel execution process, which could be abnormal depending on the context and specific details provided."
645,ACPI: IOAPIC (id[<*>] address[<*>] gsi_base[<*>]),Acpi_6,none_13,none_27,False,"The log message appears to be a standard DHCP request via Ethernet, which is a common and expected process."
778,ACPI: (supports S<*> S<*> S<*>),Acpi_6,Installing_12,none_16,True,The log message format does not match any known normal execution processes.
668,Type: <*> ANSI SCSI revision: <*>,AnsiScsiRevision_8,none_21,none_37,True,The log message contains ACPI errors which indicate abnormal execution process
690,Using <*> APIC <*> <*>,Apic_9,Using_22,none_38,True,"The log message contains BIOS error codes, indicating a potential abnormal execution process."
1120,Setting APIC routing to flat,Apic_9,Setting_23,none_39,True,"The log message indicates that there are no free leases available, which could be a sign of abnormal execution process."
630,Processor #<*> <*>:<*> APIC version <*>,Apic_9,Version_24,none_40,False,"The log message indicates that the ntpd service is listening on a specific network interface, which is a normal part of its execution process."
823,Detected <*>.<*> MHz APIC timer.,ApicTimer_10,Installing_25,none_41,False,This log message appears to be a common message related to sendmail and does not indicate any abnormal execution process.
743,input: AT Translated Set <*> keyboard on isa<*>/serio<*>,AtTranslatedSetKeyboard_11,Installing_26,none_42,True,"The log message indicates an error related to opening a file for writing due to 'Too many open files', which is an abnormal execution process."
413,ib_port_agent.x[<*>]: [INFO]: Change AdminStatus on (<*>/<*>) - new value= <*>,Adminstatus_12,Installing_27,none_43,True,"The log message indicates a device driver installation process, which could potentially be abnormal if it is unexpected or unauthorized."
984,Administrator: Instrumentation Service EventID: <*> Server Administrator starting,Administrator_13,Starting_28,none_44,True,The log message contains unusual characters and does not follow the typical format of a sendmail execution process.
406,"biosverify.bin[<*>]: BIOS update verification failed. Version expected: A<*>, Version found: A<*>",Bios_14,UpdateVerification_29,failed_45,True,"The log message indicates that the mail sending process was deferred due to a connection refusal, which is an abnormal execution process."
821,BIOS-provided physical RAM map:,Bios_14,Providing_30,none_47,False,"This log message indicates a routine update of a job timestamp, which is a normal execution process."
464,"biosverify.bin[<*>]: BIOS update verification was successful. Version expected: A<*>, Version found: A<*>",Bios_14,UpdateVerification_29,successful_46,True,"The log message indicates an unknown lease request, which could potentially be a sign of abnormal behavior."
796,BIOS-e<*>: <*>cffc<*> - <*>cffcfc<*> (ACPI data),Bios-e_15,none_31,none_48,True,"The log message contains kernel errors related to ACPI, which could indicate abnormal execution processes."
567,BIOS-e<*>: <*> - <*> <*>,Bios-e_15,-_32,none_49,True,The log message indicates a kernel CPU usage which may be abnormal if the values are significantly higher or lower than usual.
829,Bootdata ok (command line is <*> <*> <*> <*> <*> <*> <*>,Bootdata_16,Ok_33,none_50,True,"The log message indicates a failed memory lock operation, which is abnormal during normal execution processes."
615,CPU: Physical Processor ID: <*>,Cpu_17,Identifying_34,none_51,True,"The log message contains keywords related to dumping iobuf, which is often associated with abnormal execution processes."
611,"CPU: Trace cache: <*>K uops, L<*> D cache: <*>K",Cpu_17,none_35,none_52,True,The log message indicates a failure in locking an input/output buffer during the execution process.
628,Initializing CPU#<*>,Cpu_17,Initializing_36,none_55,False,"The log message indicates a kernel operation requesting read and write permissions, which is a normal execution process."
219,kernel: CPU<*>: Intel(R) Xeon(TM) CPU <*>.<*>GHz stepping <*>,Cpu_17,Stepping_37,none_57,True,"The log message indicates a failure in creating a map reduce job, which is abnormal behavior."
610,CPU: L<*> cache: <*>K,Cpu_17,none_35,none_53,True,"The log message indicates a failure in MOSAL_iobuf_register, which suggests an abnormal execution process."
789,Losing some ticks... checking if CPU frequency changed.,Cpu_17,Checking_38,none_58,False,"The log message indicates the registration of a protocol family, which is a common and expected process in the kernel."
93,"kernel: CPU: Trace cache: <*>K uops, L<*> D cache: <*>K",Cpu_17,none_35,none_54,False,This log message is a typical DHCPDISCOVER message from a client trying to obtain an IP address from a DHCP server. It is a normal part of the DHCP process.
870,"kernel: CPU<*>: Initial APIC ID: <*>, Physical Processor ID: <*>",Cpu_17,Initializing_36,none_56,True,"The log message indicates an error related to not being able to open a file for writing, which is abnormal behavior for a normal execution process."
925,CPU: Hyper-Threading is disabled,Cpu_17,Disabled_39,none_59,False,"This log message seems to be related to the ACPI LAPIC NMI (Non-Maskable Interrupt) handling in the kernel, which is a normal process in the system."
817,checking TSC synchronization across <*> CPUs: passed.,Cpus_18,Synchronization_40,passed_60,False,"The log message indicates a kernel time sync process, which is a normal execution process."
831,Brought up <*> CPUs,Cpus_18,BringUp_41,none_61,False,"This log message indicates a routine probing of an IDE interface, which is a normal execution process."
820,Capability LSM initialized as secondary,CapabilityLsm_19,Initialized_42,none_62,False,"This log message indicates a DHCPREQUEST for a specific IP address from a client via a network interface, which is a normal execution process in a DHCP server."
824,Console: colour VGA+ <*><*>,Console_20,Color_43,none_63,False,This log message seems to be a normal kernel message related to setting latency timer for a PCI device.
396,<*> Copyright <*> Internet Systems Consortium.,Copyright_21,none_44,none_64,True,"The log message contains kernel and driver information, which may indicate a potential issue with the system's kernel or driver. Further investigation is recommended."
790,Initializing Cryptographic API,CryptographicApi_22,Initializing_45,none_65,True,The log message format does not match the expected format for a normal execution process.
562,hal.hotplug[<*>]: DEVPATH is not set,Devpath_23,Installation_46,not set_66,True,The log message contains kernel errors which indicate abnormal execution process.
1162,EXT<*>-fs: sda<*>: <*> orphan inodes deleted,Ext-fs_24,Deleting_47,orphan_67,True,The log message contains kernel-related information which may indicate abnormal behavior.
868,EXT<*>-fs: recovery complete.,Signal_25,RecoveryComplete_50,none_70,True,The log message contains kernel-related errors which indicate abnormal execution process.
1165,"EXT<*>-fs warning: mounting unchecked fs, running e<*>fsck is recommended",Ext-fs_24,Mounting_48,warning_68,True,The log message contains unusual characters and does not follow a typical execution process pattern.
635,EXT<*>-fs: mounted filesystem with ordered data mode.,Ext-fs_24,Mounted_49,ordered data mode_69,True,The log message includes kernel errors which indicate abnormal execution processes.
1139,ISO <*> Extensions: RRIP_<*>A,Extensions_26,none_52,none_72,False,"This log message indicates a new USB bus being registered, which is a normal execution process."
1138,ISO <*> Extensions: Microsoft Joliet Level <*>,Extensions_26,Configuring_53,none_73,True,"The log message contains irregular kernel information and irq numbers, indicating a potential abnormal execution process."
782,TCP: Hash tables configured (established <*> bind <*>),HashTables_27,Configured_54,established_74,True,"The log message indicates a request timed out, which is often a sign of abnormal execution process."
71,kernel: <*> <*>:<*>:<*>d.<*>: <*> Host Controller,HostController_28,Configuring_55,none_75,False,"The log message indicates the kernel journal daemon starting, which is a normal process."
787,"Total HugeTLB memory allocated, <*>",HugetlbMemory_29,Allocated_56,none_76,False,The log message does not indicate any abnormalities in the execution process.
773,"IA<*> emulation $Id: sys_ia<*>.c,v <*>.<*> <*>/<*>/<*> <*>:<*>:<*> ak Exp $",IaEmulation_30,none_57,none_77,False,"Log message indicates a kernel filesystem operation on sda with an internal journal, which is a common process in a normal execution."
591,Probing IDE interface ide<*>...,IdeInterface_31,none_58,none_78,True,"The log message indicates an error related to sending a poll packet, which suggests a problem with the communication process"
644,"IOAPIC[<*>]: apic_id <*>, version <*>, address <*>, GSI <*>-<*>",Ioapic_32,none_59,none_79,False,"The log message indicates a filesystem being mounted with ordered data mode, which is a normal execution process."
160,<*> bindcache: failed init IPS: <*> (Out of memory),Ips_33,Init_60,failed (Out of memory)_80,False,The log message indicates a clean file system check with the number of files and blocks checked.
776,Initializing IPsec netlink socket,IpsecNetlinkSocket_34,Initializing_61,none_81,True,The log message indicates a timeout error in the RPC request which could be a sign of abnormal execution process.
737,IPv<*> over IPv<*> tunneling driver,IpvOverIpvTunnelingDriver_35,Bringup_62,none_82,False,"The log message is related to program port state, which is a normal execution process."
985,Administrator: Instrumentation Service EventID: <*> Server Administrator startup complete,InstrumentationService_36,StartupComplete_63,none_83,False,"The log message indicates that snmpd accepted a file descriptor, which is a normal part of its execution process."
752,Copyright (c) <*>-<*> Intel Corporation.,IntelCorporation_37,Copyright_64,none_84,False,"The log message indicates that the SNMP service accepted a new smux peer, which is a common and expected operation in SNMP management."
786,Intel E<*>/<*>/<*> detected.<<*>>pci_hotplug: PCI Hot Plug PCI Core version: <*>.<*>,IntelE//_38,Detected_65,none_85,True,"The log message indicates a file system check (fsck) process on device /dev/sda, which may indicate a potential issue with the file system that needs to be checked and repaired."
666,e<*>: eth<*>: e<*>_probe: Intel(R) PRO/<*> Network Connection,Intel(r)Pro/NetworkConnection_39,none_66,none_86,True,The log message indicates a kernel error during the panfs mount process.
266,kernel: Intel(R) PRO/<*> Network Driver - version <*>.<*>.<*>-k<*>-NAPI,Shutdown_40,none_67,version_87,True,"The log message indicates a kernel execution process, which can be considered abnormal depending on the context of the system."
656,Intel(R) Xeon(TM) CPU <*>.<*>GHz stepping <*>,Intel(r)Xeon(tm)Cpu_41,none_69,none_90,False,The log message indicates a normal execution process.
223,<*> Intel(R) Xeon(TM) CPU <*>.<*>GHz stepping <*>,Intel(r)Xeon(tm)Cpu_41,Stepping_70,none_91,False,"The log message is a generic kernel message, which does not indicate any specific abnormality."
385,<*> Internet Systems Consortium DHCP <*> V<*>.<*>.<*>,InternetSystemsConsortiumDhcp_42,none_71,none_92,False,"The log message indicates that the Server Administrator is starting, which is a normal execution process."
1115,"Kernel command line: ro root=LABEL=/ tsc nousb console=ttyS<*>,<*> rhgb quiet",Kernel_43,none_72,none_93,False,"The log message indicates that the Server Administrator startup process is complete, which is a normal execution process."
168,kernel: Kernel <*> <*> <*>,Kernel_43,none_72,none_94,False,The log message indicates a successful execution process.
845,"Kernel command line: root=LABEL=/ initrd=/x<*>_<*>/initrd-<*>.<*>.<*>-<*>.<*>.<*>.EL-lustre-<*>.<*>.<*>-perfctr-admin console=tty<*> console=ttyS<*>,<*> fastboot BOOT_IMAGE=/x<*>_<*>/vmlinuz-<*>.<*>.<*>-<*>.<*>.<*>.EL-lustre-<*>.<*>.<*>-perfctr",Kernel_43,none_72,none_95,False,The log message does not indicate any abnormalities in the execution process.
967,atkbd.c: Keyboard on isa<*>/serio<*> reports too many keys pressed.,Keyboard_44,Register_227,error_447,True,"The log message indicates a PCI related kernel issue, which could be abnormal depending on the context and expected behavior."
727,<*> Kickstart Install: Setup to become a Tbird SQE/Build-Test node,KickstartInstall_45,Setup_228,none_448,True,"The log message contains SELinux which indicates a security feature, and could potentially be related to abnormal execution processes."
621,-- #<*>#[<*>]: LOGIN ON <*> BY #<*>#,Login_46,none_229,none_449,False,The log message does not indicate any abnormal execution process.
663,<*> FAILED LOGIN <*> FROM (null) FOR <*> Authentication failure,Login_46,AuthenticationFailure_230,failed_450,False,"The log message seems to be a standard kernel interrupt message, indicating a normal execution process."
1002,#<*>#[<*>]: LOGIN ON tty<*> BY #<*>#,Login_46,Register_231,none_451,True,"The log message indicates network configuration or connection issues, which could be abnormal depending on the context of the execution process."
565,-- root[<*>]: ROOT LOGIN ON <*>,Login_46,Register_231,none_452,False,The log message indicates a successful execution process
238,kernel: Linux agpgart interface v<*>.<*> (c) Dave Jones,Linux_47,Interface_232,none_453,False,The log message seems to be a standard kernel log message indicating page allocation in a zone.
785,Linux agpgart interface v<*>.<*> (c) Dave Jones,Linux_47,Register_233,none_454,True,"The log message indicates a denial of access control, which is abnormal behavior in the execution process."
812,Linux version <*> <*> (gcc version <*>.<*>.<*> <*> (Red Hat <*> #<*> SMP <*> <*> <*> <*>:<*>:<*> <*> <*>,Linux_47,none_234,none_455,False,"The log message indicates that the execution process of gmond succeeded, which is a normal outcome."
384,kernel: MOSAL(<*>): mnt_projects/sysapps/src/ib/topspin/topspin-src-<*>.<*>.<*>-<*>/third_party/thca<*>_linux/kernel/mlxsys/obj_host_amd<*>_custom<*>_rhel<*>/mlxsys/mosal_mlock.c[<*>]: unlock_it: unknown error (-<*>),Mosal_48,Register_235,unknown error_456,False,The log message does not indicate any abnormal execution process
52,kernel: MOSAL(<*>): mnt_projects/sysapps/src/ib/topspin/topspin-src-<*>.<*>.<*>-<*>/third_party/thca<*>_linux/kernel/mlxsys/obj_host_amd<*>_custom<*>_rhel<*>/mlxsys/mosal_iobuf.c[<*>]: dump iobuf at <*> :,Mosal_48,Register_235,none_457,True,The log message format is not consistent with normal execution processes
53,kernel: MOSAL(<*>): <*> mnt_projects/sysapps/src/ib/topspin/topspin-src-<*>.<*>.<*>-<*>/third_party/thca<*>_linux/kernel/mlxsys/obj_host_amd<*>_custom<*>_rhel<*>/mlxsys/mosal_iobuf.c:<*>: MOSAL_mlock_iobuf failed - <*>,Mosal_48,Register_236,failed_458,True,"The log message indicates that an existing IB node GUID and LID were removed, which is not a normal execution process."
755,Vendor: MegaRAID Model: LD <*> RAID<*> <*>G Rev: <*>A,Megaraid_49,Register_237,none_459,True,"The log message indicates that a peer has disconnected from the SNMP service, which could be a sign of abnormal behavior or a potential issue with the SNMP service."
811,"Memory: <*>k/<*>k available (<*>k kernel code, <*>k reserved, <*>k data, <*>k init)",Memory_50,Register_242,available_466,True,"The log message indicates too many open files in the system, which is a common indicator of abnormal execution process."
709,mysqld: <*> MySQL: succeeded,Mysql_51,Supports_244,none_468,True,"The log message indicates an error in writing meta data for a metric to RRD, which is not a normal execution process."
179,<*> <*> NFS <*> succeeded,Nfs_52,Register_245,successful_469,False,The log message indicates a standard process of mounting filesystems.
852,e<*>: eth<*>: e<*>_watchdog: NIC Link is Down,Nic_53,LinkDown_246,none_470,True,The log message contains kernel errors which indicate abnormal execution processes.
689,e<*>: eth<*>: e<*>_watchdog: NIC Link is Up <*> Mbps Full Duplex,Nic_53,LinkIsUp_247,none_471,True,"The log message indicates a segmentation fault, which is a clear indicator of abnormal execution process."
692,<*> NMI <*> ... <*>,Nmi_54,Supports_248,none_472,True,"The log message contains kernel and driver information, which may indicate abnormal execution processes."
809,No NUMA configuration found,NumaConfiguration_55,none_249,error_473,False,"The log message indicates the start of a PanFS device, which is a normal execution process."
324,slot<*>:<*> <*> Osa: Leaf <*> is reporting fiber latch fault condition on port <*>,Osa_56,Reporting_250,fault condition_474,False,"Log message indicates that the execution process succeeded, which is expected"
691,PCI: Using <*> <*> <*>,Pci_57,Using_251,none_475,True,The log message indicates a kernel error related to the processor APIC version.
799,PCI: Transparent bridge - <*>:<*>:<*>e.<*>,Pci_57,Register_252,none_476,True,"The log message indicates that something was not found, which could be an abnormal execution process."
803,PCI: Probing PCI hardware (bus <*>),Pci_57,Probing_253,none_477,True,"The log message indicates a kernel panic, which is an abnormal execution process."
762,PCI<*> PALO PBLO VPR<*> PBHI PICH,Pci_57,Supports_254,none_478,False,"The log message does not indicate any abnormal behavior, it is a common message in tftp client interactions."
772,PCI-DMA: Using software bounce buffering for IO (SWIOTLB),Pci-dma_58,Using_255,none_479,True,"The log message indicates an ACPI interrupt source override, which may be a sign of abnormal behavior in the execution process."
270,kernel: PCI-DMA: Using software bounce buffering for IO (SWIOTLB),Pci-dma_58,UsingSoftwareBounceBuffering_256,none_480,True,"The log message indicates a kernel panic, which is an abnormal execution process."
300,spsetup.sh[<*>]: Package Release ID=R<*> Package Description=Dell <*> <*> <*> A<*> Support Log path=/var/log/#<*>#/updatepackage/log/support/R<*>.log Exit code = <*> <*> <*>,Package_59,Installing_257,none_481,True,The log message contains a warning indicating a potential issue with the execution process.
945,spsetup.sh[<*>]: Package Release ID=R<*> Package Description=Dell <*> <*> <*> A<*> Support Log path=/var/log/#<*>#/updatepackage/log/support/R<*>.log Exit code = <*> (Failure),Package_59,none_258,Failure_482,False,"The log message indicates a successful termination of a process, which is a normal execution process."
341,spsetup.sh[<*>]: Package Release ID=R<*> Package Description=Dell <*> <*> <*> A<*> Support Log path=/var/log/#<*>#/updatepackage/log/support/R<*>.log,Package_59,Releasing_259,none_483,True,The log message indicates a kernel process which may be abnormal and requires further investigation.
784,postfix/postfix-script: <*> the Postfix mail system,PostfixMailSystem_60,Register_260,none_484,True,"The log message contains unusual characters and format, indicating a potential abnormality in the execution process."
256,kernel: RAMDISK driver initialized: <*> RAM disks of <*>K size <*> blocksize,RamDisks_61,Initialized_261,none_485,True,The log message indicates a Non-Maskable Interrupt (NMI) which is an abnormal event that can disrupt the normal execution process.
769,RAMDISK driver initialized: <*> RAM disks of <*>K size <*> blocksize,RamDisks_61,Initialized_261,none_486,True,"The log message indicates divert not allocating divert_blk for non-ethernet device, which is abnormal behavior."
914,RPC: failed to contact portmap (errno -<*>).,Rpc_62,Register_262,failed_487,True,"The log message contains kernel errors related to network interfaces, which could indicate abnormal execution processes."
913,RPC: sendmsg returned error <*>,Rpc_62,ReturnedError_263,none_488,False,"The log message indicates the startup of pbs_mom, which is a normal execution process."
912,portmap: RPC call returned error <*>,RpcCall_63,ReturnedError_266,error_491,True,"The log message indicates a kernel error related to a serial port and IRQ, which could potentially disrupt the normal execution process."
257,kernel: fs_client_fm: All RPCs returned,Rpcs_64,Returning_267,none_492,False,"The log message indicates the use of a specific tool for routing, which is a normal part of the execution process."
246,kernel: Real Time Clock Driver v<*>.<*>,RealTimeClockDriver_65,Register_268,none_493,True,The log message contains placeholders <*> which may indicate missing or incorrect information in the execution process.
770,Real Time Clock Driver v<*>.<*>,RealTimeClockDriver_65,Checking_269,none_494,False,The log message does not indicate any abnormal behavior in the execution process.
328,<*> <*> <*> (Release Date: <*> <*> <*> <*>:<*>:<*> EST <*>),ReleaseDate_66,none_270,none_495,False,"The log message seems to be a typical ACPI PCI interrupt link message, which is a common part of the system's execution process."
741,Vendor: PE/PV Model: <*>x<*> SCSI BP Rev: <*>.<*>,ScsiBp_67,none_271,none_496,False,The log message indicates a normal restart process
736,SCSI subsystem initialized,ScsiSubsystem_68,Register_272,none_497,False,"This log message indicates the attachment of a SCSI generic device, which is a standard process in many systems."
801,SELinux: Starting in permissive mode,Selinux_69,Starting_273,permissive_498,True,"The log message contains unexpected kernel-related information, which may indicate abnormal execution process."
760,SELinux: Disabled at runtime.,Selinux_69,Initialize_274,none_499,False,The log message indicates a normal kernel module initialization process.
677,SELinux: <*> netfilter hooks,Selinux_69,none_275,none_501,False,"The log message indicates a repetition of the last message, which is a common occurrence in execution processes."
797,SELinux: Initializing.,Selinux_69,Initialize_274,none_500,True,"The log message indicates an error related to a network address connection timeout, which is not a normal execution process."
532,kernel: pan_sam: <*> unable to report I/O error(s) to SM <*>(SM): <*> (SM: <*> <*> <*>,Sm_70,ReportingI/oErrors_276,unable_502,False,This log message is a typical kernel boot message and does not indicate any abnormal execution process.
540,ib_mgr.x[<*>]: [INFO]: IB MGR <*> configuring SM (<*>),Sm_70,Configuring_277,none_503,False,The log message does not indicate any abnormal execution process
541,ib_mgr.x[<*>]: [INFO]: IB MGR sent <*> <*> command to SM (<*>),Sm_70,Register_278,none_504,False,"The log message is a standard message indicating the precision of ntpd, which is a normal execution process."
806,Security Scaffold v<*>.<*>.<*> initialized,SecurityScaffold_71,Initialized_279,none_505,False,"The log message indicates that the frequency was initialized with a specific value, which is a normal part of the execution process."
209,kernel: Security Scaffold v<*>.<*>.<*> initialized,SecurityScaffold_71,Initialized_279,none_506,False,"This log message indicates a connection from a client to the SSH server, which is a common and expected process in a typical execution flow."
927,Server Administrator: Instrumentation Service EventID: <*>,ServerAdministrator_72,Eventid_280,none_507,False,"The log message indicates that the SSH daemon is now running with certain privileges, which is a normal part of the execution process."
910,Server Administrator: Instrumentation Service EventID: <*> Fan sensor detected a failure value Sensor location: BMC FAN <*>A RPM Chassis location: Main System Chassis Previous state was: Unknown Fan sensor value (in RPM): <*>,ServerAdministrator_72,Detected_281,failure_508,False,"This log message indicates a user successfully authenticated to SSH from a specific location, which is a common and expected process."
981,Server Administrator: Instrumentation Service EventID: <*> Voltage sensor returned to a normal value Sensor location: BMC <*>V Riser PG Chassis location: Main System Chassis Previous state was: Critical (Failed) Discrete voltage state: Good,ServerAdministrator_72,ReturnToNormalValue_282,none_509,True,"The log message indicates setting a port DOWN, which could be an abnormal execution process."
983,Server Administrator: Instrumentation Service EventID: <*> Voltage sensor detected a failure value Sensor location: PROC_<*> VCORE Chassis location: Main System Chassis Previous state was: Unknown Discrete voltage state: Bad,ServerAdministrator_72,Register_283,failure_510,False,The log message indicates a local disconnection which is a common occurrence and does not necessarily indicate abnormal behavior.
529,Server Administrator: Instrumentation Service EventID: <*> <*> <*> <*> <*> <*> <*> <*>,ServerAdministrator_72,Register_283,none_511,True,"The log message indicates a connection lost, which is abnormal behavior in an execution process."
988,Server Administrator: Instrumentation Service EventID: <*> Log size is no longer near or at capacity Log type: ESM,ServerAdministrator_72,Routingcachehashtable_284,none_517,True,"The log message indicates an 'Out of memory' error, which is typically an abnormal execution process."
973,Server Administrator: Instrumentation Service EventID: <*> Memory device status is non-critical Memory device location: <*> Possible memory module event cause:Single bit warning error rate exceeded,ServerAdministrator_72,Monitoring_285,non-critical_518,False,The log message indicates the version of the PanFS Client being used. This is a normal execution process.
1019,"Server Administrator: Instrumentation Service EventID: <*> Memory device status is critical Memory device location: <*> Possible memory module event cause:Single bit warning error rate exceeded,Single bit failure error rate exceeded",ServerAdministrator_72,Monitoring_285,critical_519,True,"The log message indicates a mismatch between the CPU type mentioned in the message, which could indicate an abnormal execution process."
930,Server Administrator: Instrumentation Service EventID: <*> Log size is near or at capacity Log type: ESM,ServerAdministrator_72,none_286,near or at capacity_521,False,"The log message indicates that the Read Ahead feature is being turned ON, which is a normal execution process."
719,Server Administrator: Instrumentation Service EventID: <*> Memory device status is critical Memory device location: <*> Possible memory module event cause:Single bit error logging disabled,ServerAdministrator_72,Shutdown_287,critical_522,True,"The log message indicates a potential issue with the panfs mount process, which could lead to an oops on GenuineIntel kernels."
549,Server Administrator: Instrumentation Service EventID: <*> Voltage sensor <*> <*> <*> <*> <*> <*> <*> <*> <*> <*> Chassis location: Main System Chassis Previous state was: <*> <*> Discrete voltage state: <*>,ServerAdministrator_72,Register_283,none_512,False,"The log message indicates that Byte range locking is turned ON, which is a normal process."
891,Server Administrator: Instrumentation Service EventID: <*> Redundancy lost Redundancy unit: BMC <*> Redundancy Chassis location: Main System Chassis Previous redundancy state was: Unknown,ServerAdministrator_72,RedundancyLost_288,none_523,False,The log message appears to be a standard kernel trace message indicating the addition of a panfs trace buffer.
997,"Server Administrator: Instrumentation Service EventID: <*> Power supply detected a failure Sensor location: PS <*> Status Chassis location: Main System Chassis Previous state was: Unknown Power Supply type: AC Power Supply state: Presence detected, Failure detected, AC lost",ServerAdministrator_72,Register_283,failure_513,False,The log message indicates a normal execution process of ntpdate syncing time with a time server.
1194,Server Administrator: Instrumentation Service EventID: <*> Memory device status is critical Memory device location: DIMM<*>_A Possible memory module event cause:Multi bit error encountered,ServerAdministrator_72,StatusIsCritical_289,none_524,False,The log message indicates a normal registration of a major number for a device
699,Server Administrator: Instrumentation Service EventID: <*> Voltage sensor detected a failure value Sensor location: <*> <*> <*> <*> <*> <*> <*> <*> <*> <*> <*> <*> Discrete voltage state: Bad,ServerAdministrator_72,Register_283,failure_514,True,"The log message indicates a kernel panic common error, which is an abnormal execution process."
10,Server Administrator: Instrumentation Service EventID: <*> Temperature sensor returned to a normal value Sensor location: BMC Ambient Temp Chassis location: Main System Chassis Previous state was: Non-Critical (Warning) Temperature sensor value (in Degrees Celsius): <*>.<*>,ServerAdministrator_72,ReturningTo_290,normal_525,True,"The log message indicates a failure to initialize IPS due to running out of memory, which is an abnormal execution process."
343,Server Administrator: Instrumentation Service EventID: <*> Temperature sensor <*> <*> <*> <*> <*> <*> <*> <*> Temp Chassis location: Main System Chassis Previous state was: Unknown Temperature sensor value (in Degrees Celsius): <*>.<*>,ServerAdministrator_72,Monitoring_285,none_520,True,"The log message contains placeholders <*> which are not filled in, indicating a potential issue with the execution process."
9,Server Administrator: Instrumentation Service EventID: <*> Temperature sensor <*> <*> <*> <*> <*> <*> <*> <*> <*> <*> <*> <*> <*> <*> <*> <*> <*> <*> <*> Temperature sensor value (in Degrees Celsius): <*>.<*>,ServerAdministrator_72,Initialize_291,none_526,False,"The log message indicates an update to a timestamp file, which is a common and expected execution process."
91,Server Administrator: Instrumentation Service EventID: <*> Server Administrator startup complete,ServerAdministrator_72,Register_283,none_515,True,"The log message contains kernel errors related to InfiniHost port, indicating a potential issue with the network interface."
90,Server Administrator: Instrumentation Service EventID: <*> Server Administrator starting,ServerAdministrator_72,Starting_292,none_527,True,The log message format does not match the expected format for a normal execution process
548,Server Administrator: Instrumentation Service EventID: <*> Voltage sensor <*> <*> <*> <*> <*> <*> <*> <*> <*> <*> <*> <*> <*> <*> <*> <*> <*> <*> <*> Discrete voltage state: <*>,ServerAdministrator_72,Register_283,none_516,False,This log message indicates a normal process of discovering a new IB node and assigning it an LID.
312,"<*> Caught signal <*>, un-registering and exiting.",Signal_25,Un-registeringAndExiting_51,none_71,False,This log message indicates a normal shutdown process for the system.
88,<*> Starting <*> succeeded,Starting_73,Start_293,successful_528,False,This log message indicates a normal shutdown process for the ntpd service.
480,"kernel: THH(<*>): handle_eqe_ib_events: QP event on qpn= <*> event type is VAPI_LOCAL_WQ_ACCESS_VIOL_ERROR (<*>), syndrome=<*>",Thh_74,Initialized_294,error_529,True,The log message indicates a kernel panic which is an abnormal execution process
1188,kernel: THH(<*>): mnt_projects/sysapps/src/ib/topspin/topspin-src-<*>.<*>.<*>-<*>/third_party/thca<*>_linux/kernel/mlxhh/thh/obj_host_amd<*>_custom<*>_rhel<*>/mod_thh/cmdif_comm.c[<*>]: XHH_cmd_eventh: could not find context by token. token=<*>,Thh_74,Register_295,error_530,True,"The log message indicates a BIOS update, which can be considered abnormal as it is not a regular execution process."
1150,kernel: THH(<*>): mnt_projects/sysapps/src/ib/topspin/topspin-src-<*>.<*>.<*>-<*>/third_party/thca<*>_linux/kernel/mlxhh/thh/obj_host_amd<*>_custom<*>_rhel<*>/mod_thh/hob_comm.c[<*>]: XHH_hob_register_> THH(<*>): mnt_projects/sysapps/src/ib/topspin/topspin-src-<*>.<*>.<*>-<*>/third_party/thca<*>_linux/kernel/mlxhh/thh/obj_host_amd<*>_custom<*>_rhel<*>/mod_thh/hob_comm.c[<*>]: XHH_hob_register_mr: Device in FATAL state,Thh_74,Register_296,FATAL_531,False,"The log message indicates the kernel logging daemon starting, which is a normal process."
977,"kernel: THH(<*>): mnt_projects/sysapps/src/ib/topspin/topspin-src-<*>.<*>.<*>-<*>/third_party/thca<*>_linux/kernel/mlxhh/thh/obj_host_amd<*>_custom<*>_rhel<*>/mod_thh/cmdif_comm.c[<*>]: Command not completed after timeout: <*> (<*>), token=<*>, pid=<*>, go=<*>",Thh_74,none_297,timeout_532,False,"This log message indicates the version of the NET-SNMP software running, which is a normal part of the execution process."
909,kernel: THH(<*>): mnt_projects/sysapps/src/ib/topspin/topspin-src-<*>.<*>.<*>-<*>/third_party/thca<*>_linux/kernel/mlxhh/thh/obj_host_amd<*>_custom<*>_rhel<*>/mod_thh/cmdif.c[<*>]: Failed command <*> <*> status=<*> (<*> - unexpected error - fatal),Thh_74,Register_298,fatal error_533,True,The log message indicates a failure in the execution process.
1004,kernel: Tavor HCA Driver: probe of <*>:<*>:<*>.<*> failed with error -<*>,TavorHcaDriver_75,Probe_299,error_534,True,"The log message indicates that the process received a termination or stop signal, which is abnormal behavior for a normal execution process."
952,<*> bogus UDP packet length: <*>,UdpPacket_76,none_300,bogus_535,False,This log message indicates a temperature change report for a device. It does not indicate any abnormal execution process.
275,"kernel: ehci_hcd <*>:<*>:<*>d.<*>: USB <*>.<*> enabled, EHCI <*>.<*>, driver <*>-May-<*>",Usb_77,Register_301,none_536,True,"The log message indicates a kernel tainted issue, which is typically considered abnormal in execution processes."
840,drivers/usb/input/hid-core.c: v<*>.<*>:USB HID core driver,Usb_77,Driver_302,none_537,True,"The log message indicates that a smartd process has failed, which is an abnormal execution process."
890,USB Universal Host Controller Interface driver v<*>.<*>,UsbUniversalHostControllerInterfaceDriver_78,Register_303,none_538,False,"The log message indicates unmounting filesystems, which is a normal execution process."
281,kernel: USB Universal Host Controller Interface driver v<*>.<*>,UsbUniversalHostControllerInterfaceDriver_78,Initializing_304,none_539,False,"This log message indicates that the SSH server is listening on a specific port, which is a normal execution process."
788,Uniform Multi-Platform E-IDE driver Revision: <*>.<*>alpha<*>,UniformMulti-platformE-ideDriver_79,none_305,none_540,False,"The log message indicates a successful NFS execution process, which is considered normal."
848,- User ID: CentOS-<*> (Kernel Module GPG key),User_80,none_306,none_541,True,The log message indicates a denial of read access which could be abnormal behavior
1055,"- User ID: Red Hat, Inc. (Kernel Module GPG key)",User_80,Register_307,none_542,True,Error message indicating port binding failure
1167,VFS: Can't find a valid FAT filesystem on dev loop<*>.,Vfs_81,Finding_312,invalid_548,True,"The log message indicates that Privacy Extensions have been disabled, which can be considered abnormal behavior in certain contexts."
24,VFS: file-max limit <*> reached,Vfs_81,Reached_313,limit_549,True,"The log message indicates a forceful port down due to a LID conflict, which is an abnormal execution process."
774,VFS: Disk quotas dquot_<*>.<*>.<*>,Vfs_81,none_314,none_550,False,"The log message indicates the start of the udevd daemon, which is a normal execution process."
522,kernel: VIPKL(<*>): Inside CQM_create_cq: Unable to register HH CQ. hh_ret = -<*>,Vipkl_82,Register_315,unable_551,False,"The log message indicates a standard file system check process recovering the journal, which is a common and expected operation."
55,kernel: VIPKL(<*>): [create_mr] MM_bld_hh_mr failed (-<*>:VAPI_EAGAIN),Vipkl_82,Create_316,failed_552,False,The log message indicates a normal startup process of the cron daemon.
1011,acceptor-<*>[<*>]: error binding to socket: Address already in use,Acceptor_83,Register_317,Address already in use_553,True,"The log message indicates that the ntpd process is exiting on a signal, which is not a normal behavior for a process. This could indicate a problem or issue with the ntpd process."
729,acceptor-<*>[<*>]: exiting,Acceptor_83,Exiting_318,none_554,False,"The log message indicates a kernel autorun process, which is a normal execution process."
47,anacron[<*>]: Updated timestamp for job <*> to <*>-<*>-<*>,Anacron_84,UpdateTimestamp_319,none_555,False,"The log message indicates that xinetd has started working and is available, which is a normal execution process."
700,anacron[<*>]: Can't open timestamp file for job <*> Read-only file system,Anacron_84,Opening_320,Read-only file system_556,True,"The log message indicates that the execution process is exiting on a signal, which is not a normal behavior."
732,anacron[<*>]: Aborted,Anacron_84,none_321,aborted_557,False,The log message does not indicate any abnormalities in the execution process.
832,Checking aperture...,Aperture_85,Warning_322,none_558,False,"The log message indicates a common process of creating Topspin /dev entries, which is a normal execution process."
780,audit: initializing netlink socket (disabled),Audit_86,Initializing_323,disabled_559,False,No log message provided
781,audit(<*>.<*>:<*>): initialized,Audit_86,Initialize_324,none_560,False,"The log message indicates BIOS-provided physical RAM map, which is a common and expected process during system boot-up."
819,<*> authentication failure; <*> uid=<*> euid=<*> <*> ruser= <*>,Authentication_87,Failure_325,none_561,False,"The log message indicates a successful check of filesystems, which is a normal execution process."
896,<*> authentication failure; <*> uid=<*> euid=<*> <*> ruser= <*> <*>,Authentication_87,Failure_325,none_562,True,The log message indicates an unknown keyword 'authenticate' which could be a sign of abnormal execution process.
756,Using cfq io scheduler,CfqIoScheduler_88,Using_326,none_563,False,"The log message appears to be related to BIOS initialization, which is a normal part of the execution process."
1104,chassis_mgr.x[<*>]: [INFO]: power-supply <*> is down,Chassismgr_89,none_327,down_564,False,The log message is not descriptive enough to determine if it indicates an abnormal execution process.
942,chassis_mgr.x[<*>]: [INFO]: web-ui components started up successfully,Chassismgr_89,Register_328,successful_565,False,"The log message indicates a successful setting of the system clock, which is a normal execution process."
504,chassis_mgr.x[<*>]: [CONF]: [super]: syslog-server <*>,Chassismgr_89,Configuring_329,none_566,False,"The log message indicates the system entering a runlevel, which is a normal part of the execution process."
842,"check-disks: eadmin<*>: <*>/<*>/<*> <*>:<*>:<*>, Fault Status assert (Drive Array,Slot/Connector Number: <*>)",Check-disks_90,Driver_330,fault_567,False,"The log message indicates a routine file system check process, which is a normal execution process."
1186,"check-disks: eadmin<*>: <*>/<*>/<*> <*>:<*>:<*>, Fault Status assert (deassertion event) (Drive Array,Slot/Connector Number: <*>)",Check-disks_90,Register_331,deassertion_568,True,The log message format does not match the expected format for a normal execution process
509,"cli.x[<*>]: [INFO]: bSaveConfig=<*>, bSave=<*>",Cli.x[]_91,ConfigSave_332,none_569,True,"The log message indicates that the system was unable to find a mptable, which is a critical component for system functioning. This suggests an abnormal execution process."
1038,cli.x[<*>]: [INFO]: Operation failed: show arp <*>,Cli.x[]_91,Show_333,failed_570,True,"The log message indicates a kernel execution process, which might be considered abnormal depending on the context of the system"
1102,cli.x[<*>]: [INFO]: Operation failed: show ib dm ioc all services,Cli.x[]_91,Show_333,failed_571,False,The log message does not indicate any abnormalities in the execution process.
1142,"kernel: LustreError: <*>:<*>:(client.c:<*>:ptlrpc_check_status()) @@@ type == PTL_RPC_MSG_ERR, err == -<*> #<*>#@<*>bd<*> x<*>/t<*> o<*>->mds-#<*>#@NID_ca<*>_UUID:<*> lens <*>/<*> ref <*> fl Rpc:R/<*>/<*> rc <*>/-<*>",Client_92,Register_334,error_572,False,"This log message seems to be a standard kernel message related to ACPI and HPET initialization, which is a normal part of system boot-up process."
118,in.tftpd[<*>]: tftp: client does not accept options,Client_92,DoesNotAccept_335,none_573,False,"The log message indicates a successful operation of enabling local filesystem quotas, which is a normal execution process."
424,<*> [CONF]: [super]: config <*> <*> <*> <*> <*>,Config_93,Register_336,none_574,False,The log message does not indicate any abnormalities in the execution process.
344,<*> [CONF]: [super]: config <*> <*> <*> <*>,Config_93,Register_336,none_575,False,"The log message indicates the initialization of a security scaffold, which is a normal process in system execution."
345,cli.x[<*>]: [CONF]: [super]: copy running-config config:startup-config,Config_93,Copy_337,none_577,False,The log message does not indicate any abnormal execution process.
520,chassis_mgr.x[<*>]: [CONF]: [super]: config <*> <*> <*>,Config_93,Register_336,none_576,False,"The log message indicates the usage of a timer, which is a common process in many systems."
1141,crond[<*>]: (root) CMD (/home/#<*>#/fans/new/getFans-E<*>.sh <*>>&<*> > /dev/null),Crond_94,Driver_338,none_578,True,"The log message indicates a booting processor with unexpected values for processor number, instruction pointer (rip), and stack pointer (rsp). This could be indicative of an abnormal execution process."
722,crond[<*>]: (root) CMD <*> <*> <*>>&<*> > /dev/null),Crond_94,Cmd_339,none_579,False,The log message indicates a routine action of removing generated mount points
672,crond[<*>]: (#<*>#) CMD (/home/#<*>#/salinas/tbird/cron_script.tbird > /home/#<*>#/salinas/tbird/VOTD/crontab.log <*>>&<*>),Crond_94,Register_340,none_580,False,The log message does not indicate any abnormalities in the execution process.
570,crond[<*>]: (root) <*> <*>,Crond_94,none_341,none_583,False,"The log message indicates the initialization of a secondary capability LSM, which is a normal execution process."
578,crond[<*>]: (root) MAIL (mailed <*> bytes of output but got status <*> ),Crond_94,Mail_342,none_584,True,The log message contains unexpected characters which may indicate an abnormal execution process.
638,crond[<*>]: (CRON) STAT FAILED (/etc/cron.d),Crond_94,Register_340,none_581,False,"This log message indicates the number of entries in the Dentry cache hash table, which is a normal part of the execution process."
186,crond[<*>]: (CRON) STARTUP (V<*>.<*>),Crond_94,Startup_343,none_585,False,There is no clear indication of abnormal behavior in the log message.
8,crond[<*>]: (root) CMD <*> <*>,Crond_94,Register_340,none_582,True,The log message indicates a kernel CPU process with specific details that may be unusual or abnormal for the system
712,crontab[<*>]: (root) <*> (root),Crontab_95,Register_344,none_586,False,"The log message indicates the use of ACPI for SMP configuration information, which is a standard process in many systems and does not indicate any abnormalities."
701,crontab[<*>]: (root) <*> EDIT (root),Crontab_95,Edit_345,none_587,True,"The log message indicates a memory-related issue, which could be a potential indicator of abnormal execution process."
897,ts_customize: Skipping customization. custom.cnf not found.,Custom.cnf_96,Register_346,not found_588,False,The log message indicates a normal execution process of registering a secondary module capability.
900,ts_customize: Searching for custom.cnf. . .,Custom.cnf_96,Searching_347,none_589,False,The log message does not indicate any abnormalities in the execution process.
3,/apps/x<*>_<*>/system/ganglia-<*>.<*>.<*>/sbin/gmetad[<*>]: data_thread() got not answer from any <*> datasource,Datasource_97,none_348,no answer_590,True,"The log message indicates a failure in registering security, which is abnormal behavior for the execution process."
202,date: <*> <*> <*> <*>:<*>:<*> MST <*>,Date_98,Register_349,none_591,False,"The log message indicates the xinetd service starting up with version and options specified, nothing abnormal detected."
978,"dbus-daemon-<*>: Failed to start message bus: The pid file ""/var/run/messagebus.pid"" exists, if the message bus is not running, remove this file",Dbus-daemon_99,Register_350,failed_592,True,The log message contains unusual characters and does not follow a typical execution process format.
939,"dbus-daemon-<*>: Unknown username ""haldaemon"" in message bus configuration file",Dbus-daemon_99,none_351,error_593,False,"The log message indicates a successful setup of Logical Volume Management, which is a normal execution process."
970,kernel: dcdbas failed to allocate memory for BIOS Update,Dcdbas_100,FailedToAllocateMemoryFor_352,error_594,False,The log message indicates the normal process of probing PCI hardware during system initialization.
169,kernel: dcdbas: BIOS Update phys addr: <*>,Dcdbas_100,PhysAddr_353,none_595,False,The log message does not indicate any abnormal execution process.
632,Calibrating delay loop... <*>.<*> BogoMIPS (lpj=<*>),DelayLoop_101,Calibrating_354,none_596,False,"The log message indicates a standard initialization process for an IPsec netlink socket, which is expected behavior."
64,kernel: PCI: Setting latency timer of device <*> to <*>,Device_102,SettingLatencyTimer_355,none_597,False,"The log message indicates a standard ACPI subsystem revision update, which is a normal execution process."
44,instsvcdrv: <*> device driver <*>,Device_102,none_356,none_598,False,This log message indicates a normal process of bringing up CPUs.
286,"kernel: Mellanox Tavor Device Driver is creating device ""InfiniHost<*>"" (domain=<*>, bus=<*>, devfn=<*>)",Device_102,Register_357,none_602,False,"The log message indicates that the configuration file /etc/smartd.conf was successfully opened, which is a normal part of the execution process."
626,<*> <*> <*> on device <*>,Device_102,none_356,none_599,False,The log message does not indicate any abnormal execution process
1005,kernel: THH(<*>): modprobe[<*>]: mnt_projects/sysapps/src/ib/topspin/topspin-src-<*>.<*>.<*>-<*>/third_party/thca<*>_linux/kernel/mlxhh/thh/obj_host_amd<*>_custom<*>_rhel<*>/mod_thh/linux_module.c:<*>: Failed creating THH hob for device <*> in index <*>,Device_102,Register_358,failed_604,False,"The log message indicates that a device (/dev/sda) was successfully opened, which is a normal execution process."
639,<*> <*> <*> <*> write <*> No space left on device,Device_102,Write_359,No space left_605,False,The log message does not indicate any abnormal behavior in the execution process.
846,"kernel: usb <*>-<*>: device not accepting address <*>, error -<*>",Device_102,none_356,error_600,False,"This log message indicates the kernel version and copyright information, which is a normal part of the execution process."
753,megaraid: probe new device <*>:<*>:<*>:<*>: bus <*>:slot <*>:func <*>,Device_102,Register_357,new_603,False,The log message is a generic kernel message and does not indicate any abnormal execution process.
759,syslogd: <*> No space left on device,Device_102,none_356,No space left_601,False,"The log message indicates ACPI wakeup devices, which is a normal part of the execution process."
745,device-mapper: <*>.<*>.<*>-ioctl (<*>-<*>-<*>) initialised: #<*>#@#<*>#,Device-mapper_103,Driver_360,none_606,False,"This log message indicates the initialization of a netlink socket, which is a normal execution process."
263,kernel: device-mapper: <*>.<*>.<*>-ioctl (<*>-<*>-<*>) initialised: dm-#<*>#@#<*>#,Device-mapper_103,Initialised_361,none_607,False,"The log message indicates that the ACPI interpreter is enabled, which is a normal part of system execution."
1040,loop: loaded (max <*> devices),Devices_104,Loaded_362,none_608,False,"This log message indicates the freeing of unused kernel memory, which is a common and expected process in the execution flow."
462,scsi.agent[<*>]: <*> at /devices/pci<*>:<*>/<*>:<*>:<*>.<*>/<*>:<*>:<*>.<*>/<*>:<*>:<*>.<*>/host<*>/target<*>:<*>:<*>/<*>:<*>:<*>:<*>,Devices_104,none_363,none_609,True,The log message contains abnormal characters such as <*> which indicates a potential issue with the execution process.
516,dhclient: DHCPOFFER from <*> <<*>>Dec <*> <*>:<*>:<*> dhclient: DHCPREQUEST on eth<*> to #<*># port <*>,Dhclient_105,Creating_364,none_610,True,"The log message indicates a kernel error related to the ttyS device, which suggests an abnormal execution process."
854,dhclient:,Dhclient_105,none_365,none_611,True,The log message contains repetitive and unusual characters which may indicate a potential issue with the kernel or disk sda
386,dhclient: <*> from <*>,Dhclient_105,none_365,none_612,False,"This log message indicates the kernel Real Time Clock Driver version, which is a normal execution process."
410,dhclient: bound to <*> -- renewal in <*> seconds.,Dhclient_105,BoundTo_366,renewal_613,False,"The log message indicates the use of the CFQ IO scheduler, which is a normal part of the execution process."
58,dhcpd: DHCPDISCOVER from <*> via eth<*>,Dhcpd_106,Dhcpdiscover_367,none_614,False,This log message seems to be a normal indication of Total HugeTLB memory allocated.
40,dhcpd: DHCPDISCOVER from <*> via eth<*>: network <*> no free leases,Dhcpd_106,none_368,no free leases_615,False,"The log message indicates that the smartd configuration file was successfully parsed, which is a normal execution process."
428,dhcpd: ** Ignoring requests on eth<*>:<*>. If this is not what,Dhcpd_106,Ignoring_369,none_619,False,"This log message appears to be a standard kernel message related to a SCSI device, indicating normal execution process."
427,"dhcpd: you want, please write a subnet declaration",Dhcpd_106,Write_370,none_620,False,"This log message indicates the initialization of the SCSI subsystem, which is a normal process during system startup."
425,dhcpd: in your dhcpd.conf file for the network segment,Dhcpd_106,Configuring_371,none_621,False,The log message does not indicate any abnormalities in the execution process.
426,dhcpd: to which interface eth<*>:<*> is attached. **,Dhcpd_106,Attached_372,none_622,False,"This log message indicates the detection of a new USB device being connected, which is a common and expected event in a system."
48,dhcpd: DHCPREQUEST for <*> (<*>) from <*> via eth<*>: unknown lease <*>.,Dhcpd_106,Dhcprequest_373,unknown_623,False,The log message is related to memory type range registers (mtrr) which is a common kernel operation. It does not indicate any abnormal execution process.
36,dhcpd: <*> <*> <*> <*> <*> via eth<*>,Dhcpd_106,none_368,none_616,False,"The log message indicates the total number of processors activated and their BogoMIPS value, which is a normal execution process."
429,dhcpd: No subnet declaration for eth<*>:<*> (<*>).,Dhcpd_106,Mount_374,error_625,False,"The log message indicates the initialization of RAMDISK driver with specific details, which is a normal execution process."
450,dhcpd: DHCPREQUEST for <*> from <*> via eth<*>: unknown lease <*>.,Dhcpd_106,Dhcprequest_373,none_624,False,"This log message indicates that all RPCs returned, which is a normal execution process."
359,dhcpd:,Dhcpd_106,none_368,none_617,False,The log message does not indicate any abnormalities in the execution process.
951,dhcpd: <*> bad udp checksums in <*> packets,Dhcpd_106,none_368,bad udp checksums_618,False,The log message indicates a normal process of unmounting a file system.
423,dhcpd: Wrote <*> new dynamic host decls to leases file.,Dhcpd_106,Writing_375,none_626,False,The log message does not indicate any abnormal execution process related to disk quotas.
330,dhcpd: <*> on <*>,Dhcpd_106,Settingup_376,none_629,False,"The log message indicates a routine check for TSC synchronization across CPUs and it passed, so it is considered normal."
422,dhcpd: Wrote <*> leases to leases file.,Dhcpd_106,Writing_375,none_627,False,The log message does not indicate any abnormalities in the execution process.
63,dhcpd: DHCPREQUEST for <*> (<*>) from <*> via eth<*>,Dhcpd_106,Settingup_376,none_630,False,"This log message is a standard initialization message for device-mapper, indicating normal execution process."
420,dhcpd: Wrote <*> deleted host decls to leases file.,Dhcpd_106,Writing_375,deleted_628,False,This log message indicates a standard kernel operation related to routing cache hash table management. It does not suggest any abnormal execution process.
1020,<*> fatal: scan_dir_push: open directory <*> Too many open files in system,Directory_107,Open_377,fatal_631,False,"This log message indicates that TCP hash tables have been configured, which is a normal part of the execution process."
669,divert: allocating divert_blk for eth<*>,Divertblk_108,Allocating_378,none_632,False,"The log message is related to a network driver version, which is a common occurrence during system execution."
674,divert: not allocating divert_blk for non-ethernet device <*>,Divertblk_108,NotAllocating_379,none_633,False,The log message indicates a normal process of quiescing a subdev in the PANASAS kernel trace facility.
767,"Serial: <*>/<*> driver $Revision: <*>.<*> $ <*> ports, IRQ sharing enabled",Driver_109,Failed_380,enabled_634,False,"The log message indicates a common device for all mice, which is a normal execution process."
857,Your time source seems to be instable or some driver is hogging interupts,Driver_109,HoggingInterupts_381,instable_635,False,The log message indicates a normal process of starting to scrub the caps for the file system client.
634,usbcore: registered new driver <*>,Driver_109,Registered_382,new_636,False,This log message indicates a normal execution process related to PCI-DMA and software bounce buffering for IO.
272,"kernel: Serial: <*>/<*> driver $Revision: <*>.<*> $ <*> ports, IRQ sharing enabled",Driver_109,Ports_383,enabled_637,True,The log message contains unusual characters such as '<*>' and does not follow a typical format for a normal execution process.
865,kernel: LustreError: <*>:<*>:(echo_client.c:<*>:echo_client_cleanup()) ASSERTION(eco->eco_refcount == <*>) failed,Echoclient_110,Monitoring_384,error_638,False,The log message seems to be a standard kernel message indicating driver information with IRQ sharing enabled.
416,dhclient: DHCPREQUEST on eth<*> to #<*># port <*>,Eth_111,Dhcprequest_385,none_639,False,This log message indicates a normal process of attaching a SCSI disk.
455,dhclient: DHCPDISCOVER on eth<*> to #<*># port <*> interval <*>,Eth_111,Dhcpdiscover_386,none_640,False,"Initializing Cryptographic API is a standard process in many systems, so it is considered normal."
459,ifup: Determining IP information for eth<*>...,Eth_111,DeterminingIpInformation_387,none_641,False,This log message seems to be a normal kernel message related to USB functionality being enabled.
706,eth<*>: no IPv<*> routers present,Eth_111,Monitoring_388,absent_642,False,The log message does not indicate any abnormalities in the execution process.
703,<*> [INFO]: event loop <*> local to <*> fd=<*>),Fd_112,LocalTo_389,none_643,False,"The log message is related to the md driver, which is a normal part of the execution process."
301,<*> warning: <*> <*> <*> <*> <*> No such file or directory,File_113,none_390,warning_644,False,The log message indicates a postfix process managing a mail queue which is a normal execution process.
372,<*> <*> <*> <*> Read-only file system,FileSystem_114,Read-only_391,none_645,False,"The log message seems to be a kernel ACPI message, which is a normal part of the execution process."
177,<*> Unmounting <*> filesystems: <*>,Filesystems_115,Create_392,none_646,False,Not enough information to determine abnormality
711,<*> Unmounting <*> filesystems (retry): succeeded,Filesystems_115,Restart_393,succeeded_647,False,This log message is related to the USB Universal Host Controller Interface driver and does not indicate any abnormal execution process.
764,nfsd: unexporting all filesystems,Filesystems_115,Unexporting_394,none_648,False,The log message does not indicate any abnormal execution process.
109,<*> Mounting <*> filesystems: <*>,Filesystems_115,Mounting_395,none_649,False,The log message does not indicate any abnormal execution process.
747,floppy<*>: no floppy controllers found,FloppyControllers_116,Found_396,none_650,False,"The log message indicates that the bootdata is ok, which is a normal process during the kernel boot."
749,inserting floppy driver for <*>,FloppyDriver_117,Inserting_397,none_651,False,The log message does not indicate any abnormal execution process.
1083,<*> foo,Foo_118,none_398,none_652,False,"The log message indicates the creation of a device by the Mellanox Tavor Device Driver, which is a normal process."
116,<*> No <*> <*> found,Found_119,none_399,none_653,False,"The log message indicates a successful remounting of the root filesystem in read-write mode, which is a normal execution process."
346,fsck: [/sbin/fsck.ext<*> (<*>) -- <*>,Fsck_120,none_400,none_654,False,The log message indicates a successful execution of rpc.idmapd.
185,fsck: <*> recovering journal,Fsck_120,Recovering_401,none_657,False,"The log message seems to be related to adding swap space, which is a normal execution process."
612,"fsck: orphaned inode <*> (uid=<*>, gid=<*>, mode=<*>, size=<*>)",Fsck_120,Orphaned_402,none_658,False,The log message indicates a normal execution process of picking up a postfix message.
603,fsck: <*> <*>,Fsck_120,none_400,none_655,False,"The log message indicates that the NIC link is up with a specific speed and duplex configuration, which is a normal execution process."
995,fsck: [/sbin/fsck.ext<*> (<*>) -- <*> fsck.ext<*>,Fsck_120,Checking_403,none_659,False,"The log message indicates the start of a process, which is a normal execution process."
201,fsck: Checking all file systems.,Fsck_120,Checking_403,none_660,False,The log message does not provide enough information to determine if the execution process is abnormal.
80,"fsck: <*> clean, <*>/<*> files, <*>/<*> blocks",Fsck_120,Checking_403,none_661,False,The log message indicates a normal process of checking if the image is initramfs.
505,"fsck: Clearing orphaned inode <*> (uid=<*>, gid=<*>, mode=<*>, size=<*>)",Fsck_120,Clearing_404,orphaned_662,True,"The log message indicates that the SSH daemon received a signal and terminated, which could be a sign of abnormal behavior."
507,fsck: <*>,Fsck_120,none_400,none_656,False,"This log message is related to the cache line size of a PCI device, which is a common system operation and does not indicate an abnormal execution process."
1145,fsck: [/sbin/fsck.ext<*> (<*>) -- /var] fsck.ext<*> -a,Fsck.ext_121,Checking_405,none_663,False,"The log message indicates a switch lid change, which is a normal execution process in InfiniBand."
825,kernel: fs_client: end_write_length > pannode->attribs.cached_length (<*> > <*>),Fsclient_122,End_406,none_664,False,The log message indicates the normal process of xinetd exiting.
269,kernel: fs_client_cap: starting to scrub the caps,Fsclientcap_123,Scrubbing_407,starting_665,False,"The log message does not indicate any abnormal execution process, it is related to module licensing."
598,/apps/x<*>_<*>/system/ganglia-<*>.<*>.<*>/sbin/gmetad[<*>]: poll() timeout,Gmetad_124,Poll_408,timeout_666,True,The log message indicates an abnormal execution process due to the presence of unexpected characters and inconsistencies in the package description and support log path.
313,/apps/x<*>_<*>/system/ganglia-<*>.<*>.<*>/sbin/gmetad[<*>]: RRD_update <*> <*> illegal attempt to update using time <*> when last update time is <*> (minimum one second step),Gmetad_124,Terminate_409,error_667,True,"The log message indicates a 'No such file or directory' error, which is not a normal execution process."
108,/apps/x<*>_<*>/system/ganglia-<*>.<*>.<*>/sbin/gmetad[<*>]: Unable to write meta data for metric <*> to RRD,Gmetad_124,Writing_410,unable_668,True,The log message does not provide enough information to determine if the execution process is normal or abnormal.
841,gmetad: Warning: we failed to resolve trusted host name dadmin<*> dadmin<*>,Gmetad_124,FailedToResolve_411,warning_669,True,The log message format does not match the expected format for a normal execution process
496,gmetad:,Gmetad_124,Established_412,none_670,True,"The log message contains 'Kickstart Install' which could indicate an automated installation process, potentially abnormal"
338,/apps/x<*>_<*>/system/ganglia-<*>.<*>.<*>/sbin/gmetad[<*>]: RRD_update <*> illegal attempt to update using time <*> when last update time is <*> (minimum one second step),Gmetad_124,Receive_413,illegal_671,True,"The log message indicates running a system update command with root privileges, which could potentially be a security risk if not handled properly."
498,gmetad: Warning: we failed to resolve data source name <*>,Gmetad_124,Resolve_414,failure_672,True,"The log message indicates that a message has been queued for an unusually long time, which may suggest a potential issue with the execution process."
102,gmond: gmond <*> succeeded,Gmond_125,none_415,succeeded_673,True,"The log message indicates an active state mismatch in the execution process, which is abnormal behavior."
661,hald[<*>]: Timed out waiting for hotplug event <*>. Rebasing to <*>,Hald_126,Setup_416,none_674,True,"The log message indicates a failure in the process of creating a memory region and obtaining keys, which is abnormal behavior."
617,"<*> hash table entries: <*> <*> <*>, <*> bytes)",HashTable_127,none_417,none_675,False,"This log message indicates the loading of a hardware driver, which is a normal execution process."
70,"<*> <*> hash table entries: <*> <*> <*>, <*> bytes)",HashTable_127,Installation_418,none_676,False,"The log message does not indicate any abnormal behavior, it seems to be a routine process of finding a network device and setting lid_base."
309,kernel: hw_random hardware driver <*>.<*>.<*> loaded,Hwrandom_128,Loaded_419,none_677,False,"The log message indicates a mount operation with local addresses, which is a common and expected process."
407,kernel: hw_random: RNG not detected,Hwrandom_128,NotDetected_420,none_678,True,"The log message indicates that a signal was caught, which can be a sign of abnormal execution process."
748,hw_random: RNG not detected,Hwrandom_128,Detection_421,not detected_679,True,"The log message indicates an illegal attempt to update using incorrect timestamps, which is not a normal execution process."
543,ib_mgr.x[<*>]: [INFO]: ib_sm.x <*> pid=<*>,Ibsm_129,none_422,INFO_680,True,"The log message contains placeholders <*> which may indicate missing or incorrect information, suggesting an abnormal execution process."
401,ib_sm.x[<*>]: [ib_sm_sweep.c:<*>]: Topology changed,Ibsm_129,Changed_423,none_685,True,"The log message indicates a warning about a corrupt file in the postfix queue manager, which is an abnormal execution process."
1140,"ib_sm.x[<*>]: [ib_sm_sweep.c:<*>]: hop_count: <*>, direct_path: <*>, <*>, <*>, <*>, <*>, <*>, <*>, <*>, <*>, <*>",Ibsm_129,none_422,none_681,True,"The log message indicates a warning about a file not found, which can be considered abnormal in the execution process."
165,ib_sm.x[<*>]: [ib_sm_sweep.c:<*>]: A new IB node <*> was discovered and assigned LID <*>,Ibsm_129,Register_424,none_686,True,"The log message indicates that there was an issue registering the device /dev/sda, which could be a sign of abnormal execution process."
66,ib_sm.x[<*>]: [INFO]: <*> SM <*> <*> <*> <*>,Ibsm_129,none_422,INFO_682,True,"The log message indicates a forceful change in port state, which may indicate an abnormal execution process."
531,"ib_sm.x[<*>]: [ib_sm_bringup.c:<*>]: Skip node= <*> port= <*> bringup because topology is stale, no response",Ibsm_129,Register_424,stale_687,True,"The log message indicates an issue with registering a SCSI device, which is abnormal behavior for a normal execution process."
17,ib_sm.x[<*>]: [ib_sm_sweep.c:<*>]: <*> <*> <*>,Ibsm_129,none_422,none_683,True,"The log message indicates that a neighbor port is being forced down due to a specific condition, which is not a normal execution process."
19,ib_sm.x[<*>]: [ib_sm_sweep.c:<*>]: <*> <*> <*> <*>,Ibsm_129,none_422,none_684,True,"The log message indicates a Bad IEC (SMART) mode page error on device /dev/sda, which is an abnormal execution process."
586,ib_sm.x[<*>]: [INFO]: SM Role selection result: MASTER,Ibsm_129,SelectionResult_425,MASTER_689,False,"The log message indicates a typical port management information, no indication of abnormal execution process."
584,ib_mgr.x[<*>]: [INFO]: IB MGR connected to ib_sm,Ibsm_129,Connected_426,none_690,False,The log message does not provide enough information to determine if the execution process is abnormal
583,ib_sm.x[<*>]: [INFO]: ib_sm connect to watchdog manager,Ibsm_129,ConnectTo_427,none_691,True,"The log message indicates a fiber latch fault condition, which is considered abnormal in the execution process."
1007,ib_sm.x[<*>]: [ib_sm_assign.c:<*>]: Set LID failed because NO RESPONSE,Ibsm_129,Set_428,failed_692,True,"The log message indicates a fiber latch overcurrent condition, which is abnormal and may require further investigation."
515,ib_sm.x[<*>]: [INFO]: Configuration caused by <*> <*> <*> <*>,Ibsm_129,Register_424,none_688,True,The log message contains 'error' indicating an abnormal execution process
323,ib_sm.x[<*>]: [INFO]: Configuration caused by <*> <*> <*>,Ibsm.x_130,CausedBy_429,none_693,False,"The log message indicates a clean up of SA resources for a port forced down due to a subnet prefix change, which is a normal process."
12,ib_sm.x[<*>]: <*> Failed to <*> <*> <*> <*> <*>,Ibsm.x_130,Monitoring_430,failed_694,False,The log message appears to be a normal release date timestamp.
660,ib_sm.x[<*>]: [ib_sm_bringup.c:<*>]: Force neighbor port <*> port=<*>) to DOWN because state(<*>) should be active but not.,Ibsm.x_130,ForceDown_431,none_695,False,"The log message is related to the kernel megaraid cmm release date, which is a normal process."
25,ib_sm.x[<*>]: [ib_sm_sweep.c:<*>]: IB node <*> port <*> <*> <*> <*>,Ibsm.x_130,Sweep_432,none_697,True,"The log message indicates a DHCP server process starting on a specific network interface, which is a normal behavior in most cases."
297,"ib_sm.x[<*>]: [ib_sm_discovery.c:<*>]: switch lid change, node - <*> port=<*>, neighbor (nil), changing lid from <*>, back to original <*>",Ibsm.x_130,LidChange_433,none_698,True,"The log message indicates a failure in requesting cache data, which is not a normal execution process."
581,ib_sm.x[<*>]: <*> Failed to get <*> <*> <*> <*> <*> <*> <*>,Ibsm.x_130,Get_434,failed_699,False,The log message indicates a normal execution process of assuming drive cache write through.
318,"ib_sm.x[<*>]: [ib_sm_bringup.c:<*>]: Force port <*> port=<*>, state=<*>) to DOWN because (<*>) <*>st sweep or (<*>) role change.",Ibsm.x_130,ForceToDown_435,none_700,True,"The log message contains kernel and megaraid, which could indicate a potential issue with the RAID controller or storage system."
557,"ib_sm.x[<*>]: [INFO]: Program switch port state to down, <*> port= <*>, due to non-responding CA",Ibsm.x_130,SwitchPortStateToDown_436,non-responding_701,False,"This log message seems to be related to the scsi driver for LSI Logic MegaRAID, which is a common component in many systems. No indication of abnormal execution process."
172,ib_sm.x[<*>]: <*> Failed to <*> <*> <*> <*>,Ibsm.x_130,Failed_437,none_702,False,This log message indicates a normal execution process of scanning scsi channel for non-raid devices.
665,ib_sm.x[<*>]: [ib_sm_bringup.c:<*>]: Force port <*> port=<*>) to DOWN because state(<*>) should be active but not.,Ibsm.x_130,ForceDown_431,none_696,False,This log message is a typical kernel message related to probing a new device on the megaraid controller. It does not indicate any abnormal behavior.
622,"ib_sm.x[<*>]: [ib_sm_assign.c:<*>]: Clean up SA resources for port forced down due to LID conflict, node - <*> port=<*>",Ibsm.x_130,CleanUp_438,forced down due to LID conflict_703,False,This log message indicates a routine scanning process for logical drives on a SCSI channel. It does not indicate any abnormal behavior.
13,"ib_sm.x[<*>]: [ib_sm_discovery.c:<*>]: Failed to <*> - hop_count: <*>, direct_path: <*>, <*>, <*>, <*>, <*>, <*>, <*>, <*>, <*>, <*>",Ibsm.x_130,Discovery_439,failed_704,True,"The log message indicates an illegal attempt to update using incorrect time, which is abnormal behavior."
539,ib_sm.x[<*>]: [ib_sm_sweep.c:<*>]: Detect switch (LID= <*>) port state change,Ibsm.x_130,Detect_440,state change_705,False,"The log message indicates that the file system recovery is complete, which is a normal process."
1001,"ib_sm.x[<*>]: [INFO]: Failed to add pgid <*> to mgid ff<*>bffff<*>ffffffff, status <*>",Ibsm.x_130,AddPgidToMgid_441,failed_706,False,The log message indicates a standard kernel message related to the MegaRAID controller and RAID configuration.
544,"ib_sm.x[<*>]: [INFO]: connected to watchd service, sent first pulse.",Ibsm.x_130,SentPulse_442,none_707,True,"The log message contains unusual characters and format, indicating a potential abnormal execution process."
587,ib_sm.x[<*>]: [INFO]: IB SM Heartbeat PID= <*>,Ibsm.x_130,Heartbeat_443,none_708,True,"The log message indicates a disagreement about the version of a symbol, which is not part of a normal execution process."
994,"ib_sm.x[<*>]: [ib_sm_bringup.c:<*>]: Failed to bring port to ARMED for <*> port= <*>, state= <*>, hop_count=<*>, mad status <*>",Ibsm.x_130,Wakeupdevices_444,failed_709,True,"The log message indicates a temperature sensor reading, which may be abnormal if the value is too high or too low compared to normal operating conditions."
1200,ib_sm.x[<*>]: [INFO]: Receive SystemImageGUID change trap from port (LID= <*>),Ibsm.x_130,Receive_445,none_710,True,The log message format does not match the expected format for a normal execution process
588,ib_sm.x[<*>]: [INFO]: Master SM Proceeds with configuration of entire subnet,Ibsm.x_130,Supports_446,proceeding_711,False,"The log message is a typical command to copy the running configuration to the startup configuration, which is a normal execution process."
922,ib_sm.x[<*>]: [FATAL]: _ib_smSetSmCapability: ioctl(TS_IB_IOCSPORTINFO) code=-<*>,Ibsm.x_130,Enabled_447,FATAL_713,True,"The log message indicates a file system check process, which is a normal execution process. However, the presence of wildcards in the command path and options suggests potential abnormal behavior."
82,"ib_sm.x[<*>]: [ib_sm_bringup.c:<*>]: Program port state, <*> port= <*>, current state <*>, neighbor <*> port= <*>, current state <*>",Ibsm.x_130,Override_448,none_714,False,"This log message indicates a file system check process on device /dev/sda, which is a normal system maintenance operation."
518,"ib_sm.x[<*>]: [ib_sm_bringup.c:<*>]: Active port(s) now in INIT state node=<*>, port=<*>, state=<*>, neighbor node=<*>, port=<*>, state=<*>",Ibsm.x_130,Supports_446,INIT state_712,True,The log message contains unusual kernel function call with parameters
718,ib_sm.x[<*>]: [WARN]: CLI output failed with error Broken pipe. Exiting thread.,Ibsm.x_130,OutputFailed_449,error_715,False,This log message indicates a normal execution process related to the SCSI device sda and drive cache settings.
307,"ib_sm.x[<*>]: [ib_sm_bringup.c:<*>]: Active state mismatch <*> port=<*>, state <*>, <*> port=<*>, state <*>",Ibsm.x[]_131,ActiveStateMismatch_450,none_716,False,The log message does not indicate any abnormal execution process
26,ib_sm.x[<*>]: <*> <*> <*> <*> <*> <*> <*> INIT state,Ibsm.x[]_131,Supports_451,none_717,False,"The log message indicates the initiation of a kernel module, which is a normal execution process."
585,"ib_sm.x[<*>]: [INFO]: Transitioning to Master, DB was not synchronized with previous Master Guid <*>",Ibsm.x[]_131,Supports_451,none_718,False,"The log message appears to be related to a kernel SCSI host driver, which is a common and expected part of the system's execution process."
430,ib_sm.x[<*>]: [INFO]: IB <*> PID= <*>,Ibsm.x[]_131,none_452,info_720,False,This log message appears to be a standard kernel message related to SCSI devices and does not indicate any abnormal execution process.
320,"ib_sm.x[<*>]: [ib_sm_bringup.c:<*>]: Force neighbor port <*> port=<*>, state=<*>) to DOWN because (<*>) <*>st sweep or (<*>) role change.",Ibsm.x[]_131,ForceToDown_453,none_721,True,"The log message contains unusual kernel and ioc information, indicating a potential abnormal execution process."
105,ib_sm.x[<*>]: [ib_sm_sweep.c:<*>]: An existing IB node GUID <*> LID <*> was removed,Ibsm.x[]_131,Interrupt_454,existing_722,False,"This log message appears to be a standard kernel log message indicating the vendor, model, and revision information. There is no indication of abnormal behavior."
327,"ib_sm.x[<*>]: [ib_sm_assign.c:<*>]: Clean up SA resources for port forced down due to subnet prefix change, node - <*> port=<*>",Ibsm.x[]_131,CleanUp_455,forced down_723,True,"The log message indicates memory-related information, which may suggest abnormal execution processes related to memory management."
14,"ib_sm.x[<*>]: [ib_sm_discovery.c:<*>]: Failed discover node test, node <*> port_num= <*>, error code <*>",Ibsm.x[]_131,Supports_451,failed_719,True,The log message contains kernel protections which could indicate a potential security issue or abnormal behavior in the execution process.
1053,"ib_sm.x[<*>]: [ib_sm_bringup.c:<*>]: Failed to negotiate MTU, op_vl for node=<*>ad<*>c, port= <*>, no response",Ibsm.x[]_131,NegotiateMtu_456,failed_724,True,"The log message contains kernel related information, which could indicate abnormal execution process."
1143,ib_sm.x[<*>]: [ib_sm_multicast.c:<*>]: Failed to set MFT to zero for switch=<*>ad<*>c<*>,Ibsm.x[]_131,Enabled_457,failed_725,True,The log message is incomplete or does not provide enough information to determine the nature of the execution process.
1189,"ib_sm.x[<*>]: [ib_sm_routing.c:<*>]: No spine present in chassis, splitting switch_elem",Ibsm.x[]_131,Splitting_458,none_726,True,The log message contains kernel error messages which indicate abnormal execution processes.
1079,"ib_sm.x[<*>]: [ib_sm_assign.c:<*>]: Failed to set LID on switch=<*>a<*>e, because NO RESPONSE",Ibsm.x[]_131,Disabled_459,failed_727,True,The log message indicates an error in the execution process
599,ide<*>: Wait for ready failed before probe !,Ide_132,Waiting_460,failed_728,True,The log message indicates a segfault which is an abnormal execution process.
766,ide: Assuming <*>MHz system bus speed for PIO modes; override with idebus=xx,Ide_132,Override_461,none_729,True,"The log message indicates a write access during recovery, which is abnormal behavior for a file system kernel."
826,using mwait in idle threads.,IdleThreads_133,Using_462,none_730,True,"The log message indicates an attempt to write to a read-only file system, which is abnormal behavior."
920,ifup: /sbin/ip route add <*> via <*> dev eth<*>,Ifup_134,Add_463,none_731,False,"The log message indicates a routine firmware update process for a Dell TBIRD system, which is a normal execution process."
473,ifup: RTNETLINK answers: Network is unreachable,Ifup_134,RtnetlinkAnswers_464,unreachable_732,False,The log message indicates that the installation process has finished successfully on the localhost.localdomain
525,"ifup: ts_ipoib device ib<*> does not seem to be present, delaying initialization.",Ifup_134,DelayingInitialization_465,none_733,False,"The log message indicates a routine installation process of applying updates, which is a common and expected execution process."
457,ifup:,Ifup_134,Generated_466,none_734,False,"The log message indicates a user running a configuration update with root privileges, which is a common and expected process."
460,ifup: done.,Ifup_134,Done_467,none_735,False,"The log message indicates a routine setup process for an NTP client, which is a normal execution process."
1105,checking if image is initramfs... it is,Image_135,Checking_468,initramfs_736,False,"The log message indicates a user running a system update command with root privileges, which is a common and expected operation."
849,RAMDISK: Compressed image found at block <*>,Image_135,Found_469,compressed_738,True,"The log message indicates an error in reserving MTT segments, which is a critical process for the execution. This abnormal behavior may lead to potential issues in the system."
839,checking if image is initramfs...it isn't (no cpio magic); looks like an initrd,Image_135,Checking_468,none_737,True,The log message indicates a read-only file system which is abnormal for a typical execution process.
397,"<*> For info, please visit <*>",Info_136,Visit_470,none_739,False,"The log message indicates successful key generation, which is a normal execution process."
164,init: <*> to <*> <*>,Init_137,To_472,none_741,True,The log message indicates a failure in the execution process.
200,init: Entering runlevel: <*>,Init_137,Checking_473,none_742,True,"The log message indicates that the mount process is still trying to ping a realm for an extended period of time, which is abnormal behavior."
960,ext<*>_orphan_cleanup: deleting unreferenced inode <*>,Inode_138,Deleting_474,none_743,False,"The log message indicates monitoring of ATA and SCSI devices, which is a normal execution process."
899,instsvcdrv: <*> device driver built for kernel <*>.<*>.<*>-<*>smp,Instsvcdrv_139,Initializing_475,none_744,True,"The log message indicates an error related to the IPS (Intrusion Prevention System) command timing out, which is abnormal behavior."
511,instsvcdrv: dcdbas device driver build failed for kernel <*>.<*>.<*>-<*>smp. DKS failed to find kernel source at /lib/modules/<*>.<*>.<*>-<*>smp/build. DKS requires kernel source to build device drivers.,Instsvcdrv_139,BuildFailed_476,none_745,True,"The log message indicates an error related to destroying a timed out command, which is not a normal execution process."
1107,instsvcdrv: dcdbas device driver build failed for kernel <*>.<*>.<*>-<*>smp. Check /var/log/dcdbas.dks.log for build error.,Instsvcdrv_139,BuildFailed_476,error_746,True,"The log message indicates an error related to destroying a command due to a timeout, which is abnormal behavior."
1006,instsvcdrv: System type not supported,Instsvcdrv_139,NotSupported_477,none_747,False,"The log message is indicating the initial temperature of a device, which is a normal process."
884,instsvcdrv: <*> device driver unload failed for kernel <*>.<*>.<*>-<*>.EL.rootsmp,Instsvcdrv_139,UnloadFailed_478,none_748,True,"The log message contains warnings and suggests that there may be issues with communication between local interfaces and the Panasas realm during mount, indicating a potential abnormal execution process."
893,<*> trap invalid operand <*> <*> error:<*>,InvalidOperand_140,Trap_479,error_749,False,"The log message indicates that a device is being added to the monitoring list, which is a normal execution process."
354,"kernel: ioc<*>: <*>C<*>: Capabilities={Initiator,Target}",Ioc_141,none_480,none_750,False,"The log message indicates that smartd has forked into background mode, which is a normal process for this program."
351,kernel: mptbase: Initiating ioc<*> <*>,Ioc_141,Initiating_481,none_751,True,"The log message indicates an unknown error during unlocking, which is not expected in a normal execution process."
616,ip_tables: (C) <*>-<*> Netfilter core team,Iptables_142,Entries_482,none_752,False,"The log message is related to Internet Systems Consortium DHCP version information, which is a normal execution process."
791,Adding <*>k swap on <*> Priority:-<*> extents:<*>,KSwap_143,Assuming_483,none_753,False,This log message is a typical DHCP client (dhclient) log message indicating a successful lease renewal or request for a new IP address.
489,kernel: Lustre: <*>:<*>:(socknal.c:<*>:ksocknal_associate_route_conn_locked()) <*> <*> <*> <*> <*>,Kernel_43,Ksocknal_73,none_202,True,"The log message contains sudo command with root user, which is potentially risky behavior and indicates abnormal execution process."
1041,kernel: LustreError: <*>:<*>:(obd_config.c:<*>:class_cleanup()) OBD OSC_#<*>#_ca<*>_ECHO_client is still busy with <*> references,Kernel_43,Class_74,busy with references_203,True,The log message indicates a trip temperature which could be a sign of overheating or a malfunction in the system.
1015,"kernel: panfs exception: at u_modb.c:<*>, <*> (unknown), rollback: <*>",Kernel_43,none_72,exception_96,True,"The log message indicates an error in the intrusion prevention system kernel, which is abnormal behavior."
1042,"kernel: You should stop active file system users, or use the --force option to cleanup.",Kernel_43,Stop_75,active_204,False,"The log message indicates a postfix queue manager removing an item, which is a normal process."
998,kernel: <*> <*>bff<*>f<*> <*> <*>,Kernel_43,none_72,none_97,False,"The log message indicates a successful email delivery process, which is a normal execution process."
573,kernel: <*> <*> previously skipped <*> similar messages,Kernel_43,Skipped_76,previously_205,True,Error message indicating network unreachable
1017,kernel: pan_common: got -<*> registering panasas at <*>,Kernel_43,Registering_77,none_206,True,"The log message indicates that a special device does not exist, which is abnormal and may cause issues with the execution process."
955,kernel: <*> general protection <*> <*> error:<*>,Kernel_43,none_72,error_98,True,The log message contains kernel memory usage information that may indicate abnormal behavior
1137,kernel: <*> <*>bfca<*> <*> <*>,Kernel_43,none_72,none_99,True,"The log message contains kernel and pages information, which is not a typical log message for a normal execution process."
521,kernel: Lustre: <*> maximum lustre stack <*>,Kernel_43,Maximum_78,none_208,False,"The log message indicates a standard copyright statement, which is a normal part of execution processes."
710,kernel: Lustre: Routing socket NAL unloaded (final mem <*>),Kernel_43,Unloaded_79,none_209,False,The log message does not indicate any abnormal execution process.
713,kernel: Lustre: Echo OBD driver; #<*>#@#<*>#,Kernel_43,Stepping_80,none_210,False,The log message does not indicate any abnormal execution process.
111,kernel: <*> segfault at <*> rip <*> rsp <*> error <*>,Kernel_43,Segfault_81,error_211,False,"The log message indicates that the smartd process is exiting, which is a normal process completion message."
989,dcdbas: module license 'unspecified' taints kernel.,Kernel_43,LicenseTaints_82,unspecified_212,True,"The log message indicates that smartd received a signal and was terminated, which is not a normal execution process."
101,kernel: <*> avc: denied { <*> } for pid=<*> <*> <*> <*> ino=<*> <*> <*> <*>,Kernel_43,Interface_83,none_213,False,"The log message indicates a change in network topology, which is a normal process in a distributed system."
180,kernel: audit(<*>.<*>:<*>): avc: denied { read <*> <*> <*> <*> <*> <*> <*> ino=<*> scontext=user_u:system_r:ntpd_t <*> <*>,Kernel_43,DeniedRead_84,none_214,True,"The log message indicates an error related to IPS command timeout, which is not a normal execution process."
419,kernel: SCSI error : <<*> <*> <*> <*>> return code = <*>,Kernel_43,none_72,error_100,True,"The log message indicates that no server suitable for synchronization was found, which is abnormal for a normal execution process."
575,"kernel: Lustre: OBD class driver Build Version: #<*>#-<*>-PRISTINE-.f<*>home.#<*>#.build.<*>.<*>.buildir.BUILD.lustre-kernel-<*>.<*>.<*>.lustre.linux-<*>.<*>.<*>-<*>smp, #<*>#@#<*>#",Kernel_43,BuildVersion_85,none_215,True,"The log message indicates a fatal error while trying to load a module, which is not a normal execution process."
878,kernel: Out of Memory: Killed process <*> <*>,Kernel_43,Killed_86,out of memory_216,False,"This log message indicates a standard note about restarting a service to apply changes, which is a normal process."
447,kernel: Free swap: <*>kB,Kernel_43,Freeing_87,none_217,True,"The log message indicates that a BIOS update verification failed, which is an abnormal execution process."
445,kernel: <*> pages shared,Kernel_43,Shared_88,none_220,True,"The log message indicates that the hardware random number generator (RNG) was not detected, which could potentially affect the normal execution process."
437,"kernel: <*> page allocation failure. order:<*>, mode:<*>",Kernel_43,PageAllocationFailure_89,failure_221,True,"The log message indicates a failed login attempt for a specific user, which could be a potential security threat"
676,kernel: LustreError: <*>:<*>:(obd_config.c:<*>:class_process_config()) no device for: <*>,Kernel_43,Probing_90,error_222,True,"The log message indicates a mount request rejection due to client-realm clock skew exceeding a certain threshold, which is an abnormal execution process."
411,kernel: UDP: short packet: From <*> <*>/<*> to #<*>#:<*>,Kernel_43,none_72,short_101,False,This log message indicates a normal execution process of a DHCP client renewing its lease.
72,"kernel: <*> <*>:<*>:<*>d.<*>: new USB bus registered, assigned bus number <*>",Kernel_43,Probing_90,none_223,True,This log message indicates a short UDP packet which may be a sign of abnormal network behavior.
1149,kernel: RPC: giant verf size: <*>,Kernel_43,none_72,none_102,True,"The log message indicates an out of memory error during the execution process, which is considered abnormal."
1152,kernel: scsi<*> : <NULL>,Kernel_43,none_72,none_103,False,"The log message indicates a change in AdminStatus for a port, which is a common and expected event in the execution process."
964,kernel: <*> <*>bff<*> <*> <*>,Kernel_43,none_72,none_104,False,"The log message indicates a process limit being set, which is a normal execution process."
1153,"kernel: Found <*>, no active local ports, check cables",Kernel_43,Checking_91,none_230,False,"The log message indicates an authenticated request for a mount operation, which is a normal execution process."
866,kernel: <*> ffffffff<*>ffa<*> <*> <*>,Kernel_43,none_72,none_105,False,This log message is a typical DHCPREQUEST message that occurs during the DHCP process. It does not indicate any abnormal execution process.
1156,kernel: - key was been created <*> seconds in future,Kernel_43,Creation_92,future_238,True,"The log message indicates an error related to finding hardware address, which is crucial for normal execution processes."
434,kernel: Call <*> <*>,Kernel_43,none_72,none_106,True,"The log message indicates a timeout period for an RPC call, which could be a sign of abnormal execution process."
936,kernel: EXT<*>-fs: sda<*>: <*> orphan inodes deleted,Kernel_43,Assuming_93,orphan_239,True,"The log message indicates a SCSI error, which is a clear indication of an abnormal execution process."
862,kernel: Lustre: <*>:<*>:(linux-debug.c:<*>:portals_debug_dumpstack()) showing stack for process <*>,Kernel_43,ShowingStack_94,none_243,False,The log message indicates a routine action of writing and deleting host declarations in the DHCP server leases file.
500,kernel: THH(<*>): mnt_projects/sysapps/src/ib/topspin/topspin-src-<*>.<*>.<*>-<*>/third_party/thca<*>_linux/kernel/mlxhh/thh/obj_host_amd<*>_custom<*>_rhel<*>/mod_thh/cmdif_comm.c[<*>]: <*> <*> <*> <*>,Kernel_43,none_72,none_107,True,"The log message indicates an I/O error on device sda, which is abnormal and requires attention."
708,kernel: Floppy drive(s): fd<*> is <*>.<*>M,Kernel_43,none_72,none_108,False,"The log message indicates that the DHCP server successfully wrote leases to the leases file, which is a normal process."
523,kernel: ext<*>_orphan_cleanup: deleting unreferenced inode <*>,Kernel_43,Initialize_95,unreferenced_244,False,"The log message indicates that the DHCP server has successfully written new dynamic host declarations to the leases file, which is a normal process."
15,kernel: THH(<*>): mnt_projects/sysapps/src/ib/topspin/topspin-src-<*>.<*>.<*>-<*>/third_party/thca<*>_linux/kernel/mlxhh/thh/obj_host_amd<*>_custom<*>_rhel<*>/mod_thh/hob_comm.c[<*>]: <*> <*> <*> <*> <*>,Kernel_43,none_72,none_109,False,The log message is a standard configuration message and does not indicate any abnormal execution process.
6,"kernel: <*> <*> failed, return code = -<*> (Fatal error (Local Catastrophic Error))",Kernel_43,Failed_96,fatal error_247,False,"The log message does not indicate any abnormal execution process, it is a standard message related to dhcpd configuration in dhcpd.conf file."
468,kernel: THH(<*>): mnt_projects/sysapps/src/ib/topspin/topspin-src-<*>.<*>.<*>-<*>/third_party/thca<*>_linux/kernel/mlxhh/thh/obj_host_amd<*>_custom<*>_rhel<*>/mod_thh/hob_comm.c[<*>]: <*> <*> <*> <*> <*> <*>,Kernel_43,none_72,none_110,True,The log message contains unusual characters such as <*> which are not typical in a normal execution process.
671,kernel: THH(<*>): mnt_projects/sysapps/src/ib/topspin/topspin-src-<*>.<*>.<*>-<*>/third_party/thca<*>_linux/kernel/mlxhh/thh/obj_host_amd<*>_custom<*>_rhel<*>/mod_thh/hob_comm.c[<*>]: <*> <*> <*> <*>,Kernel_43,none_72,none_111,True,"The log message indicates a request for subnet declaration, which may not be a normal execution process depending on the context."
670,kernel: THH(<*>): <*> <*> <*> <*> <*> = <*> <*>,Kernel_43,none_72,none_112,True,"The log message indicates that DHCP requests are being ignored on a specific interface, which could indicate a problem with DHCP server configuration or network connectivity."
816,kernel: LustreError: <*> OBD <*> <*> <*> <*> <*>,Kernel_43,none_72,error_113,True,"The log message indicates an error related to DHCP configuration, which could disrupt the normal execution process."
861,kernel: LustreError: <*>:<*>:(module.c:<*>:kportal_assertion_failed()) LBUG,Kernel_43,none_72,error_114,False,The log message indicates a normal execution process for IB.
863,kernel: lctl R running task <*> <*> <*> (NOTLB),Kernel_43,Running_97,none_251,True,"Error message indicating a RAID operation timeout, which is abnormal behavior"
860,"kernel: Lustre: <*>:<*>:(linux-debug.c:<*>:portals_run_upcall()) Invoked portals upcall /usr/lib/lustre/portals_upcall LBUG,/f<*>home/#<*>#/build.<*>.<*>/buildir/BUILD/lustre-#<*>#/lustre/obdecho/echo_client.c,echo_client_cleanup,<*>",Kernel_43,Invoked_98,none_252,True,"The log message indicates that there is no value for $TERM and no -T specified, which could lead to unexpected behavior in the execution process."
990,kernel: <*> <*>bfca<*>b<*> <*> <*>,Kernel_43,none_72,none_115,False,"The log message indicates a routine update of resolv.conf by dhclient-script, which is a normal execution process."
652,kernel: Losing some ticks... checking if CPU frequency changed.,Kernel_43,Checking_91,none_231,True,"The log message indicates a kernel call, which may be indicative of abnormal execution processes."
623,"kernel: nfs: server <*> not responding, still trying",Kernel_43,Trying_99,not responding_253,False,The log message indicates that the NFS server is operating normally.
20,kernel: THH(<*>): <*> <*> <*> in <*> <*>,Kernel_43,Finding_100,in_254,True,"The log message indicates that the server is not responding, which is an abnormal behavior for a normal execution process."
688,kernel: nfs: server <*> OK,Kernel_43,none_72,OK_116,True,"The log message indicates a page allocation failure, which is abnormal for a normal execution process."
1124,kernel: call_verify: RPC call version mismatch!,Kernel_43,Call_101,version mismatch_255,True,"The log message indicates a warning related to mounting panfs and not being able to ping an address, which suggests an abnormal execution process."
693,kernel: Your time source seems to be instable or some driver is hogging interupts,Kernel_43,none_72,instable_117,True,Permission denied error indicates abnormal execution process
695,kernel: warning: many lost ticks.,Kernel_43,Warning_102,lost_256,True,"The log message indicates a timeout in the mount process, which is abnormal and may cause issues in the execution process."
802,kernel: TCP: drop open request from <*>/<*>,Kernel_43,Drop_103,none_258,False,"This log message indicates a Kerberos TGT authentication being accepted, which is a normal process."
746,kernel: <*> <*> <*> failed,Kernel_43,none_72,failed_118,False,The log message does not indicate any abnormalities in the execution process.
69,kernel: <*> no <*> <*> <*>,Kernel_43,none_72,no_119,False,"The log message indicates activity related to swap cache management, which is a normal part of the execution process."
966,kernel: THH(<*>): HCR dump END,Kernel_43,Dump_104,END_259,False,"The log message indicates the kernel reserved pages, which is a normal execution process."
640,kernel: pan_ips: error -- cmd_timeout_task_query: couldn't send task_query <*> (pan_sock: connection reset by peer),Kernel_43,Cmd_105,error_261,False,The log message is generic and does not indicate any abnormal behavior.
629,"kernel: pan_ips: error -- tx sched dequeue and send mod, <*> (pan_sock: connection reset by peer), err_loc=<*>, rhel_<*>_amd<*>/release/build/panfs/ips/pan_ips_tx_sched.c:<*>",Kernel_43,DequeueAndSend_106,error_262,True,"The log message indicates a kernel reporting free pages, which may suggest abnormal memory usage or potential system issues."
631,"kernel: pan_ips: error -- tx sched send next, <*> (pan_sock: connection reset by peer), err_loc=<*>, rhel_<*>_amd<*>/release/build/panfs/ips/pan_ips_tx_sched.c:<*>",Kernel_43,SendNext_107,error_263,False,"The log message indicates free swap memory, which is a normal system operation."
554,"kernel: pan_ips: error -- tx sched <*> <*> <*> <*> <*> <*> <*> err_loc=<*>, rhel_<*>_amd<*>/release/build/panfs/ips/pan_ips_tx_sched.c:<*>",Kernel_43,Error_108,none_264,False,The log message does not indicate any abnormal execution process.
1016,"kernel: sam raid obsd error on <*> local_status <*> (rmm: The requested service is unavailable due to the fact that the blade it resides upon is currently not available, the realm is offline, or the service itself is not active), obsd_error <*> (Success) virtual object <*> index <*>, stor_op <*>, component device <*>(OBSD)",Kernel_43,ObsdError_109,success_272,False,The log message does not indicate any abnormal execution process
1028,"kernel: pan_sam: <*> error report: failure <*>/<*>: <*>(OBSD) <*> offset=<*> length=<*> error=<*> (rmm: The requested service is unavailable due to the fact that the blade it resides upon is currently not available, the realm is offline, or the service itself is not active)",Kernel_43,ErrorReport_110,failure_273,True,"The log message indicates an unknown lease, which could be a sign of abnormal behavior in the execution process."
1033,kernel: pan_sam: <*> unable to report I/O error(s) to SM <*>(SM): <*> (SM: object is currently unavailable due to OSD failures),Kernel_43,ReportingI/oError(s)_111,unavailable_275,True,"The log message indicates a timeout while trying to ping an address, which is abnormal behavior in a normal execution process."
847,kernel: objid <*> caller (rhel_<*>_amd<*>/release/build/panfs/fs/client/linux/<*>.<*>/pan_kernel_fs_client_page.c:<*>),Kernel_43,none_72,none_120,True,"The log message indicates a warning related to mounting, which could suggest an abnormal execution process."
654,"kernel: obsd_client: obsd_client: command timed out GETATTR options=<*> <*> get_attributes=<*> realmname panfs<*> dev_id=<*> flags=<*> res_buffer=(<*>:<*>) <*> <*>, <*>) allocated_by_sam=YES",Kernel_43,CommandTimedOutGetattr_112,none_277,False,"The log message seems to be related to kernel release version checking, which is a normal process."
601,"kernel: sam raid obsd error on <*> local_status <*> (Success), obsd_error <*> (OBSD: Capability has expired) virtual object <*> index <*>, stor_op <*>, component device <*>(OBSD)",Kernel_43,ErrorOn_113,expired_278,True,"The log message indicates a warning about mounting panfs in an untested environment, which is considered abnormal behavior."
524,kernel: pan_sam: <*> error report: failure <*>/<*>: <*>(OBSD) <*> offset=<*> length=<*> error=<*> (OBSD: <*> <*> <*>,Kernel_43,ErrorReport_110,failure_274,False,This log message is a typical DHCPDISCOVER message in a DHCP client-server communication process. It does not indicate any abnormal behavior.
1184,"kernel: pan_rpc: Unable to send reply: peer addr not available <*> (RPC: binding was already destroyed, it has already been released)",Kernel_43,SendReply_114,unable_280,True,"The log message indicates that some logs were dropped, which is not typical in a normal execution process."
1185,kernel: CR<*>: <*>f<*> CR<*>: <*>bff<*> CR<*>: <*>e<*>,Kernel_43,none_72,none_121,False,"The log message 'ifup' is a common command used to bring up a network interface, it does not indicate any abnormalities."
1146,kernel: CS: <*> DS: <*> ES: <*> CR<*>: <*>b,Kernel_43,none_72,none_122,False,"The log message indicates a routine task of ensuring time synchronization, which is a normal execution process."
1125,kernel: FS: <*>a<*>a<*>(<*>) GS:ffffffff<*>d<*>(<*>) knlGS:<*>,Kernel_43,none_72,none_123,False,The log message indicates a routine process of determining IP information for a network interface.
389,"kernel: pan_ips: error -- <*> <*> <*> <*> <*> <*> <*> <*> err_loc=<*>, <*>",Kernel_43,Error_108,none_265,False,The log message indicates a normal completion of the ifup process.
1095,kernel: Modules linked in: md<*> ipv<*> dcdipm(U) dcdbas(U) i<*>c_dev i<*>c_core panfs(U) nfs lockd sunrpc dm_mod button battery ac uhci_hcd ehci_hcd hw_random ts_udapl(U) ts_ib_useraccess_cm(U) ts_sdp(U) ts_ib_cm(U) ts_ip<*>pr(U) ts_ib_useraccess(U) ts_ipoib(U) ts_ib_sa_client(U) ts_ib_client_query(U) ts_ib_tavor(U) mod_rhh(U) mod_thh(U) mod_vip(U) mlxsys(U) ts_ib_mad(U) ts_ib_core(U) ts_ib_packet_lib(U) ts_kernel_poll(U) ts_kernel_services(U) e<*> sg ext<*> jbd megaraid_mbox megaraid_mm sd_mod scsi_mod,Kernel_43,Linking_115,none_281,False,The log message indicates a routine action of removing a tftpboot installation link.
490,kernel: pan_ips: error -- IPS command timeout command timed out expire_time=<*>:<*> now=<*>:<*> lifetime=<*>:<*> grace_timeouts=<*> cd=<*> session=<*> (connection info not avail <*> (pan_sock: socket not connected)) id=(<*>:<*>:<*>),Kernel_43,Autodetecting_116,error_282,True,The log message contains scsi.agent which may indicate a potential issue with SCSI devices or drivers.
470,kernel: pan_rpc_native_poll_req: unable to send poll pkt <*> (pan_sock: broken pipe),Kernel_43,UnableToSend_117,broken pipe_283,False,"This log message indicates a successful password authentication for a user, which is a normal execution process."
563,kernel: megaraid mbox: Wait for <*> commands to complete:<*>,Kernel_43,Resetting_118,none_284,False,The log message indicates that the BIOS update verification was successful with the expected and found versions matching.
1198,kernel: megaraid mbox: reset sequence completed successfully,Kernel_43,Probing_90,successful_224,True,"The log message indicates a failure in mounting an NFS address, which is abnormal behavior for a normal execution process."
1035,kernel: nfs_statfs: statfs error = <*>,Kernel_43,Statfs_119,error_285,False,"Log message indicates a public key was used for SSH authentication, which is a common and expected process in many systems."
61,ntpd[<*>]: kernel time sync <*> <*>,Kernel_43,TimeSync_120,none_286,True,"The log message indicates a panfs exception, which typically signifies an abnormal execution process."
1031,kernel: pan_sam: I-xD<*>da<*>df<*>-xGf<*>edfff<*>-xUf<*>cf<*>d<*>d<*>: <*> <*> <*> <*> <*> <*> <*> <*> <*> <*> <*> not found),Kernel_43,none_72,none_124,True,The log message contains unusual characters and patterns which may indicate a potential abnormal execution process.
431,"kernel: sam raid obsd error on <*> local_status <*> (RPC: No response within the timeout period), obsd_error <*> (Success) virtual object <*> index <*>, stor_op <*>, component device <*>(OBSD)",Kernel_43,ErrorOn_113,No response within the timeout period_279,True,The log message indicates that the process 'logrotate' exited abnormally
880,"kernel: obsd_client: obsd_client: command timed out SETATTR options=<*> <*> get_attributes=<*> set_attributes=<*> realmname panfs<*> dev_id=<*> flags=<*> res_buffer=(<*>:<*>) <*> <*>, <*>) allocated_by_sam=YES",Kernel_43,Scanning_121,timed out_287,True,"The log message indicates a broken pipe error, which is a common sign of abnormal execution processes."
402,kernel: pan_ips: error -- IPS command timeout command timed out expire_time=<*>:<*> now=<*>:<*> lifetime=<*>:<*> grace_timeouts=<*> cd=<*> session=<*> (initiator:<*>:<*> <-> target-OSD:#<*>#:<*>) id=(<*>:<*>:<*>),Kernel_43,Error_108,timeout_266,True,"The log message indicates a timeout error in the RPC request, which can be a sign of abnormal execution process."
379,kernel: pan_ips: error -- cmd_destroy: destroying aborted (rc=<*> (IPS: command timed out)) command <*> (<*>:<*>:<*>),Kernel_43,DestroyingAborted_122,error_288,False,The log message indicates a successful email delivery process with no indication of abnormalities.
378,kernel: pan_ips: error -- cmd_destroy: destroying timed out command cd=<*>,Kernel_43,Destroying_123,error_290,True,"The log message indicates that the network is unreachable, which is an abnormal execution process."
377,kernel: pan_ips: error -- cmd_destroy: invoking callback on aborted (rc=<*> (IPS: command timed out)) command <*>,Kernel_43,InvokingCallback_124,error_292,True,"The log message indicates an error report, which suggests an abnormal execution process."
658,"kernel: obsd_client: obsd_client: command timed out READ options=<*> <*> starting_byte=<*> length=<*> get_attributes=<*> realmname panfs<*> dev_id=<*> flags=<*> res_buffer=(<*>:<*>) <*> <*>, <*>) allocated_by_sam=YES",Kernel_43,Assuming_93,timeout_240,True,"The log message indicates that no servers are reachable, which is abnormal for the ntpd process."
139,"kernel: pan_ips: error -- cmd login netaddr connection create done, <*> (pan_sock: timeout), err_loc=<*> rhel_<*>_amd<*>/release/build/panfs/ips/pan_ips_cmd.c:<*> target_address=#<*>#:<*>",Kernel_43,Create_125,error_294,False,The log message does not indicate any abnormal behavior
418,kernel: pan_sam: <*> <*> <*> <*> <*> <*> <*> <*> <*> <*> (RPC: No response within the timeout period),Kernel_43,Set_126,timeout_295,True,"The log message indicates a warning about NFS mount version being older than the kernel, which is abnormal and may cause issues with file system operations."
78,kernel: pan_rpc_native_poll_req: unable to send poll pkt <*> (pan_sock: connection reset by peer),Kernel_43,UnableToSendPollPkt_127,connection reset by peer_297,True,The log message 'moab' does not provide enough information to determine if the execution process is normal or abnormal.
74,"kernel: rpc: request timed out, request <*>, <*> <*> to (peer addr not available)",Kernel_43,TimedOut_128,none_298,False,"The log message is a standard process of converting to static IP on boot, which is a normal execution process."
720,kernel: ts_ip<*>pr: Unknown symbol <*>,Kernel_43,none_72,unknown symbol_125,True,"The log message indicates a VAPI_LOCAL_WQ_ACCESS_VIOL_ERROR event, which suggests a violation error during local work queue access."
1086,kernel: Oops: <*> [<*>] SMP,Kernel_43,Oops_129,SMP_299,False,"This log message indicates the discovery of a compressed image in the RAMDISK, which is a normal process during boot-up."
1030,"kernel: Pid: <*>, comm: kpanfs_dispatch Tainted: PF <*>.<*>.<*>-<*>.EL.rootsmp",Kernel_43,Connect_130,tainted_301,False,"The log message indicates that the root filesystem was successfully mounted, which is a normal part of the execution process."
949,kernel: command = Test Unit Ready <*> <*> <*> <*> <*>,Kernel_43,none_72,none_126,False,The log message is just indicating a normal process of checking if the image is initramfs
833,kernel: mptscsih: ioc<*>: <*> <*> <*> (sc=<*>bddee<*>),Kernel_43,none_72,none_127,False,"The log message indicates that the NTP socket is in use and the process is exiting, which is a normal execution process."
929,"kernel: scsi<*> : destination target <*>, lun <*>",Kernel_43,none_72,none_128,False,"This log message indicates a time reset, which is a normal process for ntpd to synchronize time."
1048,kernel: command = Write (<*>) <*> <*> d<*> db <*>f <*> <*> <*> <*>,Kernel_43,Update_131,none_302,False,"The log message indicates that the boot data is ok, which is a normal execution process."
1116,"kernel: EXT<*>-fs error (device sda<*>): read_inode_bitmap: Cannot read inode bitmap - block_group = <*>, inode_bitmap = <*>",Kernel_43,Read_132,error_303,True,The log message contains a kernel command line which is not a typical log message for a normal execution process.
1052,kernel: Lustre: <*> OSC_#<*>#_ostca<*>sde_MNT_client: connection <*> to #<*>#@NID_ca<*>_UUID,Kernel_43,Connection_133,none_304,True,The log message indicates a SMART failure with hardware impending failure due to a data error rate being too high.
1112,"kernel: LustreError: <*>:<*>:(ldlm_request.c:<*>:ldlm_expired_completion_wait()) ### lock timed out (enqueued <*>s ago), entering recovery for #<*>#@NID_ca<*>_UUID ns: OSC_#<*>#_ostca<*>sde_MNT_client lock: <*>c<*>f<*>/<*> lrc: <*>/<*>,<*> mode: --/PW res: <*>/<*> rrc: <*> type: EXT [<*>-><*>] (req <*>-><*>) flags: <*> remote: <*> expref: -<*> pid: <*>",Kernel_43,Creating_134,lock timed out_305,True,"The log message contains an error related to Lustre, which indicates a potential abnormal execution process."
1114,kernel: LustreError: Connection to service ostca<*>sde via nid <*> was lost; in progress operations using this service #<*># wait for recovery to complete.,Kernel_43,LostConnection_135,in progress_308,True,"The log message indicates an error related to IPS command timeout, which is an abnormal execution process."
1118,kernel: Lustre: Connection restored to service ostca<*>sde using nid <*>.,Kernel_43,Restored_136,none_309,True,"The log message indicates a failed mount to an NFS server, which is an abnormal execution process."
56,kernel: VIPKL(<*>): mnt_projects/sysapps/src/ib/topspin/topspin-src-<*>.<*>.<*>-<*>/third_party/thca<*>_linux/kernel/vip/obj_host_amd<*>_custom<*>_rhel<*>/mod_vip/mmu.c[<*>]: make_iobuf: MOSAL_iobuf_register failed: va=<*>size=<*>,Kernel_43,Iobuf_137,failed_310,True,"The log message indicates that the server is down, which is abnormal for a normal execution process."
1100,"kernel: pan_rpc: pan_ptp_node_id_wire_a_get_size_otw_internal: size <*> > max <*>, {no_stack_traceback_support}<<*>>UDP: short packet: From <*>:<*> <*>/<*> to #<*>#:<*>",Kernel_43,none_72,error_129,True,"Error message indicating inability to open a file due to a stale NFS file handle, which can disrupt normal execution"
371,kernel: THH(<*>): mnt_projects/sysapps/src/ib/topspin/topspin-src-<*>.<*>.<*>-<*>/third_party/thca<*>_linux/kernel/mlxhh/thh/obj_host_amd<*>_custom<*>_rhel<*>/mod_thh/tptm.c[<*>]: reserve_mtt_segs: Cannot reserve <*> MTT segments (<*> dynamic MTT segments left),Kernel_43,Reserve_138,failure_311,True,"The log message indicates a failure to find a memory mapping lock for a specific process, which could indicate an abnormal execution process."
1101,kernel: audit(<*>.<*>:<*>): avc: d<<*>>audit(<*>.<*>:<*>): avc: denied { getattr } for pid=<*> comm=ntpd path=/dev/null dev=ram<*> ino=<*> scontext=user_u:system_r:ntpd_t tcontext=system_u:object_r:file_t tclass=chr_file,Kernel_43,DeniedGetattr_139,none_312,True,"The log message indicates that panfs is not configured in the kernel, which is abnormal as it may cause issues with file system mounting."
655,"kernel: Bootdata ok (command line is initrd=/x<*>_<*>/initrd-<*>.<*>.<*>-<*>smp-onesis.img console=tty<*> console=ttyS<*>,<*> quiet BOOT_IMAGE=/x<*>_<*>/vmlinuz-<*>.<*>.<*>-<*>smp )",Kernel_43,Boot_140,ok_313,True,The log message is incomplete or does not provide enough information to determine the execution process status.
657,"kernel: Kernel command line: initrd=/x<*>_<*>/initrd-<*>.<*>.<*>-<*>smp-onesis.img console=tty<*> console=ttyS<*>,<*> quiet BOOT_IMAGE=/x<*>_<*>/vmlinuz-<*>.<*>.<*>-<*>smp",Kernel_43,none_72,none_130,True,Error message indicating failure to create mtab lock file
1022,"kernel: Info fld=<*>, Current sda: sense key Hardware Error",Kernel_43,none_72,error_131,True,"The log message indicates a failure to resolve a data source name, which is an abnormal execution process."
1027,kernel: PML<*> <*> PGD <*> PMD <*>,Kernel_43,none_72,none_132,True,"The log message indicates a timeout error during mounting, which is abnormal and can disrupt the normal execution process."
1018,kernel: Additional sense: Mechanical positioning error,Kernel_43,none_72,error_133,True,"The log message contains kernel errors and abnormal file paths, indicating potential issues with the execution process."
1092,"kernel: panfs exception: at l_supe.c:<*>, <*> (rmm: Rejecting mount request from client with badly unsynced clock.), unknown error:(<*>), rollback: <*>",Kernel_43,none_72,exception_134,True,"The log message indicates a warning about not being able to ping an address, which could be a sign of abnormal execution process."
1098,"kernel: Process kpanfs_dispatch (pid: <*>, threadinfo <*>b<*>a<*>, task <*>bebf<*>)",Kernel_43,Dispatching_141,none_315,True,"The log message indicates that the system clock time was adjusted to the past, which is not a normal occurrence and could indicate a potential issue with the system."
1012,kernel: <*> <*> R<*>: <*> R<*>: <*>,Kernel_43,Checking_91,none_232,True,The log message contains unexpected characters '<*>' which indicate a potential issue with the execution process.
1121,kernel: RAX: <*>b<*>b<*>c<*> RBX: <*>b<*>dbd<*> RCX: <*>,Kernel_43,none_72,none_135,False,"The log message is related to configuring syslog server, which is a normal execution process."
1119,kernel: RDX: <*> RSI: <*> RDI: <*>b<*>dbd<*>,Kernel_43,Configuring_142,none_318,False,This log message indicates a normal process of clearing orphaned inodes during a filesystem check.
1117,kernel: RIP: <*>:[<ffffffffa<*>d<*>e>] <ffffffffa<*>d<*>e>{:panfs:pan_sock_linux_kernel_stop_writing+<*>},Kernel_43,StopWriting_143,none_321,True,"The log message indicates a connection attempt from an unknown source, which could be potentially malicious"
1123,kernel: RSP: <*>:<*>b<*>bde<*> EFLAGS: <*>,Kernel_43,none_72,none_136,True,"The log message indicates a file system check process, which is a normal system maintenance task. Therefore, it is classified as normal."
1032,kernel: Unable to handle kernel NULL pointer dereference at <*>f<*> RIP:,Kernel_43,Handle_144,unable_322,True,"The error message indicates that the object indicated by the path 'home' cannot be found, which is indicative of an abnormal execution process."
392,"kernel: pan_ips: error -- cmd login netaddr connection create done, <*> (pan_sock: network unreachable), err_loc=<*> rhel_<*>_amd<*>/release/build/panfs/ips/pan_ips_cmd.c:<*> target_address=#<*>#:<*>",Kernel_43,Login_145,error_323,False,The log message does not indicate any abnormalities in the execution process.
1103,"kernel: obj_id: I-xD<*>da<*>df<*>-xGf<*>edfff<*>-xU<*>a<*>a<*>e, mgr_id: <*>(FM), cb_id: <*>, cb_type: <*>, desired_cb_type: <*>, offset:<*>, length:<*>, flags:<*>, args_flags: <*>, rhel_<*>_amd<*>/release/build/panfs/fs/client/pan_fs_client_fm.c:<*>",Kernel_43,Failed_96,none_248,True,"The log message contains sudo command with root user, which is potentially risky and could indicate abnormal execution process."
1037,"kernel: panfs exception: at <*> <*> (ptp: Node not yet ready to respond), rollback: <*>",Kernel_43,Set_126,exception_296,True,"The log message indicates a failure in building a device driver due to missing kernel source, which is not a normal execution process."
1122,"kernel: panfs exception: at l_file.c:<*>, <*> (ptp: Node not yet ready to respond), unknown error:(<*>), rollback: <*>",Kernel_43,none_72,exception_137,True,"The log message indicates an error related to out of memory, which suggests abnormal execution process."
580,"kernel: pan_ips: error -- cmd <*> <*> (pan_sock: timeout), err_loc=<*>, rhel_<*>_amd<*>/release/build/panfs/ips/pan_ips_cmd.c:<*>",Kernel_43,Error_108,timeout_267,True,The log message contains 'Unknown cmd' which indicates an abnormal execution process.
1096,kernel: pan_ips: error -- cmd_destroy: destroying aborted (rc=<*> (pan_sock: timeout)) command <*> (<*>:<*>:<*>),Kernel_43,DestroyingAborted_122,error_289,False,The log message appears to be a standard sendmail execution process
1099,kernel: pan_ips: error -- cmd_destroy: invoking callback on aborted (rc=<*> (pan_sock: timeout)) command <*>,Kernel_43,InvokingCallback_124,error_293,True,"The log message indicates a configuration caused by unknown parameters, which is not a typical or expected execution process."
928,kernel: pan_sam: <*> unable to report I/O error(s) to SM <*>(SM): <*> (SM: object cache entry is locked for a long period),Kernel_43,ReportingI/oError(s)_111,unable_276,False,The log message appears to be a standard DHCP negotiation process.
1070,kernel: panfs mount: error: problem contacting up realm <*> (rmm: Rejecting mount request from client with badly unsynced clock.),Kernel_43,Error_108,problem contacting up realm_268,True,"The log message indicates a file system error, which is abnormal in the execution process."
1084,kernel: pan_sam: I-xD<*>da<*>df<*>-xGf<*>edfff<*>-xUdb<*>f<*>d<*>da<*>d: <*> <*> <*> <*> <*> <*> <*> <*> <*> <*> <*> not found),Kernel_43,none_72,none_138,False,This log message seems to indicate a normal execution process of bringing up active ports in INIT state.
467,kernel: panfs exception: at <*> <*> <*> <*> <*> <*> rollback: <*>,Kernel_43,Rollback_146,exception_325,True,"The log message indicates that an idle timeout was exceeded, which is an abnormal event in the execution process."
1071,kernel: You probably have a hardware problem with your RAM chips,Kernel_43,Diagnosing_147,problematic_326,True,"The log message indicates a configuration change in a critical component, which may be abnormal behavior"
976,kernel: audit(<*>.<*>:<*>): avc: denied { <*> } for pid=<*> comm=ntpdate <*> <*> avc: denied { getattr } for pid=<*> comm=ntpd path=/dev/null dev=ram<*> ino=<*> scontext=user_u:system_r:ntpd_t tcontext=system_u:object_r:file_t tclass=chr_file,Kernel_43,Register_148,none_327,True,"The log message indicates a potential issue with the Lustre file system stack, which could lead to abnormal execution processes."
993,kernel: audit(<*>.<*>:<*>): avc: denied { write } for pid=<*> comm=ntpdate name=log dev=ram<*> ino=<*> scontext=user_u:system_r:ntpd_t tcontext=user_u:object_r:file_t <*> avc: denied { getattr } for pid=<*> comm=ntpd path=/dev/null dev=ram<*> ino=<*> scontext=user_u:system_r:ntpd_t tcontext=system_u:object_r:file_t tclass=chr_file,Kernel_43,Register_148,none_328,True,"The log message indicates an error related to registering a CQ, which is an abnormal execution process."
991,kernel: process `omdiag' is using obsolete setsockopt SO_BSDCOMPAT,Kernel_43,Register_148,obsolete_329,True,"The log message indicates that an unreferenced inode is being deleted, which could be a sign of abnormal execution process."
513,kernel: <*> Unknown cmd fd(<*>) <*> <*> on <*>,Kernel_43,UnknownCmdFd()_149,none_345,True,"The log message indicates a kernel error report with failure, offset, length, and error details, which suggests abnormal execution process."
1057,kernel: EXT<*>-fs error (device sda<*>): <*> <*> <*> <*> <*> <*>,Kernel_43,Initiating_150,none_346,True,"The log message indicates that the network device ib<*> is not present, which could disrupt the normal execution process."
551,kernel: scsi<*> (<*>:<*>): rejecting I/O to offline device,Kernel_43,Rejecting_151,offline_347,True,"The log message indicates a Buffer I/O error on device sda, which is an abnormal execution process."
1164,"kernel: unable to read inode block - inode=<*>, block=<*>",Kernel_43,Registered_152,error_348,True,"The log message indicates a command timed out during execution, which is an abnormal behavior."
987,kernel: audit(<*>.<*>:<*>): avc: denied { search } for pid=<*> comm=ntpdate name=dev dev=ram<*> <*> avc: denied { getattr } for pid=<*> comm=ntpd path=/dev/null dev=ram<*> ino=<*> scontext=user_u:system_r:ntpd_t tcontext=system_u:object_r:file_t tclass=chr_file,Kernel_43,Discoveredandassigned_153,denied_352,True,"The log message indicates a lost page write due to an I/O error on the disk sda, which is an abnormal execution process."
875,kernel: megaraid <*> <*> <*> <*>,Kernel_43,none_72,none_139,True,The log message contains unusual event IDs and does not match the expected format for a normal execution process.
444,kernel: <*> reserved pages,Kernel_43,Reserved_154,none_353,False,"The log message indicates a successful local delivery of an email, which is a normal execution process."
933,kernel: scsi: Device offlined - not ready after error recovery: host <*> channel <*> id <*> lun <*>,Kernel_43,Transitioningtomaster_155,error_354,False,"The log message indicates skipping a node bringup due to a stale topology with no response, which can be a normal occurrence in certain scenarios."
659,kernel: usb <*>-<*>: usbfs: USBDEVFS_CONTROL failed cmd lsusb rqt <*> rq <*> len <*> ret -<*>,Kernel_43,Failed_96,none_249,True,The log message indicates an error in reporting I/O errors to the SM
1144,"kernel: usb <*>-<*>: USB disconnect, address <*>",Kernel_43,Disconnect_156,none_355,False,"This log message indicates reading settings from '/etc/security/limits.conf', which is a normal execution process."
1127,"kernel: cpu <*> hot: low <*>>cpu <*> hot: low <*>, high <*>, batch <*>",Kernel_43,Monitoring_157,low_356,True,"The log message indicates a failure in writing to an object, which is an abnormal execution process."
1051,kernel: <*> present:<*>kB pages_scanned:<*> all_unreclaimable? no,Kernel_43,Scanned_158,none_358,False,The log message does not indicate any abnormal execution process.
1064,kernel: audit(<*>.<*>:<*>): avc: denied { write } for <<*>>audit(<*>.<*>:<*>): avc: denied { getattr } for pid=<*> comm=ntpd path=/dev/null dev=ram<*> ino=<*> scontext=user_u:system_r:ntpd_t tcontext=system_u:object_r:file_t tclass=chr_file,Kernel_43,Configuring_142,none_319,True,"The log message indicates a failure in writing data to a file system client, which could lead to data loss or corruption. This is considered abnormal behavior."
1050,kernel: <*> <*> <*> min:<*>kB low:<*>kB high:<*>kB active:<*>kB inactive:<*>kB present:<*>kB pages_scanned:<*> all_unreclaimable? no,Kernel_43,none_72,none_140,False,The log message indicates a normal process of mounting /sys as it is already mounted according to mtab.
1155,kernel: audit(<*>.<*>:<*>): avc: denied { write } for pid=<*> comm=ntpdate nam<<*>>audit(<*>.<*>:<*>): avc: denied { getattr } for pid=<*> comm=ntpd path=/dev/null dev=ram<*> ino=<*> scontext=user_u:system_r:ntpd_t tcontext=system_u:object_r:file_t tclass=chr_file,Kernel_43,DeniedWrite_159,none_359,True,"The log message indicates that the sendmail process is low on space, which is an abnormal condition for normal execution."
877,kernel: printk: <*> messages suppressed.,Kernel_43,Remove_160,suppressed_360,False,"The log message indicates detecting a switch port state change, which is a common occurrence in execution processes."
980,"kernel: THH(<*>): HCR dump, starting at addr <*>, size=<*>:",Kernel_43,Dumping_161,none_365,False,The log message indicates a normal execution process of configuring SM
911,"kernel: THH(<*>): <*> MAILBOX dump, starting at addr <*>, size=<*>:",Kernel_43,Dump_104,none_260,False,The log message does not provide enough information to determine if the execution process is abnormal.
996,kernel: THH(<*>): [XHH_qpm_process_local_mad]: ERROR on port <*>: <*>,Kernel_43,Error_108,none_269,False,The log message does not indicate any abnormal execution process.
873,kernel: audit(<*>.<*>:<*>): avc: denied { <*> } for pid=<*> comm=ntpdate <*> dev=ram<*> ino=<*> <*> avc: denied { getattr } for pid=<*> comm=ntpd path=/dev/null dev=ram<*> ino=<*> scontext=user_u:system_r:ntpd_t tcontext=system_u:object_r:file_t tclass=chr_file,Kernel_43,none_72,denied_141,False,The log message is a standard information message related to the ib_sm.x process.
308,kernel: VIPKL(<*>): [MM_create_mr]:MM_mr_get_keys failed,Kernel_43,Mm_162,failed_366,False,"The log message indicates a successful connection to a service and sending of a pulse, which are normal execution processes."
1066,kernel: <*> XHH_hob_register_mr: Device in FATAL state,Kernel_43,Register_163,FATAL_367,False,"This log message is a standard ACPI PCI interrupt message, commonly seen during system operation. It does not indicate any abnormal execution process."
526,"kernel: Buffer I/O error on device sda<*>, logical block <*>",Kernel_43,I/oError_164,error_373,True,"The log message indicates a failed SSH login attempt, which is abnormal behavior."
517,kernel: EXT<*>-fs error (device <*> <*> <*> <*> <*> <*>,Kernel_43,Error_108,none_270,False,The log message format seems to be consistent with a normal execution process.
613,kernel: EXT<*>-fs error (device <*> <*> <*> <*> <*>,Kernel_43,Error_108,none_271,True,"The log message indicates a voltage sensor error, which is abnormal and requires attention."
648,kernel: Remounting filesystem read-only,Kernel_43,Remounting_165,read-only_374,True,"The log message contains unexpected values for voltage sensors and chassis location, indicating a potential hardware issue."
421,"kernel: end_request: I/O error, dev sda, sector <*>",Kernel_43,End_166,I/O error_375,True,"The log message indicates an error in destroying a command, which could be a sign of abnormal execution process."
869,kernel: journal commit I/O error,Kernel_43,Commit_167,I/O error_376,True,"The log message indicates that I/O is being rejected to an offline device, which is an abnormal execution process."
528,kernel: lost page write due to I/O error on sda<*>,Kernel_43,Write_168,I/O error_377,False,"The log message is a standard ACPI PCI device detection message, which is a normal part of system execution processes."
902,"kernel: EXT<*>-fs error (device sda<*>): ext<*>_get_inode_loc: unable to read inode block - inode=<*>, block=<*>",Kernel_43,UnableToRead_169,error_380,False,"The log message is related to a keyboard input, which is a common and expected process in a system."
1000,kernel: __journal_remove_journal_head: freeing b_committed_data,Kernel_43,Freeing_87,none_218,True,"The log message indicates an error in the transmission scheduling process, which is an abnormal execution process."
1154,kernel: audit(<*>.<*>:<*>): avc: denied { search } <<*>>audit(<*>.<*>:<*>): avc: denied { getattr } for pid=<*> comm=ntpd path=/dev/null dev=ram<*> ino=<*> scontext=user_u:system_r:ntpd_t tcontext=system_u:object_r:file_t tclass=chr_file,Kernel_43,Denied_170,none_381,True,"The log message indicates an error related to a bad file descriptor, which is not a normal execution process."
1128,kernel: Node <*> Normal: <*>*<*>kB <*>*<*>kB <*>*<*>kB <*>*<*>kB <*>*<*>kB <*>*<*>kB <*>*<*>kB <*>*<*>kB <*>*<*>kB <*>*<*>,Kernel_43,Normal_171,none_383,True,"The log message contains unusual characters and patterns, such as <*> and #<*>#, which may indicate abnormal behavior in the execution process."
1129,kernel: <ffffffff<*>f<*>>{kmem_getpages+<*>} <ffffffff<*>fce<*>>{cache_alloc_refill+<*>*<*>kB <*>*<*>kB <*>*<*>kB = <*>kB,Kernel_43,Remove_160,none_361,True,"The log message indicates that a program switched a port state to down due to a non-responding CA, which is an abnormal execution process."
1130,kernel: Call Trace:<ffffffff<*>c<*>c>{__alloc_pages+<*>} <ffffffff<*>kB active:<*>kB inactive:<*>kB present:<*>kB pages_scanned:<*> all_unreclaimable? no,Kernel_43,Login_145,none_324,True,"The log message indicates a failure in mounting to an NFS server due to the server being down, which is an abnormal execution process."
486,"kernel: Bootdata ok (command line is <*> console=tty<*> console=ttyS<*>,<*> <*> )",Kernel_43,Boot_140,ok_314,True,"The log message indicates an error related to a missing file or directory, which is not a normal execution process."
487,"kernel: Kernel command line: <*> console=tty<*> console=ttyS<*>,<*> <*>",Kernel_43,none_72,none_142,True,Kerberos authentication denied
1039,kernel: SysRq : HELP : loglevel<*>-<*> reBoot Crash tErm kIll saK showMem powerOff showPc unRaw Sync showTasks Unmount shoWcpus,Kernel_43,none_72,none_143,True,"The log message indicates a connection broken to AF_INET, which is not a normal occurrence during an execution process."
481,kernel: RAMDISK: Compressed image found at block <*>,Kernel_43,FoundAt_172,compressed_384,True,"The log message indicates that the DEVPATH is not set, which could indicate an abnormal execution process."
482,kernel: VFS: Mounted root (ext<*> filesystem).,Kernel_43,Mounted_173,none_385,False,"The log message indicates a kernel process waiting for commands to complete, which is a normal execution process."
483,kernel: checking if image is initramfs...it isn't (no cpio magic); looks like an initrd,Kernel_43,Checking_91,none_233,False,"This log message indicates that an agent forwarding request was denied, which can be a normal part of the execution process."
477,kernel: nfs warning: mount version older than kernel,Kernel_43,Mount_174,warning_386,True,The log message indicates a root login which is typically considered abnormal behavior
342,kernel: <*> disagrees about version of symbol struct_module,Kernel_43,DisagreesAboutVersionOfSymbol_175,none_388,True,"The log message contains errors related to file operations, indicating a potential issue with file handling in the execution process."
1008,kernel: atkbd.c: Keyboard on isa<*>/serio<*> reports too many keys pressed.,Kernel_43,Reports_176,error_389,True,The log message format does not match the expected format for a normal execution process.
883,"kernel: MOSAL(<*>): mnt_projects/sysapps/src/ib/topspin/topspin-src-<*>.<*>.<*>-<*>/third_party/thca<*>_linux/kernel/mlxsys/obj_host_amd<*>_custom<*>_rhel<*>/mlxsys/mosal_mem.c[<*>]: MOSAL_virt_to_phys_ex: cannot retrieve pmd_p: prot_ctx=USER, va=<*>",Kernel_43,CannotRetrieve_177,none_390,True,"The log message indicates a failed mount operation due to permission denied, which is considered abnormal."
901,kernel: loop: loaded (max <*> devices),Kernel_43,Checking_91,none_234,True,"The log message indicates a warning about not being able to load a file, which could disrupt the normal execution process."
724,"kernel: EXT<*>-fs warning: mounting unchecked fs, running e<*>fsck is recommended",Kernel_43,Mounting_178,warning_391,True,"The log message indicates a cron job executed by the root user, which may be a security concern or abnormal behavior."
1036,"kernel: <*> <*> page allocation failure. order:<*>, mode:<*>",Kernel_43,Failure_179,none_393,False,Unable to determine abnormality based on the log message provided
1193,"kernel: Call Trace:<ffffffff<*>c<*>c>{__alloc_pages+<*>} <ffffffff<*>c<*>b<*>>{__get_free_pages+<*>}<<*>>kpanfs_thpool: page allocation failure. order:<*>, mode:<*>",Kernel_43,Allocation_180,failure_394,False,The log message format matches a typical information log entry
1087,"kernel: Uhhuh. NMI received. Dazed and confused, but trying to continue",Kernel_43,none_72,confused_144,True,"The log message contains indication of previously skipped messages, which could suggest an abnormal execution process."
360,kernel: THH(<*>): mnt_projects/sysapps/src/ib/topspin/topspin-src-<*>.<*>.<*>-<*>/third_party/thca<*>_linux/kernel/mlxhh/thh/obj_host_amd<*>_custom<*>_rhel<*>/mod_thh/tptm.c[<*>]: <*> <*> <*> <*> <*>,Kernel_43,none_72,none_145,False,"The log message indicates a routine kernel message related to Lustre file system, there is no indication of abnormality."
348,kernel: THH(<*>): <*> <*>,Kernel_43,none_72,none_146,True,"The log message contains unusual kernel module information, indicating a potential abnormal execution process."
51,kernel: MOSAL(<*>): <*> MOSAL_mlock_iobuf: Failed <*> priv_mosal_mlock for addr=<*> size=<*>,Kernel_43,Mosal_181,Failed_395,True,"The log message indicates a system error related to sendmail, which could be a sign of abnormal execution process."
494,kernel: MOSAL(<*>): <*> priv_mosal_mlock: could not find mm=<*> (pid=<*>) in the hash,Kernel_43,CouldNotFind_182,error_396,True,The log message contains unusual characters and does not follow a typical execution process pattern.
1131,kernel: <ffffffffa<*>d<*>>{:panfs:pan_rm_bindcache_refresher__got_presns[]: <*> <*> <*>,Kernel_43,Got_183,none_397,True,"The log message indicates an error in sending mail, which could be a sign of abnormal execution process."
1132,kernel: <ffffffff<*>ed<*>>{del_singleshot_timer_sync+<*>} <ffffffff active:<*>kB inactive:<*>kB present:<*>kB pages_scanned:<*> all_unreclaimable? no,Kernel_43,none_72,none_147,False,The log message does not indicate any abnormal execution process.
1023,"kernel: <*> <*>, batch <*>",Kernel_43,none_72,none_148,True,"The log message indicates an error related to pan_ips timeout, which is not a normal execution process."
1133,kernel: <ffffffffa<*>d<*>>{:panfs:pan_sock_linl: <*>*<*>kB <*>*<*>kB <*>*<*>kB <*>*<*>kB <*>*<*>kB <*>*<*>kB <*>*<*>kB <*>*<*>kB <*>*<*>kB <*>*<*>kB <*>*<*>kB = <*>kB,Kernel_43,none_72,none_149,True,"The log message indicates a failure in getting certain information, which is abnormal behavior for the execution process."
1134,kernel: Node <*> Normal: <*>*<*>kB <*>*<*>kB <*>*<*>kB <*>*<*>kB <*>*<*>kB <*>*<*>kB <*>*<*>kB <*>*<*>kB <*>*<*>kB <*>*<*>kB <*>*<*>kB <<*>>warning: many lost ticks.,Kernel_43,Warning_102,many lost ticks_257,True,"The log message indicates an error in the IPS system, which suggests an abnormal execution process."
1047,kernel: <*> <*> all_unreclaimable? yes,Kernel_43,Check_184,unreclaimable_398,False,"The log message indicates a connection to a watchdog manager, which is a normal part of the execution process."
1135,kernel: <<*>ble:<*> free:<*> slab:<*> mapped:<*> pagetables:<*>,Kernel_43,Disconnecting_185,none_399,False,The log message indicates a normal connection to IB MGR
577,kernel: THH(<*>): <*> <*> <*> <*>,Kernel_43,Denied_170,none_382,True,"The log message indicates that the database was not synchronized with the previous Master, which is an abnormal execution process."
1046,"kernel: <*> high <*>, batch <*>",Kernel_43,Write_168,high_378,False,The log message indicates a normal execution process of selecting the master role.
1136,"kernel: <ffffffff<*>e<*>>{inet_create+<*>} <ffffffff<*>a<*>f<*>>{__sock_create+<*>w <*>, high <*>, batch <*>",Kernel_43,Creating_134,none_306,False,"The log message indicates a standard IB SM Heartbeat process, which is a normal execution process."
594,kernel: Lustre: Lustre Lite Client File System; #<*>#@#<*>#,Kernel_43,Register_148,none_330,False,"The log message indicates that the Master SM is proceeding with the configuration of the entire subnet, which is a normal execution process."
550,kernel: pan_ips: error -- cmd_destroy: destroying aborted (rc=<*> (IPS: session got unknown error callback)) command <*> (<*>:<*>:<*>),Kernel_43,Destroying_123,error_291,False,"The log message indicates a process being started, which is a normal execution process."
582,kernel: pan_ips: error -- cmd_destroy: invoking callback on aborted (rc=<*> (IPS: session got unknown error callback)) command <*>,Kernel_43,Register_148,error_331,False,The log message indicates that a process (lockd) was successfully killed. This is a normal execution process.
908,kernel: rpc: poll response for unknown request <*>,Kernel_43,Register_148,unknown_332,False,The log message indicates a normal probing of an IDE interface.
11,kernel: MOSAL(<*>): <*> = <*>,Kernel_43,Register_148,none_333,False,"The log message indicates a parameter being assigned a value, which is a normal execution process."
54,kernel: MOSAL(<*>): req_perm = READ | WRITE,Kernel_43,Register_163,none_368,True,Failed password authentication
1045,"kernel: <*> <*>, high <*>, batch <*>",Kernel_43,High_186,none_400,True,The log message contains unusual characters (#<*>#@#<*>#) which is not expected in a normal execution process.
395,kernel: <*> pages <*> <*>,Kernel_43,none_72,none_150,True,"The log message indicates a sendmail process with unusual parameters and a connection to a Unix socket, which may be an abnormal execution process."
1206,kernel: Modules linked in: md<*> ipv<*> dcdipm(U) dcdbas(U) i<*>c_dev i<*>c_core panfs(U) nfs lockd sunrpc dm_mod button battery ac uhci_hcd ehci_hcd ts_udapl(U) ts_ib_useraccess_cm(U) ts_sdp(U) ts_ib_cm(U) ts_ip<*>pr(U) ts_ib_useraccess(U) ts_ipoib(U) ts_ib_sa_client(U) ts_ib_client_query(U) ts_ib_tavor(U) mod_rhh(U) mod_thh(U) mod_vip(U) mlxsys(U) ts_ib_mad(U) ts_ib_core(U) ts_ib_packet_lib(U) ts_kernel_poll(U) ts_kernel_services(U) e<*> sg ext<*> jbd megaraid_mbox megaraid_mm sd_mod scsi_mod,Kernel_43,Probing_90,none_225,True,"The log message indicates an authentication failure during the SSH process, which is not a normal execution process."
443,"kernel: Swap cache: add <*>, delete <*>, find <*>/<*>, race <*>+<*>",Kernel_43,Register_148,race_334,True,"The log message indicates an error in the PAM transaction, which is likely an abnormal execution process."
130,kernel: <*> Using <*> for <*> routing,Kernel_43,Using_187,none_401,True,"The log message indicates a timeout during polling, which could be a sign of abnormal execution process."
86,kernel: panfs mount: <*> <*> <*> <*> <*>,Kernel_43,Mount_174,none_387,True,"The log message indicates a failure in waiting for readiness before probing, which suggests an abnormal execution process."
289,kernel: Adding <*>k swap on <*> Priority:-<*> extents:<*>,Kernel_43,Adding_188,none_404,True,The log message contains 'invcol Error' which indicates an error in the execution process.
273,"kernel: Attached scsi disk sda at scsi<*>, channel <*>, id <*>, lun <*>",Kernel_43,Attached_189,none_405,True,"The log message indicates an error related to an expired capability, which is not a normal occurrence during execution processes."
154,"kernel: panfs mount: If you are running a GenuineIntel kernel, you may get an oops.",Kernel_43,Oops_129,none_300,False,The log message indicates the registration of a protocol family which is a standard process in networking. There is no indication of abnormal behavior.
135,"kernel: Attached scsi generic sg<*> at scsi<*>, channel <*>, id <*>, lun <*>, type <*>",Kernel_43,Attached_189,none_406,True,"The log message indicates a file system check process, which is a normal system maintenance operation. Therefore, this is a normal execution process."
194,kernel: BIOS-provided physical RAM map:,Kernel_43,none_72,none_151,True,"The log message contains a typo 'omsad' which is not a recognized keyword, indicating a potential abnormality in the execution process."
284,"kernel: Bootdata ok (command line is ro <*> tsc <*> console=ttyS<*>,<*> rhgb quiet)",Kernel_43,BootdataOk_190,none_407,False,This log message is a standard ACPI message indicating a PCI interrupt link being disabled. It does not indicate any abnormal execution process.
155,kernel: panfs mount: Byte range locking is turned ON,Kernel_43,Send_191,none_408,True,"The log message indicates an error related to writing to a read-only file system, which is abnormal behavior."
212,kernel: Booting processor <*>/<*> rip <*> rsp <*>,Kernel_43,Send_191,none_409,False,"The log message indicates that the SNMP daemon received SNMP packets, which is a normal process for a SNMP daemon to handle."
175,"kernel: <*> no version for ""struct_module"" found: kernel tainted.",Kernel_43,Sending_192,no version found_410,True,"The log message indicates a problem with creating a queue file due to a read-only file system, which is abnormal behavior."
117,kernel: <*> <*> node <*> <*>,Kernel_43,none_72,none_152,False,"The log message appears to be a normal sendmail process with information about sender, size, class, recipients, and relay."
125,kernel: <*> NMI <*> ... <*>,Kernel_43,none_72,none_153,False,The log message does not indicate any abnormal execution process.
232,kernel: Brought up <*> CPUs,Kernel_43,BroughtUp_193,none_411,False,The log message provided does not indicate any abnormal behavior in the execution process.
208,kernel: Built <*> zonelists,Kernel_43,Building_194,none_412,True,"The log message indicates an orphaned inode, which suggests a potentially abnormal execution process."
50,kernel: CPU: <*> <*> <*>,Kernel_43,none_72,none_154,True,The log message indicates a file system error which is typically considered abnormal in normal execution processes.
140,kernel: Calibrating delay loop... <*>.<*> BogoMIPS (lpj=<*>),Kernel_43,Calibrating_195,none_413,True,"Error accepting AF_UNIX connection, indicating a problem with accepting connections"
310,kernel: <*> find a suitable network device; setting lid_base to <*>,Kernel_43,SettingLid_196,none_414,True,"The log message indicates a CPU related issue, which could potentially be abnormal depending on the context of the overall execution process."
153,kernel: panfs mount: Read Ahead is turned ON at level <*>,Kernel_43,TurningOn_197,none_415,False,"The log message does not indicate any abnormal execution process, it is a standard message related to Netfilter core team."
231,kernel: ACPI: Subsystem revision <*>,Kernel_43,SubsystemRevision_198,none_416,True,"The log message does not provide clear information on the execution process, making it difficult to determine if it is normal or abnormal."
38,kernel: ACPI: PCI <*> <*> <*> <*>,Kernel_43,Receive_199,none_417,False,"The log message is a standard sendmail process, indicating normal execution."
119,kernel: ACPI: INT_SRC_OVR (bus <*> bus_irq <*> global_irq <*> <*> <*>,Kernel_43,Int_200,none_418,False,The log message does not indicate any abnormal execution process.
159,kernel: pan_common: <*> <*>,Kernel_43,none_72,none_155,False,"This log message is a typical ACPI LAPIC_NMI notification, indicating a Non-Maskable Interrupt from the Local APIC. It is a normal part of system operation."
158,kernel: pan_common: registered major number <*> for device panasas,Kernel_43,Registered_152,none_349,True,"The log message indicates a login process, which is a common and expected execution process. Therefore, it is considered normal."
103,"kernel: pan_kmod: <*> subdev <*> (""PANASAS kernel trace facility"")",Kernel_43,none_72,none_156,False,The log message indicates a routine clean up process for a port forced down due to a LID conflict.
87,kernel:,Kernel_43,none_72,none_157,True,"The log message indicates that the NFS server is not responding, which is abnormal behavior for a normal execution process."
203,kernel: No mptable found.,Kernel_43,none_72,error_158,False,"The log message indicates ACPI processor information, which is a normal execution process."
100,"kernel: <*> zone: <*> pages, LIFO batch:<*>",Kernel_43,LifoBatch_201,none_419,True,"The log message indicates a failed authentication, which is typically abnormal behavior."
156,kernel: pan_trace: panfs trace buffer <*> added.,Kernel_43,Remove_160,none_362,False,The log message does not indicate any abnormal behavior in the execution process.
132,kernel: Type: <*> ANSI SCSI revision: <*>,Kernel_43,Revision_202,none_420,False,The log message indicates the normal starting process of kjournald with a commit interval.
340,kernel: Vendor: MegaRAID Model: LD <*> RAID<*> <*>G Rev: <*>,Kernel_43,none_72,none_159,False,Initializing CPU is a common step in execution processes and does not indicate abnormal behavior.
282,kernel: Vendor: PE/PV Model: <*>x<*> SCSI BP Rev: <*>.<*>,Kernel_43,none_72,none_160,True,"The log message indicates a connection reset by peer error, which is abnormal behavior for the execution process."
39,kernel: BIOS-e<*>: <*> - <*> <*>,Kernel_43,Dispatching_141,-_316,True,"The log message indicates a processor error, which is not a normal execution process."
197,kernel: BIOS-e<*>: <*> - <*> (ACPI data),Kernel_43,Initialize_95,-_245,True,"The log message indicates an error related to connection reset by peer, which is not a normal execution process."
137,kernel: <*> kernel module initialized successfully,Kernel_43,Callverify_203,successful_421,False,"This log message is a standard calibration process for determining the BogoMIPS value, which is a normal execution process."
245,kernel: sda: sda<*> sda<*> sda<*> sda<*> < sda<*> sda<*> >,Kernel_43,none_72,none_161,False,The log message indicates a normal execution process of an external file system on disk sda with an internal journal.
136,kernel: <*> <*> public key <*>,Kernel_43,Register_163,none_369,False,"This log message indicates the registration of a new USB driver, which is a normal part of the execution process."
285,"kernel: - User ID: Red Hat, Inc. (Kernel Module GPG key)",Kernel_43,none_72,none_162,False,"The log message indicates a mounted filesystem with ordered data mode, which is a normal execution process."
239,kernel: ACPI wakeup devices:,Kernel_43,Register_148,none_335,True,The log message contains sudo command with root user which may indicate a potentially risky action
32,kernel: ACPI: <*> <*> <*> <*>,Kernel_43,none_72,none_163,True,"The log message contains sudo command executed as root, which is potentially risky behavior and could indicate abnormal execution process."
206,kernel: ACPI: HPET id: <*> base: <*>,Kernel_43,none_72,none_164,True,"The log message indicates a failed status for the cron job, which is considered abnormal for a normal execution process."
215,kernel: Capability LSM initialized as secondary,Kernel_43,Register_148,secondary_336,True,No space left on device indicates a potential issue with disk space which can lead to abnormal execution
553,kernel: input: AT Translated Set <*> keyboard on isa<*>/serio<*>,Kernel_43,Register_148,none_337,True,"Error message indicates a connection reset by peer, which is abnormal behavior for the execution process."
35,kernel: <*> <*>,Kernel_43,none_72,none_165,True,"The log message indicates a warning about setting tty modes failed with an invalid argument, which is not a normal behavior in execution processes."
237,kernel: Copyright (c) <*>-<*> Intel Corporation.,Kernel_43,none_72,none_166,True,"The log message indicates a failure to bring a port to ACTIVE status, which is abnormal behavior in the execution process."
357,kernel: protections[]: <*> <*> <*>,Kernel_43,Registered_152,none_350,False,The log message does not indicate any abnormalities in the execution process.
296,kernel: PCI: cache line size of <*> is not supported by device <*>:<*>:<*>d.<*>,Kernel_43,none_72,unsupported_167,False,The log message does not provide enough information to determine if the execution process is abnormal or not.
339,kernel: EXT<*>-fs: recovery complete.,Kernel_43,Register_148,none_338,False,The log message does not indicate any abnormalities in the execution process.
363,kernel: EXT<*>-fs: write access #<*># be enabled during recovery.,Kernel_43,Write_168,recovery_379,True,"The log message indicates a startup failure, which is not a normal execution process."
242,kernel: Freeing unused kernel memory: <*>k freed,Kernel_43,Freeing_87,unused_219,False,"The log message does not indicate any abnormal execution process, it is a normal ACPI IRQ usage message."
271,"kernel: IA<*> emulation $Id: sys_ia<*>.c,v <*>.<*> <*>/<*>/<*> <*>:<*>:<*> ak Exp $",Kernel_43,none_72,none_168,False,"The log message indicates a routine operation of remounting the filesystem read-only, which is a standard procedure and not indicative of an abnormal execution process."
94,kernel: PCI: <*> <*> <*> <*>,Kernel_43,none_72,none_169,True,"The log message indicates that a file system client write operation failed due to an interrupted system call, which suggests an abnormal execution process."
67,"kernel: <*> <*> <*> <*> <*>, <*> <*>, <*> <*>",Kernel_43,none_72,none_170,True,"The log message indicates a Stale NFS file handle, which is an abnormal execution process."
79,kernel: EXT<*>-fs: mounted filesystem with ordered data mode.,Kernel_43,Mounting_178,ordered data mode_392,True,"The log message indicates a failure in the write_page operation due to an interrupted system call, which is abnormal behavior."
264,"kernel: IP: routing cache hash table of <*> buckets, <*>Kbytes",Kernel_43,none_72,none_171,False,This log message does not indicate any abnormal behavior in the execution process.
230,kernel: Initializing IPsec netlink socket,Kernel_43,Initializing_204,none_422,True,"The log message indicates a processor booting with unusual values for rip and rsp, suggesting a potential abnormal execution process."
228,kernel: PCI: Probing PCI hardware (bus <*>),Kernel_43,Probing_90,none_226,True,"The log message indicates a command timed out, which is often a sign of abnormal execution process."
276,kernel: Intel E<*>/<*>/<*> detected.<<*>>pci_hotplug: PCI Hot Plug PCI Core version: <*>.<*>,Failed_144,Detected_484,none_754,False,This log message indicates a normal boot process with boot data being okay.
293,"kernel: Kernel command line: ro <*> tsc <*> console=ttyS<*>,<*> rhgb quiet",Kernel_43,none_72,none_172,True,"The log message indicates a CPU model and stepping information, which is not typically found in a normal execution process log. This could indicate a system configuration or hardware issue."
191,kernel: Linux version <*> (#<*>#@#<*>#) (gcc version <*>.<*>.<*> <*> (Red Hat <*>.<*>.<*>-<*>.<*>)) #<*> SMP Tue <*> <*> <*>:<*>:<*> <*> <*>,Kernel_43,none_72,none_173,False,"The log message is a kernel command line, which is a typical part of the boot process. It does not indicate any abnormalities."
221,"kernel: Memory: <*>k/<*>k available (<*>k kernel code, <*>k reserved, <*>k data, <*>k init)",Kernel_43,none_72,available_174,True,"The log message indicates a command timed out, which is not a normal execution process."
57,kernel: NET: Registered protocol family <*>,Kernel_43,Registered_152,none_351,True,"The log message indicates a USB control command failure, which is an abnormal execution process."
243,kernel: PCI<*> PALO PBLO VPR<*> PBHI PICH,Kernel_43,none_72,none_175,True,The log message indicates a forceful action to bring down a neighbor port which is not a normal execution process
274,kernel: Initializing Cryptographic API,Kernel_43,Initializing_204,none_423,True,"The log message indicates a timeout while waiting for a hotplug event, which is not a typical behavior in normal execution processes."
364,kernel: EXT<*>-fs: <*> <*> <*> on readonly <*>,Kernel_43,Monitoring_157,readonly_357,True,"The log message indicates a read-only file system, which could be a sign of abnormal execution process as it may prevent normal operations from being carried out."
229,kernel: Placing software IO TLB between <*> - <*>,Kernel_43,Placing_205,none_425,True,"The log message indicates a failed login attempt, which is abnormal behavior."
62,kernel: Probing IDE interface ide<*>...,Kernel_43,Probing_90,none_227,True,The log message contains unusual characters that are not typical in a normal execution process.
205,kernel: DMI <*>.<*> present.,Kernel_43,Present_206,none_426,True,"The log message indicates a forceful shutdown of a port that should be active but is not, which is abnormal behavior."
121,kernel: Warning: <*> returned <*>!,Kernel_43,none_72,warning_176,True,The log message contains unusual characters like '<*>' which may indicate a potential abnormality in the execution process.
260,kernel: VFS: Disk quotas dquot_<*>.<*>.<*>,Kernel_43,Assuming_93,none_241,False,This log message indicates the attachment of a SCSI generic device which is a normal process in system execution.
247,kernel: Using cfq io scheduler,Kernel_43,Using_187,none_402,False,The log message does not provide enough information to determine if the execution process is abnormal.
124,kernel: Using <*> APIC <*> <*>,Kernel_43,Using_187,none_403,False,The log message indicates a routine process of allocating divert_blk for eth.
220,kernel: Using ACPI (MADT) for SMP configuration information,Kernel_43,Configuring_142,none_320,True,"The log message contains unusual characters and formatting, indicating a potential abnormal execution process."
252,kernel: Uniform Multi-Platform E-IDE driver Revision: <*>.<*>alpha<*>,Kernel_43,none_72,none_177,True,The log message contains kernel errors and file paths that indicate a potential abnormal execution process.
255,kernel: Total of <*> processors activated (<*>.<*> BogoMIPS).,Kernel_43,Activated_207,none_427,False,The log message appears to be a standard cron job execution process.
248,"kernel: Total HugeTLB memory allocated, <*>",Kernel_43,Allocated_208,none_428,False,"The log message indicates a successful shutdown process, which is a normal execution process."
224,"kernel: There is already a security framework initialized, register_security failed.",Kernel_43,Register_148,failed_339,True,"The log message indicates a failure to allocate divert_blk for a non-ethernet device, which is an abnormal execution process."
265,kernel: TCP: Hash tables configured (established <*> bind <*>),Kernel_43,Configured_209,established_429,False,The log message does not indicate any abnormal behavior in the execution process.
204,kernel: <*> <*> <*> to <*>,Kernel_43,Determiningipinformation_210,none_430,True,"The log message indicates a LustreError, which is an indication of abnormal execution process."
120,kernel: <*> <*> in <*> <*>,Kernel_43,none_72,in_178,False,The log message indicates SELinux enforcing netfilter hooks which is a normal part of the execution process.
95,kernel: SELinux: <*> <*> <*>,Kernel_43,none_72,none_179,True,"The log message contains sensitive information such as a public key, which is not typically logged during a normal execution process."
217,"kernel: Dentry cache hash table entries: <*> (order: <*>, <*> bytes)",Kernel_43,none_72,none_180,True,"The log message indicates a key exchange failure, which is abnormal behavior during an execution process."
251,kernel: SCSI subsystem initialized,Kernel_43,Initialized_211,none_431,True,"The log message indicates a failed key exchange, which is not a normal execution process."
250,kernel: SCSI device sda: <*> <*>-byte hdwr sectors (<*> MB),Kernel_43,none_72,none_181,False,The log message does not indicate any abnormal execution process.
77,"kernel: EXT<*> FS on sda<*>, internal journal",Kernel_43,none_72,internal_182,True,The log message contains placeholders '<*>' indicating missing values which could suggest an incomplete or abnormal execution process.
115,kernel: Processor #<*> <*>:<*> APIC version <*>,Kernel_43,none_72,none_183,False,The log message indicates a normal execution process with autorun being completed.
218,kernel: Console: colour VGA+ <*><*>,Kernel_43,Colour_212,none_432,False,The log message 'md: autorun ...' does not indicate any abnormalities in the execution process.
240,kernel: audit: initializing netlink socket (disabled),Kernel_43,Initializing_204,disabled_424,False,The log message indicates the normal start of syslog-ng
283,kernel: On node <*> totalpages: <*>,Kernel_43,none_72,none_184,False,The log message indicates a normal execution process of autodetecting RAID arrays.
127,kernel: e<*>: eth<*>: <*> <*> <*> <*> <*>,Kernel_43,none_72,none_185,False,"The log message indicates the use of a specific tool for routing, which is a normal part of the execution process."
331,kernel: sda: asking for cache data failed,Kernel_43,AskingForCacheData_213,failed_433,False,The log message indicates a normal execution process related to the NFS server.
417,kernel: [IB_NET][ipoib_sarp_rewrite_send][/mnt_projects/sysapps/src/ib/topspin/topspin-src-<*>.<*>.<*>-<*>/host/ulp/ipoib/obj_host_amd<*>_custom<*>_rhel<*>/ts_ipoib/ipoib_arp.c:<*>]ib<*>: can't find hw address for hash <*>:<*>:<*>:<*>:<*>:<*>,Kernel_43,FindingHwAddress_214,error_434,False,"The log message indicates that the NIC link is up with a specific speed and duplex mode, which is a normal execution process."
332,kernel: sda: assuming drive cache: write through,Kernel_43,AssumingDriveCache_215,none_435,True,"The log message contains placeholders (*) which might indicate sensitive information being logged, indicating a potential security risk."
222,kernel: selinux_register_security: Registering secondary module capability,Kernel_43,Registering_77,none_207,True,"The log message contains sensitive information such as PCI data, indicating a potential security breach or unauthorized access."
129,"kernel: serio: i<*> <*> port at <*>,<*> irq <*>",Kernel_43,Creating_134,none_307,True,The log message indicates a Non-Maskable Interrupt (NMI) which is often considered abnormal in execution processes.
214,kernel: task migration cache decay timeout: <*> msecs.,Kernel_43,Register_148,none_340,True,"The log message indicates a potential issue with the time source or interrupt handling, which can lead to abnormal execution processes."
123,kernel: time.c: <*> <*> <*> <*>,Kernel_43,none_72,none_186,True,"The log message contains ACPI errors, indicating a potential abnormal execution process."
211,kernel: time.c: Using <*>.<*> MHz HPET timer.,Kernel_43,Checking_91,none_235,True,"The log message indicates a warning about lost ticks, which is not a normal behavior in the execution process."
299,kernel: <*> module license <*> taints kernel.,Kernel_43,Taints_216,none_436,True,"The log message indicates that the ntpd process failed to bind to a port due to the address already being in use, which is indicative of an abnormal execution process."
244,kernel: ttyS<*> at I/O <*> (irq = <*>) is a <*>,Kernel_43,none_72,none_187,True,"The log message indicates an error related to no space left on the device, which is abnormal for a normal execution process."
881,kernel: RPC: error <*> connecting to server <*>,Kernel_43,Connecting_217,error_437,False,"The log message indicates that syslog-ng is going down, which can be a normal process during system maintenance or updates."
253,kernel: usb <*>-<*>: new <*> speed USB device using address <*>,Kernel_43,NewSpeed_218,none_438,True,"The log message indicates a voltage sensor detected a failure value, which is not a normal execution process."
65,kernel: <*> <*> <*> driver <*>,Kernel_43,none_72,none_188,True,"The log message indicates that the timestamp file for a job cannot be opened due to a read-only file system, which is abnormal behavior."
291,kernel: e<*>: eth<*>: e<*>_watchdog: NIC Link is Up <*> Mbps Full Duplex,Kernel_43,LinkIsUp_219,none_439,False,"This log message indicates a crontab edit by the root user, which is a normal execution process."
216,kernel: i<*>c /dev entries driver,Kernel_43,Driver_220,none_440,True,The log message contains unusual characters and does not clearly indicate a normal execution process.
112,kernel: <*> <*> <*> <*> driver,Kernel_43,none_72,none_189,False,The log message is a standard information message about an event loop in a local context.
353,"kernel: scsi<*> : ioc<*>: LSI<*>C<*>, FwRev=<*>h, Ports=<*>, MaxQ=<*>, IRQ=<*>",Kernel_43,Register_148,none_341,True,The log message contains unusual characters and formatting that are not typical of a normal execution process.
126,kernel: divert: not allocating divert_blk for non-ethernet device <*>,Kernel_43,NotAllocating_221,none_441,True,"The log message indicates a connection timed out error, which suggests an abnormal execution process."
349,kernel: SCSI device sda: drive cache: write through,Kernel_43,Synchronized_222,write through_442,True,"The log message indicates a network issue with no IPv4 routers present, which is abnormal for a typical execution process."
352,kernel: Fusion MPT SCSI Host driver <*>.<*>.<*>,Kernel_43,none_72,none_190,True,"The log message indicates a warning about mounting panfs in an untested environment, which suggests abnormal execution process."
68,kernel: <*> <*> <*> for <*>,Kernel_43,Probing_90,none_228,False,This log message is likely a normal execution process related to floppy drives.
182,kernel: Disabled Privacy Extensions on device <*>,Kernel_43,Disable_223,none_443,False,"The log message indicates a successful MySQL execution process, which is expected and normal."
350,kernel: Copyright (c) <*>-<*> LSI Logic Corporation,Kernel_43,none_72,none_191,False,"The log message does not indicate any abnormal execution process, it is a routine message about unloading a kernel module."
294,kernel: checking if image is initramfs... it is,Kernel_43,Checking_91,initramfs_236,False,"The log message indicates a successful unmounting of filesystems, which is a normal execution process."
355,kernel: Vendor: <*> Model: <*> Rev: <*>,Kernel_43,Remove_160,none_363,True,"The log message indicates a crontab execution by the root user, which is a potential security risk as it gives the root user privileged access to scheduled tasks."
335,kernel: scsi[<*>]: scanning scsi channel <*> [Phy <*>] for non-raid devices,Kernel_43,Remove_160,none_364,True,The log message indicates an abnormal execution process related to Lustre and the OBD driver.
334,kernel: scsi<*> : LSI Logic MegaRAID driver,Kernel_43,Register_148,none_342,True,"The log message indicates that there is no space left on the device, which could potentially lead to abnormal execution processes."
574,"kernel: Lustre: Routing socket NAL loaded (Routing disabled, initial mem <*>, incarnation <*>)",Kernel_43,Failed_96,disabled_250,True,"The log message indicates a process trying to unmount a filesystem that is busy, which is abnormal behavior as the filesystem should not be unmounted while it is in use."
254,kernel: mtrr: v<*>.<*> (<*>),Kernel_43,none_72,none_192,False,"The log message indicates that a new connection has been accepted, which is a common process in execution."
442,kernel: <*> <*> HighMem per-cpu: empty,Kernel_43,Shuttingdown_224,none_444,False,The log message indicates a routine action of changing permissions on a special file.
394,kernel: Node <*> <*> <*>*<*>kB <*>*<*>kB <*>*<*>kB <*>*<*>kB <*>*<*>kB <*>*<*>kB <*>*<*>kB <*>*<*>kB <*>*<*>kB <*>*<*>kB <*>*<*>kB = <*>kB,Kernel_43,none_72,none_193,True,The log message indicates an abnormal execution process due to the error 'Broken pipe' causing the CLI output to fail.
358,kernel: Node <*> <*> <*>,Kernel_43,Dispatching_141,none_317,True,"The log message indicates that the memory device status is critical and single bit error logging is disabled, which could lead to potential memory errors and system instability."
356,kernel: Node <*> <*> free:<*>kB min:<*>kB low:<*>kB high:<*>kB active:<*>kB inactive:<*>kB present:<*>kB pages_scanned:<*> all_unreclaimable? <*>,Kernel_43,Initialize_95,none_246,True,"The log message indicates an unknown symbol in the kernel, which could be a sign of abnormal execution process."
89,kernel: <*>,Kernel_43,none_72,none_194,False,"The log message appears to be a standard ACPI PCI Interrupt Link message, which is common during system operation."
446,kernel: Free pages: <*>kB (<*>kB HighMem),Kernel_43,Free_225,none_445,True,"The log message contains a crond command with unusual characters and redirection symbols, indicating a potentially abnormal execution process."
37,kernel: hub <*>-<*>:<*>.<*>: <*> <*> <*>,Kernel_43,Register_148,none_343,True,"The log message indicates that the remote host disconnected due to authentication being cancelled by the user, which is not a normal execution process."
163,kernel: ib<*>: InfiniHost<*> port <*>,Kernel_43,Register_163,none_370,True,"The log message indicates a warning about mounting an unchecked file system, which is not a normal execution process. Running e2fsck is recommended, suggesting potential issues with the file system."
262,kernel: ide-floppy driver <*>.<*>.newide,Kernel_43,Register_163,none_371,True,"The log message indicates that the authentication process was cancelled by the user, which is not a normal behavior."
258,kernel: ide: Assuming <*>MHz system bus speed for PIO modes; override with idebus=xx,Kernel_43,Assuming_93,none_242,True,"The log message indicates that the remote host disconnected due to no further authentication methods available, which is abnormal behavior."
210,kernel: per-CPU timeslice cutoff: <*>.<*> usecs.,Kernel_43,none_72,cutoff_195,False,"The log message indicates a standard setup process for becoming a Tbird SQE/Build-Test node, which is a normal execution process."
76,kernel: ip_tables: (C) <*>-<*> Netfilter core team,Kernel_43,none_72,none_196,True,"The log message indicates that the execution process failed due to insufficient disk space, which is an abnormal condition."
449,kernel: Active:<*> inactive:<*> dirty:<*> writeback:<*> unstable:<*> free:<*> slab:<*> mapped:<*> pagetables:<*>,Kernel_43,none_72,active inactive dirty writeback unstable free slab mapped pagetables_197,False,"The log message indicates a process exiting, which is a common occurrence in normal execution processes."
261,kernel: checking TSC synchronization across <*> CPUs: passed.,Kernel_43,Checking_91,passed_237,True,"The log message indicates that there are no more authentication methods available, which could be a sign of abnormal behavior in the execution process."
329,kernel: megaraid cmm: #<*># (Release Date: Mon Mar <*> <*>:<*>:<*> EST <*>),Kernel_43,none_72,none_198,False,"This log message indicates the attachment of a SCSI disk, which is a normal execution process."
110,kernel: md: <*> <*> <*>,Kernel_43,Register_148,none_344,True,"The log message indicates that the execution process was aborted, which is not a normal behavior."
268,kernel: mice: PS/<*> mouse device common for all mice,Kernel_43,Register_163,none_372,False,"This log message indicates a normal ACPI power button press event, which is a common and expected process."
188,kernel: md: autorun ...,Kernel_43,Autorun_226,none_446,False,"The log message is a standard message indicating the scanning of a scsi channel for non-raid devices, which is a normal execution process."
333,kernel: megaraid: <*> <*> <*> <*>,Kernel_43,Probing_90,none_229,False,"The log message indicates the loading of a SCSI driver, which is a normal process during system startup."
277,"kernel: md: md driver <*>.<*>.<*> MAX_MD_DEVS=<*>, MD_SB_DISKS=<*>",Kernel_43,none_72,none_199,False,"This log message indicates the initialization of the SCSI subsystem, which is a normal part of the execution process."
926,kernel: audit(<*>.<*>:<*>): avc: denied { <*> avc: denied { getattr } for pid=<*> comm=ntpd path=/dev/null dev=ram<*> ino=<*> scontext=user_u:system_r:ntpd_t tcontext=system_u:object_r:file_t tclass=chr_file,Kernel_43,none_72,denied_200,False,The log message does not indicate any abnormalities in the execution process.
73,"kernel: <*> <*>:<*>:<*>d.<*>: irq <*>, <*> <*> <*>",Kernel_43,none_72,none_201,True,DNS lookup failed
763,Freeing unused kernel memory: <*>k freed,KernelMemory_145,Error_485,unused_755,False,"The log message indicates the version of the network driver, which is a normal execution process."
777,Loading keyring,Keyring_146,Loading_486,none_756,False,"The log message indicates the installation of knfsd, which is a normal execution process."
895,killall:,Killall_147,Terminate_487,none_757,False,The log message does not indicate any abnormalities in the execution process.
903,killall: [,Killall_147,Rollback_488,none_758,True,"The log message indicates a failure in asking for cache data, which is not a normal execution process."
906,killall: Shutting down GANGLIA gmetad:,Killall_147,ShuttingDown_489,none_759,False,This log message does not indicate any abnormalities in the execution process.
627,kjournald starting. Commit interval <*> seconds,Kjournald_148,Starting_490,none_760,False,The log message does not indicate any abnormalities in the execution process.
75,kernel: kjournald starting. Commit interval <*> seconds,Kjournald_148,Error_491,none_761,True,"The log message contains device-mapper error codes and initialization information, indicating a potential issue with device mapping during the execution process."
740,Installing knfsd (copyright (C) <*> #<*>#@monad.swb.de).,Knfsd_149,Installing_492,none_762,True,"The log message indicates a failure in the kernel, which is not a normal execution process."
716,<*> [INFO]: accepted new conn to listening fd <*>(new fd=<*>),ListeningFd_150,Monitoring_493,none_763,True,"The log message indicates that no floppy controllers were found, which could be abnormal depending on the system's configuration."
649,kernel: fs_client_writepage: llapi_io_sync failed (<*> (fs client: Interrupted system call)); data #<*># be dropped,Llapiiosync_151,Failed_494,interrupted system call_764,True,"The log message indicates that the random number generator was not detected, which is abnormal behavior for the execution process."
536,kernel: fs_client_writepage: llapi_io_sync failed (<*> (SM: unspecified internal error)); data #<*># be dropped,Llapiiosync_151,Failed_494,unspecified internal error_765,True,"The log message indicates inserting a floppy driver, which is an outdated technology and not commonly used in modern systems. This could indicate an abnormal execution process."
590,nfslock: lockd -KILL succeeded,Lockd_152,Novalue_495,none_766,True,"The log message contains unusual characters and formatting, which is not typical for a normal execution process."
170,"kernel: klogd <*>.<*>.<*>, log source = /proc/kmsg started.",LogSource_153,Started_496,none_767,False,"The log message seems to be related to firmware and BIOS version information, which is a normal execution process."
458,logger: ensuring time is synced,Logger_154,Ensuring_497,synced_768,False,The input log message is a standard copyright notice and does not indicate any abnormal execution process.
461,logger: Install: Removing tftpboot installation link from <*>,Logger_154,Removing_498,none_769,True,The log message indicates a probe for a new device which could potentially be an abnormal execution process
479,logger: Kickstart: convert to static ip on boot,Logger_154,ConvertToStaticIpOnBoot_499,none_770,False,This log message indicates a normal process of scanning scsi channel for logical drives.
366,logger: Kickstart/Yast Install: Finished installation on localhost.localdomain,Logger_154,Releasing_500,finished_771,False,The log message seems to be describing a RAID configuration which is a normal execution process for a RAID controller.
314,logger: Kickstart Install: <*> <*> <*> <*> <*> <*>,Logger_154,none_501,none_772,False,The log message does not indicate any abnormalities in the execution process.
304,logger: Kickstart Install: <*> <*>,Logger_154,none_501,none_773,True,"The log message indicates that a user with an unknown identity attempted to check pass, which could be a security concern or an abnormal behavior."
302,logger: Kickstart: <*> <*>,Logger_154,none_501,none_774,False,"The log message is a standard SCSI device detection message, indicating a normal execution process."
369,logger: setup NTP client,Logger_154,Registered_502,none_778,True,"The log message indicates that there is no space left on the device, which is an abnormal condition for a normal execution process."
962,logger: installing panasas drivers,Logger_154,Monitoring_503,none_779,False,"The log message indicates that SELinux is disabled at runtime, which is a common configuration and not indicative of an abnormal execution process."
303,logger: Kickstart: <*> <*> <*>,Logger_154,none_501,none_775,False,The log message does not indicate any abnormality in the execution process.
367,logger: Install: apply updates,Logger_154,Apply_504,none_780,True,The log message contains abnormal characters such as <*> which indicate a potential issue with the execution process.
161,logger: Kickstart: setup <*> <*> <*> <*> <*>,Logger_154,Setup_505,none_781,False,"This log message indicates freeing unused kernel memory, which is a normal execution process."
365,logger: Kickstart Install: TBIRD Dell FIRMWARE Update Module,Logger_154,none_501,none_776,False,"The log message indicates a routine action of unexporting filesystems, which is a normal process."
131,logger: Kickstart Install: <*> <*> <*>,Logger_154,none_501,none_777,True,"The log message indicates that the last server has exited, which could indicate an abnormal termination of the execution process."
104,logger: Kickstart Install: <*> <*> <*> <*>,Logger_154,Handleeqeibevents_506,none_782,False,"The log message does not indicate any abnormal execution process, it is a standard message related to system bus speed for PIO modes."
469,logrotate: ALERT exited abnormally with [<*>],Logrotate_155,Exited_507,abnormally_783,False,The log message does not indicate any abnormalities in the execution process.
476,lvm.static:,Lvm.static_156,Register_508,none_784,False,The log message does not indicate any abnormalities in the execution process.
7,"kernel: [KERNEL_IB][ib_mad_dispatch][/mnt_projects/sysapps/src/ib/topspin/topspin-src-<*>.<*>.<*>-<*>/ib/ts_api_ng/mad/obj_host_amd<*>_custom<*>_rhel<*>/ts_ib_mad/mad_filter.c:<*>]mad_process failed (<*>) for InfiniHost<*> port <*> QPN <*> (class <*>, aid <*>)",Madprocess_157,Failed_509,none_785,False,"The log message indicates the initialization of a RAMDISK driver, which is a normal execution process."
1063,postfix/postfix-script: fatal: the Postfix mail system is <*> running,MailSystem_158,Running_510,fatal_786,False,The log message indicates a normal execution process related to a Real Time Clock Driver version.
683,md: ... autorun DONE.,Md_159,Done_511,none_787,False,The log message does not indicate any abnormal execution process.
686,md: Autodetecting RAID arrays.,Md_159,Autodetecting_512,none_788,False,"This log message indicates the use of software bounce buffering for IO, which is a normal process in PCI-DMA operations."
684,md: autorun ...,Md_159,none_513,none_789,True,The log message contains unusual characters and does not seem to follow a typical execution process pattern.
768,"md: md driver <*>.<*>.<*> MAX_MD_DEVS=<*>, MD_SB_DISKS=<*>",MdDriver_160,Configuration_514,none_790,False,The log message does not indicate any abnormal execution process.
1166,FAT: invalid media value (<*>),MediaValue_161,Invalid_515,none_791,False,"The log message appears to be related to routing cache hash table initialization, which is a normal execution process."
921,kernel: megaraid: aborting-<*> cmd=<*>a <c=<*> t=<*> l=<*>>,Megaraid_49,Aborting_238,none_460,False,"The log message indicates the initialization of an IPsec netlink socket, which is a normal execution process."
947,kernel: megaraid: <*> outstanding commands. Max wait <*> sec,Megaraid_49,none_239,none_461,False,The log message indicates a common and expected process of loading a keyring.
750,megaraid: #<*># (Release Date: <*> <*> <*> <*>:<*>:<*> <*> <*>),Megaraid_49,none_239,release_462,False,The log message does not indicate any abnormal execution process.
751,megaraid: fw version:[<*>A] bios version:[H<*>],Megaraid_49,none_239,none_463,False,The log message does not indicate any abnormalities in the execution process.
859,kernel: megaraid: resetting the host...,Megaraid_49,Resetting_240,none_464,False,"The log message is related to initializing a netlink socket, which is a common and expected process."
336,kernel: megaraid: probe new device <*>:<*>:<*>:<*>: bus <*>:slot <*>:func <*>,Megaraid_49,Probing_241,none_465,False,Log message indicates an initialization process which is a normal execution step.
907,out of memory [<*>],Memory_50,none_243,out of_467,False,"The log message indicates that hash tables are configured, which is a common and expected process in many execution processes."
306,postfix/pickup[<*>]: warning: <*> message has been queued for <*> days,Message_162,Queue_516,warning_792,True,The log message indicates a failure in getting port value which is abnormal behavior in the execution process.
138,last message repeated <*> times,Message_162,Repeating_517,none_793,False,This log message seems to be a standard postfix script execution message and does not indicate any abnormal behavior.
1160,postfix/postsuper[<*>]: Deleted: <*> messages,Messages_163,Delete_518,none_794,False,The log message does not indicate any abnormalities in the execution process.
957,"moab: MSysRegEvent(starting primary moab server,<*>,<*>,<*>)",Moab_164,Starting_519,none_795,True,The log message indicates a PCI hot plug event which is not a normal execution process.
956,moab: SRsv[ <*>] <*>.<*>,Moab_164,none_520,none_798,False,"The log message indicates the allocation of HugeTLB memory, which is a normal process."
954,moab: starting moab-<*>.<*>.<*>b<*>-snap.<*> version Moab Workload Manager (PID: <*>) on <*> Dec <*> <*>:<*>:<*>,Moab_164,Starting_519,none_796,False,The log message does not indicate any abnormal behavior in the execution process.
953,moab: INFO: no fallback server host specified,Moab_164,none_520,info_799,False,"The log message indicates that some ticks are being lost and the CPU frequency is being checked, which is a common process during execution."
569,moab: WARNING: cannot load FS file '/var/spool/moab/stats/FS.<*>' for slot <*>,Moab_164,Loading_521,warning_808,False,"The log message indicates a standard initialization process for a Cryptographic API, which is a normal execution process."
1203,moab: INFO: current util[<*>]: <*>/<*> (<*>.<*>%) PH: <*>.<*>% active jobs: <*> of <*> (completed: <*>),Moab_164,Edit_522,INFO_811,False,The log message does not indicate any abnormal execution process.
885,moab: INFO: opened service socket on port <*>,Moab_164,Running_523,none_812,False,"The log message is a common description for a mouse device, indicating normal execution process."
932,moab: INFO: P[ALL]: Total <*>:<*> Up <*>:<*> Idle <*>:<*> Active <*>:<*>,Moab_164,none_520,info_800,True,"The log message indicates that the SSH server did not receive an identification string from the specified IP address, which could be a sign of a potential security threat or connection issue."
934,moab: INFO: <*> <*> <*> <*> <*> on <*> <*>,Moab_164,none_520,on_801,False,"This log message appears to be related to ACPI (Advanced Configuration and Power Interface) and HPET (High Precision Event Timer), which are commonly used in computer systems. It does not indicate any abnormal execution process."
986,moab: INFO: <*> min value: <*> distance: <*> step: <*>.<*>,Moab_164,none_520,INFO_802,False,The log message does not indicate any abnormalities in the execution process.
1201,moab: INFO: queue is empty or cannot get PBS job info,Moab_164,GetPbsJobInfo_524,empty_813,True,The log message contains unexpected characters and does not follow a typical execution process format.
992,moab: INFO: <*> PBS <*> detected on RM base,Moab_164,Detected_525,none_814,False,"The log message indicates the initialization of SELinux, which is a normal process."
1205,moab: INFO: scheduling complete. sleeping <*> seconds,Moab_164,Sleeping_526,complete_815,False,Not enough information to determine if this log message indicates an abnormal execution process
1072,moab: WARNING: empty hostlist in MRsvConfigure(),Moab_164,Configure_527,empty hostlist warning_816,True,"The log message contains PCI information, which may indicate a hardware or driver issue that could potentially lead to abnormal execution processes."
935,moab: ALERT: cannot <*> <*> for <*> <*>,Moab_164,none_520,ALERT: cannot_803,False,"The log message indicates that the system is using ACPI (MADT) for SMP configuration information, which is a normal process."
1078,moab: INFO: PBS node tsqe<*> set to state Down (down),Moab_164,SetToState_528,Down_817,False,"The log message indicates SELinux is starting in permissive mode, which is a common process and does not indicate any abnormal behavior."
1202,moab: WARNING: no workload detected,Moab_164,Warning_529,warning_818,True,"The log message indicates a drop in open request from a specific source, which could be a sign of abnormal behavior."
1073,moab: ALERT: cannot create SR[<*>] <*> at depth <*>,Moab_164,Create_530,error_819,False,"The log message indicates a standard process of probing PCI hardware, which is a normal part of system initialization."
1077,moab: INFO: cannot determine node/rack of host 'tsqe<*>',Moab_164,Determine_531,cannot_820,False,The log message indicates a routine task of building zonelists.
1076,moab: INFO: queue 'sqe' started state set to True,Moab_164,StartedStateSet_532,none_821,True,The log message indicates an abnormal execution process as it contains unexpected values such as <*> and <*>
1075,"moab: [<*>] tsqe<*>: (P:<*>,S:<*>,M:<*>,D:<*>) [Down][DEFAULT][[NONE]]<<*>.<*>> C:[NONE] DEFAULT sqe",Moab_164,none_520,none_804,False,"This log message indicates the initialization of a security scaffold, which is a normal execution process."
1074,moab: ALERT: cannot build hostlist for rsv <*> in MRsvConfigure,Moab_164,Flushing_533,cannot_822,True,"The log message indicates that no mptable was found, which could be indicative of an abnormal execution process."
919,moab: INFO: <*> <*> <*> for <*> <*>,Moab_164,Info_534,none_823,False,"This log message is a typical ACPI (Advanced Configuration and Power Interface) message indicating the address of the Local APIC (Advanced Programmable Interrupt Controller), which is a common part of system initialization."
961,moab: INFO: new file '/var/spool/moab/moab.cfg' cached in slot <*> (<*> bytes),Moab_164,Caching_535,none_826,False,The log message does not indicate any abnormal execution process. It simply states that no NUMA configuration was found.
963,moab: INFO: executing scheduler from '/var/spool/moab/' under UID <*> GID <*>,Moab_164,Executing_536,none_827,False,The log message does not indicate any abnormal execution process.
571,moab: INFO: <*> <*> <*>,Moab_164,Info_534,none_824,False,"The log message indicates memory availability, which is a normal part of the execution process."
547,moab: INFO: <*> <*> <*> <*>,Moab_164,Info_534,none_825,True,"The log message contains version numbers and compiler information, which are not typical for a normal execution process."
592,moab: INFO: parameter <*> assigned <*> value <*>,Moab_164,Assigning_537,none_828,False,"The log message indicates the detection of processor speed, which is a normal execution process."
938,moab: INFO: starting <*> <*> <*> <*> <*> <*>,Moab_164,Starting_519,none_797,False,"This log message indicates a subsystem revision for the ACPI, which is a normal process during system initialization."
478,moab: <*>,Moab_164,none_520,none_805,True,"The log message indicates a failure in registering security, which is abnormal behavior for the execution process."
559,moab: <*> cannot <*> <*> <*> errno: <*> (No such file or directory),Moab_164,Cannot_538,No such file or directory_829,True,"The log message indicates a LustreError, which is a known abnormal execution process."
917,moab: WARNING: cannot load checkpoint file '/var/spool/moab/.moab.ck',Moab_164,Loading_521,warning_809,False,"The log message indicates that the TSC synchronization across CPUs passed, which is a normal execution process."
905,moab: ERROR: unexpected parameter[<*>] <*> detected,Moab_164,Detecting_539,error_832,False,"The log message indicates the activation of processors with a specific BogoMIPS value, which is a common and expected process in a system."
982,moab: INFO: server started on host 'tsqe<*>' (Primary Server),Moab_164,Sent_540,none_833,True,"The log message indicates an authentication failure, which is not a normal execution process."
664,moab: <*> <*>,Moab_164,none_520,none_806,False,"The log message indicates the initialization of a capability LSM as a secondary process, which is a standard process and not indicative of any abnormalities."
969,moab: <*>/<*> <*>:<*>:<*> INFO: filename only returned '/var/spool/moab/moab.cfg',Moab_164,Returning_541,none_834,False,"The log message is a standard BIOS-provided physical RAM map, which is a normal execution process."
972,moab: INFO: CLASSCFG[adminhigh] set to FSWEIGHT <*>,Moab_164,Set_542,none_835,True,"The log message indicates a task migration cache decay timeout, which is not a normal execution process."
1204,moab: INFO: iteration: <*> scheduling time: <*>.<*> seconds,Moab_164,Scheduling_543,none_836,False,The log message does not indicate any abnormalities in the execution process.
968,moab: <*>/<*> <*>:<*>:<*> INFO: pathname returned '/var/spool/moab/moab-private.cfg',Moab_164,Returned_544,none_837,True,"The log message does not provide any meaningful information about the execution process, indicating a potential abnormality."
858,moab: <*>/<*> <*>:<*>:<*> <*>,Moab_164,none_520,none_807,True,The log message indicates an abnormal execution process where the end_write_length is greater than the cached_length in the file system client kernel.
872,moab: <*> cannot <*> <*> <*>,Moab_164,Cannot_538,none_830,False,"The log message indicates the use of mwait in idle threads, which is a common and normal execution process."
566,moab: <*> cannot <*> <*> <*> file <*>,Moab_164,Cannot_538,none_831,False,"The log message indicates a remote host disconnection requested by the Windows SSH Client, which is a common and expected behavior during execution."
1029,moab: MCPLoadSR(SRES <*> <*> <*>.<*> <*>.<*> <*> [NONE] <*> <*>),Moab_164,Loading_521,none_810,True,"The log message indicates a disconnection requested by the Windows SSH Client, which could be considered abnormal depending on the context of the execution process."
404,modprobe: FATAL: Could not load /lib/modules/<*>.<*>.<*>-<*>smp/modules.dep: No such file or directory,Modprobe_165,Load_545,fatal_838,True,"The log message indicates boot data, but the format seems to be incorrect or incomplete."
1026,modprobe: modprobe: Can't locate module binfmt-<*>c,Modprobe_165,LocateModule_546,error_839,False,"The log message indicates the use of HPET based timekeeping, which is a normal part of the execution process."
1196,modprobe: FATAL: Error inserting ts_ipoib (/lib/modules/<*>.<*>.<*>-<*>.EL.rootsmp/kernel/drivers/ib/ts_ipoib.ko): No such device,Modprobe_165,Inserting_547,error_840,False,"The log message is indicating the number of CPUs brought up, which is a normal part of the execution process."
491,mount: mount to NFS server <*> failed,Mount_166,MountTo_548,failed_841,False,"The log message indicates a routine check of the aperture, which is a normal execution process."
1054,"mount: mount.panfs warning: couldn't ping address #<*>#:<*> using <*>:<*>, <*> (pan_sock: timeout)",Mount_166,Warning_549,timeout_843,True,The log message contains unusual characters and patterns that are not typically seen in normal execution processes.
1147,mount:,Mount_166,none_550,none_846,False,The log message provided does not indicate any abnormalities in the execution process.
501,"mount: mount.panfs warning: couldn't ping address #<*>#:<*> using <*>:<*>,",Mount_166,Register_551,warning_849,False,The log message indicates a normal execution process of registering a secondary module capability.
558,mount: mount to NFS server <*> failed: server is down.,Mount_166,MountTo_548,failed_842,False,"The log message indicates that the ACPI interpreter has been enabled, which is a normal part of the execution process."
499,mount: <*> (pan_sock: timeout),Mount_166,Timeout_552,none_850,False,"The log message indicates that the sshd daemon is running, which is a normal execution process."
508,mount: mount.panfs error: cannot find object indicated by path 'home' (<*> <*> <*> <*> <*> <*>,Mount_166,Error_553,cannot find_851,False,"The log message indicates that the root filesystem was mounted, which is a normal execution process."
465,mount: mount: can't get address for nfs<*>,Mount_166,GetAddress_554,error_853,False,"The log message does not indicate any abnormal execution process, it is just a routine check for the type of image being used."
451,mount: couldn't ping address #<*>#:<*> using <*> <*> (pan_sock: timeout),Mount_166,Ping_555,timeout_854,False,The log message does not indicate any abnormal behavior in the execution process.
568,"mount: mount: <*> failed, reason given by server: Permission denied",Mount_166,Failed_556,Permission denied_855,True,"The log message indicates a failure to resolve a trusted host name, which could be indicative of abnormal execution process."
440,mount: using <*> <*> (pan_sock: timeout),Mount_166,Using_557,timeout_857,True,"The log message indicates a Fault Status assert for a Drive Array, which suggests an abnormal execution process."
393,mount: mount: special device <*> does not exist,Mount_166,none_550,does not exist_847,True,"The log message contains repetitive and unusual characters, which is not typical of a normal execution process."
537,"mount: mount: according to mtab, /sys is already mounted on /sys",Mount_166,Mount_558,already mounted_858,True,"The log message indicates a failure during the probe of vesafb, which suggests an abnormal execution process."
381,"mount: mount.panfs warning: This mount still may succeed, but one or more local interfaces (listed below) failed communicate with the Panasas realm during mount. This suggests that a route cannot be established between these local interface(s) and the system. A client sends a list of IP addresses on which the Panasas storage system may establish a connection. If any one of these addresses should be excluded from the mount time check, use the 'callback-network-disallow' or 'callback-address-disallow' mount options. See 'man <*> mount.panfs' for more details on PanFS mount options. Excluding the interface from the check at mount time #<*># avoid long running mount commands.",Mount_166,Warning_549,none_844,True,The kernel command line contains unusual characters and may indicate a potentially abnormal execution process.
452,mount: mount.panfs warning:,Mount_166,Warning_549,none_845,True,"The log message indicates that a USB device is not accepting the address, which could be a potential issue with the device or the connection."
375,mount: mount.panfs warning: mount still trying to ping realm. Mount has been trying to ping for <*> seconds and may try for another <*> seconds,Mount_166,Pinging_559,warning_860,True,"The log message contains an unexpected kernel object ID, which may indicate abnormal execution."
1148,mount: mount.panfs: failed local addresses: #<*>#:<*> <*>:<*>,Mount_166,Failed_556,none_856,True,The User ID format is unusual and may indicate a potential security risk or abnormal behavior
438,mount: mount.panfs warning: couldn't ping address #<*>#:<*>,Mount_166,Mount_558,warning_859,True,"The log message indicates a compressed image found at a block in RAMDISK, which is not a normal execution process."
150,mount: <*> <*> <*> <*> <*> <*> (Out of memory),Mount_166,none_550,Out of memory_848,True,"The log message indicates a warning about lost ticks, which could be a sign of abnormal execution process."
409,mount: mount.panfs error: mount request rejected because client-realm clock skew exceeds <*> seconds,Mount_166,Error_553,rejected_852,True,The log message contains a kernel function (__do_softirq) which indicates a low-level system process. This could be considered abnormal behavior depending on the context of the execution process.
311,mount: mount.panfs: <*> local addresses: <*>,Mount_166,Mounting_560,none_861,True,"The log message indicates that the NIC link is down, which is an abnormal execution process."
495,mount: mount.panfs: panfs is not configured in the kernel,Mount_166,Configuring_561,error_862,True,"ROOT LOGIN is typically not a normal process, as it involves logging in as the root user, which is a higher level of privilege and should be monitored closely."
213,fstab-sync[<*>]: removed all generated mount points,MountPoints_167,Removed_563,none_864,False,The log message is a common system process for DHCP client initialization. It indicates a normal execution process.
707,mount.panfs: pan_kernel: expected release: <*>.<*>.<*>-<*>.EL.rootsmp release is: <*>.<*>.<*>-<*>smp <*> <*> <*>:<*>:<*> mount.panfs: mount.panfs warning: mounting panfs in an untested environment!!,Mount.panfs_168,Mounting_564,warning_865,True,"The log message indicates an unknown command being executed on /dev/sda, which could be a potential sign of abnormal activity."
113,<*> mount.panfs: started PanFS device [panfs://#<*>#/home],Mount.panfs_168,Started_565,none_866,False,"The log message seems to be a standard signal handling process in ntpd, which is a normal execution process."
497,mount: mount.panfs: couldn't create mtab lock file: /etc/mtab~ errno: <*>,Mount.panfs_168,Create_566,error_867,True,"The log message indicates a potential issue with the time source or interrupt handling, which could lead to abnormal execution processes."
792,mice: PS/<*> mouse device common for all mice,MouseDevice_169,CommonForAll_567,none_868,True,The log message format does not match the expected format for a normal execution process
807,No mptable found.,Mptable_170,none_568,none_869,True,"The log message indicates a reset of the host, which is not a normal execution process."
1049,kernel: mptbase: ioc<*>: IOCStatus(<*>): SCSI Task Terminated,Mptbase_171,Terminated_569,none_870,True,"The log message contains kernel errors and references to debug files, indicating a potential abnormal execution process."
834,mtrr: v<*>.<*> (<*>),Mtrr_172,Register_570,none_871,True,The log message indicates a LustreError which is an abnormal execution process.
1174,mysqld: Initializing MySQL database: succeeded,Mysqld_173,Initializing_571,succeeded_872,True,"The log message indicates a Lustre kernel error with a process showing a stack dump, which suggests an abnormal execution process."
923,mysql_install_db:,Mysqlinstalldb_174,none_572,none_873,True,"The log message indicates a kernel running task, which may not be a typical or expected execution process."
1106,mysql_install_db: /usr/bin/mysqladmin -u root -h tbird-admin<*> password 'new-password',Mysqlinstalldb_174,SettingPassword_573,none_876,True,Access denied for user from a suspicious source
1108,mysql_install_db: /usr/bin/mysqladmin -u root password 'new-password',Mysqlinstalldb_174,SettingPassword_573,none_877,True,"The log message contains an assertion failure in the Lustre filesystem, indicating an abnormal execution process."
1113,mysql_install_db: Fill help tables,Mysqlinstalldb_174,Register_574,none_878,True,"The log message contains kernel errors and memory addresses, indicating a potential abnormal execution process."
1094,mysql_install_db: Installing all prepared tables,Mysqlinstalldb_174,Register_574,none_879,True,"The log message indicates a dial-up connection at a specific ttyS port, which is uncommon in modern systems and could be a sign of abnormal activity."
1176,mysql_install_db: http://#<*>#,Mysqlinstalldb_174,Register_574,none_880,False,The log message indicates a standard completion of a recovery process.
1109,mysql_install_db: PLEASE REMEMBER TO SET A PASSWORD FOR THE MySQL root USER !,Mysqlinstalldb_174,SetPassword_575,reminder_881,True,"The log message indicates a journal commit I/O error, which is an abnormal execution process."
1110,mysql_install_db: Please report any problems with the /usr/bin/mysqlbug script!,Mysqlinstalldb_174,Report_576,problematic_882,False,This log message seems to be a normal kernel message indicating the initial APIC ID and Physical Processor ID.
1034,mysql_install_db: cd <*> ; <*> <*>,Mysqlinstalldb_174,none_572,none_874,False,"The log message indicates a start-up notification, which is a common event in the execution process."
1182,mysql_install_db: Support MySQL by buying support/licenses at https://#<*>#,Mysqlinstalldb_174,Support_577,none_883,True,"The log message contains placeholders <*> which could indicate missing or unexpected values, suggesting an abnormal execution process."
1181,mysql_install_db: The latest information about MySQL is available on the web at,Mysqlinstalldb_174,Highbatch_578,none_884,True,"The log message indicates denial of access for ntpdate and ntpd processes, which could indicate abnormal behavior."
1180,"mysql_install_db: To do so, start the server, then issue the following commands:",Mysqlinstalldb_174,Starting_579,none_885,False,The log message indicates a normal SSH session being closed by the remote user
1179,mysql_install_db: To start mysqld at boot time you have to copy support-files/mysql.server,Mysqlinstalldb_174,Copy_580,none_886,True,"The log message indicates a kernel error related to megaraid, which is not a normal execution process."
1177,mysql_install_db: You can test the MySQL daemon with the benchmarks in the 'sql-bench' directory:,Mysqlinstalldb_174,Register_581,none_887,True,"The log message indicates that the system has encountered an error due to too many open files, which is abnormal behavior."
1183,mysql_install_db: See the manual for more instructions.,Mysqlinstalldb_174,Remove_582,instructional_888,False,"The log message indicates that some messages have been suppressed, which is a common occurrence and does not necessarily indicate an abnormal execution process."
1178,mysql_install_db: You can start the MySQL daemon with:,Mysqlinstalldb_174,Start_583,none_889,True,"The log message indicates that a process was killed due to running out of memory, which is abnormal behavior."
1175,mysql_install_db: to the right place for your system,Mysqlinstalldb_174,none_572,none_875,True,"The log message indicates that synchronisation was lost, which is an abnormal execution process."
98,network: Bringing up <*> <*> <*>,Network_175,BringingUp_584,none_890,True,"The log message indicates a command timed out, which is not a normal behavior for an execution process."
761,ide-floppy driver <*>.<*>.newide,Newide_176,Driver_585,none_891,True,"The log message indicates an error connecting to a server, which is abnormal behavior in the execution process."
702,<*> <*> node <*> <*>-<*>,Node_177,none_586,none_892,True,"The log message indicates an invalid user attempting to access the system, which is a potential security concern and abnormal behavior."
1088,<*> <*> node <*> <*>-<*>b<*>,Node_177,none_586,none_893,True,"The log message indicates an error in retrieving pmd_p, which is essential for the execution process. This indicates abnormal behavior."
805,On node <*> totalpages: <*>,Node_177,Register_587,none_894,True,"The log message indicates that a device driver unload failed, which is an abnormal execution process."
673,<*> Shutting down <*> <*> succeeded,none_259,ShuttingDown_844,successful_1200,False,"The log message indicates that a service socket was opened, which is a common and expected process in execution."
99,<*> succeeded,none_260,none_845,successful_1201,True,"The log message indicates that the smartd configuration file was parsed but has no entries, which could indicate a potential issue or misconfiguration."
535,mount: mount: none already mounted or /sys busy,none_261,Mount_846,error_1202,True,"The log message indicates an error during logout process, which is abnormal behavior"
572,<*> [INFO]: <*> <*> v<*>.<*>,none_262,none_847,none_1203,True,"The log message indicates that the system is unable to monitor any SMART enabled devices, which is an abnormal execution process."
374,<*> failed,none_263,none_848,failed_1204,True,"The log message indicates a bad username during the login process, which is abnormal behavior."
190,exiting on signal <*>,none_264,Register_849,signal_1205,False,This log message does not indicate any abnormalities in the execution process.
1003,ntpd[<*>]: can't open /var/lib/ntp/drift.TEMP: Too many open files in system,Ntpd_178,Register_588,error_895,True,"The log message indicates that a Redundancy unit was lost, which is not a normal execution process."
18,ntpd[<*>]: synchronized to <*> stratum <*>,Ntpd_178,Synchronized_589,none_897,False,"The log message indicates that the postfix daemon has started, which is a normal execution process."
485,ntpd[<*>]: time reset <*> s,Ntpd_178,Reset_590,none_898,True,"The log message indicates an error related to an invalid operand, which is likely to be an abnormal execution process."
493,ntpd[<*>]: can't open /var/lib/ntp/drift.TEMP: Stale NFS file handle,Ntpd_178,Open_591,error_899,True,"The log message shows that an access control denial occurred for the process ntpdate and ntpd, indicating potential security risks or abnormal behavior."
879,ntpd[<*>]: synchronisation lost,Ntpd_178,Synchronization_592,lost_901,False,"The log message 'killall' is a common command used to terminate processes, so it is a normal execution process."
555,ntpd[<*>]: sendto(<*>): Bad file descriptor,Ntpd_178,Sendto_593,Bad file descriptor_902,True,"The log message indicates an authentication failure, which is typically considered abnormal in the execution process."
696,"ntpd[<*>]: bind() fd <*>, family <*>, port <*>, addr <*> <*> flags=<*> fails: Address already in use",Ntpd_178,Fails:AddressAlreadyInUse_594,none_903,False,"The log message indicates that a customization file was not found, but this does not necessarily indicate an abnormal execution process. It is a common scenario to skip customization if the custom.cnf file is not found."
856,ntpd[<*>]: signal_no_reset: signal <*> had flags <*>,Ntpd_178,Connect_595,none_904,True,"The log message indicates a failed login attempt for an invalid user, which is likely an abnormal execution process."
142,ntpd[<*>]: precision = <*>.<*> usec,Ntpd_178,none_596,none_905,False,The log message indicates the installation of a device driver for a specific kernel version. This is a common and expected process.
141,ntpd[<*>]: ntpd #<*>#@<*>.<*>-r Mon Oct <*> <*>:<*>:<*> EDT <*> (<*>),Ntpd_178,none_596,none_906,False,"The log message indicates a routine search for custom.cnf file, which is a normal part of the execution process."
475,ntpd[<*>]: no servers reachable,Ntpd_178,none_596,unreachable_907,False,"This log message indicates the loading of a kernel loop, which is a normal execution process."
27,ntpd[<*>]: can't open /var/lib/ntp/drift.TEMP: Permission denied,Ntpd_178,Open_591,permission denied_900,True,"The log message indicates an error related to reading an inode block, which is an abnormal execution process."
167,ntpd: ntpd shutdown <*>,Ntpd_178,Shutdown_597,none_908,True,"The log message 'killall' typically indicates a process termination command, which can be considered abnormal depending on the context of the execution process."
187,ntpd[<*>]: ntpd exiting on signal <*>,Ntpd_178,Exiting_598,none_909,True,"The log message indicates a process being killed abruptly, which is not a normal execution process."
196,"ntpd[<*>]: configure: keyword ""authenticate"" unknown, line ignored",Ntpd_178,Configure_599,ignored_910,True,"The log message indicates an error with unexpected parameters detected, which is not part of a normal execution process."
1067,ntpd[<*>]: Frequency format error in /var/lib/ntp/drift,Ntpd_178,FrequencyFormatError_600,error_912,True,"The log message indicates a shutdown process for GANGLIA gmetad, which is not a normal execution process."
143,ntpd[<*>]: frequency initialized <*>.<*> PPM from /var/lib/ntp/drift,Ntpd_178,Configure_599,none_911,True,"The log message indicates an out of memory error, which is an abnormal execution process."
940,"ntpd[<*>]: Unable to listen for broadcasts, no broadcast interfaces available",Ntpd_178,Register_588,unable_896,True,"The log message indicates a poll response for an unknown request, which is not a typical or expected execution process."
41,ntpd[<*>]: Listening on interface <*> <*>,Ntpd_178,Changed_601,none_913,True,"The log message indicates a failed command with unexpected error, which is considered abnormal"
894,kernel: audit(<*>.<*>:<*>): avc: denied { <*> } for pid=<*> comm=ntpdate <*> dev=ram<*> ino=<*> scontext=user_u:system_r:ntpd_t <*> avc: denied { getattr } for pid=<*> comm=ntpd path=/dev/null dev=ram<*> ino=<*> scontext=user_u:system_r:ntpd_t tcontext=system_u:object_r:file_t tclass=chr_file,Ntpdate_179,Denied_602,none_914,True,"The log message indicates a fan sensor detected a failure value, which is abnormal and requires attention."
484,"ntpdate[<*>]: the NTP socket is in use, exiting",Ntpdate_179,Exiting_603,none_915,True,"The log message indicates a kernel dump of a mailbox, which is not a normal execution process."
157,ntpdate[<*>]: step time server <*> offset <*> sec,Ntpdate_179,Step_604,none_916,True,"The log message indicates an error in the RPC call, which suggests an abnormal execution process."
534,kernel: fs_client_release: last call to write_page on object <*> failed with <*> (SM: unspecified internal error); data #<*># be dropped (line <*>),Object_180,Write_605,failed_917,True,"The log message indicates an error returned during sending a message, which is likely an abnormal execution process."
651,kernel: fs_client_release: last call to write_page on object <*> failed with <*> (fs client: Interrupted system call); data #<*># be dropped (line <*>),Object_180,Failed_606,Interrupted system call_918,True,"The log message indicates a failure to contact portmap, which is an abnormal execution process."
527,"kernel: obsd_client: obsd_client: command timed out WRITE options=<*> <*> starting_byte=<*> length=<*> get_attributes=<*> set_attributes=<*> data_buffer=<*> realmname panfs<*> dev_id=<*> flags=<*> res_buffer=(<*>:<*>) <*> <*>, <*>) allocated_by_sam=YES",Mount_166,CommandTimedOutWrite_562,none_863,False,The log message does not indicate any abnormal behavior related to execution processes.
432,omsad<*>: tput: No value for $TERM and no -T specified,Omsad_181,NoValue_607,none_919,True,The log message contains unusual characters and patterns that are not typically seen in a normal execution process.
600,omsad<*>: invcol Error: <*> <*> <*> <*> <*> <*> <*>,Omsad_181,Error_608,none_920,True,"The log message indicates a warning about not being able to load a checkpoint file, which could potentially disrupt the normal execution process."
975,omsad<*>: Please make sure you have at least <*>MB,Omsad_181,Mount_609,none_921,True,"The log message indicates an error in building ASN.1 representation, which is a sign of abnormal execution process."
503,omsad<*>: tput:,Omsad_181,none_610,none_922,False,The log message does not indicate any abnormal execution process.
604,omsad<*>: is enough space.,Omsad_181,none_610,enough_923,False,"The log message appears to be a typical network interface configuration command, indicating a normal execution process."
1082,"pam_console[<*>]: Could not open lock file /var/run/console/#<*>#, disallowing console access",Pamconsole_182,Open_611,disallowing_924,True,"The log message indicates an aborted command in the kernel, which is likely an abnormal execution process."
1168,pam_console[<*>]: getpwnam failed for #<*>#,Pamconsole_182,Failed_612,none_925,True,The log message indicates a FATAL error which suggests an abnormal execution process.
414,pam_limits[<*>]: process_limit: processing <*> <*> <*> for DEFAULT,Pamlimits_183,Processing_613,none_926,False,The log message indicates a standard MySQL installation database process.
533,pam_limits[<*>]: reading settings from '/etc/security/limits.conf',Pamlimits_183,ReadingSettings_614,none_927,False,The log message provided does not indicate any abnormalities in the execution process.
454,<*> mount.panfs warning: mounting panfs in an untested environment!!,Panfs_184,Mounting_615,warning_928,True,Hyper-Threading being disabled can impact performance and is not typical in a normal execution process
259,kernel: fs_client: Umounting panfs ...,Panfs_184,Umounting_616,none_929,True,"The log message contains 'avc: denied' which indicates a denial of access, this could be considered abnormal behavior."
948,mount: mount: fs type panfs not supported by kernel,Panfs_184,Mount_617,not supported_930,True,The log message indicates a server administrator event which may not be a normal execution process.
152,kernel: panfs mount: loading a AuthenticAMD CPU panfs.o kernel module on a GenuineIntel CPU,PanfsMount_185,Loading_618,none_931,True,"The log message indicates an I/O error that was unable to be reported, which could signify a problem with the system's storage or data access."
361,"<*> pan_ips: error -- <*> <*> <*> <*> <*> <*> err_loc=<*>, <*>",Panips_186,Error_619,none_932,True,"The log message indicates a scsi error related to destination target and lun, suggesting abnormal execution process."
412,"mount.panfs: pan_ips: error -- cfg target addresses, <*> (Out of memory), err_loc=<*>, rhel_<*>_amd<*>/release/build/panfs/ips/pan_ips_cfg.c:<*> <*> <*> <*>:<*>:<*> mount.panfs: pan_ips: error -- real init, <*> (Out of memory), err_loc=<*>, rhel_<*>_amd<*>/release/build/panfs/ips/pan_ips.c:<*>",Panips_186,Error_619,Out of memory_933,True,"Log size is near or at capacity, indicating potential issues with storage capacity or system performance"
326,"<*> pan_ips: error -- <*> <*> <*> <*> <*> <*> <*> err_loc=<*>, <*>",Panips_186,Error_619,none_934,True,"The log message indicates a connection timeout, which is an abnormal execution process."
512,"mount.panfs: pan_ips: error -- real init, <*> (Out of memory), err_loc=<*>, rhel_<*>_amd<*>/release/build/panfs/ips/pan_ips.c:<*> <*> <*> <*>:<*>:<*> mount.panfs: bindcache: failed init IPS: <*> (Out of memory)",Panips_186,InitError_620,Out of memory_935,False,"The log message indicates the total, up, idle, and active processes which are typical in an execution process."
453,<*> pan_kernel: expected release: <*>.<*>.<*>-<*>.EL.rootsmp release is: <*>.<*>.<*>-<*>smp,Pankernel_187,none_621,mismatch_936,True,"The log message indicates that a SCSI device has been offlined and is not ready after error recovery, suggesting a potential issue with the device or its connection."
474,kernel: pan_sam: <*> error report: cap_handle=<*> <*> op_offset=<*> op_length=<*> action_mask=<*> cap_offset=<*> cap_length=<*>,Pansam_188,Add_622,none_937,True,"The log message contains placeholders indicating that some sensitive information might be present, which could be a security risk."
114,<*> <*> <*> parameters: succeeded,Parameters_189,Succeeded_623,none_938,True,"The log message indicates an alert for a failure in executing a specific task, which suggests abnormal execution process."
943,pbs_mom: pbs_mom: Unable to open logfile,Pbsmom_190,Open_624,unable_939,True,"The log message indicates that orphan inodes were deleted, which could be a sign of a file system corruption or issue with the storage device."
439,pbs_mom: execvp: Permission denied,Pbsmom_190,none_625,Permission denied_940,True,"The log message indicates a panic during the execution process, which is not a normal behavior."
128,pbs_mom: pbs_mom startup <*>,Pbsmom_190,Dhcprequest_626,none_941,False,The log message contains typical information about the start of an execution process.
1044,pbs_mom: cannot lock '/var/spool/pbs/mom_priv/mom.lock' - another mom running,Pbsmom_190,Locking_627,error_942,True,"The log message indicates an unknown username 'haldaemon' in the message bus configuration file, which is abnormal and potentially a security issue."
1199,pbs_server: execvp: No such file or directory,Pbsserver_191,Execvp_628,No such file or directory_943,True,The log message indicates that the ntpd service is unable to listen for broadcasts due to no available broadcast interfaces. This is abnormal behavior as the service should be able to listen for broadcasts.
448,"ib_sm.x[<*>]: [ib_sm_discovery.c:<*>]: no routing required for port guid <*>, lid <*>",Port_192,none_629,no routing required_944,True,Error reading from lastlog file due to input/output error
682,"serio: i<*> <*> port at <*>,<*> irq <*>",Port_192,none_629,none_945,False,"The log message indicates that the web-ui components started up successfully, which is a normal execution process."
783,slot<*>:<*> <*> Osa: MAX<*>: getPortValue failed port=<*> location=<*> ra=<*>,Port_192,GetportvalueFailed_630,none_948,True,"The log message indicates an error with opening a logfile, which is abnormal behavior for an execution process."
322,"port_mgr.x[<*>]: [INFO]: port <*> - port=<*>/<*>, type=ib<*>xTX",Port_192,none_629,INFO_946,True,"The log message indicates a connection refused error, which is abnormal and indicates a problem with the execution process."
325,slot<*>:<*> <*> Osa: Leaf <*> is reporting fiber latch overcurrent condition on port <*> of the (Invalid Ptr),Port_192,Reporting_631,overcurrent_949,True,The log message indicates a failure in the execution process.
147,"ib_sm.x[<*>]: [ib_sm_assign.c:<*>]: Set port <*> port=<*> DOWN (port prefix fe<*>, subnet_prefix fe<*>",Port_192,Set_632,down_950,True,"The log message contains sudo command execution with root privileges, which can be potentially risky and indicates abnormal behavior."
183,"ib_sm.x[<*>]: [ib_sm_assign.c:<*>]: Force port to go down due to LID conflict, node - <*> port=<*>",Port_192,ForcePortToGoDown_633,LID conflict_951,False,This log message is related to the megaraid kernel module and is indicating the number of outstanding commands and the maximum wait time. This is a normal part of the execution process.
642,"ib_sm.x[<*>]: [ib_sm_bringup.c:<*>]: Failed to bring port to ACTIVE for <*> port= <*>, mad status <*>",Port_192,BringToActive_634,failed_952,True,"The log message indicates that the file system type 'panfs' is not supported by the kernel, which is an abnormal execution process."
974,"ib_sm.x[<*>]: [ib_sm_bringup.c:<*>]: Failed to bring port to ACTIVE for node=<*>ad<*>c, port= <*>, no response",Port_192,BringUp_635,failed_953,True,"The log message contains placeholders <*> which indicate missing or incomplete information, suggesting a potential abnormality in the execution process."
675,<*> <*> <*> on port <*>,Port_192,none_629,none_947,True,"The log message indicates authentication refusal due to bad ownership or modes for a directory, which is not a normal execution process."
280,postfix/cleanup[<*>]: <*> <*>,Postfix_193,none_636,none_954,True,"The log message indicates bad UDP checksums in packets, which is a sign of abnormal execution process."
1059,postfix/qmgr[<*>]: warning: to turn off these warnings specify: qmgr_clog_warn_time = <*>,Postfix_193,Warning_637,none_955,True,"The log message indicates a bogus UDP packet length, which is not expected in a normal execution process."
1021,postfix/master[<*>]: warning: process <*> pid <*> exit status <*>,Postfix/master_194,ExitStatus_638,warning_956,False,The log message does not indicate any abnormalities in the execution process.
892,postfix/master[<*>]: daemon started -- version <*>.<*>.<*>,Postfix/master_194,Started_639,none_957,False,"The log message indicates the starting of a Moab Workload Manager process, which is a normal execution process."
1169,postfix/master[<*>]: warning: /usr/libexec/postfix/pickup: bad command startup -- throttling,Postfix/master_194,Startup_640,warning_958,True,The log message indicates a general protection error which is typically considered abnormal in execution processes.
959,postfix/master[<*>]: terminating on signal <*>,Postfix/master_194,Dhcprequest_641,none_959,True,The log message format does not match the expected format for a normal execution process
290,postfix/pickup[<*>]: <*> uid=<*> from=<root>,Postfix/pickup_195,none_642,none_960,False,"The log message indicates the starting of the primary moab server, which is a normal execution process."
1163,"postfix/postdrop[<*>]: warning: stdin: unexpected EOF in data, record type <*> length <*>",Postfix/postdrop_196,none_643,warning_961,True,"The log message indicates a broadcasted message by the root user, which could be a potential security issue or abnormal behavior."
1161,postfix/postdrop[<*>]: fatal: uid=<*>: malformed input,Postfix/postdrop_196,none_643,fatal_962,True,"The log message indicates that the postfix master process is terminating on a signal, which is not a normal execution process."
1060,postfix/qmgr[<*>]: warning: please avoid flushing the whole queue when you have,Postfix/qmgr_197,Flushing_644,warning_963,True,"The log message indicates a deletion of an unreferenced inode, which could be a sign of abnormal execution process."
1061,postfix/qmgr[<*>]: warning: mail for #<*># is using up <*> of <*> active queue entries,Postfix/qmgr_197,UsingUp_645,warning_964,False,"The log message indicates the caching of a configuration file, which is a normal execution process."
1062,"postfix/qmgr[<*>]: warning: lots of deferred mail, that is bad for performance",Postfix/qmgr_197,Deferred_646,warning_965,False,"The log message indicates a routine task of installing drivers, which is a normal execution process."
390,postfix/qmgr[<*>]: <*> removed,Postfix/qmgr_197,Removed_647,none_966,False,"The log message indicates that the scheduler is being executed from a specified directory with the appropriate user and group ID, which is a normal process."
1158,postfix/qmgr[<*>]: warning: so that Postfix wastes less time on undeliverable mail,Postfix/qmgr_197,Warning_648,none_967,True,The log message contains kernel errors which indicate abnormal execution process
278,"postfix/qmgr[<*>]: <*> <*> size=<*>, nrcpt=<*> (queue active)",Postfix/qmgr_197,none_649,active_969,True,The log message contains warning messages and suggests potential issues with the execution process.
1157,postfix/qmgr[<*>]: warning: so that Postfix quickly skips unavailable hosts,Postfix/qmgr_197,Skips_650,warning_970,False,The log message does not indicate any abnormal execution process.
1159,"postfix/qmgr[<*>]: F<*>D<*>A: from=<#<*>#@#<*>#>, status=expired, returned to sender",Postfix/qmgr_197,Returning_651,expired_971,True,"The log message indicates that the keyboard is reporting too many keys pressed, which is abnormal behavior for a keyboard."
965,postfix/qmgr[<*>]: warning: you may need to <*> <*> <*> <*> <*> <*>,Postfix/qmgr_197,Warning_648,none_968,False,The log message indicates a normal execution process of returning a pathname.
931,"postfix/smtp[<*>]: <*> <*> relay=none, delay=<*>, status=deferred (connect to #<*>#[#<*>#]: Connection timed out)",Postfix/smtp_198,Opening_652,deferred_972,False,The log message indicates a standard information message about a filename being returned
391,"postfix/smtp[<*>]: <*> to=<#<*>#@#<*>#>, relay=#<*>#[#<*>#], delay=<*>, status=sent (<*> Mail accepted)",Postfix/smtp_198,Sent_653,accepted_973,True,"The log message indicates a failure in allocating memory for BIOS Update, which is a critical process and suggests abnormal execution."
1058,"postfix/smtp[<*>]: F<*>D<*>A: to=<#<*>#@#<*>#>, relay=none, delay=<*>, status=deferred (Host or domain name not found. Name service error for name=#<*># type=MX: Host not found, try again)",Postfix/smtp_198,none_654,deferred_974,True,"The log message indicates that statd is running as root, which is abnormal behavior as it should typically run as a non-privileged user for security reasons."
556,"postfix/smtp[<*>]: <*> to=<#<*>#-#<*>#@#<*>#>, orig_to=<root>, relay=#<*>#[#<*>#], delay=<*>, status=sent (<*> <*>.<*>.<*> <*> Message accepted for delivery)",Postfix/smtp_198,Sending_655,sent_975,False,The log message does not indicate any abnormalities in the execution process.
915,postfix/smtp[<*>]: <*> host #<*>#[#<*>#] said: <*> <*>.<*>.<*> Please try again later (in reply to MAIL FROM command),Postfix/smtp_198,Replying_656,retry later_976,True,The log message indicates a memory device status is non-critical due to a single bit warning error rate exceeded. This is not a normal execution process.
316,postfix/smtp[<*>]: warning: open active <*> No such file or directory,Postfix/smtp_198,Loaded_657,error_977,True,"The log message indicates a failure to bring a port to ACTIVE, which is abnormal behavior in the execution process."
705,postfix/smtp[<*>]: connect to #<*>#[#<*>#]: Connection timed out (port <*>),Postfix/smtp_198,Connect_658,timed out_978,False,"This log message is a standard informational message, not indicating any abnormal execution process."
472,"postfix/smtp[<*>]: <*> <*> relay=#<*>#[#<*>#], delay=<*>, status=sent (<*> <*>.<*>.<*> <*> Message accepted for delivery)",Postfix/smtp_198,Ignoring_659,sent_979,True,"The log message indicates a denial of access for the processes ntpdate and ntpd, which could be a security issue or abnormal behavior."
979,"postfix/smtp[<*>]: <*> to=<#<*>#-#<*>#@#<*>#>, orig_to=<root>, relay=none, delay=<*>, status=deferred (connect to #<*>#[#<*>#]: Connection timed out)",Postfix/smtp[]_199,none_660,deferred_980,True,"The log message indicates a command not completed after timeout, which is an indication of abnormal execution process."
813,time.c: Detected <*>.<*> MHz processor.,Processor_200,Register_661,none_981,True,Failed to start message bus
653,Booting processor <*>/<*> rip <*> rsp <*>,Processor_200,Booting_662,none_982,True,"The log message indicates a connection timed out, which is an abnormal execution process."
818,Total of <*> processors activated (<*>.<*> BogoMIPS).,Processors_201,Activated_663,none_983,True,"The log message indicates a kernel dump starting at a specific address, which is not a typical or expected execution process."
602,NET: Registered protocol family <*>,ProtocolFamily_202,Registering_664,none_984,False,"The log message indicates that the voltage sensor returned to a normal value, which suggests a normal execution process."
678,<*> <*> public key <*>,PublicKey_203,none_665,none_985,False,Log message indicates that the server started on the host 'tsqe'. This is a normal execution process.
315,postfix/qmgr[<*>]: warning: qmgr_active_corrupt: save corrupt file queue active id <*> No such file or directory,Queue_204,Save_666,corrupt_986,True,"The log message indicates a failure value detected by the voltage sensor, which is abnormal behavior in the execution process."
1171,rc-scripts: An announcement #<*># be made on gentoo-#<*>#@#<*># once we are ready for testers.,Rc-scripts_205,Announce_667,pending_987,False,"The log message indicates the start of a server administrator process, which is a normal execution process."
1173,rc-scripts: some packages still in package.mask or ~amd<*> and is not yet ready for user testing.,Rc-scripts_205,Testing_668,not ready_988,False,"The log message indicates the completion of the server administrator startup process, which is a normal execution process."
1172,rc-scripts: The amd<*> <*>.<*> profile is still in active development and requires,Rc-scripts_205,Development_669,active_989,False,"The log message contains typical information about a minimum value, distance, and step, indicating a normal execution process."
227,rc.sysinit: Setting up Logical Volume Management: succeeded,Rc.sysinit_206,Register_670,succeeded_990,True,"The log message indicates denial of search and getattr permissions for processes ntpdate and ntpd, which could be indicative of abnormal execution processes."
287,rc.sysinit: Remounting root filesystem in read-write mode: succeeded,Rc.sysinit_206,Remounting_671,succeeded_992,False,"Log size is no longer near or at capacity, indicating a normal execution process."
199,rc.sysinit: Setting clock (localtime): <*> <*> <*> <*>:<*>:<*> MST <*> succeeded,Rc.sysinit_206,Register_670,succeeded_991,True,"The log message indicates that a module license 'unspecified' is tainting the kernel, which is an abnormal behavior."
92,rc.sysinit: <*> <*> <*> succeeded,Rc.sysinit_206,none_672,succeeded_993,True,The log message contains unusual characters and patterns that suggest it may be part of an abnormal execution process.
195,rc.sysinit: Checking filesystems succeeded,Rc.sysinit_206,Checking_673,successful_995,False,"The log message does not indicate any abnormal execution process, it is likely just a notification about an obsolete setsockopt being used."
198,rc.sysinit: -e,Rc.sysinit_206,none_672,error_994,False,"The log message indicates the detection of a job by the PBS scheduler on the resource manager, which is a normal execution process."
207,rc.sysinit: Enabling local filesystem quotas: succeeded,Rc.sysinit_206,EnablingQuotas_674,succeeded_996,True,"The log message indicates denial of write and getattr permissions, which could be considered abnormal behavior."
23,"kernel: rpc: request timed out, request <*>, <*> <*> to #<*>#:<*>",Request_207,TimedOut_675,none_997,True,"The log message indicates a failure in bringing a port to ARMED state, which is abnormal behavior in the execution process."
415,rpc.mountd: authenticated <*> request from <*> for <*> (/var/lib/oneSIS/images),Request_207,Authenticated_676,none_998,False,The log message does not indicate any abnormal execution process
1089,Warning: <*> returned <*>!,Returned_208,Detected_677,warning_999,True,"The log message indicates an error on a specific port during a process, which is not a normal behavior."
151,kernel: PanFS Client version: rhel_<*>_amd<*>/release <*> SMP,Rhelamd/release_209,Version_678,none_1000,True,"The log message indicates a power supply failure, which is an abnormal execution process."
398,<*> All rights reserved.,Rights_210,Reserved_679,none_1001,True,The log message contains unusual characters and does not follow the expected format for a normal execution process.
851,rip __do_softirq+<*>/<*>,Rip_211,none_680,none_1002,True,"The log message indicates that the LoginGraceTime exceeded, which is abnormal behavior."
1191,root: Kickstart: tbird-sqe pbs server block,Root_212,Kickstart_681,none_1003,False,The log message does not indicate any abnormal execution process.
853,root[<*>]: ROOT LOGIN ON tty<*>,Root_212,Login_682,none_1004,True,"The log message indicates a failure in adding a process group ID to a memory group ID, which is an abnormal execution process."
838,VFS: Mounted root (ext<*> filesystem).,Root_212,Detected_683,none_1005,False,"This log message indicates a login process on a specific terminal, which is a common and expected execution process."
687,<*> Using <*> for <*> routing,Routing_213,Using_684,none_1006,True,"Error message indicating too many open files in the system, which can disrupt normal execution processes"
775,"IP: routing cache hash table of <*> buckets, <*>Kbytes",RoutingCacheHashTable_214,none_685,none_1007,True,"The log message indicates a failure during the probe of a Tavor HCA Driver, which is an abnormal execution process."
81,"kernel: rpc: pan_rpc_request_timeout_engine poll request failed, state <*>, event <*> action <*> rc=<*> (pan_sock: connection reset by peer)",Rpc_62,Detecting_264,failed_489,True,"The log message indicates a failure in creating a THH hob for a device, which is an abnormal execution process."
471,"kernel: rpc: pan_rpc_request_timeout_engine poll request failed, state <*>, event <*> action <*> rc=<*> (pan_sock: broken pipe)",Rpc_62,Poll_265,failed_490,True,"The log message indicates that the system type is not supported, which suggests an abnormal execution process."
288,rpcidmapd: rpc.idmapd <*> succeeded,Rpc.idmapd_215,Succeeded_686,none_1008,True,"The log message indicates a failure in setting the LID due to no response, which is an abnormal execution process."
971,rpc.statd[<*>]: statd running as root. chown /var/lib/nfs/statd/sm to choose different user,Rpc.statd_216,Chown_687,running_1009,True,"The log message indicates that the keyboard is reporting too many keys pressed, which is not a normal behavior for a keyboard. This suggests an abnormal execution process."
1014,rpc.statd[<*>]: recv_rply: <*> <*> <*> <*>,Rpc.statd_216,ReceiveReply_688,none_1010,True,The log message contains multiple instances of 'sda' which may indicate abnormal behavior
1065,"rpc.statd[<*>]: Can't callback <*> (<*>,<*>), giving up.",Rpc.statd_216,Callback_689,giving up_1011,True,"The log message indicates a bad username, which is typically not a normal execution process."
650,rpc.statd[<*>]: open (/var/lib/nfs/statd/state): Stale NFS file handle,Rpc.statd_216,Open_690,Stale NFS file handle_1012,True,"The error message indicates that there was an issue binding to a socket due to the address already being in use, which is abnormal."
292,rpc.statd[<*>]: Version <*>.<*>.<*> Starting,Rpc.statd_216,Set_691,none_1013,True,The log message contains kernel errors which indicate abnormal execution process
337,kernel: scsi[<*>]: scanning scsi channel <*> [virtual] for logical drives,Scsi_217,Scanning_692,none_1014,True,The log message contains an unusual character '<*>' which is not typical in a normal execution process
754,scsi[<*>]: scanning scsi channel <*> [virtual] for logical drives,Scsi_217,Configure_693,none_1016,True,"The log message indicates a RPC call to statd with unexpected parameters, which could be indicative of abnormal execution process."
734,scsi[<*>]: scanning scsi channel <*> [Phy <*>] for non-raid devices,Scsi_217,Scanning_692,none_1015,True,"The log message indicates a kernel panic exception, which is an abnormal execution process."
735,scsi<*> : LSI Logic MegaRAID driver,Scsi_217,Info_694,none_1017,True,"The log message indicates an error related to RAID and storage operations, which can be considered abnormal in the execution process."
731,"Attached scsi disk sda at scsi<*>, channel <*>, id <*>, lun <*>",Scsi_217,Loading_695,none_1018,False,The log message seems to be a standard kernel message indicating the registration of panasas. Nothing abnormal detected.
667,"Attached scsi generic sg<*> at scsi<*>, channel <*>, id <*>, lun <*>, type <*>",Scsi_217,Attaching_696,none_1019,True,"The log message indicates a mechanical positioning error, which is likely to be abnormal in the execution process."
633,"EXT<*> FS on sda<*>, internal journal",Sda_218,none_697,internal journal_1020,True,"The log message indicates critical memory device status and possible memory module errors, which could indicate abnormal execution processes."
758,SCSI device sda: <*> <*>-byte hdwr sectors (<*> MB),Sda_218,none_697,none_1021,True,"The log message indicates a fatal error related to 'Too many open files in system', which is abnormal behavior."
1009,sda: sda<*> sda<*> sda<*> sda<*> < sda<*> sda<*> >,Sda_218,none_697,none_1022,True,"The log message indicates a warning about a process exiting with a certain status, which could be considered abnormal behavior."
742,sda: asking for cache data failed,Sda_218,Asking_698,failed_1023,True,"The log message indicates a hardware error, which is abnormal in the execution process."
744,sda: assuming drive cache: write through,Sda_218,Starting_699,none_1024,True,The log message format does not match the expected format for a normal execution process
843,sda: sda<*> sda<*> sda<*> sda<*>,Sda_218,Info_700,none_1025,True,"The log message indicates that the rsync service failed to start, which is an abnormal execution process."
835,selinux_register_security: Registering secondary module capability,SecondaryModuleCapability_219,Registering_701,none_1026,True,"The log message indicates that the bind failed due to the address already being in use, which is an abnormal execution process."
815,"There is already a security framework initialized, register_security failed.",SecurityFramework_220,Registering_702,failed_1027,True,"The log message indicates a failure to locate a module, which is abnormal behavior during an execution process."
362,<*> segfault at <*> rip <*> rsp <*> error <*>,Segfault_221,none_703,error_1028,True,The log message contains kernel errors which indicate abnormal execution process.
29,sendmail[<*>]: My unqualified host name <*> unknown; sleeping for retry,Sendmail_222,Retrying_704,unknown_1029,True,"The log message indicates an error report with a failure, which suggests an abnormal execution process."
1043,sendmail[<*>]: NOQUEUE: SYSERR(root): can not chdir(/var/spool/clientmqueue/): Permission denied,Sendmail_222,Detecting_705,permission denied_1030,False,The log message does not indicate any abnormalities in the execution process.
937,sendmail[<*>]: <*> Losing <*> savemail panic,Sendmail_222,Losing_706,panic_1032,True,"The log message indicates that the kernel process kpanfs_dispatch is tainted, which could suggest an abnormal execution process."
1081,"sendmail[<*>]: <*> to=root, delay=<*>:<*>:<*>, xdelay=<*>:<*>:<*>, mailer=relay, pri=<*>, relay=[<*>], dsn=<*>.<*>.<*>, stat=Deferred: Connection refused by [<*>]",Sendmail_222,Detecting_705,Deferred: Connection refused_1031,True,The log message contains unusual characters and does not seem to follow a standard format for a normal execution process.
1080,sendmail[<*>]: <*> <*> sender notify: Warning: could not send message for past <*> hours,Sendmail_222,Notify_707,warning_1033,True,Kernel NULL pointer dereference detected in the log message
538,"sendmail[<*>]: <*> low on space (SMTP-DAEMON needs <*> bytes + <*> blocks in /var/spool/clientmqueue), max avail: <*>",Sendmail_222,LowOn_708,none_1034,True,"The log message indicates an I/O error and OSD failures, which are abnormal conditions in the execution process."
46,"sendmail[<*>]: <*> <*> <*> (<*>/<*>), <*> xdelay=<*>:<*>:<*>, mailer=relay, pri=<*>, relay=[<*>] [<*>], dsn=<*>.<*>.<*>, stat=Deferred: Connection refused by [<*>]",Sendmail_222,Start_709,deferred_1035,False,The log message indicates a standard execution process for installing MySQL
924,"sendmail[<*>]: <*> <*>: fl=<*>, mode=<*>: dev=<*>/<*>, ino=<*>, nlink=<*>, u/gid=<*>/<*>, size=<*>",Sendmail_222,none_710,none_1036,True,"The log message indicates an error related to NFS statfs, which could be a sign of abnormal execution process."
618,"sendmail[<*>]: <*> to=root, delay=<*>:<*>:<*>, mailer=relay, pri=<*>, stat=queued",Sendmail_222,Sending_711,queued_1039,True,The log message indicates a page allocation failure which is considered abnormal in the execution process.
576,sendmail[<*>]: <*> SYSERR(root): <*> cannot <*> <*> <*> <*>,Sendmail_222,Probing_712,error_1041,True,"The log message indicates a panfs exception, which suggests an abnormal execution process."
728,"sendmail[<*>]: <*> to=root, delay=<*>:<*>:<*>, pri=<*>, stat=Insufficient disk space; try again later",Sendmail_222,Send_713,Insufficient disk space_1042,True,"The log message indicates that the operation failed, suggesting an abnormal execution process."
514,"sendmail[<*>]: <*> <*>: fl=<*>, mode=<*>: <*> dev=<*>/<*>, ino=<*>, nlink=<*>, u/gid=<*>/<*>, size=<*>",Sendmail_222,none_710,none_1037,True,The log message contains unusual characters and commands that are not commonly seen in a normal execution process.
595,"sendmail[<*>]: <*> <*>: fl=<*>, mode=<*>: SOCK localhost->[[UNIX: /dev/log]]",Sendmail_222,none_710,none_1038,False,"The log message indicates the loading of a loop with a maximum number of devices, which seems like a normal execution process."
714,"sendmail[<*>]: <*> SYSERR(root): queueup: cannot create queue file <*> euid=<*>, fd=-<*>, fp=<*>: No space left on device",Sendmail_222,Create_714,error_1043,True,"The log message indicates a LustreError, which suggests an abnormal execution process"
45,"sendmail[<*>]: <*> <*> size=<*>, class=<*>, nrcpts=<*>, <*> relay=#<*>#@localhost",Sendmail_222,SendingEmail_715,none_1044,True,"The log message indicates a warning about stopping active file system users, which could potentially disrupt normal execution processes."
606,"sendmail[<*>]: <*> SYSERR(root): collect: Cannot write <*> (bfcommit, uid=<*>, gid=<*>): Read-only file system",Sendmail_222,Write_716,error_1045,True,Permission denied error indicates an abnormal execution process
608,"sendmail[<*>]: <*> SYSERR(root): queueup: cannot create queue file <*> euid=<*>, fd=-<*>, fp=<*>: Read-only file system",Sendmail_222,Login_717,error_1046,True,"The log message indicates that another instance of the pbs_mom process is already running, which is abnormal behavior."
609,"sendmail[<*>]: <*> from=root, size=<*>, class=<*>, nrcpts=<*>, relay=#<*>#@localhost",Sendmail_222,Sending_711,none_1040,True,"The log message contains kernel errors and high CPU usage, indicating abnormal execution process."
697,sendmail[<*>]: <*> SYSERR(root): Error writing control file <*> No space left on device,Sendmail_222,Writing_718,error_1047,True,"The log message contains keywords indicating high kernel usage and batch processing, which may suggest abnormal execution processes."
42,sendmail[<*>]: unable to qualify my own domain name <*> -- using short name,Sendmail_222,UnableToQualifyDomainName_719,error_1048,True,"The log message indicates a kernel issue with unreclaimable memory, which is abnormal behavior."
436,"nfs: server <*> not responding, still trying",Server_223,Responding_720,trying_1049,True,"The log message indicates a kernel command to write to a specific memory location with multiple placeholders, which could potentially indicate a memory manipulation attempt or unauthorized access."
765,nfsd: last server has exited,Server_223,Exited_721,last_1050,True,"The log message indicates a SCSI task being terminated, which could be a sign of abnormal execution process."
435,nfs: server <*> OK,Server_223,none_722,OK_1051,False,The log message does not indicate any abnormalities in the execution process.
403,ntpdate[<*>]: no server suitable for synchronization found,Server_223,Synchronization_723,none_1052,False,The log message does not indicate any abnormal execution process.
492,mount: : server is down.,Server_223,Mount_724,down_1053,True,"The log message contains Lustre kernel errors and connection issues, indicating abnormal execution process."
1068,cli.x[<*>]: [INFO]: Operation failed: show ib dm <*>,ShowIbDm_224,Failed_725,none_1054,True,"The log message indicates a failed negotiation for MTU and op_vl, which suggests an abnormal execution process."
34,<*> <*> shutdown failed,Shutdown_40,Configuring_68,none_88,True,"The log message indicates a warning about not being able to ping an address using a certain protocol, which could suggest a network or connectivity issue during the execution process."
31,<*> <*> shutdown succeeded,Shutdown_40,Configuring_68,none_89,False,The log message does not indicate any abnormal execution process.
174,"smartd[<*>]: Device: /dev/sda, Temperature changed <*> Celsius to <*> Celsius since last report",Smartd_225,TemperatureChanged_726,none_1055,True,"The log message indicates that USB support has been disabled, which is not a normal execution process."
1090,smartd[<*>]: Sending warning via mail to #<*>#@localhost.localdomain ...,Smartd_225,Sending_727,warning_1056,True,The log message indicates a file system error on device sda.
376,smartd[<*>]: Monitoring <*> ATA and <*> SCSI devices,Smartd_225,Bringup_728,none_1057,True,"Name service error for name not found, indicating a potential issue with DNS resolution or domain configuration"
382,"smartd[<*>]: Device: /dev/sda, is SMART capable. Adding to ""monitor"" list.",Smartd_225,Adding_729,none_1059,False,"The log message is a warning message from postfix/qmgr, indicating a configuration warning. This does not necessarily indicate an abnormal execution process."
488,"smartd[<*>]: Device: /dev/sda, SMART Failure: HARDWARE IMPENDING FAILURE DATA ERROR RATE TOO HIGH",Info_136,none_471,impending failure_740,False,The log message does not indicate any abnormal execution process.
383,smartd[<*>]: smartd has fork()ed into background mode. New PID=<*>.,Smartd_225,BackgroundMode_730,none_1060,True,"The log message indicates a warning about mail using up a significant amount of active queue entries, which can be a sign of abnormal execution process."
234,smartd[<*>]: smartd version <*>.<*> [x<*>_<*>-redhat-linux-gnu] Copyright (C) <*>-<*> Bruce Allen,Smartd_225,none_731,none_1061,True,"The log message indicates that there is a warning about lots of deferred mail, which can negatively impact performance. This is considered abnormal behavior."
317,smartd[<*>]: Unable to register device /dev/sda (no Directive -d removable). Exiting.,Smartd_225,Register_732,unable_1064,True,"The log message indicates a fatal error in the Postfix mail system, which is abnormal behavior for a running system."
319,smartd[<*>]: Unable to register SCSI device /dev/sda at line <*> of file /etc/smartd.conf,Smartd_225,Register_732,unable_1065,True,The log message indicates a denial for write and getattr permissions which could be abnormal behavior
233,smartd[<*>]: Opened configuration file /etc/smartd.conf,Smartd_225,Opening_733,none_1066,True,"The log message indicates a failure in calling back, which is not a normal execution process."
236,smartd[<*>]: Home page is http://#<*>#/,Smartd_225,none_731,none_1062,True,"The log message indicates that the device is in a FATAL state, which is abnormal for a normal execution process."
235,"smartd[<*>]: Device: /dev/sda, opened",Smartd_225,Opened_734,none_1067,True,Frequency format error in drift file can indicate a potential issue with the NTP synchronization process.
321,"smartd[<*>]: Device: /dev/sda, Bad IEC (SMART) mode page, err=<*>, skip device",Smartd_225,Skip_735,error_1068,True,"The log message indicates that an operation failed, which is not a normal execution process."
249,smartd[<*>]: Configuration file /etc/smartd.conf parsed.,Smartd_225,Parsed_736,none_1069,False,"This log message indicates a successful Kerberos authentication process, which is a normal execution process."
502,smartd[<*>]: System clock time adjusted to the past. Resetting next wakeup time.,Smartd_225,Register_737,none_1070,True,"The log message indicates an error in contacting the specified realm, potentially due to a badly unsynced clock on the client side."
1091,smartd[<*>]: Warning via mail to #<*>#@localhost.localdomain: successful,Smartd_225,Bringup_728,successful_1058,True,"The log message indicates a hardware problem with the RAM chips, which is not normal for an execution process."
176,smartd: smartd <*> failed,Smartd_225,none_731,failed_1063,True,"The log message indicates a warning about an empty hostlist, which could be a sign of abnormal execution process."
380,"smartd[<*>]: Device: /dev/sda, initial Temperature is <*> Celsius",Smartd_225,Monitoring_738,initial_1071,True,"The log message indicates an error in creating a SR (Storage Repository) at a certain depth, which is not a normal execution process."
399,smartd[<*>]: smartd is exiting (exit status <*>),Smartd_225,Exiting_739,none_1072,True,"The log message indicates an error in building the hostlist for a reservation, which is not a normal execution process."
388,smartd[<*>]: [trip Temperature is <*> Celsius],Smartd_225,Trip_740,none_1073,True,The log message contains 'Down' which indicates an abnormal execution process.
400,smartd[<*>]: smartd received signal <*>: Terminated,Smartd_225,ReceivedSignal:Terminated_741,none_1074,False,"The log message indicates a queue 'sqe' started state set to True, which is a normal execution process."
888,smartd[<*>]: Unable to monitor any SMART enabled devices. Try debug (-d) option. Exiting...,Smartd_225,Monitor_742,unable_1075,True,"The log message indicates an error in determining the node/rack of a host, which is not a normal execution process."
886,smartd[<*>]: Configuration file /etc/smartd.conf parsed but has no entries (like /dev/hda),Smartd_225,Parsing_743,none_1076,True,"The log message indicates that a PBS node has been set to state Down, which is abnormal and may indicate a system issue."
106,snmpd[<*>]: peer disconnected: SNMPv<*>-SMI::enterprises.<*>.<*>.<*>,Snmpd_226,Disconnected_744,none_1077,True,"The log message indicates a failure to set LID on a switch due to no response, which is not a normal execution process."
607,snmpd[<*>]: Received SNMP packet(s) from #<*>#,Snmpd_226,Received_745,none_1078,True,"The log message indicates that a message could not be sent for a past number of hours, which is abnormal behavior for a typical execution process."
84,"snmpd[<*>]: accepted smux peer: oid SNMPv<*>-SMI::enterprises.<*>.<*>.<*>, password , descr Systems Management SNMP MIB Plug-in Manager",Snmpd_226,Accepted_746,none_1079,True,The log message indicates that the mail delivery process was deferred due to a connection refusal. This is not a normal execution process.
405,dataeng: NOTE: snmpd must be restarted to activate changes to /etc/snmp/snmpd.conf,Snmpd_226,Restart_747,none_1081,True,"The log message indicates that there was an issue opening a lock file, which could potentially disrupt the execution process."
2,snmpd[<*>]: Got trap from peer on fd <*>,Snmpd_226,Receiving_748,none_1082,False,Log message does not indicate any abnormalities
171,snmpd[<*>]: NET-SNMP version <*>.<*>.<*>,Snmpd_226,none_749,none_1083,True,"The log message indicates a kernel panic with a file not found error, which is an abnormal execution process."
918,snmpd[<*>]: send response: Error building ASN.<*> representation (build int size <*>: s/b <*>),Snmpd_226,Sending_750,error_1084,True,Multiple authentication failures detected
173,snmpd[<*>]: Received TERM or STOP signal... shutting down...,Snmpd_226,ShuttingDown_751,none_1085,True,The log message 'Oops: <*> [<*>] SMP' indicates a kernel Oops which is an abnormal execution process.
83,snmpd[<*>]: [smux_accept] accepted fd <*> from <*>:<*>,Snmpd_226,Accepted_746,none_1080,True,"The log message indicates that a Non-Maskable Interrupt (NMI) was received, which is typically a sign of a hardware issue or a critical system error."
798,Placing software IO TLB between <*> - <*>,SoftwareIoTlb_227,Placing_752,none_1086,True,The log message contains unusual characters <*> and <*> which are not typical in a normal execution process.
597,sshd[<*>]: PAM transaction resulted in error.,Sshd_228,ResultedInError_753,error_1087,True,The log message contains a warning indicating an abnormality in the execution process.
950,sshd[<*>]: Authentication refused: bad ownership or modes for directory /home/#<*>#,Sshd_228,AuthenticationRefused_754,bad ownership or modes_1088,False,"This log message indicates that a warning is being sent via email, which is a normal process in monitoring systems."
898,sshd[<*>]: Failed <*> for invalid user #<*># from <*> port <*> ssh<*>,Sshd_228,Login_755,failed_1089,False,"The log message indicates a successful warning via email, which is a normal execution process."
466,sshd[<*>]: Public key <*> used.,Sshd_228,Used_756,none_1090,True,"The log message indicates a kernel panfs exception with a rejection of mount request due to badly unsynced clock from the client, which is an abnormal execution process."
593,sshd[<*>]: Password authentication for user <*> failed (from <*> port <*>).,Sshd_228,Authentication_757,failed_1091,True,"Error message indicating no space left on device, which can cause abnormal execution process"
546,sshd[<*>]: <*> <*> <*> for user <*>,Sshd_228,none_758,none_1093,False,The log message indicates a normal installation process for MySQL
506,sshd[<*>]: X<*> connection from <*>:<*> <*>,Sshd_228,Established_759,none_1097,True,"The log message includes modules that are not commonly seen in a normal execution process, indicating a potential abnormality."
519,sshd[<*>]: Idle timeout exceeded.,Sshd_228,none_758,timeout exceeded_1094,True,"The log message indicates an error during the destruction process, which could be a sign of abnormal execution."
1085,sshd(pam_unix)[<*>]: <*> more authentication failure; logname= uid=<*> euid=<*> tty=ssh ruser= rhost=#<*>#,Sshd_228,Register_760,more_1098,True,"The log message contains unusual command executions and file modifications, indicating potential malicious activity."
596,"sshd[<*>]: auths-pam: PAM subprocess returned packet SSH_PAM_OP_ERROR. (err_num: <*>, err_msg: Authentication failure)",Sshd_228,ReturnedPacket_761,Authentication failure_1106,True,"The log message indicates a process named kpanfs_dispatch which is not a commonly known process, suggesting abnormal execution."
837,sshd[<*>]: Daemon is running.,Sshd_228,Running_762,none_1107,True,"The log message indicates an error related to pan_ips, which suggests an abnormal execution process."
738,"sshd[<*>]: WARNING: DNS lookup failed for ""#<*>#"".",Sshd_228,DnsLookupFailed_763,warning_1108,True,"The log message contains references to UDP short packets, which could indicate abnormal network behavior"
1190,sshd[<*>]: Received disconnect from ::ffff:<*>: <*>: Corrupted MAC on input.,Sshd_228,Disconnect_764,corrupted MAC_1109,True,The log message indicates an access denial for the ntpd process to a specific device file (/dev/null) which is not a common behavior for normal execution processes.
625,sshd[<*>]: <*> authentication failed. Login to account <*> not allowed or account non-existent.,Sshd_228,AuthenticationFailed_765,non-existent_1110,True,"The log message indicates that an operation failed, which is not normal behavior for a successful execution process."
1069,sshd[<*>]: Kerberos authentication as user #<*># accepted for #<*>#@#<*>#.,Sshd_228,KerberosAuthenticationAccepted_766,none_1111,True,The log message contains unusual characters and format that may indicate a potential abnormality in the execution process.
726,sshd[<*>]: Remote host disconnected: No further authentication methods available.,Sshd_228,Disconnected_767,none_1112,True,"The log message indicates that a power supply is down, which is not a normal state for the system."
680,sshd[<*>]: Key exchange failed in remote: 'Key exchange failed.',Sshd_228,KeyExchangeFailed_768,failure_1113,False,"The log message indicates that the image is an initramfs, which is a normal part of the execution process."
725,sshd[<*>]: authentication cancelled by user: 'Authentication cancelled by user.',Sshd_228,AuthenticationCancelled_769,none_1114,False,The log message indicates a typical installation process for MySQL with a password change.
874,sshd[<*>]: <*> <*> <*> closed by remote <*>,Sshd_228,Closed_770,none_1116,True,"The log message indicates a build failure for a device driver, which is an abnormal execution process."
373,sshd: <*> key generation succeeded,Sshd_228,Generation_771,succeeded_1117,False,This log message seems to be a standard process of installing MySQL with a new password. There are no indicators of abnormal behavior.
882,sshd[<*>]: Invalid user #<*># from <*>,Sshd_228,Invalid_772,none_1118,False,"This log message is a reminder to set a password for the MySQL root user, which is a standard practice during MySQL installation."
730,sshd[<*>]: no more authentication methods on remote: 'No further authentication methods available.',Sshd_228,AuthenticationMethods_773,none_1119,False,"The log message does not indicate any abnormal execution process, it is a standard message during MySQL installation."
146,sshd[<*>]: User <*> coming from <*> authenticated.,Sshd_228,Authenticated_774,none_1120,True,"Failed to get a write_hint cap for dribble mode, indicating a potential issue with the file system client"
828,sshd[<*>]: disconnected by application in remote: 'Disconnect requested by Windows SSH Client.',Sshd_228,Register_760,none_1099,True,"The log message indicates a Lustre error with a lock timing out, which is an abnormal execution process."
827,sshd[<*>]: Remote host disconnected: Disconnect requested by Windows SSH Client.,Sshd_228,DisconnectRequestedBy_775,none_1121,False,The log message indicates a normal execution process of filling help tables during mysql_install_db.
560,sshd[<*>]: Kerberos authentication as #<*># denied for <*>,Sshd_228,Denied_776,none_1122,True,"The log message indicates a connection error to a Lustre service, which can disrupt normal execution processes."
679,sshd[<*>]: Remote host disconnected: Key exchange failed.,Sshd_228,Responding_777,Key exchange failed_1124,False,The log message is related to the kernel command line and does not indicate any abnormal execution process.
941,sshd[<*>]: error: lastlog_get_entry: Error reading from /var/log/lastlog: Input/output error,Sshd_228,ErrorReading_778,input/output error_1125,True,"The log message indicates an error related to reading inode bitmap, which is a crucial part of the file system. This could potentially lead to data corruption or loss, making it an abnormal execution process."
887,sshd[<*>]: syslogin_perform_logout: logout() returned an error,Sshd_228,Logout_779,error_1126,True,"The log message contains a kernel RIP address, which could indicate a potential abnormal execution process."
145,sshd<*>[<*>]: Now running on <*> privileges.,Sshd_228,RunningOn_780,none_1127,False,"This log message indicates a connection being restored, which is a normal part of the execution process."
723,sshd[<*>]: Remote host disconnected: Authentication cancelled by user.,Sshd_228,AuthenticationCancelled_769,disconnected_1115,True,The log message contains unusual characters and patterns that are not typical of a normal execution process.
564,sshd[<*>]: Agent forwarding request denied in configuration.,Sshd_228,Denied_776,configuration_1123,False,"The log message indicates a routine setting operation, which is a normal execution process."
1195,sshd[<*>]: Disconnecting: Corrupted MAC on input.,Sshd_228,Disconnecting_781,corrupted MAC_1128,True,"The log message contains unusual characters and patterns, indicating a potential abnormal execution process."
181,sshd[<*>]: error: Bind to port <*> on <*> failed: Address already in use.,Sshd_228,Register_760,error_1100,True,"The log message indicates a panfs exception with a node not yet ready to respond, which suggests an abnormal execution process."
178,sshd[<*>]: Server listening on <*> port <*>.,Sshd_228,Register_782,none_1129,True,"The log message contains kernel information with abnormal values, indicating a potential abnormal execution process."
463,sshd[<*>]: Password authentication for user #<*># accepted.,Sshd_228,Register_760,none_1101,True,"The log message indicates a RPC call version mismatch, which is an abnormal execution process."
1187,sshd[<*>]: FATAL ERROR: Creating listener failed: port <*> probably already in use!,Sshd_228,Creating_783,fatal error_1131,True,The log message indicates a kernel execution process with abnormal parameters
408,sshd[<*>]: <*> <*> <*> for user <*> <*>,Sshd_228,none_758,none_1095,True,"The log message indicates that the system was unable to change the directory to the specified home directory, which is abnormal behavior."
149,sshd[<*>]: connection lost: 'Connection closed.',Sshd_228,Register_760,none_1102,True,"The log message indicates abnormal CPU temperature levels, which could potentially lead to overheating issues."
641,sshd[<*>]: WARNING: Setting tty modes failed: Invalid argument,Sshd_228,Setting_784,failed_1132,False,The log message does not indicate any abnormal execution process.
295,sshd[<*>]: Received signal <*>; terminating.,Sshd_228,Terminating_785,none_1133,True,The log message contains unusual characters and does not follow a typical execution process format.
148,sshd[<*>]: Local disconnected: Connection closed.,Sshd_228,Register_760,closed_1103,True,The log message indicates a kernel call trace which suggests a low-level system operation. This could potentially be abnormal behavior and should be investigated further.
1126,sshd<*>[<*>]: WARNING: Could not chdir to home directory /Net/usr/home/#<*>#: No such file or directory,Sshd_228,Register_760,warning_1104,True,"The log message contains unexpected characters and patterns, indicating a potential abnormal execution process."
793,sshd[<*>]: Did not receive identification string from ::ffff:<*>,Sshd_228,Register_760,error_1105,True,"The log message contains kernel errors and memory usage information, which may indicate abnormal execution processes."
5,sshd[<*>]: <*> <*> for <*> from <*> port <*> ssh<*>,Sshd_228,Connecting_786,none_1134,True,The log message contains kernel error messages which indicate abnormal execution process.
144,sshd[<*>]: connection from <*>,Sshd_228,Register_782,none_1130,True,"The log message indicates a warning about many lost ticks, which suggests abnormal behavior in the execution process."
441,sshd[<*>]: Kerberos TGT authentication as user <*> accepted for #<*>#@#<*>#.,Sshd_228,Authentication_757,accepted_1092,True,"The log message contains unusual values for kernel, buffer, free, slab, mapped, and pagetables, indicating a potential abnormal execution process."
999,sshd[<*>]: LoginGraceTime exceeded.,Sshd_228,none_758,exceeded_1096,True,"The log message contains unexpected characters and symbols, indicating a potentially abnormal execution process."
871,<*> [INFO]: received a start-up done notification,Start-up_229,Received_787,done_1135,True,The log message contains unusual characters such as <*> and is not following a typical kernel log format.
22,<*> <*> startup succeeded,Startup_230,Succeeded_788,none_1136,False,"The log message is related to ISO extensions and Microsoft Joliet Level, which are common components in execution processes."
646,<*> <*> startup failed,Startup_230,Failed_789,none_1137,True,The log message contains unusual characters <*> which may indicate a potential abnormality in the execution process.
267,"kernel: pan_kmod: done quiescing subdev <*> (""PANASAS kernel trace facility"")",Subdev_231,Startup_790,done_1138,False,The log message does not indicate any abnormal behavior in the execution process.
704,sudo: #<*># : TTY=pts/<*> ; <*> ; USER=root ; <*> <*> <*> <*>,Sudo_232,Remove_791,none_1139,True,"The log message contains a suspicious command running as root, redirecting output to /dev/null which could indicate potential malicious activity."
510,sudo: <*> : <*> ; <*> ; USER=root ; <*> <*>,Sudo_232,none_792,none_1140,True,The log message contains LustreError which indicates a potential error in the execution process.
946,sudo: <*> : TTY=pts/<*> ; <*> ; USER=root ; <*> <*> <*> <*> <*>,Sudo_232,none_792,none_1141,True,"The log message indicates a failure in setting MFT to zero for a switch, which is an abnormal execution process."
387,sudo: <*> : <*> ; <*> ; USER=root ; <*>,Sudo_232,none_792,none_1142,True,"The log message indicates a USB disconnect, which can be considered abnormal depending on the context of the execution process."
636,sudo: <*> : TTY=pts/<*> ; <*> ; USER=root ; <*> <*> <*>,Sudo_232,none_792,none_1143,False,The log message indicates a file system check process which is a normal execution process.
916,sudo: #<*># : TTY=pts/<*> ; PWD=/home/#<*># ; USER=root ; <*> <*> <*> <*> <*> <*> <*>,Sudo_232,Register_793,none_1145,True,"The log message indicates a kernel error, which is not a normal execution process."
637,sudo: <*> : TTY=pts/<*> ; <*> ; USER=root ; <*> <*> <*> <*> <*> <*>,Sudo_232,Rollback_794,none_1146,False,The log message 'mount' does not provide enough information to determine if it indicates an abnormal execution process.
1197,sudo: #<*># : TTY=pts/<*> ; PWD=/projects/tbird/#<*>#/#<*>#-test ; USER=root ; COMMAND=/bin/rm -rf nodehwtest npb rotate start_jobs.pl torque_header.in torque_header.in.DEBUG,Sudo_232,Rollback_794,none_1147,True,"The log message indicates a failure in mounting a file system, which is abnormal behavior for a normal execution process."
1097,sudo: #<*># : TTY=pts/<*> ; PWD=/home/#<*>#/tbird_lustre ; USER=root ; COMMAND=/bin/chown #<*>#:#<*># ca.tbird config_ca_tb.xml echo_tb_<*>.xml echo_tb_<*>.xml ENV iozcontrol iozone.read.sh iozone.read.single.sh iozone.write.sh iozone.write.single.sh iperf.server iperf.tbird nodes obdtest.quick.sh obdtest.sh screenlog.<*>-<*>-<*>-<*> test.xml,Sudo_232,none_792,none_1144,True,"The log message indicates a kernel RPC with a giant verification size, which could be a sign of abnormal execution process."
1192,sudo: #<*># : TTY=pts/<*> ; PWD=/mnt_projects/sysapps/breakfix-testing/stress-system/purple-stencil-tests ; USER=root ; COMMAND=/bin/chgrp -R wheel gpingpong_test..e<*> gpingpong_test..o<*> gpingpong_test.pbs multipong_test..e<*> multipong_test..e<*> multipong_test..e<*> multipong_test..e<*> multipong_test..e<*> multipong_test..o<*> multipong_test..o<*> multipong_test..o<*> multipong_test..o<*> multipong_test..o<*> multipong_test.pbs purple-stencil-tests-<*>-<*>-<*> torus_test.pbs torus_test.pbs.e<*> torus_test.pbs.o<*>,Sudo_232,Chgrp_795,none_1148,True,"The log message indicates a device in FATAL state, which is abnormal."
21,sysctl: <*> = <*>,Sysctl_233,none_796,none_1149,False,No specific indicators of abnormality in the log message
43,syslog-ng[<*>]: Cannot open file <*> for writing (Too many open files),Syslog-ng_234,OpenForWriting_797,error_1150,True,"The log message indicates a NULL value in a scsi kernel function, which could be indicative of an abnormal execution process."
904,killall: Stopping syslog-ng:,Syslog-ng_234,Stopping_798,none_1152,True,"The log message indicates that there are no active local ports, which is abnormal for a typical execution process."
614,"syslog-ng[<*>]: Error accepting AF_UNIX connection, opened connections: <*>, max: <*>",Syslog-ng_234,Accepting_799,error_1153,True,"The log message indicates an 'avc: denied' error, which suggests a denial of access or permission issue during the execution process."
685,syslog-ng[<*>]: syslog-ng version <*>.<*>.<*> starting,Syslog-ng_234,Starting_800,none_1154,True,"The log message shows an 'avc: denied' error for write and getattr permissions, indicating a denial of access which is abnormal in this execution process."
717,syslog-ng[<*>]: Changing permissions on special file /dev/logsurfer,Syslog-ng_234,ChangingPermissions_801,none_1155,True,"The log message indicates that a key was created in the future, which is not a normal execution process."
456,syslog-ng[<*>]: STATS: dropped <*>,Syslog-ng_234,Dropped_802,none_1156,False,"The log message does not indicate any abnormal behavior, it is a warning message related to Postfix skipping unavailable hosts."
561,"syslog-ng[<*>]: Connection broken to AF_INET(tbird-admin<*>:<*>), reopening in <*> seconds",Syslog-ng_234,Reopening_803,broken connection_1157,False,"The log message does not indicate any abnormal execution process, it is a warning message related to Postfix mail server."
876,"syslog-ng[<*>]: io.c: accept() failed, Too many open files",Syslog-ng_234,Accept()Failed_804,error_1158,True,"The log message indicates an expired status and returned to sender, which is not a typical execution process"
59,syslog-ng[<*>]: Cannot open file <*> for writing (No such file or directory),Syslog-ng_234,OpenForWriting_797,No such file or directory_1151,False,"This log message indicates that some messages were deleted, which is a normal operation for a mail server."
698,syslog-ng[<*>]: syslog-ng version <*>.<*>.<*> going down,Syslog-ng_234,GoingDown_805,none_1159,True,"The log message indicates a fatal error with malformed input, suggesting an abnormal execution process."
662,syslogd: <*> Read-only file system,Syslogd_235,Reading_806,read-only_1160,True,"The log message indicates that orphan inodes were deleted, which is not a typical or expected execution process."
134,syslogd <*>.<*>.<*>: restart.,Syslogd_235,Restart_807,none_1161,True,"The log message indicates an unexpected EOF in data, which suggests an abnormal execution process."
166,shutdown: shutting down for system <*>,System_236,ShuttingDown_808,none_1162,True,"The log message indicates an error related to reading an inode block, which suggests an abnormal execution process."
107,<*> <*> <*> <*> <*> Too many open files in system,System_236,none_809,error_1163,True,"The log message indicates that a filesystem is being mounted unchecked, which is not a standard practice and could lead to potential issues. Running e<*>fsck is recommended to check and repair any filesystem errors."
822,task migration cache decay timeout: <*> msecs.,TaskMigrationCache_237,Timeout_810,none_1164,True,"The log message indicates an error related to invalid media value, which is not part of a normal execution process."
530,"postfix/local[<*>]: <*> to=<root@tbird-#<*>#>, orig_to=<root>, relay=local, delay=<*>, status=sent (forwarded as <*>",Tbird_238,Forwarded_811,sent_1165,True,"The log message indicates that a valid FAT filesystem could not be found, which is abnormal and could indicate an issue with the storage device."
944,in.tftpd[<*>]: tftpd: read: Connection refused,Tftpd_239,Rollback_812,refused_1166,True,"The log message indicates a failure in getting user information, which is abnormal behavior."
850,warning: many lost ticks.,Ticks_240,none_813,warning_1167,True,The log message indicates a warning about a bad command startup which can be considered as abnormal behavior.
830,time.c: Using HPET based timekeeping.,Time_241,Using_814,none_1168,True,"The log message indicates an error in executing /bin/login due to Input/output error, which is abnormal behavior."
226,<*> <*> <*>.<*> MHz <*> timer.,Timer_242,none_815,none_1169,False,The log message does not indicate any abnormal execution process.
795,per-CPU timeslice cutoff: <*>.<*> usecs.,Timeslice_243,Cutoff_816,none_1170,False,"The log message does not indicate any abnormal behavior, it seems to be a standard message about an active development profile"
193,ts_fixup:,Tsfixup_244,none_817,none_1171,False,"The log message does not indicate any abnormal execution process, just a notification about packages not ready for user testing."
192,ts_fixup: Creating Topspin /dev entries:,Tsfixup_244,Send_818,none_1172,False,"The log message indicates that MySQL database initialization succeeded, which is a normal execution process."
1151,ts_srp:,Tssrp_245,none_819,none_1173,False,The log message seems to be a standard message related to installing MySQL database. It does not indicate any abnormalities in the execution process.
771,ttyS<*> at I/O <*> (irq = <*>) is a NS<*>A,Ttys_246,none_820,none_1174,True,"The log message contains a URL which is not typical for a mysql_install_db process, indicating a potential security risk or abnormal behavior."
867,-- <*> DIALUP AT ttyS<*> BY <*>,Ttys_246,Error_821,none_1175,False,"The log message is related to testing the MySQL daemon with benchmarks, which is a normal execution process."
184,udevsend[<*>]: starting udevd daemon,UdevdDaemon_247,Register_822,none_1176,False,"The log message is just providing instructions on how to start the MySQL daemon, no indication of abnormal execution process."
715,umount: <*> <*> <*> <*> busy,Umount_248,Register_823,none_1177,False,The log message is a standard instruction for starting mysqld at boot time. It does not indicate any abnormal execution process.
1056,usbcore: USB support disabled,Usbcore_249,Register_824,none_1178,False,"The log message indicates a standard instruction for setting up MySQL server, no abnormalities detected."
4,<*> session closed for user <*>,User_80,Register_307,none_543,False,The log message does not indicate any abnormal execution process.
958,wall[<*>]: wall: user root broadcasted <*> lines (<*> chars),User_80,Broadcasted_308,none_544,False,"The log message is related to installing MySQL, which is a standard process. Nothing indicates abnormal behavior."
1,<*> session opened for user <*> by <*>,User_80,Opened_309,none_545,False,"The log message does not indicate any abnormal behavior, it is a standard message for installing MySQL."
757,<*> check pass; user unknown,User_80,CheckPass_310,unknown_546,True,"The log message indicates an error related to sending a reply due to a peer address not being available, which suggests an abnormal execution process."
864,pam_access[<*>]: access denied for user `#<*>#' from <*>,User_80,AccessDenied_311,none_547,True,The log message contains unusual characters and patterns that are not typical of a normal execution process.
368,userhelper[<*>]: running '/usr/sbin/up<*>date-config' with root privileges on behalf of 'root',Userhelper_250,RunningWithRootPrivileges_825,none_1179,True,"The log message indicates a fault status assert event in the disk array, which is considered abnormal behavior."
370,userhelper[<*>]: running '/usr/sbin/up<*>date --nox -i -f kernel-devel' with root privileges on behalf of 'root',Userhelper_250,Running_826,none_1180,True,"The log message indicates a fatal error in creating a listener, suggesting that the execution process has encountered a critical issue."
305,userhelper[<*>]: running '/usr/sbin/up<*>date --nox -i <*> with root privileges on behalf of 'root',Userhelper_250,Running_826,none_1181,True,"The log message indicates an error where a context could not be found by token, which is an abnormal behavior in the execution process."
162,userhelper[<*>]: pam_timestamp: updated timestamp file <*>,Userhelper_250,Updated_827,none_1182,True,The log message indicates that there is no spine present in the chassis which is abnormal and can lead to issues in the execution process.
1010,login(pam_unix)[<*>]: bad username [ ],Username_251,Bad_828,none_1183,True,"The log message indicates a corrupted MAC on input, which is a sign of abnormal execution process."
889,login(pam_unix)[<*>]: bad username <*>,Username_251,Login_829,bad_1184,False,The log message does not indicate any abnormalities in the execution process.
739,Intel(R) PRO/<*> Network Driver - version <*>,Version_252,none_830,none_1185,True,The log message contains a long and complex command that seems unusual for a normal execution process.
844,vesafb: probe of vesafb<*> failed with error -<*>,Vesafb_253,Probe_831,failed_1186,True,"The log message indicates a page allocation failure, which is a sign of abnormal execution process."
542,watchd_mgr.x[<*>]: [INFO]: <*> appId <*> <*> watchd list.,Watchdmgr_254,Novalue_832,none_1187,True,"The log message indicates a critical memory device status and a possible multi bit error encountered, which suggests an abnormal execution process."
589,"watchd_mgr.x[<*>]: [INFO]: process started: app=ib-sm, pid=<*>, fd=<*>",Watchdmgr_254,ProcessStarted_833,none_1188,True,"The log message indicates a corrupted MAC on input, which is not a normal behavior for an execution process."
1111,"kernel: fs_client_llapi_io_write: Failed to get a write_hint cap for dribble mode, line: <*>, error: <*> (fs client: Interrupted system call).",WritehintCap_255,FailedToGet_834,Interrupted system call error_1189,True,"The log message indicates a fatal error inserting a kernel module due to 'No such device', which is not a normal execution process."
16,xinetd[<*>]: <*> <*> <*> from=<*>,Xinetd_256,none_835,none_1190,True,The log message contains a potentially dangerous command 'rm -rf' which could delete important files and directories. This indicates an abnormal execution process.
189,xinetd[<*>]: Started working: <*> available <*>,Xinetd_256,Started_836,available_1191,False,"The log message indicates that a reset sequence was completed successfully, which is a normal execution process."
1025,xinetd[<*>]: bind failed (Address already in use (errno = <*>)). service = rsync,Xinetd_256,Remove_837,Address already in use_1193,True,"The log message indicates that the specified file or directory does not exist, which is abnormal for a normal execution process."
33,xinetd[<*>]: removing <*>,Xinetd_256,Register_838,none_1194,False,The log message indicates a routine system event related to receiving a SystemImageGUID change trap from a specific port.
225,xinetd[<*>]: xinetd Version <*>.<*>.<*> started with libwrap loadavg options compiled in.,Xinetd_256,Started_836,none_1192,False,"The log message indicates that the queue is empty or unable to get PBS job info, which can be a normal occurrence."
298,xinetd[<*>]: Exiting...,Xinetd_256,Exiting_839,none_1195,True,"The log message indicates that no workload was detected, which is abnormal for a typical execution process."
1024,xinetd[<*>]: Service rsync failed to start and is deactivated.,Xinetd_256,Start_840,deactivated_1196,False,The log message does not indicate any abnormal execution process.
30,xinetd[<*>]: Reading included configuration file: <*> <*> [line=<*>],Xinetd_256,Register_841,none_1197,False,The log message indicates a standard iteration scheduling process.
643,"<*> zone: <*> pages, LIFO batch:<*>",Zone_257,Configuring_842,none_1198,False,The log message indicates a normal completion of the scheduling process.
804,Built <*> zonelists,Zonelists_258,Building_843,none_1199,True,The log message indicates the loading of multiple kernel modules which may not be usual for a normal execution process.
