seq_id,seq,anomaly_seg,anomaly_level,anomaly_reason
23,"['1', '1', '7', '1', '3', '4', '3', '4', '2', '2', '3', '4', '2', '10', '10', '10', '9', '9', '9', '9', '9', '9', '9', '9', '9', '9', '8', '9', '9', '9', '9', '9', '6', '6', '6', '5', '5', '18', '2', '5']",[18],status,"The log message indicates an InterruptedIOException which suggests a problem with IO operations, likely due to a timeout or interruption."
234,"['1', '7', '1', '1', '3', '4', '3', '4', '3', '4', '2', '2', '2', '10', '10', '10', '9', '9', '9', '9', '9', '9', '9', '9', '9', '9', '9', '9', '8', '9', '9', '9', '6', '6', '6', '5', '5', '18', '2', '5']",[18],status,"The log message indicates an InterruptedIOException which suggests a problem with IO operations, likely due to a timeout or interruption."
338,"['1', '7', '1', '1', '3', '4', '3', '4', '2', '2', '3', '4', '2', '10', '10', '9', '10', '9', '9', '9', '9', '9', '9', '9', '8', '9', '9', '9', '9', '9', '9', '9', '6', '6', '6', '5', '5', '5']","[10, 10, 9, 10, 9, 9, 9, 9, 9, 9, 9]",action,"The test sequence includes a mix of successful verifications and exceptions while serving blocks, which deviates from the patterns observed in the normal example sequences where consecutive exceptions occurred without successful verifications in between."
1004,"['1', '1', '7', '1', '3', '4', '3', '4', '3', '4', '2', '2', '2', '10', '10', '9', '8', '9', '10', '6', '6', '6', '5', '5', '15', '5']","[1, 1, 7, 1, 3, 4, 3, 4, 3, 4, 2, 2, 2, 10, 10, 9, 8, 9, 10, 6, 6, 6, 5, 5, 15, 5]",entity,"The test sequence includes additional actions such as deleting a block file twice and encountering an error while deleting a block, which are not present in any of the normal example sequences. These extra actions indicate deviations from the expected normal_flows execution workflows."
1505,"['1', '7', '1', '1', '3', '4', '3', '4', '3', '4', '2', '2', '2', '10', '10', '9', '10', '8', '9', '6', '6', '6', '5', '5', '5']","[10, 10, 9, 10]",action,The test sequence includes a different third process 'Successful verification for blk_' which is not present in any of the normal example sequences. This deviation from the expected pattern indicates an abnormal_flows execution workflow.
1637,"['1', '1', '1', '7', '3', '4', '3', '4', '3', '4', '2', '2', '2', '9', '8', '9', '10', '10', '10', '6', '6', '6', '5', '5', '18', '2', '5']",[18],status,"The log message indicates an InterruptedIOException which suggests a problem with IO operations, likely due to a timeout or interruption."
2191,"['1', '1', '7', '1', '2', '3', '4', '2', '3', '4', '3', '4', '2', '10', '9', '8', '9', '10', '10', '6', '6', '6', '5', '5', '5']","[1, 1, 7, 1, 2, 3, 4, 2, 3, 4, 3, 4, 2, 10, 9, 8, 9, 10, 10, 6, 6, 6, 5, 5, 5]",entity,"The test sequence deviates from the normal execution workflows seen in the examples provided. In the normal examples, the sequence involves alternating between initiating PacketResponders and receiving blocks, verifying blocks, encountering exceptions while serving blocks, and deleting blocks added to an invalid set. However, in the test sequence, the order of actions is not consistent with the normal patterns observed in the examples, indicating an abnormal execution workflow."
2198,"['1', '1', '7', '1', '2', '3', '4', '2', '3', '4', '3', '4', '2', '9', '9', '8', '10', '10', '10', '6', '6', '6', '5', '5', '5']","[1, 1, 7, 1, 2, 3, 4, 2, 3, 4, 3, 4, 2, 9, 9, 8, 10, 10, 10, 6, 6, 6, 5, 5, 5]",entity,"The test sequence deviates from the normal example sequences in terms of the order of actions. In the normal sequences, there is a consistent pattern of initiating PacketResponders, receiving blocks, adding stored blocks, encountering exceptions while serving blocks, and deleting blocks. However, in the test sequence, the order of actions is different, with multiple instances of adding stored blocks, initiating PacketResponders at different points, and encountering exceptions while serving blocks occurring twice instead of once."
2437,"['1', '1', '7', '1', '2', '3', '4', '3', '4', '2', '3', '4', '2', '9', '8', '9', '10', '10', '10', '6', '6', '6', '5', '5', '5']","[1, 1, 7, 1, 2, 3, 4, 3, 4, 2, 3, 4, 2, 9, 8, 9, 10, 10, 10, 6, 6, 6, 5, 5, 5]",entity,"The test sequence deviates from the normal execution workflows seen in the example sequences. In the test sequence, the order of actions is not consistent with the alternating pattern of initiating PacketResponders and receiving blocks as observed in the normal examples. Additionally, the actions of NameSystem adding stored block and Exception while serving blk are not in the expected sequence based on the normal examples."
2441,"['7', '1', '1', '1', '2', '2', '3', '4', '3', '4', '3', '4', '2', '9', '9', '8', '10', '10', '10', '6', '6', '6', '5', '5', '5', '15']","[7, 1, 1, 1, 2, 2, 3, 4, 3, 4, 3, 4, 2, 9, 9, 8, 10, 10, 10, 6, 6, 6, 5, 5, 5, 15]",entity,"The test sequence differs from the normal examples in the following ways: 1) The system is adding a stored block multiple times, which is not a common behavior in the normal sequences. 2) The sequence of encountering an exception while serving a block occurring twice in a row is unusual compared to the normal examples. 3) The error deleting block blk_ at the end of the sequence indicates an abnormal flow as it was not observed in the normal sequences."
2445,"['1', '1', '7', '1', '3', '4', '3', '4', '2', '3', '4', '2', '2', '10', '9', '9', '8', '10', '10', '6', '6', '6', '5', '5', '5', '15']","[1, 1, 7, 1, 3, 4, 3, 4, 2, 3, 4, 2, 2, 10, 9, 9, 8, 10, 10, 6, 6, 6, 5, 5, 5, 15]",entity,"The test sequence deviates from the normal execution workflows in the following ways: 1. Encounter of exceptions while serving a block multiple times, which is not present in the normal examples. 2. Error deleting a block at the end of the sequence, which is not a part of the normal execution workflows. These deviations indicate an abnormal execution workflow."
2448,"['1', '7', '1', '1', '3', '4', '2', '3', '4', '2', '3', '4', '2', '10', '9', '8', '9', '10', '10', '6', '6', '6', '5', '5', '5']","[1, 7, 1, 1, 3, 4, 2, 3, 4, 2, 3, 4, 2, 10, 9, 8, 9, 10, 10, 6, 6, 6, 5, 5, 5]",entity,"The test sequence does not follow the alternating pattern of initiating PacketResponders and receiving blocks as seen in the normal example sequences. Additionally, the test sequence includes actions that are not consistent with the normal sequences, such as repeating the action of initiating PacketResponders and receiving blocks multiple times in a row."
2619,"['1', '1', '1', '7', '2', '2', '3', '4', '3', '4', '3', '4', '2', '9', '8', '9', '10', '10', '10', '6', '6', '6', '5', '5', '18', '2', '5']",[18],status,"The log message indicates an InterruptedIOException which suggests a problem with IO operations, likely due to a timeout or interruption."
2779,"['7', '1', '1', '1', '3', '4', '2', '2', '3', '4', '3', '4', '2', '9', '9', '8', '10', '10', '6', '6', '6', '5', '5', '18', '2', '5']",[18],status,"The log message indicates an InterruptedIOException which suggests a problem with IO operations, likely due to a timeout or interruption."
2858,"['1', '1', '7', '1', '2', '3', '4', '3', '4', '2', '3', '4', '2', '10', '9', '9', '8', '10', '10', '6', '6', '6', '5', '5', '5']","[1, 1, 7, 1, 2, 3, 4, 3, 4, 2, 3, 4, 2, 10, 9, 9, 8, 10, 10, 6, 6, 6, 5, 5, 5]",entity,"The test sequence deviates from the normal execution workflows seen in the examples. In the normal examples, the sequences follow a specific pattern of receiving blocks, initiating PacketResponders, adding stored blocks, verifying blocks, encountering exceptions, and deleting blocks. However, in the test sequence, there are inconsistencies such as repeating 'NameSystem adding stored block' multiple times, encountering exceptions at different points than usual, and the sequence of actions not aligning with the expected workflow."
2896,"['7', '1', '1', '1', '3', '4', '2', '3', '4', '2', '3', '4', '2', '9', '9', '8', '10', '10', '10', '6', '6', '6', '5', '5', '5']","[7, 1, 1, 1, 3, 4, 2, 3, 4, 2, 3, 4, 2, 9, 9, 8, 10, 10, 10, 6, 6, 6, 5, 5, 5]",entity,"The test sequence diverges from the normal execution workflows in the examples provided. In the normal examples, the sequence involves alternating between initiating PacketResponders and receiving blocks, while the test sequence does not follow this pattern. Additionally, the test sequence includes an abnormal occurrence of encountering an exception while serving a block twice in a row, which is not present in the normal examples."
2947,"['7', '1', '1', '1', '3', '4', '2', '3', '4', '2', '3', '4', '2', '9', '8', '9', '10', '10', '10', '6', '6', '6', '5', '5', '5']","[7, 1, 1, 1, 3, 4, 2, 3, 4, 2, 3, 4, 2, 9, 8, 9, 10, 10, 10, 6, 6, 6, 5, 5, 5]",entity,"The test sequence deviates from the normal execution workflows seen in the examples. In the normal examples, there is a consistent pattern of initiating PacketResponders, receiving blocks, adding stored blocks, encountering exceptions, serving blocks, and deleting blocks. However, in the test sequence, the actions are not following the expected pattern, with multiple blocks being received from an unknown source and added to the NameSystem in an abnormal manner."
2989,"['1', '1', '7', '1', '2', '3', '4', '3', '4', '2', '3', '4', '2', '10', '9', '9', '8', '10', '10', '6', '6', '6', '5', '5', '5']","[1, 1, 7, 1, 2, 3, 4, 3, 4, 2, 3, 4, 2, 10, 9, 9, 8, 10, 10, 6, 6, 6, 5, 5, 5]",entity,"The test sequence deviates from the normal execution workflows seen in the examples. In the normal examples, the sequences follow a specific pattern of receiving blocks, initiating PacketResponders, adding stored blocks, verifying blocks, encountering exceptions, and deleting blocks. However, in the test sequence, there are inconsistencies such as repeating 'NameSystem adding stored block' multiple times, encountering exceptions at different points than usual, and the sequence of actions not aligning with the expected workflow."
2992,"['1', '7', '1', '1', '2', '3', '4', '2', '3', '4', '3', '4', '2', '10', '9', '8', '9', '10', '10', '6', '6', '6', '5', '5', '5']","[1, 7, 1, 1, 2, 3, 4, 2, 3, 4, 3, 4, 2, 10, 9, 8, 9, 10, 10, 6, 6, 6, 5, 5, 5]",entity,"The test sequence deviates from the normal examples by having multiple instances of initiating PacketResponder for the same block and receiving blocks from unknown sources, which are not present in the normal examples. Additionally, the sequence involves encountering exceptions while serving blocks and deleting blocks added to an invalid set multiple times, which are also not observed in the normal examples."
3105,"['7', '1', '1', '1', '2', '2', '3', '4', '3', '4', '3', '4', '2', '9', '9', '8', '10', '10', '10', '6', '6', '6', '5', '5', '5', '15']","[7, 1, 1, 1, 2, 2, 3, 4, 3, 4, 3, 4, 2, 9, 9, 8, 10, 10, 10, 6, 6, 6, 5, 5, 5, 15]",entity,"The test sequence differs from the normal examples in the following ways: 1) The system is adding a stored block multiple times, which is not a common behavior in the normal sequences. 2) The sequence of encountering an exception while serving a block occurring twice in a row is unusual compared to the normal examples. 3) The error deleting block blk_ at the end of the sequence indicates an abnormal flow as it was not observed in the normal sequences."
3130,"['7', '1', '1', '1', '2', '3', '4', '2', '2', '3', '4', '3', '4', '9', '8', '9', '10', '10', '10', '6', '6', '6', '5', '5', '5', '15']","[7, 1, 1, 1, 2, 3, 4, 2, 2, 3, 4, 3, 4, 9, 8, 9, 10, 10, 10, 6, 6, 6, 5, 5, 5, 15]",entity,"The test sequence includes an error deleting a block, which is not present in any of the normal example sequences. This deviation indicates an abnormal execution workflow."
3172,"['7', '1', '1', '1', '3', '4', '2', '3', '4', '2', '3', '4', '2', '9', '8', '9', '10', '10', '10', '6', '6', '6', '5', '5', '5']","[7, 1, 1, 1, 3, 4, 2, 3, 4, 2, 3, 4, 2, 9, 8, 9, 10, 10, 10, 6, 6, 6, 5, 5, 5]",entity,"The test sequence deviates from the normal execution workflows seen in the examples. In the normal examples, there is a consistent pattern of initiating PacketResponders, receiving blocks, adding stored blocks, encountering exceptions, serving blocks, and deleting blocks. However, in the test sequence, the actions are not following the expected pattern, with multiple blocks being received from an unknown source and added to the NameSystem in an abnormal manner."
3194,"['7', '1', '1', '1', '2', '2', '3', '3', '3', '4', '4', '4', '2', '10', '9', '8', '9', '10', '10', '6', '6', '6', '5', '5', '5']","[4, 4, 4]",status,The test sequence includes an additional step of receiving a block compared to the normal examples. This indicates a deviation from the expected normal flow and suggests an abnormal execution workflow.
3323,"['1', '7']","[1, 7]",entity,"The test sequence is abnormal because it starts with 'receiving block blk_' instead of the typical starting point 'NameSystem allocateBlock'. Additionally, the order of processes in the test sequence is different from the normal example sequences provided."
4112,"['7', '1', '1', '1', '2', '2', '3', '3', '4', '4', '4', '2', '3', '9', '8', '9', '10', '10', '6', '6', '6', '5', '5', '5']","[4, 4, 4]",status,The test sequence includes an additional step of receiving a block compared to the normal examples. This indicates a deviation from the expected normal flow and suggests an abnormal execution workflow.
4473,"['7', '1', '1', '1', '2', '2', '2', '3', '4', '3', '4', '3', '4', '10', '9', '8', '9', '10', '10', '6', '6', '6', '5', '15', '5', '5']","[7, 1, 1, 1, 2, 2, 2, 3, 4, 3, 4, 3, 4, 10, 9, 8, 9, 10, 10, 6, 6, 6, 5, 15, 5, 5]",entity,"The test sequence deviates from the normal examples by including additional processes like 'deleting block file', 'Error deleting block blk_', and 'The execution sequence involves deleting a block file twice'. These processes are not present in any of the normal example sequences, indicating an abnormal execution workflow."
4546,"['7', '1']","[7, 1]",entity,"The test sequence deviates from the normal flows as it does not follow the sequential pattern of handling and receiving blocks as seen in the normal example sequences. In the normal examples, there is a consistent flow of handling and receiving blocks in a specific order, but the test sequence only includes handling and receiving one block which is different from the expected pattern."
4981,"['7', '1']","[7, 1]",entity,"The test sequence deviates from the normal flows as it does not follow the sequential pattern of handling and receiving blocks as seen in the normal example sequences. In the normal examples, there is a consistent flow of handling and receiving blocks in a specific order, but the test sequence only includes handling and receiving one block which is different from the expected pattern."
5049,"['7', '1']","[7, 1]",entity,"The test sequence deviates from the normal flows as it does not follow the sequential pattern of handling and receiving blocks as seen in the normal example sequences. In the normal examples, there is a consistent flow of handling and receiving blocks in a specific order, but the test sequence only includes handling and receiving one block which is different from the expected pattern."
5257,"['7', '1']","[7, 1]",entity,"The test sequence deviates from the normal flows as it does not follow the sequential pattern of handling and receiving blocks as seen in the normal example sequences. In the normal examples, there is a consistent flow of handling and receiving blocks in a specific order, but the test sequence only includes handling and receiving one block which is different from the expected pattern."
5348,"['7', '1', '1', '16']",[16],status,"The log message indicates an exception due to a socket timeout while waiting for a channel to be ready, which is not a normal execution process."
5441,"['7', '1', '1', '16']",[16],status,"The log message indicates an exception due to a socket timeout while waiting for a channel to be ready, which is not a normal execution process."
5496,"['7', '1', '1', '1', '2', '2', '2', '3', '4', '3', '4', '3', '4', '9', '9', '8', '10', '10', '10', '6', '6', '6', '5', '5', '18', '2', '5']",[18],status,"The log message indicates an InterruptedIOException which suggests a problem with IO operations, likely due to a timeout or interruption."
5585,"['7', '1', '1', '1', '2', '2', '2', '4', '3', '4', '3', '4', '3', '9', '8', '9', '10', '10', '10', '6', '6', '6', '5', '5', '5']","[4, 3, 4, 3, 4, 3, 9]",action,"The test sequence deviates from the normal execution workflows as seen in the example sequences. In the normal sequences, the PacketResponder for block blk_ is always initiated first, followed by receiving the block blk_ from a specific location. However, in the test sequence, the order is reversed with receiving the block first before initiating the PacketResponder, which is not observed in the normal examples."
5717,"['7', '1', '1', '1', '2', '2', '3', '4', '4', '3', '4', '2', '3', '10', '8', '10', '10', '6', '6', '6', '5', '5', '5']","[3, 10]",action,"The test sequence includes a successful verification for blk_, which is followed by an exception while serving blk_. This sequence does not match any of the normal example sequences provided, indicating an abnormal execution workflow."
5760,"['7', '1', '1', '16']",[16],status,"The log message indicates an exception due to a socket timeout while waiting for a channel to be ready, which is not a normal execution process."
5871,"['7', '1', '1', '1', '2', '17', '17', '17', '2', '2', '3', '4', '3', '4', '3', '4', '8', '10', '10', '6', '6', '6', '5', '5', '5']","[17, 17, 17]",status,"The log message indicates a SocketTimeoutException which suggests a timeout while waiting for a channel to be ready for write, which is abnormal behavior."
6290,"['7', '1', '1', '16']",[16],status,"The log message indicates an exception due to a socket timeout while waiting for a channel to be ready, which is not a normal execution process."
6368,"['7', '1', '1', '1', '2', '2', '3', '4', '3', '4', '3', '4', '14', '13', '1', '2', '12', '11', '2', '5', '8', '10', '6', '6', '6', '5', '5', '5']","[7, 1, 1, 1, 2, 2, 3, 4, 3, 4, 3, 4, 14, 13, 1, 2, 12, 11, 2, 5, 8, 10, 6, 6, 6, 5, 5, 5]",entity,"The test sequence includes several processes that are not part of the normal example sequences, such as starting thread to transfer block, BLOCK* asking datanode(s) to replicate, and NameSystem adding stored block multiple times in a row. These processes deviate from the patterns observed in the normal example sequences, indicating an abnormal execution workflow."
6373,"['7', '1', '1', '2', '2', '2', '1', '3', '4', '3', '4', '3', '4', '8', '10', '10', '6', '6', '6', '5', '5', '5']","[7, 1, 1, 2, 2, 2, 1, 3, 4, 3, 4, 3, 4, 8, 10, 10, 6, 6, 6, 5, 5, 5]",entity,The test sequence deviates from the normal execution workflows by introducing a new process 'receiving block blk_ sequentially from Process 0 to Process 1' which is not present in any of the normal example sequences. This indicates an abnormal execution workflow.
6451,"['7', '1', '1', '1', '2', '2', '2', '3', '4', '3', '4', '3', '4', '9', '9', '8', '10', '10', '10', '6', '6', '6', '5', '5', '15', '5']","[7, 1, 1, 1, 2, 2, 2, 3, 4, 3, 4, 3, 4, 9, 9, 8, 10, 10, 10, 6, 6, 6, 5, 5, 15, 5]",entity,"The test sequence includes actions not present in any of the normal example sequences, such as receiving blocks from a specific location, encountering an exception while serving a block on multiple occasions, and deleting a block file twice. These actions deviate from the patterns observed in the normal examples, indicating an abnormal execution workflow."
6710,"['7', '1', '1', '1', '17', '17', '2', '2', '2', '3', '4', '17', '3', '4', '3', '4', '8', '10', '10', '6', '6', '6', '5', '5', '5']","[17, 17]",status,"The log message indicates a SocketTimeoutException which suggests a timeout while waiting for a channel to be ready for write, which is abnormal behavior."
7235,"['7', '1', '1', '1', '13', '2', '2', '2', '3', '4', '3', '4', '3', '4', '14', '1', '2', '11', '12', '5', '10', '8', '10', '6', '6', '6', '5', '5', '5']","[7, 1, 1, 1, 13, 2, 2, 2, 3, 4, 3, 4, 3, 4, 14, 1, 2, 11, 12, 5, 10, 8, 10, 6, 6, 6, 5, 5, 5]",entity,"The test sequence deviates from the normal example sequences by introducing new actions such as BLOCK* asks datanode(s) to replicate, Starting thread to transfer block, and NameSystem adding stored block, which are not present in the normal examples. Additionally, the order of actions in the test sequence does not match the sequential patterns observed in the normal examples, indicating an abnormal workflow."
7281,"['7', '1']","[7, 1]",entity,"The test sequence deviates from the normal flows as it does not follow the sequential pattern of handling and receiving blocks as seen in the normal example sequences. In the normal examples, there is a consistent flow of handling and receiving blocks in a specific order, but the test sequence only includes handling and receiving one block which is different from the expected pattern."
7316,"['7', '1', '1', '1', '2', '2', '3', '4', '4', '2', '3', '4', '3', '10', '9', '9', '9', '9', '9', '9', '9', '9', '9', '9', '8', '9', '9', '9', '9', '9', '10', '6', '6', '6', '5', '5', '5']","[3, 4, 3, 10, 9, 9, 9, 9, 9, 9, 9, 9, 9, 9]",action,"The test sequence includes a step 'Successful verification for blk_' which is not present in any of the normal example sequences. This indicates a deviation from the expected normal execution flow, suggesting an abnormal flow."
7420,"['7', '1', '1', '16']",[16],status,"The log message indicates an exception due to a socket timeout while waiting for a channel to be ready, which is not a normal execution process."
7512,"['7', '1', '1', '1', '2', '2', '2', '17', '3', '4', '17', '3', '4', '17', '3', '4', '8', '6', '6', '6', '5', '5', '5']",[17],status,"The log message indicates a SocketTimeoutException which suggests a timeout while waiting for a channel to be ready for write, which is abnormal behavior."
7526,"['7', '1', '1', '2', '2', '1', '3', '4', '3', '4', '3', '4', '13', '2', '14', '2', '12', '11', '1', '5', '8', '10', '10', '6', '6', '6', '5', '5', '5']","[7, 1, 1, 2, 2, 1, 3, 4, 3, 4, 3, 4, 13, 2, 14, 2, 12, 11, 1, 5, 8, 10, 10, 6, 6, 6, 5, 5, 5]",entity,"The test sequence deviates from the normal execution workflows seen in the examples. In the normal examples, there is a consistent pattern of actions such as receiving blocks, initiating PacketResponder, adding stored blocks, encountering exceptions, verifying blocks, and deleting block files. However, in the test sequence, there are inconsistencies and additional actions such as BLOCK* asking datanode(s) to replicate, starting thread to transfer block, and transmitting blocks without following the expected patterns. These deviations indicate an abnormal execution workflow."
7659,"['7', '1', '1', '1', '2', '3', '4', '4', '2', '2', '3', '3', '4', '10', '9', '9', '8', '6', '6', '6', '5', '5', '18', '2', '5']",[18],status,"The log message indicates an InterruptedIOException which suggests a problem with IO operations, likely due to a timeout or interruption."
7929,"['7', '1', '1', '1', '3', '4', '2', '2', '4', '2', '3', '4', '3', '10', '9', '9', '8', '10', '6', '6', '6', '5', '5', '5']","[3, 4, 3, 10, 9, 9]",action,The test sequence deviates from the normal flow as it skips the step of 'Receiving block blk_ from /' after 'PacketResponder for block blk_'. This deviation indicates an abnormal execution workflow.
8171,"['7', '1', '1', '1', '2', '4', '3', '4', '3', '4', '2', '2', '3', '10', '10', '9', '8', '9', '10', '6', '6', '6', '5', '5', '5', '15']","[7, 1, 1, 1, 2, 4, 3, 4, 3, 4, 2, 2, 3, 10, 10, 9, 8, 9, 10, 6, 6, 6, 5, 5, 5, 15]",entity,"The test sequence deviates from the normal flow examples in multiple ways. In the normal examples, there is a consistent pattern of receiving blocks, initiating PacketResponders, adding stored blocks, encountering exceptions while serving blocks, verifying blocks, and deleting blocks in a sequential manner. However, in the test sequence, the order of actions is disrupted, with the addition of new actions such as 'NameSystem adding stored block' and 'Error deleting block blk_'. These deviations indicate an abnormal execution workflow."
8397,"['7', '1']","[7, 1]",entity,"The test sequence deviates from the normal flows as it does not follow the sequential pattern of handling and receiving blocks as seen in the normal example sequences. In the normal examples, there is a consistent flow of handling and receiving blocks in a specific order, but the test sequence only includes handling and receiving one block which is different from the expected pattern."
8944,"['7', '1', '1', '1', '2', '2', '3', '4', '3', '4', '3', '4', '2', '10', '9', '8', '9', '10', '6', '6', '6', '5', '5', '15', '5']","[7, 1, 1, 1, 2, 2, 3, 4, 3, 4, 3, 4, 2, 10, 9, 8, 9, 10, 6, 6, 6, 5, 5, 15, 5]",entity,"The test sequence includes several anomalies compared to the normal examples. The test sequence involves unexpected actions such as 'Error deleting block blk_' and 'deleting block file' which are not present in any of the normal example sequences. Additionally, the order of actions in the test sequence is not consistent with the patterns observed in the normal sequences, indicating an abnormal execution workflow."
9542,"['7', '1', '1', '1', '2', '2', '2', '3', '4', '3', '4', '3', '4', '9', '9', '8', '10', '10', '10', '6', '6', '6', '5', '5', '5', '15']","[7, 1, 1, 1, 2, 2, 2, 3, 4, 3, 4, 3, 4, 9, 9, 8, 10, 10, 10, 6, 6, 6, 5, 5, 5, 15]",entity,"The test sequence deviates from the normal examples in the following ways: 1) The system first responded to packets for a block instead of initiating a PacketResponder, 2) The system encountered an exception while serving the block on two separate occasions, which is not seen in the normal examples, 3) The test sequence includes an error deleting a block blk_, which is not part of the normal workflows."
9593,"['7', '1', '1', '1', '2', '2', '2', '3', '4', '3', '4', '3', '4', '10', '9', '8', '9', '10', '6', '6', '6', '5', '5', '15', '5']","[7, 1, 1, 1, 2, 2, 2, 3, 4, 3, 4, 3, 4, 10, 9, 8, 9, 10, 6, 6, 6, 5, 5, 15, 5]",entity,"The test sequence includes an abnormal flow where there is an error deleting block blk_. This is not present in any of the normal example sequences, indicating a deviation from the expected workflow."
9985,"['7', '1']","[7, 1]",entity,"The test sequence deviates from the normal flows as it does not follow the sequential pattern of handling and receiving blocks as seen in the normal example sequences. In the normal examples, there is a consistent flow of handling and receiving blocks in a specific order, but the test sequence only includes handling and receiving one block which is different from the expected pattern."
10633,"['7', '1', '1', '1', '2', '2', '2', '3', '4', '3', '4', '3', '4', '9', '9', '8', '10', '6', '6', '6', '5', '5', '18', '2', '5']",[18],status,"The log message indicates an InterruptedIOException which suggests a problem with IO operations, likely due to a timeout or interruption."
10651,"['7', '1', '1', '1', '2', '2', '3', '4', '3', '4', '3', '4', '19', '2', '9', '8', '9', '10', '6', '6', '6', '5', '5', '5']",[19],status,"The log message indicates a SocketTimeoutException, which is an abnormal condition indicating a timeout while waiting for a channel to be ready for read."
10928,"['7', '1', '1', '16']",[16],status,"The log message indicates an exception due to a socket timeout while waiting for a channel to be ready, which is not a normal execution process."
11111,"['7', '1']","[7, 1]",entity,"The test sequence deviates from the normal flows as it does not follow the sequential pattern of handling and receiving blocks as seen in the normal example sequences. In the normal examples, there is a consistent flow of handling and receiving blocks in a specific order, but the test sequence only includes handling and receiving one block which is different from the expected pattern."
11158,"['7', '1', '1', '1', '2', '2', '3', '4', '3', '4', '3', '4', '2', '9', '9', '8', '10', '10', '10', '6', '6', '6', '5', '18', '2', '5', '5']",[18],status,"The log message indicates an InterruptedIOException which suggests a problem with IO operations, likely due to a timeout or interruption."
11222,"['7', '1', '1', '1', '2', '2', '2', '3', '4', '3', '4', '3', '4', '9', '8', '9', '10', '6', '6', '6', '5', '5', '18', '2', '5']",[18],status,"The log message indicates an InterruptedIOException which suggests a problem with IO operations, likely due to a timeout or interruption."
11710,"['7', '1', '1', '1', '2', '2', '3', '4', '3', '4', '3', '4', '2', '9', '8', '9', '10', '6', '6', '6', '5', '5', '18', '2', '5']",[18],status,"The log message indicates an InterruptedIOException which suggests a problem with IO operations, likely due to a timeout or interruption."
11740,"['7', '1', '1', '16']",[16],status,"The log message indicates an exception due to a socket timeout while waiting for a channel to be ready, which is not a normal execution process."
11845,"['7', '1', '1', '1', '2', '2', '2', '3', '4', '3', '4', '3', '4', '9', '9', '8', '10', '10', '10', '6', '6', '6', '5', '5', '18', '2', '5']",[18],status,"The log message indicates an InterruptedIOException which suggests a problem with IO operations, likely due to a timeout or interruption."
12220,"['2', '7', '2', '1', '3', '4', '1', '3', '4', '1', '3', '4', '2', '8', '10', '6', '6', '6', '5', '5', '5']","[2, 7, 2, 1, 3, 4, 1, 3, 4, 1, 3, 4, 2, 8, 10, 6, 6, 6, 5, 5, 5]",entity,"The test sequence deviates from the normal execution workflows as seen in the examples. In the normal examples, the sequences involve a specific order of actions such as receiving blocks, adding stored blocks, initiating PacketResponders, and serving blocks. However, in the test sequence, the order of actions is different and does not match any of the normal examples. Additionally, the test sequence includes multiple repetitions of receiving block blk_ and initiating PacketResponder for block blk_ from an unknown source, which is not observed in the normal examples."
12285,"['7', '1', '1', '1', '2', '2', '3', '4', '3', '4', '2', '4', '3', '9', '8', '9', '10', '10', '10', '6', '6', '6', '5', '5', '5']","[4, 3, 9]",action,"The test sequence has a different order of processes compared to the normal examples. In the normal examples, the PacketResponder process always comes before the Receiving block process, while in the test sequence, it is reversed. This suggests an abnormal execution workflow."
12383,"['7', '1']","[7, 1]",entity,"The test sequence deviates from the normal flows as it does not follow the sequential pattern of handling and receiving blocks as seen in the normal example sequences. In the normal examples, there is a consistent flow of handling and receiving blocks in a specific order, but the test sequence only includes handling and receiving one block which is different from the expected pattern."
12385,"['7', '1', '1', '1', '2', '2', '2', '3', '4', '3', '4', '3', '4', '9', '8', '9', '10', '10', '6', '6', '6', '5', '5', '5', '15']","[7, 1, 1, 1, 2, 2, 2, 3, 4, 3, 4, 3, 4, 9, 8, 9, 10, 10, 6, 6, 6, 5, 5, 5, 15]",entity,The test sequence includes an additional step (7: Error deleting block blk_) that is not present in any of the normal example sequences. This deviation from the normal flow indicates an abnormal execution workflow.
12555,"['7', '1', '1', '1', '2', '3', '4', '3', '4', '2', '2', '3', '4', '9', '9', '8', '10', '6', '6', '6', '5', '5', '5', '15']","[7, 1, 1, 1, 2, 3, 4, 3, 4, 2, 2, 3, 4, 9, 9, 8, 10, 6, 6, 6, 5, 5, 5, 15]",entity,"The test sequence deviates from the normal execution workflows as seen in the example sequences. In the test sequence, the order of actions is different, with the addition of 'NameSystem adding stored block' before the initiation of PacketResponders. Additionally, the occurrence of 'Error deleting block blk_' at the end of the sequence is not present in any of the normal example sequences, indicating an abnormal flow."
12630,"['7', '1', '1', '1', '2', '2', '3', '4', '3', '4', '3', '4', '13', '2', '14', '1', '2', '11', '12', '5', '9', '8', '9', '6', '6', '6', '5', '5', '5']","[7, 1, 1, 1, 2, 2, 3, 4, 3, 4, 3, 4, 13, 2, 14, 1, 2, 11, 12, 5, 9, 8, 9, 6, 6, 6, 5, 5, 5]",entity,"The test sequence contains a different combination of processes compared to the normal example sequences. In the test sequence, there are processes such as 'BLOCK* asks datanode(s) to replicate' and 'Starting thread to transfer block' which are not present in any of the normal example sequences. Additionally, the sequence of actions in the test sequence differs from the sequential nature of the normal examples, indicating an abnormal flow."
12715,"['7', '1', '1', '1', '1', '14', '13', '2', '2', '2', '3', '4', '3', '4', '3', '4', '11', '2', '12', '5', '8', '6', '6', '6', '5', '5', '5']","[1, 1, 1, 1]",status,"The test sequence differs from the normal examples as it does not include any 'Received block' processes, which are present in all normal examples. This discrepancy suggests that the test sequence is abnormal."
12833,"['7', '1', '1', '1', '13', '2', '2', '2', '3', '4', '3', '4', '3', '4', '14', '1', '2', '11', '12', '5', '8', '6', '6', '6', '5', '5', '5']","[7, 1, 1, 1, 13, 2, 2, 2, 3, 4, 3, 4, 3, 4, 14, 1, 2, 11, 12, 5, 8, 6, 6, 6, 5, 5, 5]",entity,"The test sequence includes a step (BLOCK* asks datanode(s) to replicate) that is not present in any of the normal example sequences. This indicates a deviation from the expected normal workflow, suggesting an abnormal execution flow."
13011,"['7', '1', '1', '1', '3', '4', '2', '2', '2', '3', '4', '3', '4', '8', '10', '6', '6', '6', '5', '5', '15', '5']","[7, 1, 1, 1, 3, 4, 2, 2, 2, 3, 4, 3, 4, 8, 10, 6, 6, 6, 5, 5, 15, 5]",entity,"The test sequence deviates from the normal flows as it includes errors in the execution process such as 'Error deleting block blk_' and 'deleting block file' which are not present in the normal example sequences. Additionally, the test sequence has a different order of processes compared to the normal examples, indicating an abnormal execution workflow."
13040,"['7', '1', '1', '1', '2', '2', '3', '4', '3', '4', '3', '4', '2', '9', '8', '9', '10', '6', '6', '6', '5', '5', '18', '2', '5']",[18],status,"The log message indicates an InterruptedIOException which suggests a problem with IO operations, likely due to a timeout or interruption."
13095,"['1', '1', '7', '1', '2', '3', '4', '3', '4', '3', '4', '2', '2', '8', '10', '6', '6', '6', '5', '5', '5']","[1, 1, 7, 1, 2, 3, 4, 3, 4, 3, 4, 2, 2, 8, 10, 6, 6, 6, 5, 5, 5]",entity,"The test sequence includes a mix of actions that do not follow the typical pattern seen in the normal examples. For example, the test sequence includes receiving block blk_ before the NameSystem allocateBlock, which is different from the consistent order seen in the normal examples. Additionally, the test sequence combines actions in a way that deviates from the sequential and repetitive nature of the normal examples."
13332,"['7', '1', '1', '1', '3', '4', '2', '2', '2', '4', '3', '4', '3', '9', '9', '9', '9', '9', '9', '9', '9', '9', '9', '8', '9', '9', '9', '9', '9', '10', '10', '6', '6', '6', '5', '5', '5']","[4, 3, 4, 3, 9, 9, 9, 9, 9, 9, 9, 9, 9, 9]",action,"The test sequence does not follow the same pattern as the normal example sequences. In the normal examples, the PacketResponder process always comes before the Receiving block process, but in the test sequence, the order is reversed, indicating an abnormal execution flow."
13335,"['1', '7', '1', '1', '3', '4', '2', '3', '4', '2', '3', '4', '2', '9', '8', '9', '10', '10', '6', '6', '6', '5', '5', '5']","[1, 7, 1, 1, 3, 4, 2, 3, 4, 2, 3, 4, 2, 9, 8, 9, 10, 10, 6, 6, 6, 5, 5, 5]",entity,"The test sequence includes multiple instances of initiating a PacketResponder for block blk_ and receiving the block blk_ from an unknown source, which are not present in any of the normal example sequences. This deviation from the normal flow indicates an abnormal execution workflow."
13521,"['1', '7', '1', '1', '3', '4', '3', '4', '3', '4', '2', '2', '13', '2', '14', '1', '12', '2', '11', '5', '8', '6', '6', '6', '5', '5', '5']","[1, 7, 1, 1, 3, 4, 3, 4, 3, 4, 2, 2, 13, 2, 14, 1, 12, 2, 11, 5, 8, 6, 6, 6, 5, 5, 5]",entity,"The test sequence includes several actions that are not present in any of the normal example sequences, such as BLOCK* asks datanode(s) to replicate, Starting thread to transfer block, and Received block blk_. Additionally, the sequence does not follow the patterns observed in the normal examples, making it significantly different from the normal workflows."
13579,"['1', '7', '1', '1', '3', '4', '2', '2', '2', '3', '4', '3', '4', '8', '6', '6', '6', '5', '15', '5', '5']","[1, 7, 1, 1, 3, 4, 2, 2, 2, 3, 4, 3, 4, 8, 6, 6, 6, 5, 15, 5, 5]",entity,"The test sequence includes additional processes such as 'deleting block file', 'Error deleting block blk_', and 'The execution sequence involves deleting a block file twice' that are not present in any of the normal example sequences. These extra processes indicate an abnormal execution workflow."
13689,"['1', '7']","[1, 7]",entity,"The test sequence is abnormal because it starts with 'receiving block blk_' instead of the typical starting point 'NameSystem allocateBlock'. Additionally, the order of processes in the test sequence is different from the normal example sequences provided."
13830,"['1', '7', '3', '4', '1', '3', '4', '1', '4', '2', '2', '2', '3', '8', '10', '6', '6', '6', '5', '5', '5']","[1, 7, 3, 4, 1, 3, 4, 1, 4, 2, 2, 2, 3, 8, 10, 6, 6, 6, 5, 5, 5]",entity,"The test sequence does not follow the typical pattern seen in the normal example sequences. In the normal sequences, there is a clear and consistent flow of processes involving receiving blocks, initiating PacketResponders, adding stored blocks, serving blocks, and deleting blocks in a sequential manner. However, the test sequence deviates from this pattern by repeating the action of receiving block blk_ multiple times from an unknown source, which is not seen in the normal sequences. This deviation indicates an abnormal execution workflow."
14109,"['7', '1', '1', '1', '3', '4', '3', '4', '2', '2', '2', '3', '4', '9', '9', '8', '10', '10', '6', '6', '6', '5', '5', '18', '2', '5']",[18],status,"The log message indicates an InterruptedIOException which suggests a problem with IO operations, likely due to a timeout or interruption."
14222,"['1', '7', '1', '1', '3', '4', '3', '4', '3', '4', '13', '2', '2', '14', '2', '1', '12', '11', '2', '5', '8', '10', '6', '6', '6', '5', '5', '5']","[1, 7, 1, 1, 3, 4, 3, 4, 3, 4, 13, 2, 2, 14, 2, 1, 12, 11, 2, 5, 8, 10, 6, 6, 6, 5, 5, 5]",entity,"The test sequence includes processes that are not part of the normal example sequences, such as BLOCK* asks datanode(s) to replicate, Starting thread to transfer block, and NameSystem adding stored block at unexpected positions. Additionally, the test sequence lacks the expected patterns of receiving block sequentially, initiating PacketResponder, and verifying/deleting blocks in a sequential manner as seen in the normal examples."
14298,"['1', '7', '1', '1', '3', '4', '3', '4', '3', '4', '2', '2', '13', '2', '1', '12', '14', '2', '11', '5', '8', '6', '6', '6', '5', '5', '5']","[1, 7, 1, 1, 3, 4, 3, 4, 3, 4, 2, 2, 13, 2, 1, 12, 14, 2, 11, 5, 8, 6, 6, 6, 5, 5, 5]",entity,"The test sequence includes additional processes such as BLOCK* asks datanode(s) to replicate and Starting thread to transfer block, which do not appear in any of the normal example sequences. This deviation from the normal workflows indicates an abnormal execution workflow."
15443,"['1', '7', '1', '16']",[16],status,"The log message indicates an exception due to a socket timeout while waiting for a channel to be ready, which is not a normal execution process."
15550,"['1', '1', '7', '1', '3', '4', '4', '3', '4', '2', '3', '2', '19', '2', '9', '9', '8', '10', '6', '6', '6', '5', '5', '5']",[19],status,"The log message indicates a SocketTimeoutException, which is an abnormal condition indicating a timeout while waiting for a channel to be ready for read."
15592,"['7', '1', '1', '16']",[16],status,"The log message indicates an exception due to a socket timeout while waiting for a channel to be ready, which is not a normal execution process."
15730,"['1', '7']","[1, 7]",entity,"The test sequence is abnormal because it starts with 'receiving block blk_' instead of the typical starting point 'NameSystem allocateBlock'. Additionally, the order of processes in the test sequence is different from the normal example sequences provided."
15755,"['1', '1', '1', '7', '3', '4', '3', '4', '3', '4', '2', '2', '2', '9', '8', '9', '10', '10', '6', '6', '6', '5', '5', '5', '15']","[1, 1, 1, 7, 3, 4, 3, 4, 3, 4, 2, 2, 2, 9, 8, 9, 10, 10, 6, 6, 6, 5, 5, 5, 15]",entity,The test sequence includes an additional step (Error deleting block blk_) that is not present in any of the normal example sequences. This deviation from the expected sequence of processes indicates an abnormal execution workflow.
15887,"['1', '1', '7', '1', '3', '4', '3', '4', '3', '4', '2', '2', '2', '9', '9', '8', '10', '6', '6', '6', '5', '5', '18', '2', '5']",[18],status,"The log message indicates an InterruptedIOException which suggests a problem with IO operations, likely due to a timeout or interruption."
16187,"['1', '7', '1', '1', '3', '4', '3', '4', '3', '4', '2', '2', '2', '9', '9', '8', '10', '6', '6', '6', '5', '5', '18', '2', '5']",[18],status,"The log message indicates an InterruptedIOException which suggests a problem with IO operations, likely due to a timeout or interruption."
16218,"['1', '7']","[1, 7]",entity,"The test sequence is abnormal because it starts with 'receiving block blk_' instead of the typical starting point 'NameSystem allocateBlock'. Additionally, the order of processes in the test sequence is different from the normal example sequences provided."
16644,"['1', '1', '7', '1', '3', '4', '2', '3', '4', '2', '3', '4', '2', '9', '9', '8', '6', '6', '6', '5', '5', '5']","[1, 1, 7, 1, 3, 4, 2, 3, 4, 2, 3, 4, 2, 9, 9, 8, 6, 6, 6, 5, 5, 5]",entity,"The test sequence deviates from the normal sequences by repeating the action of initiating a PacketResponder for block blk_ and receiving block blk_ from an unknown source multiple times in a row. This pattern is not present in any of the normal example sequences, indicating an abnormal execution workflow."
16676,"['1', '7', '1', '1', '3', '4', '3', '4', '2', '2', '3', '4', '2', '9', '8', '9', '6', '6', '6', '5', '5', '15', '5']","[1, 7, 1, 1, 3, 4, 3, 4, 2, 2, 3, 4, 2, 9, 8, 9, 6, 6, 6, 5, 5, 15, 5]",entity,"The test sequence deviates from the normal execution workflows in the following ways: 1. The sequence includes an additional step of adding a stored block in the NameSystem, which is not present in any of the normal examples. 2. The test sequence involves an error while serving block blk_ and deleting block file twice, which are not part of the normal examples. 3. The test sequence does not follow the pattern of alternating between initiating PacketResponders and receiving blocks, as seen in the normal examples."
16762,"['1', '1', '1', '7', '3', '4', '3', '4', '3', '4', '2', '2', '2', '9', '8', '9', '10', '10', '6', '6', '6', '5', '5', '18', '2', '5']",[18],status,"The log message indicates an InterruptedIOException which suggests a problem with IO operations, likely due to a timeout or interruption."
17182,"['1', '7', '1', '1', '3', '4', '3', '4', '2', '2', '2', '3', '4', '9', '9', '8', '10', '6', '6', '6', '5', '5', '5', '15']","[1, 7, 1, 1, 3, 4, 3, 4, 2, 2, 2, 3, 4, 9, 9, 8, 10, 6, 6, 6, 5, 5, 5, 15]",entity,"The test sequence contains several inconsistencies compared to the normal example sequences. For example, the test sequence includes an error in deleting a block, which is not present in any of the normal sequences. Additionally, the test sequence has multiple instances of exceptions while serving a block, which do not align with the patterns seen in the normal examples. Overall, the test sequence shows deviations from the expected flow of processes seen in the normal examples, indicating an abnormal execution workflow."
17226,"['1', '1', '7', '16']",[16],status,"The log message indicates an exception due to a socket timeout while waiting for a channel to be ready, which is not a normal execution process."
17733,"['1', '1', '7', '1', '3', '4', '3', '4', '2', '2', '3', '4', '2', '9', '8', '9', '10', '6', '6', '6', '5', '5', '18', '2', '5']",[18],status,"The log message indicates an InterruptedIOException which suggests a problem with IO operations, likely due to a timeout or interruption."
17790,"['1', '7']","[1, 7]",entity,"The test sequence is abnormal because it starts with 'receiving block blk_' instead of the typical starting point 'NameSystem allocateBlock'. Additionally, the order of processes in the test sequence is different from the normal example sequences provided."
18209,"['7', '1', '1', '1', '3', '4', '2', '3', '4', '3', '4', '2', '2', '9', '8', '9', '6', '6', '6', '5', '5', '18', '2', '5']",[18],status,"The log message indicates an InterruptedIOException which suggests a problem with IO operations, likely due to a timeout or interruption."
18371,"['1', '7']","[1, 7]",entity,"The test sequence is abnormal because it starts with 'receiving block blk_' instead of the typical starting point 'NameSystem allocateBlock'. Additionally, the order of processes in the test sequence is different from the normal example sequences provided."
18663,"['7', '1']","[7, 1]",entity,"The test sequence deviates from the normal flows as it does not follow the sequential pattern of handling and receiving blocks as seen in the normal example sequences. In the normal examples, there is a consistent flow of handling and receiving blocks in a specific order, but the test sequence only includes handling and receiving one block which is different from the expected pattern."
18878,"['1', '1', '7', '1', '3', '4', '3', '4', '3', '4', '13', '2', '2', '2', '14', '11', '1', '12', '2', '5', '8', '9', '6', '6', '6', '5', '5', '5']","[1, 1, 7, 1, 3, 4, 3, 4, 3, 4, 13, 2, 2, 2, 14, 11, 1, 12, 2, 5, 8, 9, 6, 6, 6, 5, 5, 5]",entity,"The test sequence includes additional processes such as BLOCK* asks datanode(s) to replicate, Starting thread to transfer block, and NameSystem adding stored block, which are not present in any of the normal example sequences. Additionally, the sequence of actions in the test sequence deviates from the patterns observed in the normal examples, indicating an abnormal workflow."
18890,"['7', '1', '1', '1', '3', '4', '2', '3', '4', '2', '3', '4', '2', '9', '9', '8', '6', '6', '6', '5', '5', '5']","[7, 1, 1, 1, 3, 4, 2, 3, 4, 2, 3, 4, 2, 9, 9, 8, 6, 6, 6, 5, 5, 5]",entity,"The test sequence includes multiple instances of initiating PacketResponders and receiving blocks in a repetitive manner, which is not consistent with the normal examples provided. Additionally, encountering exceptions while serving blocks multiple times and the repetitive deletion of blocks added to an invalid set are abnormal behaviors not observed in the normal examples."
18906,"['1', '7']","[1, 7]",entity,"The test sequence is abnormal because it starts with 'receiving block blk_' instead of the typical starting point 'NameSystem allocateBlock'. Additionally, the order of processes in the test sequence is different from the normal example sequences provided."
19226,"['7', '1', '1', '1', '3', '4', '3', '4', '3', '4', '2', '2', '2', '9', '9', '8', '10', '6', '6', '6', '5', '15', '5', '5']","[7, 1, 1, 1, 3, 4, 3, 4, 3, 4, 2, 2, 2, 9, 9, 8, 10, 6, 6, 6, 5, 15, 5, 5]",entity,"The test sequence differs from the normal examples in the following ways: 1) The test sequence includes additional steps of 'deleting block file' and 'Error deleting block blk_', which are not present in any of the normal examples. 2) The test sequence also contains an extra step of 'The execution sequence involves deleting a block file twice', which is not a common pattern in the normal examples. These discrepancies indicate that the test sequence represents an abnormal execution workflow."
19318,"['1', '1', '1', '7', '3', '4', '3', '4', '3', '4', '2', '2', '2', '9', '8', '9', '10', '6', '6', '6', '5', '5', '5', '15']","[1, 1, 1, 7, 3, 4, 3, 4, 3, 4, 2, 2, 2, 9, 8, 9, 10, 6, 6, 6, 5, 5, 5, 15]",entity,The test sequence includes an additional step of 'Error deleting block blk_' which is not present in any of the normal example sequences. This deviation indicates an abnormal execution workflow.
19502,"['7', '1', '1', '16']",[16],status,"The log message indicates an exception due to a socket timeout while waiting for a channel to be ready, which is not a normal execution process."
19686,"['7', '1']","[7, 1]",entity,"The test sequence deviates from the normal flows as it does not follow the sequential pattern of handling and receiving blocks as seen in the normal example sequences. In the normal examples, there is a consistent flow of handling and receiving blocks in a specific order, but the test sequence only includes handling and receiving one block which is different from the expected pattern."
19712,"['1', '7']","[1, 7]",entity,"The test sequence is abnormal because it starts with 'receiving block blk_' instead of the typical starting point 'NameSystem allocateBlock'. Additionally, the order of processes in the test sequence is different from the normal example sequences provided."
19955,"['1', '1', '7', '16']",[16],status,"The log message indicates an exception due to a socket timeout while waiting for a channel to be ready, which is not a normal execution process."
19997,"['1', '1', '1', '7', '3', '4', '3', '4', '3', '4', '2', '2', '2', '9', '9', '8', '10', '6', '6', '6', '5', '15', '5', '5']","[1, 1, 1, 7, 3, 4, 3, 4, 3, 4, 2, 2, 2, 9, 9, 8, 10, 6, 6, 6, 5, 15, 5, 5]",entity,The test sequence includes additional actions such as 'deleting block file' and 'Error deleting block blk_' that are not present in any of the normal example sequences. These unexpected actions indicate an abnormal execution workflow.
20008,"['1', '1', '7', '1', '3', '4', '3', '4', '3', '4', '2', '2', '2', '9', '8', '9', '10', '10', '6', '6', '6', '5', '5', '5', '15']","[1, 1, 7, 1, 3, 4, 3, 4, 3, 4, 2, 2, 2, 9, 8, 9, 10, 10, 6, 6, 6, 5, 5, 5, 15]",entity,The test sequence includes an additional step 'Error deleting block blk_' which is not present in any of the normal example sequences. This deviation from the normal flow indicates an abnormal execution workflow.
20099,"['1', '7', '1', '1', '3', '4', '3', '4', '3', '4', '2', '2', '2', '9', '8', '9', '6', '6', '6', '5', '15', '5', '5']","[1, 7, 1, 1, 3, 4, 3, 4, 3, 4, 2, 2, 2, 9, 8, 9, 6, 6, 6, 5, 15, 5, 5]",entity,The test sequence includes an additional step of 'deleting block file' followed by 'Error deleting block blk_' and 'The execution sequence involves deleting a block file twice' which are not present in any of the normal example sequences. This deviation indicates an abnormal execution workflow.
20120,"['1', '1', '7', '16']",[16],status,"The log message indicates an exception due to a socket timeout while waiting for a channel to be ready, which is not a normal execution process."
20207,"['1', '7']","[1, 7]",entity,"The test sequence is abnormal because it starts with 'receiving block blk_' instead of the typical starting point 'NameSystem allocateBlock'. Additionally, the order of processes in the test sequence is different from the normal example sequences provided."
20526,"['1', '7', '1', '1', '3', '4', '3', '4', '3', '4', '2', '2', '2', '9', '8', '9', '6', '6', '6', '5', '5', '5', '15']","[1, 7, 1, 1, 3, 4, 3, 4, 3, 4, 2, 2, 2, 9, 8, 9, 6, 6, 6, 5, 5, 5, 15]",entity,"The test sequence includes an additional step of 'Error deleting block blk_', which is not present in any of the normal example sequences. This deviation indicates an abnormal execution workflow."
20572,"['1', '1', '7', '1', '3', '4', '3', '4', '3', '4', '2', '2', '2', '9', '9', '8', '10', '6', '6', '6', '5', '15', '5', '5']","[1, 1, 7, 1, 3, 4, 3, 4, 3, 4, 2, 2, 2, 9, 9, 8, 10, 6, 6, 6, 5, 15, 5, 5]",entity,"The test sequence includes abnormal occurrences such as encountering an exception while serving a block twice, which is not present in any of the normal example sequences. Additionally, the sequence involves an error while deleting a block and deleting a block file twice, which deviates from the patterns seen in the normal examples."
20650,"['1', '1', '7', '1', '3', '4', '3', '4', '2', '2', '3', '4', '2', '9', '8', '9', '10', '6', '6', '6', '5', '5', '18', '2', '5']",[18],status,"The log message indicates an InterruptedIOException which suggests a problem with IO operations, likely due to a timeout or interruption."
20787,"['1', '1', '7', '1', '4', '2', '3', '4', '3', '2', '3', '4', '2', '9', '8', '9', '10', '6', '6', '6', '5', '5', '5']","[1, 1, 7, 1, 4, 2, 3, 4, 3, 2, 3, 4, 2, 9, 8, 9, 10, 6, 6, 6, 5, 5, 5]",entity,The test sequence deviates from the normal execution workflows by introducing additional steps such as receiving block blk_ from / before the expected sequence. This abnormality in the order of processes indicates an abnormal execution workflow.
20980,"['1', '7', '1', '1', '3', '4', '3', '4', '3', '4', '2', '2', '2', '9', '8', '10', '9', '10', '6', '6', '6', '5', '15', '5', '5']","[1, 7, 1, 1, 3, 4, 3, 4, 3, 4, 2, 2, 2, 9, 8, 10, 9, 10, 6, 6, 6, 5, 15, 5, 5]",entity,The test sequence includes additional actions such as 'Error deleting block blk_' and 'The execution sequence involves deleting a block file twice' which are not present in any of the normal example sequences. These extra actions indicate deviations from the normal flow and suggest an abnormal execution workflow.
21179,"['1', '1', '7', '1', '3', '4', '2', '3', '4', '3', '4', '2', '2', '10', '9', '10', '8', '9', '9', '9', '9', '9', '9', '9', '9', '9', '9', '9', '9', '9', '9', '10', '6', '6', '6', '5', '5', '5']","[10, 9, 10]",action,"The test sequence includes a mix of successful verifications and exceptions, which is not consistent with the normal example sequences where either all verifications or all exceptions were encountered in a sequential manner."
21250,"['1', '1', '7', '16']",[16],status,"The log message indicates an exception due to a socket timeout while waiting for a channel to be ready, which is not a normal execution process."
21277,"['1', '1', '7', '1', '3', '4', '3', '4', '3', '4', '2', '2', '2', '9', '8', '9', '10', '6', '6', '6', '5', '5', '18', '2', '5']",[18],status,"The log message indicates an InterruptedIOException which suggests a problem with IO operations, likely due to a timeout or interruption."
21557,"['1', '1', '1', '7', '3', '4', '3', '4', '3', '4', '2', '2', '2', '9', '9', '8', '6', '6', '6', '5', '5', '18', '2', '5']",[18],status,"The log message indicates an InterruptedIOException which suggests a problem with IO operations, likely due to a timeout or interruption."
21575,"['1', '1', '1', '7', '4', '2', '3', '4', '3', '3', '4', '2', '13', '14', '11', '1', '12', '2', '2', '5', '8', '10', '6', '6', '6', '5', '5', '5']","[1, 1, 1, 7, 4, 2, 3, 4, 3, 3, 4, 2, 13, 14, 11, 1, 12, 2, 2, 5, 8, 10, 6, 6, 6, 5, 5, 5]",entity,"The test sequence includes several processes that are not present in any of the normal example sequences, such as BLOCK* asks datanode(s) to replicate, Starting thread to transfer block, and deleting block file. Additionally, the order and combination of processes in the test sequence differ significantly from the normal example sequences, indicating an abnormal execution workflow."
21645,"['1', '7', '1', '1', '3', '4', '3', '4', '3', '4', '2', '2', '13', '14', '2', '1', '2', '11', '12', '5', '8', '6', '6', '6', '5', '5', '5']","[1, 7, 1, 1, 3, 4, 3, 4, 3, 4, 2, 2, 13, 14, 2, 1, 2, 11, 12, 5, 8, 6, 6, 6, 5, 5, 5]",entity,"The test sequence includes several processes that are not present in any of the normal example sequences, such as BLOCK* asks datanode(s) to replicate, Starting thread to transfer block, receiving block blk_ multiple times in a non-sequential manner, and NameSystem adding stored block multiple times in a non-sequential manner. These deviations from the normal sequences indicate an abnormal execution workflow."
21726,"['1', '1', '7', '16']",[16],status,"The log message indicates an exception due to a socket timeout while waiting for a channel to be ready, which is not a normal execution process."
21997,"['1', '1', '1', '7', '3', '4', '2', '3', '4', '3', '4', '2', '2', '9', '9', '8', '6', '6', '6', '5', '5', '18', '2', '5']",[18],status,"The log message indicates an InterruptedIOException which suggests a problem with IO operations, likely due to a timeout or interruption."
22034,"['1', '1', '1', '7', '3', '4', '3', '4', '3', '4', '2', '2', '19', '2', '9', '8', '9', '6', '6', '6', '5', '5', '5']",[19],status,"The log message indicates a SocketTimeoutException, which is an abnormal condition indicating a timeout while waiting for a channel to be ready for read."
22074,"['1', '1', '7', '1', '3', '4', '3', '3', '4', '4', '2', '2', '2', '9', '8', '9', '6', '6', '6', '5', '5', '15', '5']","[1, 1, 7, 1, 3, 4, 3, 3, 4, 4, 2, 2, 2, 9, 8, 9, 6, 6, 6, 5, 5, 15, 5]",entity,"The test sequence includes actions and events that are not present in any of the normal example sequences provided. Specifically, the test sequence includes handling responses related to a specific block, receiving the block from different locations, and errors related to deleting blocks. These actions deviate significantly from the patterns observed in the normal example sequences, indicating an abnormal execution workflow."
22512,"['1', '7']","[1, 7]",entity,"The test sequence is abnormal because it starts with 'receiving block blk_' instead of the typical starting point 'NameSystem allocateBlock'. Additionally, the order of processes in the test sequence is different from the normal example sequences provided."
22677,"['7', '1']","[7, 1]",entity,"The test sequence deviates from the normal flows as it does not follow the sequential pattern of handling and receiving blocks as seen in the normal example sequences. In the normal examples, there is a consistent flow of handling and receiving blocks in a specific order, but the test sequence only includes handling and receiving one block which is different from the expected pattern."
22783,"['1', '7', '1', '1', '3', '4', '3', '4', '3', '4', '2', '2', '2', '9', '8', '9', '10', '6', '6', '6', '5', '5', '15', '5']","[1, 7, 1, 1, 3, 4, 3, 4, 3, 4, 2, 2, 2, 9, 8, 9, 10, 6, 6, 6, 5, 5, 15, 5]",entity,"The test sequence includes abnormal actions such as 'Exception while serving blk_', 'Error deleting block blk_', and 'deleting block file' which are not present in any of the normal example sequences. Additionally, the sequence of actions in the test sequence does not follow the patterns seen in the normal examples, indicating an abnormal workflow."
22968,"['1', '1', '1', '7', '3', '4', '3', '4', '3', '4', '2', '2', '14', '13', '2', '1', '12', '11', '2', '5', '8', '10', '6', '6', '6', '5', '5', '5']","[1, 1, 1, 7, 3, 4, 3, 4, 3, 4, 2, 2, 14, 13, 2, 1, 12, 11, 2, 5, 8, 10, 6, 6, 6, 5, 5, 5]",entity,"The test sequence includes processes that are not present in any of the normal example sequences. Specifically, the processes 'Starting thread to transfer block', 'BLOCK* asks datanode(s) to replicate', and 'deleting block file' are not part of any normal execution workflow. Therefore, the test sequence is deemed abnormal."
22976,"['1', '7', '1', '16']",[16],status,"The log message indicates an exception due to a socket timeout while waiting for a channel to be ready, which is not a normal execution process."
23268,"['1', '7', '1', '16']",[16],status,"The log message indicates an exception due to a socket timeout while waiting for a channel to be ready, which is not a normal execution process."
23411,"['1', '1', '1', '7', '3', '4', '3', '4', '3', '4', '2', '2', '2', '10', '9', '8', '9', '6', '6', '6', '5', '15', '5', '5']","[1, 1, 1, 7, 3, 4, 3, 4, 3, 4, 2, 2, 2, 10, 9, 8, 9, 6, 6, 6, 5, 15, 5, 5]",entity,"The test sequence deviates from the normal execution workflows in the following ways: encountering an exception while serving a block, successfully verifying a block but encountering an exception while serving another block, and the sequence of deleting a block file twice instead of three times as seen in the normal examples."
23497,"['1', '1', '7', '1', '3', '4', '4', '2', '3', '2', '3', '4', '2', '9', '9', '8', '10', '10', '6', '6', '6', '5', '5', '5']","[1, 1, 7, 1, 3, 4, 4, 2, 3, 2, 3, 4, 2, 9, 9, 8, 10, 10, 6, 6, 6, 5, 5, 5]",entity,"The test sequence deviates from the normal example sequences in terms of the sequence of actions. In the normal examples, the sequence involves receiving a block, followed by initiating a PacketResponder, and then adding a stored block. However, in the test sequence, the order of actions is different, with the addition of actions like 'PacketResponder for block blk_' and 'The system begins by receiving a block named blk_ from a specific location.' These deviations indicate an abnormal execution workflow."
23770,"['1', '7', '1', '16']",[16],status,"The log message indicates an exception due to a socket timeout while waiting for a channel to be ready, which is not a normal execution process."
23835,"['7', '1']","[7, 1]",entity,"The test sequence deviates from the normal flows as it does not follow the sequential pattern of handling and receiving blocks as seen in the normal example sequences. In the normal examples, there is a consistent flow of handling and receiving blocks in a specific order, but the test sequence only includes handling and receiving one block which is different from the expected pattern."
24062,"['1', '7']","[1, 7]",entity,"The test sequence is abnormal because it starts with 'receiving block blk_' instead of the typical starting point 'NameSystem allocateBlock'. Additionally, the order of processes in the test sequence is different from the normal example sequences provided."
24075,"['1', '1', '7', '1', '3', '4', '3', '4', '3', '4', '2', '2', '2', '9', '8', '9', '6', '6', '6', '5', '5', '15', '5']","[1, 1, 7, 1, 3, 4, 3, 4, 3, 4, 2, 2, 2, 9, 8, 9, 6, 6, 6, 5, 5, 15, 5]",entity,"The test sequence includes additional actions such as 'Error deleting block blk_' and 'deleting block file' that are not present in any of the normal example sequences. These extra actions indicate a deviation from the expected normal_flows execution workflow, suggesting an abnormal_flows execution workflow."
24416,"['1', '1', '1', '7', '3', '4', '3', '4', '3', '4', '2', '2', '2', '9', '9', '8', '10', '6', '6', '6', '5', '5', '15', '5']","[1, 1, 1, 7, 3, 4, 3, 4, 3, 4, 2, 2, 2, 9, 9, 8, 10, 6, 6, 6, 5, 5, 15, 5]",entity,"The test sequence indicates an abnormal_flows execution workflow because it includes errors such as encountering an exception while serving a block, which occurred twice in a sequential manner (Step 4), followed by an error deleting block blk_ (Step 8). These abnormal actions deviate from the normal execution workflows observed in the example sequences."
24676,"['1', '1', '1', '7', '3', '4', '3', '4', '3', '4', '2', '2', '2', '9', '8', '9', '10', '6', '6', '6', '5', '5', '5', '15']","[1, 1, 1, 7, 3, 4, 3, 4, 3, 4, 2, 2, 2, 9, 8, 9, 10, 6, 6, 6, 5, 5, 5, 15]",entity,The test sequence includes an additional step of 'Error deleting block blk_' which is not present in any of the normal example sequences. This deviation indicates an abnormal execution workflow.
24847,"['1', '1', '7', '1', '3', '4', '3', '4', '3', '4', '2', '2', '2', '9', '9', '8', '6', '6', '6', '5', '5', '15', '5']","[1, 1, 7, 1, 3, 4, 3, 4, 3, 4, 2, 2, 2, 9, 9, 8, 6, 6, 6, 5, 5, 15, 5]",entity,"The test sequence includes additional actions such as deleting a block file twice and encountering an error while deleting a block. These actions are not present in any of the normal example sequences, indicating an abnormal execution workflow."
25435,"['1', '1', '1', '7', '3', '4', '3', '4', '4', '2', '2', '3', '19', '2', '9', '9', '8', '6', '6', '6', '5', '5', '5']",[19],status,"The log message indicates a SocketTimeoutException, which is an abnormal condition indicating a timeout while waiting for a channel to be ready for read."
25644,"['1', '7', '1', '16']",[16],status,"The log message indicates an exception due to a socket timeout while waiting for a channel to be ready, which is not a normal execution process."
25757,"['1', '7', '1', '1', '3', '3', '4', '4', '3', '4', '2', '2', '13', '2', '38', '1', '37', '14', '8', '6', '6', '6', '5', '5', '5']",[38],status,Receiving an empty packet for a block can indicate a potential issue with data transmission or data corruption.
26099,"['1', '1', '1', '7', '3', '4', '3', '4', '3', '4', '2', '2', '2', '9', '8', '9', '6', '6', '6', '5', '5', '18', '2', '5']",[18],status,"The log message indicates an InterruptedIOException which suggests a problem with IO operations, likely due to a timeout or interruption."
26227,"['1', '7', '1', '1', '4', '2', '3', '4', '3', '2', '3', '4', '2', '9', '8', '9', '6', '6', '6', '5', '5', '5']","[1, 7, 1, 1, 4, 2, 3, 4, 3, 2, 3, 4, 2, 9, 8, 9, 6, 6, 6, 5, 5, 5]",entity,"The test sequence deviates from the normal flows as seen in the example sequences. In the normal flows, the sequence involved initiating a PacketResponder for the block, followed by receiving the block from a specific source. However, in the test sequence, the order of actions is different, with the block being received from / before the PacketResponder is initiated, which is not consistent with the normal flows."
26576,"['7', '1']","[7, 1]",entity,"The test sequence deviates from the normal flows as it does not follow the sequential pattern of handling and receiving blocks as seen in the normal example sequences. In the normal examples, there is a consistent flow of handling and receiving blocks in a specific order, but the test sequence only includes handling and receiving one block which is different from the expected pattern."
26712,"['1', '1', '7', '16']",[16],status,"The log message indicates an exception due to a socket timeout while waiting for a channel to be ready, which is not a normal execution process."
27114,"['1', '1', '7', '1', '3', '4', '3', '4', '3', '4', '2', '2', '2', '9', '8', '9', '10', '6', '6', '6', '5', '5', '18', '2', '5']",[18],status,"The log message indicates an InterruptedIOException which suggests a problem with IO operations, likely due to a timeout or interruption."
27231,"['7', '1', '1', '1', '3', '4', '2', '3', '4', '2', '3', '4', '2', '9', '9', '8', '10', '6', '6', '6', '5', '5', '5']","[7, 1, 1, 1, 3, 4, 2, 3, 4, 2, 3, 4, 2, 9, 9, 8, 10, 6, 6, 6, 5, 5, 5]",entity,"The test sequence includes multiple repetitions of initiating a PacketResponder for the same block, which is not seen in any of the normal example sequences. Additionally, the test sequence has a different order of actions compared to the normal examples, indicating an abnormal execution workflow."
27306,"['1', '7']","[1, 7]",entity,"The test sequence is abnormal because it starts with 'receiving block blk_' instead of the typical starting point 'NameSystem allocateBlock'. Additionally, the order of processes in the test sequence is different from the normal example sequences provided."
27393,"['1', '7']","[1, 7]",entity,"The test sequence is abnormal because it starts with 'receiving block blk_' instead of the typical starting point 'NameSystem allocateBlock'. Additionally, the order of processes in the test sequence is different from the normal example sequences provided."
27750,"['1', '7', '1', '1', '3', '4', '3', '4', '3', '4', '2', '2', '13', '2', '14', '1', '12', '11', '2', '5', '8', '6', '6', '6', '5', '5', '5']","[1, 7, 1, 1, 3, 4, 3, 4, 3, 4, 2, 2, 13, 2, 14, 1, 12, 11, 2, 5, 8, 6, 6, 6, 5, 5, 5]",entity,"The test sequence includes several new and different processes that are not present in any of the normal example sequences. These new processes, such as BLOCK* asks datanode(s) to replicate, Starting thread to transfer block, and deleting block file, indicate an abnormal execution flow compared to the normal flows observed in the example sequences."
28497,"['1', '7', '1', '1', '3', '4', '3', '4', '3', '4', '2', '2', '13', '2', '14', '1', '12', '11', '2', '5', '8', '9', '6', '6', '6', '5', '5', '5']","[1, 7, 1, 1, 3, 4, 3, 4, 3, 4, 2, 2, 13, 2, 14, 1, 12, 11, 2, 5, 8, 9, 6, 6, 6, 5, 5, 5]",entity,"The test sequence differs significantly from the normal example sequences in terms of the sequence of actions. It includes a mix of actions that are not present in any of the normal examples, such as BLOCK* asking datanode(s) to replicate and starting a thread to transfer block. Additionally, the repetitive action of deleting a block added to an invalid set three times sequentially is not seen in the normal examples. These deviations indicate that the test sequence represents an abnormal execution workflow."
28528,"['1', '1', '7', '16']",[16],status,"The log message indicates an exception due to a socket timeout while waiting for a channel to be ready, which is not a normal execution process."
28530,"['7', '1', '1', '1', '3', '4', '3', '4', '3', '4', '2', '2', '2', '9', '9', '8', '10', '6', '6', '6', '5', '5', '5', '15']","[7, 1, 1, 1, 3, 4, 3, 4, 3, 4, 2, 2, 2, 9, 9, 8, 10, 6, 6, 6, 5, 5, 5, 15]",entity,The test sequence includes an additional step (step 8: Error deleting block blk_) that is not present in any of the normal example sequences. This deviation from the normal flow indicates an abnormal execution workflow.
28978,"['1', '1', '1', '7', '3', '4', '3', '4', '3', '4', '2', '2', '2', '8', '6', '6', '6', '5', '5', '18', '2', '5']",[18],status,"The log message indicates an InterruptedIOException which suggests a problem with IO operations, likely due to a timeout or interruption."
29107,"['1', '7', '1', '1', '3', '4', '3', '4', '2', '2', '3', '4', '2', '9', '8', '9', '6', '6', '6', '5', '5', '15', '5']","[1, 7, 1, 1, 3, 4, 3, 4, 2, 2, 3, 4, 2, 9, 8, 9, 6, 6, 6, 5, 5, 15, 5]",entity,"The test sequence deviates from the normal execution workflows in the following ways: 1. The sequence includes an additional step of adding a stored block in the NameSystem, which is not present in any of the normal examples. 2. The test sequence involves an error while serving block blk_ and deleting block file twice, which are not part of the normal examples. 3. The test sequence does not follow the pattern of alternating between initiating PacketResponders and receiving blocks, as seen in the normal examples."
29596,"['1', '1', '7', '1', '3', '4', '3', '4', '3', '4', '2', '2', '13', '14', '2', '1', '12', '11', '2', '5', '9', '8', '6', '6', '6', '5', '5', '5']","[1, 1, 7, 1, 3, 4, 3, 4, 3, 4, 2, 2, 13, 14, 2, 1, 12, 11, 2, 5, 9, 8, 6, 6, 6, 5, 5, 5]",entity,"The test sequence deviates from the normal flows as it includes a mix of actions that are not consistent with the examples provided. The sequence lacks the repetitive and sequential pattern seen in the normal examples, and also contains additional actions such as transmitting block, BLOCK* asks datanode(s) to replicate, and starting thread to transfer block. These inconsistencies suggest an abnormal execution workflow."
29887,"['7', '1', '1', '1', '13', '3', '4', '3', '4', '3', '4', '2', '2', '14', '2', '1', '12', '11', '2', '5', '8', '10', '6', '6', '6', '5', '5', '5']","[7, 1, 1, 1, 13, 3, 4, 3, 4, 3, 4, 2, 2, 14, 2, 1, 12, 11, 2, 5, 8, 10, 6, 6, 6, 5, 5, 5]",entity,"The test sequence includes several processes that are not present in any of the normal example sequences, such as BLOCK* asks datanode(s) to replicate, Starting thread to transfer block, and NameSystem adding stored block. Additionally, the order of processes in the test sequence is different from the normal sequences, indicating an abnormal execution workflow."
30167,"['1', '7', '1', '1', '3', '4', '3', '4', '2', '2', '3', '4', '2', '9', '9', '8', '10', '6', '6', '6', '5', '5', '18', '2', '5']",[18],status,"The log message indicates an InterruptedIOException which suggests a problem with IO operations, likely due to a timeout or interruption."
30588,"['1', '7', '1', '1', '3', '4', '3', '4', '3', '4', '2', '2', '2', '9', '9', '8', '10', '10', '6', '6', '6', '5', '5', '18', '2', '5']",[18],status,"The log message indicates an InterruptedIOException which suggests a problem with IO operations, likely due to a timeout or interruption."
30700,"['1', '1', '1', '7', '3', '4', '3', '4', '3', '4', '2', '2', '2', '9', '9', '8', '6', '6', '6', '5', '5', '15', '5']","[1, 1, 1, 7, 3, 4, 3, 4, 3, 4, 2, 2, 2, 9, 9, 8, 6, 6, 6, 5, 5, 15, 5]",entity,"The test sequence includes an additional step that is not present in any of the normal example sequences. Specifically, the step '8: Error deleting block blk_|9: deleting block file' is not part of any of the normal sequences, indicating an abnormal execution workflow."
31144,"['7', '1']","[7, 1]",entity,"The test sequence deviates from the normal flows as it does not follow the sequential pattern of handling and receiving blocks as seen in the normal example sequences. In the normal examples, there is a consistent flow of handling and receiving blocks in a specific order, but the test sequence only includes handling and receiving one block which is different from the expected pattern."
31156,"['1', '1', '1', '7', '3', '4', '3', '4', '3', '4', '2', '2', '2', '9', '9', '8', '10', '6', '6', '6', '5', '5', '18', '2', '5']",[18],status,"The log message indicates an InterruptedIOException which suggests a problem with IO operations, likely due to a timeout or interruption."
31167,"['1', '7', '1', '1', '3', '4', '3', '4', '2', '2', '3', '4', '2', '10', '9', '8', '9', '10', '6', '6', '6', '5', '5', '15', '5']","[1, 7, 1, 1, 3, 4, 3, 4, 2, 2, 3, 4, 2, 10, 9, 8, 9, 10, 6, 6, 6, 5, 5, 15, 5]",entity,"The test sequence deviates from the normal examples in the following ways: 1. The test sequence includes an error message 'Error deleting block blk_', which is not present in any of the normal examples. 2. The test sequence involves deleting a block file twice, which is different from the normal examples where deleting a block file occurs three times in a sequential manner. These deviations indicate an abnormal execution workflow."
31740,"['1', '7', '1', '1', '3', '4', '3', '4', '3', '4', '2', '2', '2', '9', '9', '8', '6', '6', '6', '5', '5', '5', '15']","[1, 7, 1, 1, 3, 4, 3, 4, 3, 4, 2, 2, 2, 9, 9, 8, 6, 6, 6, 5, 5, 5, 15]",entity,The test sequence includes an additional step 'Error deleting block blk_' that is not present in any of the normal example sequences. This indicates an abnormal execution workflow.
31741,"['1', '1', '7', '16']",[16],status,"The log message indicates an exception due to a socket timeout while waiting for a channel to be ready, which is not a normal execution process."
31775,"['1', '1', '7', '1', '3', '4', '3', '4', '3', '4', '2', '2', '2', '9', '9', '8', '9', '9', '9', '9', '9', '9', '9', '9', '9', '9', '9', '9', '9', '9', '9', '9', '9', '9', '9', '9', '9', '9', '9', '9', '9', '10', '10', '6', '6', '6', '5', '5', '5']","[9, 9, 9, 9, 9, 9, 9, 9, 9, 9, 9, 9, 9, 9, 9, 9, 9, 9, 9, 9, 9, 9, 9, 9, 9]",status,"The test sequence is longer than the normal example sequences, indicating a potential abnormal execution workflow. Additionally, the test sequence contains more consecutive 'Exception while serving blk_' processes compared to the normal examples, which could suggest an abnormal pattern."
32365,"['1', '7']","[1, 7]",entity,"The test sequence is abnormal because it starts with 'receiving block blk_' instead of the typical starting point 'NameSystem allocateBlock'. Additionally, the order of processes in the test sequence is different from the normal example sequences provided."
32532,"['1', '7', '1', '16']",[16],status,"The log message indicates an exception due to a socket timeout while waiting for a channel to be ready, which is not a normal execution process."
32807,"['1', '7', '1', '1', '4', '3', '4', '3', '4', '3', '2', '2', '2', '9', '9', '8', '6', '6', '6', '5', '5', '18', '2', '5']",[18],status,"The log message indicates an InterruptedIOException which suggests a problem with IO operations, likely due to a timeout or interruption."
32932,"['1', '7']","[1, 7]",entity,"The test sequence is abnormal because it starts with 'receiving block blk_' instead of the typical starting point 'NameSystem allocateBlock'. Additionally, the order of processes in the test sequence is different from the normal example sequences provided."
33046,"['1', '1', '7', '16']",[16],status,"The log message indicates an exception due to a socket timeout while waiting for a channel to be ready, which is not a normal execution process."
33135,"['1', '1', '7', '1', '3', '4', '3', '4', '3', '4', '2', '2', '2', '9', '8', '9', '10', '6', '6', '6', '5', '5', '18', '2', '5']",[18],status,"The log message indicates an InterruptedIOException which suggests a problem with IO operations, likely due to a timeout or interruption."
33199,"['1', '1', '7', '1', '13', '3', '4', '3', '4', '3', '4', '2', '2', '2', '14', '1', '12', '11', '2', '5', '8', '6', '6', '6', '5', '5', '5']","[1, 1, 7, 1, 13, 3, 4, 3, 4, 3, 4, 2, 2, 2, 14, 1, 12, 11, 2, 5, 8, 6, 6, 6, 5, 5, 5]",entity,"The test sequence includes additional steps such as BLOCK* asks datanode(s) to replicate, Starting thread to transfer block, and NameSystem adding stored block which are not present in any of the normal example sequences. These additional steps indicate deviations from the normal execution workflows, suggesting an abnormal_flows execution workflow."
33366,"['1', '1', '7', '1', '3', '4', '3', '4', '3', '4', '2', '2', '2', '9', '8', '9', '6', '6', '6', '5', '5', '18', '2', '5']",[18],status,"The log message indicates an InterruptedIOException which suggests a problem with IO operations, likely due to a timeout or interruption."
33436,"['1', '7', '1', '1', '3', '4', '2', '3', '4', '2', '3', '4', '2', '9', '8', '9', '10', '6', '6', '6', '5', '5', '5']","[1, 7, 1, 1, 3, 4, 2, 3, 4, 2, 3, 4, 2, 9, 8, 9, 10, 6, 6, 6, 5, 5, 5]",entity,"The test sequence deviates from the normal example sequences as it involves multiple repeated actions of initiating PacketResponders and receiving blocks in a sequential manner, which is not seen in the normal workflows. Additionally, the test sequence includes the action of adding stored blocks after receiving blocks, which is not consistent with the normal examples."
33682,"['7', '1']","[7, 1]",entity,"The test sequence deviates from the normal flows as it does not follow the sequential pattern of handling and receiving blocks as seen in the normal example sequences. In the normal examples, there is a consistent flow of handling and receiving blocks in a specific order, but the test sequence only includes handling and receiving one block which is different from the expected pattern."
33704,"['1', '1', '1', '7', '17', '3', '4', '17', '3', '4', '17', '3', '4', '2', '2', '2', '8', '6', '6', '6', '5', '5', '5']",[17],status,"The log message indicates a SocketTimeoutException which suggests a timeout while waiting for a channel to be ready for write, which is abnormal behavior."
33921,"['1', '7', '1', '1', '3', '4', '3', '4', '3', '4', '2', '2', '2', '6', '6', '6', '5', '5', '15', '5']","[1, 7, 1, 1, 3, 4, 3, 4, 3, 4, 2, 2, 2, 6, 6, 6, 5, 5, 15, 5]",entity,The test sequence includes an additional step of 'Error deleting block blk_' which is not present in any of the normal example sequences. This deviation from the normal workflow indicates an abnormal execution flow.
33941,"['1', '7', '1', '1', '3', '4', '3', '4', '3', '4', '2', '2', '13', '2', '14', '1', '11', '12', '2', '5', '6', '6', '6', '6', '5', '5', '15', '5']","[1, 7, 1, 1, 3, 4, 3, 4, 3, 4, 2, 2, 13, 2, 14, 1, 11, 12, 2, 5, 6, 6, 6, 6, 5, 5, 15, 5]",entity,"The test sequence includes actions that are not seen in any of the normal example sequences, such as adding stored block in the NameSystem and then immediately asking datanode(s) to replicate and adding stored block again. Additionally, the test sequence involves repetitive actions of deleting and adding blocks, which is not a common pattern in the normal example sequences."
34292,"['1', '1', '7', '1', '3', '4', '3', '4', '3', '4', '2', '2', '2', '6', '6', '6', '5', '5', '5', '15']","[1, 1, 7, 1, 3, 4, 3, 4, 3, 4, 2, 2, 2, 6, 6, 6, 5, 5, 5, 15]",entity,The test sequence includes an additional step '7: Error deleting block blk_' which is not present in any of the normal example sequences. This indicates an abnormal execution workflow.
34468,"['1', '1', '1', '7', '3', '4', '2', '3', '4', '3', '4', '2', '2', '6', '6', '6', '5', '5', '15', '5']","[1, 1, 1, 7, 3, 4, 2, 3, 4, 3, 4, 2, 2, 6, 6, 6, 5, 5, 15, 5]",entity,"The test sequence contains several deviations from the normal example sequences. In the normal examples, the actions of initiating a PacketResponder and receiving blocks are consistent and follow a specific pattern. However, in the test sequence, there are inconsistencies in the order of actions and the sources from which blocks are received. Additionally, the presence of an 'Error deleting block' action followed by deleting a block file twice is not observed in the normal examples, indicating an abnormal execution workflow."
34554,"['1', '3', '4', '1', '3', '4', '1', '3', '4', '7', '2', '2', '2', '8', '10', '6', '6', '6', '5', '5', '5']","[1, 3, 4, 1, 3, 4, 1, 3, 4, 7, 2, 2, 2, 8, 10, 6, 6, 6, 5, 5, 5]",entity,"The test sequence differs from the normal examples in the pattern of receiving blocks and initiating PacketResponders. In the normal examples, the sequence involves receiving blocks and then initiating PacketResponders, whereas in the test sequence, the pattern is reversed. This reversal of the expected order indicates an abnormal execution workflow."
34563,"['1', '7', '1', '1', '3', '4', '3', '4', '3', '4', '2', '2', '2', '5', '6', '6', '6', '5', '5']","[1, 7, 1, 1, 3, 4, 3, 4, 3, 4, 2, 2, 2, 5, 6, 6, 6, 5, 5]",entity,"The test sequence includes an additional step of deleting a block file twice, which is not present in any of the normal example sequences. This deviation from the normal flow indicates an abnormal execution workflow."
34594,"['1', '7', '1', '3', '4', '1', '2', '3', '4', '3', '4', '2', '2', '8', '10', '10', '6', '6', '6', '5', '5', '5']","[1, 7, 1, 3, 4, 1, 2, 3, 4, 3, 4, 2, 2, 8, 10, 10, 6, 6, 6, 5, 5, 5]",entity,"The test sequence does not follow the same pattern as the normal examples. In the normal examples, the sequences start with NameSystem allocateBlock and then involve actions related to receiving blocks and handling responses. However, in the test sequence, the order of actions is different, and there are inconsistencies in the sequence of actions compared to the normal examples."
34640,"['1', '1', '1', '7', '3', '4', '3', '4', '3', '4', '2', '2', '2', '6', '6', '6', '5', '5', '5', '15']","[1, 1, 1, 7, 3, 4, 3, 4, 3, 4, 2, 2, 2, 6, 6, 6, 5, 5, 5, 15]",entity,"The test sequence includes an error in the deletion of block blk_, which is not present in any of the normal example sequences. This deviation from the normal flow indicates an abnormal execution workflow."
34789,"['1', '1', '7', '1', '17', '3', '4', '17', '3', '4', '17', '3', '4', '2', '2', '2', '8', '6', '6', '6', '5', '5', '5']",[17],status,"The log message indicates a SocketTimeoutException which suggests a timeout while waiting for a channel to be ready for write, which is abnormal behavior."
34804,"['1', '1', '1', '7', '3', '4', '3', '4', '13', '3', '4', '2', '2', '2', '14', '1', '11', '12', '2', '5', '8', '10', '6', '6', '6', '5', '5', '5']","[1, 1, 1, 7, 3, 4, 3, 4, 13, 3, 4, 2, 2, 2, 14, 1, 11, 12, 2, 5, 8, 10, 6, 6, 6, 5, 5, 5]",entity,"The test sequence includes steps that are not present in any of the normal example sequences, such as 'BLOCK* asks datanode(s) to replicate', 'Starting thread to transfer block', 'deleting block file'. These unique steps indicate an abnormal flow in the test sequence."
35011,"['1', '7', '1', '1', '3', '4', '2', '2', '13', '3', '4', '3', '4', '14', '2', '1', '11', '12', '2', '5', '6', '6', '6', '6', '5', '5', '5', '15']","[1, 7, 1, 1, 3, 4, 2, 2, 13, 3, 4, 3, 4, 14, 2, 1, 11, 12, 2, 5, 6, 6, 6, 6, 5, 5, 5, 15]",entity,"The test sequence deviates from the normal execution workflows observed in the examples. In the normal sequences, the actions are repeated in a sequential and consistent manner, with no mention of error messages or abnormal operations such as deleting blocks and adding them to an invalid set. Additionally, the presence of 'Error deleting block blk_' at the end of the test sequence indicates an anomaly in the workflow."
35051,"['1', '7', '1', '1', '2', '3', '4', '3', '4', '3', '4', '2', '2', '8', '6', '6', '6', '5', '15', '5', '5']","[1, 7, 1, 1, 2, 3, 4, 3, 4, 3, 4, 2, 2, 8, 6, 6, 6, 5, 15, 5, 5]",entity,The test sequence includes an extra step of deleting a block file (step 8 and 10) which is not present in any of the normal example sequences. This deviation from the normal flow indicates an abnormal execution workflow.
35089,"['1', '3', '4', '1', '1', '7', '2', '3', '4', '3', '4', '2', '2', '8', '10', '6', '6', '6', '5', '5', '5']","[1, 3, 4, 1, 1, 7, 2, 3, 4, 3, 4, 2, 2, 8, 10, 6, 6, 6, 5, 5, 5]",entity,"The test sequence deviates from the normal examples by starting with receiving block blk_ before initiating the PacketResponder for the block. In the normal examples, the PacketResponder is always initiated before receiving the block. This inconsistency indicates an abnormal workflow."
35112,"['1', '1', '1', '7', '13', '3', '4', '3', '4', '3', '4', '2', '2', '2', '14', '11', '1', '12', '2', '5', '8', '6', '6', '6', '5', '5', '5']","[1, 1, 1, 7, 13, 3, 4, 3, 4, 3, 4, 2, 2, 2, 14, 11, 1, 12, 2, 5, 8, 6, 6, 6, 5, 5, 5]",entity,"The test sequence includes several actions that are not present in any of the normal example sequences, such as BLOCK* asks datanode(s) to replicate, Starting thread to transfer block, NameSystem adding stored block, and deleting block file in the middle of the sequence. Additionally, the test sequence does not follow the same pattern of actions as the normal example sequences, making it different and abnormal."
35166,"['1', '7']","[1, 7]",entity,"The test sequence is abnormal because it starts with 'receiving block blk_' instead of the typical starting point 'NameSystem allocateBlock'. Additionally, the order of processes in the test sequence is different from the normal example sequences provided."
35221,"['1', '1', '1', '7', '3', '4', '3', '4', '3', '4', '2', '2', '2', '6', '6', '6', '5', '5', '5', '15']","[1, 1, 1, 7, 3, 4, 3, 4, 3, 4, 2, 2, 2, 6, 6, 6, 5, 5, 5, 15]",entity,"The test sequence includes an error in the deletion of block blk_, which is not present in any of the normal example sequences. This deviation from the normal flow indicates an abnormal execution workflow."
35378,"['1', '7', '1', '1', '3', '4', '3', '4', '3', '4', '2', '2', '2', '9', '8', '9', '9', '6', '6', '6', '5', '10', '5', '5']","[1, 7, 1, 1, 3, 4, 3, 4, 3, 4, 2, 2, 2, 9, 8, 9, 9, 6, 6, 6, 5, 10, 5, 5]",entity,"The test sequence deviates from the normal execution workflows seen in the examples by encountering exceptions while serving a block twice in a row. Additionally, the repeated action of deleting a block added to an invalid set three times sequentially is not consistent with the normal flows. The sequence also includes deleting a block file twice, which is not part of the normal patterns observed in the example sequences."
35648,"['1', '3', '4', '1', '3', '4', '1', '3', '4', '2', '2', '2', '7', '8', '6', '6', '6', '5', '5', '18', '2', '5']",[18],status,"The log message indicates an InterruptedIOException which suggests a problem with IO operations, likely due to a timeout or interruption."
35693,"['1', '1', '7', '1', '2', '3', '4', '3', '4', '3', '4', '2', '2', '8', '10', '6', '6', '6', '5', '5', '5']","[1, 1, 7, 1, 2, 3, 4, 3, 4, 3, 4, 2, 2, 8, 10, 6, 6, 6, 5, 5, 5]",entity,"The test sequence includes a mix of actions that do not follow the typical pattern seen in the normal examples. For example, the test sequence includes receiving block blk_ before the NameSystem allocateBlock, which is different from the consistent order seen in the normal examples. Additionally, the test sequence combines actions in a way that deviates from the sequential and repetitive nature of the normal examples."
35781,"['1', '3', '4', '1', '3', '4', '1', '3', '4', '2', '2', '7', '2', '8', '6', '6', '6', '5', '5', '5']","[1, 3, 4, 1, 3, 4, 1, 3, 4, 2, 2, 7, 2, 8, 6, 6, 6, 5, 5, 5]",entity,"The test sequence contains a mix of actions that are not present in any of the normal example sequences. The repeated sequence of adding a stored block in the NameSystem, allocating a block, and adding a stored block is not part of the normal flows. Additionally, the sequence of actions involving initiating PacketResponders and receiving blocks is inconsistent with the normal examples."
35891,"['1', '7', '1', '1', '3', '4', '3', '4', '3', '4', '2', '2', '2', '6', '6', '6', '5', '5', '5', '15']","[1, 7, 1, 1, 3, 4, 3, 4, 3, 4, 2, 2, 2, 6, 6, 6, 5, 5, 5, 15]",entity,The test sequence includes an additional step at the end (Error deleting block blk_) that is not present in any of the normal example sequences. This deviation indicates an abnormal execution workflow.
35923,"['1', '1', '1', '7', '3', '4', '3', '4', '3', '4', '2', '2', '2', '6', '6', '6', '5', '5', '15', '5']","[1, 1, 1, 7, 3, 4, 3, 4, 3, 4, 2, 2, 2, 6, 6, 6, 5, 5, 15, 5]",entity,The test sequence includes an additional step of 'Error deleting block blk_' which is not present in any of the normal example sequences. This deviation indicates an abnormal execution workflow.
35959,"['1', '1', '1', '7', '3', '4', '3', '4', '3', '4', '2', '2', '2', '9', '8', '9', '6', '6', '6', '5', '5', '18', '2', '5']",[18],status,"The log message indicates an InterruptedIOException which suggests a problem with IO operations, likely due to a timeout or interruption."
35967,"['1', '3', '4', '1', '3', '4', '1', '3', '4', '2', '7', '2', '2', '8', '10', '6', '6', '6', '5', '5', '5']","[1, 3, 4, 1, 3, 4, 1, 3, 4, 2, 7, 2, 2, 8, 10, 6, 6, 6, 5, 5, 5]",entity,"The test sequence is abnormal because it does not follow the typical pattern seen in the normal example sequences. In the normal sequences, there is a clear flow of receiving blocks, initiating PacketResponders, adding stored blocks, serving blocks, and verifying/deleting blocks in a specific order. However, the test sequence deviates from this pattern by repeatedly initiating PacketResponders for the same block from an unknown source, which is not a common behavior in the normal examples."
36220,"['1', '7', '1', '1', '3', '4', '3', '4', '3', '4', '2', '2', '2', '9', '9', '8', '10', '10', '6', '6', '6', '5', '5', '15', '5']","[1, 7, 1, 1, 3, 4, 3, 4, 3, 4, 2, 2, 2, 9, 9, 8, 10, 10, 6, 6, 6, 5, 5, 15, 5]",entity,"The test sequence deviates from the normal examples as it includes errors such as encountering an exception while serving a block twice in a sequential manner, which is not present in the normal sequences. Additionally, the test sequence includes actions like deleting a block file twice and encountering errors during the deletion process, which are not part of the normal flow."
36246,"['1', '3', '4', '1', '3', '4', '1', '3', '4', '2', '2', '7', '2', '8', '6', '6', '6', '5', '5', '5']","[1, 3, 4, 1, 3, 4, 1, 3, 4, 2, 2, 7, 2, 8, 6, 6, 6, 5, 5, 5]",entity,"The test sequence contains a mix of actions that are not present in any of the normal example sequences. The repeated sequence of adding a stored block in the NameSystem, allocating a block, and adding a stored block is not part of the normal flows. Additionally, the sequence of actions involving initiating PacketResponders and receiving blocks is inconsistent with the normal examples."
36258,"['1', '3', '4', '1', '3', '4', '1', '3', '4', '2', '2', '7', '2', '8', '6', '6', '6', '5', '5', '5']","[1, 3, 4, 1, 3, 4, 1, 3, 4, 2, 2, 7, 2, 8, 6, 6, 6, 5, 5, 5]",entity,"The test sequence contains a mix of actions that are not present in any of the normal example sequences. The repeated sequence of adding a stored block in the NameSystem, allocating a block, and adding a stored block is not part of the normal flows. Additionally, the sequence of actions involving initiating PacketResponders and receiving blocks is inconsistent with the normal examples."
36285,"['1', '3', '4', '1', '3', '4', '1', '3', '4', '2', '7', '2', '2', '8', '6', '6', '6', '5', '5', '5']","[1, 3, 4, 1, 3, 4, 1, 3, 4, 2, 7, 2, 2, 8, 6, 6, 6, 5, 5, 5]",entity,"The test sequence deviates from the normal execution workflows provided in the examples. In the normal examples, there is a consistent pattern of receiving blocks, initiating PacketResponders, adding stored blocks, and serving/deleting blocks. However, the test sequence includes unexpected actions such as repeating the action of adding a stored block, which is not seen in the normal examples. This deviation indicates an abnormal execution workflow."
36303,"['1', '3', '4', '1', '3', '4', '2', '2', '7', '2', '1', '3', '4', '6', '6', '6', '5', '5', '5']","[1, 3, 4, 1, 3, 4, 2, 2, 7, 2, 1, 3, 4, 6, 6, 6, 5, 5, 5]",entity,"The test sequence deviates from the normal examples by including a mix of actions that are not seen in any of the normal sequences. Specifically, the test sequence involves a repeated sequence of actions that is not present in any of the normal examples, indicating an abnormal flow of execution."
36614,"['7', '1', '1', '1', '2', '2', '2', '4', '3', '4', '3', '4', '3', '10', '6', '6', '6', '5', '5', '5']","[4, 3, 4, 3, 4, 3, 10, 6, 6, 6]",action,"The test sequence deviates from the normal execution workflows as it starts with receiving a block, followed by the PacketResponder for the same block, which is not consistent with the normal sequences provided. Additionally, the test sequence does not involve handling responses related to the block before successful verification, as seen in the normal examples."
36810,"['7', '1', '1', '16']",[16],status,"The log message indicates an exception due to a socket timeout while waiting for a channel to be ready, which is not a normal execution process."
37287,"['7', '1', '1', '1', '2', '2', '2', '3', '4', '3', '4', '3', '4', '10', '10', '6', '6', '6', '5', '5', '18', '2', '5']",[18],status,"The log message indicates an InterruptedIOException which suggests a problem with IO operations, likely due to a timeout or interruption."
37344,"['7', '1', '1', '1', '2', '2', '3', '4', '3', '4', '3', '4', '19', '2', '10', '6', '6', '6', '5', '5', '5']",[19],status,"The log message indicates a SocketTimeoutException, which is an abnormal condition indicating a timeout while waiting for a channel to be ready for read."
37665,"['7', '1', '1', '1', '2', '2', '2', '3', '4', '4', '3', '4', '3', '6', '6', '6', '5', '5', '5']","[3, 4, 4, 3, 4, 3, 6, 6, 6]",action,"The test sequence deviates from the normal_flows execution workflows as it includes additional steps such as receiving the same block from different locations, which is not present in any of the normal examples. This deviation indicates an abnormal_flows execution workflow."
38036,"['7', '1', '1', '1', '2', '2', '3', '4', '3', '4', '2', '3', '4', '6', '6', '6', '5', '5', '18', '2', '5']",[18],status,"The log message indicates an InterruptedIOException which suggests a problem with IO operations, likely due to a timeout or interruption."
38095,"['7', '1', '1', '16']",[16],status,"The log message indicates an exception due to a socket timeout while waiting for a channel to be ready, which is not a normal execution process."
38381,"['7', '1', '1', '1', '2', '2', '3', '4', '3', '4', '3', '4', '2', '19', '10', '10', '6', '6', '6', '5', '5', '5']",[19],status,"The log message indicates a SocketTimeoutException, which is an abnormal condition indicating a timeout while waiting for a channel to be ready for read."
38402,"['7', '1']","[7, 1]",entity,"The test sequence deviates from the normal flows as it does not follow the sequential pattern of handling and receiving blocks as seen in the normal example sequences. In the normal examples, there is a consistent flow of handling and receiving blocks in a specific order, but the test sequence only includes handling and receiving one block which is different from the expected pattern."
38533,"['7', '1']","[7, 1]",entity,"The test sequence deviates from the normal flows as it does not follow the sequential pattern of handling and receiving blocks as seen in the normal example sequences. In the normal examples, there is a consistent flow of handling and receiving blocks in a specific order, but the test sequence only includes handling and receiving one block which is different from the expected pattern."
38713,"['7', '1', '1', '1', '2', '2', '2', '3', '4', '3', '4', '3', '4', '10', '6', '6', '6', '5', '5', '18', '2', '5']",[18],status,"The log message indicates an InterruptedIOException which suggests a problem with IO operations, likely due to a timeout or interruption."
39046,"['7', '1', '1', '1', '2', '3', '4', '2', '3', '4', '2', '3', '4', '6', '6', '6', '5', '5', '5']","[7, 1, 1, 1, 2, 3, 4, 2, 3, 4, 2, 3, 4, 6, 6, 6, 5, 5, 5]",entity,"The test sequence deviates from the normal flows as seen in the examples. In the normal examples, after initiating a PacketResponder for a block, the system typically receives a block from an unknown source, followed by adding a stored block in the NameSystem. However, in the test sequence, the order of actions is inconsistent, with the addition of stored blocks and the reception of blocks not following the expected pattern. This deviation indicates an abnormal execution workflow."
39209,"['7', '1', '1', '1', '2', '3', '4', '2', '3', '4', '2', '3', '4', '6', '6', '6', '5', '5', '5']","[7, 1, 1, 1, 2, 3, 4, 2, 3, 4, 2, 3, 4, 6, 6, 6, 5, 5, 5]",entity,"The test sequence deviates from the normal flows as seen in the examples. In the normal examples, after initiating a PacketResponder for a block, the system typically receives a block from an unknown source, followed by adding a stored block in the NameSystem. However, in the test sequence, the order of actions is inconsistent, with the addition of stored blocks and the reception of blocks not following the expected pattern. This deviation indicates an abnormal execution workflow."
39244,"['7', '1', '1', '1', '2', '2', '2', '3', '4', '3', '4', '3', '4', '6', '6', '6', '5', '5', '18', '2', '5']",[18],status,"The log message indicates an InterruptedIOException which suggests a problem with IO operations, likely due to a timeout or interruption."
39402,"['7', '1', '1', '1', '2', '2', '2', '3', '4', '3', '4', '3', '4', '10', '6', '6', '6', '5', '5', '18', '2', '5']",[18],status,"The log message indicates an InterruptedIOException which suggests a problem with IO operations, likely due to a timeout or interruption."
39585,"['7', '1', '1', '1', '2', '2', '2', '3', '4', '3', '4', '3', '4', '6', '6', '6', '5', '5', '15', '5']","[7, 1, 1, 1, 2, 2, 2, 3, 4, 3, 4, 3, 4, 6, 6, 6, 5, 5, 15, 5]",entity,The test sequence includes an additional step of 'Error deleting block blk_' and 'deleting block file' which are not present in any of the normal example sequences. This deviation from the normal sequences indicates an abnormal execution workflow.
39611,"['7', '1']","[7, 1]",entity,"The test sequence deviates from the normal flows as it does not follow the sequential pattern of handling and receiving blocks as seen in the normal example sequences. In the normal examples, there is a consistent flow of handling and receiving blocks in a specific order, but the test sequence only includes handling and receiving one block which is different from the expected pattern."
39707,"['7', '1', '1', '1', '2', '2', '2', '3', '4', '3', '4', '4', '3', '6', '6', '6', '5', '5', '5']","[3, 4, 3, 4, 4, 3, 6, 6, 6]",action,"The test sequence deviates from the normal execution workflows as seen in the examples. In the normal examples, the sequence involves the repeated action of deleting a block that was added to an invalid set, while the test sequence includes additional steps of receiving the same block from different locations, which is not part of the normal flow."
39758,"['7', '1', '1', '16']",[16],status,"The log message indicates an exception due to a socket timeout while waiting for a channel to be ready, which is not a normal execution process."
39968,"['7', '1', '1', '1', '2', '2', '2', '3', '4', '4', '3', '4', '3', '6', '6', '6', '5', '5', '5']","[3, 4, 4, 3, 4, 3, 6, 6, 6]",action,"The test sequence deviates from the normal_flows execution workflows as it includes additional steps such as receiving the same block from different locations, which is not present in any of the normal examples. This deviation indicates an abnormal_flows execution workflow."
39976,"['7', '1', '1', '1', '2', '2', '3', '4', '3', '4', '3', '4', '2', '19', '6', '6', '6', '5', '5', '5']",[19],status,"The log message indicates a SocketTimeoutException, which is an abnormal condition indicating a timeout while waiting for a channel to be ready for read."
40355,"['7', '1', '1', '1', '2', '2', '2', '3', '4', '3', '4', '3', '4', '10', '10', '6', '6', '6', '5', '5', '5', '15']","[7, 1, 1, 1, 2, 2, 2, 3, 4, 3, 4, 3, 4, 10, 10, 6, 6, 6, 5, 5, 5, 15]",entity,"The test sequence includes an unexpected error in the process flow, which is not present in any of the normal example sequences. This deviation from the expected flow indicates an abnormal execution workflow."
40477,"['7', '1', '1', '1', '2', '2', '2', '4', '3', '4', '3', '4', '3', '10', '6', '6', '6', '5', '5', '5']","[4, 3, 4, 3, 4, 3, 10, 6, 6, 6]",action,"The test sequence deviates from the normal execution workflows as it starts with receiving a block, followed by the PacketResponder for the same block, which is not consistent with the normal sequences provided. Additionally, the test sequence does not involve handling responses related to the block before successful verification, as seen in the normal examples."
40556,"['7', '1', '1', '1', '2', '2', '2', '3', '4', '3', '4', '3', '4', '6', '6', '6', '5', '15', '5', '5']","[7, 1, 1, 1, 2, 2, 2, 3, 4, 3, 4, 3, 4, 6, 6, 6, 5, 15, 5, 5]",entity,"The test sequence includes actions that are not present in any of the normal example sequences, such as errors in deleting blocks and the execution sequence involving deleting a block file twice. These deviations from the normal flows indicate an abnormal execution workflow."
40657,"['7', '1', '1', '1', '2', '3', '4', '2', '2', '3', '4', '3', '4', '6', '6', '6', '5', '5', '18', '2', '5']",[18],status,"The log message indicates an InterruptedIOException which suggests a problem with IO operations, likely due to a timeout or interruption."
40845,"['7', '1']","[7, 1]",entity,"The test sequence deviates from the normal flows as it does not follow the sequential pattern of handling and receiving blocks as seen in the normal example sequences. In the normal examples, there is a consistent flow of handling and receiving blocks in a specific order, but the test sequence only includes handling and receiving one block which is different from the expected pattern."
41234,"['7', '1', '1', '1', '2', '2', '2', '3', '4', '3', '4', '3', '4', '6', '6', '6', '5', '5', '18', '2', '5']",[18],status,"The log message indicates an InterruptedIOException which suggests a problem with IO operations, likely due to a timeout or interruption."
41270,"['7', '1', '1', '1', '2', '2', '2', '3', '4', '3', '4', '4', '3', '6', '6', '6', '5', '5', '18', '2', '5']",[18],status,"The log message indicates an InterruptedIOException which suggests a problem with IO operations, likely due to a timeout or interruption."
41552,"['7', '1', '1', '1', '2', '2', '3', '4', '4', '4', '2', '3', '3', '10', '6', '6', '6', '5', '5', '5']","[4, 4, 4]",status,The test sequence includes an additional step of receiving a block compared to the normal examples. This indicates a deviation from the expected normal flow and suggests an abnormal execution workflow.
42148,"['7', '1', '1', '16']",[16],status,"The log message indicates an exception due to a socket timeout while waiting for a channel to be ready, which is not a normal execution process."
42350,"['7', '1', '1', '1', '2', '2', '3', '4', '3', '4', '3', '4', '2', '6', '6', '6', '5', '5', '15', '5']","[7, 1, 1, 1, 2, 2, 3, 4, 3, 4, 3, 4, 2, 6, 6, 6, 5, 5, 15, 5]",entity,"The test sequence deviates from the normal examples by including actions such as 'Error deleting block blk_', which are not present in any of the normal examples. Additionally, the test sequence involves actions like 'deleting block file' and 'deleting a block file twice', which are not part of the normal sequences. These deviations indicate an abnormal execution workflow."
42609,"['7', '1', '1', '1', '2', '2', '2', '3', '4', '3', '4', '4', '3', '6', '6', '6', '5', '5', '5']","[3, 4, 3, 4, 4, 3, 6, 6, 6]",action,"The test sequence deviates from the normal execution workflows as seen in the examples. In the normal examples, the sequence involves the repeated action of deleting a block that was added to an invalid set, while the test sequence includes additional steps of receiving the same block from different locations, which is not part of the normal flow."
42702,"['7', '1', '1', '1', '2', '2', '2', '3', '4', '4', '3', '4', '3', '6', '6', '6', '5', '5', '5']","[3, 4, 4, 3, 4, 3, 6, 6, 6]",action,"The test sequence deviates from the normal_flows execution workflows as it includes additional steps such as receiving the same block from different locations, which is not present in any of the normal examples. This deviation indicates an abnormal_flows execution workflow."
43014,"['7', '1']","[7, 1]",entity,"The test sequence deviates from the normal flows as it does not follow the sequential pattern of handling and receiving blocks as seen in the normal example sequences. In the normal examples, there is a consistent flow of handling and receiving blocks in a specific order, but the test sequence only includes handling and receiving one block which is different from the expected pattern."
43110,"['7', '1', '1', '1', '2', '2', '2', '3', '4', '3', '4', '3', '4', '10', '6', '6', '6', '5', '5', '18', '2', '5']",[18],status,"The log message indicates an InterruptedIOException which suggests a problem with IO operations, likely due to a timeout or interruption."
43362,"['7', '1']","[7, 1]",entity,"The test sequence deviates from the normal flows as it does not follow the sequential pattern of handling and receiving blocks as seen in the normal example sequences. In the normal examples, there is a consistent flow of handling and receiving blocks in a specific order, but the test sequence only includes handling and receiving one block which is different from the expected pattern."
43409,"['7', '1', '1', '1', '2', '2', '2', '4', '3', '4', '3', '4', '3', '10', '6', '6', '6', '5', '5', '5']","[4, 3, 4, 3, 4, 3, 10, 6, 6, 6]",action,"The test sequence deviates from the normal execution workflows as it starts with receiving a block, followed by the PacketResponder for the same block, which is not consistent with the normal sequences provided. Additionally, the test sequence does not involve handling responses related to the block before successful verification, as seen in the normal examples."
43482,"['7', '1', '1', '16']",[16],status,"The log message indicates an exception due to a socket timeout while waiting for a channel to be ready, which is not a normal execution process."
43639,"['7', '1', '1', '1', '2', '2', '2', '3', '4', '3', '4', '3', '4', '10', '6', '6', '6', '5', '5', '18', '2', '5']",[18],status,"The log message indicates an InterruptedIOException which suggests a problem with IO operations, likely due to a timeout or interruption."
43683,"['7', '1', '1', '1', '2', '2', '2', '3', '4', '3', '4', '3', '4', '10', '6', '6', '6', '5', '5', '15', '5']","[7, 1, 1, 1, 2, 2, 2, 3, 4, 3, 4, 3, 4, 10, 6, 6, 6, 5, 5, 15, 5]",entity,"The test sequence includes an extra step of deleting a block file twice, followed by an error deleting block blk_, and then deleting a block file again. This deviation from the normal sequences indicates an abnormal execution workflow."
44082,"['7', '1']","[7, 1]",entity,"The test sequence deviates from the normal flows as it does not follow the sequential pattern of handling and receiving blocks as seen in the normal example sequences. In the normal examples, there is a consistent flow of handling and receiving blocks in a specific order, but the test sequence only includes handling and receiving one block which is different from the expected pattern."
44122,"['7', '1', '1', '1', '2', '2', '2', '3', '4', '3', '4', '4', '3', '6', '6', '6', '5', '5', '5']","[3, 4, 3, 4, 4, 3, 6, 6, 6]",action,"The test sequence deviates from the normal execution workflows as seen in the examples. In the normal examples, the sequence involves the repeated action of deleting a block that was added to an invalid set, while the test sequence includes additional steps of receiving the same block from different locations, which is not part of the normal flow."
44559,"['7', '1', '1', '1', '2', '2', '2', '3', '4', '3', '4', '3', '4', '6', '6', '6', '5', '5', '5', '15']","[7, 1, 1, 1, 2, 2, 2, 3, 4, 3, 4, 3, 4, 6, 6, 6, 5, 5, 5, 15]",entity,"The test sequence includes an error message 'Error deleting block blk_', which is not present in any of the normal example sequences. This deviation from the expected flow indicates an abnormal workflow."
44659,"['7', '1']","[7, 1]",entity,"The test sequence deviates from the normal flows as it does not follow the sequential pattern of handling and receiving blocks as seen in the normal example sequences. In the normal examples, there is a consistent flow of handling and receiving blocks in a specific order, but the test sequence only includes handling and receiving one block which is different from the expected pattern."
45306,"['7', '1']","[7, 1]",entity,"The test sequence deviates from the normal flows as it does not follow the sequential pattern of handling and receiving blocks as seen in the normal example sequences. In the normal examples, there is a consistent flow of handling and receiving blocks in a specific order, but the test sequence only includes handling and receiving one block which is different from the expected pattern."
45401,"['7', '1', '1', '16']",[16],status,"The log message indicates an exception due to a socket timeout while waiting for a channel to be ready, which is not a normal execution process."
45408,"['7', '1', '1', '1', '2', '2', '2', '3', '4', '3', '4', '3', '4', '10', '6', '6', '6', '5', '5', '18', '2', '5']",[18],status,"The log message indicates an InterruptedIOException which suggests a problem with IO operations, likely due to a timeout or interruption."
45662,"['7', '1', '1', '1', '2', '2', '2', '3', '4', '3', '4', '3', '4', '6', '6', '6', '5', '5', '18', '2', '5']",[18],status,"The log message indicates an InterruptedIOException which suggests a problem with IO operations, likely due to a timeout or interruption."
45732,"['7', '1', '1', '1', '2', '3', '4', '2', '3', '4', '2', '3', '4', '6', '6', '6', '5', '5', '5']","[7, 1, 1, 1, 2, 3, 4, 2, 3, 4, 2, 3, 4, 6, 6, 6, 5, 5, 5]",entity,"The test sequence deviates from the normal flows as seen in the examples. In the normal examples, after initiating a PacketResponder for a block, the system typically receives a block from an unknown source, followed by adding a stored block in the NameSystem. However, in the test sequence, the order of actions is inconsistent, with the addition of stored blocks and the reception of blocks not following the expected pattern. This deviation indicates an abnormal execution workflow."
45981,"['7', '1']","[7, 1]",entity,"The test sequence deviates from the normal flows as it does not follow the sequential pattern of handling and receiving blocks as seen in the normal example sequences. In the normal examples, there is a consistent flow of handling and receiving blocks in a specific order, but the test sequence only includes handling and receiving one block which is different from the expected pattern."
46010,"['7', '1', '1', '1', '2', '2', '2', '4', '3', '4', '3', '4', '3', '10', '6', '6', '6', '5', '5', '5']","[4, 3, 4, 3, 4, 3, 10, 6, 6, 6]",action,"The test sequence deviates from the normal execution workflows as it starts with receiving a block, followed by the PacketResponder for the same block, which is not consistent with the normal sequences provided. Additionally, the test sequence does not involve handling responses related to the block before successful verification, as seen in the normal examples."
46213,"['7', '1', '1', '1', '2', '2', '2', '4', '3', '4', '3', '3', '4', '6', '6', '6', '5', '5', '5']","[4, 3, 4, 3, 3, 4, 6, 6, 6]",action,"The test sequence deviates from the normal execution workflows provided in the examples. In the normal sequences, the action of deleting a block added to an invalid set is repeated three times in a sequential manner. However, in the test sequence, the order of actions is different, and the repetition of the action occurs at different points in the sequence, indicating an abnormal workflow."
46414,"['7', '1', '1', '1', '2', '2', '2', '4', '3', '4', '3', '3', '4', '10', '6', '6', '6', '5', '5', '5']","[4, 3, 4, 3, 3, 4, 10, 6, 6, 6]",action,"The test sequence deviates from the normal execution workflows provided in the examples. In the normal examples, the PacketResponder for block blk_ is always initiated before receiving the block and successful verification. However, in the test sequence, the order of actions is different which indicates an abnormal execution workflow."
46494,"['7', '1', '1', '1', '2', '2', '2', '3', '4', '4', '3', '4', '3', '6', '6', '6', '5', '5', '5']","[3, 4, 4, 3, 4, 3, 6, 6, 6]",action,"The test sequence deviates from the normal_flows execution workflows as it includes additional steps such as receiving the same block from different locations, which is not present in any of the normal examples. This deviation indicates an abnormal_flows execution workflow."
46574,"['7', '1']","[7, 1]",entity,"The test sequence deviates from the normal flows as it does not follow the sequential pattern of handling and receiving blocks as seen in the normal example sequences. In the normal examples, there is a consistent flow of handling and receiving blocks in a specific order, but the test sequence only includes handling and receiving one block which is different from the expected pattern."
46608,"['7', '1', '1', '16']",[16],status,"The log message indicates an exception due to a socket timeout while waiting for a channel to be ready, which is not a normal execution process."
47413,"['7', '1', '1', '1', '2', '2', '2', '3', '4', '4', '3', '4', '3', '6', '6', '6', '5', '5', '5']","[3, 4, 4, 3, 4, 3, 6, 6, 6]",action,"The test sequence deviates from the normal_flows execution workflows as it includes additional steps such as receiving the same block from different locations, which is not present in any of the normal examples. This deviation indicates an abnormal_flows execution workflow."
47600,"['7', '1', '1', '1', '2', '2', '2', '3', '4', '3', '4', '4', '3', '6', '6', '6', '5', '5', '5']","[3, 4, 3, 4, 4, 3, 6, 6, 6]",action,"The test sequence deviates from the normal execution workflows as seen in the examples. In the normal examples, the sequence involves the repeated action of deleting a block that was added to an invalid set, while the test sequence includes additional steps of receiving the same block from different locations, which is not part of the normal flow."
47734,"['7', '1', '1', '1', '2', '2', '2', '3', '4', '3', '4', '4', '3', '6', '6', '6', '5', '5', '5']","[3, 4, 3, 4, 4, 3, 6, 6, 6]",action,"The test sequence deviates from the normal execution workflows as seen in the examples. In the normal examples, the sequence involves the repeated action of deleting a block that was added to an invalid set, while the test sequence includes additional steps of receiving the same block from different locations, which is not part of the normal flow."
47745,"['7', '1', '1', '1', '2', '2', '2', '3', '4', '3', '4', '3', '4', '6', '6', '6', '5', '5', '18', '2', '5']",[18],status,"The log message indicates an InterruptedIOException which suggests a problem with IO operations, likely due to a timeout or interruption."
47787,"['7', '1']","[7, 1]",entity,"The test sequence deviates from the normal flows as it does not follow the sequential pattern of handling and receiving blocks as seen in the normal example sequences. In the normal examples, there is a consistent flow of handling and receiving blocks in a specific order, but the test sequence only includes handling and receiving one block which is different from the expected pattern."
48386,"['7', '1', '1', '16']",[16],status,"The log message indicates an exception due to a socket timeout while waiting for a channel to be ready, which is not a normal execution process."
48443,"['7', '1']","[7, 1]",entity,"The test sequence deviates from the normal flows as it does not follow the sequential pattern of handling and receiving blocks as seen in the normal example sequences. In the normal examples, there is a consistent flow of handling and receiving blocks in a specific order, but the test sequence only includes handling and receiving one block which is different from the expected pattern."
49022,"['7', '1', '1', '1', '2', '2', '2', '3', '4', '3', '4', '3', '4', '6', '6', '6', '5', '5', '15', '5']","[7, 1, 1, 1, 2, 2, 2, 3, 4, 3, 4, 3, 4, 6, 6, 6, 5, 5, 15, 5]",entity,The test sequence includes an additional step of 'Error deleting block blk_' and 'deleting block file' which are not present in any of the normal example sequences. This deviation from the normal sequences indicates an abnormal execution workflow.
49724,"['7', '1', '1', '1', '2', '2', '2', '3', '4', '3', '4', '3', '4', '6', '6', '6', '5', '5', '15', '5']","[7, 1, 1, 1, 2, 2, 2, 3, 4, 3, 4, 3, 4, 6, 6, 6, 5, 5, 15, 5]",entity,The test sequence includes an additional step of 'Error deleting block blk_' and 'deleting block file' which are not present in any of the normal example sequences. This deviation from the normal sequences indicates an abnormal execution workflow.
49839,"['7', '1', '1', '1', '2', '2', '2', '3', '4', '3', '4', '3', '4', '6', '6', '6', '5', '5', '18', '2', '5']",[18],status,"The log message indicates an InterruptedIOException which suggests a problem with IO operations, likely due to a timeout or interruption."
50269,"['7', '1']","[7, 1]",entity,"The test sequence deviates from the normal flows as it does not follow the sequential pattern of handling and receiving blocks as seen in the normal example sequences. In the normal examples, there is a consistent flow of handling and receiving blocks in a specific order, but the test sequence only includes handling and receiving one block which is different from the expected pattern."
50362,"['7', '1', '1', '1', '2', '2', '2', '3', '4', '4', '3', '4', '3', '6', '6', '6', '5', '5', '5']","[3, 4, 4, 3, 4, 3, 6, 6, 6]",action,"The test sequence deviates from the normal_flows execution workflows as it includes additional steps such as receiving the same block from different locations, which is not present in any of the normal examples. This deviation indicates an abnormal_flows execution workflow."
50442,"['7', '1', '1', '1', '2', '3', '4', '2', '3', '4', '3', '4', '2', '10', '6', '6', '6', '5', '5', '5']","[7, 1, 1, 1, 2, 3, 4, 2, 3, 4, 3, 4, 2, 10, 6, 6, 6, 5, 5, 5]",entity,"The test sequence deviates from the normal execution workflows in the example sequences. In the normal examples, the sequence of actions follows a specific pattern with alternating actions of initiating PacketResponders and receiving blocks, followed by successful verification and deletion of invalid blocks. However, the test sequence includes additional and different actions, such as multiple instances of initiating PacketResponders for the same block and receiving blocks from unknown sources, which are not present in the normal examples. These deviations indicate an abnormal execution workflow."
50590,"['7', '1', '1', '1', '2', '4', '3', '4', '2', '3', '3', '4', '2', '10', '6', '6', '6', '5', '5', '15', '5']","[7, 1, 1, 1, 2, 4, 3, 4, 2, 3, 3, 4, 2, 10, 6, 6, 6, 5, 5, 15, 5]",entity,"The test sequence includes several inconsistencies compared to the normal example sequences. In the normal examples, the sequence involves specific actions related to adding stored blocks, responding to packets, verifying blocks, and deleting blocks in a sequential manner. However, the test sequence introduces new actions such as 'Error deleting block blk_' and 'deleting block file' which are not present in the normal examples. These discrepancies indicate an abnormal execution workflow."
50706,"['7', '1', '1', '1', '2', '2', '2', '3', '4', '3', '4', '3', '4', '6', '6', '6', '5', '5', '15', '5']","[7, 1, 1, 1, 2, 2, 2, 3, 4, 3, 4, 3, 4, 6, 6, 6, 5, 5, 15, 5]",entity,The test sequence includes an additional step of 'Error deleting block blk_' and 'deleting block file' which are not present in any of the normal example sequences. This deviation from the normal sequences indicates an abnormal execution workflow.
50939,"['7', '1', '1', '1', '2', '2', '3', '4', '3', '4', '3', '4', '19', '2', '6', '6', '6', '5', '5', '5']",[19],status,"The log message indicates a SocketTimeoutException, which is an abnormal condition indicating a timeout while waiting for a channel to be ready for read."
51029,"['7', '1', '1', '1', '2', '2', '2', '3', '4', '3', '4', '3', '4', '10', '6', '6', '6', '5', '5', '18', '2', '5']",[18],status,"The log message indicates an InterruptedIOException which suggests a problem with IO operations, likely due to a timeout or interruption."
51111,"['7', '1']","[7, 1]",entity,"The test sequence deviates from the normal flows as it does not follow the sequential pattern of handling and receiving blocks as seen in the normal example sequences. In the normal examples, there is a consistent flow of handling and receiving blocks in a specific order, but the test sequence only includes handling and receiving one block which is different from the expected pattern."
51159,"['7', '1']","[7, 1]",entity,"The test sequence deviates from the normal flows as it does not follow the sequential pattern of handling and receiving blocks as seen in the normal example sequences. In the normal examples, there is a consistent flow of handling and receiving blocks in a specific order, but the test sequence only includes handling and receiving one block which is different from the expected pattern."
51358,"['7', '1', '1', '16']",[16],status,"The log message indicates an exception due to a socket timeout while waiting for a channel to be ready, which is not a normal execution process."
51412,"['7', '1', '1', '16']",[16],status,"The log message indicates an exception due to a socket timeout while waiting for a channel to be ready, which is not a normal execution process."
51776,"['1', '7', '1', '1', '2', '2', '3', '4', '3', '4', '3', '4', '2', '19', '6', '6', '6', '5', '5', '5']",[19],status,"The log message indicates a SocketTimeoutException, which is an abnormal condition indicating a timeout while waiting for a channel to be ready for read."
51836,"['7', '1', '1', '1', '2', '2', '2', '3', '4', '3', '4', '3', '4', '6', '6', '6', '5', '5', '18', '2', '5']",[18],status,"The log message indicates an InterruptedIOException which suggests a problem with IO operations, likely due to a timeout or interruption."
51924,"['7', '1']","[7, 1]",entity,"The test sequence deviates from the normal flows as it does not follow the sequential pattern of handling and receiving blocks as seen in the normal example sequences. In the normal examples, there is a consistent flow of handling and receiving blocks in a specific order, but the test sequence only includes handling and receiving one block which is different from the expected pattern."
51998,"['7', '1', '1', '16']",[16],status,"The log message indicates an exception due to a socket timeout while waiting for a channel to be ready, which is not a normal execution process."
52047,"['7', '1', '1', '1', '2', '2', '2', '3', '4', '4', '3', '4', '3', '6', '6', '6', '5', '5', '5']","[3, 4, 4, 3, 4, 3, 6, 6, 6]",action,"The test sequence deviates from the normal_flows execution workflows as it includes additional steps such as receiving the same block from different locations, which is not present in any of the normal examples. This deviation indicates an abnormal_flows execution workflow."
52072,"['7', '1', '1', '1', '2', '3', '4', '2', '4', '2', '3', '3', '4', '6', '6', '6', '5', '5', '5']","[7, 1, 1, 1, 2, 3, 4, 2, 4, 2, 3, 3, 4, 6, 6, 6, 5, 5, 5]",entity,"The test sequence deviates from the normal execution workflows in the example sequences. In the normal examples, there is a clear pattern of initiating PacketResponders, receiving blocks, adding stored blocks, and deleting blocks in a specific order. However, in the test sequence, there are inconsistencies such as initiating PacketResponders multiple times for the same block, receiving blocks from specific sources not mentioned in the normal examples, and a different sequence of actions involving deleting blocks. These deviations indicate an abnormal execution workflow."
52125,"['7', '1', '1', '16']",[16],status,"The log message indicates an exception due to a socket timeout while waiting for a channel to be ready, which is not a normal execution process."
52501,"['7', '1', '1', '1', '2', '2', '2', '4', '3', '4', '3', '4', '3', '6', '6', '6', '5', '5', '18', '2', '5']",[18],status,"The log message indicates an InterruptedIOException which suggests a problem with IO operations, likely due to a timeout or interruption."
54044,"['7', '1', '1', '1', '2', '2', '2', '3', '4', '3', '4', '3', '4', '6', '6', '6', '5', '5', '5', '15']","[7, 1, 1, 1, 2, 2, 2, 3, 4, 3, 4, 3, 4, 6, 6, 6, 5, 5, 5, 15]",entity,"The test sequence includes an error message 'Error deleting block blk_', which is not present in any of the normal example sequences. This deviation from the expected flow indicates an abnormal workflow."
54438,"['7', '1', '1', '1', '2', '2', '2', '3', '4', '3', '4', '3', '4', '6', '6', '6', '5', '5', '18', '2', '5']",[18],status,"The log message indicates an InterruptedIOException which suggests a problem with IO operations, likely due to a timeout or interruption."
54440,"['7', '1', '1', '1', '2', '2', '2', '3', '4', '4', '3', '4', '3', '6', '6', '6', '5', '5', '5']","[3, 4, 4, 3, 4, 3, 6, 6, 6]",action,"The test sequence deviates from the normal_flows execution workflows as it includes additional steps such as receiving the same block from different locations, which is not present in any of the normal examples. This deviation indicates an abnormal_flows execution workflow."
54501,"['7', '1']","[7, 1]",entity,"The test sequence deviates from the normal flows as it does not follow the sequential pattern of handling and receiving blocks as seen in the normal example sequences. In the normal examples, there is a consistent flow of handling and receiving blocks in a specific order, but the test sequence only includes handling and receiving one block which is different from the expected pattern."
54669,"['7', '1', '1', '1', '2', '2', '2', '3', '4', '4', '3', '4', '3', '6', '6', '6', '5', '5', '5']","[3, 4, 4, 3, 4, 3, 6, 6, 6]",action,"The test sequence deviates from the normal_flows execution workflows as it includes additional steps such as receiving the same block from different locations, which is not present in any of the normal examples. This deviation indicates an abnormal_flows execution workflow."
54704,"['7', '1', '1', '1', '2', '2', '2', '3', '4', '3', '4', '3', '4', '10', '6', '6', '6', '5', '5', '18', '2', '5']",[18],status,"The log message indicates an InterruptedIOException which suggests a problem with IO operations, likely due to a timeout or interruption."
54873,"['7', '1', '1', '1', '2', '2', '2', '3', '4', '3', '4', '3', '4', '6', '6', '6', '5', '15', '5', '5']","[7, 1, 1, 1, 2, 2, 2, 3, 4, 3, 4, 3, 4, 6, 6, 6, 5, 15, 5, 5]",entity,"The test sequence includes actions that are not present in any of the normal example sequences, such as errors in deleting blocks and the execution sequence involving deleting a block file twice. These deviations from the normal flows indicate an abnormal execution workflow."
54956,"['7', '1', '1', '1', '2', '2', '2', '3', '4', '3', '4', '3', '4', '6', '6', '6', '5', '5', '18', '2', '5']",[18],status,"The log message indicates an InterruptedIOException which suggests a problem with IO operations, likely due to a timeout or interruption."
55661,"['1', '7', '1', '16']",[16],status,"The log message indicates an exception due to a socket timeout while waiting for a channel to be ready, which is not a normal execution process."
55741,"['7', '1', '1', '1', '2', '2', '2', '3', '4', '3', '4', '3', '4', '6', '6', '6', '5', '5', '15', '5']","[7, 1, 1, 1, 2, 2, 2, 3, 4, 3, 4, 3, 4, 6, 6, 6, 5, 5, 15, 5]",entity,The test sequence includes an additional step of 'Error deleting block blk_' and 'deleting block file' which are not present in any of the normal example sequences. This deviation from the normal sequences indicates an abnormal execution workflow.
55937,"['7', '1']","[7, 1]",entity,"The test sequence deviates from the normal flows as it does not follow the sequential pattern of handling and receiving blocks as seen in the normal example sequences. In the normal examples, there is a consistent flow of handling and receiving blocks in a specific order, but the test sequence only includes handling and receiving one block which is different from the expected pattern."
56330,"['7', '1', '1', '1', '2', '2', '2', '3', '4', '4', '3', '4', '3', '6', '6', '6', '5', '5', '5']","[3, 4, 4, 3, 4, 3, 6, 6, 6]",action,"The test sequence deviates from the normal_flows execution workflows as it includes additional steps such as receiving the same block from different locations, which is not present in any of the normal examples. This deviation indicates an abnormal_flows execution workflow."
56568,"['7', '1', '1', '1', '2', '2', '2', '3', '4', '3', '4', '3', '4', '6', '6', '6', '5', '5', '18', '2', '5']",[18],status,"The log message indicates an InterruptedIOException which suggests a problem with IO operations, likely due to a timeout or interruption."
57157,"['7', '1', '1', '16']",[16],status,"The log message indicates an exception due to a socket timeout while waiting for a channel to be ready, which is not a normal execution process."
57261,"['7', '1', '1', '1', '3', '4', '3', '4', '3', '4', '2', '2', '2', '19', '6', '6', '6', '5', '5', '5']",[19],status,"The log message indicates a SocketTimeoutException, which is an abnormal condition indicating a timeout while waiting for a channel to be ready for read."
57844,"['7', '1', '1', '16']",[16],status,"The log message indicates an exception due to a socket timeout while waiting for a channel to be ready, which is not a normal execution process."
57925,"['7', '1', '1', '16']",[16],status,"The log message indicates an exception due to a socket timeout while waiting for a channel to be ready, which is not a normal execution process."
58012,"['7', '1', '1', '16']",[16],status,"The log message indicates an exception due to a socket timeout while waiting for a channel to be ready, which is not a normal execution process."
58153,"['7', '1', '1', '1', '2', '2', '2', '3', '4', '3', '4', '3', '4', '10', '6', '6', '6', '5', '5', '18', '2', '5']",[18],status,"The log message indicates an InterruptedIOException which suggests a problem with IO operations, likely due to a timeout or interruption."
58431,"['7', '1', '1', '1', '2', '2', '2', '3', '4', '3', '4', '3', '4', '6', '6', '6', '5', '5', '18', '2', '5']",[18],status,"The log message indicates an InterruptedIOException which suggests a problem with IO operations, likely due to a timeout or interruption."
58571,"['7', '1', '1', '1', '2', '2', '2', '3', '4', '3', '4', '3', '4', '10', '6', '6', '6', '5', '5', '18', '2', '5']",[18],status,"The log message indicates an InterruptedIOException which suggests a problem with IO operations, likely due to a timeout or interruption."
58733,"['7', '1', '1', '1', '2', '2', '2', '3', '4', '3', '4', '3', '4', '6', '6', '6', '5', '5', '15', '5']","[7, 1, 1, 1, 2, 2, 2, 3, 4, 3, 4, 3, 4, 6, 6, 6, 5, 5, 15, 5]",entity,The test sequence includes an additional step of 'Error deleting block blk_' and 'deleting block file' which are not present in any of the normal example sequences. This deviation from the normal sequences indicates an abnormal execution workflow.
58734,"['7', '1']","[7, 1]",entity,"The test sequence deviates from the normal flows as it does not follow the sequential pattern of handling and receiving blocks as seen in the normal example sequences. In the normal examples, there is a consistent flow of handling and receiving blocks in a specific order, but the test sequence only includes handling and receiving one block which is different from the expected pattern."
58762,"['1', '7', '1', '16']",[16],status,"The log message indicates an exception due to a socket timeout while waiting for a channel to be ready, which is not a normal execution process."
59542,"['7', '1', '1', '1', '2', '2', '2', '3', '4', '3', '4', '3', '4', '6', '6', '6', '5', '5', '18', '2', '5']",[18],status,"The log message indicates an InterruptedIOException which suggests a problem with IO operations, likely due to a timeout or interruption."
59576,"['7', '1', '1', '16']",[16],status,"The log message indicates an exception due to a socket timeout while waiting for a channel to be ready, which is not a normal execution process."
59767,"['7', '1', '1', '16']",[16],status,"The log message indicates an exception due to a socket timeout while waiting for a channel to be ready, which is not a normal execution process."
59883,"['1', '7', '1', '16']",[16],status,"The log message indicates an exception due to a socket timeout while waiting for a channel to be ready, which is not a normal execution process."
60040,"['7', '1']","[7, 1]",entity,"The test sequence deviates from the normal flows as it does not follow the sequential pattern of handling and receiving blocks as seen in the normal example sequences. In the normal examples, there is a consistent flow of handling and receiving blocks in a specific order, but the test sequence only includes handling and receiving one block which is different from the expected pattern."
60653,"['1', '1', '7', '1', '2', '2', '2', '3', '4', '3', '4', '3', '4', '10', '6', '6', '6', '5', '5', '18', '2', '5']",[18],status,"The log message indicates an InterruptedIOException which suggests a problem with IO operations, likely due to a timeout or interruption."
60760,"['7', '1', '1', '1', '2', '2', '2', '3', '4', '3', '4', '4', '3', '6', '6', '6', '5', '5', '5']","[3, 4, 3, 4, 4, 3, 6, 6, 6]",action,"The test sequence deviates from the normal execution workflows as seen in the examples. In the normal examples, the sequence involves the repeated action of deleting a block that was added to an invalid set, while the test sequence includes additional steps of receiving the same block from different locations, which is not part of the normal flow."
61067,"['7', '1', '1', '1', '2', '2', '2', '3', '4', '3', '4', '3', '4', '6', '6', '6', '5', '5', '15', '5']","[7, 1, 1, 1, 2, 2, 2, 3, 4, 3, 4, 3, 4, 6, 6, 6, 5, 5, 15, 5]",entity,The test sequence includes an additional step of 'Error deleting block blk_' and 'deleting block file' which are not present in any of the normal example sequences. This deviation from the normal sequences indicates an abnormal execution workflow.
61152,"['7', '1', '1', '1', '2', '2', '2', '4', '3', '4', '3', '3', '4', '6', '6', '6', '5', '5', '5']","[4, 3, 4, 3, 3, 4, 6, 6, 6]",action,"The test sequence deviates from the normal execution workflows provided in the examples. In the normal sequences, the action of deleting a block added to an invalid set is repeated three times in a sequential manner. However, in the test sequence, the order of actions is different, and the repetition of the action occurs at different points in the sequence, indicating an abnormal workflow."
61222,"['7', '1', '1', '1', '2', '2', '2', '3', '4', '4', '3', '4', '3', '6', '6', '6', '5', '5', '5']","[3, 4, 4, 3, 4, 3, 6, 6, 6]",action,"The test sequence deviates from the normal_flows execution workflows as it includes additional steps such as receiving the same block from different locations, which is not present in any of the normal examples. This deviation indicates an abnormal_flows execution workflow."
61247,"['1', '7', '1', '1', '2', '2', '3', '4', '3', '4', '3', '4', '19', '2', '6', '6', '6', '5', '5', '5']",[19],status,"The log message indicates a SocketTimeoutException, which is an abnormal condition indicating a timeout while waiting for a channel to be ready for read."
61258,"['7', '1']","[7, 1]",entity,"The test sequence deviates from the normal flows as it does not follow the sequential pattern of handling and receiving blocks as seen in the normal example sequences. In the normal examples, there is a consistent flow of handling and receiving blocks in a specific order, but the test sequence only includes handling and receiving one block which is different from the expected pattern."
61305,"['7', '1', '1', '16']",[16],status,"The log message indicates an exception due to a socket timeout while waiting for a channel to be ready, which is not a normal execution process."
61503,"['7', '1']","[7, 1]",entity,"The test sequence deviates from the normal flows as it does not follow the sequential pattern of handling and receiving blocks as seen in the normal example sequences. In the normal examples, there is a consistent flow of handling and receiving blocks in a specific order, but the test sequence only includes handling and receiving one block which is different from the expected pattern."
61749,"['7', '1', '1', '16']",[16],status,"The log message indicates an exception due to a socket timeout while waiting for a channel to be ready, which is not a normal execution process."
62248,"['7', '1', '1', '1', '2', '2', '2', '3', '4', '3', '4', '3', '4', '10', '6', '6', '6', '10', '5', '5', '5']","[3, 4, 3, 4, 3, 4, 10, 6, 6, 6, 10]",action,"The test sequence includes an additional step of successful verification for blk_ at the end, which is not present in any of the normal example sequences. This deviation from the normal patterns indicates an abnormal execution workflow."
62443,"['7', '1', '1', '1', '2', '2', '2', '3', '4', '3', '4', '3', '4', '10', '6', '6', '6', '5', '5', '15', '5']","[7, 1, 1, 1, 2, 2, 2, 3, 4, 3, 4, 3, 4, 10, 6, 6, 6, 5, 5, 15, 5]",entity,"The test sequence includes an extra step of deleting a block file twice, followed by an error deleting block blk_, and then deleting a block file again. This deviation from the normal sequences indicates an abnormal execution workflow."
62491,"['7', '1']","[7, 1]",entity,"The test sequence deviates from the normal flows as it does not follow the sequential pattern of handling and receiving blocks as seen in the normal example sequences. In the normal examples, there is a consistent flow of handling and receiving blocks in a specific order, but the test sequence only includes handling and receiving one block which is different from the expected pattern."
62557,"['7', '1', '1', '1', '2', '2', '3', '4', '3', '4', '3', '4', '2', '19', '6', '6', '6', '5', '5', '5']",[19],status,"The log message indicates a SocketTimeoutException, which is an abnormal condition indicating a timeout while waiting for a channel to be ready for read."
62918,"['7', '1', '1', '16']",[16],status,"The log message indicates an exception due to a socket timeout while waiting for a channel to be ready, which is not a normal execution process."
63153,"['7', '1']","[7, 1]",entity,"The test sequence deviates from the normal flows as it does not follow the sequential pattern of handling and receiving blocks as seen in the normal example sequences. In the normal examples, there is a consistent flow of handling and receiving blocks in a specific order, but the test sequence only includes handling and receiving one block which is different from the expected pattern."
63461,"['7', '1', '1', '1', '2', '2', '2', '3', '4', '3', '4', '3', '4', '6', '6', '6', '5', '5', '15', '5']","[7, 1, 1, 1, 2, 2, 2, 3, 4, 3, 4, 3, 4, 6, 6, 6, 5, 5, 15, 5]",entity,The test sequence includes an additional step of 'Error deleting block blk_' and 'deleting block file' which are not present in any of the normal example sequences. This deviation from the normal sequences indicates an abnormal execution workflow.
63486,"['7', '1', '1', '16']",[16],status,"The log message indicates an exception due to a socket timeout while waiting for a channel to be ready, which is not a normal execution process."
63550,"['7', '1', '1', '1', '2', '2', '2', '3', '4', '4', '3', '4', '3', '6', '6', '6', '5', '5', '5']","[3, 4, 4, 3, 4, 3, 6, 6, 6]",action,"The test sequence deviates from the normal_flows execution workflows as it includes additional steps such as receiving the same block from different locations, which is not present in any of the normal examples. This deviation indicates an abnormal_flows execution workflow."
63620,"['7', '1']","[7, 1]",entity,"The test sequence deviates from the normal flows as it does not follow the sequential pattern of handling and receiving blocks as seen in the normal example sequences. In the normal examples, there is a consistent flow of handling and receiving blocks in a specific order, but the test sequence only includes handling and receiving one block which is different from the expected pattern."
63972,"['7', '1', '1', '16']",[16],status,"The log message indicates an exception due to a socket timeout while waiting for a channel to be ready, which is not a normal execution process."
63976,"['7', '1', '1', '1', '2', '2', '2', '3', '4', '3', '4', '3', '4', '6', '6', '6', '5', '5', '15', '5']","[7, 1, 1, 1, 2, 2, 2, 3, 4, 3, 4, 3, 4, 6, 6, 6, 5, 5, 15, 5]",entity,The test sequence includes an additional step of 'Error deleting block blk_' and 'deleting block file' which are not present in any of the normal example sequences. This deviation from the normal sequences indicates an abnormal execution workflow.
63992,"['7', '1', '1', '1', '2', '2', '2', '4', '3', '4', '3', '4', '3', '10', '6', '6', '6', '5', '5', '5']","[4, 3, 4, 3, 4, 3, 10, 6, 6, 6]",action,"The test sequence deviates from the normal execution workflows as it starts with receiving a block, followed by the PacketResponder for the same block, which is not consistent with the normal sequences provided. Additionally, the test sequence does not involve handling responses related to the block before successful verification, as seen in the normal examples."
64154,"['7', '1', '1', '16']",[16],status,"The log message indicates an exception due to a socket timeout while waiting for a channel to be ready, which is not a normal execution process."
64225,"['7', '1', '1', '1', '2', '2', '2', '3', '4', '3', '4', '3', '4', '6', '6', '6', '5', '5', '18', '2', '5']",[18],status,"The log message indicates an InterruptedIOException which suggests a problem with IO operations, likely due to a timeout or interruption."
64340,"['7', '1']","[7, 1]",entity,"The test sequence deviates from the normal flows as it does not follow the sequential pattern of handling and receiving blocks as seen in the normal example sequences. In the normal examples, there is a consistent flow of handling and receiving blocks in a specific order, but the test sequence only includes handling and receiving one block which is different from the expected pattern."
65202,"['7', '1', '1', '1', '2', '4', '2', '2', '3', '4', '3', '4', '3', '6', '6', '6', '5', '10', '5', '5']","[7, 1, 1, 1, 2, 4, 2, 2, 3, 4, 3, 4, 3, 6, 6, 6, 5, 10, 5, 5]",entity,"The test sequence deviates from the normal execution workflows by introducing new actions such as 'Receiving block blk_ from /' and 'Successful verification for blk_', which are not present in any of the normal example sequences. Additionally, the order of actions in the test sequence does not match any of the normal examples, indicating an abnormal flow."
65395,"['7', '1']","[7, 1]",entity,"The test sequence deviates from the normal flows as it does not follow the sequential pattern of handling and receiving blocks as seen in the normal example sequences. In the normal examples, there is a consistent flow of handling and receiving blocks in a specific order, but the test sequence only includes handling and receiving one block which is different from the expected pattern."
65561,"['7', '1', '1', '1', '2', '2', '2', '3', '4', '3', '4', '3', '4', '6', '6', '6', '5', '5', '18', '2', '5']",[18],status,"The log message indicates an InterruptedIOException which suggests a problem with IO operations, likely due to a timeout or interruption."
65956,"['7', '1', '1', '1', '2', '2', '2', '3', '4', '3', '4', '4', '3', '6', '6', '6', '5', '5', '5']","[3, 4, 3, 4, 4, 3, 6, 6, 6]",action,"The test sequence deviates from the normal execution workflows as seen in the examples. In the normal examples, the sequence involves the repeated action of deleting a block that was added to an invalid set, while the test sequence includes additional steps of receiving the same block from different locations, which is not part of the normal flow."
65958,"['7', '1', '1', '1', '2', '2', '2', '3', '4', '3', '4', '3', '4', '6', '6', '6', '5', '5', '18', '2', '5']",[18],status,"The log message indicates an InterruptedIOException which suggests a problem with IO operations, likely due to a timeout or interruption."
66242,"['7', '1', '1', '16']",[16],status,"The log message indicates an exception due to a socket timeout while waiting for a channel to be ready, which is not a normal execution process."
66453,"['7', '1', '1', '1', '2', '2', '3', '4', '3', '4', '3', '4', '2', '19', '6', '6', '6', '5', '5', '5']",[19],status,"The log message indicates a SocketTimeoutException, which is an abnormal condition indicating a timeout while waiting for a channel to be ready for read."
66569,"['7', '1', '1', '1', '2', '2', '2', '3', '4', '3', '4', '4', '3', '6', '6', '6', '5', '5', '5']","[3, 4, 3, 4, 4, 3, 6, 6, 6]",action,"The test sequence deviates from the normal execution workflows as seen in the examples. In the normal examples, the sequence involves the repeated action of deleting a block that was added to an invalid set, while the test sequence includes additional steps of receiving the same block from different locations, which is not part of the normal flow."
66871,"['7', '1', '1', '1', '2', '2', '3', '4', '3', '4', '2', '3', '4', '6', '6', '6', '5', '5', '18', '2', '5']",[18],status,"The log message indicates an InterruptedIOException which suggests a problem with IO operations, likely due to a timeout or interruption."
66903,"['7', '1', '1', '1', '2', '2', '2', '3', '4', '3', '4', '3', '4', '6', '6', '6', '5', '5', '18', '2', '5']",[18],status,"The log message indicates an InterruptedIOException which suggests a problem with IO operations, likely due to a timeout or interruption."
66955,"['7', '1', '1', '1', '2', '2', '3', '4', '3', '4', '3', '4', '2', '6', '6', '6', '5', '5', '18', '2', '5']",[18],status,"The log message indicates an InterruptedIOException which suggests a problem with IO operations, likely due to a timeout or interruption."
67786,"['7', '1', '1', '1', '2', '2', '2', '3', '4', '3', '4', '3', '4', '10', '6', '6', '6', '5', '5', '18', '2', '5']",[18],status,"The log message indicates an InterruptedIOException which suggests a problem with IO operations, likely due to a timeout or interruption."
67927,"['7', '1', '1', '1', '2', '2', '2', '3', '4', '3', '4', '3', '4', '6', '6', '6', '5', '5', '5', '15']","[7, 1, 1, 1, 2, 2, 2, 3, 4, 3, 4, 3, 4, 6, 6, 6, 5, 5, 5, 15]",entity,"The test sequence includes an error message 'Error deleting block blk_', which is not present in any of the normal example sequences. This deviation from the expected flow indicates an abnormal workflow."
68177,"['7', '1', '1', '1', '2', '2', '2', '3', '4', '3', '4', '3', '4', '6', '6', '6', '5', '5', '18', '2', '5']",[18],status,"The log message indicates an InterruptedIOException which suggests a problem with IO operations, likely due to a timeout or interruption."
68230,"['7', '1', '1', '1', '2', '2', '2', '3', '4', '3', '4', '3', '4', '6', '6', '6', '5', '5', '18', '2', '5']",[18],status,"The log message indicates an InterruptedIOException which suggests a problem with IO operations, likely due to a timeout or interruption."
70158,"['7', '1', '1', '1', '18', '2', '18', '2', '3', '4', '3', '4', '3', '4', '18', '2', '5', '5', '5']",[18],status,"The log message indicates an InterruptedIOException which suggests a problem with IO operations, likely due to a timeout or interruption."
70160,"['2', '7', '2', '2', '1', '3', '4', '1', '3', '4', '1', '3', '4', '8', '8', '8', '8', '8', '8', '8', '8', '8', '8', '8', '8', '8', '8', '8', '8', '8', '8', '8', '8', '8', '8', '8', '8', '8', '8', '8', '8', '8', '8', '8', '8', '8', '8', '8', '8', '8', '8', '8', '8', '8', '8', '8', '8', '8', '8', '8', '8', '8', '8', '8', '8', '8', '8', '8', '8', '8', '8', '8', '8', '8', '8', '8', '8', '8', '8', '8', '8', '8', '8', '8', '8', '8', '8', '8', '8', '8', '8', '8', '8', '8', '8', '8', '8', '8', '8', '8', '8', '8', '8', '8', '8', '8', '8', '8', '8', '8', '8', '8', '8', '8', '8', '8', '8', '8', '8', '8', '8', '8', '8', '8', '8', '8', '8', '8', '8', '8', '8', '8', '8', '8', '8', '8', '8', '8', '8', '8', '8', '8', '8', '8', '8', '8', '8', '8', '8', '8', '8', '8', '8', '8', '8', '8', '8', '8', '8', '8', '8', '8', '8', '8', '8', '8', '8', '8', '8', '8', '8', '8', '8', '8', '8', '8', '8', '8', '8', '8', '8', '8', '8', '8', '8', '8', '8', '8', '8', '8', '8', '8', '8', '8', '8', '8', '8', '8', '8', '8', '8', '8', '8', '8', '8', '8', '8', '8', '8', '8', '8', '8', '8', '8', '8', '8', '6', '6', '6', '5', '5', '5']","[8, 8, 8, 8, 8, 8, 8, 8, 8, 8, 8, 8, 8, 8, 8, 8, 8, 8, 8, 8, 8, 8, 8, 8, 8, 8, 8, 8, 8, 8, 8, 8, 8, 8, 8, 8, 8, 8, 8, 8, 8, 8, 8, 8, 8, 8, 8, 8, 8, 8, 8, 8, 8, 8, 8, 8, 8, 8, 8, 8, 8, 8, 8, 8, 8, 8, 8, 8, 8, 8, 8, 8, 8, 8, 8, 8, 8, 8, 8, 8, 8, 8, 8, 8, 8, 8, 8, 8, 8, 8, 8, 8, 8, 8, 8, 8, 8, 8, 8, 8, 8, 8, 8, 8, 8, 8, 8, 8, 8, 8, 8, 8, 8, 8, 8, 8, 8, 8, 8, 8, 8, 8, 8, 8, 8, 8, 8, 8, 8, 8, 8, 8, 8, 8, 8, 8, 8, 8, 8, 8, 8, 8, 8, 8, 8, 8, 8, 8, 8, 8, 8, 8, 8, 8, 8, 8, 8, 8, 8, 8, 8, 8, 8, 8, 8, 8, 8, 8, 8, 8, 8, 8, 8, 8, 8, 8, 8, 8, 8, 8, 8, 8, 8, 8, 8, 8, 8, 8, 8, 8, 8, 8, 8, 8, 8, 8, 8, 8, 8, 8, 8, 8, 8]",status,"The test sequence has a much longer length compared to the normal example sequences, indicating a possible abnormal execution workflow."
70304,"['7', '1', '1', '1', '2', '2', '3', '4', '3', '4', '3', '4', '2', '8', '8', '8', '8', '8', '8', '8', '8', '6', '6', '6', '5', '5', '18', '2', '5']",[18],status,"The log message indicates an InterruptedIOException which suggests a problem with IO operations, likely due to a timeout or interruption."
70462,"['7', '1', '1', '1', '2', '2', '3', '4', '3', '4', '3', '4', '2', '8', '8', '8', '8', '8', '8', '10', '8', '8', '6', '6', '6', '5', '5', '5']","[7, 1, 1, 1, 2, 2, 3, 4, 3, 4, 3, 4, 2, 8, 8, 8, 8, 8, 8, 10, 8, 8, 6, 6, 6, 5, 5, 5]",entity,"The test sequence differs from the normal examples in multiple aspects. The test sequence includes actions such as successful verification for blk_ and serving blocks to the root directory continuously, which are not present in any of the normal examples. Additionally, the sequence of actions in the test sequence does not match the sequential pattern observed in the normal examples, indicating an abnormal workflow."
70470,"['7', '1', '1', '1', '2', '2', '2', '3', '4', '3', '4', '3', '4', '8', '8', '10', '8', '8', '8', '8', '8', '8', '6', '6', '6', '5', '5', '15', '5']","[7, 1, 1, 1, 2, 2, 2, 3, 4, 3, 4, 3, 4, 8, 8, 10, 8, 8, 8, 8, 8, 8, 6, 6, 6, 5, 5, 15, 5]",entity,"The test sequence does not follow the pattern of alternating between initiating PacketResponders and receiving blocks as seen in the normal example sequences. Additionally, the test sequence does not involve encountering exceptions while serving blocks or deleting blocks added to an invalid set, which are common in the normal example sequences."
70834,"['7', '1']","[7, 1]",entity,"The test sequence deviates from the normal flows as it does not follow the sequential pattern of handling and receiving blocks as seen in the normal example sequences. In the normal examples, there is a consistent flow of handling and receiving blocks in a specific order, but the test sequence only includes handling and receiving one block which is different from the expected pattern."
71006,"['7', '1', '1', '16']",[16],status,"The log message indicates an exception due to a socket timeout while waiting for a channel to be ready, which is not a normal execution process."
71011,"['7', '1', '1', '16']",[16],status,"The log message indicates an exception due to a socket timeout while waiting for a channel to be ready, which is not a normal execution process."
71113,"['7', '1', '1', '16']",[16],status,"The log message indicates an exception due to a socket timeout while waiting for a channel to be ready, which is not a normal execution process."
71298,"['7', '1']","[7, 1]",entity,"The test sequence deviates from the normal flows as it does not follow the sequential pattern of handling and receiving blocks as seen in the normal example sequences. In the normal examples, there is a consistent flow of handling and receiving blocks in a specific order, but the test sequence only includes handling and receiving one block which is different from the expected pattern."
71348,"['7', '1', '1', '16']",[16],status,"The log message indicates an exception due to a socket timeout while waiting for a channel to be ready, which is not a normal execution process."
71400,"['7', '1', '1', '1', '3', '4', '2', '2', '2', '3', '4', '3', '4', '8', '9', '8', '8', '9', '8', '8', '9', '8', '10', '8', '9', '8', '6', '6', '6', '5', '5', '5']","[7, 1, 1, 1, 3, 4, 2, 2, 2, 3, 4, 3, 4, 8, 9, 8, 8, 9, 8, 8, 9, 8, 10, 8, 9, 8, 6, 6, 6, 5, 5, 5]",entity,"The test sequence deviates from the normal example sequences by introducing multiple exceptions while serving blocks, as well as a different sequence of actions related to serving blocks and adding stored blocks. Additionally, the test sequence does not follow the alternating pattern of initiating PacketResponders and receiving blocks as seen in the normal examples."
71566,"['7', '1', '1', '1', '2', '2', '3', '4', '3', '4', '3', '4', '2', '8', '8', '9', '8', '9', '8', '8', '9', '8', '8', '9', '8', '6', '6', '6', '5', '5', '15', '5']","[7, 1, 1, 1, 2, 2, 3, 4, 3, 4, 3, 4, 2, 8, 8, 9, 8, 9, 8, 8, 9, 8, 8, 9, 8, 6, 6, 6, 5, 5, 15, 5]",entity,"The test sequence deviates from the normal flows example sequences by including actions such as NameSystem allocateBlock, serving block to / multiple times, and deleting a block file twice, which were not present in the normal examples. Additionally, the test sequence does not follow the same flow pattern as the normal examples."
71768,"['7', '1', '1', '1', '2', '2', '2', '3', '4', '3', '4', '3', '4', '8', '9', '8', '8', '9', '8', '8', '9', '8', '8', '8', '9', '6', '6', '6', '5', '5', '18', '2', '5']",[18],status,"The log message indicates an InterruptedIOException which suggests a problem with IO operations, likely due to a timeout or interruption."
71952,"['7', '1', '1', '1', '2', '2', '2', '3', '4', '3', '4', '3', '4', '8', '9', '8', '10', '8', '9', '8', '9', '8', '8', '8', '9', '8', '6', '6', '6', '5', '5', '5']","[7, 1, 1, 1, 2, 2, 2, 3, 4, 3, 4, 3, 4, 8, 9, 8, 10, 8, 9, 8, 9, 8, 8, 8, 9, 8, 6, 6, 6, 5, 5, 5]",entity,"The test sequence deviates from the normal flows execution workflows seen in the examples by including multiple instances of exceptions while serving blocks, serving blocks to the root directory consecutively, and deleting blocks added to an invalid set. These patterns are not present in the normal examples, indicating an abnormal execution workflow."
72046,"['7', '1', '1', '1', '2', '2', '2', '3', '4', '3', '4', '3', '4', '8', '9', '8', '10', '8', '9', '8', '9', '8', '8', '8', '9', '8', '6', '6', '6', '5', '5', '5']","[7, 1, 1, 1, 2, 2, 2, 3, 4, 3, 4, 3, 4, 8, 9, 8, 10, 8, 9, 8, 9, 8, 8, 8, 9, 8, 6, 6, 6, 5, 5, 5]",entity,"The test sequence deviates from the normal flows execution workflows seen in the examples by including multiple instances of exceptions while serving blocks, serving blocks to the root directory consecutively, and deleting blocks added to an invalid set. These patterns are not present in the normal examples, indicating an abnormal execution workflow."
72105,"['7', '1', '1', '16']",[16],status,"The log message indicates an exception due to a socket timeout while waiting for a channel to be ready, which is not a normal execution process."
72223,"['7', '1', '1', '1', '2', '2', '2', '3', '4', '3', '4', '3', '4', '8', '8', '9', '8', '9', '8', '8', '8', '9', '8', '9', '8', '6', '6', '6', '5', '5', '5', '15']","[7, 1, 1, 1, 2, 2, 2, 3, 4, 3, 4, 3, 4, 8, 8, 9, 8, 9, 8, 8, 8, 9, 8, 9, 8, 6, 6, 6, 5, 5, 5, 15]",entity,The test sequence includes an additional step 'Error deleting block blk_' which is not present in any of the normal example sequences. This deviation indicates an abnormal execution workflow.
72258,"['7', '1', '1', '1', '2', '2', '2', '3', '4', '3', '4', '3', '4', '8', '9', '8', '9', '8', '8', '8', '9', '8', '8', '9', '8', '6', '6', '6', '5', '5', '18', '2', '5']",[18],status,"The log message indicates an InterruptedIOException which suggests a problem with IO operations, likely due to a timeout or interruption."
72407,"['7', '1', '1', '1', '2', '2', '2', '3', '4', '3', '4', '3', '4', '8', '9', '8', '10', '10', '8', '9', '8', '8', '8', '9', '8', '9', '8', '6', '6', '6', '5', '5', '5']","[7, 1, 1, 1, 2, 2, 2, 3, 4, 3, 4, 3, 4, 8, 9, 8, 10, 10, 8, 9, 8, 8, 8, 9, 8, 9, 8, 6, 6, 6, 5, 5, 5]",entity,"The test sequence includes multiple inconsistencies compared to the normal example sequences. For instance, the test sequence involves serving block to the root directory followed by exceptions while serving blocks, which is not present in the normal examples. Additionally, the successful verification of a block twice in a sequential manner and the repetitive action of deleting a block added to an invalid set three times sequentially are also unique to the test sequence and indicate abnormal behavior."
72417,"['7', '1']","[7, 1]",entity,"The test sequence deviates from the normal flows as it does not follow the sequential pattern of handling and receiving blocks as seen in the normal example sequences. In the normal examples, there is a consistent flow of handling and receiving blocks in a specific order, but the test sequence only includes handling and receiving one block which is different from the expected pattern."
72549,"['7', '1', '1', '1', '2', '2', '2', '3', '4', '3', '4', '3', '4', '8', '8', '9', '8', '9', '8', '8', '9', '8', '8', '8', '9', '6', '6', '6', '5', '5', '18', '2', '5']",[18],status,"The log message indicates an InterruptedIOException which suggests a problem with IO operations, likely due to a timeout or interruption."
72566,"['7', '1']","[7, 1]",entity,"The test sequence deviates from the normal flows as it does not follow the sequential pattern of handling and receiving blocks as seen in the normal example sequences. In the normal examples, there is a consistent flow of handling and receiving blocks in a specific order, but the test sequence only includes handling and receiving one block which is different from the expected pattern."
72579,"['7', '1', '1', '1', '2', '2', '2', '3', '4', '3', '4', '3', '4', '8', '9', '8', '8', '9', '8', '8', '9', '8', '8', '9', '8', '6', '6', '6', '5', '5', '18', '2', '5']",[18],status,"The log message indicates an InterruptedIOException which suggests a problem with IO operations, likely due to a timeout or interruption."
72683,"['7', '1', '1', '16']",[16],status,"The log message indicates an exception due to a socket timeout while waiting for a channel to be ready, which is not a normal execution process."
72954,"['7', '1']","[7, 1]",entity,"The test sequence deviates from the normal flows as it does not follow the sequential pattern of handling and receiving blocks as seen in the normal example sequences. In the normal examples, there is a consistent flow of handling and receiving blocks in a specific order, but the test sequence only includes handling and receiving one block which is different from the expected pattern."
73137,"['7', '1', '1', '1', '2', '2', '2', '3', '4', '3', '4', '3', '4', '9', '8', '8', '10', '8', '9', '8', '9', '8', '8', '9', '8', '8', '6', '6', '6', '5', '5', '18', '2', '5']",[18],status,"The log message indicates an InterruptedIOException which suggests a problem with IO operations, likely due to a timeout or interruption."
73163,"['7', '1']","[7, 1]",entity,"The test sequence deviates from the normal flows as it does not follow the sequential pattern of handling and receiving blocks as seen in the normal example sequences. In the normal examples, there is a consistent flow of handling and receiving blocks in a specific order, but the test sequence only includes handling and receiving one block which is different from the expected pattern."
73294,"['7', '1']","[7, 1]",entity,"The test sequence deviates from the normal flows as it does not follow the sequential pattern of handling and receiving blocks as seen in the normal example sequences. In the normal examples, there is a consistent flow of handling and receiving blocks in a specific order, but the test sequence only includes handling and receiving one block which is different from the expected pattern."
73443,"['7', '1', '1', '1', '2', '2', '3', '4', '3', '4', '3', '4', '2', '8', '9', '8', '10', '8', '8', '9', '8', '8', '9', '8', '9', '8', '6', '6', '6', '5', '5', '5']","[7, 1, 1, 1, 2, 2, 3, 4, 3, 4, 3, 4, 2, 8, 9, 8, 10, 8, 8, 9, 8, 8, 9, 8, 9, 8, 6, 6, 6, 5, 5, 5]",entity,"The test sequence includes multiple occurrences of exceptions while serving blocks, which is not present in the normal example sequences. Additionally, the test sequence involves serving blocks to the root directory in a consecutive manner, which deviates from the alternating pattern seen in the normal examples."
73744,"['7', '1', '1', '1', '2', '3', '4', '2', '2', '3', '4', '3', '4', '8', '8', '9', '8', '8', '9', '8', '8', '9', '8', '8', '9', '6', '6', '6', '5', '5', '18', '2', '5']",[18],status,"The log message indicates an InterruptedIOException which suggests a problem with IO operations, likely due to a timeout or interruption."
73907,"['7', '1', '1', '1', '2', '2', '2', '3', '4', '3', '4', '3', '4', '8', '9', '8', '10', '10', '8', '9', '8', '9', '8', '8', '8', '9', '8', '6', '6', '6', '5', '15', '5', '5']","[7, 1, 1, 1, 2, 2, 2, 3, 4, 3, 4, 3, 4, 8, 9, 8, 10, 10, 8, 9, 8, 9, 8, 8, 8, 9, 8, 6, 6, 6, 5, 15, 5, 5]",entity,"The test sequence deviates from the normal execution workflows seen in the examples. It includes multiple instances of exceptions while serving blocks, alternating actions of serving blocks and receiving blocks, and errors in deleting block files. These patterns are not consistent with the normal flows observed in the example sequences."
74014,"['7', '1', '1', '1', '2', '2', '2', '3', '4', '3', '4', '3', '4', '8', '8', '9', '9', '8', '8', '8', '9', '8', '8', '8', '9', '6', '6', '6', '5', '5', '18', '2', '5']",[18],status,"The log message indicates an InterruptedIOException which suggests a problem with IO operations, likely due to a timeout or interruption."
74061,"['7', '1', '1', '16']",[16],status,"The log message indicates an exception due to a socket timeout while waiting for a channel to be ready, which is not a normal execution process."
74544,"['7', '1', '1', '16']",[16],status,"The log message indicates an exception due to a socket timeout while waiting for a channel to be ready, which is not a normal execution process."
74580,"['7', '1']","[7, 1]",entity,"The test sequence deviates from the normal flows as it does not follow the sequential pattern of handling and receiving blocks as seen in the normal example sequences. In the normal examples, there is a consistent flow of handling and receiving blocks in a specific order, but the test sequence only includes handling and receiving one block which is different from the expected pattern."
74688,"['7', '1']","[7, 1]",entity,"The test sequence deviates from the normal flows as it does not follow the sequential pattern of handling and receiving blocks as seen in the normal example sequences. In the normal examples, there is a consistent flow of handling and receiving blocks in a specific order, but the test sequence only includes handling and receiving one block which is different from the expected pattern."
74750,"['7', '1']","[7, 1]",entity,"The test sequence deviates from the normal flows as it does not follow the sequential pattern of handling and receiving blocks as seen in the normal example sequences. In the normal examples, there is a consistent flow of handling and receiving blocks in a specific order, but the test sequence only includes handling and receiving one block which is different from the expected pattern."
74802,"['7', '1']","[7, 1]",entity,"The test sequence deviates from the normal flows as it does not follow the sequential pattern of handling and receiving blocks as seen in the normal example sequences. In the normal examples, there is a consistent flow of handling and receiving blocks in a specific order, but the test sequence only includes handling and receiving one block which is different from the expected pattern."
75180,"['7', '1']","[7, 1]",entity,"The test sequence deviates from the normal flows as it does not follow the sequential pattern of handling and receiving blocks as seen in the normal example sequences. In the normal examples, there is a consistent flow of handling and receiving blocks in a specific order, but the test sequence only includes handling and receiving one block which is different from the expected pattern."
75183,"['7', '1', '1', '1', '2', '2', '2', '3', '4', '3', '4', '3', '4', '8', '9', '8', '8', '9', '8', '9', '8', '8', '8', '8', '9', '6', '6', '6', '5', '5', '18', '2', '5']",[18],status,"The log message indicates an InterruptedIOException which suggests a problem with IO operations, likely due to a timeout or interruption."
75262,"['7', '1', '1', '16']",[16],status,"The log message indicates an exception due to a socket timeout while waiting for a channel to be ready, which is not a normal execution process."
75312,"['7', '1', '1', '16']",[16],status,"The log message indicates an exception due to a socket timeout while waiting for a channel to be ready, which is not a normal execution process."
75320,"['7', '1', '1', '1', '2', '2', '2', '3', '4', '3', '4', '3', '4', '8', '9', '8', '8', '8', '9', '8', '8', '9', '8', '8', '9', '6', '6', '6', '5', '5', '18', '2', '5']",[18],status,"The log message indicates an InterruptedIOException which suggests a problem with IO operations, likely due to a timeout or interruption."
75343,"['7', '1']","[7, 1]",entity,"The test sequence deviates from the normal flows as it does not follow the sequential pattern of handling and receiving blocks as seen in the normal example sequences. In the normal examples, there is a consistent flow of handling and receiving blocks in a specific order, but the test sequence only includes handling and receiving one block which is different from the expected pattern."
75497,"['7', '1', '1', '1', '2', '2', '2', '3', '4', '3', '4', '3', '4', '10', '8', '9', '8', '10', '8', '9', '8', '8', '8', '9', '8', '8', '9', '6', '6', '6', '5', '18', '2', '5', '5']",[18],status,"The log message indicates an InterruptedIOException which suggests a problem with IO operations, likely due to a timeout or interruption."
75624,"['7', '1']","[7, 1]",entity,"The test sequence deviates from the normal flows as it does not follow the sequential pattern of handling and receiving blocks as seen in the normal example sequences. In the normal examples, there is a consistent flow of handling and receiving blocks in a specific order, but the test sequence only includes handling and receiving one block which is different from the expected pattern."
75640,"['7', '1']","[7, 1]",entity,"The test sequence deviates from the normal flows as it does not follow the sequential pattern of handling and receiving blocks as seen in the normal example sequences. In the normal examples, there is a consistent flow of handling and receiving blocks in a specific order, but the test sequence only includes handling and receiving one block which is different from the expected pattern."
75695,"['7', '1', '1', '16']",[16],status,"The log message indicates an exception due to a socket timeout while waiting for a channel to be ready, which is not a normal execution process."
75745,"['7', '1', '1', '1', '2', '2', '2', '3', '4', '3', '4', '3', '4', '8', '9', '8', '8', '8', '9', '8', '9', '8', '8', '9', '8', '6', '6', '6', '5', '5', '18', '2', '5']",[18],status,"The log message indicates an InterruptedIOException which suggests a problem with IO operations, likely due to a timeout or interruption."
75861,"['7', '1', '1', '1', '2', '3', '4', '2', '3', '4', '3', '4', '2', '8', '8', '9', '8', '8', '9', '8', '8', '9', '8', '9', '8', '6', '6', '6', '5', '5', '5']","[7, 1, 1, 1, 2, 3, 4, 2, 3, 4, 3, 4, 2, 8, 8, 9, 8, 8, 9, 8, 8, 9, 8, 9, 8, 6, 6, 6, 5, 5, 5]",entity,"The test sequence deviates from the normal execution workflows by introducing multiple instances of serving blocks to the root directory, encountering exceptions while serving blocks, and adding stored blocks in an irregular manner. Additionally, the alternating pattern between initiating PacketResponders and receiving blocks is not consistent with the normal examples provided."
76017,"['7', '1']","[7, 1]",entity,"The test sequence deviates from the normal flows as it does not follow the sequential pattern of handling and receiving blocks as seen in the normal example sequences. In the normal examples, there is a consistent flow of handling and receiving blocks in a specific order, but the test sequence only includes handling and receiving one block which is different from the expected pattern."
76152,"['1', '7', '1', '1', '2', '3', '4', '2', '2', '3', '4', '3', '4', '9', '8', '9', '9', '8', '9', '8', '9', '6', '6', '6', '5', '5', '5']","[1, 7, 1, 1, 2, 3, 4, 2, 2, 3, 4, 3, 4, 9, 8, 9, 9, 8, 9, 8, 9, 6, 6, 6, 5, 5, 5]",entity,"The test sequence deviates from the normal execution workflows as seen in the examples. In the normal examples, the sequences follow a specific order of actions related to receiving blocks, adding stored blocks, initiating PacketResponders, serving blocks, encountering exceptions, and deleting blocks. However, in the test sequence, there are inconsistencies such as responding to a packet before receiving the block, as well as other deviations from the expected flow of actions."
76348,"['7', '1', '1', '16']",[16],status,"The log message indicates an exception due to a socket timeout while waiting for a channel to be ready, which is not a normal execution process."
76403,"['7', '1', '1', '16']",[16],status,"The log message indicates an exception due to a socket timeout while waiting for a channel to be ready, which is not a normal execution process."
76632,"['7', '1']","[7, 1]",entity,"The test sequence deviates from the normal flows as it does not follow the sequential pattern of handling and receiving blocks as seen in the normal example sequences. In the normal examples, there is a consistent flow of handling and receiving blocks in a specific order, but the test sequence only includes handling and receiving one block which is different from the expected pattern."
76740,"['7', '1']","[7, 1]",entity,"The test sequence deviates from the normal flows as it does not follow the sequential pattern of handling and receiving blocks as seen in the normal example sequences. In the normal examples, there is a consistent flow of handling and receiving blocks in a specific order, but the test sequence only includes handling and receiving one block which is different from the expected pattern."
76812,"['7', '1', '1', '16']",[16],status,"The log message indicates an exception due to a socket timeout while waiting for a channel to be ready, which is not a normal execution process."
77280,"['7', '1', '1', '16']",[16],status,"The log message indicates an exception due to a socket timeout while waiting for a channel to be ready, which is not a normal execution process."
77516,"['7', '1']","[7, 1]",entity,"The test sequence deviates from the normal flows as it does not follow the sequential pattern of handling and receiving blocks as seen in the normal example sequences. In the normal examples, there is a consistent flow of handling and receiving blocks in a specific order, but the test sequence only includes handling and receiving one block which is different from the expected pattern."
77546,"['7', '1', '1', '16']",[16],status,"The log message indicates an exception due to a socket timeout while waiting for a channel to be ready, which is not a normal execution process."
77620,"['7', '1', '1', '1', '2', '2', '2', '3', '4', '3', '4', '3', '4', '9', '8', '8', '8', '8', '9', '8', '8', '9', '8', '8', '8', '9', '8', '6', '6', '6', '5', '5', '5', '15']","[7, 1, 1, 1, 2, 2, 2, 3, 4, 3, 4, 3, 4, 9, 8, 8, 8, 8, 9, 8, 8, 9, 8, 8, 8, 9, 8, 6, 6, 6, 5, 5, 5, 15]",entity,"The test sequence deviates from the normal examples by introducing a new sequence of actions involving repeated initiation of PacketResponders, continuous serving of blocks to the root directory, and encountering exceptions while serving blocks. These new patterns are not present in any of the normal examples provided, indicating an abnormal execution workflow."
77644,"['7', '1']","[7, 1]",entity,"The test sequence deviates from the normal flows as it does not follow the sequential pattern of handling and receiving blocks as seen in the normal example sequences. In the normal examples, there is a consistent flow of handling and receiving blocks in a specific order, but the test sequence only includes handling and receiving one block which is different from the expected pattern."
77690,"['7', '1']","[7, 1]",entity,"The test sequence deviates from the normal flows as it does not follow the sequential pattern of handling and receiving blocks as seen in the normal example sequences. In the normal examples, there is a consistent flow of handling and receiving blocks in a specific order, but the test sequence only includes handling and receiving one block which is different from the expected pattern."
77769,"['7', '1']","[7, 1]",entity,"The test sequence deviates from the normal flows as it does not follow the sequential pattern of handling and receiving blocks as seen in the normal example sequences. In the normal examples, there is a consistent flow of handling and receiving blocks in a specific order, but the test sequence only includes handling and receiving one block which is different from the expected pattern."
77798,"['7', '1', '1', '1', '2', '2', '2', '3', '4', '3', '4', '3', '4', '9', '8', '8', '8', '8', '9', '8', '9', '8', '8', '8', '9', '6', '6', '6', '5', '5', '18', '2', '5']",[18],status,"The log message indicates an InterruptedIOException which suggests a problem with IO operations, likely due to a timeout or interruption."
77950,"['7', '1', '1', '1', '2', '2', '2', '3', '4', '3', '4', '3', '4', '8', '9', '8', '8', '9', '8', '8', '9', '8', '10', '8', '9', '8', '6', '6', '6', '5', '5', '5']","[7, 1, 1, 1, 2, 2, 2, 3, 4, 3, 4, 3, 4, 8, 9, 8, 8, 9, 8, 8, 9, 8, 10, 8, 9, 8, 6, 6, 6, 5, 5, 5]",entity,"The test sequence includes several abnormal actions such as multiple exceptions while serving a block, successful verification for a block followed by exceptions, and serving a block to the root directory multiple times consecutively. These actions deviate from the patterns observed in the normal example sequences, indicating an abnormal execution workflow."
78069,"['7', '1', '1', '16']",[16],status,"The log message indicates an exception due to a socket timeout while waiting for a channel to be ready, which is not a normal execution process."
78084,"['7', '1', '1', '1', '2', '2', '2', '3', '4', '3', '4', '3', '4', '8', '8', '9', '8', '8', '9', '8', '9', '8', '8', '9', '8', '6', '6', '6', '5', '5', '18', '2', '5']",[18],status,"The log message indicates an InterruptedIOException which suggests a problem with IO operations, likely due to a timeout or interruption."
78092,"['7', '1', '1', '16']",[16],status,"The log message indicates an exception due to a socket timeout while waiting for a channel to be ready, which is not a normal execution process."
78224,"['7', '1', '1', '1', '3', '4', '3', '4', '3', '4', '2', '2', '2', '8', '8', '9', '8', '9', '8', '8', '9', '8', '9', '8', '8', '6', '6', '6', '5', '5', '5']","[7, 1, 1, 1, 3, 4, 3, 4, 3, 4, 2, 2, 2, 8, 8, 9, 8, 9, 8, 8, 9, 8, 9, 8, 8, 6, 6, 6, 5, 5, 5]",entity,The test sequence deviates from the normal flow as it includes an additional step of executing the task of adding a stored block in a sequential manner before serving blocks and encountering exceptions. This extra step disrupts the expected workflow pattern observed in the normal examples.
78234,"['7', '1']","[7, 1]",entity,"The test sequence deviates from the normal flows as it does not follow the sequential pattern of handling and receiving blocks as seen in the normal example sequences. In the normal examples, there is a consistent flow of handling and receiving blocks in a specific order, but the test sequence only includes handling and receiving one block which is different from the expected pattern."
78276,"['7', '1', '1', '1', '19', '2', '2', '2', '3', '4', '3', '4', '3', '4', '8', '8', '9', '8', '9', '8', '9', '8', '8', '9', '8', '8', '6', '6', '6', '5', '5', '5']",[19],status,"The log message indicates a SocketTimeoutException, which is an abnormal condition indicating a timeout while waiting for a channel to be ready for read."
78421,"['7', '1']","[7, 1]",entity,"The test sequence deviates from the normal flows as it does not follow the sequential pattern of handling and receiving blocks as seen in the normal example sequences. In the normal examples, there is a consistent flow of handling and receiving blocks in a specific order, but the test sequence only includes handling and receiving one block which is different from the expected pattern."
78437,"['7', '1', '1', '1', '2', '2', '2', '3', '4', '3', '4', '3', '4', '8', '9', '8', '9', '8', '8', '8', '8', '9', '8', '9', '8', '6', '6', '6', '5', '5', '18', '2', '5']",[18],status,"The log message indicates an InterruptedIOException which suggests a problem with IO operations, likely due to a timeout or interruption."
78821,"['7', '1', '1', '1', '2', '3', '4', '4', '2', '2', '3', '4', '3', '8', '9', '8', '10', '8', '8', '9', '8', '8', '9', '8', '9', '8', '6', '6', '6', '5', '5', '5']","[7, 1, 1, 1, 2, 3, 4, 4, 2, 2, 3, 4, 3, 8, 9, 8, 10, 8, 8, 9, 8, 8, 9, 8, 9, 8, 6, 6, 6, 5, 5, 5]",entity,"The test sequence deviates from the normal examples by not following the expected sequence of actions. In the normal examples, there is a specific pattern of actions that involve initiating PacketResponders, receiving blocks, serving blocks, encountering exceptions, and deleting blocks. However, in the test sequence, the order of actions is different, and some actions are repeated in a way that is inconsistent with the normal examples."
79100,"['7', '1', '1', '1', '2', '2', '3', '4', '3', '4', '2', '3', '4', '8', '9', '8', '9', '8', '8', '9', '8', '8', '9', '8', '8', '6', '6', '6', '5', '5', '18', '2', '5']",[18],status,"The log message indicates an InterruptedIOException which suggests a problem with IO operations, likely due to a timeout or interruption."
79119,"['7', '1', '1', '1', '2', '2', '2', '3', '4', '3', '4', '3', '4', '8', '8', '9', '8', '8', '9', '8', '8', '9', '8', '8', '9', '6', '6', '6', '5', '5', '15', '15', '5']","[15, 15]",status,The test sequence includes an additional process (Process 1) that is not present in the normal example sequence. This deviation from the expected workflow indicates an abnormal execution flow.
79197,"['7', '1', '1', '16']",[16],status,"The log message indicates an exception due to a socket timeout while waiting for a channel to be ready, which is not a normal execution process."
79210,"['7', '1']","[7, 1]",entity,"The test sequence deviates from the normal flows as it does not follow the sequential pattern of handling and receiving blocks as seen in the normal example sequences. In the normal examples, there is a consistent flow of handling and receiving blocks in a specific order, but the test sequence only includes handling and receiving one block which is different from the expected pattern."
79287,"['7', '1', '1', '1', '2', '2', '2', '3', '4', '3', '4', '3', '4', '8', '9', '8', '8', '9', '8', '8', '9', '8', '8', '9', '8', '6', '6', '6', '5', '5', '5', '15']","[7, 1, 1, 1, 2, 2, 2, 3, 4, 3, 4, 3, 4, 8, 9, 8, 8, 9, 8, 8, 9, 8, 8, 9, 8, 6, 6, 6, 5, 5, 5, 15]",entity,"The test sequence includes an additional step 'Error deleting block blk_' at the end, which is not present in any of the normal example sequences. This deviation indicates an abnormal execution workflow."
79299,"['7', '1', '1', '1', '2', '2', '2', '3', '4', '3', '4', '3', '4', '8', '9', '8', '8', '8', '9', '8', '9', '8', '8', '8', '9', '6', '6', '6', '5', '5', '18', '2', '5']",[18],status,"The log message indicates an InterruptedIOException which suggests a problem with IO operations, likely due to a timeout or interruption."
79305,"['1', '1', '7', '1', '2', '2', '3', '4', '3', '4', '2', '3', '4', '8', '9', '8', '8', '9', '8', '8', '9', '8', '8', '9', '8', '6', '6', '6', '5', '5', '5']","[1, 1, 7, 1, 2, 2, 3, 4, 3, 4, 2, 3, 4, 8, 9, 8, 8, 9, 8, 8, 9, 8, 8, 9, 8, 6, 6, 6, 5, 5, 5]",entity,"The test sequence includes multiple abnormal actions such as initiating a PacketResponder for an unknown source, serving block to an unknown source, and encountering exceptions while serving blocks. These actions deviate from the normal execution workflows observed in the example sequences."
79410,"['7', '1', '1', '16']",[16],status,"The log message indicates an exception due to a socket timeout while waiting for a channel to be ready, which is not a normal execution process."
79759,"['7', '1']","[7, 1]",entity,"The test sequence deviates from the normal flows as it does not follow the sequential pattern of handling and receiving blocks as seen in the normal example sequences. In the normal examples, there is a consistent flow of handling and receiving blocks in a specific order, but the test sequence only includes handling and receiving one block which is different from the expected pattern."
79806,"['1', '7', '1', '1', '2', '2', '2', '3', '4', '3', '4', '3', '4', '8', '9', '8', '8', '9', '8', '8', '9', '8', '9', '8', '8', '6', '6', '6', '5', '5', '5']","[1, 7, 1, 1, 2, 2, 2, 3, 4, 3, 4, 3, 4, 8, 9, 8, 8, 9, 8, 8, 9, 8, 9, 8, 8, 6, 6, 6, 5, 5, 5]",entity,"The test sequence includes a different order of processes compared to the normal examples. In the normal examples, the sequence starts with 'NameSystem allocateBlock' and then proceeds with receiving blocks sequentially, followed by serving and deleting blocks. However, in the test sequence, the order of processes is different, starting with 'receiving block blk_' and then 'NameSystem allocateBlock' which is not consistent with the normal examples provided."
79836,"['7', '1', '1', '16']",[16],status,"The log message indicates an exception due to a socket timeout while waiting for a channel to be ready, which is not a normal execution process."
79924,"['1', '7', '1', '1', '2', '2', '3', '4', '3', '4', '3', '4', '2', '10', '8', '9', '8', '8', '8', '9', '8', '8', '9', '8', '8', '9', '6', '6', '6', '5', '5', '5']","[1, 7, 1, 1, 2, 2, 3, 4, 3, 4, 3, 4, 2, 10, 8, 9, 8, 8, 8, 9, 8, 8, 9, 8, 8, 9, 6, 6, 6, 5, 5, 5]",entity,"The test sequence includes a 'Successful verification for blk_' step, which is not part of any of the normal example sequences. Additionally, the test sequence has a different order of actions compared to the normal examples, indicating an abnormal execution workflow."
80055,"['7', '1', '1', '1', '2', '2', '2', '3', '4', '3', '4', '3', '4', '8', '8', '9', '8', '8', '9', '8', '9', '8', '8', '8', '9', '6', '6', '6', '5', '5', '18', '2', '5']",[18],status,"The log message indicates an InterruptedIOException which suggests a problem with IO operations, likely due to a timeout or interruption."
80246,"['7', '1', '1', '1', '2', '2', '2', '3', '4', '3', '4', '3', '4', '8', '8', '9', '10', '8', '9', '8', '8', '9', '8', '8', '9', '8', '6', '6', '6', '5', '5', '18', '2', '5']",[18],status,"The log message indicates an InterruptedIOException which suggests a problem with IO operations, likely due to a timeout or interruption."
80293,"['7', '1']","[7, 1]",entity,"The test sequence deviates from the normal flows as it does not follow the sequential pattern of handling and receiving blocks as seen in the normal example sequences. In the normal examples, there is a consistent flow of handling and receiving blocks in a specific order, but the test sequence only includes handling and receiving one block which is different from the expected pattern."
80332,"['7', '1', '1', '1', '2', '2', '2', '3', '4', '3', '4', '3', '4', '8', '9', '8', '8', '9', '8', '8', '9', '8', '8', '8', '9', '6', '6', '6', '5', '5', '18', '2', '5']",[18],status,"The log message indicates an InterruptedIOException which suggests a problem with IO operations, likely due to a timeout or interruption."
80387,"['7', '1', '1', '1', '2', '2', '3', '4', '3', '4', '2', '3', '4', '8', '9', '8', '8', '8', '9', '8', '8', '9', '8', '9', '8', '6', '6', '6', '5', '5', '18', '2', '5']",[18],status,"The log message indicates an InterruptedIOException which suggests a problem with IO operations, likely due to a timeout or interruption."
80408,"['7', '1']","[7, 1]",entity,"The test sequence deviates from the normal flows as it does not follow the sequential pattern of handling and receiving blocks as seen in the normal example sequences. In the normal examples, there is a consistent flow of handling and receiving blocks in a specific order, but the test sequence only includes handling and receiving one block which is different from the expected pattern."
80527,"['7', '1', '1', '1', '2', '2', '3', '4', '3', '4', '3', '4', '2', '8', '8', '9', '9', '8', '8', '9', '8', '8', '8', '8', '9', '6', '6', '6', '5', '5', '5', '15']","[7, 1, 1, 1, 2, 2, 3, 4, 3, 4, 3, 4, 2, 8, 8, 9, 9, 8, 8, 9, 8, 8, 8, 8, 9, 6, 6, 6, 5, 5, 5, 15]",entity,LLM FAILED
80534,"['7', '1', '1', '1', '2', '2', '2', '3', '4', '3', '4', '3', '4', '8', '8', '9', '8', '8', '9', '8', '8', '9', '8', '9', '8', '6', '6', '6', '5', '5', '18', '2', '5']",[18],status,"The log message indicates an InterruptedIOException which suggests a problem with IO operations, likely due to a timeout or interruption."
80746,"['7', '1', '1', '1', '2', '2', '2', '3', '4', '3', '4', '3', '4', '8', '8', '9', '8', '9', '8', '8', '9', '8', '9', '8', '8', '6', '6', '6', '5', '5', '18', '2', '5']",[18],status,"The log message indicates an InterruptedIOException which suggests a problem with IO operations, likely due to a timeout or interruption."
80765,"['7', '1']","[7, 1]",entity,"The test sequence deviates from the normal flows as it does not follow the sequential pattern of handling and receiving blocks as seen in the normal example sequences. In the normal examples, there is a consistent flow of handling and receiving blocks in a specific order, but the test sequence only includes handling and receiving one block which is different from the expected pattern."
81118,"['7', '1', '1', '1', '2', '3', '4', '2', '2', '3', '4', '3', '4', '9', '8', '8', '8', '9', '8', '9', '8', '8', '9', '8', '8', '6', '6', '6', '5', '5', '18', '2', '5']",[18],status,"The log message indicates an InterruptedIOException which suggests a problem with IO operations, likely due to a timeout or interruption."
81203,"['7', '1', '1', '1', '2', '2', '3', '4', '3', '4', '2', '3', '4', '8', '9', '8', '8', '8', '9', '8', '8', '9', '9', '8', '8', '10', '6', '6', '6', '5', '5', '18', '2', '5']",[18],status,"The log message indicates an InterruptedIOException which suggests a problem with IO operations, likely due to a timeout or interruption."
81241,"['7', '1', '1', '16']",[16],status,"The log message indicates an exception due to a socket timeout while waiting for a channel to be ready, which is not a normal execution process."
81393,"['1', '7', '1', '1', '3', '4', '3', '4', '3', '4', '2', '2', '2', '8', '8', '9', '8', '8', '9', '8', '8', '9', '8', '9', '8', '6', '6', '6', '5', '5', '5']","[1, 7, 1, 1, 3, 4, 3, 4, 3, 4, 2, 2, 2, 8, 8, 9, 8, 8, 9, 8, 8, 9, 8, 9, 8, 6, 6, 6, 5, 5, 5]",entity,"The test sequence includes additional actions such as serving block to /, serving block to /, 50010 serving block to /, and encountering exceptions while serving blocks, which are not present in any of the normal example sequences. This deviation from the normal execution workflows indicates an abnormal flow."
81451,"['7', '1', '1', '1', '3', '4', '3', '4', '3', '4', '2', '2', '2', '8', '9', '8', '8', '8', '9', '8', '9', '8', '9', '8', '8', '6', '6', '6', '5', '5', '5']","[7, 1, 1, 1, 3, 4, 3, 4, 3, 4, 2, 2, 2, 8, 9, 8, 8, 8, 9, 8, 9, 8, 9, 8, 8, 6, 6, 6, 5, 5, 5]",entity,"The test sequence includes a different execution flow compared to the normal example sequences. In the normal examples, the sequence involves alternating between initiating PacketResponders and receiving blocks, while the test sequence does not follow this pattern. Additionally, the test sequence includes actions such as serving a block to the root directory three times consecutively, which is not present in the normal examples. These discrepancies indicate an abnormal execution workflow."
81735,"['7', '1']","[7, 1]",entity,"The test sequence deviates from the normal flows as it does not follow the sequential pattern of handling and receiving blocks as seen in the normal example sequences. In the normal examples, there is a consistent flow of handling and receiving blocks in a specific order, but the test sequence only includes handling and receiving one block which is different from the expected pattern."
81767,"['1', '7', '1', '1', '2', '3', '4', '2', '2', '3', '4', '3', '4', '8', '9', '8', '10', '8', '9', '8', '8', '9', '8', '9', '8', '8', '6', '6', '6', '5', '5', '5']","[1, 7, 1, 1, 2, 3, 4, 2, 2, 3, 4, 3, 4, 8, 9, 8, 10, 8, 9, 8, 8, 9, 8, 9, 8, 8, 6, 6, 6, 5, 5, 5]",entity,"The test sequence includes a mix of actions that do not align with the patterns observed in the normal example sequences. The test sequence lacks the repetitive patterns and alternating actions seen in the normal sequences, indicating an abnormal workflow."
81929,"['7', '1', '1', '1', '2', '2', '2', '3', '4', '3', '4', '3', '4', '8', '9', '8', '10', '8', '8', '9', '8', '9', '8', '9', '8', '8', '6', '6', '6', '5', '5', '5']","[7, 1, 1, 1, 2, 2, 2, 3, 4, 3, 4, 3, 4, 8, 9, 8, 10, 8, 8, 9, 8, 9, 8, 9, 8, 8, 6, 6, 6, 5, 5, 5]",entity,"The test sequence includes multiple occurrences of exceptions while serving blocks, which is not seen in any of the normal example sequences. Additionally, the alternating pattern of serving blocks to the root directory and encountering exceptions is also unique to the test sequence."
81948,"['7', '1', '1', '16']",[16],status,"The log message indicates an exception due to a socket timeout while waiting for a channel to be ready, which is not a normal execution process."
82057,"['7', '1']","[7, 1]",entity,"The test sequence deviates from the normal flows as it does not follow the sequential pattern of handling and receiving blocks as seen in the normal example sequences. In the normal examples, there is a consistent flow of handling and receiving blocks in a specific order, but the test sequence only includes handling and receiving one block which is different from the expected pattern."
82071,"['7', '1', '1', '1', '2', '4', '2', '3', '3', '4', '3', '4', '2', '9', '8', '8', '8', '9', '8', '8', '9', '8', '8', '8', '9', '6', '6', '6', '5', '5', '5']","[7, 1, 1, 1, 2, 4, 2, 3, 3, 4, 3, 4, 2, 9, 8, 8, 8, 9, 8, 8, 9, 8, 8, 8, 9, 6, 6, 6, 5, 5, 5]",entity,"The test sequence includes a different execution flow compared to the normal example sequences. Specifically, the test sequence involves initiating the PacketResponder for a block followed by another instance of PacketResponder for the same block, which is not present in any of the normal example sequences. This deviation from the expected pattern indicates an abnormal execution workflow."
82263,"['7', '1', '1', '1', '3', '4', '2', '2', '2', '3', '4', '3', '4', '8', '9', '8', '8', '9', '8', '8', '9', '8', '9', '8', '8', '6', '6', '6', '5', '5', '15', '5']","[7, 1, 1, 1, 3, 4, 2, 2, 2, 3, 4, 3, 4, 8, 9, 8, 8, 9, 8, 8, 9, 8, 9, 8, 8, 6, 6, 6, 5, 5, 15, 5]",entity,"The test sequence contains a different order of processes compared to the normal example sequences. In the normal examples, the sequence involves initiating PacketResponders, receiving blocks, serving blocks, and then deleting blocks. However, in the test sequence, the order of these processes is not consistent with the normal examples, indicating an abnormal execution workflow."
82317,"['1', '7', '1', '1', '3', '4', '2', '2', '2', '3', '4', '3', '4', '8', '8', '9', '8', '8', '9', '8', '8', '9', '8', '8', '9', '6', '6', '6', '5', '5', '5']","[1, 7, 1, 1, 3, 4, 2, 2, 2, 3, 4, 3, 4, 8, 8, 9, 8, 8, 9, 8, 8, 9, 8, 8, 9, 6, 6, 6, 5, 5, 5]",entity,"The test sequence deviates from the normal example sequences by encountering an exception while serving a block and then deleting a block added to an invalid set three times sequentially. This pattern is not present in any of the normal example sequences, indicating an abnormal execution workflow."
82437,"['1', '7', '1', '1', '2', '2', '3', '4', '3', '4', '3', '4', '2', '9', '8', '8', '9', '8', '8', '8', '8', '9', '8', '8', '9', '6', '6', '6', '5', '5', '5']","[1, 7, 1, 1, 2, 2, 3, 4, 3, 4, 3, 4, 2, 9, 8, 8, 9, 8, 8, 8, 8, 9, 8, 8, 9, 6, 6, 6, 5, 5, 5]",entity,"The test sequence deviates from the normal examples by continuously serving blocks to the root directory, encountering exceptions while serving blocks, and performing repetitive actions of deleting blocks added to an invalid set. These patterns are not present in the normal examples provided."
82515,"['7', '1', '1', '16']",[16],status,"The log message indicates an exception due to a socket timeout while waiting for a channel to be ready, which is not a normal execution process."
82582,"['7', '1']","[7, 1]",entity,"The test sequence deviates from the normal flows as it does not follow the sequential pattern of handling and receiving blocks as seen in the normal example sequences. In the normal examples, there is a consistent flow of handling and receiving blocks in a specific order, but the test sequence only includes handling and receiving one block which is different from the expected pattern."
82745,"['7', '1', '1', '1', '2', '2', '3', '4', '3', '4', '2', '3', '4', '9', '8', '8', '10', '9', '8', '8', '9', '8', '8', '9', '8', '8', '6', '6', '6', '5', '5', '5', '15']","[7, 1, 1, 1, 2, 2, 3, 4, 3, 4, 2, 3, 4, 9, 8, 8, 10, 9, 8, 8, 9, 8, 8, 9, 8, 8, 6, 6, 6, 5, 5, 5, 15]",entity,"The test sequence includes errors while serving blocks, which is not observed in the normal example sequences. Additionally, the test sequence ends with an error while deleting a block, which is also not present in the normal examples. These deviations from the normal execution workflows indicate an abnormal flow."
82748,"['7', '1', '1', '1', '2', '2', '2', '3', '4', '3', '4', '3', '4', '8', '9', '8', '8', '8', '9', '8', '9', '8', '9', '8', '8', '6', '6', '6', '5', '5', '18', '2', '5']",[18],status,"The log message indicates an InterruptedIOException which suggests a problem with IO operations, likely due to a timeout or interruption."
82867,"['7', '1', '1', '1', '3', '4', '3', '4', '2', '2', '2', '3', '4', '8', '8', '9', '8', '9', '8', '8', '9', '8', '8', '8', '9', '6', '6', '6', '5', '5', '18', '2', '5']",[18],status,"The log message indicates an InterruptedIOException which suggests a problem with IO operations, likely due to a timeout or interruption."
82948,"['7', '1']","[7, 1]",entity,"The test sequence deviates from the normal flows as it does not follow the sequential pattern of handling and receiving blocks as seen in the normal example sequences. In the normal examples, there is a consistent flow of handling and receiving blocks in a specific order, but the test sequence only includes handling and receiving one block which is different from the expected pattern."
83264,"['7', '1', '1', '16']",[16],status,"The log message indicates an exception due to a socket timeout while waiting for a channel to be ready, which is not a normal execution process."
83302,"['7', '1', '1', '1', '13', '2', '2', '3', '4', '3', '4', '3', '4', '2', '14', '38', '1', '37', '9', '8', '9', '8', '9', '8', '9', '6', '6', '6', '5', '5', '5']",[38],status,Receiving an empty packet for a block can indicate a potential issue with data transmission or data corruption.
83317,"['7', '1', '1', '1', '2', '2', '2', '3', '4', '3', '4', '3', '4', '8', '8', '9', '8', '8', '9', '8', '8', '9', '8', '8', '9', '6', '6', '6', '5', '5', '18', '2', '5']",[18],status,"The log message indicates an InterruptedIOException which suggests a problem with IO operations, likely due to a timeout or interruption."
83722,"['7', '1', '1', '1', '2', '2', '3', '4', '3', '4', '3', '4', '2', '8', '8', '10', '8', '8', '8', '8', '8', '8', '6', '6', '6', '5', '5', '5']","[7, 1, 1, 1, 2, 2, 3, 4, 3, 4, 3, 4, 2, 8, 8, 10, 8, 8, 8, 8, 8, 8, 6, 6, 6, 5, 5, 5]",entity,"The test sequence includes 'Successful verification for blk_', which is not part of any of the normal example sequences. This indicates a deviation from the expected flow and suggests an abnormal execution workflow."
83765,"['7', '1']","[7, 1]",entity,"The test sequence deviates from the normal flows as it does not follow the sequential pattern of handling and receiving blocks as seen in the normal example sequences. In the normal examples, there is a consistent flow of handling and receiving blocks in a specific order, but the test sequence only includes handling and receiving one block which is different from the expected pattern."
83861,"['1', '7', '1', '1', '2', '2', '2', '3', '4', '3', '4', '3', '4', '8', '9', '8', '9', '8', '8', '8', '9', '8', '9', '8', '8', '6', '6', '6', '5', '5', '5']","[1, 7, 1, 1, 2, 2, 2, 3, 4, 3, 4, 3, 4, 8, 9, 8, 9, 8, 8, 8, 9, 8, 9, 8, 8, 6, 6, 6, 5, 5, 5]",entity,"The test sequence includes serving a block to the root directory three times consecutively, which is not present in any of the normal example sequences. This deviation from the normal flow indicates an abnormal execution workflow."
83955,"['7', '1', '1', '1', '3', '4', '3', '4', '19', '2', '2', '2', '3', '4', '8', '8', '8', '8', '8', '8', '8', '8', '6', '6', '6', '5', '5', '5']",[19],status,"The log message indicates a SocketTimeoutException, which is an abnormal condition indicating a timeout while waiting for a channel to be ready for read."
83978,"['7', '1', '1', '16']",[16],status,"The log message indicates an exception due to a socket timeout while waiting for a channel to be ready, which is not a normal execution process."
84077,"['7', '1', '1', '16']",[16],status,"The log message indicates an exception due to a socket timeout while waiting for a channel to be ready, which is not a normal execution process."
84091,"['7', '1', '1', '1', '2', '2', '3', '4', '3', '4', '3', '4', '19', '2', '9', '8', '8', '9', '8', '8', '9', '8', '8', '9', '8', '6', '6', '6', '5', '5', '5']",[19],status,"The log message indicates a SocketTimeoutException, which is an abnormal condition indicating a timeout while waiting for a channel to be ready for read."
84240,"['7', '1', '1', '16']",[16],status,"The log message indicates an exception due to a socket timeout while waiting for a channel to be ready, which is not a normal execution process."
84309,"['7', '1', '1', '1', '3', '4', '3', '4', '3', '4', '2', '2', '2', '8', '9', '8', '8', '8', '9', '8', '8', '9', '8', '8', '9', '6', '6', '6', '5', '5', '5']","[7, 1, 1, 1, 3, 4, 3, 4, 3, 4, 2, 2, 2, 8, 9, 8, 8, 8, 9, 8, 8, 9, 8, 8, 9, 6, 6, 6, 5, 5, 5]",entity,"The test sequence deviates from the normal examples by introducing new actions such as serving a block to the root directory, which was not present in any of the normal examples. Additionally, the test sequence does not follow the alternating pattern of initiating PacketResponders and receiving blocks as seen in the normal examples."
84634,"['7', '1', '1', '16']",[16],status,"The log message indicates an exception due to a socket timeout while waiting for a channel to be ready, which is not a normal execution process."
84640,"['7', '1']","[7, 1]",entity,"The test sequence deviates from the normal flows as it does not follow the sequential pattern of handling and receiving blocks as seen in the normal example sequences. In the normal examples, there is a consistent flow of handling and receiving blocks in a specific order, but the test sequence only includes handling and receiving one block which is different from the expected pattern."
84680,"['1', '7', '1', '1', '2', '2', '3', '4', '3', '4', '3', '4', '2', '8', '8', '8', '8', '8', '8', '6', '6', '6', '5', '5', '5']","[1, 7, 1, 1, 2, 2, 3, 4, 3, 4, 3, 4, 2, 8, 8, 8, 8, 8, 8, 6, 6, 6, 5, 5, 5]",entity,"The test sequence deviates from the normal flows as it starts with receiving block blk_ instead of NameSystem allocateBlock. Additionally, the order of actions in the test sequence does not match the typical pattern seen in the normal example sequences."
84710,"['1', '7', '1', '1', '2', '3', '4', '3', '4', '2', '2', '3', '4', '8', '9', '8', '8', '8', '9', '8', '8', '9', '8', '8', '9', '6', '6', '6', '5', '5', '15', '5']","[1, 7, 1, 1, 2, 3, 4, 3, 4, 2, 2, 3, 4, 8, 9, 8, 8, 8, 9, 8, 8, 9, 8, 8, 9, 6, 6, 6, 5, 5, 15, 5]",entity,"The test sequence includes several abnormal behaviors that are not present in any of the normal example sequences. These abnormal behaviors include encountering an exception while serving a block, deleting a block file twice, and the repetitive action of deleting a block added to an invalid set three times sequentially. Therefore, the test sequence is identified as abnormal."
84806,"['7', '1']","[7, 1]",entity,"The test sequence deviates from the normal flows as it does not follow the sequential pattern of handling and receiving blocks as seen in the normal example sequences. In the normal examples, there is a consistent flow of handling and receiving blocks in a specific order, but the test sequence only includes handling and receiving one block which is different from the expected pattern."
84908,"['7', '1', '1', '1', '2', '2', '2', '3', '4', '3', '4', '3', '4', '10', '8', '9', '8', '8', '9', '8', '8', '9', '8', '8', '9', '8', '6', '6', '6', '5', '5', '18', '2', '5']",[18],status,"The log message indicates an InterruptedIOException which suggests a problem with IO operations, likely due to a timeout or interruption."
85234,"['1', '7', '1', '1', '2', '3', '4', '3', '4', '2', '2', '3', '4', '8', '8', '9', '8', '9', '8', '8', '8', '9', '8', '8', '9', '6', '6', '6', '5', '5', '5']","[1, 7, 1, 1, 2, 3, 4, 3, 4, 2, 2, 3, 4, 8, 8, 9, 8, 9, 8, 8, 8, 9, 8, 8, 9, 6, 6, 6, 5, 5, 5]",entity,"The test sequence includes a different order of processes compared to the normal examples. In the normal examples, the sequence starts with receiving a block, followed by allocating a block, adding a stored block, initiating a PacketResponder, and so on. However, in the test sequence, the order of processes is different and does not match any of the normal examples, indicating an abnormal execution workflow."
85512,"['7', '1', '1', '1', '2', '2', '2', '3', '4', '3', '4', '3', '4', '8', '9', '8', '9', '8', '8', '9', '8', '8', '9', '8', '8', '6', '6', '6', '5', '5', '15', '5']","[7, 1, 1, 1, 2, 2, 2, 3, 4, 3, 4, 3, 4, 8, 9, 8, 9, 8, 8, 9, 8, 8, 9, 8, 8, 6, 6, 6, 5, 5, 15, 5]",entity,"The test sequence includes an additional step of deleting a block file twice, which is not present in any of the normal example sequences. This deviation from the expected workflow indicates an abnormal execution flow."
85515,"['7', '1', '1', '1', '3', '4', '3', '4', '3', '4', '2', '2', '2', '8', '8', '9', '8', '9', '8', '8', '8', '9', '8', '9', '8', '6', '6', '6', '5', '5', '18', '2', '5']",[18],status,"The log message indicates an InterruptedIOException which suggests a problem with IO operations, likely due to a timeout or interruption."
85516,"['7', '1']","[7, 1]",entity,"The test sequence deviates from the normal flows as it does not follow the sequential pattern of handling and receiving blocks as seen in the normal example sequences. In the normal examples, there is a consistent flow of handling and receiving blocks in a specific order, but the test sequence only includes handling and receiving one block which is different from the expected pattern."
85565,"['7', '1', '1', '1', '2', '2', '2', '3', '4', '3', '4', '3', '4', '8', '8', '9', '8', '9', '8', '8', '9', '8', '8', '9', '8', '6', '6', '6', '5', '5', '5', '15']","[7, 1, 1, 1, 2, 2, 2, 3, 4, 3, 4, 3, 4, 8, 8, 9, 8, 9, 8, 8, 9, 8, 8, 9, 8, 6, 6, 6, 5, 5, 5, 15]",entity,The test sequence includes an additional step at the end (Error deleting block blk_) that is not present in any of the normal example sequences. This extra step indicates an abnormal execution workflow.
85712,"['7', '1', '1', '16']",[16],status,"The log message indicates an exception due to a socket timeout while waiting for a channel to be ready, which is not a normal execution process."
85744,"['7', '1', '1', '1', '2', '2', '3', '4', '3', '4', '3', '4', '2', '8', '9', '8', '9', '8', '8', '8', '9', '8', '6', '6', '6', '5', '5', '15', '5']","[7, 1, 1, 1, 2, 2, 3, 4, 3, 4, 3, 4, 2, 8, 9, 8, 9, 8, 8, 8, 9, 8, 6, 6, 6, 5, 5, 15, 5]",entity,"The test sequence includes several inconsistencies compared to the normal example sequences. For example, the sequence of serving a block to the root directory three times consecutively, followed by an exception while serving a block, and then serving another block to the root directory is not seen in any of the normal examples. Additionally, the sequence of deleting a block that was added to an invalid set three times, followed by deleting a block file twice and encountering an error while deleting a block, indicates abnormal behavior."
85879,"['1', '7', '1', '1', '2', '3', '4', '4', '3', '4', '2', '2', '3', '8', '9', '8', '8', '9', '8', '8', '9', '8', '9', '8', '8', '6', '6', '6', '5', '5', '5']","[1, 7, 1, 1, 2, 3, 4, 4, 3, 4, 2, 2, 3, 8, 9, 8, 8, 9, 8, 8, 9, 8, 9, 8, 8, 6, 6, 6, 5, 5, 5]",entity,"The test sequence deviates from the normal flow patterns observed in the example sequences. Specifically, the test sequence includes processes that are not seen in the normal examples, such as receiving a block named blk_ sequentially from different sources, and the absence of specific actions like initiating PacketResponder for block blk_ and receiving block blk_ from an unknown source."
85919,"['7', '1', '1', '1', '2', '2', '3', '4', '3', '4', '2', '4', '3', '8', '9', '8', '10', '8', '9', '8', '8', '9', '8', '9', '8', '8', '6', '6', '6', '5', '5', '5']","[7, 1, 1, 1, 2, 2, 3, 4, 3, 4, 2, 4, 3, 8, 9, 8, 10, 8, 9, 8, 8, 9, 8, 9, 8, 8, 6, 6, 6, 5, 5, 5]",entity,"The test sequence deviates from the normal execution workflows as described in the examples. The test sequence includes different actions and sequences that are not present in the normal examples, such as receiving a block labeled as blk_ from a designated source, initiating a PacketResponder in a different order, and encountering exceptions at different stages. These deviations indicate an abnormal execution flow."
86010,"['7', '1', '1', '16']",[16],status,"The log message indicates an exception due to a socket timeout while waiting for a channel to be ready, which is not a normal execution process."
86068,"['7', '1', '1', '1', '3', '4', '2', '2', '2', '3', '4', '3', '4', '8', '9', '8', '8', '9', '8', '9', '8', '8', '8', '9', '6', '6', '6', '5', '15', '5', '5']","[7, 1, 1, 1, 3, 4, 2, 2, 2, 3, 4, 3, 4, 8, 9, 8, 8, 9, 8, 9, 8, 8, 8, 9, 6, 6, 6, 5, 15, 5, 5]",entity,"The test sequence deviates from the normal execution workflows as seen in the examples. It includes actions such as serving a block to the root directory three times consecutively, encountering an exception while serving a block, and deleting a block file twice, which are not present in the normal sequences."
86242,"['7', '1', '1', '16']",[16],status,"The log message indicates an exception due to a socket timeout while waiting for a channel to be ready, which is not a normal execution process."
86328,"['7', '1', '1', '1', '2', '2', '2', '3', '4', '3', '4', '3', '4', '8', '9', '8', '8', '8', '9', '8', '8', '9', '6', '6', '6', '5', '5', '15', '15', '5']","[15, 15]",status,The test sequence includes an additional process (Process 1) that is not present in the normal example sequence. This deviation from the expected workflow indicates an abnormal execution flow.
86356,"['7', '1', '1', '1', '3', '4', '2', '2', '3', '4', '3', '4', '19', '2', '9', '8', '8', '9', '8', '8', '9', '8', '8', '9', '8', '8', '6', '6', '6', '5', '5', '5']",[19],status,"The log message indicates a SocketTimeoutException, which is an abnormal condition indicating a timeout while waiting for a channel to be ready for read."
86405,"['7', '1', '1', '1', '2', '2', '2', '3', '4', '3', '4', '3', '4', '9', '8', '9', '8', '9', '8', '9', '6', '6', '6', '5', '5', '18', '2', '5']",[18],status,"The log message indicates an InterruptedIOException which suggests a problem with IO operations, likely due to a timeout or interruption."
86478,"['7', '1']","[7, 1]",entity,"The test sequence deviates from the normal flows as it does not follow the sequential pattern of handling and receiving blocks as seen in the normal example sequences. In the normal examples, there is a consistent flow of handling and receiving blocks in a specific order, but the test sequence only includes handling and receiving one block which is different from the expected pattern."
86480,"['7', '1', '1', '1', '2', '3', '4', '2', '3', '4', '2', '3', '4', '8', '8', '9', '8', '8', '9', '8', '9', '8', '8', '9', '8', '6', '6', '6', '5', '5', '5']","[7, 1, 1, 1, 2, 3, 4, 2, 3, 4, 2, 3, 4, 8, 8, 9, 8, 8, 9, 8, 9, 8, 8, 9, 8, 6, 6, 6, 5, 5, 5]",entity,"The test sequence deviates from the normal execution flow patterns seen in the example sequences. In the normal sequences, the actions of adding stored blocks are followed by initiating PacketResponders, serving blocks, and handling exceptions in a specific order. However, in the test sequence, the order of actions is inconsistent with the expected pattern, indicating an abnormal flow."
86509,"['7', '1', '1', '1', '3', '4', '3', '4', '3', '4', '2', '2', '2', '8', '8', '9', '8', '8', '9', '8', '9', '8', '9', '8', '8', '6', '6', '6', '5', '5', '5']","[7, 1, 1, 1, 3, 4, 3, 4, 3, 4, 2, 2, 2, 8, 8, 9, 8, 8, 9, 8, 9, 8, 9, 8, 8, 6, 6, 6, 5, 5, 5]",entity,"The test sequence includes multiple instances of serving a block to / followed by an exception while serving the block, which is not present in any of the normal example sequences. This abnormal pattern suggests a deviation from the typical execution workflows observed in the normal examples."
86689,"['7', '1', '1', '1', '2', '2', '2', '3', '4', '3', '4', '3', '4', '8', '9', '8', '9', '8', '8', '8', '9', '8', '9', '8', '8', '6', '6', '6', '5', '5', '5', '15']","[7, 1, 1, 1, 2, 2, 2, 3, 4, 3, 4, 3, 4, 8, 9, 8, 9, 8, 8, 8, 9, 8, 9, 8, 8, 6, 6, 6, 5, 5, 5, 15]",entity,"The test sequence includes an additional step of 'Error deleting block blk_' at the end, which is not present in any of the normal example sequences. This extra step indicates an abnormal flow in the execution workflow."
86708,"['1', '7', '1', '1', '2', '2', '3', '4', '3', '4', '2', '3', '4', '8', '9', '8', '8', '9', '8', '8', '9', '8', '6', '6', '6', '5', '5', '5']","[1, 7, 1, 1, 2, 2, 3, 4, 3, 4, 2, 3, 4, 8, 9, 8, 8, 9, 8, 8, 9, 8, 6, 6, 6, 5, 5, 5]",entity,"The test sequence differs from the normal examples in the following ways: 1. The test sequence involves receiving a block from an unknown source, which is not present in the normal examples. 2. The test sequence does not follow the alternating pattern of initiating PacketResponders and receiving blocks as seen in the normal examples. 3. The test sequence has additional actions and does not match the repetitive patterns observed in the normal examples."
86713,"['7', '1', '1', '1', '4', '4', '2', '2', '2', '3', '3', '3', '4', '8', '9', '8', '8', '8', '9', '8', '8', '9', '9', '8', '8', '6', '6', '6', '5', '5', '18', '2', '5']",[18],status,"The log message indicates an InterruptedIOException which suggests a problem with IO operations, likely due to a timeout or interruption."
86864,"['1', '7']","[1, 7]",entity,"The test sequence is abnormal because it starts with 'receiving block blk_' instead of the typical starting point 'NameSystem allocateBlock'. Additionally, the order of processes in the test sequence is different from the normal example sequences provided."
87115,"['7', '1', '1', '1', '3', '4', '2', '2', '3', '4', '3', '4', '2', '9', '8', '8', '9', '8', '8', '8', '9', '8', '6', '6', '6', '5', '5', '5']","[7, 1, 1, 1, 3, 4, 2, 2, 3, 4, 3, 4, 2, 9, 8, 8, 9, 8, 8, 8, 9, 8, 6, 6, 6, 5, 5, 5]",entity,"The test sequence deviates from the normal execution workflows observed in the examples. In the test sequence, the order of actions is different compared to the normal examples, with actions such as serving blocks and encountering exceptions happening in a different sequence. Additionally, the repetitive actions of serving blocks and deleting blocks are inconsistent with the patterns seen in the normal examples."
87321,"['1', '7', '1', '1', '2', '3', '4', '2', '2', '3', '4', '3', '4', '9', '8', '8', '9', '8', '8', '9', '8', '8', '6', '6', '6', '5', '5', '5', '15']","[1, 7, 1, 1, 2, 3, 4, 2, 2, 3, 4, 3, 4, 9, 8, 8, 9, 8, 8, 9, 8, 8, 6, 6, 6, 5, 5, 5, 15]",entity,LLM FAILED
87458,"['7', '1']","[7, 1]",entity,"The test sequence deviates from the normal flows as it does not follow the sequential pattern of handling and receiving blocks as seen in the normal example sequences. In the normal examples, there is a consistent flow of handling and receiving blocks in a specific order, but the test sequence only includes handling and receiving one block which is different from the expected pattern."
87563,"['1', '7', '1', '1', '2', '2', '2', '3', '4', '3', '4', '3', '4', '8', '9', '8', '9', '8', '8', '9', '8', '8', '9', '8', '8', '6', '6', '6', '5', '5', '5']","[1, 7, 1, 1, 2, 2, 2, 3, 4, 3, 4, 3, 4, 8, 9, 8, 9, 8, 8, 9, 8, 8, 9, 8, 8, 6, 6, 6, 5, 5, 5]",entity,"The test sequence includes an unusual pattern of serving block to / followed by an exception while serving blk_. This pattern does not match any of the normal example sequences provided, indicating an abnormal workflow."
87644,"['7', '1', '1', '16']",[16],status,"The log message indicates an exception due to a socket timeout while waiting for a channel to be ready, which is not a normal execution process."
87660,"['1', '7', '1', '1', '3', '4', '4', '2', '2', '2', '3', '4', '3', '8', '9', '8', '8', '8', '9', '8', '9', '8', '6', '6', '6', '5', '5', '5']","[1, 7, 1, 1, 3, 4, 4, 2, 2, 2, 3, 4, 3, 8, 9, 8, 8, 8, 9, 8, 9, 8, 6, 6, 6, 5, 5, 5]",entity,LLM FAILED
87739,"['7', '1']","[7, 1]",entity,"The test sequence deviates from the normal flows as it does not follow the sequential pattern of handling and receiving blocks as seen in the normal example sequences. In the normal examples, there is a consistent flow of handling and receiving blocks in a specific order, but the test sequence only includes handling and receiving one block which is different from the expected pattern."
87778,"['1', '7', '1', '1', '2', '2', '2', '3', '4', '3', '3', '4', '4', '8', '8', '9', '8', '8', '9', '8', '8', '9', '8', '9', '8', '6', '6', '6', '5', '5', '5']","[1, 7, 1, 1, 2, 2, 2, 3, 4, 3, 3, 4, 4, 8, 8, 9, 8, 8, 9, 8, 8, 9, 8, 9, 8, 6, 6, 6, 5, 5, 5]",entity,"The test sequence contains a deviation from the normal example sequences, as it introduces a new action of handling responses related to a specific block, which is not present in any of the normal sequences. This deviation indicates an abnormal execution workflow."
87852,"['1', '7', '1', '1', '2', '3', '4', '2', '2', '3', '4', '3', '4', '8', '8', '9', '8', '8', '9', '8', '8', '9', '8', '9', '8', '6', '6', '6', '5', '5', '5']","[1, 7, 1, 1, 2, 3, 4, 2, 2, 3, 4, 3, 4, 8, 8, 9, 8, 8, 9, 8, 8, 9, 8, 9, 8, 6, 6, 6, 5, 5, 5]",entity,"The test sequence includes additional actions such as receiving block blk_ sequentially from Process 0 to Process 1, which are not present in any of the normal example sequences. This deviation from the expected workflow indicates an abnormal execution flow."
87853,"['1', '7', '1', '1', '2', '3', '4', '3', '4', '2', '2', '3', '4', '10', '8', '8', '9', '8', '8', '9', '8', '8', '9', '9', '8', '8', '6', '6', '6', '5', '5', '5']","[1, 7, 1, 1, 2, 3, 4, 3, 4, 2, 2, 3, 4, 10, 8, 8, 9, 8, 8, 9, 8, 8, 9, 9, 8, 8, 6, 6, 6, 5, 5, 5]",entity,"The test sequence does not follow the pattern of alternating between initiating PacketResponders and receiving blocks, which is a common characteristic in the normal example sequences. Additionally, the test sequence includes instances of encountering exceptions while serving blocks, which is not present in the normal example sequences."
87908,"['7', '1']","[7, 1]",entity,"The test sequence deviates from the normal flows as it does not follow the sequential pattern of handling and receiving blocks as seen in the normal example sequences. In the normal examples, there is a consistent flow of handling and receiving blocks in a specific order, but the test sequence only includes handling and receiving one block which is different from the expected pattern."
88029,"['1', '7', '1', '1', '2', '3', '4', '2', '2', '3', '4', '3', '4', '8', '9', '8', '8', '8', '9', '8', '8', '9', '8', '8', '9', '6', '6', '6', '5', '5', '5']","[1, 7, 1, 1, 2, 3, 4, 2, 2, 3, 4, 3, 4, 8, 9, 8, 8, 8, 9, 8, 8, 9, 8, 8, 9, 6, 6, 6, 5, 5, 5]",entity,"The test sequence includes actions that are not present in the normal example sequences, such as serving a block to the root directory three times consecutively and encountering exceptions while serving blocks. These deviations from the normal patterns indicate an abnormal execution workflow."
88148,"['7', '1', '1', '1', '2', '2', '3', '4', '2', '3', '4', '3', '4', '8', '8', '9', '8', '9', '8', '10', '8', '8', '9', '8', '9', '8', '6', '6', '6', '5', '5', '5']","[7, 1, 1, 1, 2, 2, 3, 4, 2, 3, 4, 3, 4, 8, 8, 9, 8, 9, 8, 10, 8, 8, 9, 8, 9, 8, 6, 6, 6, 5, 5, 5]",entity,"The test sequence deviates from the normal execution workflows seen in the examples provided. In the test sequence, there are multiple instances of exceptions while serving blocks and an unusual pattern of serving blocks to the root directory, followed by successful verifications and more exceptions. Additionally, the repetitive action of deleting a block added to an invalid set and executing a series of operations where a block file is deleted in three consecutive steps is not observed in the normal examples."
88315,"['7', '1', '1', '1', '2', '2', '2', '3', '4', '3', '4', '3', '4', '10', '8', '8', '9', '8', '8', '9', '8', '8', '9', '8', '9', '8', '6', '6', '6', '5', '5', '5', '15']","[7, 1, 1, 1, 2, 2, 2, 3, 4, 3, 4, 3, 4, 10, 8, 8, 9, 8, 8, 9, 8, 8, 9, 8, 9, 8, 6, 6, 6, 5, 5, 5, 15]",entity,"The test sequence deviates from the normal examples by having multiple repetitions of different actions in a complex manner, which is not seen in the normal sequences. Additionally, the test sequence ends with an error, which is not present in the normal examples."
88325,"['7', '1']","[7, 1]",entity,"The test sequence deviates from the normal flows as it does not follow the sequential pattern of handling and receiving blocks as seen in the normal example sequences. In the normal examples, there is a consistent flow of handling and receiving blocks in a specific order, but the test sequence only includes handling and receiving one block which is different from the expected pattern."
88506,"['7', '1', '1', '16']",[16],status,"The log message indicates an exception due to a socket timeout while waiting for a channel to be ready, which is not a normal execution process."
88700,"['7', '1', '1', '1', '2', '2', '2', '3', '4', '3', '4', '3', '4', '8', '8', '9', '8', '8', '9', '9', '8', '8', '9', '8', '8', '6', '6', '6', '5', '5', '15', '5']","[7, 1, 1, 1, 2, 2, 2, 3, 4, 3, 4, 3, 4, 8, 8, 9, 8, 8, 9, 9, 8, 8, 9, 8, 8, 6, 6, 6, 5, 5, 15, 5]",entity,"The test sequence differs from the normal examples in the pattern of serving blocks and encountering exceptions. In the test sequence, the system encountered an exception while serving a block twice in a sequential manner, which did not occur in any of the normal examples. Additionally, the test sequence involves deleting a block that was added to an invalid set in a different manner compared to the normal examples. These discrepancies indicate an abnormal execution workflow."
88724,"['7', '1', '1', '1', '2', '2', '2', '3', '4', '3', '4', '3', '4', '8', '9', '8', '8', '8', '9', '8', '8', '9', '8', '9', '8', '6', '6', '6', '5', '5', '18', '2', '5']",[18],status,"The log message indicates an InterruptedIOException which suggests a problem with IO operations, likely due to a timeout or interruption."
88891,"['7', '1']","[7, 1]",entity,"The test sequence deviates from the normal flows as it does not follow the sequential pattern of handling and receiving blocks as seen in the normal example sequences. In the normal examples, there is a consistent flow of handling and receiving blocks in a specific order, but the test sequence only includes handling and receiving one block which is different from the expected pattern."
89020,"['7', '1']","[7, 1]",entity,"The test sequence deviates from the normal flows as it does not follow the sequential pattern of handling and receiving blocks as seen in the normal example sequences. In the normal examples, there is a consistent flow of handling and receiving blocks in a specific order, but the test sequence only includes handling and receiving one block which is different from the expected pattern."
89414,"['7', '1', '1', '1', '2', '2', '2', '3', '4', '3', '4', '3', '4', '8', '9', '8', '9', '8', '8', '9', '8', '8', '6', '6', '6', '5', '5', '18', '2', '5']",[18],status,"The log message indicates an InterruptedIOException which suggests a problem with IO operations, likely due to a timeout or interruption."
89747,"['7', '1', '1', '16']",[16],status,"The log message indicates an exception due to a socket timeout while waiting for a channel to be ready, which is not a normal execution process."
89751,"['7', '1']","[7, 1]",entity,"The test sequence deviates from the normal flows as it does not follow the sequential pattern of handling and receiving blocks as seen in the normal example sequences. In the normal examples, there is a consistent flow of handling and receiving blocks in a specific order, but the test sequence only includes handling and receiving one block which is different from the expected pattern."
89888,"['7', '1', '1', '1', '2', '2', '2', '3', '4', '3', '4', '3', '4', '8', '8', '9', '8', '8', '9', '8', '8', '9', '6', '6', '6', '5', '5', '18', '2', '5']",[18],status,"The log message indicates an InterruptedIOException which suggests a problem with IO operations, likely due to a timeout or interruption."
90048,"['7', '1', '1', '16']",[16],status,"The log message indicates an exception due to a socket timeout while waiting for a channel to be ready, which is not a normal execution process."
90051,"['7', '1', '1', '16']",[16],status,"The log message indicates an exception due to a socket timeout while waiting for a channel to be ready, which is not a normal execution process."
90466,"['7', '1', '1', '1', '2', '2', '3', '4', '3', '4', '2', '3', '4', '8', '9', '8', '8', '9', '8', '8', '8', '9', '6', '6', '6', '5', '5', '18', '2', '5']",[18],status,"The log message indicates an InterruptedIOException which suggests a problem with IO operations, likely due to a timeout or interruption."
90561,"['7', '1', '1', '16']",[16],status,"The log message indicates an exception due to a socket timeout while waiting for a channel to be ready, which is not a normal execution process."
90567,"['7', '1']","[7, 1]",entity,"The test sequence deviates from the normal flows as it does not follow the sequential pattern of handling and receiving blocks as seen in the normal example sequences. In the normal examples, there is a consistent flow of handling and receiving blocks in a specific order, but the test sequence only includes handling and receiving one block which is different from the expected pattern."
90789,"['7', '1']","[7, 1]",entity,"The test sequence deviates from the normal flows as it does not follow the sequential pattern of handling and receiving blocks as seen in the normal example sequences. In the normal examples, there is a consistent flow of handling and receiving blocks in a specific order, but the test sequence only includes handling and receiving one block which is different from the expected pattern."
90938,"['7', '1']","[7, 1]",entity,"The test sequence deviates from the normal flows as it does not follow the sequential pattern of handling and receiving blocks as seen in the normal example sequences. In the normal examples, there is a consistent flow of handling and receiving blocks in a specific order, but the test sequence only includes handling and receiving one block which is different from the expected pattern."
90996,"['7', '1', '1', '1', '2', '2', '2', '3', '4', '3', '4', '3', '4', '8', '9', '8', '8', '9', '8', '9', '8', '8', '6', '6', '6', '5', '5', '5', '15']","[7, 1, 1, 1, 2, 2, 2, 3, 4, 3, 4, 3, 4, 8, 9, 8, 8, 9, 8, 9, 8, 8, 6, 6, 6, 5, 5, 5, 15]",entity,The test sequence includes an additional step of 'Error deleting block blk_' which is not present in any of the normal example sequences. This deviation from the normal flow indicates an abnormal execution workflow.
91275,"['7', '1', '1', '1', '2', '2', '2', '3', '4', '3', '4', '3', '4', '8', '8', '9', '8', '9', '8', '8', '8', '9', '8', '8', '9', '6', '6', '6', '5', '5', '5', '15', '15']","[15, 15]",status,The test sequence includes an additional process (Process 1) that is not present in the normal example sequence. This deviation from the expected workflow indicates an abnormal execution flow.
91562,"['7', '1']","[7, 1]",entity,"The test sequence deviates from the normal flows as it does not follow the sequential pattern of handling and receiving blocks as seen in the normal example sequences. In the normal examples, there is a consistent flow of handling and receiving blocks in a specific order, but the test sequence only includes handling and receiving one block which is different from the expected pattern."
91674,"['7', '1', '1', '1', '2', '2', '2', '3', '4', '3', '4', '3', '4', '8', '8', '9', '9', '8', '8', '8', '9', '8', '6', '6', '6', '5', '5', '18', '2', '5']",[18],status,"The log message indicates an InterruptedIOException which suggests a problem with IO operations, likely due to a timeout or interruption."
91886,"['7', '1']","[7, 1]",entity,"The test sequence deviates from the normal flows as it does not follow the sequential pattern of handling and receiving blocks as seen in the normal example sequences. In the normal examples, there is a consistent flow of handling and receiving blocks in a specific order, but the test sequence only includes handling and receiving one block which is different from the expected pattern."
92040,"['7', '1']","[7, 1]",entity,"The test sequence deviates from the normal flows as it does not follow the sequential pattern of handling and receiving blocks as seen in the normal example sequences. In the normal examples, there is a consistent flow of handling and receiving blocks in a specific order, but the test sequence only includes handling and receiving one block which is different from the expected pattern."
92547,"['7', '1', '1', '16']",[16],status,"The log message indicates an exception due to a socket timeout while waiting for a channel to be ready, which is not a normal execution process."
92744,"['7', '1']","[7, 1]",entity,"The test sequence deviates from the normal flows as it does not follow the sequential pattern of handling and receiving blocks as seen in the normal example sequences. In the normal examples, there is a consistent flow of handling and receiving blocks in a specific order, but the test sequence only includes handling and receiving one block which is different from the expected pattern."
92768,"['7', '1', '1', '1', '2', '2', '3', '4', '3', '4', '3', '4', '13', '2', '14', '1', '2', '11', '12', '5', '9', '8', '9', '8', '9', '8', '6', '6', '6', '5', '5', '5']","[7, 1, 1, 1, 2, 2, 3, 4, 3, 4, 3, 4, 13, 2, 14, 1, 2, 11, 12, 5, 9, 8, 9, 8, 9, 8, 6, 6, 6, 5, 5, 5]",entity,"The test sequence includes additional processes such as BLOCK* asks datanode(s) to replicate and Starting thread to transfer block which are not present in any of the normal example sequences. Additionally, the test sequence does not follow the expected pattern of alternating between initiating PacketResponders and receiving blocks, unlike the normal examples."
92790,"['7', '1', '1', '1', '2', '2', '2', '3', '4', '3', '4', '3', '4', '8', '9', '8', '8', '9', '8', '9', '8', '8', '6', '6', '6', '5', '5', '18', '2', '5']",[18],status,"The log message indicates an InterruptedIOException which suggests a problem with IO operations, likely due to a timeout or interruption."
92793,"['7', '1', '1', '1', '2', '2', '2', '3', '4', '3', '4', '3', '4', '8', '8', '8', '8', '8', '8', '6', '6', '6', '5', '5', '15', '5']","[7, 1, 1, 1, 2, 2, 2, 3, 4, 3, 4, 3, 4, 8, 8, 8, 8, 8, 8, 6, 6, 6, 5, 5, 15, 5]",entity,"The test sequence deviates from the normal execution workflows as seen in the example sequences. In the test sequence, there is an error message 'Error deleting block blk_' which is not present in the normal sequences. Additionally, the test sequence involves deleting a block file twice, which is also not a part of the normal workflows."
92929,"['7', '1', '1', '1', '3', '4', '3', '4', '3', '4', '2', '2', '2', '8', '9', '8', '9', '8', '8', '8', '9', '8', '6', '6', '6', '5', '5', '5']","[7, 1, 1, 1, 3, 4, 3, 4, 3, 4, 2, 2, 2, 8, 9, 8, 9, 8, 8, 8, 9, 8, 6, 6, 6, 5, 5, 5]",entity,"The test sequence includes a different order of actions compared to the normal example sequences. In the normal examples, after serving block to /, there is an Exception while serving blk_, but in the test sequence, there are two consecutive serving block to / actions without the expected exception in between. This inconsistency indicates an abnormal execution workflow."
93203,"['7', '1', '1', '1', '2', '2', '2', '3', '4', '3', '4', '3', '4', '8', '8', '9', '8', '8', '9', '8', '8', '9', '6', '6', '6', '5', '5', '18', '2', '5']",[18],status,"The log message indicates an InterruptedIOException which suggests a problem with IO operations, likely due to a timeout or interruption."
93451,"['7', '1']","[7, 1]",entity,"The test sequence deviates from the normal flows as it does not follow the sequential pattern of handling and receiving blocks as seen in the normal example sequences. In the normal examples, there is a consistent flow of handling and receiving blocks in a specific order, but the test sequence only includes handling and receiving one block which is different from the expected pattern."
93471,"['7', '1', '1', '16']",[16],status,"The log message indicates an exception due to a socket timeout while waiting for a channel to be ready, which is not a normal execution process."
93506,"['7', '1', '1', '1', '2', '4', '2', '2', '4', '3', '3', '4', '3', '8', '8', '9', '8', '8', '9', '8', '9', '8', '6', '6', '6', '5', '5', '5']","[4, 3, 3, 4, 3]",action,The test sequence deviates from the normal examples by having a different order of processes and introducing new processes not present in the normal examples. The test sequence also lacks consistency in the flow of processes compared to the normal examples.
93660,"['7', '1', '1', '16']",[16],status,"The log message indicates an exception due to a socket timeout while waiting for a channel to be ready, which is not a normal execution process."
93672,"['1', '7', '1', '1', '2', '3', '4', '2', '2', '3', '4', '3', '4', '8', '8', '9', '8', '8', '9', '8', '9', '8', '6', '6', '6', '5', '5', '5']","[1, 7, 1, 1, 2, 3, 4, 2, 2, 3, 4, 3, 4, 8, 8, 9, 8, 8, 9, 8, 9, 8, 6, 6, 6, 5, 5, 5]",entity,"The test sequence includes several inconsistencies compared to the normal example sequences. For example, in the test sequence, the system first initiates a PacketResponder for block blk_, followed by receiving a block blk_ from an unknown source, which is not consistent with the normal flow patterns observed in the example sequences. Additionally, the test sequence does not follow the sequential pattern of actions seen in the normal examples, indicating an abnormal execution workflow."
93859,"['7', '1', '1', '1', '3', '4', '3', '4', '3', '4', '2', '2', '2', '8', '9', '8', '10', '8', '9', '8', '8', '9', '8', '6', '6', '6', '5', '5', '15', '5']","[7, 1, 1, 1, 3, 4, 3, 4, 3, 4, 2, 2, 2, 8, 9, 8, 10, 8, 9, 8, 8, 9, 8, 6, 6, 6, 5, 5, 15, 5]",entity,"The test sequence deviates from the normal execution workflows seen in the examples by introducing unexpected actions such as 'Successful verification for blk_', 'Error deleting block blk_', and 'deleting block file' which were not present in the normal sequences. This indicates an abnormal execution flow."
94009,"['7', '1', '1', '1', '2', '3', '4', '2', '2', '3', '4', '3', '4', '10', '8', '8', '9', '8', '8', '9', '8', '8', '9', '6', '6', '6', '5', '5', '15', '5']","[7, 1, 1, 1, 2, 3, 4, 2, 2, 3, 4, 3, 4, 10, 8, 8, 9, 8, 8, 9, 8, 8, 9, 6, 6, 6, 5, 5, 15, 5]",entity,"The test sequence includes a deviation from the normal example sequences in the order of actions and the specific details of the tasks performed. For example, in the test sequence, there is a discrepancy in the order of initiating PacketResponders and receiving blocks, as well as a different pattern of serving blocks and encountering exceptions. Additionally, the test sequence does not follow the same repetition of tasks as seen in the normal examples."
94023,"['7', '1', '1', '1', '2', '4', '2', '3', '3', '4', '3', '4', '2', '8', '8', '9', '8', '8', '9', '8', '9', '8', '6', '6', '6', '5', '5', '5']","[7, 1, 1, 1, 2, 4, 2, 3, 3, 4, 3, 4, 2, 8, 8, 9, 8, 8, 9, 8, 9, 8, 6, 6, 6, 5, 5, 5]",entity,"The test sequence deviates from the normal flows execution workflows in the following ways: 1. The order of actions is different compared to the normal examples. 2. The test sequence introduces new actions not present in the normal examples, such as 'Receiving block blk_ from /'. 3. The test sequence lacks the alternating pattern of initiating PacketResponders and receiving blocks that is present in the normal examples."
94404,"['7', '1']","[7, 1]",entity,"The test sequence deviates from the normal flows as it does not follow the sequential pattern of handling and receiving blocks as seen in the normal example sequences. In the normal examples, there is a consistent flow of handling and receiving blocks in a specific order, but the test sequence only includes handling and receiving one block which is different from the expected pattern."
94705,"['7', '1', '1', '1', '2', '2', '2', '3', '4', '3', '4', '3', '4', '8', '9', '8', '8', '8', '9', '9', '8', '8', '6', '6', '6', '5', '5', '18', '2', '5']",[18],status,"The log message indicates an InterruptedIOException which suggests a problem with IO operations, likely due to a timeout or interruption."
94743,"['7', '1', '1', '1', '2', '4', '3', '4', '3', '4', '2', '2', '3', '10', '8', '9', '8', '9', '8', '8', '8', '9', '8', '6', '6', '6', '5', '5', '5']","[3, 10]",action,"The test sequence includes a successful verification for blk_, which is followed by an exception while serving blk_. This sequence does not match any of the normal example sequences provided, indicating an abnormal execution workflow."
94859,"['7', '1', '1', '1', '2', '2', '3', '4', '3', '4', '3', '4', '2', '8', '8', '9', '9', '8', '8', '8', '9', '8', '6', '6', '6', '5', '5', '15', '5']","[7, 1, 1, 1, 2, 2, 3, 4, 3, 4, 3, 4, 2, 8, 8, 9, 9, 8, 8, 8, 9, 8, 6, 6, 6, 5, 5, 15, 5]",entity,"The test sequence includes multiple inconsistencies and deviations from the normal example sequences. For example, the abnormal repetition of serving a block to the root directory three times consecutively, encountering an exception while serving a block twice, and deleting a block file twice are not observed in the normal examples. These deviations indicate an abnormal execution workflow."
95136,"['7', '1', '1', '1', '2', '2', '2', '3', '4', '3', '4', '3', '4', '8', '8', '9', '8', '8', '9', '8', '8', '9', '6', '6', '6', '5', '5', '18', '2', '5']",[18],status,"The log message indicates an InterruptedIOException which suggests a problem with IO operations, likely due to a timeout or interruption."
95756,"['7', '1', '1', '1', '2', '3', '4', '3', '4', '2', '2', '3', '4', '9', '8', '9', '8', '9', '8', '6', '6', '6', '5', '5', '18', '2', '5']",[18],status,"The log message indicates an InterruptedIOException which suggests a problem with IO operations, likely due to a timeout or interruption."
95854,"['7', '1', '1', '16']",[16],status,"The log message indicates an exception due to a socket timeout while waiting for a channel to be ready, which is not a normal execution process."
96053,"['7', '1', '1', '1', '2', '2', '2', '3', '4', '3', '4', '3', '4', '8', '8', '8', '8', '8', '8', '6', '6', '6', '5', '5', '15', '5']","[7, 1, 1, 1, 2, 2, 2, 3, 4, 3, 4, 3, 4, 8, 8, 8, 8, 8, 8, 6, 6, 6, 5, 5, 15, 5]",entity,"The test sequence deviates from the normal execution workflows as seen in the example sequences. In the test sequence, there is an error message 'Error deleting block blk_' which is not present in the normal sequences. Additionally, the test sequence involves deleting a block file twice, which is also not a part of the normal workflows."
96210,"['7', '1', '1', '1', '2', '2', '2', '3', '4', '3', '4', '3', '4', '9', '10', '8', '9', '8', '9', '8', '6', '6', '6', '5', '5', '5']","[3, 4, 3, 4, 3, 4, 9, 10]",action,"The test sequence deviates from the normal flow examples as it has a different order of processes. In the normal examples, the process 'Exception while serving blk_' always comes before 'Successful verification for blk_', while in the test sequence, it is the opposite, indicating an abnormal execution workflow."
96223,"['7', '1', '1', '1', '2', '3', '4', '2', '2', '3', '4', '3', '4', '9', '8', '8', '8', '9', '8', '9', '8', '8', '6', '6', '6', '5', '15', '5', '5']","[7, 1, 1, 1, 2, 3, 4, 2, 2, 3, 4, 3, 4, 9, 8, 8, 8, 9, 8, 9, 8, 8, 6, 6, 6, 5, 15, 5, 5]",entity,"The test sequence deviates from the normal examples in several ways. In the normal examples, there is a consistent pattern of initiating PacketResponders, receiving blocks, and serving blocks, which is not followed in the test sequence. Additionally, the test sequence includes actions such as responding to packets and deleting blocks that are not present in the normal examples. These deviations indicate an abnormal execution workflow."
96771,"['7', '1', '1', '1', '2', '2', '3', '4', '3', '4', '2', '3', '4', '8', '8', '8', '8', '8', '8', '6', '6', '6', '5', '5', '5', '15']","[7, 1, 1, 1, 2, 2, 3, 4, 3, 4, 2, 3, 4, 8, 8, 8, 8, 8, 8, 6, 6, 6, 5, 5, 5, 15]",entity,The test sequence includes a step 'Error deleting block blk_' which is not present in any of the normal example sequences. This indicates an abnormal execution workflow.
96780,"['7', '1', '1', '1', '2', '3', '4', '2', '2', '3', '4', '3', '4', '8', '8', '9', '8', '9', '8', '8', '9', '8', '6', '6', '6', '5', '5', '18', '2', '5']",[18],status,"The log message indicates an InterruptedIOException which suggests a problem with IO operations, likely due to a timeout or interruption."
96844,"['7', '1', '1', '1', '2', '2', '2', '3', '4', '3', '4', '3', '4', '8', '9', '8', '8', '9', '8', '8', '9', '8', '6', '6', '6', '5', '5', '18', '2', '5']",[18],status,"The log message indicates an InterruptedIOException which suggests a problem with IO operations, likely due to a timeout or interruption."
96894,"['7', '1']","[7, 1]",entity,"The test sequence deviates from the normal flows as it does not follow the sequential pattern of handling and receiving blocks as seen in the normal example sequences. In the normal examples, there is a consistent flow of handling and receiving blocks in a specific order, but the test sequence only includes handling and receiving one block which is different from the expected pattern."
97158,"['7', '1']","[7, 1]",entity,"The test sequence deviates from the normal flows as it does not follow the sequential pattern of handling and receiving blocks as seen in the normal example sequences. In the normal examples, there is a consistent flow of handling and receiving blocks in a specific order, but the test sequence only includes handling and receiving one block which is different from the expected pattern."
97236,"['7', '1', '1', '1', '2', '2', '3', '4', '3', '4', '2', '3', '4', '8', '9', '8', '8', '9', '8', '8', '9', '8', '6', '6', '6', '5', '5', '18', '2', '5']",[18],status,"The log message indicates an InterruptedIOException which suggests a problem with IO operations, likely due to a timeout or interruption."
97241,"['7', '1']","[7, 1]",entity,"The test sequence deviates from the normal flows as it does not follow the sequential pattern of handling and receiving blocks as seen in the normal example sequences. In the normal examples, there is a consistent flow of handling and receiving blocks in a specific order, but the test sequence only includes handling and receiving one block which is different from the expected pattern."
97387,"['7', '1', '1', '1', '2', '2', '2', '3', '4', '3', '4', '3', '4', '8', '9', '8', '8', '8', '9', '8', '8', '9', '8', '8', '6', '6', '6', '5', '5', '18', '2', '5']",[18],status,"The log message indicates an InterruptedIOException which suggests a problem with IO operations, likely due to a timeout or interruption."
97680,"['7', '1', '1', '16']",[16],status,"The log message indicates an exception due to a socket timeout while waiting for a channel to be ready, which is not a normal execution process."
98132,"['7', '1', '1', '1', '2', '2', '2', '3', '4', '3', '4', '3', '4', '8', '8', '9', '8', '8', '9', '8', '9', '8', '6', '6', '6', '5', '5', '18', '2', '5']",[18],status,"The log message indicates an InterruptedIOException which suggests a problem with IO operations, likely due to a timeout or interruption."
98199,"['7', '1']","[7, 1]",entity,"The test sequence deviates from the normal flows as it does not follow the sequential pattern of handling and receiving blocks as seen in the normal example sequences. In the normal examples, there is a consistent flow of handling and receiving blocks in a specific order, but the test sequence only includes handling and receiving one block which is different from the expected pattern."
98939,"['7', '1']","[7, 1]",entity,"The test sequence deviates from the normal flows as it does not follow the sequential pattern of handling and receiving blocks as seen in the normal example sequences. In the normal examples, there is a consistent flow of handling and receiving blocks in a specific order, but the test sequence only includes handling and receiving one block which is different from the expected pattern."
98943,"['7', '1', '1', '16']",[16],status,"The log message indicates an exception due to a socket timeout while waiting for a channel to be ready, which is not a normal execution process."
98957,"['7', '1', '1', '1', '2', '4', '2', '2', '3', '4', '3', '4', '3', '9', '8', '9', '8', '9', '8', '6', '6', '6', '5', '15', '5', '5']","[7, 1, 1, 1, 2, 4, 2, 2, 3, 4, 3, 4, 3, 9, 8, 9, 8, 9, 8, 6, 6, 6, 5, 15, 5, 5]",entity,LLM FAILED
99109,"['7', '1', '1', '16']",[16],status,"The log message indicates an exception due to a socket timeout while waiting for a channel to be ready, which is not a normal execution process."
99273,"['7', '1']","[7, 1]",entity,"The test sequence deviates from the normal flows as it does not follow the sequential pattern of handling and receiving blocks as seen in the normal example sequences. In the normal examples, there is a consistent flow of handling and receiving blocks in a specific order, but the test sequence only includes handling and receiving one block which is different from the expected pattern."
99424,"['7', '1', '1', '1', '2', '2', '3', '4', '3', '4', '2', '3', '4', '8', '8', '9', '8', '9', '8', '8', '9', '8', '6', '6', '6', '5', '5', '18', '2', '5']",[18],status,"The log message indicates an InterruptedIOException which suggests a problem with IO operations, likely due to a timeout or interruption."
99863,"['1', '7', '1', '16']",[16],status,"The log message indicates an exception due to a socket timeout while waiting for a channel to be ready, which is not a normal execution process."
100090,"['7', '1', '1', '1', '2', '2', '3', '4', '3', '4', '3', '4', '2', '8', '9', '8', '8', '8', '9', '8', '8', '9', '6', '6', '6', '5', '5', '18', '2', '5']",[18],status,"The log message indicates an InterruptedIOException which suggests a problem with IO operations, likely due to a timeout or interruption."
100122,"['7', '1']","[7, 1]",entity,"The test sequence deviates from the normal flows as it does not follow the sequential pattern of handling and receiving blocks as seen in the normal example sequences. In the normal examples, there is a consistent flow of handling and receiving blocks in a specific order, but the test sequence only includes handling and receiving one block which is different from the expected pattern."
100294,"['7', '1', '1', '16']",[16],status,"The log message indicates an exception due to a socket timeout while waiting for a channel to be ready, which is not a normal execution process."
100370,"['7', '1', '1', '1', '3', '4', '2', '2', '2', '3', '4', '3', '4', '8', '9', '8', '9', '8', '8', '9', '8', '8', '6', '6', '6', '5', '5', '5', '15']","[7, 1, 1, 1, 3, 4, 2, 2, 2, 3, 4, 3, 4, 8, 9, 8, 9, 8, 8, 9, 8, 8, 6, 6, 6, 5, 5, 5, 15]",entity,"The test sequence does not follow the typical execution flow seen in the normal example sequences. In the normal examples, the process of adding a stored block in a sequential manner is always followed by initiating a PacketResponder for a block and then receiving a block from a specific source. However, in the test sequence, this order is reversed, with initiating a PacketResponder coming before adding a stored block. Additionally, the test sequence ends with an 'Error deleting block' action, which is not present in any of the normal examples."
100528,"['7', '1', '1', '1', '3', '4', '2', '2', '2', '3', '4', '3', '4', '8', '9', '8', '8', '9', '8', '9', '8', '8', '6', '6', '6', '5', '5', '18', '2', '5']",[18],status,"The log message indicates an InterruptedIOException which suggests a problem with IO operations, likely due to a timeout or interruption."
100536,"['1', '7', '1', '1', '2', '2', '3', '4', '3', '4', '3', '4', '2', '9', '8', '8', '9', '8', '8', '9', '8', '8', '6', '6', '6', '5', '5', '18', '2', '5']",[18],status,"The log message indicates an InterruptedIOException which suggests a problem with IO operations, likely due to a timeout or interruption."
100674,"['1', '7', '1', '16']",[16],status,"The log message indicates an exception due to a socket timeout while waiting for a channel to be ready, which is not a normal execution process."
100679,"['7', '1', '1', '16']",[16],status,"The log message indicates an exception due to a socket timeout while waiting for a channel to be ready, which is not a normal execution process."
100773,"['7', '1', '1', '1', '2', '2', '3', '4', '3', '4', '2', '3', '4', '8', '9', '8', '8', '9', '8', '9', '8', '8', '6', '6', '6', '5', '15', '5', '18', '2', '5']",[18],status,"The log message indicates an InterruptedIOException which suggests a problem with IO operations, likely due to a timeout or interruption."
101032,"['7', '1', '1', '1', '2', '2', '3', '4', '4', '3', '4', '2', '3', '8', '8', '9', '8', '8', '9', '8', '8', '9', '6', '6', '6', '5', '5', '5', '15']","[7, 1, 1, 1, 2, 2, 3, 4, 4, 3, 4, 2, 3, 8, 8, 9, 8, 8, 9, 8, 8, 9, 6, 6, 6, 5, 5, 5, 15]",entity,"The test sequence includes a mixture of actions that do not match the patterns observed in the normal example sequences. Specifically, the test sequence introduces a PacketResponder for block blk_, which is not part of the normal execution flow. Additionally, the test sequence does not follow the same sequence of actions as seen in the normal examples, indicating an abnormal execution workflow."
101045,"['7', '1', '1', '16']",[16],status,"The log message indicates an exception due to a socket timeout while waiting for a channel to be ready, which is not a normal execution process."
101134,"['7', '1', '1', '16']",[16],status,"The log message indicates an exception due to a socket timeout while waiting for a channel to be ready, which is not a normal execution process."
101443,"['7', '1', '1', '16']",[16],status,"The log message indicates an exception due to a socket timeout while waiting for a channel to be ready, which is not a normal execution process."
101495,"['7', '1', '1', '1', '2', '4', '2', '3', '4', '3', '4', '3', '2', '8', '8', '9', '8', '9', '8', '8', '8', '9', '6', '6', '6', '5', '5', '5', '15', '15']","[15, 15]",status,The test sequence includes an additional process (Process 1) that is not present in the normal example sequence. This deviation from the expected workflow indicates an abnormal execution flow.
101550,"['7', '1', '1', '16']",[16],status,"The log message indicates an exception due to a socket timeout while waiting for a channel to be ready, which is not a normal execution process."
101620,"['7', '1']","[7, 1]",entity,"The test sequence deviates from the normal flows as it does not follow the sequential pattern of handling and receiving blocks as seen in the normal example sequences. In the normal examples, there is a consistent flow of handling and receiving blocks in a specific order, but the test sequence only includes handling and receiving one block which is different from the expected pattern."
101747,"['7', '1', '1', '16']",[16],status,"The log message indicates an exception due to a socket timeout while waiting for a channel to be ready, which is not a normal execution process."
101830,"['7', '1', '1', '1', '2', '3', '4', '2', '2', '3', '4', '3', '4', '8', '9', '8', '8', '8', '9', '8', '9', '8', '6', '6', '6', '5', '5', '15', '5']","[7, 1, 1, 1, 2, 3, 4, 2, 2, 3, 4, 3, 4, 8, 9, 8, 8, 8, 9, 8, 9, 8, 6, 6, 6, 5, 5, 15, 5]",entity,"The test sequence includes several deviations from the normal example sequences such as serving a block to the root directory three times consecutively, receiving a block from an unknown source, and deleting a block that was added to an invalid set in a different order. These deviations indicate an abnormal execution workflow."
101839,"['7', '1']","[7, 1]",entity,"The test sequence deviates from the normal flows as it does not follow the sequential pattern of handling and receiving blocks as seen in the normal example sequences. In the normal examples, there is a consistent flow of handling and receiving blocks in a specific order, but the test sequence only includes handling and receiving one block which is different from the expected pattern."
102024,"['7', '1']","[7, 1]",entity,"The test sequence deviates from the normal flows as it does not follow the sequential pattern of handling and receiving blocks as seen in the normal example sequences. In the normal examples, there is a consistent flow of handling and receiving blocks in a specific order, but the test sequence only includes handling and receiving one block which is different from the expected pattern."
102094,"['7', '1', '1', '1', '2', '2', '2', '3', '4', '3', '4', '3', '4', '8', '9', '8', '9', '8', '8', '9', '8', '8', '6', '6', '6', '5', '5', '18', '2', '5']",[18],status,"The log message indicates an InterruptedIOException which suggests a problem with IO operations, likely due to a timeout or interruption."
102131,"['1', '7', '1', '1', '2', '2', '3', '4', '3', '4', '2', '3', '4', '8', '9', '8', '8', '9', '8', '8', '9', '8', '6', '6', '6', '5', '5', '5']","[1, 7, 1, 1, 2, 2, 3, 4, 3, 4, 2, 3, 4, 8, 9, 8, 8, 9, 8, 8, 9, 8, 6, 6, 6, 5, 5, 5]",entity,"The test sequence differs from the normal examples in the following ways: 1. The test sequence involves receiving a block from an unknown source, which is not present in the normal examples. 2. The test sequence does not follow the alternating pattern of initiating PacketResponders and receiving blocks as seen in the normal examples. 3. The test sequence has additional actions and does not match the repetitive patterns observed in the normal examples."
102255,"['7', '1', '1', '16']",[16],status,"The log message indicates an exception due to a socket timeout while waiting for a channel to be ready, which is not a normal execution process."
102328,"['7', '1', '1', '1', '2', '2', '2', '3', '4', '3', '4', '3', '4', '8', '8', '9', '8', '8', '9', '8', '8', '9', '6', '6', '6', '5', '5', '18', '2', '5']",[18],status,"The log message indicates an InterruptedIOException which suggests a problem with IO operations, likely due to a timeout or interruption."
102460,"['7', '1']","[7, 1]",entity,"The test sequence deviates from the normal flows as it does not follow the sequential pattern of handling and receiving blocks as seen in the normal example sequences. In the normal examples, there is a consistent flow of handling and receiving blocks in a specific order, but the test sequence only includes handling and receiving one block which is different from the expected pattern."
102463,"['1', '7', '1', '1', '2', '2', '2', '3', '4', '3', '4', '3', '4', '8', '9', '8', '8', '8', '9', '8', '9', '8', '6', '6', '6', '5', '5', '5', '15', '15']","[15, 15]",status,The test sequence includes an additional process (Process 1) that is not present in the normal example sequence. This deviation from the expected workflow indicates an abnormal execution flow.
102653,"['7', '1', '1', '1', '2', '4', '2', '3', '4', '2', '3', '3', '4', '8', '8', '9', '9', '8', '8', '9', '8', '8', '6', '6', '6', '5', '5', '5']","[7, 1, 1, 1, 2, 4, 2, 3, 4, 2, 3, 3, 4, 8, 8, 9, 9, 8, 8, 9, 8, 8, 6, 6, 6, 5, 5, 5]",entity,"The test sequence deviates from the normal example sequences in terms of the order of processes and actions. In the normal examples, there is a consistent pattern of receiving blocks, initiating PacketResponders, adding stored blocks, and serving blocks. However, in the test sequence, the order of actions is different, with multiple instances of adding stored blocks and initiating PacketResponders without following the expected pattern. Additionally, encountering exceptions while serving blocks multiple times in a row is not consistent with the normal examples."
102693,"['7', '1', '1', '1', '3', '4', '2', '2', '2', '3', '4', '3', '4', '8', '8', '9', '8', '9', '8', '9', '8', '8', '6', '6', '6', '5', '5', '15', '5']","[7, 1, 1, 1, 3, 4, 2, 2, 2, 3, 4, 3, 4, 8, 8, 9, 8, 9, 8, 9, 8, 8, 6, 6, 6, 5, 5, 15, 5]",entity,"The test sequence includes a mix of actions that are not seen in the normal examples. For example, the alternating pattern of initiating PacketResponders and receiving blocks is not present in the normal examples. Additionally, the test sequence includes errors such as 'Error deleting block blk_' and 'Exception while serving blk_', which are not part of the normal sequences."
103073,"['7', '1', '1', '1', '2', '2', '3', '4', '3', '4', '2', '3', '4', '8', '8', '9', '8', '8', '9', '8', '8', '9', '6', '6', '6', '5', '5', '18', '2', '5']",[18],status,"The log message indicates an InterruptedIOException which suggests a problem with IO operations, likely due to a timeout or interruption."
103090,"['7', '1', '1', '16']",[16],status,"The log message indicates an exception due to a socket timeout while waiting for a channel to be ready, which is not a normal execution process."
103177,"['7', '1', '1', '16']",[16],status,"The log message indicates an exception due to a socket timeout while waiting for a channel to be ready, which is not a normal execution process."
103460,"['7', '1', '1', '1', '2', '2', '2', '3', '4', '3', '4', '3', '4', '8', '8', '9', '9', '8', '8', '8', '9', '8', '6', '6', '6', '5', '5', '5', '15']","[7, 1, 1, 1, 2, 2, 2, 3, 4, 3, 4, 3, 4, 8, 8, 9, 9, 8, 8, 8, 9, 8, 6, 6, 6, 5, 5, 5, 15]",entity,LLM FAILED
103537,"['7', '1', '1', '1', '2', '3', '4', '4', '2', '2', '3', '4', '3', '8', '8', '9', '8', '9', '8', '8', '9', '8', '6', '6', '6', '5', '5', '5', '15']","[7, 1, 1, 1, 2, 3, 4, 4, 2, 2, 3, 4, 3, 8, 8, 9, 8, 9, 8, 8, 9, 8, 6, 6, 6, 5, 5, 5, 15]",entity,"The test sequence deviates from the normal examples in multiple ways. The test sequence includes additional steps such as receiving blocks from different locations, and the order of actions in the workflow is different from the normal examples. Additionally, the test sequence ends with an error deleting block blk_, which is not present in the normal examples."
103578,"['7', '1']","[7, 1]",entity,"The test sequence deviates from the normal flows as it does not follow the sequential pattern of handling and receiving blocks as seen in the normal example sequences. In the normal examples, there is a consistent flow of handling and receiving blocks in a specific order, but the test sequence only includes handling and receiving one block which is different from the expected pattern."
103699,"['7', '1', '1', '16']",[16],status,"The log message indicates an exception due to a socket timeout while waiting for a channel to be ready, which is not a normal execution process."
104119,"['7', '1', '1', '16']",[16],status,"The log message indicates an exception due to a socket timeout while waiting for a channel to be ready, which is not a normal execution process."
104196,"['7', '1']","[7, 1]",entity,"The test sequence deviates from the normal flows as it does not follow the sequential pattern of handling and receiving blocks as seen in the normal example sequences. In the normal examples, there is a consistent flow of handling and receiving blocks in a specific order, but the test sequence only includes handling and receiving one block which is different from the expected pattern."
104357,"['7', '1', '1', '16']",[16],status,"The log message indicates an exception due to a socket timeout while waiting for a channel to be ready, which is not a normal execution process."
104368,"['7', '1', '1', '1', '3', '4', '3', '4', '3', '4', '2', '2', '2', '8', '9', '8', '8', '9', '8', '8', '9', '8', '6', '6', '6', '5', '5', '5']","[7, 1, 1, 1, 3, 4, 3, 4, 3, 4, 2, 2, 2, 8, 9, 8, 8, 9, 8, 8, 9, 8, 6, 6, 6, 5, 5, 5]",entity,The test sequence deviates from the normal execution workflows seen in the examples by introducing '50010 serving block to /' before 'Exception while serving blk_'. This abnormal sequence of events indicates a deviation from the expected flow.
104590,"['7', '1', '1', '16']",[16],status,"The log message indicates an exception due to a socket timeout while waiting for a channel to be ready, which is not a normal execution process."
104678,"['7', '1', '1', '1', '2', '2', '3', '4', '3', '4', '3', '4', '19', '2', '8', '9', '8', '8', '8', '9', '8', '9', '8', '6', '6', '6', '5', '5', '5']",[19],status,"The log message indicates a SocketTimeoutException, which is an abnormal condition indicating a timeout while waiting for a channel to be ready for read."
105012,"['7', '1', '1', '1', '2', '2', '3', '4', '3', '4', '3', '4', '19', '2', '6', '6', '6', '5', '5', '5']",[19],status,"The log message indicates a SocketTimeoutException, which is an abnormal condition indicating a timeout while waiting for a channel to be ready for read."
105139,"['7', '1']","[7, 1]",entity,"The test sequence deviates from the normal flows as it does not follow the sequential pattern of handling and receiving blocks as seen in the normal example sequences. In the normal examples, there is a consistent flow of handling and receiving blocks in a specific order, but the test sequence only includes handling and receiving one block which is different from the expected pattern."
105258,"['7', '1']","[7, 1]",entity,"The test sequence deviates from the normal flows as it does not follow the sequential pattern of handling and receiving blocks as seen in the normal example sequences. In the normal examples, there is a consistent flow of handling and receiving blocks in a specific order, but the test sequence only includes handling and receiving one block which is different from the expected pattern."
105375,"['7', '1']","[7, 1]",entity,"The test sequence deviates from the normal flows as it does not follow the sequential pattern of handling and receiving blocks as seen in the normal example sequences. In the normal examples, there is a consistent flow of handling and receiving blocks in a specific order, but the test sequence only includes handling and receiving one block which is different from the expected pattern."
105421,"['7', '1', '1', '1', '2', '2', '2', '3', '4', '3', '4', '3', '4', '5', '6', '6', '6', '5', '5']","[7, 1, 1, 1, 2, 2, 2, 3, 4, 3, 4, 3, 4, 5, 6, 6, 6, 5, 5]",entity,"The test sequence deviates from the normal execution workflows as it includes additional actions such as initiating PacketResponders, alternating actions of PacketResponder and receiving blocks, and deleting a block file twice, which are not present in any of the normal example sequences."
105483,"['1', '1', '7', '16']",[16],status,"The log message indicates an exception due to a socket timeout while waiting for a channel to be ready, which is not a normal execution process."
105630,"['7', '1']","[7, 1]",entity,"The test sequence deviates from the normal flows as it does not follow the sequential pattern of handling and receiving blocks as seen in the normal example sequences. In the normal examples, there is a consistent flow of handling and receiving blocks in a specific order, but the test sequence only includes handling and receiving one block which is different from the expected pattern."
106161,"['7', '1', '1', '1', '2', '2', '3', '4', '3', '4', '2', '3', '4', '8', '8', '9', '10', '8', '9', '8', '8', '8', '9', '6', '6', '6', '5', '5', '18', '2', '5']",[18],status,"The log message indicates an InterruptedIOException which suggests a problem with IO operations, likely due to a timeout or interruption."
106237,"['7', '1', '1', '1', '2', '2', '3', '4', '3', '4', '3', '4', '2', '6', '6', '6', '5', '5', '15', '5']","[7, 1, 1, 1, 2, 2, 3, 4, 3, 4, 3, 4, 2, 6, 6, 6, 5, 5, 15, 5]",entity,"The test sequence deviates from the normal examples by including actions such as 'Error deleting block blk_', which are not present in any of the normal examples. Additionally, the test sequence involves actions like 'deleting block file' and 'deleting a block file twice', which are not part of the normal sequences. These deviations indicate an abnormal execution workflow."
106409,"['7', '1', '1', '1', '2', '2', '2', '3', '4', '3', '4', '3', '4', '6', '6', '6', '5', '5', '15', '5']","[7, 1, 1, 1, 2, 2, 2, 3, 4, 3, 4, 3, 4, 6, 6, 6, 5, 5, 15, 5]",entity,The test sequence includes an additional step of 'Error deleting block blk_' and 'deleting block file' which are not present in any of the normal example sequences. This deviation from the normal sequences indicates an abnormal execution workflow.
106813,"['7', '1', '1', '1', '2', '2', '2', '3', '4', '3', '4', '3', '4', '5', '6', '6', '6', '5', '15', '5']","[7, 1, 1, 1, 2, 2, 2, 3, 4, 3, 4, 3, 4, 5, 6, 6, 6, 5, 15, 5]",entity,"The test sequence deviates from the normal example sequences in the following ways: 1. The test sequence involves alternating actions of initiating PacketResponder for a block and receiving a block from a specific location, which is not present in any of the normal example sequences. 2. The test sequence introduces an error during the deletion of a block, which is not part of the normal execution workflows. Therefore, based on these significant deviations, the test sequence is classified as abnormal."
106946,"['1', '1', '7', '1', '3', '4', '3', '4', '3', '4', '2', '2', '2', '8', '9', '8', '8', '9', '8', '8', '9', '8', '6', '6', '6', '5', '5', '5']","[1, 1, 7, 1, 3, 4, 3, 4, 3, 4, 2, 2, 2, 8, 9, 8, 8, 9, 8, 8, 9, 8, 6, 6, 6, 5, 5, 5]",entity,"The test sequence includes a different order of processes compared to the normal examples. In the normal examples, the sequence starts with receiving block blk_, followed by NameSystem allocateBlock, but in the test sequence, NameSystem allocateBlock comes before receiving block blk_. This discrepancy indicates an abnormal execution workflow."
107166,"['7', '1', '1', '1', '2', '2', '2', '3', '4', '3', '4', '3', '4', '6', '6', '6', '5', '5', '5', '15']","[7, 1, 1, 1, 2, 2, 2, 3, 4, 3, 4, 3, 4, 6, 6, 6, 5, 5, 5, 15]",entity,"The test sequence includes an error message 'Error deleting block blk_', which is not present in any of the normal example sequences. This deviation from the expected flow indicates an abnormal workflow."
107364,"['1', '1', '7', '1', '2', '2', '2', '3', '4', '3', '4', '3', '4', '8', '9', '8', '8', '9', '8', '8', '9', '8', '6', '6', '6', '5', '5', '18', '2', '5']",[18],status,"The log message indicates an InterruptedIOException which suggests a problem with IO operations, likely due to a timeout or interruption."
107446,"['7', '1', '1', '1', '2', '2', '2', '3', '4', '3', '4', '3', '4', '6', '6', '6', '5', '5', '5', '15']","[7, 1, 1, 1, 2, 2, 2, 3, 4, 3, 4, 3, 4, 6, 6, 6, 5, 5, 5, 15]",entity,"The test sequence includes an error message 'Error deleting block blk_', which is not present in any of the normal example sequences. This deviation from the expected flow indicates an abnormal workflow."
107449,"['7', '1', '1', '1', '2', '2', '2', '3', '4', '3', '4', '3', '4', '6', '6', '6', '5', '5', '5', '15']","[7, 1, 1, 1, 2, 2, 2, 3, 4, 3, 4, 3, 4, 6, 6, 6, 5, 5, 5, 15]",entity,"The test sequence includes an error message 'Error deleting block blk_', which is not present in any of the normal example sequences. This deviation from the expected flow indicates an abnormal workflow."
108022,"['2', '7', '2', '2', '1', '3', '4', '8', '1', '3', '4', '1', '3', '4', '8', '8', '8', '8', '8', '8', '8', '8', '8', '8', '8', '8', '8', '8', '8', '8', '8', '8', '8', '8', '8', '8', '8', '8', '8', '8', '8', '8', '8', '8', '8', '8', '8', '8', '8', '8', '8', '8', '8', '8', '8', '8', '8', '8', '8', '8', '8', '8', '8', '8', '8', '8', '8', '8', '8', '8', '8', '8', '8', '8', '8', '8', '8', '8', '8', '8', '8', '8', '8', '8', '8', '8', '8', '8', '8', '8', '8', '8', '8', '8', '8', '8', '8', '8', '8', '8', '8', '8', '8', '8', '8', '8', '8', '8', '8', '8', '8', '8', '8', '8', '8', '8', '8', '8', '8', '8', '8', '8', '8', '8', '8', '8', '8', '8', '8', '8', '8', '8', '8', '8', '8', '8', '8', '8', '8', '8', '8', '8', '8', '8', '8', '8', '8', '8', '8', '8', '8', '8', '8', '8', '8', '8', '8', '8', '8', '8', '8', '8', '8', '8', '8', '8', '8', '8', '8', '8', '8', '8', '8', '8', '8', '8', '8', '8', '8', '8', '8', '8', '8', '8', '8', '8', '8', '8', '8', '8', '8', '8', '8', '8', '8', '8', '8', '8', '8', '8', '8', '8', '8', '8', '8', '8', '8', '8', '8', '8', '8', '8', '8', '8', '8', '8', '6', '6', '6', '5', '5', '5']","[8, 8, 8, 8, 8, 8, 8, 8, 8, 8, 8, 8, 8, 8, 8, 8, 8, 8, 8, 8, 8, 8, 8, 8, 8, 8, 8, 8, 8, 8, 8, 8, 8, 8, 8, 8, 8, 8, 8, 8, 8, 8, 8, 8, 8, 8, 8, 8, 8, 8, 8, 8, 8, 8, 8, 8, 8, 8, 8, 8, 8, 8, 8, 8, 8, 8, 8, 8, 8, 8, 8, 8, 8, 8, 8, 8, 8, 8, 8, 8, 8, 8, 8, 8, 8, 8, 8, 8, 8, 8, 8, 8, 8, 8, 8, 8, 8, 8, 8, 8, 8, 8, 8, 8, 8, 8, 8, 8, 8, 8, 8, 8, 8, 8, 8, 8, 8, 8, 8, 8, 8, 8, 8, 8, 8, 8, 8, 8, 8, 8, 8, 8, 8, 8, 8, 8, 8, 8, 8, 8, 8, 8, 8, 8, 8, 8, 8, 8, 8, 8, 8, 8, 8, 8, 8, 8, 8, 8, 8, 8, 8, 8, 8, 8, 8, 8, 8, 8, 8, 8, 8, 8, 8, 8, 8, 8, 8, 8, 8, 8, 8, 8, 8, 8, 8, 8, 8, 8, 8, 8, 8, 8, 8, 8, 8, 8, 8, 8, 8, 8, 8, 8]",status,"The test sequence deviates from the normal examples as it contains a significantly higher number of process executions. The normal examples have no more than 7 process executions, while the test sequence has over 200 process executions, indicating abnormal behavior."
108044,"['2', '7', '2', '2', '1', '3', '4', '1', '3', '4', '1', '3', '4']","[2, 7, 2, 2, 1, 3, 4, 1, 3, 4, 1, 3, 4]",entity,"The test sequence does not follow the expected pattern of alternating between initiating PacketResponders and receiving blocks as seen in the normal example sequences. Additionally, the repeating action of adding a stored block in the NameSystem is not consistent with the normal sequences."
108305,"['7', '1', '1', '1', '2', '3', '4', '3', '4', '3', '4', '2', '2', '13', '14', '1', '2', '12', '11', '2', '5', '10', '9', '9', '9', '9', '9', '8', '9', '9', '9', '9', '9', '9', '9', '9', '9', '9', '6', '6', '6', '5', '5', '5']","[7, 1, 1, 1, 2, 3, 4, 3, 4, 3, 4, 2, 2, 13, 14, 1, 2, 12, 11, 2, 5, 10, 9, 9, 9, 9, 9, 8, 9, 9, 9, 9, 9, 9, 9, 9, 9, 9, 6, 6, 6, 5, 5, 5]",entity,"The test sequence deviates from the normal execution workflows by introducing new processes that were not present in any of the example sequences. Additionally, the test sequence includes abnormal occurrences such as repeated exceptions during block servicing and deleting block files, which were not part of the normal workflows."
108612,"['7', '1', '1', '1', '2', '2', '3', '4', '3', '4', '3', '4', '13', '14', '1', '2', '11', '12', '2', '5', '9', '9', '8', '10', '6', '6', '6', '5', '5', '5']","[7, 1, 1, 1, 2, 2, 3, 4, 3, 4, 3, 4, 13, 14, 1, 2, 11, 12, 2, 5, 9, 9, 8, 10, 6, 6, 6, 5, 5, 5]",entity,"The test sequence deviates from the normal execution workflows seen in the examples. The abnormal occurrences include encountering an exception twice in a sequential manner while serving a block, which is not consistent with the normal sequences where exceptions are encountered less frequently. Additionally, the test sequence involves deleting a block file in a different order compared to the normal sequences, indicating a deviation from the expected workflow."
108953,"['7', '1']","[7, 1]",entity,"The test sequence deviates from the normal flows as it does not follow the sequential pattern of handling and receiving blocks as seen in the normal example sequences. In the normal examples, there is a consistent flow of handling and receiving blocks in a specific order, but the test sequence only includes handling and receiving one block which is different from the expected pattern."
109170,"['7', '1', '1', '1', '3', '4', '3', '4', '3', '4', '2', '2', '13', '14', '1', '12', '2', '11', '2', '5', '10', '10', '9', '9', '8', '6', '6', '6', '5', '5', '5']","[7, 1, 1, 1, 3, 4, 3, 4, 3, 4, 2, 2, 13, 14, 1, 12, 2, 11, 2, 5, 10, 10, 9, 9, 8, 6, 6, 6, 5, 5, 5]",entity,"The test sequence includes several steps that deviate from the normal example sequences. For example, in the normal examples, the system encounters an exception while serving a block only once, while the test sequence indicates encountering this exception twice. Additionally, the normal examples do not include steps related to 'BLOCK* asks datanode(s) to replicate' or 'Starting thread to transfer block', which are present in the test sequence. These differences suggest that the test sequence does not align with the normal execution workflows."
109362,"['7', '1', '1', '1', '3', '4', '3', '4', '3', '4', '2', '2', '2', '10', '10', '9', '9', '10', '8', '6', '6', '6', '5', '5', '5']","[10, 10, 9, 9, 10]",action,"The test sequence does not match any of the normal example sequences provided. The order of events in the test sequence is different from the normal sequences, indicating an abnormal workflow."
109630,"['7', '1', '1', '1', '3', '4', '3', '4', '3', '4', '2', '2', '14', '13', '1', '2', '11', '12', '10', '2', '5', '10', '10', '9', '8', '9', '10', '6', '6', '6', '5', '5', '5']","[7, 1, 1, 1, 3, 4, 3, 4, 3, 4, 2, 2, 14, 13, 1, 2, 11, 12, 10, 2, 5, 10, 10, 9, 8, 9, 10, 6, 6, 6, 5, 5, 5]",entity,"The test sequence diverges from the normal execution workflows seen in the examples provided. It includes actions such as 'Starting thread to transfer block' and 'BLOCK* asks datanode(s) to replicate', which are not part of the normal flows in the given examples. Additionally, the sequence of events in the test sequence does not match the patterns of PacketResponder initiation, block reception, block addition, exception handling, and block verification seen in the normal examples."
109662,"['7', '1', '1', '1', '3', '4', '3', '4', '3', '4', '2', '2', '13', '14', '1', '2', '11', '12', '2', '5', '10', '9', '8', '9', '10', '10', '6', '6', '6', '5', '5', '5']","[7, 1, 1, 1, 3, 4, 3, 4, 3, 4, 2, 2, 13, 14, 1, 2, 11, 12, 2, 5, 10, 9, 8, 9, 10, 10, 6, 6, 6, 5, 5, 5]",entity,"The test sequence includes a mix of actions that are not consistent with the normal example sequences provided. Specifically, the test sequence introduces new actions such as 'BLOCK* asks datanode(s) to replicate', 'Starting thread to transfer block', and 'deleting block file' which are not present in any of the normal example sequences. Additionally, the sequence of actions in the test sequence does not follow the patterns seen in the normal examples, such as encountering exceptions while serving blocks, verifying blocks multiple times, and deleting blocks added to an invalid set in a sequential manner."
109783,"['7', '1', '1', '1', '3', '4', '3', '4', '3', '4', '2', '2', '13', '14', '1', '2', '11', '12', '2', '5', '10', '9', '8', '9', '10', '6', '6', '6', '5', '5', '5']","[7, 1, 1, 1, 3, 4, 3, 4, 3, 4, 2, 2, 13, 14, 1, 2, 11, 12, 2, 5, 10, 9, 8, 9, 10, 6, 6, 6, 5, 5, 5]",entity,"The test sequence includes a mix of normal processes seen in the example sequences, but the specific order and repetition of actions indicate deviations from the normal_flows execution workflows. The occurrence of exceptions while serving blocks, along with the repetition of adding and deleting blocks in an irregular manner, suggest an abnormal execution workflow."
109842,"['7', '1', '1', '1', '2', '3', '4', '3', '4', '3', '4', '2', '13', '14', '1', '2', '2', '12', '11', '5', '9', '8', '9', '10', '10', '6', '6', '6', '5', '5', '5']","[7, 1, 1, 1, 2, 3, 4, 3, 4, 3, 4, 2, 13, 14, 1, 2, 2, 12, 11, 5, 9, 8, 9, 10, 10, 6, 6, 6, 5, 5, 5]",entity,"The test sequence deviates from the normal execution workflows seen in the examples. In the normal examples, there is a specific pattern of actions that are repeated in a sequential manner, such as receiving blocks, adding stored blocks, initiating PacketResponder, encountering exceptions, and verifying blocks. However, in the test sequence, there are inconsistencies in the order of actions, with some actions like transmitting and receiving blocks being repeated in a non-sequential manner. Additionally, the test sequence includes actions like deleting block files that are not present in the normal examples, indicating an abnormal execution workflow."
109906,"['7', '1', '1', '1', '2', '3', '4', '3', '4', '3', '4', '2', '13', '14', '1', '2', '11', '12', '2', '5', '10', '10', '10', '9', '9', '8', '6', '6', '6', '5', '5', '5']","[7, 1, 1, 1, 2, 3, 4, 3, 4, 3, 4, 2, 13, 14, 1, 2, 11, 12, 2, 5, 10, 10, 10, 9, 9, 8, 6, 6, 6, 5, 5, 5]",entity,"The test sequence deviates from the normal execution workflows seen in the examples. In the normal examples, there is a consistent pattern of actions involving receiving blocks, initiating PacketResponders, adding stored blocks, encountering exceptions while serving blocks, and deleting block files. However, the test sequence introduces new actions such as BLOCK* asks datanode(s) to replicate and Starting thread to transfer block, which are not present in the normal examples. Additionally, the sequence of actions in the test sequence does not align with the sequential and repetitive patterns observed in the normal examples."
109950,"['7', '1', '1', '1', '2', '3', '4', '3', '4', '3', '4', '2', '13', '14', '1', '2', '2', '12', '11', '5', '10', '10', '10', '9', '9', '8', '6', '6', '6', '5', '5', '5']","[7, 1, 1, 1, 2, 3, 4, 3, 4, 3, 4, 2, 13, 14, 1, 2, 2, 12, 11, 5, 10, 10, 10, 9, 9, 8, 6, 6, 6, 5, 5, 5]",entity,"The test sequence deviates from the normal sequences as it involves a different order of actions and repetitions compared to the examples. In the normal sequences, the actions are consistent and repeated in a specific pattern, while the test sequence shows inconsistencies and variations in the order of actions."
109974,"['7', '1', '1', '1', '2', '3', '4', '3', '4', '3', '4', '2', '14', '13', '1', '2', '12', '11', '2', '5', '10', '10', '10', '9', '9', '8', '6', '6', '6', '5', '5', '5']","[7, 1, 1, 1, 2, 3, 4, 3, 4, 3, 4, 2, 14, 13, 1, 2, 12, 11, 2, 5, 10, 10, 10, 9, 9, 8, 6, 6, 6, 5, 5, 5]",entity,"The test sequence deviates from the normal execution workflows observed in the examples. In the normal sequences, there is a consistent pattern of initiating PacketResponder actions, receiving blocks, adding stored blocks, and performing verifications. However, the test sequence introduces new actions like starting thread to transfer block and asking datanodes to replicate, which are not seen in the normal examples. Additionally, the test sequence encounters an exception while serving a block twice in a row, which is not a common occurrence in the normal sequences."
109986,"['7', '1', '1', '1', '2', '3', '4', '3', '4', '3', '4', '2', '13', '14', '1', '2', '2', '11', '12', '5', '10', '9', '8', '9', '10', '10', '6', '6', '6', '5', '5', '5']","[7, 1, 1, 1, 2, 3, 4, 3, 4, 3, 4, 2, 13, 14, 1, 2, 2, 11, 12, 5, 10, 9, 8, 9, 10, 10, 6, 6, 6, 5, 5, 5]",entity,"The test sequence deviates from the normal example sequences by having a different order of actions and additional actions such as BLOCK* asks datanode(s) to replicate, Starting thread to transfer block, and deleting block file. Additionally, the test sequence encounters an exception while serving a block, which is followed by successful verification and block deletion, but this pattern is not consistent with the normal examples."
110031,"['7', '1', '1', '1', '2', '3', '4', '3', '4', '3', '4', '2', '13', '14', '2', '1', '2', '11', '12', '5', '9', '8', '9', '10', '10', '10', '6', '6', '6', '5', '5', '5']","[7, 1, 1, 1, 2, 3, 4, 3, 4, 3, 4, 2, 13, 14, 2, 1, 2, 11, 12, 5, 9, 8, 9, 10, 10, 10, 6, 6, 6, 5, 5, 5]",entity,"The test sequence deviates from the normal flows execution workflows observed in the examples. It includes unexpected actions such as 'BLOCK* asks datanode(s) to replicate' and 'Starting thread to transfer block' which are not present in the normal examples. Additionally, the sequence of actions involving repetitive block deletions and verifications after encountering an exception is not consistent with the patterns seen in the normal examples."
110039,"['7', '1', '1', '1', '2', '3', '4', '3', '4', '3', '4', '2', '13', '14', '1', '2', '11', '12', '2', '5', '9', '9', '8', '10', '10', '6', '6', '6', '5', '5', '5']","[7, 1, 1, 1, 2, 3, 4, 3, 4, 3, 4, 2, 13, 14, 1, 2, 11, 12, 2, 5, 9, 9, 8, 10, 10, 6, 6, 6, 5, 5, 5]",entity,"The test sequence deviates from the normal execution workflows observed in the examples. In the normal examples, there is a consistent pattern of actions such as receiving blocks, initiating PacketResponder, adding stored blocks, encountering exceptions while serving blocks, and verifying blocks. However, in the test sequence, there are discrepancies such as repeating 'NameSystem adding stored block' multiple times, adding 'BLOCK* asks datanode(s) to replicate' which is not present in the normal examples, and the sequence of actions does not align with the typical flow observed in the normal examples."
110196,"['7', '1', '1', '1', '3', '4', '3', '4', '3', '4', '2', '2', '10', '14', '13', '1', '2', '12', '11', '2', '5', '10', '10', '9', '8', '9', '6', '6', '6', '5', '5', '5']","[7, 1, 1, 1, 3, 4, 3, 4, 3, 4, 2, 2, 10, 14, 13, 1, 2, 12, 11, 2, 5, 10, 10, 9, 8, 9, 6, 6, 6, 5, 5, 5]",entity,"The test sequence deviates from the normal execution workflows seen in the example sequences. In the normal examples, there is a consistent pattern of actions involving receiving blocks, initiating PacketResponder, adding stored blocks, verifying blocks, serving blocks, and deleting block files. However, the test sequence introduces new actions such as starting thread to transfer block and BLOCK* asking datanode(s) to replicate, which are not present in the normal examples. Additionally, the sequence of actions in the test sequence does not follow the sequential and repetitive patterns observed in the normal examples, indicating an abnormal execution workflow."
110347,"['7', '1', '1', '1', '2', '3', '4', '3', '4', '3', '4', '2', '13', '14', '1', '2', '11', '12', '2', '5', '10', '9', '9', '8', '10', '10', '6', '6', '6', '5', '5', '5']","[7, 1, 1, 1, 2, 3, 4, 3, 4, 3, 4, 2, 13, 14, 1, 2, 11, 12, 2, 5, 10, 9, 9, 8, 10, 10, 6, 6, 6, 5, 5, 5]",entity,"The test sequence differs from the normal examples in multiple ways. Firstly, the sequence of actions does not follow the expected pattern of normal_flows execution workflows seen in the examples. Additionally, the test sequence includes abnormal occurrences such as encountering an exception twice in a sequential manner while serving a block and deleting a block that was added to an invalid set multiple times. These deviations from the normal examples indicate an abnormal_flows execution workflow."
110379,"['7', '1', '1', '1', '2', '3', '4', '3', '4', '3', '4', '2', '13', '14', '1', '2', '11', '12', '2', '5', '10', '9', '9', '8', '10', '6', '6', '6', '5', '5', '5']","[7, 1, 1, 1, 2, 3, 4, 3, 4, 3, 4, 2, 13, 14, 1, 2, 11, 12, 2, 5, 10, 9, 9, 8, 10, 6, 6, 6, 5, 5, 5]",entity,"The test sequence includes a deviation from the normal flows execution workflows observed in the examples. The abnormality is primarily highlighted by the sequence of actions involving encountering an exception twice in a sequential manner while serving the block, which is not part of the normal flow patterns observed in the context."
110540,"['7', '1', '1', '1', '2', '2', '3', '4', '3', '4', '3', '4', '13', '14', '1', '2', '12', '11', '2', '5', '9', '9', '8', '10', '10', '6', '6', '6', '5', '5', '5']","[7, 1, 1, 1, 2, 2, 3, 4, 3, 4, 3, 4, 13, 14, 1, 2, 12, 11, 2, 5, 9, 9, 8, 10, 10, 6, 6, 6, 5, 5, 5]",entity,"The test sequence deviates from the normal flows execution workflows seen in the examples. In the normal examples, there is a consistent pattern of actions involving receiving blocks, adding stored blocks, initiating PacketResponder, verifying blocks, encountering exceptions while serving blocks, and deleting block files. However, in the test sequence, there are additional actions such as BLOCK* asking datanode(s) to replicate, starting a thread to transfer a block, and deleting a block file that do not align with the patterns observed in the normal examples. This deviation indicates an abnormal execution workflow."
110764,"['7', '1', '1', '1', '2', '2', '3', '4', '3', '4', '3', '4', '13', '14', '1', '2', '12', '11', '2', '5', '10', '9', '9', '8', '10', '10', '6', '6', '6', '5', '5', '5']","[7, 1, 1, 1, 2, 2, 3, 4, 3, 4, 3, 4, 13, 14, 1, 2, 12, 11, 2, 5, 10, 9, 9, 8, 10, 10, 6, 6, 6, 5, 5, 5]",entity,"The test sequence deviates from the normal execution workflows by introducing new actions such as BLOCK* asks datanode(s) to replicate and Starting thread to transfer block, which are not present in any of the example sequences. Additionally, the test sequence includes a different flow of actions compared to the normal examples, indicating an abnormal execution workflow."
110767,"['7', '1', '1', '1', '2', '2', '3', '4', '3', '4', '3', '4', '13', '14', '1', '2', '2', '12', '11', '5', '9', '8', '9', '10', '10', '10', '6', '6', '6', '5', '5', '5']","[7, 1, 1, 1, 2, 2, 3, 4, 3, 4, 3, 4, 13, 14, 1, 2, 2, 12, 11, 5, 9, 8, 9, 10, 10, 10, 6, 6, 6, 5, 5, 5]",entity,"The test sequence deviates from the normal flows examples by introducing new actions such as BLOCK* asks datanode(s) to replicate, Starting thread to transfer block, and deleting block file. These actions are not present in any of the normal examples provided, indicating an abnormal execution workflow."
110941,"['7', '1', '1', '1', '2', '2', '2', '3', '4', '3', '4', '3', '4', '10', '9', '8', '9', '10', '10', '6', '6', '6', '5', '15', '5', '5']","[7, 1, 1, 1, 2, 2, 2, 3, 4, 3, 4, 3, 4, 10, 9, 8, 9, 10, 10, 6, 6, 6, 5, 15, 5, 5]",entity,"The test sequence deviates from the normal examples by including additional processes like 'deleting block file', 'Error deleting block blk_', and 'The execution sequence involves deleting a block file twice'. These processes are not present in any of the normal example sequences, indicating an abnormal execution workflow."
111060,"['7', '1']","[7, 1]",entity,"The test sequence deviates from the normal flows as it does not follow the sequential pattern of handling and receiving blocks as seen in the normal example sequences. In the normal examples, there is a consistent flow of handling and receiving blocks in a specific order, but the test sequence only includes handling and receiving one block which is different from the expected pattern."
111140,"['7', '1', '1', '1', '2', '2', '3', '4', '3', '4', '3', '4', '13', '14', '1', '2', '12', '11', '2', '10', '5', '9', '8', '9', '10', '6', '6', '6', '5', '5', '5']","[7, 1, 1, 1, 2, 2, 3, 4, 3, 4, 3, 4, 13, 14, 1, 2, 12, 11, 2, 10, 5, 9, 8, 9, 10, 6, 6, 6, 5, 5, 5]",entity,"The test sequence differs from the normal examples in several key aspects. In the normal examples, there is a repetitive pattern of actions such as receiving blocks, initiating PacketResponder, adding stored blocks, encountering exceptions, and verifying blocks. However, in the test sequence, there are additional actions such as BLOCK* asks datanode(s) to replicate, Starting thread to transfer block, and Successful verification for blk_. These additional actions do not align with the patterns seen in the normal examples, indicating an abnormal workflow."
111185,"['7', '1', '1', '1', '2', '2', '2', '4', '3', '4', '3', '4', '3', '10', '9', '8', '9', '10', '10', '6', '6', '6', '5', '5', '5']","[4, 3, 4, 3, 4, 3, 10, 9]",action,"The test sequence has a different order of processes compared to the normal examples. In the normal examples, the PacketResponder process comes before the Receiving block process, but in the test sequence, the Receiving block process comes before the PacketResponder process. This change in order indicates an abnormal execution workflow."
111312,"['7', '1', '1', '1', '2', '3', '4', '3', '4', '3', '4', '2', '13', '14', '1', '2', '12', '11', '2', '5', '9', '8', '9', '10', '10', '6', '6', '6', '5', '15', '5', '5']","[7, 1, 1, 1, 2, 3, 4, 3, 4, 3, 4, 2, 13, 14, 1, 2, 12, 11, 2, 5, 9, 8, 9, 10, 10, 6, 6, 6, 5, 15, 5, 5]",entity,"The test sequence includes actions that deviate from the normal_flows execution workflows observed in the example sequences. Specifically, the sequence involves receiving and adding stored blocks in a non-sequential manner, followed by the transmission and reception of the same block. Additionally, the occurrence of error messages such as 'Exception while serving blk_' and 'Error deleting block blk_' indicates abnormal behavior compared to the normal sequences where block verification and deletion are done in a specific order."
111444,"['7', '1', '1', '1', '2', '2', '3', '4', '3', '4', '3', '4', '13', '14', '2', '1', '2', '11', '12', '5', '9', '8', '10', '9', '10', '10', '6', '6', '6', '5', '5', '5']","[7, 1, 1, 1, 2, 2, 3, 4, 3, 4, 3, 4, 13, 14, 2, 1, 2, 11, 12, 5, 9, 8, 10, 9, 10, 10, 6, 6, 6, 5, 5, 5]",entity,"The test sequence deviates from the normal execution workflows seen in the examples. In the normal examples, there is a consistent pattern of actions involving block reception, PacketResponder initiation, block addition, block verification, and block deletion. However, the test sequence introduces new actions such as BLOCK* replication, thread transfer, and deleting block files, which are not part of the normal flow. Additionally, the sequence of actions in the test sequence does not align with the sequential and repetitive patterns observed in the normal examples."
111680,"['7', '1', '1', '1', '2', '3', '4', '3', '4', '3', '4', '20', '21', '1', '1', '2', '2', '11', '12', '11', '2', '5', '2', '5', '9', '8', '9', '10', '10', '10', '6', '6', '6', '5', '5', '5']",[20],status,"The log message indicates an error in handling a packet responder for a specific block, which is abnormal and may require further investigation."
111844,"['7', '1', '1', '1', '2', '2', '3', '4', '3', '4', '3', '4', '13', '14', '1', '2', '11', '12', '2', '5', '10', '9', '8', '9', '10', '10', '6', '6', '6', '5', '5', '5']","[7, 1, 1, 1, 2, 2, 3, 4, 3, 4, 3, 4, 13, 14, 1, 2, 11, 12, 2, 5, 10, 9, 8, 9, 10, 10, 6, 6, 6, 5, 5, 5]",entity,"The test sequence differs from the normal examples in the following ways: 1. The sequence includes new actions such as BLOCK* asks datanode(s) to replicate and Starting thread to transfer block which are not present in the normal examples. 2. The test sequence involves deleting a block file after adding it to the invalid set, which is not a common pattern in the normal examples. 3. The test sequence has a different order and combination of actions compared to the normal examples, indicating an abnormal workflow."
111872,"['7', '1', '1', '1', '2', '2', '3', '4', '3', '4', '3', '4', '14', '13', '1', '2', '12', '11', '2', '5', '9', '9', '8', '10', '10', '10', '6', '6', '6', '5', '5', '5']","[7, 1, 1, 1, 2, 2, 3, 4, 3, 4, 3, 4, 14, 13, 1, 2, 12, 11, 2, 5, 9, 9, 8, 10, 10, 10, 6, 6, 6, 5, 5, 5]",entity,"The test sequence includes actions that deviate from the normal example sequences, such as 'Starting thread to transfer block' and 'BLOCK* asks datanode(s) to replicate', which are not present in any of the normal sequences. Additionally, the sequence of actions in the test sequence does not follow the expected flow of alternating between initiating PacketResponders and receiving blocks as seen in the normal examples."
112151,"['7', '1']","[7, 1]",entity,"The test sequence deviates from the normal flows as it does not follow the sequential pattern of handling and receiving blocks as seen in the normal example sequences. In the normal examples, there is a consistent flow of handling and receiving blocks in a specific order, but the test sequence only includes handling and receiving one block which is different from the expected pattern."
112161,"['7', '1', '1', '1', '2', '2', '3', '4', '3', '4', '3', '4', '2', '9', '9', '8', '10', '6', '6', '6', '10', '5', '5', '5']","[10, 6, 6, 6, 10]",action,"The test sequence contains a different order of processes compared to the normal examples. In the normal examples, the action of deleting a block that was added to an invalid set always comes after successful verification, while in the test sequence it comes before successful verification."
112261,"['7', '1', '1', '1', '2', '2', '3', '4', '3', '4', '3', '4', '13', '14', '1', '2', '2', '11', '12', '5', '9', '8', '9', '10', '10', '6', '6', '6', '5', '5', '5']","[7, 1, 1, 1, 2, 2, 3, 4, 3, 4, 3, 4, 13, 14, 1, 2, 2, 11, 12, 5, 9, 8, 9, 10, 10, 6, 6, 6, 5, 5, 5]",entity,"The test sequence deviates from the normal example sequences in multiple ways. Firstly, the test sequence includes additional steps such as BLOCK* asks datanode(s) to replicate, Starting thread to transfer block, and deleting block file, which are not present in the normal example sequences. Secondly, the normal example sequences involve repetitive actions of adding stored blocks and verifying blocks, whereas the test sequence includes only one instance of adding a stored block and two instances of verifying blocks. Lastly, the test sequence does not follow the pattern of encountering an exception while serving a block and repeating the action of deleting the block added to an invalid set. These discrepancies suggest that the test sequence represents an abnormal execution workflow."
112667,"['7', '1', '1', '1', '2', '2', '3', '4', '3', '4', '3', '4', '14', '13', '1', '2', '11', '12', '2', '5', '9', '9', '8', '10', '10', '10', '6', '6', '6', '5', '5', '5']","[7, 1, 1, 1, 2, 2, 3, 4, 3, 4, 3, 4, 14, 13, 1, 2, 11, 12, 2, 5, 9, 9, 8, 10, 10, 10, 6, 6, 6, 5, 5, 5]",entity,"The test sequence deviates from the normal workflows by introducing new processes such as 'Starting thread to transfer block', 'BLOCK* asks datanode(s) to replicate', and 'deleting block file'. Additionally, the sequence of actions does not match the expected flow of PacketResponder initiation and block reception from the normal examples."
112976,"['7', '1', '1', '1', '2', '2', '3', '4', '3', '4', '3', '4', '13', '14', '1', '2', '11', '12', '2', '5', '10', '9', '8', '9', '10', '10', '6', '6', '6', '5', '5', '5']","[7, 1, 1, 1, 2, 2, 3, 4, 3, 4, 3, 4, 13, 14, 1, 2, 11, 12, 2, 5, 10, 9, 8, 9, 10, 10, 6, 6, 6, 5, 5, 5]",entity,"The test sequence differs from the normal examples in the following ways: 1. The sequence includes new actions such as BLOCK* asks datanode(s) to replicate and Starting thread to transfer block which are not present in the normal examples. 2. The test sequence involves deleting a block file after adding it to the invalid set, which is not a common pattern in the normal examples. 3. The test sequence has a different order and combination of actions compared to the normal examples, indicating an abnormal workflow."
113080,"['7', '1', '1', '1', '2', '2', '3', '4', '3', '4', '3', '4', '14', '13', '1', '2', '11', '12', '2', '5', '9', '8', '9', '10', '10', '6', '6', '6', '5', '5', '5']","[7, 1, 1, 1, 2, 2, 3, 4, 3, 4, 3, 4, 14, 13, 1, 2, 11, 12, 2, 5, 9, 8, 9, 10, 10, 6, 6, 6, 5, 5, 5]",entity,"The test sequence includes a combination of actions that are not consistent with the normal example sequences. In the normal examples, there is a specific order and repetition of actions such as receiving blocks, initiating PacketResponder, adding stored blocks, encountering exceptions, verifying blocks, and deleting block files. However, the test sequence introduces new actions like transferring block, asking datanodes to replicate, and deleting block files in a different order. This deviation from the expected sequence indicates an abnormal execution workflow."
113145,"['7', '1', '1', '1', '3', '4', '2', '2', '3', '4', '3', '4', '13', '14', '1', '2', '11', '12', '10', '2', '5', '9', '9', '8', '10', '10', '6', '6', '6', '5', '5', '5']","[7, 1, 1, 1, 3, 4, 2, 2, 3, 4, 3, 4, 13, 14, 1, 2, 11, 12, 10, 2, 5, 9, 9, 8, 10, 10, 6, 6, 6, 5, 5, 5]",entity,"The test sequence deviates from the normal execution workflows by encountering an exception while serving a block twice in a sequential manner, which is not present in any of the normal example sequences. Additionally, the actions of successfully verifying a block twice and deleting a block added to an invalid set three times in a sequential manner are also unusual and not observed in the normal examples."
113236,"['7', '1']","[7, 1]",entity,"The test sequence deviates from the normal flows as it does not follow the sequential pattern of handling and receiving blocks as seen in the normal example sequences. In the normal examples, there is a consistent flow of handling and receiving blocks in a specific order, but the test sequence only includes handling and receiving one block which is different from the expected pattern."
113310,"['7', '1']","[7, 1]",entity,"The test sequence deviates from the normal flows as it does not follow the sequential pattern of handling and receiving blocks as seen in the normal example sequences. In the normal examples, there is a consistent flow of handling and receiving blocks in a specific order, but the test sequence only includes handling and receiving one block which is different from the expected pattern."
113492,"['7', '1', '1', '1', '2', '2', '3', '4', '3', '4', '3', '4', '13', '14', '1', '2', '12', '11', '2', '5', '10', '10', '8', '10', '6', '6', '6', '5', '5', '5']","[7, 1, 1, 1, 2, 2, 3, 4, 3, 4, 3, 4, 13, 14, 1, 2, 12, 11, 2, 5, 10, 10, 8, 10, 6, 6, 6, 5, 5, 5]",entity,"The test sequence includes several actions and transitions that are not present in any of the normal example sequences. For instance, the actions like 'BLOCK* asks datanode(s) to replicate', 'Starting thread to transfer block', and 'receiving block blk_' are not part of any normal example. Additionally, the sequence of actions and their order differ significantly from the normal examples, indicating an abnormal execution workflow."
113574,"['7', '1', '1', '1', '2', '2', '2', '3', '4', '3', '4', '3', '4', '9', '9', '9', '9', '8', '9', '9', '9', '9', '9', '9', '9', '9', '9', '9', '9', '10', '6', '6', '6', '5', '10', '5', '5']","[7, 1, 1, 1, 2, 2, 2, 3, 4, 3, 4, 3, 4, 9, 9, 9, 9, 8, 9, 9, 9, 9, 9, 9, 9, 9, 9, 9, 9, 10, 6, 6, 6, 5, 10, 5, 5]",entity,"The test sequence involves deviations from the normal execution workflows seen in the example sequences. Specifically, the repeated responses to and receiving blocks from a source before encountering exceptions while serving a block multiple times, followed by actions like deleting a block file twice, are not consistent with the patterns observed in the normal examples."
113966,"['2', '2', '7', '2', '1', '3', '4', '1', '3', '4', '1', '3', '4', '8', '10', '10', '6', '6', '6', '5', '5', '5']","[2, 2, 7, 2, 1, 3, 4, 1, 3, 4, 1, 3, 4, 8, 10, 10, 6, 6, 6, 5, 5, 5]",entity,"The test sequence deviates from the normal execution workflows provided in the examples. In the normal examples, the sequences start with NameSystem allocateBlock and involve specific steps related to receiving blocks, initiating PacketResponders, serving blocks, verifying blocks, and deleting blocks. However, the test sequence includes different actions such as allocating a block, adding a stored block repetitively, and initiating PacketResponders multiple times with receiving blocks from unknown sources. This deviation indicates an abnormal execution workflow."
114164,"['2', '2', '2', '7', '1', '3', '4', '1', '3', '4', '1', '3', '4', '10', '8', '10', '10', '6', '6', '6', '5', '5', '5']","[2, 2, 2, 7, 1, 3, 4, 1, 3, 4, 1, 3, 4, 10, 8, 10, 10, 6, 6, 6, 5, 5, 5]",entity,"The test sequence deviates from the normal execution workflows observed in the examples provided. In the normal examples, the NameSystem first allocates a block, followed by specific actions related to receiving and handling blocks, initiating PacketResponders, serving blocks, verifying blocks, and deleting blocks. However, in the test sequence, the order of actions is different and does not match the patterns observed in the normal examples. Additionally, the test sequence includes actions that are not present in the normal examples, such as receiving blocks from unknown sources and specific block verification steps. These deviations indicate an abnormal execution workflow."
115023,"['7', '1', '1', '1', '2', '2', '2', '3', '4', '3', '4', '3', '4', '10', '9', '9', '8', '6', '6', '6', '5', '5', '15', '5']","[7, 1, 1, 1, 2, 2, 2, 3, 4, 3, 4, 3, 4, 10, 9, 9, 8, 6, 6, 6, 5, 5, 15, 5]",entity,"The test sequence includes additional steps not present in any of the normal example sequences, such as encountering an exception twice while serving the block, deleting a block file twice, and encountering an error while deleting a block. These deviations from the normal examples indicate an abnormal execution workflow."
115213,"['7', '1', '1', '1', '2', '2', '2', '4', '3', '3', '4', '4', '3', '9', '9', '8', '10', '6', '6', '6', '5', '5', '5']","[4, 3, 3, 4, 4, 3, 9, 9]",action,"The test sequence does not follow the typical pattern seen in the normal example sequences. In the normal examples, the PacketResponder for block blk_ is always initiated first, followed by receiving the block blk_ from different locations and then encountering an exception while serving the block. However, in the test sequence, the order of events is different and does not match the normal flow patterns."
115300,"['7', '1', '1', '2', '2', '2', '3', '4', '1', '3', '4', '3', '4', '8', '10', '10', '6', '6', '6', '5', '5', '5']","[7, 1, 1, 2, 2, 2, 3, 4, 1, 3, 4, 3, 4, 8, 10, 10, 6, 6, 6, 5, 5, 5]",entity,"The test sequence has deviations from the normal example sequences. For example, the test sequence mentions receiving block blk_ sequentially from Process 0 to Process 1, which is not seen in the normal examples. Additionally, the test sequence includes a different order of actions compared to the normal examples, indicating an abnormal execution workflow."
116579,"['7', '1', '1', '1', '2', '2', '3', '4', '3', '4', '3', '4', '13', '2', '14', '1', '2', '11', '12', '5', '8', '10', '6', '6', '6', '5', '5', '5']","[7, 1, 1, 1, 2, 2, 3, 4, 3, 4, 3, 4, 13, 2, 14, 1, 2, 11, 12, 5, 8, 10, 6, 6, 6, 5, 5, 5]",entity,"The test sequence includes multiple actions that are not present in any of the normal example sequences, such as BLOCK* asks datanode(s) to replicate, Starting thread to transfer block, and NameSystem adding stored block. These actions deviate significantly from the patterns seen in the normal sequences, indicating an abnormal execution workflow."
116621,"['7', '1', '1', '1', '2', '2', '2', '3', '4', '3', '4', '3', '4', '10', '9', '9', '8', '10', '6', '6', '6', '10', '5', '5', '5']","[10, 6, 6, 6, 10]",action,"The test sequence contains a different order of processes compared to the normal examples. In the normal examples, the action of deleting a block that was added to an invalid set always comes after successful verification, while in the test sequence it comes before successful verification."
116906,"['7', '1', '1', '1', '4', '3', '4', '2', '2', '2', '3', '4', '3', '10', '9', '9', '8', '6', '6', '6', '5', '5', '5']","[3, 4, 3, 10, 9, 9]",action,The test sequence deviates from the normal flow as it skips the step of 'Receiving block blk_ from /' after 'PacketResponder for block blk_'. This deviation indicates an abnormal execution workflow.
116921,"['7', '1', '1', '1', '2', '3', '4', '3', '4', '2', '3', '4', '2', '19', '10', '9', '8', '9', '10', '6', '6', '6', '5', '5', '5']",[19],status,"The log message indicates a SocketTimeoutException, which is an abnormal condition indicating a timeout while waiting for a channel to be ready for read."
117633,"['7', '1']","[7, 1]",entity,"The test sequence deviates from the normal flows as it does not follow the sequential pattern of handling and receiving blocks as seen in the normal example sequences. In the normal examples, there is a consistent flow of handling and receiving blocks in a specific order, but the test sequence only includes handling and receiving one block which is different from the expected pattern."
117695,"['7', '1', '1', '1', '2', '2', '2', '3', '4', '3', '4', '3', '4', '9', '10', '8', '9', '10', '6', '6', '6', '5', '5', '5']","[3, 4, 3, 4, 3, 4, 9, 10]",action,"The test sequence deviates from the normal flow examples as it has a different order of processes. In the normal examples, the process 'Exception while serving blk_' always comes before 'Successful verification for blk_', while in the test sequence, it is the opposite, indicating an abnormal execution workflow."
117848,"['1', '7', '1', '1', '2', '3', '4', '3', '4', '2', '3', '4', '2', '9', '8', '9', '10', '6', '6', '6', '5', '5', '5']","[1, 7, 1, 1, 2, 3, 4, 3, 4, 2, 3, 4, 2, 9, 8, 9, 10, 6, 6, 6, 5, 5, 5]",entity,"The test sequence includes an unusual pattern where the system first initiates a PacketResponder for a block, followed by receiving a block from an unknown source, which deviates from the normal execution flow observed in the example sequences. Additionally, the sequence of actions involving adding stored blocks and serving blocks is not consistent with the patterns seen in the normal examples."
119872,"['7', '1', '1', '1', '2', '2', '3', '4', '3', '4', '3', '4', '13', '14', '1', '2', '12', '11', '2', '5', '8', '10', '6', '6', '6', '5', '5', '5']","[7, 1, 1, 1, 2, 2, 3, 4, 3, 4, 3, 4, 13, 14, 1, 2, 12, 11, 2, 5, 8, 10, 6, 6, 6, 5, 5, 5]",entity,"The test sequence includes several processes that are not present in the normal example sequences, such as BLOCK* asks datanode(s) to replicate, Starting thread to transfer block, and NameSystem adding stored block multiple times. These processes deviate significantly from the patterns observed in the normal examples, indicating an abnormal execution workflow."
120197,"['7', '1', '1', '1', '2', '2', '2', '4', '4', '3', '4', '3', '3', '9', '8', '9', '10', '6', '6', '6', '5', '5', '5']","[4, 4, 3, 4, 3, 3, 9]",action,"The test sequence does not follow the typical pattern seen in the normal example sequences. In the normal examples, the PacketResponder for block blk_ is usually initiated first, followed by receiving the block blk_ from a specific location, and then handling responses related to the block blk_. However, in the test sequence, the order of processes is different and does not match the expected sequence of events."
121075,"['7', '1', '1', '16']",[16],status,"The log message indicates an exception due to a socket timeout while waiting for a channel to be ready, which is not a normal execution process."
121313,"['7', '1', '1', '1', '2', '2', '2', '17', '3', '4', '17', '3', '4', '17', '3', '4', '8', '10', '6', '6', '6', '5', '5', '5']",[17],status,"The log message indicates a SocketTimeoutException which suggests a timeout while waiting for a channel to be ready for write, which is abnormal behavior."
121328,"['2', '2', '2', '7', '1', '3', '4', '1', '3', '4', '1', '3', '4', '8', '10', '6', '6', '6', '5', '5', '5']","[2, 2, 2, 7, 1, 3, 4, 1, 3, 4, 1, 3, 4, 8, 10, 6, 6, 6, 5, 5, 5]",entity,"The test sequence does not follow the pattern of the normal example sequences. In the normal examples, the sequences involve receiving block blk_, NameSystem allocateBlock, PacketResponder activation, block reception, and block deletion in a sequential manner. However, the test sequence does not follow this pattern and introduces unknown sources for block receptions, which is not seen in the normal examples."
122557,"['7', '1', '1', '1', '2', '2', '2', '4', '3', '4', '3', '4', '3', '9', '8', '9', '10', '6', '6', '6', '5', '5', '5']","[4, 3, 4, 3, 4, 3, 9]",action,"The test sequence deviates from the normal execution workflows as seen in the example sequences. In the normal sequences, the PacketResponder for block blk_ is always initiated first, followed by receiving the block blk_ from a specific location. However, in the test sequence, the order is reversed with receiving the block first before initiating the PacketResponder, which is not observed in the normal examples."
122870,"['7', '1', '1', '1', '13', '2', '2', '2', '3', '4', '3', '4', '3', '4', '14', '1', '2', '12', '11', '5', '8', '6', '6', '6', '5', '5', '5']","[7, 1, 1, 1, 13, 2, 2, 2, 3, 4, 3, 4, 3, 4, 14, 1, 2, 12, 11, 5, 8, 6, 6, 6, 5, 5, 5]",entity,"The test sequence includes elements (BLOCK* asks datanode(s) to replicate, Starting thread to transfer block, NameSystem adding stored block, receiving block blk_, deleting block file) that are not present in any of the normal example sequences. Therefore, the test sequence is considered abnormal."
123397,"['7', '1', '1', '1', '2', '2', '2', '4', '3', '4', '3', '4', '3', '9', '8', '9', '10', '6', '6', '6', '5', '5', '5']","[4, 3, 4, 3, 4, 3, 9]",action,"The test sequence deviates from the normal execution workflows as seen in the example sequences. In the normal sequences, the PacketResponder for block blk_ is always initiated first, followed by receiving the block blk_ from a specific location. However, in the test sequence, the order is reversed with receiving the block first before initiating the PacketResponder, which is not observed in the normal examples."
124741,"['7', '2', '2', '2', '1', '3', '4', '1', '3', '4', '1', '3', '4', '10', '8', '10', '6', '6', '6', '5', '5', '5']","[7, 2, 2, 2, 1, 3, 4, 1, 3, 4, 1, 3, 4, 10, 8, 10, 6, 6, 6, 5, 5, 5]",entity,"The test sequence includes repetitive actions of receiving the same block multiple times, which is not present in the normal example sequences. Additionally, the test sequence lacks the sequential pattern of actions seen in the normal examples, making it deviate from the expected flow."
124782,"['7', '1']","[7, 1]",entity,"The test sequence deviates from the normal flows as it does not follow the sequential pattern of handling and receiving blocks as seen in the normal example sequences. In the normal examples, there is a consistent flow of handling and receiving blocks in a specific order, but the test sequence only includes handling and receiving one block which is different from the expected pattern."
124860,"['7', '1', '1', '1', '2', '2', '2', '3', '4', '3', '4', '3', '4', '10', '9', '9', '8', '6', '6', '6', '5', '15', '5', '5']","[7, 1, 1, 1, 2, 2, 2, 3, 4, 3, 4, 3, 4, 10, 9, 9, 8, 6, 6, 6, 5, 15, 5, 5]",entity,"The test sequence includes additional steps such as 'deleting block file' and 'Error deleting block blk_', which are not present in any of the normal example sequences. These extra steps indicate deviations from the normal execution workflows, leading to the prediction of an abnormal flow."
124952,"['7', '1', '1', '1', '17', '2', '2', '2', '17', '3', '4', '3', '4', '17', '3', '4', '8', '10', '6', '6', '6', '5', '5', '5']",[17],status,"The log message indicates a SocketTimeoutException which suggests a timeout while waiting for a channel to be ready for write, which is abnormal behavior."
125828,"['7', '1', '1', '16']",[16],status,"The log message indicates an exception due to a socket timeout while waiting for a channel to be ready, which is not a normal execution process."
126027,"['7', '1', '1', '1', '2', '19', '2', '2', '3', '4', '3', '4', '3', '4', '9', '8', '9', '6', '6', '6', '5', '5', '5']",[19],status,"The log message indicates a SocketTimeoutException, which is an abnormal condition indicating a timeout while waiting for a channel to be ready for read."
128201,"['7', '1', '1', '2', '1', '3', '4', '2', '2', '3', '4', '3', '4', '8', '6', '6', '6', '5', '5', '5']","[7, 1, 1, 2, 1, 3, 4, 2, 2, 3, 4, 3, 4, 8, 6, 6, 6, 5, 5, 5]",entity,"The test sequence includes an abnormal order of processes compared to the normal examples. In the normal examples, the sequence starts with receiving blocks, then initiates PacketResponders, adds stored blocks, serves blocks, and finally deletes blocks. However, in the test sequence, the order of processes is mixed up, indicating an abnormal flow of execution."
129189,"['7', '1', '1', '1', '2', '2', '2', '4', '3', '4', '3', '4', '3', '10', '9', '8', '9', '6', '6', '6', '5', '5', '5']","[4, 3, 4, 3, 4, 3, 10, 9]",action,"The test sequence has a different order of processes compared to the normal examples. In the normal examples, the PacketResponder process comes before the Receiving block process, but in the test sequence, the Receiving block process comes before the PacketResponder process. This change in order indicates an abnormal execution workflow."
129495,"['7', '1', '1', '1', '2', '2', '3', '4', '3', '4', '3', '4', '2', '9', '9', '8', '6', '6', '6', '5', '5', '15', '5']","[7, 1, 1, 1, 2, 2, 3, 4, 3, 4, 3, 4, 2, 9, 9, 8, 6, 6, 6, 5, 5, 15, 5]",entity,The test sequence deviates from the normal flows by introducing additional actions such as 'Error deleting block blk_' and 'deleting block file' which are not present in any of the normal example sequences. This indicates an abnormal execution workflow.
129851,"['7', '1', '1', '16']",[16],status,"The log message indicates an exception due to a socket timeout while waiting for a channel to be ready, which is not a normal execution process."
130014,"['7', '1', '1', '1', '2', '2', '2', '3', '4', '3', '4', '3', '4', '9', '9', '8', '6', '6', '6', '5', '5', '5', '15']","[7, 1, 1, 1, 2, 2, 2, 3, 4, 3, 4, 3, 4, 9, 9, 8, 6, 6, 6, 5, 5, 5, 15]",entity,The test sequence includes an additional step (Error deleting block blk_) that is not present in any of the normal example sequences. This deviation from the normal flow indicates an abnormal execution workflow.
132289,"['7', '1', '1', '1', '2', '2', '2', '3', '4', '3', '4', '3', '4', '9', '8', '9', '6', '6', '6', '5', '15', '5', '5']","[7, 1, 1, 1, 2, 2, 2, 3, 4, 3, 4, 3, 4, 9, 8, 9, 6, 6, 6, 5, 15, 5, 5]",entity,"The test sequence deviates from the normal flows as seen in the example sequences by introducing new actions such as 'deleting block file', 'Error deleting block blk_', and 'The execution sequence involves deleting a block file twice'. These actions are not present in any of the normal example sequences, indicating an abnormal execution workflow."
133099,"['1', '7', '1', '1', '3', '4', '2', '2', '2', '4', '3', '4', '3', '9', '9', '8', '10', '6', '6', '6', '5', '5', '5']","[4, 3, 4, 3, 9, 9]",action,"The test sequence deviates from the normal execution workflows as seen in the examples. In the normal examples, the PacketResponder process for a block is always followed by receiving the block from a specific location. However, in the test sequence, the receiving and PacketResponder processes are interchanged, which is not consistent with the normal patterns."
133853,"['7', '1']","[7, 1]",entity,"The test sequence deviates from the normal flows as it does not follow the sequential pattern of handling and receiving blocks as seen in the normal example sequences. In the normal examples, there is a consistent flow of handling and receiving blocks in a specific order, but the test sequence only includes handling and receiving one block which is different from the expected pattern."
133978,"['7', '1', '1', '1', '2', '2', '2', '3', '4', '3', '4', '3', '4', '9', '9', '8', '6', '6', '6', '5', '15', '5', '5']","[7, 1, 1, 1, 2, 2, 2, 3, 4, 3, 4, 3, 4, 9, 9, 8, 6, 6, 6, 5, 15, 5, 5]",entity,"The test sequence includes additional processes such as 'deleting block file', 'Error deleting block blk_', and 'The execution sequence involves deleting a block file twice' that are not present in any of the normal example sequences. These additional processes indicate an abnormal execution workflow."
133994,"['1', '7', '1', '1', '2', '2', '4', '3', '4', '3', '4', '2', '3', '10', '8', '6', '6', '6', '5', '5', '5']","[3, 10]",action,"The test sequence includes a successful verification for blk_, which is followed by an exception while serving blk_. This sequence does not match any of the normal example sequences provided, indicating an abnormal execution workflow."
134461,"['1', '7']","[1, 7]",entity,"The test sequence is abnormal because it starts with 'receiving block blk_' instead of the typical starting point 'NameSystem allocateBlock'. Additionally, the order of processes in the test sequence is different from the normal example sequences provided."
134598,"['7', '1', '1', '1', '2', '2', '2', '3', '4', '3', '4', '3', '4', '10', '9', '8', '9', '6', '6', '6', '5', '5', '5', '15']","[7, 1, 1, 1, 2, 2, 2, 3, 4, 3, 4, 3, 4, 10, 9, 8, 9, 6, 6, 6, 5, 5, 5, 15]",entity,The test sequence includes an additional step (step 7: Error deleting block blk_) that is not present in any of the normal example sequences. This deviation from the normal flow indicates an abnormal execution workflow.
134854,"['7', '1', '1', '1', '2', '2', '3', '4', '3', '4', '3', '4', '2', '19', '9', '9', '9', '8', '9', '9', '9', '9', '9', '9', '9', '9', '9', '9', '9', '9', '6', '6', '6', '5', '5', '5']",[19],status,"The log message indicates a SocketTimeoutException, which is an abnormal condition indicating a timeout while waiting for a channel to be ready for read."
135082,"['7', '1', '1', '1', '2', '2', '2', '3', '4', '3', '4', '3', '4', '9', '8', '9', '10', '6', '6', '6', '5', '5', '15', '5']","[7, 1, 1, 1, 2, 2, 2, 3, 4, 3, 4, 3, 4, 9, 8, 9, 10, 6, 6, 6, 5, 5, 15, 5]",entity,"The test sequence deviates from the normal workflows as it includes additional steps such as 'Error deleting block' and 'deleting block file', which are not present in any of the normal example sequences. Additionally, the test sequence includes inconsistencies such as a successful verification after encountering an exception, which is not observed in the normal sequences."
135703,"['1', '7', '1', '1', '3', '4', '13', '2', '2', '2', '3', '4', '3', '4', '14', '1', '2', '12', '11', '5', '8', '6', '6', '6', '5', '5', '5']","[1, 7, 1, 1, 3, 4, 13, 2, 2, 2, 3, 4, 3, 4, 14, 1, 2, 12, 11, 5, 8, 6, 6, 6, 5, 5, 5]",entity,"The test sequence includes actions that are not present in any of the normal example sequences, such as 'BLOCK* asks datanode(s) to replicate', 'Starting thread to transfer block', and 'The sequence involves the transmission of a block followed by the reception of the same block'. These unique actions indicate an abnormal execution workflow."
135755,"['7', '1', '1', '1', '2', '2', '2', '17', '3', '4', '17', '3', '4', '17', '3', '4', '8', '6', '6', '6', '5', '5', '5']",[17],status,"The log message indicates a SocketTimeoutException which suggests a timeout while waiting for a channel to be ready for write, which is abnormal behavior."
135893,"['7', '1', '3', '4', '2', '1', '3', '4', '1', '3', '4', '2', '2', '8', '6', '6', '6', '5', '5', '5']","[7, 1, 3, 4, 2, 1, 3, 4, 1, 3, 4, 2, 2, 8, 6, 6, 6, 5, 5, 5]",entity,"The test sequence deviates from the normal execution workflows seen in the examples. In the normal examples, the sequences follow a specific order of processes, whereas the test sequence includes repeated actions and a different flow of processes compared to the normal examples."
136056,"['2', '7', '2', '2', '1', '3', '4', '1', '3', '4', '1', '3', '4', '8', '6', '6', '6', '5', '5', '5']","[2, 7, 2, 2, 1, 3, 4, 1, 3, 4, 1, 3, 4, 8, 6, 6, 6, 5, 5, 5]",entity,"The test sequence does not follow the typical pattern seen in the normal example sequences. The test sequence includes repeating the action of receiving block blk_ multiple times, which is not a common pattern in the normal sequences. Additionally, the test sequence does not include the NameSystem performing the task of adding a stored block in three consecutive steps as seen in the normal examples."
136315,"['7', '1', '1', '1', '2', '2', '3', '4', '3', '4', '2', '4', '3', '9', '9', '8', '6', '6', '6', '5', '5', '5']","[4, 3, 9, 9]",action,"The test sequence deviates from the normal flow examples as it starts with 'Receiving block blk_ from /' instead of 'PacketResponder for block blk_', which is the usual starting process in the normal examples. Additionally, the order of processes in the test sequence is different from the normal examples, indicating an abnormal execution flow."
136466,"['1', '7', '1', '1', '3', '4', '3', '4', '2', '2', '2', '3', '4', '9', '8', '9', '6', '6', '6', '5', '5', '10', '5']","[1, 7, 1, 1, 3, 4, 3, 4, 2, 2, 2, 3, 4, 9, 8, 9, 6, 6, 6, 5, 5, 10, 5]",entity,"The test sequence deviates from the normal execution workflows seen in the examples. In the normal examples, there is a consistent pattern of receiving blocks, initiating PacketResponders, adding stored blocks, and serving blocks, with occasional exceptions and deletions. However, the test sequence introduces new elements such as encountering exceptions while serving a block, repetitive deletion of blocks, and deletions of block files multiple times, which are not present in the normal examples. These deviations indicate an abnormal execution workflow."
136760,"['7', '1', '1', '1', '3', '4', '2', '2', '4', '2', '3', '4', '3', '10', '9', '8', '9', '6', '6', '6', '5', '5', '5']","[3, 4, 3, 10, 9]",action,"The test sequence includes a step of 'Successful verification for blk_' immediately after the second instance of 'PacketResponder for block blk_', which is not present in any of the normal example sequences. This deviation from the normal flow indicates an abnormal execution workflow."
137186,"['1', '7', '1', '17', '3', '4', '2', '2', '2', '17', '1', '3', '4', '17', '3', '4', '8', '6', '6', '6', '5', '5', '5']",[17],status,"The log message indicates a SocketTimeoutException which suggests a timeout while waiting for a channel to be ready for write, which is abnormal behavior."
137637,"['7', '1']","[7, 1]",entity,"The test sequence deviates from the normal flows as it does not follow the sequential pattern of handling and receiving blocks as seen in the normal example sequences. In the normal examples, there is a consistent flow of handling and receiving blocks in a specific order, but the test sequence only includes handling and receiving one block which is different from the expected pattern."
137970,"['1', '7', '1', '1', '17', '17', '3', '4', '2', '2', '2', '3', '4', '17', '3', '4', '8', '6', '6', '6', '5', '5', '5']","[17, 17]",status,"The log message indicates a SocketTimeoutException which suggests a timeout while waiting for a channel to be ready for write, which is abnormal behavior."
138175,"['1', '7', '1', '1', '3', '4', '2', '2', '3', '4', '3', '4', '2', '19', '10', '9', '9', '8', '6', '6', '6', '5', '5', '5']",[19],status,"The log message indicates a SocketTimeoutException, which is an abnormal condition indicating a timeout while waiting for a channel to be ready for read."
138294,"['1', '7', '1', '16']",[16],status,"The log message indicates an exception due to a socket timeout while waiting for a channel to be ready, which is not a normal execution process."
138504,"['7', '1', '1', '1', '2', '2', '2', '3', '4', '3', '4', '3', '4', '9', '9', '10', '8', '6', '6', '6', '5', '5', '5']","[3, 4, 3, 4, 3, 4, 9, 9, 10]",action,"The test sequence deviates from the normal sequences as the exception while serving a block should occur before successful verification, not after."
138670,"['7', '1', '1', '1', '3', '4', '2', '2', '2', '4', '3', '4', '3', '9', '9', '8', '6', '6', '6', '5', '5', '5']","[4, 3, 4, 3, 9, 9]",action,"The test sequence deviates from the normal execution workflows as seen in the examples. In the normal examples, the PacketResponder process for a block is always followed by receiving the block from a specific location. However, in the test sequence, the receiving and PacketResponder processes are interchanged, which is not consistent with the normal patterns."
139022,"['1', '7', '1', '1', '3', '4', '3', '4', '2', '19', '2', '2', '3', '4', '9', '8', '9', '6', '6', '6', '5', '5', '5']",[19],status,"The log message indicates a SocketTimeoutException, which is an abnormal condition indicating a timeout while waiting for a channel to be ready for read."
140015,"['7', '1', '1', '16']",[16],status,"The log message indicates an exception due to a socket timeout while waiting for a channel to be ready, which is not a normal execution process."
140348,"['7', '1', '1', '1', '3', '4', '3', '4', '2', '2', '2', '4', '3', '9', '8', '9', '6', '6', '6', '5', '5', '5']","[4, 3, 9]",action,"The test sequence has a different order of processes compared to the normal examples. In the normal examples, the PacketResponder process always comes before the Receiving block process, while in the test sequence, it is reversed. This suggests an abnormal execution workflow."
140556,"['7', '1', '1', '1', '3', '4', '4', '2', '2', '2', '4', '3', '3', '9', '9', '8', '6', '6', '6', '5', '5', '5']","[4, 3, 3, 9, 9]",action,The test sequence deviates from the normal flows examples as it starts with receiving a block before initiating the PacketResponder for the block. This is different from the normal sequences where the PacketResponder is initiated first before receiving the block.
141261,"['1', '1', '1', '7', '3', '4', '3', '4', '3', '4', '2', '2', '2', '6', '6', '6', '5', '5', '15', '5']","[1, 1, 1, 7, 3, 4, 3, 4, 3, 4, 2, 2, 2, 6, 6, 6, 5, 5, 15, 5]",entity,The test sequence includes an additional step of 'Error deleting block blk_' which is not present in any of the normal example sequences. This deviation indicates an abnormal execution workflow.
141910,"['1', '7', '1', '1', '3', '4', '3', '4', '3', '4', '14', '13', '2', '2', '2', '1', '11', '12', '2', '5', '8', '6', '6', '6', '5', '5', '5']","[1, 7, 1, 1, 3, 4, 3, 4, 3, 4, 14, 13, 2, 2, 2, 1, 11, 12, 2, 5, 8, 6, 6, 6, 5, 5, 5]",entity,"The test sequence includes actions such as 'Starting thread to transfer block' and 'BLOCK* asks datanode(s) to replicate', which are not present in any of the normal example sequences. These new actions indicate a departure from the expected normal flow, suggesting an abnormal execution workflow."
141939,"['1', '7', '1', '1', '3', '4', '2', '3', '4', '2', '2', '3', '4', '5', '6', '6', '6', '5', '5']","[1, 7, 1, 1, 3, 4, 2, 3, 4, 2, 2, 3, 4, 5, 6, 6, 6, 5, 5]",entity,"The test sequence includes actions that are not present in any of the normal example sequences, such as deleting a block file and repeating the action of deleting a block that was added to an invalid set more than three times. These deviations from the normal workflows indicate an abnormal execution flow."
142055,"['1', '7', '1', '1', '17', '3', '4', '17', '3', '4', '2', '2', '2', '17', '3', '4', '8', '6', '6', '6', '5', '5', '5']",[17],status,"The log message indicates a SocketTimeoutException which suggests a timeout while waiting for a channel to be ready for write, which is abnormal behavior."
142480,"['1', '7', '1', '1', '3', '4', '3', '4', '2', '2', '2', '3', '4', '5', '6', '6', '6', '5', '5']","[1, 7, 1, 1, 3, 4, 3, 4, 2, 2, 2, 3, 4, 5, 6, 6, 6, 5, 5]",entity,"The test sequence deviates from the normal execution workflows as seen in the example sequences. In the test sequence, there are inconsistencies such as receiving block blk_ from an unknown source, initiating PacketResponders multiple times for the same block, and deleting a block file twice. These deviations indicate an abnormal execution workflow."
142886,"['1', '1', '3', '4', '7', '1', '3', '4', '2', '2', '2', '3', '4', '8', '6', '6', '6', '5', '5', '5']","[1, 1, 3, 4, 7, 1, 3, 4, 2, 2, 2, 3, 4, 8, 6, 6, 6, 5, 5, 5]",entity,"The test sequence is abnormal because the order of processes is different from the normal examples. In the normal examples, the sequence starts with receiving block blk_, followed by NameSystem allocateBlock, but in the test sequence, these two processes are switched. Additionally, the test sequence includes multiple repetitions of initiating PacketResponder for block blk_ and receiving block blk_ from an unknown source, which is not present in the normal examples."
143035,"['1', '3', '4', '1', '1', '3', '4', '2', '7', '3', '4', '2', '2', '8', '6', '6', '6', '5', '5', '5']","[1, 3, 4, 1, 1, 3, 4, 2, 7, 3, 4, 2, 2, 8, 6, 6, 6, 5, 5, 5]",entity,"The test sequence does not follow the same pattern as the normal example sequences. In the normal sequences, the actions are performed in a specific order, starting with receiving blocks, initiating PacketResponders, adding stored blocks, and then serving/deleting blocks. However, in the test sequence, the order of actions is different, with the addition of a block before the allocation of a block, which is inconsistent with the normal sequences."
143194,"['1', '1', '1', '7', '17', '3', '4', '17', '3', '4', '17', '3', '4', '2', '2', '2', '8', '6', '6', '6', '5', '5', '5']",[17],status,"The log message indicates a SocketTimeoutException which suggests a timeout while waiting for a channel to be ready for write, which is abnormal behavior."
143224,"['1', '1', '1', '7', '17', '3', '4', '17', '3', '4', '17', '3', '4', '2', '2', '2', '8', '6', '6', '6', '5', '5', '5']",[17],status,"The log message indicates a SocketTimeoutException which suggests a timeout while waiting for a channel to be ready for write, which is abnormal behavior."
143689,"['7', '1', '1', '1', '17', '3', '4', '17', '3', '4', '2', '2', '2', '17', '3', '4', '6', '6', '6', '5', '5', '5']",[17],status,"The log message indicates a SocketTimeoutException which suggests a timeout while waiting for a channel to be ready for write, which is abnormal behavior."
143886,"['1', '3', '4', '1', '1', '3', '4', '7', '3', '4', '2', '2', '2', '8', '6', '6', '6', '5', '5', '5']","[1, 3, 4, 1, 1, 3, 4, 7, 3, 4, 2, 2, 2, 8, 6, 6, 6, 5, 5, 5]",entity,"The test sequence includes multiple instances of initiating a PacketResponder for block blk_ followed by receiving block blk_ from an unknown source, which is not a typical pattern seen in the normal example sequences. Additionally, the order of actions in the test sequence differs from the sequential pattern observed in the normal examples."
143940,"['1', '7', '3', '4', '1', '3', '4', '2', '2', '2', '1', '3', '4', '8', '6', '6', '6', '5', '5', '5']","[1, 7, 3, 4, 1, 3, 4, 2, 2, 2, 1, 3, 4, 8, 6, 6, 6, 5, 5, 5]",entity,"The test sequence deviates from the normal execution workflows as seen in the examples. In the normal examples, there is a clear and consistent pattern of receiving blocks, initiating PacketResponders, adding stored blocks, serving blocks, and deleting blocks. However, in the test sequence, the order of actions is jumbled, with multiple repetitions of receiving blocks and initiating PacketResponders without a clear sequential pattern. This inconsistency in the workflow indicates an abnormal execution flow."
144174,"['1', '3', '4', '1', '3', '4', '1', '7', '3', '4', '2', '2', '2', '8', '6', '6', '6', '5', '5', '5']","[1, 3, 4, 1, 3, 4, 1, 7, 3, 4, 2, 2, 2, 8, 6, 6, 6, 5, 5, 5]",entity,"The test sequence does not follow the typical pattern observed in the normal example sequences. In the normal examples, there is a clear sequence of actions involving receiving blocks, initiating PacketResponders, adding stored blocks, serving blocks, and deleting blocks. However, the test sequence shows a repetitive pattern of initiating PacketResponders and receiving blocks without following the expected sequence of actions. This deviation from the norm indicates an abnormal execution workflow."
144229,"['1', '3', '4', '1', '3', '4', '1', '3', '4', '2', '2', '2', '7', '8', '6', '6', '6', '5', '5', '5']","[1, 3, 4, 1, 3, 4, 1, 3, 4, 2, 2, 2, 7, 8, 6, 6, 6, 5, 5, 5]",entity,"The test sequence does not follow the typical execution flow seen in the normal examples. In the normal examples, there is a consistent pattern of receiving blocks, initiating PacketResponders, adding stored blocks, serving blocks, and deleting blocks. However, in the test sequence, there are multiple instances of receiving blocks followed by PacketResponder actions without the expected pattern of adding stored blocks or serving blocks. This deviation from the normal flow indicates an abnormal execution workflow."
144375,"['1', '1', '7', '1', '3', '4', '3', '4', '2', '2', '3', '4', '2', '8', '8', '10', '13', '14', '1', '11', '12', '2', '2', '5', '13', '1', '14', '12', '11', '2', '2', '5', '8', '8', '6', '6', '6', '5', '5', '5']","[1, 1, 7, 1, 3, 4, 3, 4, 2, 2, 3, 4, 2, 8, 8, 10, 13, 14, 1, 11, 12, 2, 2, 5, 13, 1, 14, 12, 11, 2, 2, 5, 8, 8, 6, 6, 6, 5, 5, 5]",entity,"The test sequence includes several inconsistencies compared to the normal example sequences. For example, the test sequence involves receiving a block from an unknown source, which is not present in the normal sequences. Additionally, the test sequence lacks the repetitive pattern of actions seen in the normal examples, such as the sequential addition of stored blocks in the NameSystem and the repeated deletion of blocks added to an invalid set. These deviations suggest that the test sequence represents an abnormal execution workflow."
144660,"['1', '7', '1', '1', '3', '4', '3', '4', '2', '2', '3', '4', '2', '10', '8', '9', '8', '13', '14', '1', '12', '11', '2', '2', '5', '13', '1', '14', '11', '12', '2', '2', '5', '8', '9', '8', '6', '6', '6', '5', '5', '5']","[1, 7, 1, 1, 3, 4, 3, 4, 2, 2, 3, 4, 2, 10, 8, 9, 8, 13, 14, 1, 12, 11, 2, 2, 5, 13, 1, 14, 11, 12, 2, 2, 5, 8, 9, 8, 6, 6, 6, 5, 5, 5]",entity,"The test sequence deviates significantly from the patterns observed in the normal example sequences. It includes actions such as successful verification for blk_, BLOCK* asking datanode(s) to replicate, and starting threads to transfer blocks, which are not present in the normal sequences. Additionally, the sequence involves a mix of actions that do not align with the consistent patterns seen in the normal examples, indicating an abnormal execution workflow."
144804,"['1', '7', '1', '1', '3', '4', '2', '2', '3', '4', '3', '4', '2', '8', '8', '9', '13', '14', '1', '11', '2', '12', '2', '5', '13', '14', '1', '12', '11', '2', '2', '5', '8', '9', '8', '6', '6', '6', '5', '5', '5']","[1, 7, 1, 1, 3, 4, 2, 2, 3, 4, 3, 4, 2, 8, 8, 9, 13, 14, 1, 11, 2, 12, 2, 5, 13, 14, 1, 12, 11, 2, 2, 5, 8, 9, 8, 6, 6, 6, 5, 5, 5]",entity,"The test sequence includes several inconsistencies compared to the normal example sequences. For instance, in the normal examples, the actions of initiating PacketResponder and receiving blocks are alternated, whereas in the test sequence, these actions are not consistent. Additionally, the test sequence includes actions such as BLOCK* asking datanode(s) to replicate and starting a thread to transfer block, which are not present in the normal examples. Moreover, the test sequence lacks the repetitive patterns of exceptions and block deletions observed in the normal examples."
144976,"['1', '1', '7', '1', '3', '4', '3', '4', '2', '3', '4', '2', '2', '10', '8', '9', '8', '8', '9', '8', '6', '6', '6', '5', '5', '5']","[1, 1, 7, 1, 3, 4, 3, 4, 2, 3, 4, 2, 2, 10, 8, 9, 8, 8, 9, 8, 6, 6, 6, 5, 5, 5]",entity,"The test sequence deviates from the normal execution workflows seen in the example sequences. It includes multiple instances of encountering exceptions while serving blocks, which is not a common behavior in the normal sequences. Additionally, the repetitive action of deleting a block added to an invalid set three times in a sequential manner is also not observed in the normal examples."
145045,"['1', '1', '1', '7', '3', '4', '3', '4', '3', '4', '2', '2', '2', '8', '9', '8', '10', '8', '9', '8', '6', '6', '6', '5', '5', '5']","[1, 1, 1, 7, 3, 4, 3, 4, 3, 4, 2, 2, 2, 8, 9, 8, 10, 8, 9, 8, 6, 6, 6, 5, 5, 5]",entity,"The test sequence includes an abnormal pattern where the system encounters multiple exceptions while serving blocks, which is not present in any of the normal example sequences. Additionally, the test sequence involves serving the same block multiple times consecutively, which deviates from the normal flow observed in the example sequences."
145136,"['1', '7', '1', '16']",[16],status,"The log message indicates an exception due to a socket timeout while waiting for a channel to be ready, which is not a normal execution process."
145380,"['1', '1', '1', '7', '3', '4', '3', '4', '2', '2', '3', '4', '2', '8', '9', '8', '10', '8', '9', '8', '6', '6', '6', '5', '5', '5']","[1, 1, 1, 7, 3, 4, 3, 4, 2, 2, 3, 4, 2, 8, 9, 8, 10, 8, 9, 8, 6, 6, 6, 5, 5, 5]",entity,The test sequence deviates from the normal execution workflows seen in the examples by having multiple repetitions of serving blocks to / followed by exceptions while serving blocks. This abnormal pattern indicates a deviation from the expected flow.
145632,"['1', '7', '1', '1', '3', '4', '3', '4', '2', '2', '2', '3', '4', '8', '8', '9', '10', '13', '1', '14', '12', '11', '2', '2', '5', '13', '1', '14', '12', '11', '2', '2', '5', '8', '8', '9', '6', '6', '6', '5', '5', '5']","[1, 7, 1, 1, 3, 4, 3, 4, 2, 2, 2, 3, 4, 8, 8, 9, 10, 13, 1, 14, 12, 11, 2, 2, 5, 13, 1, 14, 12, 11, 2, 2, 5, 8, 8, 9, 6, 6, 6, 5, 5, 5]",entity,"The test sequence exhibits a different pattern compared to the normal example sequences. In the test sequence, there are inconsistencies in the sequence of actions, such as receiving block blk_ from an unknown source instead of a specified source, and the alternating pattern of initiating PacketResponders and receiving blocks is not maintained consistently. Additionally, the test sequence includes actions like transmitting and receiving the same block multiple times in a row, which is not present in the normal example sequences."
145662,"['1', '1', '1', '7', '3', '4', '3', '4', '3', '4', '2', '2', '2', '8', '9', '8', '10', '8', '9', '8', '6', '6', '6', '5', '5', '5']","[1, 1, 1, 7, 3, 4, 3, 4, 3, 4, 2, 2, 2, 8, 9, 8, 10, 8, 9, 8, 6, 6, 6, 5, 5, 5]",entity,"The test sequence includes an abnormal pattern where the system encounters multiple exceptions while serving blocks, which is not present in any of the normal example sequences. Additionally, the test sequence involves serving the same block multiple times consecutively, which deviates from the normal flow observed in the example sequences."
145709,"['1', '1', '7', '1', '3', '4', '2', '2', '3', '4', '2', '3', '4', '8', '9', '8', '10', '8', '8', '9', '6', '6', '6', '5', '5', '5']","[1, 1, 7, 1, 3, 4, 2, 2, 3, 4, 2, 3, 4, 8, 9, 8, 10, 8, 8, 9, 6, 6, 6, 5, 5, 5]",entity,"The test sequence includes multiple instances of initiating PacketResponders and receiving blocks from unknown sources in a repetitive manner, which is not observed in the normal example sequences. Additionally, encountering exceptions while serving a block and deleting a block added to an invalid set three times sequentially are also unusual actions compared to the normal sequences."
145838,"['1', '1', '7', '1', '3', '4', '2', '3', '4', '2', '3', '4', '2', '8', '8', '9', '8', '8', '9', '6', '6', '6', '5', '5', '5']","[1, 1, 7, 1, 3, 4, 2, 3, 4, 2, 3, 4, 2, 8, 8, 9, 8, 8, 9, 6, 6, 6, 5, 5, 5]",entity,"The test sequence deviates from the normal execution workflows observed in the examples. In the normal sequences, there is a pattern of receiving blocks, initiating PacketResponders, adding stored blocks, serving blocks, and encountering exceptions. However, in the test sequence, there are multiple repetitions of initiating PacketResponders and receiving blocks from an unknown source, which is not consistent with the normal sequences."
145845,"['1', '7', '1', '1', '3', '4', '3', '4', '3', '4', '2', '2', '2', '8', '9', '8', '10', '8', '9', '8', '6', '6', '6', '5', '5', '5']","[1, 7, 1, 1, 3, 4, 3, 4, 3, 4, 2, 2, 2, 8, 9, 8, 10, 8, 9, 8, 6, 6, 6, 5, 5, 5]",entity,"The test sequence includes a mixture of both normal and abnormal actions, such as encountering exceptions while serving a block, successful verifications, and deleting blocks added to an invalid set. This combination of actions deviates from the typical sequential pattern observed in the normal example sequences, indicating an abnormal execution workflow."
145899,"['7', '1', '1', '1', '3', '4', '2', '2', '2', '3', '4', '3', '4', '8', '9', '8', '13', '1', '14', '12', '11', '2', '2', '5', '13', '14', '1', '12', '11', '2', '2', '5', '8', '9', '8', '6', '6', '6', '5', '5', '5']","[7, 1, 1, 1, 3, 4, 2, 2, 2, 3, 4, 3, 4, 8, 9, 8, 13, 1, 14, 12, 11, 2, 2, 5, 13, 14, 1, 12, 11, 2, 2, 5, 8, 9, 8, 6, 6, 6, 5, 5, 5]",entity,"The test sequence includes multiple inconsistencies and deviations from the normal example sequences. For example, the test sequence involves receiving blocks from unknown sources, alternating between initiating PacketResponders and receiving blocks in an irregular pattern, and executing tasks out of order. Additionally, the test sequence includes actions such as BLOCK* asking datanode(s) to replicate, starting threads to transfer blocks, and transmitting blocks without a clear context or connection to the overall workflow. These deviations suggest an abnormal execution workflow compared to the normal example sequences."
146075,"['1', '7', '1', '1', '3', '4', '3', '4', '2', '2', '2', '3', '4', '8', '8', '9', '13', '14', '1', '12', '11', '2', '2', '5', '13', '14', '1', '12', '11', '2', '2', '5', '8', '9', '8', '6', '6', '6', '5', '5', '5']","[1, 7, 1, 1, 3, 4, 3, 4, 2, 2, 2, 3, 4, 8, 8, 9, 13, 14, 1, 12, 11, 2, 2, 5, 13, 14, 1, 12, 11, 2, 2, 5, 8, 9, 8, 6, 6, 6, 5, 5, 5]",entity,"The test sequence includes a mixture of actions that do not align with the normal execution workflows observed in the example sequences. Specifically, the test sequence includes a combination of serving blocks, adding stored blocks, starting thread transfers, and deleting block files in a manner that deviates from the consistent patterns seen in the normal sequences. Additionally, the presence of actions such as BLOCK* asking datanode(s) to replicate and exceptions while serving blocks further indicate an abnormal execution flow in the test sequence."
146420,"['1', '1', '1', '7', '3', '4', '3', '4', '3', '4', '2', '2', '2', '8', '9', '8', '10', '8', '9', '8', '6', '6', '6', '5', '5', '5']","[1, 1, 1, 7, 3, 4, 3, 4, 3, 4, 2, 2, 2, 8, 9, 8, 10, 8, 9, 8, 6, 6, 6, 5, 5, 5]",entity,"The test sequence includes an abnormal pattern where the system encounters multiple exceptions while serving blocks, which is not present in any of the normal example sequences. Additionally, the test sequence involves serving the same block multiple times consecutively, which deviates from the normal flow observed in the example sequences."
146721,"['1', '7', '1', '1', '3', '4', '3', '4', '2', '2', '2', '3', '4', '8', '8', '9', '13', '1', '14', '12', '11', '2', '2', '5', '13', '1', '14', '11', '12', '2', '2', '5', '8', '8', '9', '10', '6', '6', '6', '5', '5', '5']","[1, 7, 1, 1, 3, 4, 3, 4, 2, 2, 2, 3, 4, 8, 8, 9, 13, 1, 14, 12, 11, 2, 2, 5, 13, 1, 14, 11, 12, 2, 2, 5, 8, 8, 9, 10, 6, 6, 6, 5, 5, 5]",entity,"The test sequence contains several inconsistencies and deviations from the normal execution workflows. For example, the test sequence involves initiating a PacketResponder for block blk_ multiple times without a clear pattern, receiving blocks from unknown sources, and encountering exceptions while serving blocks in an unusual manner. These deviations from the normal examples indicate an abnormal execution workflow."
147456,"['7', '1', '1', '1', '3', '4', '3', '4', '2', '4', '2', '2', '3', '8', '8', '9', '10', '8', '9', '8', '6', '6', '6', '5', '5', '5']","[7, 1, 1, 1, 3, 4, 3, 4, 2, 4, 2, 2, 3, 8, 8, 9, 10, 8, 9, 8, 6, 6, 6, 5, 5, 5]",entity,"The test sequence includes a mixture of actions that do not follow the usual flow observed in the normal examples. In the test sequence, the order of actions is not consistent with the typical pattern of alternating between initiating PacketResponders and receiving blocks, as seen in the normal examples. Additionally, the presence of actions such as NameSystem adding stored block, Receiving block blk_ from /, and 50010 serving block to /, which are not part of the typical flow in the normal examples, further indicates an abnormal execution workflow."
147981,"['1', '7']","[1, 7]",entity,"The test sequence is abnormal because it starts with 'receiving block blk_' instead of the typical starting point 'NameSystem allocateBlock'. Additionally, the order of processes in the test sequence is different from the normal example sequences provided."
148018,"['1', '1', '1', '7', '3', '4', '3', '4', '3', '4', '2', '2', '19', '2', '8', '9', '8', '9', '8', '8', '6', '6', '6', '5', '5', '5']",[19],status,"The log message indicates a SocketTimeoutException, which is an abnormal condition indicating a timeout while waiting for a channel to be ready for read."
148347,"['1', '7', '1', '1', '3', '4', '3', '4', '3', '4', '2', '2', '2', '10', '8', '9', '8', '10', '8', '9', '8', '6', '6', '6', '5', '5', '5']","[1, 7, 1, 1, 3, 4, 3, 4, 3, 4, 2, 2, 2, 10, 8, 9, 8, 10, 8, 9, 8, 6, 6, 6, 5, 5, 5]",entity,"The test sequence includes a mix of actions that are not consistent with the normal example sequences provided. For example, the test sequence involves serving blocks to a specific location (50010) multiple times, which is not seen in the normal examples. Additionally, the test sequence includes exceptions while serving blocks, which do not align with the normal execution flow observed in the examples."
148727,"['1', '7', '1', '1', '3', '4', '3', '4', '3', '4', '2', '2', '2', '8', '9', '8', '8', '8', '9', '6', '6', '6', '5', '5', '5', '15']","[1, 7, 1, 1, 3, 4, 3, 4, 3, 4, 2, 2, 2, 8, 9, 8, 8, 8, 9, 6, 6, 6, 5, 5, 5, 15]",entity,"The test sequence deviates from the normal execution workflows in the following ways: 1. The system serves a block to the root directory three times consecutively, which is not observed in the normal examples. 2. The test sequence encounters an exception while serving a block, which is not part of the normal flow. 3. The repetitive action of deleting a block added to an invalid set three times sequentially is also not present in the normal examples."
148849,"['1', '7', '1', '1', '3', '4', '3', '4', '3', '4', '2', '2', '2', '8', '9', '8', '10', '8', '9', '8', '6', '6', '6', '5', '5', '5']","[1, 7, 1, 1, 3, 4, 3, 4, 3, 4, 2, 2, 2, 8, 9, 8, 10, 8, 9, 8, 6, 6, 6, 5, 5, 5]",entity,"The test sequence includes a mixture of both normal and abnormal actions, such as encountering exceptions while serving a block, successful verifications, and deleting blocks added to an invalid set. This combination of actions deviates from the typical sequential pattern observed in the normal example sequences, indicating an abnormal execution workflow."
149085,"['1', '1', '7', '1', '3', '4', '3', '4', '2', '2', '2', '3', '4', '8', '8', '9', '13', '14', '1', '12', '11', '2', '2', '5', '13', '1', '14', '12', '11', '2', '2', '5', '8', '8', '9', '6', '6', '6', '5', '5', '5']","[1, 1, 7, 1, 3, 4, 3, 4, 2, 2, 2, 3, 4, 8, 8, 9, 13, 14, 1, 12, 11, 2, 2, 5, 13, 1, 14, 12, 11, 2, 2, 5, 8, 8, 9, 6, 6, 6, 5, 5, 5]",entity,"The test sequence deviates from the normal flows execution workflows seen in the examples. In the test sequence, there is a mix of actions that are not present in any of the normal examples, such as 'BLOCK* asks datanode(s) to replicate', 'Starting thread to transfer block', and 'The sequence involves the transmission of a block followed by the reception of the same block'. Additionally, the test sequence includes actions like 'deleting block file' and 'The system executed a series of operations where a block file was deleted in three consecutive steps' which are not part of any normal example. These deviations indicate an abnormal execution workflow."
150314,"['1', '1', '7', '1', '3', '4', '3', '4', '2', '3', '4', '2', '2', '19', '8', '9', '8', '10', '9', '8', '8', '6', '6', '6', '5', '5', '5']",[19],status,"The log message indicates a SocketTimeoutException, which is an abnormal condition indicating a timeout while waiting for a channel to be ready for read."
150544,"['1', '1', '7', '1', '3', '4', '3', '4', '3', '4', '2', '2', '2', '8', '9', '8', '10', '8', '9', '8', '6', '6', '6', '5', '5', '5']","[1, 1, 7, 1, 3, 4, 3, 4, 3, 4, 2, 2, 2, 8, 9, 8, 10, 8, 9, 8, 6, 6, 6, 5, 5, 5]",entity,The test sequence deviates from the normal examples by encountering multiple exceptions while serving blocks and adding blocks to an invalid set. This abnormal behavior is not present in the normal example sequences.
150680,"['7', '1', '1', '1', '3', '4', '2', '2', '2', '3', '4', '3', '4', '8', '9', '8', '10', '13', '14', '1', '11', '12', '2', '2', '5', '13', '14', '1', '12', '11', '2', '2', '5', '8', '9', '6', '6', '6', '5', '5', '5']","[7, 1, 1, 1, 3, 4, 2, 2, 2, 3, 4, 3, 4, 8, 9, 8, 10, 13, 14, 1, 11, 12, 2, 2, 5, 13, 14, 1, 12, 11, 2, 2, 5, 8, 9, 6, 6, 6, 5, 5, 5]",entity,LLM FAILED
150710,"['7', '1', '1', '1', '3', '4', '3', '4', '3', '4', '2', '2', '19', '2', '8', '9', '8', '8', '9', '8', '6', '6', '6', '5', '5', '5']",[19],status,"The log message indicates a SocketTimeoutException, which is an abnormal condition indicating a timeout while waiting for a channel to be ready for read."
150753,"['1', '1', '7', '1', '3', '4', '3', '4', '3', '4', '2', '2', '19', '2', '8', '9', '8', '8', '9', '8', '6', '6', '6', '5', '5', '5']",[19],status,"The log message indicates a SocketTimeoutException, which is an abnormal condition indicating a timeout while waiting for a channel to be ready for read."
150812,"['1', '1', '1', '7', '3', '4', '3', '4', '3', '4', '2', '2', '2', '8', '9', '8', '10', '8', '9', '8', '6', '6', '6', '5', '5', '5']","[1, 1, 1, 7, 3, 4, 3, 4, 3, 4, 2, 2, 2, 8, 9, 8, 10, 8, 9, 8, 6, 6, 6, 5, 5, 5]",entity,"The test sequence includes an abnormal pattern where the system encounters multiple exceptions while serving blocks, which is not present in any of the normal example sequences. Additionally, the test sequence involves serving the same block multiple times consecutively, which deviates from the normal flow observed in the example sequences."
151037,"['1', '1', '1', '7', '3', '4', '3', '4', '3', '4', '2', '2', '2', '8', '8', '8', '8', '6', '6', '6', '5', '5', '5', '15']","[1, 1, 1, 7, 3, 4, 3, 4, 3, 4, 2, 2, 2, 8, 8, 8, 8, 6, 6, 6, 5, 5, 5, 15]",entity,The test sequence deviates from the normal execution workflows as indicated by the presence of an error while deleting a block (Error deleting block blk_). This abnormality is not present in any of the normal example sequences.
151210,"['1', '7', '1', '1', '3', '4', '2', '3', '4', '3', '4', '2', '2', '10', '8', '9', '8', '8', '9', '8', '6', '6', '6', '5', '5', '5']","[1, 7, 1, 1, 3, 4, 2, 3, 4, 3, 4, 2, 2, 10, 8, 9, 8, 8, 9, 8, 6, 6, 6, 5, 5, 5]",entity,"The test sequence includes an additional action of serving a block to / followed by an exception while serving a block, which is not present in any of the normal example sequences. This deviation from the normal flow indicates an abnormal execution workflow."
151216,"['1', '1', '1', '7', '3', '4', '3', '4', '3', '4', '2', '2', '2', '8', '9', '8', '10', '8', '9', '8', '6', '6', '6', '5', '5', '5']","[1, 1, 1, 7, 3, 4, 3, 4, 3, 4, 2, 2, 2, 8, 9, 8, 10, 8, 9, 8, 6, 6, 6, 5, 5, 5]",entity,"The test sequence includes an abnormal pattern where the system encounters multiple exceptions while serving blocks, which is not present in any of the normal example sequences. Additionally, the test sequence involves serving the same block multiple times consecutively, which deviates from the normal flow observed in the example sequences."
151340,"['1', '7', '1', '1', '3', '4', '3', '4', '3', '4', '2', '2', '2', '8', '9', '8', '10', '8', '9', '8', '6', '6', '6', '5', '5', '5']","[1, 7, 1, 1, 3, 4, 3, 4, 3, 4, 2, 2, 2, 8, 9, 8, 10, 8, 9, 8, 6, 6, 6, 5, 5, 5]",entity,"The test sequence includes a mixture of both normal and abnormal actions, such as encountering exceptions while serving a block, successful verifications, and deleting blocks added to an invalid set. This combination of actions deviates from the typical sequential pattern observed in the normal example sequences, indicating an abnormal execution workflow."
151486,"['1', '1', '7', '1', '2', '3', '4', '3', '4', '3', '4', '2', '2', '8', '9', '8', '8', '9', '8', '6', '6', '6', '5', '5', '5']","[1, 1, 7, 1, 2, 3, 4, 3, 4, 3, 4, 2, 2, 8, 9, 8, 8, 9, 8, 6, 6, 6, 5, 5, 5]",entity,The test sequence includes an additional step of '50010 serving block to /' that is not present in any of the normal example sequences. This deviation indicates an abnormal flow in the execution workflow.
151552,"['1', '7', '1', '1', '3', '4', '2', '3', '4', '2', '2', '3', '4', '8', '8', '9', '13', '14', '1', '12', '11', '2', '2', '5', '13', '14', '1', '12', '11', '2', '2', '5', '8', '8', '9', '6', '6', '6', '5', '5', '5']","[1, 7, 1, 1, 3, 4, 2, 3, 4, 2, 2, 3, 4, 8, 8, 9, 13, 14, 1, 12, 11, 2, 2, 5, 13, 14, 1, 12, 11, 2, 2, 5, 8, 8, 9, 6, 6, 6, 5, 5, 5]",entity,"The test sequence deviates significantly from the normal execution workflows in the given examples. The test sequence includes actions that are not present in any of the normal example sequences, such as 'BLOCK* asks datanode(s) to replicate', 'Starting thread to transfer block', and repetitive actions of adding and deleting blocks in a manner not seen in the normal examples. Additionally, the sequence lacks the repetition and consistency observed in the normal examples, making it an abnormal execution workflow."
151638,"['7', '1', '1', '1', '3', '4', '3', '4', '2', '3', '4', '2', '2', '8', '9', '8', '10', '8', '9', '8', '6', '6', '6', '5', '5', '5']","[7, 1, 1, 1, 3, 4, 3, 4, 2, 3, 4, 2, 2, 8, 9, 8, 10, 8, 9, 8, 6, 6, 6, 5, 5, 5]",entity,"The test sequence includes a mix of actions that are not coherent with the normal execution workflows. For example, the test sequence involves alternating between initiating PacketResponders and receiving blocks, which is not consistent with the patterns seen in the normal examples. Additionally, the repetition of actions such as adding stored blocks and serving blocks to / followed by encountering exceptions and deleting blocks in an invalid set is not aligned with the typical flow observed in the normal examples."
151810,"['7', '1', '1', '1', '3', '4', '3', '4', '3', '4', '13', '2', '2', '2', '14', '1', '11', '12', '2', '5', '9', '8', '9', '6', '6', '6', '5', '5', '5']","[7, 1, 1, 1, 3, 4, 3, 4, 3, 4, 13, 2, 2, 2, 14, 1, 11, 12, 2, 5, 9, 8, 9, 6, 6, 6, 5, 5, 5]",entity,"The test sequence includes additional processes that are not present in any of the normal example sequences provided. Specifically, the processes 'BLOCK* asks datanode(s) to replicate', 'Starting thread to transfer block', and 'deleting block file' are not part of the normal sequences. This deviation from the expected workflow indicates an abnormal execution pattern."
151871,"['1', '1', '1', '7', '3', '4', '3', '4', '3', '4', '2', '2', '2', '8', '9', '8', '10', '8', '9', '8', '6', '6', '6', '5', '5', '5']","[1, 1, 1, 7, 3, 4, 3, 4, 3, 4, 2, 2, 2, 8, 9, 8, 10, 8, 9, 8, 6, 6, 6, 5, 5, 5]",entity,"The test sequence includes an abnormal pattern where the system encounters multiple exceptions while serving blocks, which is not present in any of the normal example sequences. Additionally, the test sequence involves serving the same block multiple times consecutively, which deviates from the normal flow observed in the example sequences."
151930,"['1', '7', '1', '1', '3', '4', '3', '4', '2', '2', '2', '3', '4', '8', '8', '9', '13', '1', '14', '12', '11', '2', '2', '5', '13', '1', '14', '11', '12', '2', '10', '2', '5', '8', '8', '9', '6', '6', '6', '5', '5', '5']","[1, 7, 1, 1, 3, 4, 3, 4, 2, 2, 2, 3, 4, 8, 8, 9, 13, 1, 14, 12, 11, 2, 2, 5, 13, 1, 14, 11, 12, 2, 10, 2, 5, 8, 8, 9, 6, 6, 6, 5, 5, 5]",entity,"The test sequence includes multiple actions that are not present in any of the normal example sequences, such as BLOCK* asking datanode(s) to replicate, starting a thread to transfer a block, and deleting block files. These actions indicate a deviation from the expected normal execution workflows."
152230,"['1', '7', '1', '1', '3', '4', '3', '4', '2', '2', '3', '4', '2', '8', '9', '8', '13', '14', '1', '11', '12', '2', '2', '5', '13', '1', '14', '12', '11', '2', '2', '5', '8', '9', '8', '6', '6', '6', '5', '5', '5']","[1, 7, 1, 1, 3, 4, 3, 4, 2, 2, 3, 4, 2, 8, 9, 8, 13, 14, 1, 11, 12, 2, 2, 5, 13, 1, 14, 12, 11, 2, 2, 5, 8, 9, 8, 6, 6, 6, 5, 5, 5]",entity,"The test sequence deviates from the normal execution workflows seen in the examples. The test sequence includes several inconsistencies such as the order of actions, the repetition of certain steps, and the presence of actions not observed in the normal sequences. These deviations indicate an abnormal execution workflow."
152287,"['1', '7', '1', '1', '3', '4', '3', '4', '3', '4', '2', '2', '2', '8', '9', '8', '10', '8', '9', '8', '6', '6', '6', '5', '5', '5']","[1, 7, 1, 1, 3, 4, 3, 4, 3, 4, 2, 2, 2, 8, 9, 8, 10, 8, 9, 8, 6, 6, 6, 5, 5, 5]",entity,"The test sequence includes a mixture of both normal and abnormal actions, such as encountering exceptions while serving a block, successful verifications, and deleting blocks added to an invalid set. This combination of actions deviates from the typical sequential pattern observed in the normal example sequences, indicating an abnormal execution workflow."
152405,"['7', '1', '1', '1', '3', '4', '3', '4', '2', '2', '2', '3', '4', '8', '9', '8', '13', '1', '14', '12', '11', '2', '2', '5', '13', '1', '14', '11', '12', '2', '2', '5', '8', '8', '9', '6', '6', '6', '5', '5', '5']","[7, 1, 1, 1, 3, 4, 3, 4, 2, 2, 2, 3, 4, 8, 9, 8, 13, 1, 14, 12, 11, 2, 2, 5, 13, 1, 14, 11, 12, 2, 2, 5, 8, 8, 9, 6, 6, 6, 5, 5, 5]",entity,"The test sequence deviates from the normal flows as it includes actions such as BLOCK* asking datanode(s) to replicate, starting thread to transfer block, and the transmission and reception of the same block multiple times. Additionally, the test sequence does not follow the pattern of alternating between initiating PacketResponders and receiving blocks as seen in the normal examples."
152654,"['1', '7']","[1, 7]",entity,"The test sequence is abnormal because it starts with 'receiving block blk_' instead of the typical starting point 'NameSystem allocateBlock'. Additionally, the order of processes in the test sequence is different from the normal example sequences provided."
152844,"['1', '7', '1', '1', '3', '4', '3', '4', '2', '3', '4', '2', '2', '10', '8', '9', '8', '8', '9', '8', '6', '6', '6', '5', '5', '5']","[1, 7, 1, 1, 3, 4, 3, 4, 2, 3, 4, 2, 2, 10, 8, 9, 8, 8, 9, 8, 6, 6, 6, 5, 5, 5]",entity,"The test sequence deviates from the normal execution workflows observed in the examples. In the normal examples, there is a clear pattern of actions such as receiving blocks, initiating PacketResponders, adding stored blocks, and serving blocks. However, in the test sequence, the actions are not consistent with the patterns observed in the normal examples. Additionally, the test sequence includes actions that were not present in any of the normal examples, such as receiving blocks from an unknown source and serving blocks to a specific location multiple times."
152915,"['1', '1', '7', '1', '2', '3', '4', '3', '4', '3', '4', '2', '2', '8', '9', '8', '8', '9', '8', '6', '6', '6', '5', '5', '5']","[1, 1, 7, 1, 2, 3, 4, 3, 4, 3, 4, 2, 2, 8, 9, 8, 8, 9, 8, 6, 6, 6, 5, 5, 5]",entity,The test sequence includes an additional step of '50010 serving block to /' that is not present in any of the normal example sequences. This deviation indicates an abnormal flow in the execution workflow.
152921,"['1', '1', '7', '1', '3', '4', '2', '3', '4', '2', '2', '3', '4', '9', '8', '14', '13', '1', '12', '11', '2', '2', '5', '13', '1', '14', '11', '12', '2', '2', '5', '9', '6', '6', '6', '5', '5', '5']","[1, 1, 7, 1, 3, 4, 2, 3, 4, 2, 2, 3, 4, 9, 8, 14, 13, 1, 12, 11, 2, 2, 5, 13, 1, 14, 11, 12, 2, 2, 5, 9, 6, 6, 6, 5, 5, 5]",entity,"The test sequence includes multiple occurrences of exceptions while serving blocks, which is not present in any of the normal example sequences. Additionally, the repetitive action of deleting a block added to an invalid set three times sequentially is also not observed in the normal example sequences."
153022,"['1', '1', '7', '1', '3', '4', '3', '4', '3', '4', '2', '2', '2', '8', '9', '8', '10', '8', '9', '8', '6', '6', '6', '5', '5', '5']","[1, 1, 7, 1, 3, 4, 3, 4, 3, 4, 2, 2, 2, 8, 9, 8, 10, 8, 9, 8, 6, 6, 6, 5, 5, 5]",entity,The test sequence deviates from the normal examples by encountering multiple exceptions while serving blocks and adding blocks to an invalid set. This abnormal behavior is not present in the normal example sequences.
153074,"['1', '1', '7', '1', '3', '4', '3', '4', '2', '2', '2', '3', '4', '10', '8', '9', '8', '13', '1', '14', '12', '11', '2', '2', '5', '13', '14', '1', '12', '11', '2', '2', '5', '8', '9', '8', '6', '6', '6', '5', '5', '5']","[1, 1, 7, 1, 3, 4, 3, 4, 2, 2, 2, 3, 4, 10, 8, 9, 8, 13, 1, 14, 12, 11, 2, 2, 5, 13, 14, 1, 12, 11, 2, 2, 5, 8, 9, 8, 6, 6, 6, 5, 5, 5]",entity,"The test sequence deviates from the normal execution workflows seen in the examples. The test sequence includes additional actions such as 'BLOCK* asks datanode(s) to replicate', 'Starting thread to transfer block', and 'deleting block file' which are not present in any of the normal example sequences. Additionally, the sequential flow of actions in the test sequence does not match the patterns observed in the normal examples, indicating an abnormal workflow."
153408,"['1', '1', '7', '1', '3', '4', '2', '3', '4', '3', '4', '2', '2', '10', '8', '8', '9', '8', '9', '8', '6', '6', '6', '5', '5', '5']","[1, 1, 7, 1, 3, 4, 2, 3, 4, 3, 4, 2, 2, 10, 8, 8, 9, 8, 9, 8, 6, 6, 6, 5, 5, 5]",entity,"The test sequence includes additional actions such as serving block to /, 50010 serving block to /, exceptions while serving blk_, and deleting a block added to an invalid set. These actions are not present in any of the normal example sequences, indicating an abnormal execution workflow."
153719,"['1', '7', '1', '1', '3', '4', '3', '4', '2', '2', '2', '3', '4', '8', '9', '8', '1', '14', '13', '12', '11', '2', '2', '5', '13', '14', '1', '11', '12', '2', '2', '5', '8', '8', '9', '6', '6', '6', '5', '5', '5']","[1, 7, 1, 1, 3, 4, 3, 4, 2, 2, 2, 3, 4, 8, 9, 8, 1, 14, 13, 12, 11, 2, 2, 5, 13, 14, 1, 11, 12, 2, 2, 5, 8, 8, 9, 6, 6, 6, 5, 5, 5]",entity,"The test sequence includes several inconsistencies compared to the normal example sequences. For instance, the test sequence involves the transmission of a block followed by the reception of the same block, which does not align with the normal execution flow. Additionally, the test sequence includes actions such as starting a thread to transfer a block and BLOCK* asking datanode(s) to replicate, which are not present in the normal example sequences. The sequence also lacks the repeated pattern of initiating PacketResponders for blocks and receiving blocks from specified sources that are characteristic of the normal flows."
153870,"['1', '1', '1', '7', '3', '4', '3', '4', '3', '4', '2', '2', '2', '8', '9', '8', '10', '8', '9', '8', '6', '6', '6', '5', '5', '5']","[1, 1, 1, 7, 3, 4, 3, 4, 3, 4, 2, 2, 2, 8, 9, 8, 10, 8, 9, 8, 6, 6, 6, 5, 5, 5]",entity,"The test sequence includes an abnormal pattern where the system encounters multiple exceptions while serving blocks, which is not present in any of the normal example sequences. Additionally, the test sequence involves serving the same block multiple times consecutively, which deviates from the normal flow observed in the example sequences."
153895,"['1', '7', '1', '1', '2', '3', '4', '3', '4', '3', '4', '2', '2', '8', '9', '8', '8', '9', '8', '6', '6', '6', '5', '5', '5']","[1, 7, 1, 1, 2, 3, 4, 3, 4, 3, 4, 2, 2, 8, 9, 8, 8, 9, 8, 6, 6, 6, 5, 5, 5]",entity,"The test sequence deviates from the normal examples by including serving block to / and exceptions while serving blocks in a different order, which indicates an abnormal execution flow."
153934,"['1', '1', '7', '1', '3', '4', '3', '4', '3', '4', '2', '2', '2', '8', '8', '9', '8', '9', '8', '6', '6', '6', '5', '5', '15', '5']","[1, 1, 7, 1, 3, 4, 3, 4, 3, 4, 2, 2, 2, 8, 8, 9, 8, 9, 8, 6, 6, 6, 5, 5, 15, 5]",entity,"The test sequence includes an additional step of deleting a block file twice, which is not present in any of the normal example sequences. This extra step indicates an abnormal execution workflow."
154079,"['1', '7', '1', '1', '3', '4', '3', '4', '2', '2', '2', '3', '4', '9', '8', '8', '10', '13', '14', '1', '11', '12', '2', '2', '5', '13', '14', '1', '12', '11', '2', '2', '5', '8', '9', '8', '6', '6', '6', '5', '5', '5']","[1, 7, 1, 1, 3, 4, 3, 4, 2, 2, 2, 3, 4, 9, 8, 8, 10, 13, 14, 1, 11, 12, 2, 2, 5, 13, 14, 1, 12, 11, 2, 2, 5, 8, 9, 8, 6, 6, 6, 5, 5, 5]",entity,"The test sequence deviates from the normal workflow patterns seen in the example sequences. The test sequence includes multiple instances of exceptions while serving blocks, which is not typical in the normal examples. Additionally, the repetition of deleting a block added to an invalid set three times in a sequential manner is also not consistent with the normal examples."
154408,"['7', '1', '1', '1', '3', '4', '3', '4', '2', '2', '2', '3', '4', '8', '8', '9', '13', '14', '1', '12', '11', '2', '2', '5', '13', '1', '14', '12', '11', '2', '2', '5', '8', '8', '9', '6', '6', '6', '5', '5', '5']","[7, 1, 1, 1, 3, 4, 3, 4, 2, 2, 2, 3, 4, 8, 8, 9, 13, 14, 1, 12, 11, 2, 2, 5, 13, 1, 14, 12, 11, 2, 2, 5, 8, 8, 9, 6, 6, 6, 5, 5, 5]",entity,"The test sequence includes several actions that are not present in the normal example sequences, such as BLOCK* asking datanode(s) to replicate, starting a thread to transfer a block, and multiple instances of deleting block files. These actions deviate significantly from the patterns observed in the normal sequences, indicating an abnormal execution workflow."
154532,"['1', '1', '7', '1', '3', '4', '3', '4', '2', '2', '2', '3', '4', '8', '8', '9', '13', '14', '1', '12', '11', '2', '2', '5', '13', '14', '1', '11', '12', '2', '2', '5', '8', '8', '9', '6', '6', '6', '5', '5', '5']","[1, 1, 7, 1, 3, 4, 3, 4, 2, 2, 2, 3, 4, 8, 8, 9, 13, 14, 1, 12, 11, 2, 2, 5, 13, 14, 1, 11, 12, 2, 2, 5, 8, 8, 9, 6, 6, 6, 5, 5, 5]",entity,"The test sequence deviates from the normal execution workflows observed in the examples provided. The test sequence includes multiple abnormal actions such as receiving and transmitting blocks in an unusual order, encountering exceptions while serving blocks, and deleting block files in an abnormal manner. These deviations from the normal patterns indicate an abnormal execution workflow."
154755,"['1', '7', '1', '1', '3', '4', '3', '4', '3', '4', '2', '2', '2', '10', '8', '9', '8', '10', '8', '9', '8', '6', '6', '6', '5', '5', '5']","[1, 7, 1, 1, 3, 4, 3, 4, 3, 4, 2, 2, 2, 10, 8, 9, 8, 10, 8, 9, 8, 6, 6, 6, 5, 5, 5]",entity,"The test sequence includes a mix of actions that are not consistent with the normal example sequences provided. For example, the test sequence involves serving blocks to a specific location (50010) multiple times, which is not seen in the normal examples. Additionally, the test sequence includes exceptions while serving blocks, which do not align with the normal execution flow observed in the examples."
154764,"['1', '7', '1', '1', '3', '4', '3', '4', '2', '2', '2', '3', '4', '10', '8', '9', '8', '13', '14', '1', '12', '11', '2', '2', '5', '13', '14', '1', '12', '11', '2', '2', '5', '8', '9', '8', '6', '6', '6', '5', '5', '5']","[1, 7, 1, 1, 3, 4, 3, 4, 2, 2, 2, 3, 4, 10, 8, 9, 8, 13, 14, 1, 12, 11, 2, 2, 5, 13, 14, 1, 12, 11, 2, 2, 5, 8, 9, 8, 6, 6, 6, 5, 5, 5]",entity,"The test sequence includes multiple instances of receiving and transmitting blocks in a sequential manner, which is different from the normal flows where such actions are alternated. Additionally, the test sequence lacks the repetitive actions of encountering exceptions while serving a block and deleting a block added to an invalid set, which are common in the normal flows."
154776,"['7', '1', '1', '1', '3', '4', '3', '4', '2', '2', '2', '3', '4', '8', '9', '8', '13', '1', '14', '11', '12', '2', '2', '5', '13', '14', '1', '12', '11', '2', '2', '5', '8', '8', '9', '6', '6', '6', '5', '5', '5']","[7, 1, 1, 1, 3, 4, 3, 4, 2, 2, 2, 3, 4, 8, 9, 8, 13, 1, 14, 11, 12, 2, 2, 5, 13, 14, 1, 12, 11, 2, 2, 5, 8, 8, 9, 6, 6, 6, 5, 5, 5]",entity,"The test sequence deviates from the normal execution workflows observed in the example sequences. In the normal examples, there is a clear pattern of receiving blocks, initiating PacketResponders, adding stored blocks, serving blocks, and deleting block files in a sequential manner. However, the test sequence introduces new actions such as BLOCK* asking datanode(s) to replicate and starting threads to transfer blocks, which are not present in the normal examples. Additionally, the test sequence lacks the repeated actions of receiving blocks, initiating PacketResponders, and adding stored blocks as seen in the normal examples."
154820,"['7', '1', '1', '1', '3', '4', '3', '4', '2', '2', '2', '3', '4', '8', '8', '9', '10', '13', '14', '1', '11', '12', '2', '2', '5', '1', '14', '13', '11', '12', '2', '2', '5', '8', '8', '9', '6', '6', '6', '5', '5', '5']","[7, 1, 1, 1, 3, 4, 3, 4, 2, 2, 2, 3, 4, 8, 8, 9, 10, 13, 14, 1, 11, 12, 2, 2, 5, 1, 14, 13, 11, 12, 2, 2, 5, 8, 8, 9, 6, 6, 6, 5, 5, 5]",entity,"The test sequence deviates from the normal execution workflows by including actions such as BLOCK* asks datanode(s) to replicate, starting thread to transfer block, and deleting block file which are not present in any of the normal example sequences. Additionally, the test sequence lacks the repetitive actions of initiating PacketResponders, receiving blocks, and adding stored blocks that are characteristic of the normal workflows."
155031,"['1', '1', '7', '1', '3', '4', '2', '3', '4', '3', '4', '2', '2', '8', '9', '8', '13', '1', '14', '12', '11', '2', '2', '5', '13', '1', '14', '11', '12', '2', '2', '5', '8', '8', '9', '6', '6', '6', '5', '5', '5']","[1, 1, 7, 1, 3, 4, 2, 3, 4, 3, 4, 2, 2, 8, 9, 8, 13, 1, 14, 12, 11, 2, 2, 5, 13, 1, 14, 11, 12, 2, 2, 5, 8, 8, 9, 6, 6, 6, 5, 5, 5]",entity,"The test sequence includes multiple inconsistencies compared to the normal example sequences. For instance, the test sequence involves a mix of different actions such as serving block to /, initiating PacketResponder, adding stored blocks, and deleting block files in a non-sequential manner. This inconsistency in the execution flow indicates an abnormal execution workflow."
155118,"['1', '7', '1', '16']",[16],status,"The log message indicates an exception due to a socket timeout while waiting for a channel to be ready, which is not a normal execution process."
155235,"['1', '7']","[1, 7]",entity,"The test sequence is abnormal because it starts with 'receiving block blk_' instead of the typical starting point 'NameSystem allocateBlock'. Additionally, the order of processes in the test sequence is different from the normal example sequences provided."
155333,"['1', '7', '1', '16']",[16],status,"The log message indicates an exception due to a socket timeout while waiting for a channel to be ready, which is not a normal execution process."
155389,"['1', '1', '7', '1', '2', '3', '4', '3', '4', '3', '4', '2', '2', '9', '8', '8', '13', '14', '1', '12', '11', '2', '2', '5', '13', '1', '14', '11', '12', '2', '2', '5', '9', '8', '8', '6', '6', '6', '5', '5', '5']","[1, 1, 7, 1, 2, 3, 4, 3, 4, 3, 4, 2, 2, 9, 8, 8, 13, 14, 1, 12, 11, 2, 2, 5, 13, 1, 14, 11, 12, 2, 2, 5, 9, 8, 8, 6, 6, 6, 5, 5, 5]",entity,"The test sequence includes a mix of actions that do not align with the normal example sequences provided. The test sequence involves a combination of receiving, transmitting, adding stored blocks, and serving blocks in a non-sequential and inconsistent manner. Additionally, the presence of actions like 'BLOCK* asks datanode(s) to replicate' and 'Starting thread to transfer block' are not part of the normal example sequences, indicating an abnormal execution workflow."
155635,"['1', '7', '1', '1', '3', '4', '3', '4', '2', '2', '2', '3', '4', '8', '8', '9', '13', '14', '1', '12', '11', '2', '2', '5', '1', '14', '13', '12', '11', '2', '2', '5', '8', '9', '8', '6', '6', '6', '5', '5', '5']","[1, 7, 1, 1, 3, 4, 3, 4, 2, 2, 2, 3, 4, 8, 8, 9, 13, 14, 1, 12, 11, 2, 2, 5, 1, 14, 13, 12, 11, 2, 2, 5, 8, 9, 8, 6, 6, 6, 5, 5, 5]",entity,"The test sequence includes a mix of processes that are not in the same order or context as the normal example sequences. The test sequence also contains additional processes that are not present in any of the normal examples, indicating an abnormal execution workflow."
155755,"['1', '7', '1', '1', '3', '4', '3', '4', '3', '4', '2', '2', '2', '8', '9', '8', '10', '8', '9', '8', '6', '6', '6', '5', '5', '5']","[1, 7, 1, 1, 3, 4, 3, 4, 3, 4, 2, 2, 2, 8, 9, 8, 10, 8, 9, 8, 6, 6, 6, 5, 5, 5]",entity,"The test sequence includes a mixture of both normal and abnormal actions, such as encountering exceptions while serving a block, successful verifications, and deleting blocks added to an invalid set. This combination of actions deviates from the typical sequential pattern observed in the normal example sequences, indicating an abnormal execution workflow."
156103,"['7', '1', '1', '1', '3', '4', '3', '4', '3', '4', '2', '2', '13', '2', '14', '1', '12', '11', '2', '5', '9', '8', '9', '6', '6', '6', '5', '5', '5']","[7, 1, 1, 1, 3, 4, 3, 4, 3, 4, 2, 2, 13, 2, 14, 1, 12, 11, 2, 5, 9, 8, 9, 6, 6, 6, 5, 5, 5]",entity,"The test sequence differs from the normal sequences in the following ways: 1. The order of actions is not consistent with the normal sequences. 2. The test sequence includes additional actions such as BLOCK* asks datanode(s) to replicate, Starting thread to transfer block, and deleting block file, which are not present in the normal sequences. 3. The test sequence does not follow the pattern of encountering an exception while serving a block and then adding it to an invalid set, which is a common pattern in the normal sequences."
156117,"['1', '1', '7', '1', '3', '4', '3', '4', '2', '2', '3', '4', '2', '10', '8', '9', '8', '8', '9', '8', '6', '6', '6', '5', '5', '5']","[1, 1, 7, 1, 3, 4, 3, 4, 2, 2, 3, 4, 2, 10, 8, 9, 8, 8, 9, 8, 6, 6, 6, 5, 5, 5]",entity,"The test sequence includes an abnormal flow as it deviates from the typical pattern seen in the normal examples. In the test sequence, the order of actions is not consistent with the normal sequences, and there are unexpected actions such as serving blocks to / before successful verification and encountering exceptions in a different order."
156190,"['1', '1', '1', '7', '3', '4', '3', '4', '3', '4', '2', '2', '2', '8', '9', '8', '10', '8', '9', '8', '6', '6', '6', '5', '5', '5']","[1, 1, 1, 7, 3, 4, 3, 4, 3, 4, 2, 2, 2, 8, 9, 8, 10, 8, 9, 8, 6, 6, 6, 5, 5, 5]",entity,"The test sequence includes an abnormal pattern where the system encounters multiple exceptions while serving blocks, which is not present in any of the normal example sequences. Additionally, the test sequence involves serving the same block multiple times consecutively, which deviates from the normal flow observed in the example sequences."
156614,"['1', '7']","[1, 7]",entity,"The test sequence is abnormal because it starts with 'receiving block blk_' instead of the typical starting point 'NameSystem allocateBlock'. Additionally, the order of processes in the test sequence is different from the normal example sequences provided."
156733,"['1', '1', '7', '1', '3', '4', '3', '4', '2', '2', '2', '4', '3', '8', '9', '8', '13', '1', '14', '12', '11', '2', '2', '5', '13', '1', '14', '12', '11', '2', '2', '5', '8', '9', '8', '6', '6', '6', '5', '5', '5']","[1, 1, 7, 1, 3, 4, 3, 4, 2, 2, 2, 4, 3, 8, 9, 8, 13, 1, 14, 12, 11, 2, 2, 5, 13, 1, 14, 12, 11, 2, 2, 5, 8, 9, 8, 6, 6, 6, 5, 5, 5]",entity,LLM FAILED
156762,"['7', '1', '1', '1', '3', '4', '3', '4', '3', '4', '2', '2', '2', '9', '8', '9', '6', '6', '6', '5', '15', '5', '5']","[7, 1, 1, 1, 3, 4, 3, 4, 3, 4, 2, 2, 2, 9, 8, 9, 6, 6, 6, 5, 15, 5, 5]",entity,"The test sequence includes additional actions such as deleting block file and encountering an error while deleting a block, which are not present in any of the normal example sequences. This deviation from the normal flow indicates an abnormal execution workflow."
156870,"['1', '1', '7', '1', '3', '4', '3', '4', '2', '2', '2', '3', '4', '10', '9', '8', '8', '13', '14', '1', '12', '11', '2', '2', '5', '13', '1', '14', '12', '11', '2', '2', '5', '9', '8', '6', '6', '6', '5', '5', '5']","[1, 1, 7, 1, 3, 4, 3, 4, 2, 2, 2, 3, 4, 10, 9, 8, 8, 13, 14, 1, 12, 11, 2, 2, 5, 13, 1, 14, 12, 11, 2, 2, 5, 9, 8, 6, 6, 6, 5, 5, 5]",entity,"The test sequence contains a different flow compared to the normal examples. In the normal examples, there is a consistent pattern of actions such as receiving blocks, initiating PacketResponders, serving blocks, and adding stored blocks. However, the test sequence includes additional actions like responding to packets, transmitting blocks, and deleting block files that are not present in the normal examples. This deviation from the expected flow indicates an abnormal workflow."
157157,"['1', '7', '1', '1', '3', '4', '3', '4', '3', '4', '2', '2', '2', '8', '9', '8', '10', '8', '9', '8', '6', '6', '6', '5', '5', '5']","[1, 7, 1, 1, 3, 4, 3, 4, 3, 4, 2, 2, 2, 8, 9, 8, 10, 8, 9, 8, 6, 6, 6, 5, 5, 5]",entity,"The test sequence includes a mixture of both normal and abnormal actions, such as encountering exceptions while serving a block, successful verifications, and deleting blocks added to an invalid set. This combination of actions deviates from the typical sequential pattern observed in the normal example sequences, indicating an abnormal execution workflow."
157259,"['1', '1', '7', '1', '3', '4', '3', '4', '2', '2', '2', '3', '4', '8', '9', '8', '10', '8', '9', '8', '6', '6', '6', '5', '5', '5']","[1, 1, 7, 1, 3, 4, 3, 4, 2, 2, 2, 3, 4, 8, 9, 8, 10, 8, 9, 8, 6, 6, 6, 5, 5, 5]",entity,"The test sequence includes an abnormal pattern of encountering exceptions while serving blocks and serving blocks to an unknown source, which is not present in the normal example sequences. Additionally, the repetitive action of serving blocks to an unknown source and encountering exceptions repeatedly is indicative of an abnormal workflow."
157502,"['1', '7', '1', '1', '3', '4', '3', '4', '2', '2', '2', '3', '4', '8', '8', '9', '13', '14', '1', '11', '12', '2', '2', '5', '13', '1', '14', '12', '11', '2', '2', '5', '8', '8', '9', '6', '6', '6', '5', '5', '5']","[1, 7, 1, 1, 3, 4, 3, 4, 2, 2, 2, 3, 4, 8, 8, 9, 13, 14, 1, 11, 12, 2, 2, 5, 13, 1, 14, 12, 11, 2, 2, 5, 8, 8, 9, 6, 6, 6, 5, 5, 5]",entity,"The test sequence includes several inconsistencies compared to the normal examples. For example, the presence of 'BLOCK* asks datanode(s) to replicate' and 'Starting thread to transfer block' actions are not observed in the normal examples. Additionally, the abnormal sequence lacks the repetition of specific actions seen in the normal examples, such as the sequential deletion of a block file and the repetitive addition of stored blocks in the NameSystem."
157568,"['1', '1', '7', '1', '3', '4', '3', '4', '3', '4', '2', '2', '2', '10', '9', '10', '8', '9', '6', '6', '6', '5', '5', '5']","[10, 9, 10]",action,"The test sequence includes a mix of successful verifications and exceptions, which is not consistent with the normal example sequences where either all verifications or all exceptions were encountered in a sequential manner."
157674,"['1', '1', '7', '1', '3', '4', '3', '4', '3', '4', '2', '2', '2', '8', '9', '8', '10', '8', '9', '8', '6', '6', '6', '5', '5', '5']","[1, 1, 7, 1, 3, 4, 3, 4, 3, 4, 2, 2, 2, 8, 9, 8, 10, 8, 9, 8, 6, 6, 6, 5, 5, 5]",entity,The test sequence deviates from the normal examples by encountering multiple exceptions while serving blocks and adding blocks to an invalid set. This abnormal behavior is not present in the normal example sequences.
157746,"['1', '1', '7', '1', '3', '4', '3', '4', '3', '4', '13', '2', '2', '2', '14', '1', '11', '12', '2', '5', '9', '8', '9', '10', '6', '6', '6', '5', '5', '5']","[1, 1, 7, 1, 3, 4, 3, 4, 3, 4, 13, 2, 2, 2, 14, 1, 11, 12, 2, 5, 9, 8, 9, 10, 6, 6, 6, 5, 5, 5]",entity,"The test sequence includes unexpected processes such as BLOCK* asks datanode(s) to replicate and Starting thread to transfer block which are not present in any of the normal example sequences. Additionally, the sequence does not follow the expected pattern of normal execution workflows seen in the example sequences."
157785,"['1', '7']","[1, 7]",entity,"The test sequence is abnormal because it starts with 'receiving block blk_' instead of the typical starting point 'NameSystem allocateBlock'. Additionally, the order of processes in the test sequence is different from the normal example sequences provided."
158022,"['7', '1', '1', '1', '3', '4', '3', '4', '2', '2', '2', '3', '4', '8', '9', '8', '13', '14', '1', '11', '12', '2', '2', '5', '13', '1', '14', '11', '12', '2', '2', '5', '8', '8', '9', '6', '6', '6', '5', '5', '5']","[7, 1, 1, 1, 3, 4, 3, 4, 2, 2, 2, 3, 4, 8, 9, 8, 13, 14, 1, 11, 12, 2, 2, 5, 13, 1, 14, 11, 12, 2, 2, 5, 8, 8, 9, 6, 6, 6, 5, 5, 5]",entity,"The test sequence includes several inconsistencies and deviations from the normal execution workflows observed in the example sequences. For example, the sequence starts with receiving and transmitting blocks, which is not a common pattern in the normal flows. Additionally, the repetitive actions of adding stored blocks, serving blocks, and deleting block files do not align with the typical flow of the normal examples. The presence of unknown sources and error messages like 'Exception while serving blk_' further indicate abnormal behavior in the test sequence."
158026,"['1', '1', '1', '7', '3', '4', '4', '3', '4', '3', '2', '2', '2', '8', '8', '9', '8', '8', '9', '6', '6', '6', '5', '15', '5', '5']","[1, 1, 1, 7, 3, 4, 4, 3, 4, 3, 2, 2, 2, 8, 8, 9, 8, 8, 9, 6, 6, 6, 5, 15, 5, 5]",entity,"The test sequence deviates from the normal example sequences in multiple ways. The test sequence introduces a different pattern of receiving blocks, a different order of serving blocks, and additional actions such as encountering an exception while serving a block, error deleting block blk_, and deleting a block file twice. These discrepancies indicate an abnormal execution workflow."
158209,"['7', '1', '1', '1', '3', '4', '3', '4', '3', '4', '2', '13', '2', '2', '1', '14', '11', '12', '2', '5', '9', '8', '9', '6', '6', '6', '5', '5', '5']","[7, 1, 1, 1, 3, 4, 3, 4, 3, 4, 2, 13, 2, 2, 1, 14, 11, 12, 2, 5, 9, 8, 9, 6, 6, 6, 5, 5, 5]",entity,"The test sequence includes some abnormal behaviors such as encountering an exception while serving a block, which is not present in any of the normal example sequences. Additionally, the repeated actions of deleting a block added to an invalid set and executing a series of operations where a block file is deleted in three consecutive steps are not typical of the normal sequences provided."
158260,"['1', '1', '7', '1', '3', '4', '3', '4', '2', '2', '3', '4', '2', '10', '8', '9', '8', '13', '14', '1', '11', '12', '2', '2', '5', '13', '14', '1', '12', '11', '2', '2', '5', '10', '8', '8', '9', '6', '6', '6', '5', '5', '5']","[1, 1, 7, 1, 3, 4, 3, 4, 2, 2, 3, 4, 2, 10, 8, 9, 8, 13, 14, 1, 11, 12, 2, 2, 5, 13, 14, 1, 12, 11, 2, 2, 5, 10, 8, 8, 9, 6, 6, 6, 5, 5, 5]",entity,"The test sequence includes multiple inconsistencies compared to the normal example sequences. For example, the alternating pattern of initiating PacketResponders and receiving blocks is not present in the normal examples. Additionally, the sequence of actions involving successful verification, encountering exceptions, and deleting blocks is not consistent with the normal sequences."
158396,"['1', '1', '1', '7', '3', '4', '3', '4', '3', '4', '2', '2', '2', '8', '9', '8', '10', '8', '9', '8', '6', '6', '6', '5', '5', '5']","[1, 1, 1, 7, 3, 4, 3, 4, 3, 4, 2, 2, 2, 8, 9, 8, 10, 8, 9, 8, 6, 6, 6, 5, 5, 5]",entity,"The test sequence includes an abnormal pattern where the system encounters multiple exceptions while serving blocks, which is not present in any of the normal example sequences. Additionally, the test sequence involves serving the same block multiple times consecutively, which deviates from the normal flow observed in the example sequences."
158747,"['1', '7', '1', '16']",[16],status,"The log message indicates an exception due to a socket timeout while waiting for a channel to be ready, which is not a normal execution process."
158847,"['1', '1', '7', '1', '3', '4', '3', '4', '3', '4', '13', '2', '2', '2', '1', '14', '12', '11', '2', '5', '9', '8', '9', '6', '6', '6', '5', '5', '5']","[1, 1, 7, 1, 3, 4, 3, 4, 3, 4, 13, 2, 2, 2, 1, 14, 12, 11, 2, 5, 9, 8, 9, 6, 6, 6, 5, 5, 5]",entity,"The test sequence includes an additional step of 'BLOCK* asks datanode(s) to replicate' which is not present in any of the normal example sequences. This extra step indicates a deviation from the normal execution workflows observed in the examples, leading to the prediction of abnormal execution workflow."
158904,"['1', '1', '7', '1', '3', '4', '3', '4', '3', '4', '2', '2', '2', '8', '9', '8', '10', '8', '9', '8', '6', '6', '6', '5', '5', '5']","[1, 1, 7, 1, 3, 4, 3, 4, 3, 4, 2, 2, 2, 8, 9, 8, 10, 8, 9, 8, 6, 6, 6, 5, 5, 5]",entity,The test sequence deviates from the normal examples by encountering multiple exceptions while serving blocks and adding blocks to an invalid set. This abnormal behavior is not present in the normal example sequences.
159149,"['7', '1', '1', '1', '3', '4', '3', '4', '2', '2', '2', '3', '4', '8', '9', '8', '13', '14', '1', '12', '11', '2', '2', '5', '10', '13', '14', '1', '11', '12', '2', '2', '5', '8', '8', '9', '6', '6', '6', '5', '5', '5']","[7, 1, 1, 1, 3, 4, 3, 4, 2, 2, 2, 3, 4, 8, 9, 8, 13, 14, 1, 12, 11, 2, 2, 5, 10, 13, 14, 1, 11, 12, 2, 2, 5, 8, 8, 9, 6, 6, 6, 5, 5, 5]",entity,"The test sequence contains a mix of normal_flows execution workflows, such as receiving/transmitting blocks, adding stored blocks, and serving blocks, but it also includes abnormal patterns like unexpected exceptions while serving blocks and deleting blocks added to an invalid set multiple times. These abnormal patterns deviate from the typical execution flow seen in the normal examples."
159252,"['1', '1', '1', '7', '3', '4', '3', '4', '3', '4', '2', '2', '2', '8', '9', '8', '10', '8', '9', '8', '6', '6', '6', '5', '5', '5']","[1, 1, 1, 7, 3, 4, 3, 4, 3, 4, 2, 2, 2, 8, 9, 8, 10, 8, 9, 8, 6, 6, 6, 5, 5, 5]",entity,"The test sequence includes an abnormal pattern where the system encounters multiple exceptions while serving blocks, which is not present in any of the normal example sequences. Additionally, the test sequence involves serving the same block multiple times consecutively, which deviates from the normal flow observed in the example sequences."
159372,"['7', '1', '1', '1', '3', '4', '3', '4', '2', '2', '2', '3', '4', '8', '9', '8', '13', '1', '14', '12', '11', '2', '2', '5', '13', '1', '14', '12', '11', '2', '2', '5', '10', '8', '8', '9', '6', '6', '6', '5', '5', '5']","[7, 1, 1, 1, 3, 4, 3, 4, 2, 2, 2, 3, 4, 8, 9, 8, 13, 1, 14, 12, 11, 2, 2, 5, 13, 1, 14, 12, 11, 2, 2, 5, 10, 8, 8, 9, 6, 6, 6, 5, 5, 5]",entity,"The test sequence deviates from the normal flow examples provided in terms of the sequence of actions and their repetition. In the normal flows, there is a clear pattern of alternating between initiating PacketResponders and receiving blocks, followed by adding stored blocks and sequential execution of serving blocks. However, the test sequence includes additional actions such as BLOCK* asking datanode(s) to replicate, starting thread to transfer block, and the transmission/reception of blocks in a different order. This indicates an abnormal execution workflow compared to the normal examples."
159498,"['1', '1', '7', '1', '3', '4', '3', '4', '2', '2', '2', '3', '4', '8', '8', '9', '13', '1', '14', '12', '11', '2', '2', '5', '13', '1', '14', '12', '11', '2', '2', '5', '8', '9', '8', '6', '6', '6', '5', '5', '5']","[1, 1, 7, 1, 3, 4, 3, 4, 2, 2, 2, 3, 4, 8, 8, 9, 13, 1, 14, 12, 11, 2, 2, 5, 13, 1, 14, 12, 11, 2, 2, 5, 8, 9, 8, 6, 6, 6, 5, 5, 5]",entity,"The test sequence includes several inconsistencies and deviations from the normal example sequences. For example, the test sequence involves the transmission and reception of blocks in an inconsistent manner, followed by multiple instances of the system adding stored blocks and then deleting block files. Additionally, the test sequence includes actions such as 'BLOCK* asks datanode(s) to replicate' which are not present in the normal example sequences. These discrepancies indicate an abnormal execution flow."
159586,"['1', '1', '7', '1', '3', '4', '2', '3', '4', '2', '3', '4', '2', '8', '9', '8', '8', '9', '8', '6', '6', '6', '5', '5', '5']","[1, 1, 7, 1, 3, 4, 2, 3, 4, 2, 3, 4, 2, 8, 9, 8, 8, 9, 8, 6, 6, 6, 5, 5, 5]",entity,"The test sequence deviates from the normal execution workflows seen in the examples. In the normal sequences, there is a clear pattern of alternating between initiating PacketResponders and receiving blocks, followed by adding stored blocks in the NameSystem. However, in the test sequence, there are multiple instances of initiating PacketResponders followed by receiving blocks from an unknown source, which is not a typical pattern observed in the normal examples. Additionally, the repetitive action of deleting a block added to an invalid set three times in a sequential manner is also not consistent with the normal flows. Therefore, based on these deviations from the normal execution workflows, the test sequence is predicted to be abnormal."
159683,"['1', '1', '7', '1', '3', '4', '3', '4', '2', '2', '2', '3', '4', '8', '8', '9', '13', '1', '14', '12', '11', '2', '2', '5', '13', '14', '1', '11', '12', '2', '2', '5', '8', '9', '8', '6', '6', '6', '5', '5', '5']","[1, 1, 7, 1, 3, 4, 3, 4, 2, 2, 2, 3, 4, 8, 8, 9, 13, 1, 14, 12, 11, 2, 2, 5, 13, 14, 1, 11, 12, 2, 2, 5, 8, 9, 8, 6, 6, 6, 5, 5, 5]",entity,"The test sequence includes a mix of actions that are not consistent with the normal example sequences provided. Specifically, the test sequence includes unusual actions such as BLOCK* asking datanode(s) to replicate, starting a thread to transfer a block, and the transmission of a block followed by its reception. These actions deviate from the patterns observed in the normal example sequences, indicating an abnormal execution workflow."
159790,"['7', '1', '1', '1', '3', '4', '3', '4', '2', '2', '2', '3', '4', '10', '10', '8', '9', '8', '13', '1', '14', '11', '12', '2', '2', '5', '13', '14', '1', '12', '11', '2', '2', '5', '8', '8', '9', '6', '6', '6', '5', '5', '5']","[7, 1, 1, 1, 3, 4, 3, 4, 2, 2, 2, 3, 4, 10, 10, 8, 9, 8, 13, 1, 14, 11, 12, 2, 2, 5, 13, 14, 1, 12, 11, 2, 2, 5, 8, 8, 9, 6, 6, 6, 5, 5, 5]",entity,"The test sequence includes several abnormal behaviors such as receiving blocks in a different order, initiating PacketResponders multiple times for the same block, and executing tasks out of the normal sequence. Additionally, the test sequence involves actions like starting threads to transfer blocks and deleting block files, which are not present in the normal example sequences. These deviations from the normal execution workflows indicate an abnormal flow."
159866,"['1', '1', '7', '1', '3', '4', '3', '4', '2', '2', '2', '3', '4', '8', '9', '8', '13', '14', '1', '11', '12', '2', '2', '5', '13', '14', '1', '11', '12', '2', '2', '5', '8', '9', '8', '6', '6', '6', '5', '5', '5']","[1, 1, 7, 1, 3, 4, 3, 4, 2, 2, 2, 3, 4, 8, 9, 8, 13, 14, 1, 11, 12, 2, 2, 5, 13, 14, 1, 11, 12, 2, 2, 5, 8, 9, 8, 6, 6, 6, 5, 5, 5]",entity,"The test sequence includes several inconsistencies compared to the normal example sequences. For example, the test sequence involves additional steps such as BLOCK* asks datanode(s) to replicate and Starting thread to transfer block, which are not present in the normal example sequences. Additionally, the test sequence includes actions such as deleting block file and 50010 serving block to / in a different order compared to the normal sequences. These discrepancies indicate that the test sequence is not following the expected normal execution workflow, hence it is classified as abnormal."
160117,"['1', '7', '1', '1', '2', '3', '4', '3', '4', '3', '4', '2', '2', '10', '8', '9', '8', '8', '8', '9', '6', '6', '6', '5', '5', '5']","[1, 7, 1, 1, 2, 3, 4, 3, 4, 3, 4, 2, 2, 10, 8, 9, 8, 8, 8, 9, 6, 6, 6, 5, 5, 5]",entity,"The test sequence includes a mix of actions that are not consistent with the normal execution workflows. For example, the system first initiates the PacketResponder for block blk_, which is not followed by receiving block blk_ from an unknown source as seen in the normal examples. Additionally, the sequence does not follow the pattern of adding stored blocks in a sequential manner, as observed in the normal examples. Overall, the test sequence deviates significantly from the patterns seen in the normal examples, indicating an abnormal execution workflow."
160198,"['1', '7', '1', '1', '3', '4', '3', '4', '2', '2', '2', '3', '4', '8', '8', '9', '13', '14', '1', '11', '12', '2', '2', '5', '1', '14', '13', '11', '12', '2', '2', '5', '8', '8', '9', '6', '6', '6', '5', '5', '5']","[1, 7, 1, 1, 3, 4, 3, 4, 2, 2, 2, 3, 4, 8, 8, 9, 13, 14, 1, 11, 12, 2, 2, 5, 1, 14, 13, 11, 12, 2, 2, 5, 8, 8, 9, 6, 6, 6, 5, 5, 5]",entity,"The test sequence includes several inconsistencies compared to the normal example sequences. For example, the test sequence involves starting with receiving a block followed by transmitting the same block, which is not a common pattern in the normal sequences. Additionally, the test sequence includes actions such as BLOCK* asking datanode(s) to replicate and starting a thread to transfer a block, which are not present in the normal example sequences. These discrepancies suggest that the test sequence represents an abnormal execution workflow."
160498,"['1', '7', '1', '1', '3', '4', '2', '3', '4', '2', '2', '3', '4', '8', '8', '9', '13', '1', '14', '11', '12', '2', '2', '5', '13', '14', '1', '12', '11', '2', '2', '5', '8', '9', '8', '6', '6', '6', '5', '5', '5']","[1, 7, 1, 1, 3, 4, 2, 3, 4, 2, 2, 3, 4, 8, 8, 9, 13, 1, 14, 11, 12, 2, 2, 5, 13, 14, 1, 12, 11, 2, 2, 5, 8, 9, 8, 6, 6, 6, 5, 5, 5]",entity,"The test sequence includes multiple inconsistencies and deviations from the normal example sequences such as unknown sources for block receptions, repeated actions with unknown sources, and the absence of successful verifications for blocks. Additionally, the test sequence involves actions like BLOCK* asks datanode(s) to replicate, which are not present in any of the normal example sequences. These discrepancies indicate an abnormal execution workflow."
160668,"['7', '1', '1', '1', '3', '4', '3', '4', '2', '2', '2', '3', '4', '8', '8', '9', '13', '14', '1', '12', '11', '2', '2', '5', '13', '1', '14', '11', '12', '2', '2', '5', '8', '9', '8', '6', '6', '6', '5', '5', '5']","[7, 1, 1, 1, 3, 4, 3, 4, 2, 2, 2, 3, 4, 8, 8, 9, 13, 14, 1, 12, 11, 2, 2, 5, 13, 1, 14, 11, 12, 2, 2, 5, 8, 9, 8, 6, 6, 6, 5, 5, 5]",entity,"The test sequence includes several actions that are not present in any of the normal example sequences, such as BLOCK* asks datanode(s) to replicate, Starting thread to transfer block, and actions related to transmitting and replicating blocks. These deviations from the normal sequences indicate an abnormal execution workflow."
160703,"['1', '7', '1', '1', '3', '4', '4', '2', '2', '2', '3', '4', '3', '8', '8', '9', '13', '1', '14', '11', '12', '2', '2', '5', '13', '1', '14', '12', '11', '2', '2', '5', '8', '8', '9', '6', '6', '6', '5', '5', '5']","[1, 7, 1, 1, 3, 4, 4, 2, 2, 2, 3, 4, 3, 8, 8, 9, 13, 1, 14, 11, 12, 2, 2, 5, 13, 1, 14, 12, 11, 2, 2, 5, 8, 8, 9, 6, 6, 6, 5, 5, 5]",entity,"The test sequence deviates significantly from the normal example sequences. In the normal examples, the sequences involve a consistent pattern of receiving blocks, initiating PacketResponders, serving blocks, and adding stored blocks. However, the test sequence introduces new actions such as BLOCK* asks datanode(s) to replicate, starting thread to transfer block, and transmitting blocks followed by receiving them. These new actions disrupt the established flow seen in the normal examples, indicating an abnormal workflow."
160864,"['1', '1', '7', '1', '3', '4', '3', '4', '2', '2', '2', '3', '4', '8', '9', '8', '13', '14', '1', '12', '11', '2', '2', '5', '1', '14', '13', '11', '12', '2', '2', '5', '8', '8', '9', '6', '6', '6', '5', '5', '5']","[1, 1, 7, 1, 3, 4, 3, 4, 2, 2, 2, 3, 4, 8, 9, 8, 13, 14, 1, 12, 11, 2, 2, 5, 1, 14, 13, 11, 12, 2, 2, 5, 8, 8, 9, 6, 6, 6, 5, 5, 5]",entity,"The test sequence deviates from the normal execution workflows as seen in the example sequences. The test sequence includes multiple inconsistencies such as the order of processes, different actions taken for the same block, and unusual repetitions of certain tasks. These deviations indicate an abnormal execution workflow."
160889,"['1', '7', '1', '1', '3', '4', '2', '2', '3', '4', '3', '4', '2', '8', '9', '8', '13', '14', '1', '11', '12', '2', '2', '5', '13', '14', '1', '11', '12', '2', '2', '5', '10', '8', '9', '8', '6', '6', '6', '5', '5', '5']","[1, 7, 1, 1, 3, 4, 2, 2, 3, 4, 3, 4, 2, 8, 9, 8, 13, 14, 1, 11, 12, 2, 2, 5, 13, 14, 1, 11, 12, 2, 2, 5, 10, 8, 9, 8, 6, 6, 6, 5, 5, 5]",entity,"The test sequence contains a mix of actions that are not consistent with the normal example sequences. In the normal examples, there is a clear pattern of receiving blocks, initiating PacketResponders, adding stored blocks, serving blocks, and deleting blocks in a sequential manner. However, the test sequence includes additional actions like BLOCK* asking datanode(s) to replicate, starting threads to transfer blocks, and successful verifications that are not present in the normal examples. This deviation from the established pattern indicates an abnormal execution workflow."
161090,"['1', '1', '7', '1', '3', '4', '3', '4', '2', '2', '2', '3', '4', '8', '8', '9', '13', '14', '1', '12', '11', '2', '2', '5', '13', '1', '14', '12', '11', '2', '2', '5', '8', '8', '9', '6', '6', '6', '5', '5', '5']","[1, 1, 7, 1, 3, 4, 3, 4, 2, 2, 2, 3, 4, 8, 8, 9, 13, 14, 1, 12, 11, 2, 2, 5, 13, 1, 14, 12, 11, 2, 2, 5, 8, 8, 9, 6, 6, 6, 5, 5, 5]",entity,"The test sequence deviates from the normal flows execution workflows seen in the examples. In the test sequence, there is a mix of actions that are not present in any of the normal examples, such as 'BLOCK* asks datanode(s) to replicate', 'Starting thread to transfer block', and 'The sequence involves the transmission of a block followed by the reception of the same block'. Additionally, the test sequence includes actions like 'deleting block file' and 'The system executed a series of operations where a block file was deleted in three consecutive steps' which are not part of any normal example. These deviations indicate an abnormal execution workflow."
161640,"['1', '1', '7', '1', '3', '4', '3', '4', '2', '2', '2', '3', '4', '8', '8', '9', '13', '1', '14', '12', '11', '2', '2', '5', '13', '14', '1', '11', '12', '2', '2', '5', '8', '9', '8', '6', '6', '6', '5', '5', '5']","[1, 1, 7, 1, 3, 4, 3, 4, 2, 2, 2, 3, 4, 8, 8, 9, 13, 1, 14, 12, 11, 2, 2, 5, 13, 14, 1, 11, 12, 2, 2, 5, 8, 9, 8, 6, 6, 6, 5, 5, 5]",entity,"The test sequence includes a mix of actions that are not consistent with the normal example sequences provided. Specifically, the test sequence includes unusual actions such as BLOCK* asking datanode(s) to replicate, starting a thread to transfer a block, and the transmission of a block followed by its reception. These actions deviate from the patterns observed in the normal example sequences, indicating an abnormal execution workflow."
161652,"['1', '1', '7', '1', '3', '4', '3', '4', '2', '2', '3', '4', '2', '10', '8', '9', '8', '8', '9', '8', '6', '6', '6', '5', '5', '5']","[1, 1, 7, 1, 3, 4, 3, 4, 2, 2, 3, 4, 2, 10, 8, 9, 8, 8, 9, 8, 6, 6, 6, 5, 5, 5]",entity,"The test sequence includes an abnormal flow as it deviates from the typical pattern seen in the normal examples. In the test sequence, the order of actions is not consistent with the normal sequences, and there are unexpected actions such as serving blocks to / before successful verification and encountering exceptions in a different order."
161922,"['1', '1', '1', '7', '3', '4', '3', '4', '2', '2', '2', '3', '4', '8', '9', '8', '10', '8', '9', '8', '6', '6', '6', '5', '5', '5']","[1, 1, 1, 7, 3, 4, 3, 4, 2, 2, 2, 3, 4, 8, 9, 8, 10, 8, 9, 8, 6, 6, 6, 5, 5, 5]",entity,"The test sequence includes multiple instances of exceptions while serving blocks and serving blocks to unknown sources, which are not present in any of the normal example sequences. Additionally, the repetitive action of deleting a block added to an invalid set three times sequentially is also not observed in the normal examples. These deviations indicate an abnormal execution workflow."
162090,"['7', '1', '1', '1', '3', '4', '4', '2', '3', '4', '3', '2', '2', '8', '9', '8', '10', '8', '9', '8', '6', '6', '6', '5', '5', '5']","[7, 1, 1, 1, 3, 4, 4, 2, 3, 4, 3, 2, 2, 8, 9, 8, 10, 8, 9, 8, 6, 6, 6, 5, 5, 5]",entity,"The test sequence includes some similar actions as the normal examples, such as receiving blocks, adding stored blocks, and serving blocks. However, the abnormality lies in the repeated exceptions encountered while serving blocks and the deletion of a block from an invalid set, which were not present in the normal examples. These deviations from the normal execution workflows suggest an abnormal flow in the test sequence."
162210,"['1', '1', '7', '1', '2', '3', '4', '3', '4', '3', '4', '2', '2', '8', '9', '8', '10', '13', '14', '1', '11', '12', '2', '2', '5', '13', '1', '14', '11', '12', '2', '2', '5', '8', '9', '8', '6', '6', '6', '5', '5', '5']","[1, 1, 7, 1, 2, 3, 4, 3, 4, 3, 4, 2, 2, 8, 9, 8, 10, 13, 14, 1, 11, 12, 2, 2, 5, 13, 1, 14, 11, 12, 2, 2, 5, 8, 9, 8, 6, 6, 6, 5, 5, 5]",entity,"The test sequence includes several inconsistencies and deviations from the normal_flows execution workflows observed in the example sequences. For example, the test sequence involves receiving a block sequentially from Process 0 to Process 1, which is not a common pattern in the normal sequences. Additionally, the test sequence includes the occurrence of exceptions while serving a block, successful verifications for the block, and the repetitive action of deleting a block added to an invalid set, which are not present in the normal examples. These deviations indicate an abnormal_flows execution workflow."
162374,"['1', '7', '1', '1', '3', '4', '3', '4', '3', '4', '2', '2', '2', '8', '9', '8', '10', '8', '9', '8', '6', '6', '6', '5', '5', '5']","[1, 7, 1, 1, 3, 4, 3, 4, 3, 4, 2, 2, 2, 8, 9, 8, 10, 8, 9, 8, 6, 6, 6, 5, 5, 5]",entity,"The test sequence includes a mixture of both normal and abnormal actions, such as encountering exceptions while serving a block, successful verifications, and deleting blocks added to an invalid set. This combination of actions deviates from the typical sequential pattern observed in the normal example sequences, indicating an abnormal execution workflow."
162523,"['7', '1', '1', '1', '3', '4', '3', '4', '3', '4', '2', '2', '2', '8', '9', '8', '10', '8', '9', '8', '6', '6', '6', '5', '5', '5']","[7, 1, 1, 1, 3, 4, 3, 4, 3, 4, 2, 2, 2, 8, 9, 8, 10, 8, 9, 8, 6, 6, 6, 5, 5, 5]",entity,"The test sequence includes several abnormal patterns such as encountering exceptions while serving blocks and successful verifications happening in between, which do not align with the normal example sequences. Additionally, the repetitive action of deleting a block added to an invalid set three times sequentially is not observed in the normal examples."
162887,"['1', '1', '7', '1', '3', '4', '3', '4', '3', '4', '2', '2', '2', '8', '9', '8', '10', '8', '9', '8', '6', '6', '6', '5', '5', '5']","[1, 1, 7, 1, 3, 4, 3, 4, 3, 4, 2, 2, 2, 8, 9, 8, 10, 8, 9, 8, 6, 6, 6, 5, 5, 5]",entity,The test sequence deviates from the normal examples by encountering multiple exceptions while serving blocks and adding blocks to an invalid set. This abnormal behavior is not present in the normal example sequences.
163619,"['7', '1']","[7, 1]",entity,"The test sequence deviates from the normal flows as it does not follow the sequential pattern of handling and receiving blocks as seen in the normal example sequences. In the normal examples, there is a consistent flow of handling and receiving blocks in a specific order, but the test sequence only includes handling and receiving one block which is different from the expected pattern."
163931,"['7', '1', '1', '1', '3', '4', '3', '4', '3', '4', '2', '2', '2', '9', '8', '9', '9', '6', '6', '6', '5', '5', '15', '5']","[7, 1, 1, 1, 3, 4, 3, 4, 3, 4, 2, 2, 2, 9, 8, 9, 9, 6, 6, 6, 5, 5, 15, 5]",entity,The test sequence deviates from the normal execution workflows as seen in the example sequences. The test sequence includes additional actions such as deleting a block file twice and encountering errors while deleting blocks. These abnormal actions indicate a deviation from the expected flow of processes observed in the normal examples.
164031,"['1', '7', '1', '1', '3', '4', '3', '4', '2', '2', '2', '3', '4', '10', '9', '8', '8', '13', '1', '14', '12', '11', '2', '2', '5', '13', '14', '1', '12', '11', '2', '2', '5', '8', '9', '6', '6', '6', '5', '5', '5']","[1, 7, 1, 1, 3, 4, 3, 4, 2, 2, 2, 3, 4, 10, 9, 8, 8, 13, 1, 14, 12, 11, 2, 2, 5, 13, 14, 1, 12, 11, 2, 2, 5, 8, 9, 6, 6, 6, 5, 5, 5]",entity,"The test sequence deviates from the normal execution workflows as seen in the examples. The test sequence includes several inconsistencies such as multiple repetitions of the same actions, alternating between initiating PacketResponders and receiving blocks, and encountering exceptions while serving blocks, which are not present in the normal examples."
164054,"['1', '1', '1', '7', '3', '4', '2', '3', '4', '3', '4', '2', '2', '8', '9', '8', '8', '9', '6', '6', '6', '5', '15', '5', '5']","[1, 1, 1, 7, 3, 4, 2, 3, 4, 3, 4, 2, 2, 8, 9, 8, 8, 9, 6, 6, 6, 5, 15, 5, 5]",entity,LLM FAILED
164456,"['7', '1', '1', '1', '3', '4', '3', '4', '3', '4', '13', '2', '2', '2', '14', '1', '12', '2', '11', '5', '9', '8', '9', '6', '6', '6', '5', '5', '5']","[7, 1, 1, 1, 3, 4, 3, 4, 3, 4, 13, 2, 2, 2, 14, 1, 12, 2, 11, 5, 9, 8, 9, 6, 6, 6, 5, 5, 5]",entity,"The test sequence includes additional processes not present in any of the normal example sequences, such as 'BLOCK* asks datanode(s) to replicate', 'Starting thread to transfer block', and 'Received block blk_'. These processes indicate a deviation from the expected workflow observed in the normal examples, suggesting an abnormal execution workflow."
164521,"['1', '7']","[1, 7]",entity,"The test sequence is abnormal because it starts with 'receiving block blk_' instead of the typical starting point 'NameSystem allocateBlock'. Additionally, the order of processes in the test sequence is different from the normal example sequences provided."
164847,"['1', '7', '1', '1', '3', '4', '3', '4', '2', '2', '2', '3', '4', '9', '8', '13', '1', '14', '11', '12', '2', '2', '5', '13', '1', '14', '12', '11', '2', '2', '5', '9', '6', '6', '6', '5', '5', '5']","[1, 7, 1, 1, 3, 4, 3, 4, 2, 2, 2, 3, 4, 9, 8, 13, 1, 14, 11, 12, 2, 2, 5, 13, 1, 14, 12, 11, 2, 2, 5, 9, 6, 6, 6, 5, 5, 5]",entity,"The test sequence includes an exception occurring while serving a block, which is not present in any of the normal example sequences. Additionally, the repetitive action of deleting a block added to an invalid set three times sequentially is also not observed in the normal examples. These deviations from the normal workflow indicate that the test sequence represents an abnormal execution workflow."
165035,"['1', '7', '1', '1', '3', '4', '3', '4', '2', '2', '2', '3', '4', '9', '8', '8', '13', '14', '1', '12', '11', '2', '2', '5', '13', '14', '1', '12', '11', '2', '2', '5', '8', '9', '8', '6', '6', '6', '5', '5', '5']","[1, 7, 1, 1, 3, 4, 3, 4, 2, 2, 2, 3, 4, 9, 8, 8, 13, 14, 1, 12, 11, 2, 2, 5, 13, 14, 1, 12, 11, 2, 2, 5, 8, 9, 8, 6, 6, 6, 5, 5, 5]",entity,"The test sequence includes several abnormal patterns such as encountering an exception while serving a block, repeating the action of deleting a block added to an invalid set, and executing a series of operations where a block file is deleted in three consecutive steps. These patterns are not present in any of the normal example sequences provided, indicating that the test sequence represents an abnormal execution workflow."
165189,"['1', '1', '7', '1', '3', '4', '3', '4', '3', '4', '2', '2', '2', '8', '9', '8', '10', '8', '9', '8', '6', '6', '6', '5', '5', '5']","[1, 1, 7, 1, 3, 4, 3, 4, 3, 4, 2, 2, 2, 8, 9, 8, 10, 8, 9, 8, 6, 6, 6, 5, 5, 5]",entity,The test sequence deviates from the normal examples by encountering multiple exceptions while serving blocks and adding blocks to an invalid set. This abnormal behavior is not present in the normal example sequences.
165393,"['1', '7', '1', '1', '3', '4', '2', '3', '4', '2', '3', '4', '2', '10', '8', '9', '8', '8', '9', '8', '6', '6', '6', '5', '5', '5']","[1, 7, 1, 1, 3, 4, 2, 3, 4, 2, 3, 4, 2, 10, 8, 9, 8, 8, 9, 8, 6, 6, 6, 5, 5, 5]",entity,"The test sequence includes multiple repetitions of initiating PacketResponders and receiving blocks, which is not seen in the normal example sequences. Additionally, the test sequence involves multiple redundant actions of adding stored blocks and serving blocks to the same destination, followed by encountering exceptions while serving blocks and deleting blocks added to an invalid set. These patterns are not present in the normal example sequences, indicating an abnormal execution workflow."
165571,"['1', '1', '7', '1', '3', '4', '3', '4', '2', '2', '2', '3', '4', '8', '8', '9', '13', '1', '14', '11', '12', '2', '2', '5', '13', '14', '2', '27', '8', '8', '9', '6', '6', '6', '5', '5', '5']",[27],status,"The log message indicates serving a block, which is a normal process in execution. However, the specific block and destination may raise concerns for further investigation."
165613,"['1', '1', '7', '1', '3', '4', '3', '4', '2', '2', '2', '3', '4', '10', '8', '9', '8', '13', '14', '1', '11', '12', '2', '2', '5', '13', '1', '14', '12', '11', '2', '2', '5', '8', '9', '8', '6', '6', '6', '5', '5', '5']","[1, 1, 7, 1, 3, 4, 3, 4, 2, 2, 2, 3, 4, 10, 8, 9, 8, 13, 14, 1, 11, 12, 2, 2, 5, 13, 1, 14, 12, 11, 2, 2, 5, 8, 9, 8, 6, 6, 6, 5, 5, 5]",entity,"The test sequence includes several inconsistencies with the normal example sequences. In the normal sequences, there is a clear and consistent flow of actions such as receiving blocks, initiating PacketResponders, adding stored blocks, serving blocks, and deleting block files. However, the test sequence introduces new actions like deleting block files, transmitting blocks, and asking datanodes to replicate, which are not present in the normal examples. Additionally, the test sequence lacks the repeated patterns and sequential actions seen in the normal examples, indicating a deviation from the expected workflow."
165917,"['1', '1', '7', '1', '3', '4', '2', '2', '3', '4', '3', '4', '2', '8', '8', '9', '13', '1', '14', '12', '11', '2', '2', '5', '13', '1', '14', '12', '11', '2', '2', '5', '8', '9', '8', '10', '6', '6', '6', '5', '5', '5']","[1, 1, 7, 1, 3, 4, 2, 2, 3, 4, 3, 4, 2, 8, 8, 9, 13, 1, 14, 12, 11, 2, 2, 5, 13, 1, 14, 12, 11, 2, 2, 5, 8, 9, 8, 10, 6, 6, 6, 5, 5, 5]",entity,"The test sequence includes multiple inconsistencies and deviations from the normal example sequences. For example, the test sequence involves receiving block blk_ sequentially from Process 0 to Process 1, which is not consistent with the normal flow. Additionally, the test sequence includes actions such as receiving a block blk_ from an unknown source and encountering an exception while serving block blk_ multiple times, which are not present in the normal examples. These inconsistencies indicate that the test sequence represents an abnormal execution workflow."
166121,"['1', '7', '1', '1', '3', '4', '3', '4', '3', '4', '2', '2', '2', '8', '9', '8', '10', '8', '9', '8', '6', '6', '6', '5', '5', '5']","[1, 7, 1, 1, 3, 4, 3, 4, 3, 4, 2, 2, 2, 8, 9, 8, 10, 8, 9, 8, 6, 6, 6, 5, 5, 5]",entity,"The test sequence includes a mixture of both normal and abnormal actions, such as encountering exceptions while serving a block, successful verifications, and deleting blocks added to an invalid set. This combination of actions deviates from the typical sequential pattern observed in the normal example sequences, indicating an abnormal execution workflow."
166277,"['1', '1', '7', '1', '3', '4', '3', '4', '2', '2', '2', '3', '4', '8', '8', '13', '14', '1', '11', '12', '2', '2', '5', '13', '1', '14', '11', '12', '2', '2', '5', '8', '8', '6', '6', '6', '5', '5', '5']","[1, 1, 7, 1, 3, 4, 3, 4, 2, 2, 2, 3, 4, 8, 8, 13, 14, 1, 11, 12, 2, 2, 5, 13, 1, 14, 11, 12, 2, 2, 5, 8, 8, 6, 6, 6, 5, 5, 5]",entity,"The test sequence includes a mix of normal processes from different example sequences, and the sequential execution pattern does not match any of the normal example sequences. Additionally, the presence of actions such as 'Serving block to /' and 'deleting a block added to an invalid set' are not part of the normal workflows provided in the examples."
166309,"['1', '7']","[1, 7]",entity,"The test sequence is abnormal because it starts with 'receiving block blk_' instead of the typical starting point 'NameSystem allocateBlock'. Additionally, the order of processes in the test sequence is different from the normal example sequences provided."
166463,"['1', '1', '7', '1', '3', '4', '3', '4', '2', '2', '2', '3', '4', '8', '9', '8', '13', '1', '14', '12', '11', '2', '2', '5', '13', '1', '14', '12', '11', '2', '2', '5', '8', '9', '8', '6', '6', '6', '5', '5', '5']","[1, 1, 7, 1, 3, 4, 3, 4, 2, 2, 2, 3, 4, 8, 9, 8, 13, 1, 14, 12, 11, 2, 2, 5, 13, 1, 14, 12, 11, 2, 2, 5, 8, 9, 8, 6, 6, 6, 5, 5, 5]",entity,"The test sequence contains multiple inconsistencies compared to the normal example sequences. It includes actions such as BLOCK* asking datanode(s) to replicate, starting threads to transfer blocks, and transmitting/receiving blocks in a different order. Additionally, the sequence involves adding stored blocks in the NameSystem multiple times, which is not consistent with the normal examples."
166616,"['1', '7', '1', '16']",[16],status,"The log message indicates an exception due to a socket timeout while waiting for a channel to be ready, which is not a normal execution process."
166622,"['7', '1', '1', '1', '3', '4', '3', '4', '3', '4', '2', '2', '2', '8', '9', '8', '10', '8', '9', '8', '6', '6', '6', '5', '5', '5']","[7, 1, 1, 1, 3, 4, 3, 4, 3, 4, 2, 2, 2, 8, 9, 8, 10, 8, 9, 8, 6, 6, 6, 5, 5, 5]",entity,"The test sequence includes several abnormal patterns such as encountering exceptions while serving blocks and successful verifications happening in between, which do not align with the normal example sequences. Additionally, the repetitive action of deleting a block added to an invalid set three times sequentially is not observed in the normal examples."
166630,"['1', '7', '1', '16']",[16],status,"The log message indicates an exception due to a socket timeout while waiting for a channel to be ready, which is not a normal execution process."
166699,"['1', '1', '7', '1', '3', '4', '3', '4', '2', '2', '3', '4', '2', '10', '8', '9', '8', '8', '9', '8', '6', '6', '6', '5', '5', '5']","[1, 1, 7, 1, 3, 4, 3, 4, 2, 2, 3, 4, 2, 10, 8, 9, 8, 8, 9, 8, 6, 6, 6, 5, 5, 5]",entity,"The test sequence includes an abnormal flow as it deviates from the typical pattern seen in the normal examples. In the test sequence, the order of actions is not consistent with the normal sequences, and there are unexpected actions such as serving blocks to / before successful verification and encountering exceptions in a different order."
166771,"['7', '1', '1', '1', '2', '3', '4', '3', '4', '2', '2', '3', '4', '8', '9', '8', '13', '1', '14', '12', '11', '2', '2', '5', '10', '13', '14', '1', '11', '12', '2', '2', '5', '8', '8', '9', '6', '6', '6', '5', '5', '5']","[7, 1, 1, 1, 2, 3, 4, 3, 4, 2, 2, 3, 4, 8, 9, 8, 13, 1, 14, 12, 11, 2, 2, 5, 10, 13, 14, 1, 11, 12, 2, 2, 5, 8, 8, 9, 6, 6, 6, 5, 5, 5]",entity,"The test sequence includes multiple actions that are not present in any of the normal example sequences, such as BLOCK* asking datanode(s) to replicate, starting thread to transfer block, and successful verification for blk_. Additionally, the sequence involves a different order of actions compared to the normal examples, indicating an abnormal execution workflow."
166821,"['1', '1', '1', '7', '3', '4', '3', '4', '3', '4', '2', '2', '2', '8', '9', '8', '10', '8', '9', '8', '6', '6', '6', '5', '5', '5']","[1, 1, 1, 7, 3, 4, 3, 4, 3, 4, 2, 2, 2, 8, 9, 8, 10, 8, 9, 8, 6, 6, 6, 5, 5, 5]",entity,"The test sequence includes an abnormal pattern where the system encounters multiple exceptions while serving blocks, which is not present in any of the normal example sequences. Additionally, the test sequence involves serving the same block multiple times consecutively, which deviates from the normal flow observed in the example sequences."
167096,"['7', '1', '1', '1', '3', '4', '3', '4', '2', '2', '2', '3', '4', '8', '9', '8', '13', '1', '14', '12', '11', '2', '2', '5', '13', '14', '1', '12', '11', '2', '2', '5', '10', '8', '9', '8', '6', '6', '6', '5', '5', '5']","[7, 1, 1, 1, 3, 4, 3, 4, 2, 2, 2, 3, 4, 8, 9, 8, 13, 1, 14, 12, 11, 2, 2, 5, 13, 14, 1, 12, 11, 2, 2, 5, 10, 8, 9, 8, 6, 6, 6, 5, 5, 5]",entity,"The test sequence deviates from the normal execution workflows seen in the examples. In the normal sequences, there is a pattern of alternating between initiating PacketResponders and receiving blocks, which is not present in the test sequence. Additionally, the test sequence includes actions such as BLOCK* asking datanodes to replicate and starting threads to transfer blocks, which are not part of the normal sequences. The abnormality is further highlighted by the lack of repetitive actions like adding stored blocks or encountering exceptions while serving blocks, which are common in the normal sequences."
167453,"['1', '1', '7', '1', '3', '4', '3', '4', '2', '2', '2', '3', '4', '8', '9', '8', '13', '1', '14', '12', '11', '2', '2', '5', '13', '1', '14', '12', '11', '2', '2', '5', '8', '9', '8', '6', '6', '6', '5', '5', '5']","[1, 1, 7, 1, 3, 4, 3, 4, 2, 2, 2, 3, 4, 8, 9, 8, 13, 1, 14, 12, 11, 2, 2, 5, 13, 1, 14, 12, 11, 2, 2, 5, 8, 9, 8, 6, 6, 6, 5, 5, 5]",entity,"The test sequence contains multiple inconsistencies compared to the normal example sequences. It includes actions such as BLOCK* asking datanode(s) to replicate, starting threads to transfer blocks, and transmitting/receiving blocks in a different order. Additionally, the sequence involves adding stored blocks in the NameSystem multiple times, which is not consistent with the normal examples."
167716,"['1', '7', '1', '1', '3', '4', '2', '3', '4', '2', '2', '3', '4', '8', '8', '9', '13', '14', '1', '12', '11', '2', '2', '5', '13', '1', '14', '12', '11', '2', '2', '5', '8', '8', '9', '6', '6', '6', '5', '5', '5']","[1, 7, 1, 1, 3, 4, 2, 3, 4, 2, 2, 3, 4, 8, 8, 9, 13, 14, 1, 12, 11, 2, 2, 5, 13, 1, 14, 12, 11, 2, 2, 5, 8, 8, 9, 6, 6, 6, 5, 5, 5]",entity,"The test sequence deviates significantly from the normal example sequences in terms of the sequence of actions, the repetition of specific actions, and the overall flow of execution. The test sequence includes unexpected actions such as BLOCK* asking datanode(s) to replicate, starting a thread to transfer a block, and transmitting and receiving blocks in a manner not consistent with the normal examples. Additionally, the test sequence lacks the repeated patterns and consistency seen in the normal examples, indicating an abnormal execution workflow."
167890,"['1', '1', '7', '1', '3', '4', '3', '4', '3', '4', '2', '2', '2', '10', '8', '9', '8', '10', '8', '9', '8', '6', '6', '6', '5', '5', '5']","[1, 1, 7, 1, 3, 4, 3, 4, 3, 4, 2, 2, 2, 10, 8, 9, 8, 10, 8, 9, 8, 6, 6, 6, 5, 5, 5]",entity,"The test sequence includes several inconsistencies and deviations from the normal example sequences. For example, the test sequence involves 50010 serving block to / multiple times, which is not present in the normal examples. Additionally, the test sequence includes an exception while serving blk_ followed by successful verification for the block, which is inconsistent with the normal examples where exceptions are followed by the action of deleting a block added to an invalid set. Overall, the test sequence deviates significantly from the patterns observed in the normal examples, indicating an abnormal execution workflow."
167955,"['1', '7', '1', '1', '3', '4', '3', '4', '2', '3', '4', '2', '2', '10', '8', '9', '8', '8', '9', '8', '6', '6', '6', '5', '5', '5']","[1, 7, 1, 1, 3, 4, 3, 4, 2, 3, 4, 2, 2, 10, 8, 9, 8, 8, 9, 8, 6, 6, 6, 5, 5, 5]",entity,"The test sequence deviates from the normal execution workflows observed in the examples. In the normal examples, there is a clear pattern of actions such as receiving blocks, initiating PacketResponders, adding stored blocks, and serving blocks. However, in the test sequence, the actions are not consistent with the patterns observed in the normal examples. Additionally, the test sequence includes actions that were not present in any of the normal examples, such as receiving blocks from an unknown source and serving blocks to a specific location multiple times."
168316,"['1', '7']","[1, 7]",entity,"The test sequence is abnormal because it starts with 'receiving block blk_' instead of the typical starting point 'NameSystem allocateBlock'. Additionally, the order of processes in the test sequence is different from the normal example sequences provided."
168368,"['1', '7', '1', '1', '3', '4', '3', '4', '2', '2', '2', '3', '4', '9', '8', '8', '13', '1', '14', '12', '11', '2', '2', '5', '13', '14', '1', '12', '11', '2', '2', '5', '8', '9', '8', '6', '6', '6', '5', '5', '5']","[1, 7, 1, 1, 3, 4, 3, 4, 2, 2, 2, 3, 4, 9, 8, 8, 13, 1, 14, 12, 11, 2, 2, 5, 13, 14, 1, 12, 11, 2, 2, 5, 8, 9, 8, 6, 6, 6, 5, 5, 5]",entity,"The test sequence deviates from the normal flow examples in multiple ways. Firstly, the test sequence includes additional steps such as BLOCK* asks datanode(s) to replicate, Starting thread to transfer block, and deleting block file, which are not present in any of the normal examples. Secondly, the test sequence lacks the repetitive pattern of PacketResponder activation and block reception seen in the normal examples. Lastly, the test sequence encounters an exception while serving a block, which is not a common occurrence in the normal examples."
168387,"['1', '1', '1', '7', '3', '4', '3', '4', '3', '4', '2', '2', '2', '8', '9', '8', '10', '8', '9', '8', '6', '6', '6', '5', '5', '5']","[1, 1, 1, 7, 3, 4, 3, 4, 3, 4, 2, 2, 2, 8, 9, 8, 10, 8, 9, 8, 6, 6, 6, 5, 5, 5]",entity,"The test sequence includes an abnormal pattern where the system encounters multiple exceptions while serving blocks, which is not present in any of the normal example sequences. Additionally, the test sequence involves serving the same block multiple times consecutively, which deviates from the normal flow observed in the example sequences."
168434,"['1', '7']","[1, 7]",entity,"The test sequence is abnormal because it starts with 'receiving block blk_' instead of the typical starting point 'NameSystem allocateBlock'. Additionally, the order of processes in the test sequence is different from the normal example sequences provided."
168672,"['1', '7', '1', '1', '3', '4', '3', '4', '3', '4', '2', '2', '2', '8', '9', '8', '10', '8', '9', '8', '6', '6', '6', '5', '5', '5']","[1, 7, 1, 1, 3, 4, 3, 4, 3, 4, 2, 2, 2, 8, 9, 8, 10, 8, 9, 8, 6, 6, 6, 5, 5, 5]",entity,"The test sequence includes a mixture of both normal and abnormal actions, such as encountering exceptions while serving a block, successful verifications, and deleting blocks added to an invalid set. This combination of actions deviates from the typical sequential pattern observed in the normal example sequences, indicating an abnormal execution workflow."
168849,"['1', '7', '1', '1', '3', '4', '3', '4', '2', '2', '2', '3', '4', '8', '9', '8', '13', '14', '1', '11', '12', '2', '2', '5', '13', '14', '1', '11', '12', '2', '2', '5', '8', '8', '9', '6', '6', '6', '5', '5', '5']","[1, 7, 1, 1, 3, 4, 3, 4, 2, 2, 2, 3, 4, 8, 9, 8, 13, 14, 1, 11, 12, 2, 2, 5, 13, 14, 1, 11, 12, 2, 2, 5, 8, 8, 9, 6, 6, 6, 5, 5, 5]",entity,"The test sequence deviates from the normal execution workflow by including steps that are not present in any of the normal examples. The test sequence includes actions such as BLOCK* asking datanode(s) to replicate, starting a thread to transfer a block, and transmitting a block named blk_. These actions are not part of the normal examples provided, indicating an abnormal execution workflow."
168916,"['1', '1', '7', '16']",[16],status,"The log message indicates an exception due to a socket timeout while waiting for a channel to be ready, which is not a normal execution process."
169067,"['1', '1', '7', '1', '3', '4', '3', '4', '2', '2', '3', '4', '2', '10', '8', '9', '8', '8', '9', '8', '6', '6', '6', '5', '5', '5']","[1, 1, 7, 1, 3, 4, 3, 4, 2, 2, 3, 4, 2, 10, 8, 9, 8, 8, 9, 8, 6, 6, 6, 5, 5, 5]",entity,"The test sequence includes an abnormal flow as it deviates from the typical pattern seen in the normal examples. In the test sequence, the order of actions is not consistent with the normal sequences, and there are unexpected actions such as serving blocks to / before successful verification and encountering exceptions in a different order."
169114,"['1', '1', '1', '7', '3', '4', '3', '4', '3', '4', '2', '2', '2', '8', '9', '8', '10', '8', '9', '8', '6', '6', '6', '5', '5', '5']","[1, 1, 1, 7, 3, 4, 3, 4, 3, 4, 2, 2, 2, 8, 9, 8, 10, 8, 9, 8, 6, 6, 6, 5, 5, 5]",entity,"The test sequence includes an abnormal pattern where the system encounters multiple exceptions while serving blocks, which is not present in any of the normal example sequences. Additionally, the test sequence involves serving the same block multiple times consecutively, which deviates from the normal flow observed in the example sequences."
169153,"['1', '7', '1', '1', '3', '4', '2', '3', '4', '2', '3', '4', '2', '8', '8', '9', '8', '9', '8', '6', '6', '6', '5', '5', '5']","[1, 7, 1, 1, 3, 4, 2, 3, 4, 2, 3, 4, 2, 8, 8, 9, 8, 9, 8, 6, 6, 6, 5, 5, 5]",entity,"The test sequence includes multiple instances of serving blocks to /, encountering exceptions while serving blocks, and deleting blocks added to an invalid set, which are not present in any of the normal example sequences. This deviation from the normal flow indicates an abnormal execution workflow."
169333,"['1', '7']","[1, 7]",entity,"The test sequence is abnormal because it starts with 'receiving block blk_' instead of the typical starting point 'NameSystem allocateBlock'. Additionally, the order of processes in the test sequence is different from the normal example sequences provided."
169600,"['1', '1', '7', '1', '3', '4', '3', '4', '2', '2', '3', '4', '2', '10', '8', '8', '9', '8', '9', '8', '6', '6', '6', '5', '5', '5']","[1, 1, 7, 1, 3, 4, 3, 4, 2, 2, 3, 4, 2, 10, 8, 8, 9, 8, 9, 8, 6, 6, 6, 5, 5, 5]",entity,The test sequence deviates from the normal execution workflows by including multiple instances of exceptions while serving blocks and deleting blocks added to an invalid set. This abnormal pattern indicates a potential issue or anomaly in the workflow.
169703,"['1', '1', '1', '7', '3', '4', '3', '4', '3', '4', '2', '2', '2', '8', '9', '8', '8', '9', '8', '6', '6', '6', '5', '5', '15', '5']","[1, 1, 1, 7, 3, 4, 3, 4, 3, 4, 2, 2, 2, 8, 9, 8, 8, 9, 8, 6, 6, 6, 5, 5, 15, 5]",entity,"The test sequence includes additional actions such as '50010 serving block to /', 'Error deleting block blk_', and 'deleting block file' which are not present in any of the normal example sequences. These extra actions indicate an abnormal execution workflow."
169883,"['1', '7', '1', '1', '3', '4', '3', '4', '2', '2', '2', '3', '4', '8', '8', '8', '6', '6', '6', '8', '5', '5', '5']","[1, 7, 1, 1, 3, 4, 3, 4, 2, 2, 2, 3, 4, 8, 8, 8, 6, 6, 6, 8, 5, 5, 5]",entity,"The test sequence deviates from the normal execution workflows seen in the examples. In particular, the sequence involves serving a block to the root directory three times consecutively, which is not a typical behavior observed in the normal example sequences. Additionally, the test sequence includes actions such as serving block 50010 to / and deleting a block added to an invalid set, which are not present in the normal examples. These deviations indicate an abnormal execution workflow."
169912,"['1', '1', '1', '7', '3', '4', '3', '4', '3', '4', '2', '2', '2', '8', '9', '8', '10', '8', '9', '8', '6', '6', '6', '5', '5', '5']","[1, 1, 1, 7, 3, 4, 3, 4, 3, 4, 2, 2, 2, 8, 9, 8, 10, 8, 9, 8, 6, 6, 6, 5, 5, 5]",entity,"The test sequence includes an abnormal pattern where the system encounters multiple exceptions while serving blocks, which is not present in any of the normal example sequences. Additionally, the test sequence involves serving the same block multiple times consecutively, which deviates from the normal flow observed in the example sequences."
169986,"['1', '1', '1', '7', '3', '4', '3', '4', '3', '4', '2', '2', '2', '8', '8', '9', '8', '8', '9', '6', '6', '6', '5', '15', '5', '5']","[1, 1, 1, 7, 3, 4, 3, 4, 3, 4, 2, 2, 2, 8, 8, 9, 8, 8, 9, 6, 6, 6, 5, 15, 5, 5]",entity,"The test sequence deviates from the normal execution workflows in the examples provided. In the normal examples, the sequence involves serving blocks to specific locations and encountering exceptions while serving blocks. However, the test sequence introduces new actions such as deleting a block added to an invalid set and deleting block files, which are not present in the normal examples. These new actions indicate an abnormal execution workflow."
170107,"['1', '7', '1', '1', '2', '3', '4', '3', '4', '3', '4', '2', '2', '8', '9', '8', '8', '9', '8', '6', '6', '6', '5', '5', '5']","[1, 7, 1, 1, 2, 3, 4, 3, 4, 3, 4, 2, 2, 8, 9, 8, 8, 9, 8, 6, 6, 6, 5, 5, 5]",entity,"The test sequence deviates from the normal examples by including serving block to / and exceptions while serving blocks in a different order, which indicates an abnormal execution flow."
170673,"['7', '1', '1', '1', '3', '4', '3', '4', '3', '4', '2', '2', '2', '8', '9', '8', '6', '6', '6', '5', '9', '5', '5']","[7, 1, 1, 1, 3, 4, 3, 4, 3, 4, 2, 2, 2, 8, 9, 8, 6, 6, 6, 5, 9, 5, 5]",entity,"The test sequence contains a different execution flow compared to the normal examples. In the normal examples, after serving a block to / (step 4), the next step is usually encountering an exception while serving a block (step 5), followed by deleting a block from an invalid set three times sequentially. However, in the test sequence, after serving a block to / (step 4), it directly encounters an exception while serving a block (step 5), which breaks the expected flow of the normal examples."
170938,"['1', '7', '1', '1', '3', '4', '3', '4', '2', '3', '4', '2', '19', '2', '10', '8', '8', '9', '8', '8', '9', '6', '6', '6', '5', '5', '5']",[19],status,"The log message indicates a SocketTimeoutException, which is an abnormal condition indicating a timeout while waiting for a channel to be ready for read."
170945,"['1', '1', '7', '1', '3', '4', '3', '4', '2', '2', '2', '3', '4', '10', '8', '9', '8', '14', '13', '1', '11', '12', '2', '2', '5', '13', '14', '1', '12', '11', '2', '2', '5', '9', '8', '8', '6', '6', '6', '5', '5', '5']","[1, 1, 7, 1, 3, 4, 3, 4, 2, 2, 2, 3, 4, 10, 8, 9, 8, 14, 13, 1, 11, 12, 2, 2, 5, 13, 14, 1, 12, 11, 2, 2, 5, 9, 8, 8, 6, 6, 6, 5, 5, 5]",entity,"The test sequence includes several inconsistencies and deviations from the normal example sequences. For example, the test sequence involves receiving a block sequentially from Process 0 to Process 1, which is not a common pattern in the normal sequences. Additionally, the test sequence includes actions such as starting a thread to transfer a block and asking datanode(s) to replicate, which are not present in the normal examples. These deviations suggest an abnormal execution workflow."
170981,"['1', '1', '7', '1', '3', '4', '3', '4', '2', '2', '2', '3', '4', '8', '9', '8', '10', '8', '9', '8', '6', '6', '6', '5', '5', '5']","[1, 1, 7, 1, 3, 4, 3, 4, 2, 2, 2, 3, 4, 8, 9, 8, 10, 8, 9, 8, 6, 6, 6, 5, 5, 5]",entity,"The test sequence includes an abnormal pattern of encountering exceptions while serving blocks and serving blocks to an unknown source, which is not present in the normal example sequences. Additionally, the repetitive action of serving blocks to an unknown source and encountering exceptions repeatedly is indicative of an abnormal workflow."
170993,"['1', '7', '1', '1', '3', '4', '3', '4', '3', '4', '2', '2', '2', '8', '9', '8', '10', '8', '9', '8', '6', '6', '6', '5', '5', '5']","[1, 7, 1, 1, 3, 4, 3, 4, 3, 4, 2, 2, 2, 8, 9, 8, 10, 8, 9, 8, 6, 6, 6, 5, 5, 5]",entity,"The test sequence includes a mixture of both normal and abnormal actions, such as encountering exceptions while serving a block, successful verifications, and deleting blocks added to an invalid set. This combination of actions deviates from the typical sequential pattern observed in the normal example sequences, indicating an abnormal execution workflow."
171012,"['1', '7', '1', '1', '3', '4', '3', '4', '3', '4', '2', '2', '2', '8', '9', '8', '6', '6', '6', '5', '5', '5', '9', '9', '9', '9', '9', '9']","[1, 7, 1, 1, 3, 4, 3, 4, 3, 4, 2, 2, 2, 8, 9, 8, 6, 6, 6, 5, 5, 5, 9, 9, 9, 9, 9, 9]",entity,"The test sequence deviates from the normal execution workflows seen in the example sequences. The presence of multiple exceptions while serving the block, along with the repetitive deletion of a block added to an invalid set and encountering exceptions during block serving multiple times, indicates an abnormal execution flow."
171185,"['1', '1', '7', '1', '3', '4', '3', '4', '2', '2', '2', '3', '4', '8', '8', '13', '1', '14', '11', '12', '2', '2', '5', '10', '13', '14', '1', '12', '11', '2', '2', '5', '6', '6', '6', '5', '5', '5']","[1, 1, 7, 1, 3, 4, 3, 4, 2, 2, 2, 3, 4, 8, 8, 13, 1, 14, 11, 12, 2, 2, 5, 10, 13, 14, 1, 12, 11, 2, 2, 5, 6, 6, 6, 5, 5, 5]",entity,"The test sequence deviates from the normal execution workflows seen in the example sequences. The test sequence includes actions that are not present in the normal examples, such as serving block to an unknown destination, serving block to / twice in a row, and successful verification for blk_. Additionally, the sequence does not follow the expected pattern of actions seen in the normal examples, making it an abnormal execution workflow."
171285,"['1', '1', '1', '7', '3', '4', '3', '4', '3', '4', '2', '2', '2', '10', '8', '8', '6', '6', '6', '5', '5', '15', '5']","[1, 1, 1, 7, 3, 4, 3, 4, 3, 4, 2, 2, 2, 10, 8, 8, 6, 6, 6, 5, 5, 15, 5]",entity,"The test sequence includes several discrepancies compared to the normal example sequences. In the normal examples, there is no mention of deleting a block file twice or encountering an error while deleting a block. Additionally, the test sequence does not follow the sequential pattern of actions observed in the normal sequences, making it inconsistent and indicating an abnormal execution workflow."
171290,"['1', '1', '7', '1', '3', '4', '3', '4', '2', '2', '2', '3', '4', '10', '8', '9', '8', '13', '14', '1', '12', '11', '2', '2', '5', '13', '14', '1', '12', '11', '2', '2', '5', '6', '6', '6', '5', '5', '5']","[1, 1, 7, 1, 3, 4, 3, 4, 2, 2, 2, 3, 4, 10, 8, 9, 8, 13, 14, 1, 12, 11, 2, 2, 5, 13, 14, 1, 12, 11, 2, 2, 5, 6, 6, 6, 5, 5, 5]",entity,"The test sequence includes multiple inconsistencies and deviations from the normal example sequences. For instance, the alternating pattern of initiating PacketResponders and receiving blocks is not present in any of the normal examples. Additionally, the sequence of events regarding successful block verification, serving blocks, and block replication is out of order compared to the normal examples. The abnormal sequence also includes additional steps such as deleting block files and starting thread transfers, which are not part of the normal workflows."
171340,"['1', '1', '1', '7', '4', '3', '4', '3', '4', '2', '2', '2', '3', '10', '8', '8', '9', '8', '8', '9', '6', '6', '6', '5', '5', '5']","[3, 10]",action,"The test sequence includes a successful verification for blk_, which is followed by an exception while serving blk_. This sequence does not match any of the normal example sequences provided, indicating an abnormal execution workflow."
171482,"['7', '1', '1', '1', '3', '4', '3', '4', '2', '2', '2', '3', '4', '8', '8', '9', '6', '6', '6', '9', '5', '5', '8', '9', '5']","[7, 1, 1, 1, 3, 4, 3, 4, 2, 2, 2, 3, 4, 8, 8, 9, 6, 6, 6, 9, 5, 5, 8, 9, 5]",entity,"The test sequence includes abnormal behavior such as encountering exceptions while serving blocks, deleting a block that was added to an invalid set multiple times, and deleting a block file twice. These actions deviate from the expected normal execution workflows seen in the example sequences."
171579,"['1', '1', '1', '7', '3', '4', '3', '4', '3', '4', '2', '2', '2', '8', '9', '8', '6', '6', '6', '9', '5', '5', '15', '5']","[1, 1, 1, 7, 3, 4, 3, 4, 3, 4, 2, 2, 2, 8, 9, 8, 6, 6, 6, 9, 5, 5, 15, 5]",entity,The test sequence includes additional actions such as 'Error deleting block blk_' and 'deleting block file' which are not present in any of the normal example sequences. This deviation from the expected workflow indicates an abnormal execution flow.
171585,"['1', '7']","[1, 7]",entity,"The test sequence is abnormal because it starts with 'receiving block blk_' instead of the typical starting point 'NameSystem allocateBlock'. Additionally, the order of processes in the test sequence is different from the normal example sequences provided."
171783,"['1', '7']","[1, 7]",entity,"The test sequence is abnormal because it starts with 'receiving block blk_' instead of the typical starting point 'NameSystem allocateBlock'. Additionally, the order of processes in the test sequence is different from the normal example sequences provided."
171828,"['1', '1', '1', '7', '3', '4', '3', '4', '3', '4', '2', '2', '2', '8', '8', '6', '6', '6', '5', '15', '5', '5']","[1, 1, 1, 7, 3, 4, 3, 4, 3, 4, 2, 2, 2, 8, 8, 6, 6, 6, 5, 15, 5, 5]",entity,"The test sequence deviates from the normal execution workflows seen in the examples provided. In the normal examples, the sequence involves deleting a block that was added to an invalid set three times in a sequential manner, while the test sequence only deletes the block file once and encounters an error while deleting another block. Additionally, the test sequence includes an action of deleting a block file which is not present in the normal examples."
172035,"['1', '1', '7', '1', '3', '4', '3', '4', '2', '2', '2', '3', '4', '9', '8', '13', '1', '14', '11', '12', '2', '2', '5', '13', '1', '14', '11', '12', '2', '2', '5', '9', '6', '6', '6', '5', '5', '5']","[1, 1, 7, 1, 3, 4, 3, 4, 2, 2, 2, 3, 4, 9, 8, 13, 1, 14, 11, 12, 2, 2, 5, 13, 1, 14, 11, 12, 2, 2, 5, 9, 6, 6, 6, 5, 5, 5]",entity,"The test sequence deviates from the normal execution workflows seen in the examples. The presence of exceptions while serving blocks, repeated deletion of blocks, and abnormal block reception/transmission patterns indicate an abnormal execution flow."
172154,"['1', '1', '7', '1', '3', '4', '3', '4', '2', '3', '4', '2', '2', '10', '8', '9', '8', '6', '6', '6', '5', '9', '9', '5', '9', '5']","[1, 1, 7, 1, 3, 4, 3, 4, 2, 3, 4, 2, 2, 10, 8, 9, 8, 6, 6, 6, 5, 9, 9, 5, 9, 5]",entity,"The test sequence deviates from the normal execution workflows seen in the examples by including multiple instances of deleting block files and encountering exceptions while serving blocks in a sequential manner. This pattern is not observed in the normal example sequences, indicating abnormal execution."
172164,"['1', '1', '7', '1', '3', '4', '3', '4', '3', '4', '2', '2', '2', '9', '8', '8', '9', '8', '6', '6', '6', '5', '8', '5', '5']","[1, 1, 7, 1, 3, 4, 3, 4, 3, 4, 2, 2, 2, 9, 8, 8, 9, 8, 6, 6, 6, 5, 8, 5, 5]",entity,"The test sequence includes additional actions such as 'deleting block file' and '50010 serving block to /' that are not present in any of the normal example sequences. These extra actions indicate deviations from the typical normal execution workflows, suggesting an abnormal_flows execution workflow."
172285,"['1', '1', '1', '7', '3', '4', '3', '4', '2', '2', '2', '3', '4', '9', '10', '8', '9', '6', '6', '6', '5', '5', '5']","[3, 4, 9, 10]",action,"The test sequence deviates from the normal execution workflows as it has an 'Exception while serving blk_' before 'Successful verification for blk_'. In the normal examples, 'Successful verification for blk_' always comes after 'Exception while serving blk_'. This indicates an abnormal flow in the test sequence."
172316,"['1', '1', '7', '16']",[16],status,"The log message indicates an exception due to a socket timeout while waiting for a channel to be ready, which is not a normal execution process."
172474,"['1', '1', '1', '7', '3', '4', '2', '2', '2', '3', '4', '3', '4', '8', '8', '9', '10', '8', '8', '6', '6', '6', '5', '5', '9', '5']","[1, 1, 1, 7, 3, 4, 2, 2, 2, 3, 4, 3, 4, 8, 8, 9, 10, 8, 8, 6, 6, 6, 5, 5, 9, 5]",entity,"The test sequence includes actions that deviate from the normal execution workflows observed in the examples. For example, the test sequence involves deleting a block added to an invalid set, which is not a typical action in the normal examples. Additionally, the test sequence includes deleting a block file twice, which is not part of the normal execution workflows. These deviations indicate an abnormal execution flow."
172514,"['7', '1', '1', '1', '3', '4', '2', '2', '2', '3', '4', '3', '4', '9', '8', '8', '13', '1', '14', '12', '11', '2', '2', '5', '13', '14', '1', '11', '12', '2', '2', '5', '6', '6', '6', '5', '5', '5']","[7, 1, 1, 1, 3, 4, 2, 2, 2, 3, 4, 3, 4, 9, 8, 8, 13, 1, 14, 12, 11, 2, 2, 5, 13, 14, 1, 11, 12, 2, 2, 5, 6, 6, 6, 5, 5, 5]",entity,"The test sequence deviates from the normal_flows execution workflows seen in the examples. The abnormality is evident in the differences such as receiving block blk_ from an unknown source, responding to a packet related to block blk_, and the sequence of serving blocks to / followed by an exception while serving the block. These deviations indicate an abnormal_flows execution workflow."
172515,"['7', '1', '1', '16']",[16],status,"The log message indicates an exception due to a socket timeout while waiting for a channel to be ready, which is not a normal execution process."
172529,"['1', '1', '1', '7', '3', '4', '3', '4', '3', '4', '2', '2', '2', '8', '8', '9', '8', '8', '6', '6', '6', '5', '9', '5', '5']","[1, 1, 1, 7, 3, 4, 3, 4, 3, 4, 2, 2, 2, 8, 8, 9, 8, 8, 6, 6, 6, 5, 9, 5, 5]",entity,"The test sequence includes additional actions such as deleting a block file and deleting a block that was added to an invalid set, which are not present in any of the normal example sequences. This deviation from the normal sequences indicates an abnormal execution workflow."
172637,"['1', '7', '1', '1', '3', '4', '3', '4', '2', '2', '2', '3', '4', '9', '8', '13', '1', '14', '11', '12', '2', '2', '5', '13', '14', '1', '12', '11', '2', '2', '5', '9', '6', '6', '6', '5', '5', '5']","[1, 7, 1, 1, 3, 4, 3, 4, 2, 2, 2, 3, 4, 9, 8, 13, 1, 14, 11, 12, 2, 2, 5, 13, 14, 1, 12, 11, 2, 2, 5, 9, 6, 6, 6, 5, 5, 5]",entity,"The test sequence deviates from the normal flow examples by including an exception while serving a block, which is not present in any of the normal sequences. Additionally, the repetitive action of deleting a block added to an invalid set three times sequentially is also not observed in the normal examples, indicating an abnormal execution workflow."
172685,"['1', '1', '7', '1', '3', '4', '3', '4', '3', '4', '2', '2', '2', '9', '8', '8', '6', '6', '6', '5', '5', '9', '5']","[1, 1, 7, 1, 3, 4, 3, 4, 3, 4, 2, 2, 2, 9, 8, 8, 6, 6, 6, 5, 5, 9, 5]",entity,"The test sequence deviates from the normal execution workflows seen in the examples. In the test sequence, there are inconsistencies such as serving block to / twice in a row, deleting a block file twice, and encountering exceptions at unexpected points in the workflow. These deviations indicate an abnormal execution flow."
172717,"['1', '7', '1', '1', '3', '4', '3', '4', '2', '2', '2', '3', '4', '8', '8', '9', '13', '14', '1', '12', '11', '2', '2', '5', '13', '1', '14', '12', '11', '2', '2', '5', '6', '6', '6', '5', '5', '5']","[1, 7, 1, 1, 3, 4, 3, 4, 2, 2, 2, 3, 4, 8, 8, 9, 13, 14, 1, 12, 11, 2, 2, 5, 13, 1, 14, 12, 11, 2, 2, 5, 6, 6, 6, 5, 5, 5]",entity,"The test sequence includes several anomalies compared to the normal examples. The abnormality is evident in the repeated execution of actions such as serving block to /, an unknown source, and transmitting block blk_, which deviates from the expected workflow observed in the normal examples. Additionally, the sequential execution of deleting a block added to an invalid set and deleting a block file in three consecutive steps indicates a deviation from the typical flow observed in the normal examples."
172722,"['7', '1', '1', '1', '3', '4', '3', '4', '3', '4', '2', '19', '2', '2', '8', '8', '9', '6', '6', '6', '5', '5', '5']",[19],status,"The log message indicates a SocketTimeoutException, which is an abnormal condition indicating a timeout while waiting for a channel to be ready for read."
172861,"['1', '1', '1', '7', '3', '4', '3', '4', '3', '4', '2', '2', '2', '8', '8', '9', '8', '6', '6', '6', '9', '5', '5', '8', '5']","[1, 1, 1, 7, 3, 4, 3, 4, 3, 4, 2, 2, 2, 8, 8, 9, 8, 6, 6, 6, 9, 5, 5, 8, 5]",entity,"The test sequence introduces new actions such as deleting a block file twice and deleting a block file, which are not present in any of the normal example sequences. Additionally, the test sequence does not follow the alternating actions of PacketResponder for block blk_ and receiving block blk_ from / as seen in the normal examples."
172886,"['1', '7', '1', '1', '3', '4', '3', '4', '3', '4', '2', '2', '2', '8', '9', '8', '8', '9', '6', '6', '6', '8', '5', '5', '5']","[1, 7, 1, 1, 3, 4, 3, 4, 3, 4, 2, 2, 2, 8, 9, 8, 8, 9, 6, 6, 6, 8, 5, 5, 5]",entity,"The test sequence includes a different order of actions compared to the normal examples. In the normal examples, after encountering an exception while serving a block, the system performs the action of deleting a block added to an invalid set three times sequentially. However, in the test sequence, after encountering the exception, the system performs the action of serving block to / multiple times before deleting a block added to an invalid set. This deviation in the order of actions indicates an abnormal execution workflow."
172937,"['1', '7', '1', '1', '3', '4', '3', '4', '3', '4', '2', '2', '2', '8', '9', '8', '10', '8', '9', '8', '6', '6', '6', '5', '5', '5']","[1, 7, 1, 1, 3, 4, 3, 4, 3, 4, 2, 2, 2, 8, 9, 8, 10, 8, 9, 8, 6, 6, 6, 5, 5, 5]",entity,"The test sequence includes a mixture of both normal and abnormal actions, such as encountering exceptions while serving a block, successful verifications, and deleting blocks added to an invalid set. This combination of actions deviates from the typical sequential pattern observed in the normal example sequences, indicating an abnormal execution workflow."
173197,"['7', '1', '1', '1', '3', '4', '2', '3', '4', '2', '2', '3', '4', '8', '9', '8', '13', '1', '14', '12', '11', '2', '2', '5', '13', '1', '14', '11', '12', '2', '2', '5', '8', '9', '8', '6', '6', '6', '5', '5', '5']","[7, 1, 1, 1, 3, 4, 2, 3, 4, 2, 2, 3, 4, 8, 9, 8, 13, 1, 14, 12, 11, 2, 2, 5, 13, 1, 14, 11, 12, 2, 2, 5, 8, 9, 8, 6, 6, 6, 5, 5, 5]",entity,"The test sequence deviates significantly from the normal examples provided. The test sequence involves a mix of actions that are not consistent with the patterns observed in the normal sequences, such as repeated initiation of PacketResponder for the same block, alternating actions of receiving blocks from unknown sources, and inconsistent block serving and replication requests. Additionally, the repeated deletion of block files and adding to an invalid set in the test sequence is not aligned with the sequential and consistent actions seen in the normal examples."
173298,"['7', '1', '1', '1', '3', '4', '3', '4', '2', '2', '2', '3', '4', '8', '9', '8', '13', '1', '14', '12', '11', '2', '2', '5', '13', '1', '14', '11', '12', '2', '2', '5', '6', '6', '6', '5', '5', '5']","[7, 1, 1, 1, 3, 4, 3, 4, 2, 2, 2, 3, 4, 8, 9, 8, 13, 1, 14, 12, 11, 2, 2, 5, 13, 1, 14, 11, 12, 2, 2, 5, 6, 6, 6, 5, 5, 5]",entity,"The test sequence includes several abnormal actions such as receiving a block from an unknown source, serving a block with exceptions, and deleting a block from an invalid set multiple times. These actions deviate from the normal execution workflows observed in the example sequences."
173334,"['1', '1', '7', '1', '3', '4', '2', '4', '3', '4', '2', '2', '3', '8', '8', '9', '13', '1', '14', '12', '11', '2', '2', '5', '13', '14', '1', '12', '11', '2', '2', '5', '6', '6', '6', '5', '5', '5']","[1, 1, 7, 1, 3, 4, 2, 4, 3, 4, 2, 2, 3, 8, 8, 9, 13, 1, 14, 12, 11, 2, 2, 5, 13, 14, 1, 12, 11, 2, 2, 5, 6, 6, 6, 5, 5, 5]",entity,"The test sequence includes several inconsistencies and deviations from the normal flows execution workflows observed in the example sequences. These include unknown sources for block reception, multiple instances of transferring and handling the same block, and abnormal actions like serving block to unknown destinations. Additionally, the repeated deletion of blocks added to an invalid set and the sequential deletion of block files are not typical behaviors seen in the normal examples."
173344,"['1', '1', '1', '7', '3', '4', '3', '4', '2', '2', '2', '3', '4', '9', '8', '8', '10', '6', '6', '6', '9', '5', '5', '5']","[10, 6, 6, 6, 9]",action,"The test sequence deviates from the normal examples by having the 'Successful verification for blk_' process before 'The sequence involves the action of deleting a block that was added to an invalid set. This action is repeated three times in a sequential manner.' process, whereas in the normal examples, this order is reversed. Additionally, the 'Exception while serving blk_' process is at the end of the test sequence, which is different from the normal examples where it appears at the beginning."
173362,"['1', '7']","[1, 7]",entity,"The test sequence is abnormal because it starts with 'receiving block blk_' instead of the typical starting point 'NameSystem allocateBlock'. Additionally, the order of processes in the test sequence is different from the normal example sequences provided."
173394,"['1', '7', '1', '1', '3', '4', '3', '4', '2', '2', '3', '4', '2', '8', '9', '8', '13', '14', '1', '12', '11', '2', '2', '5', '13', '14', '1', '12', '11', '2', '2', '5', '6', '6', '6', '5', '5', '5']","[1, 7, 1, 1, 3, 4, 3, 4, 2, 2, 3, 4, 2, 8, 9, 8, 13, 14, 1, 12, 11, 2, 2, 5, 13, 14, 1, 12, 11, 2, 2, 5, 6, 6, 6, 5, 5, 5]",entity,"The test sequence includes several abnormal actions such as receiving a block from an unknown source, serving a block with exceptions, and adding a block to an invalid set. These actions are not present in the normal example sequences, indicating that the test sequence is abnormal."
173433,"['1', '7', '1', '1', '3', '4', '3', '4', '2', '2', '3', '4', '2', '8', '8', '9', '8', '6', '6', '6', '5', '5', '8', '5', '9', '9', '9', '9', '9', '9']","[1, 7, 1, 1, 3, 4, 3, 4, 2, 2, 3, 4, 2, 8, 8, 9, 8, 6, 6, 6, 5, 5, 8, 5, 9, 9, 9, 9, 9, 9]",entity,"The test sequence contains several abnormal patterns, such as receiving blocks sequentially, alternating between initiating PacketResponders and receiving blocks, and encountering exceptions while serving blocks multiple times in a sequential manner. Additionally, the repeated action of deleting a block added to an invalid set and deleting a block file multiple times are indicators of abnormal execution workflows."
173526,"['1', '7', '1', '1', '3', '4', '3', '4', '3', '4', '2', '2', '2', '9', '8', '9', '10', '9', '6', '6', '6', '5', '5', '5']","[9, 10, 9, 6, 6, 6]",action,"The test sequence includes an abnormal pattern of encountering exceptions while serving a block in a non-sequential order, which is different from the normal examples where the exceptions were encountered sequentially. This deviation from the normal pattern indicates an abnormal execution workflow."
173552,"['7', '1']","[7, 1]",entity,"The test sequence deviates from the normal flows as it does not follow the sequential pattern of handling and receiving blocks as seen in the normal example sequences. In the normal examples, there is a consistent flow of handling and receiving blocks in a specific order, but the test sequence only includes handling and receiving one block which is different from the expected pattern."
173675,"['1', '1', '7', '1', '3', '4', '3', '4', '2', '2', '2', '3', '4', '10', '8', '9', '8', '13', '14', '1', '11', '12', '2', '2', '5', '13', '1', '14', '12', '11', '2', '2', '5', '6', '6', '6', '5', '5', '5']","[1, 1, 7, 1, 3, 4, 3, 4, 2, 2, 2, 3, 4, 10, 8, 9, 8, 13, 14, 1, 11, 12, 2, 2, 5, 13, 1, 14, 12, 11, 2, 2, 5, 6, 6, 6, 5, 5, 5]",entity,"The test sequence includes several anomalies compared to the normal example sequences. Specifically, the test sequence involves the initiation of PacketResponder for a specific block, which is not present in the normal examples. Additionally, the sequence includes the occurrence of an exception while serving a block, which is not a common pattern in the normal sequences. Furthermore, the test sequence involves the repeated action of deleting a block that was added to an invalid set, which is also not observed in the normal examples. These deviations from the normal sequences indicate an abnormal execution workflow."
173739,"['1', '1', '1', '7', '3', '4', '3', '4', '3', '4', '2', '2', '2', '10', '8', '8', '9', '6', '6', '6', '5', '5', '15', '5']","[1, 1, 1, 7, 3, 4, 3, 4, 3, 4, 2, 2, 2, 10, 8, 8, 9, 6, 6, 6, 5, 5, 15, 5]",entity,"The test sequence contains several inconsistencies compared to the normal example sequences. For example, the test sequence includes a successful verification for blk_ which is not present in the normal examples. Additionally, the test sequence involves serving block to / multiple times in a row, which is different from the alternating actions seen in the normal examples. Furthermore, the test sequence contains errors such as Error deleting block blk_ and deleting block file, which are not present in the normal examples. These discrepancies suggest that the test sequence represents an abnormal execution workflow."
173809,"['1', '7', '1', '1', '3', '4', '3', '4', '3', '4', '2', '2', '2', '8', '9', '8', '6', '6', '6', '5', '5', '5', '9']","[1, 7, 1, 1, 3, 4, 3, 4, 3, 4, 2, 2, 2, 8, 9, 8, 6, 6, 6, 5, 5, 5, 9]",entity,The test sequence deviates from the normal examples by including an additional step of 'Exception while serving blk_' after the deletion of a block added to an invalid set. This extra step indicates an abnormal execution flow compared to the normal sequences.
174339,"['1', '1', '1', '7', '3', '4', '3', '4', '3', '4', '2', '2', '2', '8', '8', '9', '6', '6', '6', '8', '5', '5', '9', '5', '9']","[1, 1, 1, 7, 3, 4, 3, 4, 3, 4, 2, 2, 2, 8, 8, 9, 6, 6, 6, 8, 5, 5, 9, 5, 9]",entity,"The test sequence deviates from the normal execution workflows seen in the examples. In the normal examples, the system encountered an exception while serving a block only twice in a row, but in the test sequence, it is followed by repetitive actions of deleting a block added to an invalid set three times sequentially. Additionally, the test sequence includes different actions like '50010 serving block to /' and 'deleting block file' which are not present in the normal examples."
174506,"['7', '1', '1', '1', '3', '4', '3', '4', '3', '4', '2', '2', '2', '8', '8', '9', '8', '6', '6', '6', '8', '5', '5', '5']","[7, 1, 1, 1, 3, 4, 3, 4, 3, 4, 2, 2, 2, 8, 8, 9, 8, 6, 6, 6, 8, 5, 5, 5]",entity,The test sequence includes an additional step of '50010 serving block to /' which is not present in any of the normal example sequences. This deviation from the normal flow indicates an abnormal execution workflow.
174562,"['1', '7', '1', '1', '3', '4', '3', '4', '3', '4', '2', '2', '2', '9', '8', '8', '8', '6', '6', '6', '9', '8', '5', '5', '5']","[1, 7, 1, 1, 3, 4, 3, 4, 3, 4, 2, 2, 2, 9, 8, 8, 8, 6, 6, 6, 9, 8, 5, 5, 5]",entity,"The test sequence includes an abnormal action of serving a block to the root directory three times consecutively, which is not present in any of the normal example sequences. Additionally, the abnormal action of serving a block to the root directory is followed by the execution of deleting a block added to an invalid set, which is also not seen in the normal examples."
174589,"['1', '7']","[1, 7]",entity,"The test sequence is abnormal because it starts with 'receiving block blk_' instead of the typical starting point 'NameSystem allocateBlock'. Additionally, the order of processes in the test sequence is different from the normal example sequences provided."
174665,"['1', '7', '1', '1', '3', '4', '3', '4', '2', '2', '2', '3', '4', '8', '8', '9', '14', '13', '1', '12', '11', '2', '2', '5', '13', '14', '1', '11', '12', '2', '2', '5', '8', '8', '6', '6', '6', '5', '5', '9', '9', '9', '5']","[1, 7, 1, 1, 3, 4, 3, 4, 2, 2, 2, 3, 4, 8, 8, 9, 14, 13, 1, 12, 11, 2, 2, 5, 13, 14, 1, 11, 12, 2, 2, 5, 8, 8, 6, 6, 6, 5, 5, 9, 9, 9, 5]",entity,"The test sequence deviates from the normal execution workflows observed in the context. In the normal examples, the sequences involve a specific pattern of receiving blocks, initiating PacketResponders, adding stored blocks, and handling exceptions. However, in the test sequence, there are inconsistencies such as starting thread to transfer block, BLOCK* asking datanode(s) to replicate, and a different order of actions compared to the normal examples. Additionally, the repeated deletion of block files and encountering exceptions while serving blocks in a sequential manner are not consistent with the normal workflows. These deviations suggest that the test sequence indicates an abnormal execution workflow."
174819,"['7', '1', '1', '1', '3', '4', '3', '4', '2', '2', '2', '3', '4', '8', '8', '9', '13', '1', '14', '12', '11', '2', '2', '5', '13', '14', '1', '12', '11', '2', '2', '5', '6', '6', '6', '5', '5', '5']","[7, 1, 1, 1, 3, 4, 3, 4, 2, 2, 2, 3, 4, 8, 8, 9, 13, 1, 14, 12, 11, 2, 2, 5, 13, 14, 1, 12, 11, 2, 2, 5, 6, 6, 6, 5, 5, 5]",entity,"The test sequence includes multiple discrepancies compared to the normal examples. The test sequence involves an unusual sequence of events, such as serving blocks to unknown locations, receiving blocks from unknown sources, and repeatedly deleting blocks added to an invalid set. These deviations from the normal flow indicate an abnormal execution workflow."
174956,"['1', '1', '1', '7', '3', '4', '3', '4', '3', '4', '2', '2', '2', '8', '9', '8', '8', '6', '6', '6', '9', '5', '5', '8', '5']","[1, 1, 1, 7, 3, 4, 3, 4, 3, 4, 2, 2, 2, 8, 9, 8, 8, 6, 6, 6, 9, 5, 5, 8, 5]",entity,"The test sequence differs from the normal examples in multiple ways. In the test sequence, there are additional actions such as deleting a block file twice and deleting a block file at the end, which are not present in any of the normal examples. Additionally, the test sequence does not follow the sequential pattern seen in the normal examples, making it an abnormal execution workflow."
175043,"['1', '1', '7', '1', '2', '3', '4', '3', '4', '3', '4', '2', '2', '10', '8', '8', '9', '13', '14', '1', '11', '12', '2', '2', '5', '13', '1', '14', '11', '12', '2', '2', '5', '6', '6', '6', '5', '5', '5']","[1, 1, 7, 1, 2, 3, 4, 3, 4, 3, 4, 2, 2, 10, 8, 8, 9, 13, 14, 1, 11, 12, 2, 2, 5, 13, 1, 14, 11, 12, 2, 2, 5, 6, 6, 6, 5, 5, 5]",entity,"The test sequence includes a mix of actions that are not present in any of the normal example sequences, such as successful verification for blk_, serving block to /, and BLOCK* asks datanode(s) to replicate. Additionally, the test sequence does not follow the same sequential pattern as the normal examples, making it deviate significantly from the expected normal_flows execution workflows."
175146,"['1', '7', '1', '1', '3', '4', '3', '4', '3', '4', '2', '2', '2', '19', '8', '8', '9', '6', '6', '6', '5', '5', '5']",[19],status,"The log message indicates a SocketTimeoutException, which is an abnormal condition indicating a timeout while waiting for a channel to be ready for read."
175207,"['7', '1', '1', '1', '3', '4', '2', '3', '4', '2', '3', '4', '2', '9', '8', '8', '6', '6', '6', '5', '5', '5']","[7, 1, 1, 1, 3, 4, 2, 3, 4, 2, 3, 4, 2, 9, 8, 8, 6, 6, 6, 5, 5, 5]",entity,"The test sequence deviates from the normal execution workflow by repeatedly initiating PacketResponders and receiving blocks from an unknown source, which is not seen in the normal examples. Additionally, the abnormal sequence does not follow the expected pattern of adding stored blocks in a sequential manner, as shown in the normal examples."
175299,"['1', '1', '7', '1', '3', '4', '2', '2', '3', '4', '3', '4', '2', '10', '9', '8', '8', '13', '1', '14', '12', '11', '2', '2', '5', '13', '1', '14', '12', '11', '2', '2', '5', '6', '6', '6', '5', '5', '5']","[1, 1, 7, 1, 3, 4, 2, 2, 3, 4, 3, 4, 2, 10, 9, 8, 8, 13, 1, 14, 12, 11, 2, 2, 5, 13, 1, 14, 12, 11, 2, 2, 5, 6, 6, 6, 5, 5, 5]",entity,"The test sequence includes receiving a block from an unknown source, which is not present in the normal example sequences. Additionally, the sequence involves a mix of actions that are not consistent with the patterns observed in the normal examples, such as alternating between initiating PacketResponders and receiving blocks. Lastly, the repeated actions of adding stored blocks in the NameSystem and deleting block files in a sequential manner are not aligned with the patterns seen in the normal examples."
175405,"['1', '7', '1', '1', '3', '4', '3', '4', '3', '4', '2', '2', '2', '19', '8', '9', '8', '9', '8', '8', '6', '6', '6', '5', '5', '5']",[19],status,"The log message indicates a SocketTimeoutException, which is an abnormal condition indicating a timeout while waiting for a channel to be ready for read."
175562,"['1', '7', '1', '1', '3', '4', '3', '4', '3', '4', '2', '2', '2', '9', '8', '8', '10', '6', '6', '6', '9', '8', '5', '5', '5']","[10, 6, 6, 6, 9]",action,"The test sequence deviates from the normal examples by having the 'Successful verification for blk_' process before 'The sequence involves the action of deleting a block that was added to an invalid set. This action is repeated three times in a sequential manner.' process, whereas in the normal examples, this order is reversed. Additionally, the 'Exception while serving blk_' process is at the end of the test sequence, which is different from the normal examples where it appears at the beginning."
175820,"['1', '1', '7', '1', '3', '4', '3', '4', '2', '2', '2', '3', '4', '8', '9', '8', '13', '1', '14', '12', '11', '2', '2', '5', '13', '14', '1', '11', '12', '2', '2', '5', '6', '6', '6', '5', '5', '5']","[1, 1, 7, 1, 3, 4, 3, 4, 2, 2, 2, 3, 4, 8, 9, 8, 13, 1, 14, 12, 11, 2, 2, 5, 13, 14, 1, 11, 12, 2, 2, 5, 6, 6, 6, 5, 5, 5]",entity,"The test sequence contains multiple instances of abnormal behavior such as receiving a block from an unknown source, exception while serving a block, and adding a block to an invalid set. These behaviors are not present in the normal example sequences, indicating that the test sequence is abnormal."
175829,"['1', '1', '7', '1', '3', '4', '2', '3', '4', '2', '2', '3', '4', '8', '9', '8', '13', '14', '1', '11', '12', '2', '2', '5', '13', '14', '1', '12', '11', '2', '2', '5', '6', '6', '6', '5', '5', '5']","[1, 1, 7, 1, 3, 4, 2, 3, 4, 2, 2, 3, 4, 8, 9, 8, 13, 14, 1, 11, 12, 2, 2, 5, 13, 14, 1, 12, 11, 2, 2, 5, 6, 6, 6, 5, 5, 5]",entity,"The test sequence includes multiple repetitions of initiating PacketResponder for block blk_ and receiving block blk_ from an unknown source, which is not observed in any of the normal example sequences. Additionally, the presence of exceptions while serving a block and deleting a block that was added to an invalid set indicates abnormal behavior."
175981,"['1', '7', '1', '1', '2', '3', '4', '3', '4', '3', '4', '2', '2', '8', '8', '9', '6', '6', '6', '5', '5', '5']","[1, 7, 1, 1, 2, 3, 4, 3, 4, 3, 4, 2, 2, 8, 8, 9, 6, 6, 6, 5, 5, 5]",entity,"The test sequence has a different order of processes compared to the normal examples. In the normal examples, the sequence of processes involves receiving block, allocating block, initiating PacketResponder, adding stored block, serving block, encountering exception while serving, and deleting block. However, in the test sequence, the order is receiving block, allocating block, adding stored block, initiating PacketResponder, serving block, encountering exception while serving, and deleting block, which is different from the normal examples."
176032,"['1', '1', '1', '7', '3', '4', '3', '4', '3', '4', '2', '2', '2', '9', '8', '10', '6', '6', '6', '9', '5', '5', '5']","[10, 6, 6, 6, 9]",action,"The test sequence deviates from the normal examples by having the 'Successful verification for blk_' process before 'The sequence involves the action of deleting a block that was added to an invalid set. This action is repeated three times in a sequential manner.' process, whereas in the normal examples, this order is reversed. Additionally, the 'Exception while serving blk_' process is at the end of the test sequence, which is different from the normal examples where it appears at the beginning."
176088,"['1', '1', '7', '1', '3', '4', '3', '4', '2', '2', '2', '3', '4', '9', '8', '8', '13', '1', '14', '12', '11', '2', '2', '5', '13', '14', '1', '11', '12', '2', '2', '5', '6', '6', '6', '5', '5', '5']","[1, 1, 7, 1, 3, 4, 3, 4, 2, 2, 2, 3, 4, 9, 8, 8, 13, 1, 14, 12, 11, 2, 2, 5, 13, 14, 1, 11, 12, 2, 2, 5, 6, 6, 6, 5, 5, 5]",entity,"The test sequence deviates from the normal execution workflows seen in the examples. It introduces new actions such as encountering exceptions while serving a block, sequential serving of blocks to different locations, and repetitive deletion of blocks added to an invalid set. These deviations indicate an abnormal execution workflow."
176121,"['1', '1', '7', '1', '3', '4', '3', '4', '3', '4', '2', '2', '2', '8', '8', '9', '6', '6', '6', '5', '5', '15', '5']","[1, 1, 7, 1, 3, 4, 3, 4, 3, 4, 2, 2, 2, 8, 8, 9, 6, 6, 6, 5, 5, 15, 5]",entity,"The test sequence deviates from the normal example sequences by introducing new actions such as serving block to / twice, encountering an error while deleting block blk_, and deleting a block file after encountering the error. These actions are not present in any of the normal example sequences, indicating an abnormal execution workflow."
176151,"['1', '7', '1', '1', '3', '4', '3', '4', '2', '2', '2', '4', '3', '9', '8', '8', '13', '14', '1', '11', '12', '2', '2', '5', '13', '1', '14', '12', '11', '2', '2', '5', '6', '6', '6', '5', '5', '5']","[4, 3, 9]",action,"The test sequence has a different order of processes compared to the normal examples. In the normal examples, the PacketResponder process always comes before the Receiving block process, while in the test sequence, it is reversed. This suggests an abnormal execution workflow."
176184,"['1', '7', '1', '1', '3', '4', '3', '4', '2', '3', '4', '2', '2', '8', '8', '9', '10', '6', '6', '6', '9', '5', '5', '5']","[9, 10, 6, 6, 6, 9]",action,"The test sequence includes an additional step (step 3) of encountering an exception while serving a block, which is not present in any of the normal example sequences. This deviation from the normal pattern indicates an abnormal execution workflow."
176526,"['1', '1', '7', '1', '3', '4', '3', '4', '2', '2', '2', '3', '4', '8', '8', '9', '13', '14', '1', '11', '12', '2', '2', '5', '1', '14', '13', '12', '11', '2', '2', '5', '6', '6', '6', '5', '5', '5']","[1, 1, 7, 1, 3, 4, 3, 4, 2, 2, 2, 3, 4, 8, 8, 9, 13, 14, 1, 11, 12, 2, 2, 5, 1, 14, 13, 12, 11, 2, 2, 5, 6, 6, 6, 5, 5, 5]",entity,"The test sequence deviates from the normal execution workflows seen in the examples. It includes actions such as serving block to an unknown source, encountering exceptions while serving blocks, and repeating the action of adding a stored block in the NameSystem multiple times. Additionally, the sequence of deleting a block added to an invalid set multiple times is not consistent with the normal flows."
176637,"['1', '7', '1', '16']",[16],status,"The log message indicates an exception due to a socket timeout while waiting for a channel to be ready, which is not a normal execution process."
176739,"['1', '1', '7', '1', '3', '4', '3', '4', '3', '4', '2', '2', '2', '8', '9', '8', '10', '6', '6', '6', '9', '5', '5', '5']","[10, 6, 6, 6, 9]",action,"The test sequence deviates from the normal examples by having the 'Successful verification for blk_' process before 'The sequence involves the action of deleting a block that was added to an invalid set. This action is repeated three times in a sequential manner.' process, whereas in the normal examples, this order is reversed. Additionally, the 'Exception while serving blk_' process is at the end of the test sequence, which is different from the normal examples where it appears at the beginning."
177009,"['1', '7', '1', '1', '3', '4', '3', '4', '2', '2', '2', '3', '4', '8', '9', '8', '13', '1', '14', '12', '11', '2', '2', '5', '13', '1', '14', '12', '11', '2', '2', '5', '6', '6', '6', '5', '5', '5']","[1, 7, 1, 1, 3, 4, 3, 4, 2, 2, 2, 3, 4, 8, 9, 8, 13, 1, 14, 12, 11, 2, 2, 5, 13, 1, 14, 12, 11, 2, 2, 5, 6, 6, 6, 5, 5, 5]",entity,"The test sequence includes a mix of normal workflow actions such as receiving, transmitting, and adding stored blocks, but it also contains abnormal actions such as multiple instances of serving blocks to an unknown source, exceptions while serving blocks, and deleting blocks that were added to an invalid set. These abnormal actions deviate from the patterns seen in the normal example sequences, indicating an abnormal execution workflow."
177024,"['1', '1', '7', '1', '3', '4', '3', '4', '2', '2', '2', '3', '4', '10', '8', '9', '8', '13', '1', '14', '12', '11', '2', '2', '5', '13', '1', '14', '12', '11', '2', '2', '5', '6', '6', '6', '5', '5', '5']","[1, 1, 7, 1, 3, 4, 3, 4, 2, 2, 2, 3, 4, 10, 8, 9, 8, 13, 1, 14, 12, 11, 2, 2, 5, 13, 1, 14, 12, 11, 2, 2, 5, 6, 6, 6, 5, 5, 5]",entity,"The test sequence deviates from the normal execution workflows seen in the examples. In the normal examples, there is a consistent pattern of actions involving receiving, transmitting, and adding stored blocks, with occasional exceptions and verifications. However, in the test sequence, there are multiple instances of receiving and transmitting the same block, followed by unusual actions such as serving an exception while serving a block, and multiple block deletions in a sequential manner. These deviations indicate an abnormal workflow compared to the normal examples."
177219,"['1', '1', '7', '1', '3', '4', '3', '4', '3', '4', '2', '2', '2', '8', '8', '9', '6', '6', '6', '5', '5', '5', '15']","[1, 1, 7, 1, 3, 4, 3, 4, 3, 4, 2, 2, 2, 8, 8, 9, 6, 6, 6, 5, 5, 5, 15]",entity,"The test sequence deviates from the normal examples by introducing new actions such as serving block to /, an error deleting block blk_, and missing actions like 50010 serving block to /. This indicates an abnormal execution workflow."
177394,"['7', '1', '1', '1', '3', '4', '3', '4', '2', '2', '2', '3', '4', '8', '9', '8', '13', '14', '1', '11', '12', '2', '2', '5', '1', '14', '13', '12', '11', '2', '2', '5', '6', '6', '6', '5', '5', '5']","[7, 1, 1, 1, 3, 4, 3, 4, 2, 2, 2, 3, 4, 8, 9, 8, 13, 14, 1, 11, 12, 2, 2, 5, 1, 14, 13, 12, 11, 2, 2, 5, 6, 6, 6, 5, 5, 5]",entity,"The test sequence deviates from the normal execution workflows in the following ways: 1. It includes an 'Exception while serving blk_' which is not present in any of the normal examples. 2. It has '50010 serving block to /' multiple times in a row, which is not part of the normal sequences. 3. The sequence of actions involving 'BLOCK* asks datanode(s) to replicate' and 'Starting thread to transfer block' is not consistent with the normal examples. Overall, the test sequence exhibits patterns that are not observed in the normal examples, indicating an abnormal execution workflow."
177711,"['1', '7', '1', '1', '3', '4', '2', '3', '4', '3', '4', '13', '2', '2', '1', '14', '12', '11', '2', '5', '6', '6', '6', '6', '5', '5', '15', '5']","[1, 7, 1, 1, 3, 4, 2, 3, 4, 3, 4, 13, 2, 2, 1, 14, 12, 11, 2, 5, 6, 6, 6, 6, 5, 5, 15, 5]",entity,"The test sequence deviates from the normal execution workflows as it involves repetitive actions of deleting and adding blocks in an invalid set, which is not present in the normal examples. Additionally, the sequence includes errors such as 'Error deleting block blk_', which further indicates abnormal behavior."
177965,"['1', '1', '7', '1', '17', '3', '4', '17', '3', '4', '17', '3', '4', '2', '2', '2', '6', '6', '6', '5', '5', '5']",[17],status,"The log message indicates a SocketTimeoutException which suggests a timeout while waiting for a channel to be ready for write, which is abnormal behavior."
178067,"['1', '7', '1', '1', '3', '4', '2', '3', '4', '2', '2', '3', '4', '8', '8', '9', '13', '14', '1', '11', '12', '2', '2', '5', '13', '1', '14', '12', '11', '2', '2', '5', '6', '6', '6', '5', '5', '5']","[1, 7, 1, 1, 3, 4, 2, 3, 4, 2, 2, 3, 4, 8, 8, 9, 13, 14, 1, 11, 12, 2, 2, 5, 13, 1, 14, 12, 11, 2, 2, 5, 6, 6, 6, 5, 5, 5]",entity,"The test sequence deviates from the normal_flows execution workflows observed in the context examples. The test sequence includes multiple occurrences of receiving block blk_ from an unknown source, which is not a pattern present in the normal examples. Additionally, the sequence involves the repeated action of serving block to /, followed by an exception while serving blk_, which is not a typical behavior observed in the normal examples."
178148,"['1', '1', '1', '7', '3', '4', '3', '4', '3', '4', '2', '2', '2', '8', '9', '8', '6', '6', '6', '5', '15', '5', '5']","[1, 1, 1, 7, 3, 4, 3, 4, 3, 4, 2, 2, 2, 8, 9, 8, 6, 6, 6, 5, 15, 5, 5]",entity,The test sequence deviates from the normal examples by including additional actions such as 'Error deleting block blk_' and 'deleting block file' which are not present in any of the normal example sequences. This indicates an abnormal execution workflow.
178660,"['1', '1', '7', '1', '17', '3', '4', '17', '3', '4', '17', '3', '4', '2', '2', '2', '6', '6', '6', '5', '5', '5']",[17],status,"The log message indicates a SocketTimeoutException which suggests a timeout while waiting for a channel to be ready for write, which is abnormal behavior."
178802,"['7', '1', '1', '16']",[16],status,"The log message indicates an exception due to a socket timeout while waiting for a channel to be ready, which is not a normal execution process."
178838,"['1', '7']","[1, 7]",entity,"The test sequence is abnormal because it starts with 'receiving block blk_' instead of the typical starting point 'NameSystem allocateBlock'. Additionally, the order of processes in the test sequence is different from the normal example sequences provided."
178877,"['7', '1', '1', '1', '3', '4', '3', '4', '2', '2', '2', '3', '4', '10', '8', '8', '9', '13', '14', '1', '11', '12', '2', '2', '5', '13', '1', '14', '11', '12', '2', '2', '5', '6', '6', '6', '5', '5', '5']","[7, 1, 1, 1, 3, 4, 3, 4, 2, 2, 2, 3, 4, 10, 8, 8, 9, 13, 14, 1, 11, 12, 2, 2, 5, 13, 1, 14, 11, 12, 2, 2, 5, 6, 6, 6, 5, 5, 5]",entity,"The test sequence deviates from the normal execution workflows seen in the examples. It includes additional steps such as serving blocks to different destinations, encountering an exception while serving a block, and performing actions not present in the normal sequences like starting threads to transfer blocks. These deviations indicate an abnormal execution flow."
179020,"['1', '7', '1', '1', '3', '4', '3', '4', '2', '3', '4', '2', '2', '6', '6', '6', '5', '5', '5', '15']","[1, 7, 1, 1, 3, 4, 3, 4, 2, 3, 4, 2, 2, 6, 6, 6, 5, 5, 5, 15]",entity,"The test sequence deviates from the normal flows as seen in the examples. In the normal examples, the sequence involves receiving blocks and handling them in a sequential manner, followed by adding stored blocks and deleting them. However, in the test sequence, the actions are not consistent with the expected flow. For example, initiating PacketResponders and receiving blocks from unknown sources are not part of the normal flow. Additionally, the occurrence of an error while deleting a block further indicates an abnormal execution flow."
179115,"['1', '7', '1', '1', '3', '4', '3', '4', '3', '4', '2', '2', '2', '5', '6', '6', '6', '5', '5']","[1, 7, 1, 1, 3, 4, 3, 4, 3, 4, 2, 2, 2, 5, 6, 6, 6, 5, 5]",entity,"The test sequence includes an additional step of deleting a block file twice, which is not present in any of the normal example sequences. This deviation from the normal flow indicates an abnormal execution workflow."
179370,"['1', '1', '1', '7', '3', '4', '3', '4', '3', '4', '2', '2', '2', '9', '8', '8', '6', '6', '6', '5', '15', '5', '5']","[1, 1, 1, 7, 3, 4, 3, 4, 3, 4, 2, 2, 2, 9, 8, 8, 6, 6, 6, 5, 15, 5, 5]",entity,LLM FAILED
179540,"['1', '1', '1', '7', '3', '4', '3', '4', '2', '2', '3', '4', '2', '6', '6', '6', '5', '5', '15', '5']","[1, 1, 1, 7, 3, 4, 3, 4, 2, 2, 3, 4, 2, 6, 6, 6, 5, 5, 15, 5]",entity,"The test sequence involves several inconsistencies with the normal example sequences, such as the presence of an unknown source for receiving a block, the error in deleting a block, and the additional step of error deletion. These deviations indicate an abnormal execution workflow."
179839,"['1', '7', '3', '4', '1', '3', '4', '1', '3', '4', '2', '2', '2', '6', '6', '6', '5', '5', '5']","[1, 7, 3, 4, 1, 3, 4, 1, 3, 4, 2, 2, 2, 6, 6, 6, 5, 5, 5]",entity,"The test sequence does not follow the pattern observed in the normal example sequences. In the normal examples, the sequence involves alternating between initiating PacketResponders and receiving blocks, followed by adding stored blocks and deleting blocks in a sequential manner. However, the test sequence does not exhibit this alternating pattern and includes different actions in a different order."
179895,"['1', '1', '1', '7', '17', '3', '4', '17', '3', '4', '17', '3', '4', '2', '2', '2', '6', '6', '6', '5', '5', '5']",[17],status,"The log message indicates a SocketTimeoutException which suggests a timeout while waiting for a channel to be ready for write, which is abnormal behavior."
180273,"['1', '1', '1', '7', '3', '4', '3', '4', '3', '4', '2', '2', '19', '2', '6', '6', '6', '5', '5', '5']",[19],status,"The log message indicates a SocketTimeoutException, which is an abnormal condition indicating a timeout while waiting for a channel to be ready for read."
180331,"['1', '1', '1', '7', '3', '4', '3', '4', '3', '4', '2', '2', '2', '6', '6', '6', '5', '15', '5', '5']","[1, 1, 1, 7, 3, 4, 3, 4, 3, 4, 2, 2, 2, 6, 6, 6, 5, 15, 5, 5]",entity,"The test sequence includes an error in deleting block blk_, which is not present in any of the normal example sequences. Additionally, the test sequence involves deleting block files twice, which is also not a typical behavior in the normal examples provided."
181839,"['1', '1', '1', '7', '3', '4', '3', '4', '3', '4', '2', '2', '19', '2', '6', '6', '6', '5', '5', '5']",[19],status,"The log message indicates a SocketTimeoutException, which is an abnormal condition indicating a timeout while waiting for a channel to be ready for read."
183938,"['1', '1', '1', '7', '3', '4', '2', '3', '4', '3', '4', '2', '2', '6', '6', '6', '5', '15', '5', '5']","[1, 1, 1, 7, 3, 4, 2, 3, 4, 3, 4, 2, 2, 6, 6, 6, 5, 15, 5, 5]",entity,"The test sequence deviates from the normal execution workflows by including an error in deleting block blk_, which is not part of any of the normal example sequences. Additionally, the test sequence introduces new actions such as initiating a PacketResponder for block blk_ followed by receiving a block blk_ from an unknown source, which is not seen in any of the normal example sequences."
185781,"['1', '1', '7', '1', '3', '4', '3', '4', '2', '2', '3', '4', '2', '19', '10', '6', '6', '6', '5', '5', '5']",[19],status,"The log message indicates a SocketTimeoutException, which is an abnormal condition indicating a timeout while waiting for a channel to be ready for read."
186020,"['1', '7']","[1, 7]",entity,"The test sequence is abnormal because it starts with 'receiving block blk_' instead of the typical starting point 'NameSystem allocateBlock'. Additionally, the order of processes in the test sequence is different from the normal example sequences provided."
186887,"['1', '7']","[1, 7]",entity,"The test sequence is abnormal because it starts with 'receiving block blk_' instead of the typical starting point 'NameSystem allocateBlock'. Additionally, the order of processes in the test sequence is different from the normal example sequences provided."
187062,"['1', '1', '1', '7', '3', '4', '4', '4', '2', '2', '3', '3', '2', '6', '6', '6', '5', '5', '5']","[4, 4, 4]",status,The test sequence includes an additional step of receiving a block compared to the normal examples. This indicates a deviation from the expected normal flow and suggests an abnormal execution workflow.
187330,"['1', '7']","[1, 7]",entity,"The test sequence is abnormal because it starts with 'receiving block blk_' instead of the typical starting point 'NameSystem allocateBlock'. Additionally, the order of processes in the test sequence is different from the normal example sequences provided."
187861,"['1', '1', '1', '7', '3', '4', '3', '4', '3', '4', '2', '2', '2', '6', '6', '6', '5', '5', '15', '5']","[1, 1, 1, 7, 3, 4, 3, 4, 3, 4, 2, 2, 2, 6, 6, 6, 5, 5, 15, 5]",entity,The test sequence includes an additional step of 'Error deleting block blk_' which is not present in any of the normal example sequences. This deviation indicates an abnormal execution workflow.
188520,"['1', '7']","[1, 7]",entity,"The test sequence is abnormal because it starts with 'receiving block blk_' instead of the typical starting point 'NameSystem allocateBlock'. Additionally, the order of processes in the test sequence is different from the normal example sequences provided."
188936,"['1', '7', '1', '1', '3', '4', '3', '4', '3', '4', '2', '2', '2', '19', '6', '6', '6', '5', '5', '5']",[19],status,"The log message indicates a SocketTimeoutException, which is an abnormal condition indicating a timeout while waiting for a channel to be ready for read."
189885,"['1', '7']","[1, 7]",entity,"The test sequence is abnormal because it starts with 'receiving block blk_' instead of the typical starting point 'NameSystem allocateBlock'. Additionally, the order of processes in the test sequence is different from the normal example sequences provided."
190200,"['1', '1', '7', '16']",[16],status,"The log message indicates an exception due to a socket timeout while waiting for a channel to be ready, which is not a normal execution process."
190542,"['1', '1', '1', '7', '3', '4', '3', '4', '3', '4', '2', '2', '2', '6', '6', '6', '5', '5', '15', '5']","[1, 1, 1, 7, 3, 4, 3, 4, 3, 4, 2, 2, 2, 6, 6, 6, 5, 5, 15, 5]",entity,The test sequence includes an additional step of 'Error deleting block blk_' which is not present in any of the normal example sequences. This deviation indicates an abnormal execution workflow.
191078,"['1', '1', '1', '7', '3', '4', '3', '4', '3', '4', '2', '2', '19', '2', '6', '6', '6', '5', '5', '5']",[19],status,"The log message indicates a SocketTimeoutException, which is an abnormal condition indicating a timeout while waiting for a channel to be ready for read."
191234,"['1', '7', '1', '1', '3', '4', '3', '4', '3', '4', '2', '2', '2', '19', '6', '6', '6', '5', '5', '5']",[19],status,"The log message indicates a SocketTimeoutException, which is an abnormal condition indicating a timeout while waiting for a channel to be ready for read."
192784,"['1', '7']","[1, 7]",entity,"The test sequence is abnormal because it starts with 'receiving block blk_' instead of the typical starting point 'NameSystem allocateBlock'. Additionally, the order of processes in the test sequence is different from the normal example sequences provided."
193073,"['1', '7', '1', '1', '3', '4', '3', '4', '3', '4', '2', '2', '19', '2', '6', '6', '6', '5', '5', '5']",[19],status,"The log message indicates a SocketTimeoutException, which is an abnormal condition indicating a timeout while waiting for a channel to be ready for read."
193625,"['1', '1', '1', '7', '3', '4', '3', '4', '3', '4', '2', '2', '2', '6', '6', '6', '5', '5', '15', '5']","[1, 1, 1, 7, 3, 4, 3, 4, 3, 4, 2, 2, 2, 6, 6, 6, 5, 5, 15, 5]",entity,The test sequence includes an additional step of 'Error deleting block blk_' which is not present in any of the normal example sequences. This deviation indicates an abnormal execution workflow.
194135,"['1', '1', '7', '16']",[16],status,"The log message indicates an exception due to a socket timeout while waiting for a channel to be ready, which is not a normal execution process."
194373,"['1', '1', '7', '16']",[16],status,"The log message indicates an exception due to a socket timeout while waiting for a channel to be ready, which is not a normal execution process."
194414,"['1', '7']","[1, 7]",entity,"The test sequence is abnormal because it starts with 'receiving block blk_' instead of the typical starting point 'NameSystem allocateBlock'. Additionally, the order of processes in the test sequence is different from the normal example sequences provided."
194474,"['1', '1', '1', '7', '3', '4', '3', '4', '3', '4', '2', '2', '2', '6', '6', '6', '5', '5', '5', '15']","[1, 1, 1, 7, 3, 4, 3, 4, 3, 4, 2, 2, 2, 6, 6, 6, 5, 5, 5, 15]",entity,"The test sequence includes an error in the deletion of block blk_, which is not present in any of the normal example sequences. This deviation from the normal flow indicates an abnormal execution workflow."
195510,"['7', '1', '1', '16']",[16],status,"The log message indicates an exception due to a socket timeout while waiting for a channel to be ready, which is not a normal execution process."
196937,"['1', '1', '1', '7', '3', '4', '4', '4', '2', '2', '2', '3', '3', '6', '6', '6', '5', '5', '5']","[4, 4, 4]",status,The test sequence includes an additional step of receiving a block compared to the normal examples. This indicates a deviation from the expected normal flow and suggests an abnormal execution workflow.
197066,"['1', '1', '1', '7', '3', '4', '3', '4', '3', '4', '2', '2', '2', '10', '6', '6', '6', '5', '5', '5', '15']","[1, 1, 1, 7, 3, 4, 3, 4, 3, 4, 2, 2, 2, 10, 6, 6, 6, 5, 5, 5, 15]",entity,The test sequence includes an additional step 6: Error deleting block blk_ which is not present in any of the normal example sequences. This deviation from the expected sequence indicates an abnormal execution workflow.
197282,"['7', '1', '1', '1', '3', '4', '2', '3', '4', '3', '4', '2', '2', '6', '6', '6', '5', '5', '15', '5']","[7, 1, 1, 1, 3, 4, 2, 3, 4, 3, 4, 2, 2, 6, 6, 6, 5, 5, 15, 5]",entity,"The test sequence includes an unknown source for receiving a block, which is not present in any of the normal example sequences. Additionally, the test sequence involves deleting a block file twice and encountering an error while deleting a block, which deviates from the patterns observed in the normal example sequences."
197930,"['1', '7']","[1, 7]",entity,"The test sequence is abnormal because it starts with 'receiving block blk_' instead of the typical starting point 'NameSystem allocateBlock'. Additionally, the order of processes in the test sequence is different from the normal example sequences provided."
198092,"['1', '1', '1', '7', '3', '4', '3', '4', '4', '2', '2', '2', '3', '6', '6', '6', '5', '5', '15', '5']","[1, 1, 1, 7, 3, 4, 3, 4, 4, 2, 2, 2, 3, 6, 6, 6, 5, 5, 15, 5]",entity,The test sequence includes an additional step 'Error deleting block blk_' which is not present in any of the normal example sequences. This deviation from the normal flow indicates an abnormal execution workflow.
198246,"['1', '1', '7', '1', '3', '4', '3', '4', '3', '4', '2', '2', '2', '6', '6', '6', '5', '5', '5', '15']","[1, 1, 7, 1, 3, 4, 3, 4, 3, 4, 2, 2, 2, 6, 6, 6, 5, 5, 5, 15]",entity,The test sequence includes an additional step '7: Error deleting block blk_' which is not present in any of the normal example sequences. This indicates an abnormal execution workflow.
198889,"['1', '7']","[1, 7]",entity,"The test sequence is abnormal because it starts with 'receiving block blk_' instead of the typical starting point 'NameSystem allocateBlock'. Additionally, the order of processes in the test sequence is different from the normal example sequences provided."
199117,"['1', '1', '1', '7', '3', '4', '3', '4', '3', '4', '2', '2', '2', '19', '10', '6', '6', '6', '5', '5', '5']",[19],status,"The log message indicates a SocketTimeoutException, which is an abnormal condition indicating a timeout while waiting for a channel to be ready for read."
200919,"['1', '7', '1', '1', '3', '4', '3', '4', '3', '4', '2', '2', '2', '6', '6', '6', '5', '15', '5', '5']","[1, 7, 1, 1, 3, 4, 3, 4, 3, 4, 2, 2, 2, 6, 6, 6, 5, 15, 5, 5]",entity,"The test sequence includes an additional step of 'Error deleting block blk_' at step 7, which is not present in any of the normal example sequences. This deviation from the normal flow indicates an abnormal execution workflow."
201047,"['1', '1', '7', '1', '3', '4', '3', '4', '3', '4', '2', '2', '2', '6', '6', '6', '5', '15', '5', '5']","[1, 1, 7, 1, 3, 4, 3, 4, 3, 4, 2, 2, 2, 6, 6, 6, 5, 15, 5, 5]",entity,The test sequence includes an additional step of 'Error deleting block blk_' which is not present in any of the normal example sequences. This indicates an abnormal flow in the execution workflow.
201064,"['1', '1', '7', '1', '3', '4', '3', '4', '3', '4', '2', '2', '2', '6', '6', '6', '5', '15', '5', '5']","[1, 1, 7, 1, 3, 4, 3, 4, 3, 4, 2, 2, 2, 6, 6, 6, 5, 15, 5, 5]",entity,The test sequence includes an additional step of 'Error deleting block blk_' which is not present in any of the normal example sequences. This indicates an abnormal flow in the execution workflow.
201338,"['1', '1', '1', '7', '3', '4', '3', '4', '3', '4', '2', '2', '2', '6', '6', '6', '5', '5', '5', '15']","[1, 1, 1, 7, 3, 4, 3, 4, 3, 4, 2, 2, 2, 6, 6, 6, 5, 5, 5, 15]",entity,"The test sequence includes an error in the deletion of block blk_, which is not present in any of the normal example sequences. This deviation from the normal flow indicates an abnormal execution workflow."
201758,"['1', '1', '1', '7', '3', '4', '3', '4', '4', '2', '2', '3', '2', '6', '6', '6', '5', '5', '5', '15']","[1, 1, 1, 7, 3, 4, 3, 4, 4, 2, 2, 3, 2, 6, 6, 6, 5, 5, 5, 15]",entity,The test sequence includes an additional step 'Error deleting block blk_' which is not present in any of the normal example sequences. This deviation from the normal flow indicates an abnormal execution workflow.
202627,"['1', '1', '1', '7', '3', '4', '3', '4', '3', '4', '2', '2', '2', '6', '6', '6', '5', '15', '5', '5']","[1, 1, 1, 7, 3, 4, 3, 4, 3, 4, 2, 2, 2, 6, 6, 6, 5, 15, 5, 5]",entity,"The test sequence includes an error in deleting block blk_, which is not present in any of the normal example sequences. Additionally, the test sequence involves deleting block files twice, which is also not a typical behavior in the normal examples provided."
205730,"['1', '1', '1', '7', '3', '4', '3', '4', '3', '4', '2', '2', '2', '6', '6', '6', '5', '5', '15', '5']","[1, 1, 1, 7, 3, 4, 3, 4, 3, 4, 2, 2, 2, 6, 6, 6, 5, 5, 15, 5]",entity,The test sequence includes an additional step of 'Error deleting block blk_' which is not present in any of the normal example sequences. This deviation indicates an abnormal execution workflow.
205832,"['1', '7']","[1, 7]",entity,"The test sequence is abnormal because it starts with 'receiving block blk_' instead of the typical starting point 'NameSystem allocateBlock'. Additionally, the order of processes in the test sequence is different from the normal example sequences provided."
205863,"['1', '1', '7', '1', '3', '4', '3', '4', '3', '4', '2', '2', '2', '6', '6', '6', '5', '5', '5', '15']","[1, 1, 7, 1, 3, 4, 3, 4, 3, 4, 2, 2, 2, 6, 6, 6, 5, 5, 5, 15]",entity,The test sequence includes an additional step '7: Error deleting block blk_' which is not present in any of the normal example sequences. This indicates an abnormal execution workflow.
206254,"['1', '1', '7', '1', '3', '4', '3', '4', '3', '4', '2', '2', '2', '6', '6', '6', '5', '5', '5', '15']","[1, 1, 7, 1, 3, 4, 3, 4, 3, 4, 2, 2, 2, 6, 6, 6, 5, 5, 5, 15]",entity,The test sequence includes an additional step '7: Error deleting block blk_' which is not present in any of the normal example sequences. This indicates an abnormal execution workflow.
206416,"['1', '1', '7', '16']",[16],status,"The log message indicates an exception due to a socket timeout while waiting for a channel to be ready, which is not a normal execution process."
206557,"['1', '1', '1', '7', '3', '4', '2', '3', '4', '3', '4', '2', '2', '6', '6', '6', '5', '15', '5', '5']","[1, 1, 1, 7, 3, 4, 2, 3, 4, 3, 4, 2, 2, 6, 6, 6, 5, 15, 5, 5]",entity,"The test sequence deviates from the normal execution workflows by including an error in deleting block blk_, which is not part of any of the normal example sequences. Additionally, the test sequence introduces new actions such as initiating a PacketResponder for block blk_ followed by receiving a block blk_ from an unknown source, which is not seen in any of the normal example sequences."
207389,"['1', '7']","[1, 7]",entity,"The test sequence is abnormal because it starts with 'receiving block blk_' instead of the typical starting point 'NameSystem allocateBlock'. Additionally, the order of processes in the test sequence is different from the normal example sequences provided."
207433,"['1', '1', '1', '7', '3', '4', '3', '4', '3', '4', '2', '2', '19', '2', '6', '6', '6', '5', '5', '5']",[19],status,"The log message indicates a SocketTimeoutException, which is an abnormal condition indicating a timeout while waiting for a channel to be ready for read."
209050,"['1', '7', '1', '16']",[16],status,"The log message indicates an exception due to a socket timeout while waiting for a channel to be ready, which is not a normal execution process."
209444,"['1', '1', '7', '16']",[16],status,"The log message indicates an exception due to a socket timeout while waiting for a channel to be ready, which is not a normal execution process."
210023,"['1', '1', '1', '7', '3', '4', '3', '4', '3', '4', '2', '2', '19', '2', '6', '6', '6', '5', '5', '5']",[19],status,"The log message indicates a SocketTimeoutException, which is an abnormal condition indicating a timeout while waiting for a channel to be ready for read."
210061,"['1', '1', '7', '1', '3', '4', '3', '4', '3', '4', '2', '2', '2', '6', '6', '6', '5', '5', '15', '5']","[1, 1, 7, 1, 3, 4, 3, 4, 3, 4, 2, 2, 2, 6, 6, 6, 5, 5, 15, 5]",entity,The test sequence includes an additional step of 'Error deleting block blk_' which is not present in any of the normal example sequences. This indicates a deviation from the expected normal execution workflow.
211347,"['1', '1', '1', '7', '3', '4', '3', '4', '3', '4', '2', '2', '2', '6', '6', '6', '5', '5', '5', '15', '15']","[15, 15]",status,The test sequence includes an additional process (Process 1) that is not present in the normal example sequence. This deviation from the expected workflow indicates an abnormal execution flow.
211483,"['1', '1', '1', '7', '3', '4', '2', '3', '4', '3', '4', '2', '2', '6', '6', '6', '5', '15', '5', '5']","[1, 1, 1, 7, 3, 4, 2, 3, 4, 3, 4, 2, 2, 6, 6, 6, 5, 15, 5, 5]",entity,"The test sequence deviates from the normal execution workflows by including an error in deleting block blk_, which is not part of any of the normal example sequences. Additionally, the test sequence introduces new actions such as initiating a PacketResponder for block blk_ followed by receiving a block blk_ from an unknown source, which is not seen in any of the normal example sequences."
212642,"['1', '1', '1', '7', '3', '4', '3', '4', '3', '4', '2', '2', '19', '2', '6', '6', '6', '5', '5', '5']",[19],status,"The log message indicates a SocketTimeoutException, which is an abnormal condition indicating a timeout while waiting for a channel to be ready for read."
213154,"['1', '1', '1', '7', '3', '4', '3', '4', '3', '4', '2', '2', '2', '6', '6', '6', '5', '5', '15', '5']","[1, 1, 1, 7, 3, 4, 3, 4, 3, 4, 2, 2, 2, 6, 6, 6, 5, 5, 15, 5]",entity,The test sequence includes an additional step of 'Error deleting block blk_' which is not present in any of the normal example sequences. This deviation indicates an abnormal execution workflow.
214252,"['1', '1', '7', '1', '3', '4', '3', '4', '3', '4', '2', '2', '2', '6', '6', '6', '5', '15', '5', '5']","[1, 1, 7, 1, 3, 4, 3, 4, 3, 4, 2, 2, 2, 6, 6, 6, 5, 15, 5, 5]",entity,The test sequence includes an additional step of 'Error deleting block blk_' which is not present in any of the normal example sequences. This indicates an abnormal flow in the execution workflow.
214465,"['1', '1', '7', '1', '3', '4', '3', '4', '3', '4', '2', '2', '2', '13', '1', '14', '12', '11', '2', '2', '5', '6', '6', '6', '5', '5', '5']","[1, 1, 7, 1, 3, 4, 3, 4, 3, 4, 2, 2, 2, 13, 1, 14, 12, 11, 2, 2, 5, 6, 6, 6, 5, 5, 5]",entity,"The test sequence deviates from the normal execution workflows as seen in the example sequences. In the test sequence, there are inconsistencies such as receiving block blk_, followed by transmitting block blk_, and then receiving block blk_ again. Additionally, the repeated action of deleting a block that was added to an invalid set is not present in any of the normal example sequences."
214609,"['1', '7', '1', '1', '3', '4', '3', '4', '3', '4', '2', '2', '13', '1', '14', '11', '12', '2', '2', '6', '6', '6', '6', '5', '5', '5', '5']","[1, 7, 1, 1, 3, 4, 3, 4, 3, 4, 2, 2, 13, 1, 14, 11, 12, 2, 2, 6, 6, 6, 6, 5, 5, 5, 5]",entity,"The test sequence includes multiple instances of abnormal behavior such as adding a stored block in the NameSystem multiple times, asking datanode(s) to replicate a block, starting a thread to transfer a block, and repetitively performing the action of deleting a block and adding it to the invalid set. These behaviors do not match the patterns seen in the normal example sequences provided."
214759,"['1', '1', '1', '7', '3', '4', '3', '4', '3', '4', '2', '2', '13', '14', '1', '12', '11', '2', '2', '6', '6', '6', '6', '5', '5', '5', '5']","[1, 1, 1, 7, 3, 4, 3, 4, 3, 4, 2, 2, 13, 14, 1, 12, 11, 2, 2, 6, 6, 6, 6, 5, 5, 5, 5]",entity,"The test sequence includes actions that are not present in any of the normal example sequences, such as BLOCK* asking datanode(s) to replicate, starting thread to transfer block, and repeating the action of deleting a block and adding it to the invalid set 4 times. These deviations from the normal sequences indicate an abnormal execution workflow."
215527,"['7', '1', '1', '1', '3', '4', '3', '4', '3', '4', '2', '13', '13', '1', '14', '13', '1', '14', '13', '12', '11', '2', '13', '1', '14', '14', '12', '1', '11', '14', '2', '1', '11', '12', '2', '12', '11', '2', '5', '5', '12', '11', '2', '5', '2', '2', '6', '6', '6', '6', '6', '5', '5', '5', '5', '5']","[14, 14]",status,The test sequence includes a duplicate process (Starting thread to transfer block) that is not present in the example sequence. This deviation from the normal workflow indicates an abnormal flow.
215695,"['1', '1', '7', '1', '3', '4', '3', '4', '2', '2', '3', '4', '1', '14', '13', '11', '12', '2', '2', '6', '6', '6', '6', '5', '5', '5', '5']","[1, 1, 7, 1, 3, 4, 3, 4, 2, 2, 3, 4, 1, 14, 13, 11, 12, 2, 2, 6, 6, 6, 6, 5, 5, 5, 5]",entity,"The test sequence contains several deviations from the normal example sequences. For example, the test sequence involves actions like 'receiving block blk_ sequentially from Process 0 to Process 1' and 'transmitting the same block', which are not present in any of the normal examples. Additionally, the repetition of adding a stored block in the NameSystem and deleting a block and adding it to the invalid set multiple times deviates from the patterns seen in the normal examples."
215868,"['1', '1', '1', '7', '3', '4', '3', '4', '3', '4', '2', '2', '2', '6', '6', '6', '5', '5', '15', '5']","[1, 1, 1, 7, 3, 4, 3, 4, 3, 4, 2, 2, 2, 6, 6, 6, 5, 5, 15, 5]",entity,The test sequence includes an additional step of 'Error deleting block blk_' which is not present in any of the normal example sequences. This deviation indicates an abnormal execution workflow.
215933,"['1', '7', '1', '1', '3', '4', '3', '4', '2', '2', '3', '4', '14', '13', '1', '12', '11', '2', '2', '6', '6', '6', '6', '5', '5', '5', '5']","[1, 7, 1, 1, 3, 4, 3, 4, 2, 2, 3, 4, 14, 13, 1, 12, 11, 2, 2, 6, 6, 6, 6, 5, 5, 5, 5]",entity,"The test sequence deviates from the normal example sequences in several key aspects. First, the test sequence involves initiating PacketResponders and receiving blocks in a different order compared to the normal examples. Additionally, the test sequence includes steps such as starting thread to transfer block, asking datanode(s) to replicate, and performing repetitive actions of deleting and adding blocks to the invalid set, which are not present in the normal examples. These deviations indicate an abnormal execution workflow."
216070,"['1', '1', '7', '1', '3', '4', '3', '4', '3', '4', '2', '2', '13', '1', '14', '11', '12', '2', '2', '6', '6', '6', '6', '5', '5', '5', '5']","[1, 1, 7, 1, 3, 4, 3, 4, 3, 4, 2, 2, 13, 1, 14, 11, 12, 2, 2, 6, 6, 6, 6, 5, 5, 5, 5]",entity,"The test sequence includes several actions that are not present in any of the normal example sequences, such as BLOCK* asks datanode(s) to replicate, Starting thread to transfer block, and repeating the action of deleting a block and adding it to the invalid set for 4 times. These unique actions deviate significantly from the patterns seen in the normal examples, indicating an abnormal execution workflow."
216194,"['1', '1', '1', '7', '3', '31', '28', '32', '33', '3', '41', '1', '22', '28', '22', '23', '23', '3', '3', '25', '1', '3', '4', '2', '20', '21', '1', '1', '11', '12', '11', '2', '2', '6', '6', '6', '5', '5', '5']",[31],status,The test sequence includes an exception 'Exception' which is not present in any of the example sequences. This indicates that the test sequence is deviating from the normal_flows execution workflows observed in the context.
216395,"['1', '1', '1', '7', '3', '4', '3', '4', '3', '4', '2', '2', '13', '14', '1', '11', '12', '2', '2', '6', '6', '6', '6', '5', '5', '5', '5']","[1, 1, 1, 7, 3, 4, 3, 4, 3, 4, 2, 2, 13, 14, 1, 11, 12, 2, 2, 6, 6, 6, 6, 5, 5, 5, 5]",entity,"The test sequence includes additional processes such as BLOCK* asks datanode(s) to replicate, Starting thread to transfer block, and adding a stored block in the NameSystem being repeated, which are not present in any of the normal example sequences. Additionally, the test sequence involves the repeated action of deleting a block and adding it to the invalid set a total of 4 times, while in the normal examples, this action is repeated only three times. Therefore, based on these discrepancies, the test sequence is considered abnormal."
216410,"['1', '7']","[1, 7]",entity,"The test sequence is abnormal because it starts with 'receiving block blk_' instead of the typical starting point 'NameSystem allocateBlock'. Additionally, the order of processes in the test sequence is different from the normal example sequences provided."
216709,"['1', '7', '1', '1', '3', '4', '3', '4', '3', '4', '2', '2', '2', '6', '6', '6', '5', '15', '5', '5']","[1, 7, 1, 1, 3, 4, 3, 4, 3, 4, 2, 2, 2, 6, 6, 6, 5, 15, 5, 5]",entity,"The test sequence includes an additional step of 'Error deleting block blk_' at step 7, which is not present in any of the normal example sequences. This deviation from the normal flow indicates an abnormal execution workflow."
216869,"['1', '1', '7', '16']",[16],status,"The log message indicates an exception due to a socket timeout while waiting for a channel to be ready, which is not a normal execution process."
216938,"['1', '7', '1', '1', '3', '4', '3', '4', '3', '4', '2', '2', '14', '13', '1', '12', '11', '2', '2', '6', '6', '6', '6', '5', '5', '5', '5']","[1, 7, 1, 1, 3, 4, 3, 4, 3, 4, 2, 2, 14, 13, 1, 12, 11, 2, 2, 6, 6, 6, 6, 5, 5, 5, 5]",entity,"The test sequence includes several actions that are not present in the normal example sequences, such as starting thread to transfer block, BLOCK* asks datanode(s) to replicate, and repetitively performing the action of deleting a block and adding it to the invalid set for 4 times. These unique actions indicate deviations from the normal execution workflows seen in the example sequences, leading to the prediction of abnormal_flows."
217061,"['1', '1', '1', '7', '3', '4', '3', '4', '3', '4', '2', '2', '2', '6', '6', '6', '5', '5', '15', '5']","[1, 1, 1, 7, 3, 4, 3, 4, 3, 4, 2, 2, 2, 6, 6, 6, 5, 5, 15, 5]",entity,The test sequence includes an additional step of 'Error deleting block blk_' which is not present in any of the normal example sequences. This deviation indicates an abnormal execution workflow.
217134,"['1', '1', '7', '34', '26', '24', '3', '30', '26', '1', '24', '3', '3']",[34],status,"The test sequence contains an error message 'writeBlock exception on blk_', which indicates an abnormal execution workflow. In the normal flows execution workflows, we did not encounter any error messages related to writeBlock exceptions. Therefore, the test sequence is considered abnormal."
217220,"['1', '1', '7', '16']",[16],status,"The log message indicates an exception due to a socket timeout while waiting for a channel to be ready, which is not a normal execution process."
217774,"['1', '1', '7', '1', '22', '3', '29', '26', '24', '3', '29', '23', '26', '24', '3', '3']",[22],status,The log message indicates an exception of InterruptedIOException which suggests an abnormal execution process
217822,"['1', '1', '7', '1', '3', '4', '3', '4', '3', '4', '2', '2', '2', '19', '6', '6', '6', '5', '5', '5']",[19],status,"The log message indicates a SocketTimeoutException, which is an abnormal condition indicating a timeout while waiting for a channel to be ready for read."
218091,"['1', '1', '1', '7', '3', '4', '3', '4', '3', '4', '2', '2', '13', '1', '14', '12', '11', '2', '2', '5', '6', '6', '6', '6', '15', '5', '5', '5']","[1, 1, 1, 7, 3, 4, 3, 4, 3, 4, 2, 2, 13, 1, 14, 12, 11, 2, 2, 5, 6, 6, 6, 6, 15, 5, 5, 5]",entity,"The test sequence deviates from the normal workflow examples provided. In the normal examples, the actions of adding stored blocks, transmitting blocks, and receiving blocks are consistent and repeated in a sequential manner. However, in the test sequence, there are inconsistencies such as the repetitive deletion of blocks and adding them to the invalid set, which is not observed in the normal examples. This indicates an abnormal workflow."
218097,"['1', '7', '1', '1', '3', '4', '3', '4', '3', '4', '2', '2', '2', '6', '6', '6', '5', '15', '5', '5']","[1, 7, 1, 1, 3, 4, 3, 4, 3, 4, 2, 2, 2, 6, 6, 6, 5, 15, 5, 5]",entity,"The test sequence includes an additional step of 'Error deleting block blk_' at step 7, which is not present in any of the normal example sequences. This deviation from the normal flow indicates an abnormal execution workflow."
218148,"['1', '1', '1', '7', '3', '4', '3', '4', '3', '4', '2', '2', '2', '19', '6', '6', '6', '5', '5', '5']",[19],status,"The log message indicates a SocketTimeoutException, which is an abnormal condition indicating a timeout while waiting for a channel to be ready for read."
218228,"['7', '1', '1', '1', '3', '4', '3', '4', '2', '2', '3', '4', '2', '6', '6', '6', '5', '15', '5', '5']","[7, 1, 1, 1, 3, 4, 3, 4, 2, 2, 3, 4, 2, 6, 6, 6, 5, 15, 5, 5]",entity,"The test sequence deviates significantly from the normal execution workflows seen in the example sequences. The test sequence involves multiple inconsistencies such as receiving blocks from unknown sources, initiating PacketResponders for blocks without a clear pattern, and errors in deleting block files. These deviations indicate an abnormal execution workflow."
218471,"['1', '1', '7', '1', '3', '4', '3', '4', '3', '4', '2', '2', '2', '6', '6', '6', '5', '15', '5', '5']","[1, 1, 7, 1, 3, 4, 3, 4, 3, 4, 2, 2, 2, 6, 6, 6, 5, 15, 5, 5]",entity,The test sequence includes an additional step of 'Error deleting block blk_' which is not present in any of the normal example sequences. This indicates an abnormal flow in the execution workflow.
218488,"['1', '1', '7', '1', '3', '4', '3', '4', '3', '4', '2', '2', '2', '6', '6', '6', '5', '5', '15', '5']","[1, 1, 7, 1, 3, 4, 3, 4, 3, 4, 2, 2, 2, 6, 6, 6, 5, 5, 15, 5]",entity,The test sequence includes an additional step of 'Error deleting block blk_' which is not present in any of the normal example sequences. This indicates a deviation from the expected normal execution workflow.
218603,"['1', '1', '7', '1', '3', '4', '3', '4', '3', '4', '2', '2', '13', '1', '14', '11', '12', '2', '2', '6', '6', '6', '6', '5', '5', '5', '5']","[1, 1, 7, 1, 3, 4, 3, 4, 3, 4, 2, 2, 13, 1, 14, 11, 12, 2, 2, 6, 6, 6, 6, 5, 5, 5, 5]",entity,"The test sequence includes several actions that are not present in any of the normal example sequences, such as BLOCK* asks datanode(s) to replicate, Starting thread to transfer block, and repeating the action of deleting a block and adding it to the invalid set for 4 times. These unique actions deviate significantly from the patterns seen in the normal examples, indicating an abnormal execution workflow."
218673,"['1', '7']","[1, 7]",entity,"The test sequence is abnormal because it starts with 'receiving block blk_' instead of the typical starting point 'NameSystem allocateBlock'. Additionally, the order of processes in the test sequence is different from the normal example sequences provided."
218722,"['1', '1', '1', '7', '3', '4', '3', '4', '3', '4', '2', '2', '13', '1', '14', '12', '11', '2', '2', '6', '6', '6', '6', '5', '5', '5', '5']","[1, 1, 1, 7, 3, 4, 3, 4, 3, 4, 2, 2, 13, 1, 14, 12, 11, 2, 2, 6, 6, 6, 6, 5, 5, 5, 5]",entity,"The test sequence includes several actions that are not present in any of the normal example sequences, such as 'BLOCK* asks datanode(s) to replicate', 'Starting thread to transfer block', and 'The system is repetitively performing the action of deleting a block and adding it to the invalid set for 4 times'. These actions indicate an abnormal workflow compared to the normal examples."
219140,"['1', '1', '7', '1', '3', '4', '3', '4', '3', '4', '2', '2', '1', '14', '13', '11', '12', '2', '2', '6', '6', '6', '6', '5', '5', '5', '5']","[1, 1, 7, 1, 3, 4, 3, 4, 3, 4, 2, 2, 1, 14, 13, 11, 12, 2, 2, 6, 6, 6, 6, 5, 5, 5, 5]",entity,"The test sequence deviates from the normal example sequences in several key aspects. Firstly, the test sequence involves transmitting the same block multiple times, which is not present in the normal examples. Additionally, the test sequence includes actions like starting a thread to transfer a block and asking datanode(s) to replicate, which are not part of the normal examples. Lastly, the test sequence repeats the action of deleting a block and adding it to the invalid set 4 times, while the normal examples only involve this action being repeated 3 times."
219321,"['1', '1', '1', '7', '3', '4', '3', '4', '3', '4', '2', '2', '2', '6', '6', '6', '5', '5', '5', '15']","[1, 1, 1, 7, 3, 4, 3, 4, 3, 4, 2, 2, 2, 6, 6, 6, 5, 5, 5, 15]",entity,"The test sequence includes an error in the deletion of block blk_, which is not present in any of the normal example sequences. This deviation from the normal flow indicates an abnormal execution workflow."
219363,"['7', '1', '1', '1', '3', '4', '4', '2', '3', '4', '3', '2', '13', '14', '1', '12', '11', '2', '2', '6', '6', '6', '6', '5', '5', '5', '5']","[7, 1, 1, 1, 3, 4, 4, 2, 3, 4, 3, 2, 13, 14, 1, 12, 11, 2, 2, 6, 6, 6, 6, 5, 5, 5, 5]",entity,"The test sequence contains several inconsistencies compared to the normal example sequences. For example, the test sequence involves the addition of stored blocks by the NameSystem at different points in the sequence, whereas the normal examples consistently have this action at a specific point. Additionally, the test sequence includes the repetitive deletion and addition of blocks to the invalid set for a total of 4 times, which is different from the patterns observed in the normal examples where this action is repeated 3 times. These inconsistencies indicate that the test sequence represents an abnormal execution workflow."
219508,"['1', '1', '7', '1', '3', '4', '3', '4', '3', '4', '2', '2', '2', '6', '6', '6', '5', '5', '15', '5']","[1, 1, 7, 1, 3, 4, 3, 4, 3, 4, 2, 2, 2, 6, 6, 6, 5, 5, 15, 5]",entity,The test sequence includes an additional step of 'Error deleting block blk_' which is not present in any of the normal example sequences. This indicates a deviation from the expected normal execution workflow.
219715,"['1', '1', '1', '7', '3', '4', '3', '4', '3', '4', '2', '2', '2', '6', '6', '6', '5', '5', '15', '5']","[1, 1, 1, 7, 3, 4, 3, 4, 3, 4, 2, 2, 2, 6, 6, 6, 5, 5, 15, 5]",entity,The test sequence includes an additional step of 'Error deleting block blk_' which is not present in any of the normal example sequences. This deviation indicates an abnormal execution workflow.
220046,"['1', '7', '1', '1', '3', '4', '3', '4', '3', '4', '2', '2', '1', '14', '13', '12', '11', '2', '2', '6', '6', '6', '6', '5', '5', '5', '5']","[1, 7, 1, 1, 3, 4, 3, 4, 3, 4, 2, 2, 1, 14, 13, 12, 11, 2, 2, 6, 6, 6, 6, 5, 5, 5, 5]",entity,"The test sequence deviates from the normal execution workflows seen in the examples. In the normal examples, there is a consistent pattern of receiving blocks, initiating PacketResponders, serving blocks, verifying blocks, and deleting blocks. However, the test sequence introduces new actions such as starting thread to transfer block, asking datanode(s) to replicate, and additional repetitions of adding and deleting blocks. These deviations indicate an abnormal execution workflow."
220237,"['1', '7', '1', '16']",[16],status,"The log message indicates an exception due to a socket timeout while waiting for a channel to be ready, which is not a normal execution process."
220268,"['1', '1', '1', '7', '3', '4', '3', '4', '3', '4', '2', '2', '2', '10', '6', '6', '6', '5', '15', '5', '5']","[1, 1, 1, 7, 3, 4, 3, 4, 3, 4, 2, 2, 2, 10, 6, 6, 6, 5, 15, 5, 5]",entity,"The test sequence deviates from the normal examples by including additional actions such as 'deleting block file', 'Error deleting block blk_', and 'deleting a block file twice'. These actions are not present in the normal examples, indicating an abnormal execution workflow."
220311,"['1', '1', '1', '7', '3', '4', '3', '4', '2', '3', '4', '2', '2', '6', '6', '6', '5', '5', '5', '15']","[1, 1, 1, 7, 3, 4, 3, 4, 2, 3, 4, 2, 2, 6, 6, 6, 5, 5, 5, 15]",entity,"The test sequence includes several inconsistencies compared to the normal example sequences. In the normal examples, there is a clear and consistent workflow of receiving blocks, initiating PacketResponders, adding stored blocks, and deleting block files. However, in the test sequence, there are instances of initiating PacketResponders at different points, receiving blocks from unknown sources, and an error in deleting a block. These deviations from the normal workflows indicate an abnormal execution path."
220338,"['1', '7']","[1, 7]",entity,"The test sequence is abnormal because it starts with 'receiving block blk_' instead of the typical starting point 'NameSystem allocateBlock'. Additionally, the order of processes in the test sequence is different from the normal example sequences provided."
220478,"['1', '7', '1', '1', '3', '4', '3', '4', '3', '4', '2', '2', '2', '6', '6', '6', '5', '5', '5', '15']","[1, 7, 1, 1, 3, 4, 3, 4, 3, 4, 2, 2, 2, 6, 6, 6, 5, 5, 5, 15]",entity,The test sequence includes an additional step at the end (Error deleting block blk_) that is not present in any of the normal example sequences. This deviation indicates an abnormal execution workflow.
220770,"['7', '1', '1', '1', '3', '4', '3', '4', '2', '2', '3', '4', '2', '6', '6', '6', '5', '5', '15', '5']","[7, 1, 1, 1, 3, 4, 3, 4, 2, 2, 3, 4, 2, 6, 6, 6, 5, 5, 15, 5]",entity,"The test sequence deviates from the normal execution workflows as seen in the example sequences. The test sequence includes actions such as initiating PacketResponders and receiving blocks in an alternating pattern, which is not observed in the normal sequences. Additionally, the test sequence involves errors like 'Error deleting block blk_' and deleting a block file twice, which are not part of the normal execution workflows."
220929,"['1', '7']","[1, 7]",entity,"The test sequence is abnormal because it starts with 'receiving block blk_' instead of the typical starting point 'NameSystem allocateBlock'. Additionally, the order of processes in the test sequence is different from the normal example sequences provided."
221290,"['1', '7']","[1, 7]",entity,"The test sequence is abnormal because it starts with 'receiving block blk_' instead of the typical starting point 'NameSystem allocateBlock'. Additionally, the order of processes in the test sequence is different from the normal example sequences provided."
222793,"['7', '1', '1', '1', '3', '4', '3', '4', '3', '4', '2', '2', '2', '6', '6', '6', '5', '15', '5', '5']","[7, 1, 1, 1, 3, 4, 3, 4, 3, 4, 2, 2, 2, 6, 6, 6, 5, 15, 5, 5]",entity,"The test sequence deviates from the normal example sequences by introducing errors such as 'Error deleting block blk_' and repeating actions like 'deleting block file twice', which are not present in the normal examples. This indicates an abnormal execution workflow."
222886,"['1', '1', '1', '7', '3', '4', '3', '4', '3', '4', '2', '2', '2', '6', '6', '6', '5', '5', '15', '5']","[1, 1, 1, 7, 3, 4, 3, 4, 3, 4, 2, 2, 2, 6, 6, 6, 5, 5, 15, 5]",entity,The test sequence includes an additional step of 'Error deleting block blk_' which is not present in any of the normal example sequences. This deviation indicates an abnormal execution workflow.
223931,"['1', '1', '1', '7', '3', '4', '3', '4', '3', '4', '2', '2', '2', '6', '6', '6', '5', '15', '5', '5']","[1, 1, 1, 7, 3, 4, 3, 4, 3, 4, 2, 2, 2, 6, 6, 6, 5, 15, 5, 5]",entity,"The test sequence includes an error in deleting block blk_, which is not present in any of the normal example sequences. Additionally, the test sequence involves deleting block files twice, which is also not a typical behavior in the normal examples provided."
224806,"['1', '7', '1', '16']",[16],status,"The log message indicates an exception due to a socket timeout while waiting for a channel to be ready, which is not a normal execution process."
225024,"['1', '1', '7', '1', '3', '4', '3', '4', '3', '4', '2', '2', '2', '6', '6', '6', '5', '5', '15', '5']","[1, 1, 7, 1, 3, 4, 3, 4, 3, 4, 2, 2, 2, 6, 6, 6, 5, 5, 15, 5]",entity,The test sequence includes an additional step of 'Error deleting block blk_' which is not present in any of the normal example sequences. This indicates a deviation from the expected normal execution workflow.
226031,"['1', '7']","[1, 7]",entity,"The test sequence is abnormal because it starts with 'receiving block blk_' instead of the typical starting point 'NameSystem allocateBlock'. Additionally, the order of processes in the test sequence is different from the normal example sequences provided."
226407,"['1', '1', '1', '7', '3', '4', '3', '4', '2', '3', '4', '2', '2', '6', '6', '6', '5', '15', '5', '5']","[1, 1, 1, 7, 3, 4, 3, 4, 2, 3, 4, 2, 2, 6, 6, 6, 5, 15, 5, 5]",entity,"The test sequence includes several inconsistencies and deviations from the normal example sequences. For example, the test sequence involves initiating a PacketResponder for block blk_ multiple times without a corresponding action of receiving the block from a certain source, which is not observed in the normal examples. Additionally, there is an unexpected error message 'Error deleting block blk_' in the test sequence, which is not part of the normal execution flows. These discrepancies indicate that the test sequence represents an abnormal execution workflow."
226532,"['1', '1', '7', '1', '4', '3', '4', '2', '3', '2', '3', '4', '2', '6', '6', '6', '5', '5', '15', '5']","[1, 1, 7, 1, 4, 3, 4, 2, 3, 2, 3, 4, 2, 6, 6, 6, 5, 5, 15, 5]",entity,"The test sequence includes actions that are not present in the normal example sequences, such as 'Error deleting block blk_' and 'PacketResponder for block blk_'. These deviations from the normal flow indicate an abnormal execution workflow."
226852,"['7', '1', '1', '1', '17', '3', '4', '17', '3', '4', '17', '3', '4', '2', '2', '2', '6', '6', '6', '5', '5', '5']",[17],status,"The log message indicates a SocketTimeoutException which suggests a timeout while waiting for a channel to be ready for write, which is abnormal behavior."
226965,"['1', '1', '7', '16']",[16],status,"The log message indicates an exception due to a socket timeout while waiting for a channel to be ready, which is not a normal execution process."
227168,"['1', '1', '1', '7', '3', '4', '3', '4', '3', '4', '2', '2', '2', '19', '6', '6', '6', '5', '5', '5']",[19],status,"The log message indicates a SocketTimeoutException, which is an abnormal condition indicating a timeout while waiting for a channel to be ready for read."
227459,"['1', '7', '1', '1', '3', '4', '3', '4', '3', '4', '2', '2', '2', '6', '6', '6', '5', '5', '5', '15']","[1, 7, 1, 1, 3, 4, 3, 4, 3, 4, 2, 2, 2, 6, 6, 6, 5, 5, 5, 15]",entity,The test sequence includes an additional step at the end (Error deleting block blk_) that is not present in any of the normal example sequences. This deviation indicates an abnormal execution workflow.
227950,"['7', '1', '1', '1', '4', '2', '4', '3', '2', '3', '3', '4', '2', '6', '6', '6', '5', '5', '5']","[7, 1, 1, 1, 4, 2, 4, 3, 2, 3, 3, 4, 2, 6, 6, 6, 5, 5, 5]",entity,"The test sequence includes deviations from the normal example sequences, such as receiving block blk_ from / before initiating a PacketResponder for the block, as well as the order of actions being different from the normal sequences."
230218,"['1', '7']","[1, 7]",entity,"The test sequence is abnormal because it starts with 'receiving block blk_' instead of the typical starting point 'NameSystem allocateBlock'. Additionally, the order of processes in the test sequence is different from the normal example sequences provided."
232206,"['7', '1', '3', '4', '1', '1', '3', '4', '2', '2', '2', '3', '4', '6', '6', '6', '5', '5', '5']","[7, 1, 3, 4, 1, 1, 3, 4, 2, 2, 2, 3, 4, 6, 6, 6, 5, 5, 5]",entity,The test sequence includes additional processes that are not present in any of the normal example sequences. These additional processes indicate a deviation from the expected normal execution workflow.
232879,"['1', '7', '1', '1', '3', '4', '3', '4', '3', '4', '2', '2', '2', '6', '6', '6', '5', '15', '5', '5']","[1, 7, 1, 1, 3, 4, 3, 4, 3, 4, 2, 2, 2, 6, 6, 6, 5, 15, 5, 5]",entity,"The test sequence includes an additional step of 'Error deleting block blk_' at step 7, which is not present in any of the normal example sequences. This deviation from the normal flow indicates an abnormal execution workflow."
232913,"['1', '7', '1', '1', '3', '4', '3', '4', '3', '4', '2', '2', '2', '6', '6', '6', '5', '15', '5', '5']","[1, 7, 1, 1, 3, 4, 3, 4, 3, 4, 2, 2, 2, 6, 6, 6, 5, 15, 5, 5]",entity,"The test sequence includes an additional step of 'Error deleting block blk_' at step 7, which is not present in any of the normal example sequences. This deviation from the normal flow indicates an abnormal execution workflow."
232977,"['7', '1', '1', '16']",[16],status,"The log message indicates an exception due to a socket timeout while waiting for a channel to be ready, which is not a normal execution process."
233291,"['7', '1', '1', '1', '3', '4', '3', '4', '3', '4', '2', '2', '2', '6', '6', '6', '5', '15', '5', '5']","[7, 1, 1, 1, 3, 4, 3, 4, 3, 4, 2, 2, 2, 6, 6, 6, 5, 15, 5, 5]",entity,"The test sequence deviates from the normal example sequences by introducing errors such as 'Error deleting block blk_' and repeating actions like 'deleting block file twice', which are not present in the normal examples. This indicates an abnormal execution workflow."
234212,"['1', '1', '1', '7', '3', '4', '3', '4', '3', '4', '1', '14', '13', '19', '2', '2', '2', '12', '11', '2', '5', '6', '6', '6', '6', '5', '5', '15', '5']",[19],status,"The log message indicates a SocketTimeoutException, which is an abnormal condition indicating a timeout while waiting for a channel to be ready for read."
234240,"['1', '1', '1', '7', '3', '4', '3', '4', '3', '4', '2', '2', '2', '19', '6', '6', '6', '5', '5', '5']",[19],status,"The log message indicates a SocketTimeoutException, which is an abnormal condition indicating a timeout while waiting for a channel to be ready for read."
234564,"['1', '7', '1', '1', '3', '4', '3', '4', '3', '4', '2', '2', '2', '6', '6', '6', '5', '15', '5', '5']","[1, 7, 1, 1, 3, 4, 3, 4, 3, 4, 2, 2, 2, 6, 6, 6, 5, 15, 5, 5]",entity,"The test sequence includes an additional step of 'Error deleting block blk_' at step 7, which is not present in any of the normal example sequences. This deviation from the normal flow indicates an abnormal execution workflow."
234920,"['1', '1', '1', '7', '3', '4', '4', '3', '4', '2', '2', '2', '3', '6', '6', '6', '5', '15', '5', '5']","[1, 1, 1, 7, 3, 4, 4, 3, 4, 2, 2, 2, 3, 6, 6, 6, 5, 15, 5, 5]",entity,The test sequence includes an error message 'Error deleting block blk_' which is not present in any of the normal example sequences. This indicates a deviation from the expected normal flow of execution workflows.
234985,"['1', '1', '7', '1', '3', '4', '2', '3', '4', '3', '4', '14', '13', '2', '11', '1', '12', '2', '2', '5', '6', '6', '6', '6', '15', '5', '5', '5']","[1, 1, 7, 1, 3, 4, 2, 3, 4, 3, 4, 14, 13, 2, 11, 1, 12, 2, 2, 5, 6, 6, 6, 6, 15, 5, 5, 5]",entity,"The test sequence deviates from the normal execution workflows observed in the examples. In the normal workflows, there is a clear pattern of receiving blocks, initiating PacketResponders, transmitting blocks, and adding stored blocks in a sequential and repetitive manner. However, in the test sequence, there are deviations such as the repetition of deleting a block and adding it to the invalid set, as well as error messages related to deleting blocks. These deviations indicate an abnormal execution workflow."
235291,"['1', '1', '7', '1', '3', '4', '3', '4', '3', '4', '2', '2', '2', '6', '6', '6', '5', '5', '5', '15']","[1, 1, 7, 1, 3, 4, 3, 4, 3, 4, 2, 2, 2, 6, 6, 6, 5, 5, 5, 15]",entity,The test sequence includes an additional step '7: Error deleting block blk_' which is not present in any of the normal example sequences. This indicates an abnormal execution workflow.
235940,"['1', '1', '1', '7', '3', '4', '3', '4', '3', '4', '2', '2', '2', '6', '6', '6', '5', '15', '5', '5']","[1, 1, 1, 7, 3, 4, 3, 4, 3, 4, 2, 2, 2, 6, 6, 6, 5, 15, 5, 5]",entity,"The test sequence includes an error in deleting block blk_, which is not present in any of the normal example sequences. Additionally, the test sequence involves deleting block files twice, which is also not a typical behavior in the normal examples provided."
235996,"['1', '7']","[1, 7]",entity,"The test sequence is abnormal because it starts with 'receiving block blk_' instead of the typical starting point 'NameSystem allocateBlock'. Additionally, the order of processes in the test sequence is different from the normal example sequences provided."
236550,"['1', '1', '7', '1', '3', '4', '3', '4', '3', '4', '2', '2', '2', '6', '6', '6', '5', '5', '15', '5']","[1, 1, 7, 1, 3, 4, 3, 4, 3, 4, 2, 2, 2, 6, 6, 6, 5, 5, 15, 5]",entity,The test sequence includes an additional step of 'Error deleting block blk_' which is not present in any of the normal example sequences. This indicates a deviation from the expected normal execution workflow.
238082,"['1', '7', '1', '1', '3', '4', '3', '4', '2', '2', '3', '4', '2', '6', '6', '6', '5', '15', '5', '5']","[1, 7, 1, 1, 3, 4, 3, 4, 2, 2, 3, 4, 2, 6, 6, 6, 5, 15, 5, 5]",entity,"The test sequence includes an error (Error deleting block blk_) which is not present in any of the normal example sequences. Additionally, the test sequence also includes receiving a block from an unknown source, which is not a part of the normal execution workflows. These deviations from the normal examples indicate an abnormal execution workflow."
238562,"['1', '1', '7', '16']",[16],status,"The log message indicates an exception due to a socket timeout while waiting for a channel to be ready, which is not a normal execution process."
238844,"['1', '7']","[1, 7]",entity,"The test sequence is abnormal because it starts with 'receiving block blk_' instead of the typical starting point 'NameSystem allocateBlock'. Additionally, the order of processes in the test sequence is different from the normal example sequences provided."
239471,"['1', '7', '1', '1', '3', '4', '3', '4', '3', '4', '2', '2', '2', '6', '6', '6', '5', '5', '15', '5']","[1, 7, 1, 1, 3, 4, 3, 4, 3, 4, 2, 2, 2, 6, 6, 6, 5, 5, 15, 5]",entity,The test sequence includes an additional step of 'Error deleting block blk_' which is not present in any of the normal example sequences. This deviation from the normal workflow indicates an abnormal execution flow.
239493,"['1', '1', '7', '1', '3', '4', '2', '3', '4', '3', '4', '13', '2', '2', '1', '14', '12', '11', '2', '5', '6', '6', '6', '6', '5', '15', '5', '5']","[1, 1, 7, 1, 3, 4, 2, 3, 4, 3, 4, 13, 2, 2, 1, 14, 12, 11, 2, 5, 6, 6, 6, 6, 5, 15, 5, 5]",entity,"The test sequence includes abnormal actions such as 'Error deleting block', 'The system is repetitively performing the action of deleting a block and adding it to the invalid set', and 'The execution sequence involves deleting a block file twice', which are not present in any of the normal example sequences. These abnormal actions indicate a deviation from the expected workflow."
239613,"['1', '1', '1', '7', '3', '4', '3', '4', '3', '4', '2', '2', '2', '6', '6', '6', '5', '5', '15', '5']","[1, 1, 1, 7, 3, 4, 3, 4, 3, 4, 2, 2, 2, 6, 6, 6, 5, 5, 15, 5]",entity,The test sequence includes an additional step of 'Error deleting block blk_' which is not present in any of the normal example sequences. This deviation indicates an abnormal execution workflow.
239645,"['1', '1', '1', '7', '3', '4', '3', '4', '3', '4', '2', '2', '2', '6', '6', '6', '5', '5', '15', '5']","[1, 1, 1, 7, 3, 4, 3, 4, 3, 4, 2, 2, 2, 6, 6, 6, 5, 5, 15, 5]",entity,The test sequence includes an additional step of 'Error deleting block blk_' which is not present in any of the normal example sequences. This deviation indicates an abnormal execution workflow.
239996,"['1', '7']","[1, 7]",entity,"The test sequence is abnormal because it starts with 'receiving block blk_' instead of the typical starting point 'NameSystem allocateBlock'. Additionally, the order of processes in the test sequence is different from the normal example sequences provided."
240386,"['1', '1', '7', '1', '17', '3', '4', '17', '3', '4', '17', '3', '4', '2', '2', '2', '6', '6', '6', '5', '5', '15', '5']",[17],status,"The log message indicates a SocketTimeoutException which suggests a timeout while waiting for a channel to be ready for write, which is abnormal behavior."
241799,"['1', '1', '1', '7', '17', '17', '17', '3', '4', '3', '4', '3', '4', '2', '2', '2', '6', '6', '6', '5', '5', '5']","[17, 17, 17]",status,"The log message indicates a SocketTimeoutException which suggests a timeout while waiting for a channel to be ready for write, which is abnormal behavior."
241915,"['1', '7']","[1, 7]",entity,"The test sequence is abnormal because it starts with 'receiving block blk_' instead of the typical starting point 'NameSystem allocateBlock'. Additionally, the order of processes in the test sequence is different from the normal example sequences provided."
243401,"['1', '1', '7', '16']",[16],status,"The log message indicates an exception due to a socket timeout while waiting for a channel to be ready, which is not a normal execution process."
244526,"['1', '1', '7', '16']",[16],status,"The log message indicates an exception due to a socket timeout while waiting for a channel to be ready, which is not a normal execution process."
244712,"['1', '1', '7', '1', '3', '4', '3', '4', '2', '2', '3', '4', '2', '6', '6', '6', '5', '15', '5', '5']","[1, 1, 7, 1, 3, 4, 3, 4, 2, 2, 3, 4, 2, 6, 6, 6, 5, 15, 5, 5]",entity,The test sequence deviates from the normal execution workflows as it includes actions such as 'Error deleting block blk_' which are not present in any of the example sequences provided.
244990,"['7', '1', '1', '16']",[16],status,"The log message indicates an exception due to a socket timeout while waiting for a channel to be ready, which is not a normal execution process."
245692,"['1', '7', '1', '1', '3', '4', '3', '4', '3', '4', '2', '2', '2', '6', '6', '6', '5', '5', '5', '15']","[1, 7, 1, 1, 3, 4, 3, 4, 3, 4, 2, 2, 2, 6, 6, 6, 5, 5, 5, 15]",entity,The test sequence includes an additional step at the end (Error deleting block blk_) that is not present in any of the normal example sequences. This deviation indicates an abnormal execution workflow.
245695,"['1', '7', '1', '1', '3', '4', '3', '4', '3', '4', '2', '2', '2', '6', '6', '6', '5', '5', '5', '15']","[1, 7, 1, 1, 3, 4, 3, 4, 3, 4, 2, 2, 2, 6, 6, 6, 5, 5, 5, 15]",entity,The test sequence includes an additional step at the end (Error deleting block blk_) that is not present in any of the normal example sequences. This deviation indicates an abnormal execution workflow.
246542,"['1', '7', '1', '1', '3', '4', '3', '4', '3', '4', '2', '2', '2', '6', '6', '6', '5', '5', '15', '5']","[1, 7, 1, 1, 3, 4, 3, 4, 3, 4, 2, 2, 2, 6, 6, 6, 5, 5, 15, 5]",entity,The test sequence includes an additional step of 'Error deleting block blk_' which is not present in any of the normal example sequences. This deviation from the normal workflow indicates an abnormal execution flow.
246677,"['1', '1', '7', '1', '3', '4', '3', '4', '3', '4', '2', '2', '2', '6', '6', '6', '5', '15', '5', '5']","[1, 1, 7, 1, 3, 4, 3, 4, 3, 4, 2, 2, 2, 6, 6, 6, 5, 15, 5, 5]",entity,The test sequence includes an additional step of 'Error deleting block blk_' which is not present in any of the normal example sequences. This indicates an abnormal flow in the execution workflow.
246808,"['1', '7', '1', '1', '17', '3', '4', '17', '3', '4', '17', '2', '3', '4', '2', '2', '6', '6', '6', '5', '5', '5']",[17],status,"The log message indicates a SocketTimeoutException which suggests a timeout while waiting for a channel to be ready for write, which is abnormal behavior."
246834,"['1', '1', '7', '1', '3', '4', '3', '4', '3', '4', '2', '2', '2', '6', '6', '6', '5', '15', '5', '5']","[1, 1, 7, 1, 3, 4, 3, 4, 3, 4, 2, 2, 2, 6, 6, 6, 5, 15, 5, 5]",entity,The test sequence includes an additional step of 'Error deleting block blk_' which is not present in any of the normal example sequences. This indicates an abnormal flow in the execution workflow.
247005,"['1', '1', '7', '1', '3', '4', '3', '4', '3', '4', '2', '2', '2', '6', '6', '6', '5', '15', '5', '5']","[1, 1, 7, 1, 3, 4, 3, 4, 3, 4, 2, 2, 2, 6, 6, 6, 5, 15, 5, 5]",entity,The test sequence includes an additional step of 'Error deleting block blk_' which is not present in any of the normal example sequences. This indicates an abnormal flow in the execution workflow.
247039,"['1', '1', '7', '1', '3', '4', '3', '4', '3', '4', '2', '2', '2', '19', '6', '6', '6', '5', '5', '5']",[19],status,"The log message indicates a SocketTimeoutException, which is an abnormal condition indicating a timeout while waiting for a channel to be ready for read."
247300,"['1', '1', '1', '7', '3', '4', '3', '4', '3', '4', '2', '2', '2', '6', '6', '6', '5', '5', '5', '15']","[1, 1, 1, 7, 3, 4, 3, 4, 3, 4, 2, 2, 2, 6, 6, 6, 5, 5, 5, 15]",entity,"The test sequence includes an error in the deletion of block blk_, which is not present in any of the normal example sequences. This deviation from the normal flow indicates an abnormal execution workflow."
247385,"['1', '1', '7', '1', '17', '3', '4', '17', '3', '4', '17', '3', '4', '2', '2', '2', '6', '6', '6', '5', '5', '5']",[17],status,"The log message indicates a SocketTimeoutException which suggests a timeout while waiting for a channel to be ready for write, which is abnormal behavior."
247593,"['1', '1', '1', '7', '3', '4', '3', '4', '3', '4', '13', '2', '2', '2', '1', '14', '12', '11', '2', '5', '6', '6', '6', '6', '5', '15', '5', '5']","[1, 1, 1, 7, 3, 4, 3, 4, 3, 4, 13, 2, 2, 2, 1, 14, 12, 11, 2, 5, 6, 6, 6, 6, 5, 15, 5, 5]",entity,"The test sequence differs from the normal sequences in multiple ways. Firstly, the test sequence includes actions that are not present in the normal sequences, such as the repetition of deleting and adding a block to an invalid set multiple times. Additionally, the test sequence contains errors, such as attempting to delete a block that does not exist ('Error deleting block blk_'). These discrepancies indicate an abnormal execution workflow."
247796,"['1', '1', '7', '16']",[16],status,"The log message indicates an exception due to a socket timeout while waiting for a channel to be ready, which is not a normal execution process."
247858,"['1', '7']","[1, 7]",entity,"The test sequence is abnormal because it starts with 'receiving block blk_' instead of the typical starting point 'NameSystem allocateBlock'. Additionally, the order of processes in the test sequence is different from the normal example sequences provided."
247973,"['1', '1', '1', '7', '3', '4', '3', '4', '3', '4', '13', '2', '2', '2', '14', '1', '12', '11', '2', '5', '6', '6', '6', '6', '5', '5', '15', '5']","[1, 1, 1, 7, 3, 4, 3, 4, 3, 4, 13, 2, 2, 2, 14, 1, 12, 11, 2, 5, 6, 6, 6, 6, 5, 5, 15, 5]",entity,"The test sequence deviates from the normal execution workflows observed in the examples provided. In the normal sequences, there is a consistent pattern of receiving blocks, allocating blocks, initiating PacketResponders, adding stored blocks, and transferring blocks. However, the test sequence introduces new actions such as repetitively deleting blocks and adding them to the invalid set, which is not seen in the normal examples. Additionally, the test sequence contains an error message 'Error deleting block blk_', which is not part of the expected workflow."
248995,"['1', '1', '1', '7', '3', '4', '3', '4', '3', '4', '13', '2', '2', '2', '11', '1', '14', '12', '2', '5', '6', '6', '6', '6', '15', '5', '5', '5']","[1, 1, 1, 7, 3, 4, 3, 4, 3, 4, 13, 2, 2, 2, 11, 1, 14, 12, 2, 5, 6, 6, 6, 6, 15, 5, 5, 5]",entity,"The test sequence deviates significantly from the normal execution workflows seen in the examples. The test sequence includes actions that are not present in the normal examples, such as transmitting block blk_, repetitively deleting and adding blocks to the invalid set, and encountering an error while deleting a block. These abnormal actions indicate that the test sequence is not following the expected pattern of normal_flows execution workflows."
249179,"['1', '1', '7', '1', '3', '4', '3', '4', '3', '4', '2', '2', '2', '6', '6', '6', '5', '5', '15', '5']","[1, 1, 7, 1, 3, 4, 3, 4, 3, 4, 2, 2, 2, 6, 6, 6, 5, 5, 15, 5]",entity,The test sequence includes an additional step of 'Error deleting block blk_' which is not present in any of the normal example sequences. This indicates a deviation from the expected normal execution workflow.
249956,"['1', '3', '4', '1', '3', '4', '1', '3', '4', '8', '2', '2', '2', '7', '6', '6', '6', '5', '5', '5']","[1, 3, 4, 1, 3, 4, 1, 3, 4, 8, 2, 2, 2, 7, 6, 6, 6, 5, 5, 5]",entity,"The test sequence deviates from the normal execution workflows seen in the examples. In the normal examples, there is a consistent pattern of receiving blocks sequentially, followed by initiating PacketResponders, adding stored blocks, serving blocks, and deleting blocks in a sequential manner. However, in the test sequence, the pattern is disrupted by the repeated actions of initiating PacketResponders and receiving blocks, which is not observed in the normal examples."
250007,"['1', '1', '1', '7', '3', '4', '3', '4', '3', '4', '2', '2', '13', '1', '14', '12', '11', '2', '2', '10', '6', '6', '6', '6', '5', '5', '5', '5']","[1, 1, 1, 7, 3, 4, 3, 4, 3, 4, 2, 2, 13, 1, 14, 12, 11, 2, 2, 10, 6, 6, 6, 6, 5, 5, 5, 5]",entity,"The test sequence deviates from the normal execution workflows seen in the examples. This is evident from the addition of new actions such as BLOCK* asks datanode(s) to replicate, Starting thread to transfer block, and the repetition of actions like successfully verifying a block and then repetitively deleting it 4 times. These deviations indicate an abnormal execution workflow."
250599,"['1', '1', '7', '1', '3', '4', '3', '4', '3', '4', '2', '2', '13', '1', '14', '12', '11', '2', '2', '6', '6', '6', '6', '5', '5', '5', '5']","[1, 1, 7, 1, 3, 4, 3, 4, 3, 4, 2, 2, 13, 1, 14, 12, 11, 2, 2, 6, 6, 6, 6, 5, 5, 5, 5]",entity,"The test sequence includes additional actions such as BLOCK* asking datanode(s) to replicate, starting a thread to transfer a block, and repetitively performing the action of deleting a block and adding it to the invalid set for a total of 4 times. These actions are not present in any of the normal example sequences, indicating that the test sequence is abnormal."
251124,"['1', '7', '1', '1', '3', '4', '3', '4', '3', '4', '2', '2', '13', '1', '14', '11', '12', '2', '2', '6', '6', '6', '6', '5', '5', '5', '5']","[1, 7, 1, 1, 3, 4, 3, 4, 3, 4, 2, 2, 13, 1, 14, 11, 12, 2, 2, 6, 6, 6, 6, 5, 5, 5, 5]",entity,"The test sequence includes multiple instances of abnormal behavior such as adding a stored block in the NameSystem multiple times, asking datanode(s) to replicate a block, starting a thread to transfer a block, and repetitively performing the action of deleting a block and adding it to the invalid set. These behaviors do not match the patterns seen in the normal example sequences provided."
251167,"['1', '1', '1', '7', '3', '4', '3', '4', '3', '4', '2', '2', '13', '14', '1', '11', '12', '2', '2', '10', '10', '6', '6', '6', '6', '5', '5', '5', '5']","[1, 1, 1, 7, 3, 4, 3, 4, 3, 4, 2, 2, 13, 14, 1, 11, 12, 2, 2, 10, 10, 6, 6, 6, 6, 5, 5, 5, 5]",entity,"The test sequence includes actions that are not present in any of the normal example sequences, such as BLOCK* asks datanode(s) to replicate, Starting thread to transfer block, and repetitive deletion and addition of a block to the invalid set 4 times. These actions deviate significantly from the patterns observed in the normal sequences, indicating an abnormal workflow."
251727,"['1', '1', '1', '7', '3', '4', '3', '4', '3', '4', '2', '2', '13', '14', '1', '12', '11', '2', '2', '6', '6', '6', '6', '5', '5', '5', '5']","[1, 1, 1, 7, 3, 4, 3, 4, 3, 4, 2, 2, 13, 14, 1, 12, 11, 2, 2, 6, 6, 6, 6, 5, 5, 5, 5]",entity,"The test sequence includes actions that are not present in any of the normal example sequences, such as BLOCK* asking datanode(s) to replicate, starting thread to transfer block, and repeating the action of deleting a block and adding it to the invalid set 4 times. These deviations from the normal sequences indicate an abnormal execution workflow."
251785,"['1', '1', '7', '1', '3', '4', '3', '4', '3', '4', '2', '2', '13', '14', '1', '12', '11', '2', '2', '6', '6', '6', '6', '5', '5', '5', '5']","[1, 1, 7, 1, 3, 4, 3, 4, 3, 4, 2, 2, 13, 14, 1, 12, 11, 2, 2, 6, 6, 6, 6, 5, 5, 5, 5]",entity,"The test sequence includes actions that are not present in any of the normal example sequences, such as BLOCK* asks datanode(s) to replicate, Starting thread to transfer block, and repetitively performing the action of deleting a block and adding it to the invalid set multiple times. These deviations from the normal sequences indicate an abnormal execution workflow."
251818,"['1', '1', '1', '7', '3', '4', '3', '4', '2', '3', '4', '2', '13', '14', '1', '12', '11', '2', '2', '6', '6', '6', '6', '5', '5', '5', '5']","[1, 1, 1, 7, 3, 4, 3, 4, 2, 3, 4, 2, 13, 14, 1, 12, 11, 2, 2, 6, 6, 6, 6, 5, 5, 5, 5]",entity,"The test sequence deviates from the normal execution workflows in the following ways: 1. The test sequence involves unknown sources for receiving blocks, which is not seen in the normal examples. 2. The test sequence includes actions such as BLOCK* asking datanode(s) to replicate and starting a thread to transfer block, which are not part of the normal examples. 3. The test sequence repeats the action of deleting a block and adding it to the invalid set 4 times, while the normal examples repeat this action only 3 times. 4. The test sequence executes a sequence of operations where a block file is repeatedly deleted across multiple steps, which is not present in the normal examples."
251862,"['1', '7']","[1, 7]",entity,"The test sequence is abnormal because it starts with 'receiving block blk_' instead of the typical starting point 'NameSystem allocateBlock'. Additionally, the order of processes in the test sequence is different from the normal example sequences provided."
252475,"['1', '1', '7', '1', '3', '4', '3', '4', '3', '4', '2', '2', '2', '6', '6', '6', '5', '15', '5', '5']","[1, 1, 7, 1, 3, 4, 3, 4, 3, 4, 2, 2, 2, 6, 6, 6, 5, 15, 5, 5]",entity,The test sequence includes an additional step of 'Error deleting block blk_' which is not present in any of the normal example sequences. This indicates an abnormal flow in the execution workflow.
252844,"['1', '1', '1', '7', '3', '4', '3', '4', '3', '4', '2', '2', '13', '1', '14', '11', '12', '2', '2', '6', '6', '6', '6', '5', '5', '5', '5']","[1, 1, 1, 7, 3, 4, 3, 4, 3, 4, 2, 2, 13, 1, 14, 11, 12, 2, 2, 6, 6, 6, 6, 5, 5, 5, 5]",entity,"The test sequence includes processes that are not present in any of the normal example sequences, such as 'BLOCK* asks datanode(s) to replicate', 'Starting thread to transfer block', and 'The system is repetitively performing the action of deleting a block and adding it to the invalid set'. These unique processes indicate an abnormal execution workflow."
253131,"['1', '1', '1', '7', '3', '4', '3', '4', '3', '4', '2', '2', '2', '6', '6', '6', '5', '15', '5', '5']","[1, 1, 1, 7, 3, 4, 3, 4, 3, 4, 2, 2, 2, 6, 6, 6, 5, 15, 5, 5]",entity,"The test sequence includes an error in deleting block blk_, which is not present in any of the normal example sequences. Additionally, the test sequence involves deleting block files twice, which is also not a typical behavior in the normal examples provided."
253832,"['7', '1', '1', '1', '3', '4', '3', '4', '3', '4', '2', '2', '14', '13', '1', '2', '11', '12', '2', '5', '6', '6', '6', '5', '5', '5']","[7, 1, 1, 1, 3, 4, 3, 4, 3, 4, 2, 2, 14, 13, 1, 2, 11, 12, 2, 5, 6, 6, 6, 5, 5, 5]",entity,"The test sequence contains several actions that are not present in any of the normal example sequences, such as starting thread to transfer block, BLOCK* asking datanode(s) to replicate, and adding a stored block in the NameSystem multiple times. Additionally, the sequence involves deleting a block that was added to an invalid set, which is not a common action in the normal flows. Therefore, based on the discrepancy between the test sequence and the normal examples, the prediction is 'Abnormal'."
253955,"['1', '1', '1', '7', '3', '4', '3', '4', '3', '4', '2', '2', '2', '6', '6', '6', '5', '5', '15', '5']","[1, 1, 1, 7, 3, 4, 3, 4, 3, 4, 2, 2, 2, 6, 6, 6, 5, 5, 15, 5]",entity,The test sequence includes an additional step of 'Error deleting block blk_' which is not present in any of the normal example sequences. This deviation indicates an abnormal execution workflow.
254790,"['1', '1', '1', '7', '3', '4', '3', '4', '3', '4', '2', '2', '2', '6', '6', '6', '5', '15', '5', '5']","[1, 1, 1, 7, 3, 4, 3, 4, 3, 4, 2, 2, 2, 6, 6, 6, 5, 15, 5, 5]",entity,"The test sequence includes an error in deleting block blk_, which is not present in any of the normal example sequences. Additionally, the test sequence involves deleting block files twice, which is also not a typical behavior in the normal examples provided."
254838,"['1', '1', '1', '7', '3', '4', '3', '4', '3', '4', '2', '2', '13', '14', '1', '12', '11', '2', '2', '10', '6', '6', '6', '6', '5', '5', '5', '5']","[1, 1, 1, 7, 3, 4, 3, 4, 3, 4, 2, 2, 13, 14, 1, 12, 11, 2, 2, 10, 6, 6, 6, 6, 5, 5, 5, 5]",entity,"The test sequence includes new processes such as BLOCK* asks datanode(s) to replicate, Starting thread to transfer block, and the repetition of adding and deleting blocks multiple times, which are not present in any of the normal example sequences. This deviation from the normal flow indicates an abnormal execution workflow."
255001,"['1', '7', '1', '1', '3', '4', '3', '4', '3', '4', '2', '2', '14', '13', '1', '11', '12', '2', '2', '10', '6', '6', '6', '6', '5', '5', '5', '5']","[1, 7, 1, 1, 3, 4, 3, 4, 3, 4, 2, 2, 14, 13, 1, 11, 12, 2, 2, 10, 6, 6, 6, 6, 5, 5, 5, 5]",entity,"The test sequence includes processes that are not present in any of the normal example sequences, such as 'Starting thread to transfer block', 'BLOCK* asks datanode(s) to replicate', and 'The workflow starts with receiving a block, which is followed by the successful reception of the block.' These processes deviate from the patterns observed in the normal examples, indicating an abnormal execution workflow."
256461,"['1', '1', '1', '7', '3', '4', '3', '4', '3', '4', '13', '2', '2', '2', '14', '1', '12', '11', '2', '5', '6', '6', '6', '5', '5', '5']","[1, 1, 1, 7, 3, 4, 3, 4, 3, 4, 13, 2, 2, 2, 14, 1, 12, 11, 2, 5, 6, 6, 6, 5, 5, 5]",entity,"The test sequence includes actions that are not present in any of the normal example sequences, such as BLOCK* asks datanode(s) to replicate, NameSystem adding stored block, and the repeated action of deleting a block added to an invalid set. These deviations indicate an abnormal execution workflow."
256955,"['1', '1', '7', '1', '17', '3', '4', '17', '3', '4', '17', '3', '4', '2', '2', '2', '6', '6', '6', '5', '5', '5']",[17],status,"The log message indicates a SocketTimeoutException which suggests a timeout while waiting for a channel to be ready for write, which is abnormal behavior."
257628,"['1', '1', '1', '7', '3', '4', '3', '4', '2', '2', '3', '4', '2', '6', '6', '6', '5', '5', '5', '15']","[1, 1, 1, 7, 3, 4, 3, 4, 2, 2, 3, 4, 2, 6, 6, 6, 5, 5, 5, 15]",entity,"The test sequence deviates from the normal execution workflows seen in the example sequences by introducing an 'Error deleting block blk_' step at the end, which is not present in any of the normal sequences. This abnormal step indicates a deviation from the expected flow and suggests an abnormal execution workflow."
258208,"['1', '1', '7', '1', '3', '4', '3', '4', '3', '4', '2', '2', '2', '6', '6', '6', '5', '5', '15', '5']","[1, 1, 7, 1, 3, 4, 3, 4, 3, 4, 2, 2, 2, 6, 6, 6, 5, 5, 15, 5]",entity,The test sequence includes an additional step of 'Error deleting block blk_' which is not present in any of the normal example sequences. This indicates a deviation from the expected normal execution workflow.
258711,"['1', '1', '1', '7', '3', '4', '3', '4', '3', '4', '2', '2', '2', '10', '6', '6', '6', '5', '5', '15', '5']","[1, 1, 1, 7, 3, 4, 3, 4, 3, 4, 2, 2, 2, 10, 6, 6, 6, 5, 5, 15, 5]",entity,The test sequence deviates from the normal execution workflows as it includes errors in deleting blocks and does not follow the expected sequential pattern of actions observed in the normal examples.
258781,"['1', '7', '1', '1', '3', '4', '3', '4', '3', '4', '13', '2', '2', '2', '14', '1', '11', '12', '2', '5', '10', '6', '6', '6', '5', '5', '5']","[1, 7, 1, 1, 3, 4, 3, 4, 3, 4, 13, 2, 2, 2, 14, 1, 11, 12, 2, 5, 10, 6, 6, 6, 5, 5, 5]",entity,"The test sequence does not follow the typical pattern seen in the normal example sequences. It includes additional steps such as BLOCK* asks datanode(s) to replicate, Starting thread to transfer block, and NameSystem adding stored block which are not present in the normal sequences. Additionally, the order of actions in the test sequence differs from the normal sequences, indicating an abnormal execution workflow."
259430,"['1', '7', '1', '1', '3', '4', '3', '4', '3', '4', '2', '2', '2', '6', '6', '6', '5', '15', '5', '5']","[1, 7, 1, 1, 3, 4, 3, 4, 3, 4, 2, 2, 2, 6, 6, 6, 5, 15, 5, 5]",entity,"The test sequence includes an additional step of 'Error deleting block blk_' at step 7, which is not present in any of the normal example sequences. This deviation from the normal flow indicates an abnormal execution workflow."
259570,"['1', '1', '7', '1', '3', '4', '3', '4', '3', '4', '2', '2', '2', '6', '6', '6', '5', '15', '5', '5']","[1, 1, 7, 1, 3, 4, 3, 4, 3, 4, 2, 2, 2, 6, 6, 6, 5, 15, 5, 5]",entity,The test sequence includes an additional step of 'Error deleting block blk_' which is not present in any of the normal example sequences. This indicates an abnormal flow in the execution workflow.
259613,"['1', '1', '7', '1', '3', '4', '3', '4', '3', '4', '2', '2', '13', '2', '1', '14', '12', '11', '2', '5', '6', '6', '6', '5', '5', '5']","[1, 1, 7, 1, 3, 4, 3, 4, 3, 4, 2, 2, 13, 2, 1, 14, 12, 11, 2, 5, 6, 6, 6, 5, 5, 5]",entity,The test sequence deviates from the normal execution workflows as it includes actions such as deleting a block that was added to an invalid set and repeating this action three times in a sequential manner. This abnormal behavior indicates a deviation from the expected flow of processes observed in the normal example sequences.
259959,"['7', '1', '1', '1', '3', '4', '3', '4', '3', '4', '2', '2', '19', '2', '6', '6', '6', '5', '5', '5']",[19],status,"The log message indicates a SocketTimeoutException, which is an abnormal condition indicating a timeout while waiting for a channel to be ready for read."
260172,"['1', '1', '1', '7', '3', '4', '3', '4', '3', '4', '2', '2', '2', '6', '6', '6', '5', '5', '15', '5']","[1, 1, 1, 7, 3, 4, 3, 4, 3, 4, 2, 2, 2, 6, 6, 6, 5, 5, 15, 5]",entity,The test sequence includes an additional step of 'Error deleting block blk_' which is not present in any of the normal example sequences. This deviation indicates an abnormal execution workflow.
260502,"['1', '1', '7', '16']",[16],status,"The log message indicates an exception due to a socket timeout while waiting for a channel to be ready, which is not a normal execution process."
262566,"['1', '1', '1', '7', '3', '4', '3', '4', '3', '4', '2', '2', '2', '6', '6', '6', '5', '15', '5', '5']","[1, 1, 1, 7, 3, 4, 3, 4, 3, 4, 2, 2, 2, 6, 6, 6, 5, 15, 5, 5]",entity,"The test sequence includes an error in deleting block blk_, which is not present in any of the normal example sequences. Additionally, the test sequence involves deleting block files twice, which is also not a typical behavior in the normal examples provided."
262874,"['1', '1', '1', '7', '3', '4', '3', '4', '3', '4', '2', '2', '2', '6', '6', '6', '5', '15', '5', '5']","[1, 1, 1, 7, 3, 4, 3, 4, 3, 4, 2, 2, 2, 6, 6, 6, 5, 15, 5, 5]",entity,"The test sequence includes an error in deleting block blk_, which is not present in any of the normal example sequences. Additionally, the test sequence involves deleting block files twice, which is also not a typical behavior in the normal examples provided."
263726,"['1', '1', '1', '7', '3', '4', '3', '4', '2', '2', '3', '4', '2', '10', '6', '6', '6', '5', '15', '5', '5']","[1, 1, 1, 7, 3, 4, 3, 4, 2, 2, 3, 4, 2, 10, 6, 6, 6, 5, 15, 5, 5]",entity,"The test sequence includes additional actions such as deleting block files, an error in deleting a block, and deleting a block file twice, which are not present in any of the normal example sequences. These abnormal actions indicate a deviation from the usual execution workflows observed in the normal examples."
263922,"['1', '7']","[1, 7]",entity,"The test sequence is abnormal because it starts with 'receiving block blk_' instead of the typical starting point 'NameSystem allocateBlock'. Additionally, the order of processes in the test sequence is different from the normal example sequences provided."
264664,"['1', '7', '1', '1', '3', '4', '3', '4', '3', '4', '2', '2', '2', '6', '6', '6', '5', '15', '5', '5']","[1, 7, 1, 1, 3, 4, 3, 4, 3, 4, 2, 2, 2, 6, 6, 6, 5, 15, 5, 5]",entity,"The test sequence includes an additional step of 'Error deleting block blk_' at step 7, which is not present in any of the normal example sequences. This deviation from the normal flow indicates an abnormal execution workflow."
264970,"['1', '7', '1', '1', '3', '4', '2', '3', '4', '3', '4', '2', '2', '6', '6', '6', '5', '5', '15', '5']","[1, 7, 1, 1, 3, 4, 2, 3, 4, 3, 4, 2, 2, 6, 6, 6, 5, 5, 15, 5]",entity,LLM FAILED
264994,"['7', '1', '1', '1', '3', '4', '4', '4', '2', '2', '3', '3', '2', '6', '6', '6', '5', '5', '5']","[4, 4, 4]",status,The test sequence includes an additional step of receiving a block compared to the normal examples. This indicates a deviation from the expected normal flow and suggests an abnormal execution workflow.
265490,"['1', '7', '1', '1', '3', '4', '3', '4', '3', '4', '2', '2', '2', '6', '6', '6', '5', '15', '5', '5']","[1, 7, 1, 1, 3, 4, 3, 4, 3, 4, 2, 2, 2, 6, 6, 6, 5, 15, 5, 5]",entity,"The test sequence includes an additional step of 'Error deleting block blk_' at step 7, which is not present in any of the normal example sequences. This deviation from the normal flow indicates an abnormal execution workflow."
265959,"['1', '7', '1', '1', '3', '4', '3', '4', '3', '4', '2', '2', '2', '6', '6', '6', '5', '5', '15', '5']","[1, 7, 1, 1, 3, 4, 3, 4, 3, 4, 2, 2, 2, 6, 6, 6, 5, 5, 15, 5]",entity,The test sequence includes an additional step of 'Error deleting block blk_' which is not present in any of the normal example sequences. This deviation from the normal workflow indicates an abnormal execution flow.
266767,"['1', '7', '1', '1', '3', '4', '3', '4', '3', '4', '2', '2', '2', '6', '6', '6', '5', '5', '15', '5']","[1, 7, 1, 1, 3, 4, 3, 4, 3, 4, 2, 2, 2, 6, 6, 6, 5, 5, 15, 5]",entity,The test sequence includes an additional step of 'Error deleting block blk_' which is not present in any of the normal example sequences. This deviation from the normal workflow indicates an abnormal execution flow.
270305,"['1', '1', '7', '1', '3', '4', '3', '4', '3', '4', '2', '2', '2', '6', '6', '6', '5', '5', '15', '5']","[1, 1, 7, 1, 3, 4, 3, 4, 3, 4, 2, 2, 2, 6, 6, 6, 5, 5, 15, 5]",entity,The test sequence includes an additional step of 'Error deleting block blk_' which is not present in any of the normal example sequences. This indicates a deviation from the expected normal execution workflow.
270911,"['1', '1', '7', '1', '3', '4', '3', '4', '3', '4', '2', '2', '2', '6', '6', '6', '5', '15', '5', '5']","[1, 1, 7, 1, 3, 4, 3, 4, 3, 4, 2, 2, 2, 6, 6, 6, 5, 15, 5, 5]",entity,The test sequence includes an additional step of 'Error deleting block blk_' which is not present in any of the normal example sequences. This indicates an abnormal flow in the execution workflow.
271648,"['1', '7']","[1, 7]",entity,"The test sequence is abnormal because it starts with 'receiving block blk_' instead of the typical starting point 'NameSystem allocateBlock'. Additionally, the order of processes in the test sequence is different from the normal example sequences provided."
272183,"['1', '7', '1', '1', '3', '4', '3', '4', '3', '4', '2', '2', '2', '6', '6', '6', '5', '15', '5', '5']","[1, 7, 1, 1, 3, 4, 3, 4, 3, 4, 2, 2, 2, 6, 6, 6, 5, 15, 5, 5]",entity,"The test sequence includes an additional step of 'Error deleting block blk_' at step 7, which is not present in any of the normal example sequences. This deviation from the normal flow indicates an abnormal execution workflow."
272895,"['1', '1', '1', '7', '3', '4', '3', '4', '2', '2', '3', '4', '19', '2', '6', '6', '6', '5', '5', '5']",[19],status,"The log message indicates a SocketTimeoutException, which is an abnormal condition indicating a timeout while waiting for a channel to be ready for read."
273145,"['1', '1', '7', '16']",[16],status,"The log message indicates an exception due to a socket timeout while waiting for a channel to be ready, which is not a normal execution process."
273321,"['1', '1', '1', '7', '3', '4', '3', '4', '3', '4', '2', '2', '2', '10', '6', '6', '6', '5', '15', '5', '5']","[1, 1, 1, 7, 3, 4, 3, 4, 3, 4, 2, 2, 2, 10, 6, 6, 6, 5, 15, 5, 5]",entity,"The test sequence deviates from the normal examples by including additional actions such as 'deleting block file', 'Error deleting block blk_', and 'deleting a block file twice'. These actions are not present in the normal examples, indicating an abnormal execution workflow."
274695,"['1', '7', '1', '1', '3', '4', '3', '4', '3', '4', '2', '2', '2', '6', '6', '6', '5', '5', '15', '5']","[1, 7, 1, 1, 3, 4, 3, 4, 3, 4, 2, 2, 2, 6, 6, 6, 5, 5, 15, 5]",entity,The test sequence includes an additional step of 'Error deleting block blk_' which is not present in any of the normal example sequences. This deviation from the normal workflow indicates an abnormal execution flow.
274929,"['7', '1', '1', '1', '3', '4', '2', '3', '4', '2', '3', '4', '2', '6', '6', '6', '5', '5', '5']","[7, 1, 1, 1, 3, 4, 2, 3, 4, 2, 3, 4, 2, 6, 6, 6, 5, 5, 5]",entity,"The test sequence deviates from the normal execution workflows as seen in the examples. In the normal examples, there is a consistent pattern of actions involving initiating PacketResponders, receiving blocks, and adding stored blocks in a specific order. However, the test sequence includes repeated actions of initiating a PacketResponder and receiving a block from an unknown source multiple times, which is different from the expected pattern."
275321,"['1', '7', '1', '16']",[16],status,"The log message indicates an exception due to a socket timeout while waiting for a channel to be ready, which is not a normal execution process."
277419,"['1', '7']","[1, 7]",entity,"The test sequence is abnormal because it starts with 'receiving block blk_' instead of the typical starting point 'NameSystem allocateBlock'. Additionally, the order of processes in the test sequence is different from the normal example sequences provided."
277510,"['7', '1']","[7, 1]",entity,"The test sequence deviates from the normal flows as it does not follow the sequential pattern of handling and receiving blocks as seen in the normal example sequences. In the normal examples, there is a consistent flow of handling and receiving blocks in a specific order, but the test sequence only includes handling and receiving one block which is different from the expected pattern."
278129,"['1', '7', '1', '16']",[16],status,"The log message indicates an exception due to a socket timeout while waiting for a channel to be ready, which is not a normal execution process."
279116,"['1', '1', '7', '16']",[16],status,"The log message indicates an exception due to a socket timeout while waiting for a channel to be ready, which is not a normal execution process."
279226,"['1', '1', '1', '7', '3', '4', '3', '4', '3', '4', '2', '2', '2', '19', '10', '6', '6', '6', '5', '5', '5']",[19],status,"The log message indicates a SocketTimeoutException, which is an abnormal condition indicating a timeout while waiting for a channel to be ready for read."
280346,"['1', '7', '1', '1', '3', '4', '3', '4', '3', '4', '14', '13', '2', '2', '2', '1', '12', '11', '2', '5', '6', '6', '6', '5', '5', '5']","[1, 7, 1, 1, 3, 4, 3, 4, 3, 4, 14, 13, 2, 2, 2, 1, 12, 11, 2, 5, 6, 6, 6, 5, 5, 5]",entity,"The test sequence includes actions that are not part of the normal example sequences, such as adding a block to an invalid set and deleting a block file in three consecutive steps, which indicates an abnormal flow."
281507,"['1', '7', '1', '1', '3', '4', '3', '4', '3', '4', '2', '2', '2', '6', '6', '6', '5', '15', '5', '5']","[1, 7, 1, 1, 3, 4, 3, 4, 3, 4, 2, 2, 2, 6, 6, 6, 5, 15, 5, 5]",entity,"The test sequence includes an additional step of 'Error deleting block blk_' at step 7, which is not present in any of the normal example sequences. This deviation from the normal flow indicates an abnormal execution workflow."
281895,"['1', '1', '7', '16']",[16],status,"The log message indicates an exception due to a socket timeout while waiting for a channel to be ready, which is not a normal execution process."
282395,"['1', '7']","[1, 7]",entity,"The test sequence is abnormal because it starts with 'receiving block blk_' instead of the typical starting point 'NameSystem allocateBlock'. Additionally, the order of processes in the test sequence is different from the normal example sequences provided."
282606,"['1', '7', '1', '1', '3', '4', '3', '4', '3', '4', '2', '2', '2', '6', '6', '6', '5', '15', '5', '5']","[1, 7, 1, 1, 3, 4, 3, 4, 3, 4, 2, 2, 2, 6, 6, 6, 5, 15, 5, 5]",entity,"The test sequence includes an additional step of 'Error deleting block blk_' at step 7, which is not present in any of the normal example sequences. This deviation from the normal flow indicates an abnormal execution workflow."
282913,"['1', '1', '7', '16']",[16],status,"The log message indicates an exception due to a socket timeout while waiting for a channel to be ready, which is not a normal execution process."
284073,"['1', '1', '7', '16']",[16],status,"The log message indicates an exception due to a socket timeout while waiting for a channel to be ready, which is not a normal execution process."
284689,"['1', '1', '1', '7', '17', '17', '17', '3', '4', '2', '3', '4', '3', '4', '2', '2', '6', '6', '6', '5', '5', '5']","[17, 17, 17]",status,"The log message indicates a SocketTimeoutException which suggests a timeout while waiting for a channel to be ready for write, which is abnormal behavior."
286155,"['1', '1', '7', '1', '3', '4', '3', '4', '3', '4', '2', '2', '13', '1', '14', '2', '11', '12', '2', '5', '6', '6', '6', '5', '5', '5']","[1, 1, 7, 1, 3, 4, 3, 4, 3, 4, 2, 2, 13, 1, 14, 2, 11, 12, 2, 5, 6, 6, 6, 5, 5, 5]",entity,"The test sequence includes additional actions such as receiving block blk_ and starting thread to transfer block, which are not present in any of the normal example sequences. Additionally, the sequence involves deleting a block that was added to an invalid set, which is not a typical action in the normal workflow sequences."
286195,"['1', '7', '1', '1', '3', '4', '3', '4', '3', '4', '2', '2', '2', '6', '6', '6', '5', '5', '5', '15']","[1, 7, 1, 1, 3, 4, 3, 4, 3, 4, 2, 2, 2, 6, 6, 6, 5, 5, 5, 15]",entity,The test sequence includes an additional step at the end (Error deleting block blk_) that is not present in any of the normal example sequences. This deviation indicates an abnormal execution workflow.
286299,"['1', '1', '7', '1', '3', '4', '3', '4', '3', '4', '2', '2', '13', '14', '1', '2', '12', '11', '2', '5', '6', '6', '6', '5', '5', '5']","[1, 1, 7, 1, 3, 4, 3, 4, 3, 4, 2, 2, 13, 14, 1, 2, 12, 11, 2, 5, 6, 6, 6, 5, 5, 5]",entity,"The test sequence includes actions that are not present in any of the normal example sequences, such as the transmission of a block followed by the reception of the same block, and the repeated deletion of a block that was added to an invalid set in a sequential manner. These unique actions indicate an abnormal execution workflow."
286370,"['1', '1', '7', '1', '3', '4', '3', '4', '3', '4', '2', '2', '13', '14', '1', '2', '11', '12', '2', '5', '6', '6', '6', '5', '5', '5']","[1, 1, 7, 1, 3, 4, 3, 4, 3, 4, 2, 2, 13, 14, 1, 2, 11, 12, 2, 5, 6, 6, 6, 5, 5, 5]",entity,"The test sequence deviates from the normal execution workflows as seen in the example sequences. In the test sequence, the order of actions is not consistent with the normal sequences provided. Additionally, the test sequence introduces new actions such as transmitting the block before adding the stored block and the repeated action of deleting a block added to an invalid set, which are not present in the normal examples."
286955,"['1', '1', '1', '7', '3', '4', '3', '4', '3', '4', '2', '2', '2', '10', '6', '6', '6', '5', '5', '5', '15']","[1, 1, 1, 7, 3, 4, 3, 4, 3, 4, 2, 2, 2, 10, 6, 6, 6, 5, 5, 5, 15]",entity,The test sequence includes an additional step 6: Error deleting block blk_ which is not present in any of the normal example sequences. This deviation from the expected sequence indicates an abnormal execution workflow.
287222,"['7', '1', '1', '1', '3', '4', '3', '4', '3', '4', '2', '2', '13', '1', '14', '12', '11', '2', '2', '5', '10', '6', '6', '6', '5', '5', '5']","[7, 1, 1, 1, 3, 4, 3, 4, 3, 4, 2, 2, 13, 1, 14, 12, 11, 2, 2, 5, 10, 6, 6, 6, 5, 5, 5]",entity,"The test sequence deviates from the normal execution workflows in the provided examples. The test sequence includes abnormal actions such as successful verification for a block, followed by the repeated action of deleting a block that was added to an invalid set, which is not present in any of the normal example sequences."
287613,"['1', '1', '1', '7', '3', '4', '3', '4', '3', '4', '2', '2', '2', '6', '6', '6', '5', '5', '15', '5']","[1, 1, 1, 7, 3, 4, 3, 4, 3, 4, 2, 2, 2, 6, 6, 6, 5, 5, 15, 5]",entity,The test sequence includes an additional step of 'Error deleting block blk_' which is not present in any of the normal example sequences. This deviation indicates an abnormal execution workflow.
288092,"['1', '1', '7', '16']",[16],status,"The log message indicates an exception due to a socket timeout while waiting for a channel to be ready, which is not a normal execution process."
292747,"['1', '7', '1', '1', '3', '4', '3', '4', '3', '4', '2', '2', '19', '2', '6', '6', '6', '5', '5', '5']",[19],status,"The log message indicates a SocketTimeoutException, which is an abnormal condition indicating a timeout while waiting for a channel to be ready for read."
293182,"['1', '1', '7', '16']",[16],status,"The log message indicates an exception due to a socket timeout while waiting for a channel to be ready, which is not a normal execution process."
293428,"['1', '1', '7', '1', '3', '4', '3', '4', '2', '2', '3', '4', '2', '6', '6', '6', '5', '15', '5', '5']","[1, 1, 7, 1, 3, 4, 3, 4, 2, 2, 3, 4, 2, 6, 6, 6, 5, 15, 5, 5]",entity,The test sequence deviates from the normal execution workflows as it includes actions such as 'Error deleting block blk_' which are not present in any of the example sequences provided.
294620,"['1', '7']","[1, 7]",entity,"The test sequence is abnormal because it starts with 'receiving block blk_' instead of the typical starting point 'NameSystem allocateBlock'. Additionally, the order of processes in the test sequence is different from the normal example sequences provided."
294704,"['1', '1', '7', '1', '3', '4', '3', '4', '3', '4', '2', '2', '2', '6', '6', '6', '5', '5', '5', '15']","[1, 1, 7, 1, 3, 4, 3, 4, 3, 4, 2, 2, 2, 6, 6, 6, 5, 5, 5, 15]",entity,The test sequence includes an additional step '7: Error deleting block blk_' which is not present in any of the normal example sequences. This indicates an abnormal execution workflow.
294948,"['1', '1', '1', '7', '3', '4', '3', '4', '2', '3', '4', '2', '2', '6', '6', '6', '5', '15', '5', '5']","[1, 1, 1, 7, 3, 4, 3, 4, 2, 3, 4, 2, 2, 6, 6, 6, 5, 15, 5, 5]",entity,"The test sequence includes several inconsistencies and deviations from the normal example sequences. For example, the test sequence involves initiating a PacketResponder for block blk_ multiple times without a corresponding action of receiving the block from a certain source, which is not observed in the normal examples. Additionally, there is an unexpected error message 'Error deleting block blk_' in the test sequence, which is not part of the normal execution flows. These discrepancies indicate that the test sequence represents an abnormal execution workflow."
295188,"['1', '1', '1', '7', '17', '3', '4', '17', '3', '4', '17', '3', '4', '2', '2', '2', '6', '6', '6', '5', '5', '5']",[17],status,"The log message indicates a SocketTimeoutException which suggests a timeout while waiting for a channel to be ready for write, which is abnormal behavior."
295462,"['1', '1', '7', '16']",[16],status,"The log message indicates an exception due to a socket timeout while waiting for a channel to be ready, which is not a normal execution process."
295801,"['1', '7', '1', '1', '3', '4', '3', '4', '2', '2', '3', '4', '2', '10', '6', '6', '6', '10', '5', '5', '5']","[10, 6, 6, 6, 10]",action,"The test sequence contains a different order of processes compared to the normal examples. In the normal examples, the action of deleting a block that was added to an invalid set always comes after successful verification, while in the test sequence it comes before successful verification."
295872,"['1', '1', '7', '1', '3', '4', '3', '4', '3', '4', '2', '2', '2', '19', '6', '6', '6', '5', '5', '5']",[19],status,"The log message indicates a SocketTimeoutException, which is an abnormal condition indicating a timeout while waiting for a channel to be ready for read."
296505,"['1', '1', '1', '7', '3', '4', '3', '4', '3', '4', '2', '2', '2', '19', '6', '6', '6', '5', '5', '5']",[19],status,"The log message indicates a SocketTimeoutException, which is an abnormal condition indicating a timeout while waiting for a channel to be ready for read."
296565,"['1', '1', '1', '7', '3', '4', '3', '4', '3', '4', '2', '2', '2', '19', '6', '6', '6', '5', '5', '5']",[19],status,"The log message indicates a SocketTimeoutException, which is an abnormal condition indicating a timeout while waiting for a channel to be ready for read."
298043,"['1', '7', '1', '1', '3', '4', '3', '4', '3', '4', '2', '2', '2', '6', '6', '6', '5', '5', '15', '5']","[1, 7, 1, 1, 3, 4, 3, 4, 3, 4, 2, 2, 2, 6, 6, 6, 5, 5, 15, 5]",entity,The test sequence includes an additional step of 'Error deleting block blk_' which is not present in any of the normal example sequences. This deviation from the normal workflow indicates an abnormal execution flow.
298082,"['1', '1', '1', '7', '3', '4', '3', '4', '2', '3', '4', '19', '2', '2', '6', '6', '6', '5', '5', '5']",[19],status,"The log message indicates a SocketTimeoutException, which is an abnormal condition indicating a timeout while waiting for a channel to be ready for read."
298453,"['1', '1', '1', '7', '3', '4', '3', '4', '2', '2', '19', '3', '4', '2', '6', '6', '6', '5', '5', '5']",[19],status,"The log message indicates a SocketTimeoutException, which is an abnormal condition indicating a timeout while waiting for a channel to be ready for read."
298731,"['1', '7', '1', '1', '3', '4', '3', '4', '3', '4', '2', '2', '19', '2', '6', '6', '6', '5', '5', '5']",[19],status,"The log message indicates a SocketTimeoutException, which is an abnormal condition indicating a timeout while waiting for a channel to be ready for read."
298766,"['1', '7']","[1, 7]",entity,"The test sequence is abnormal because it starts with 'receiving block blk_' instead of the typical starting point 'NameSystem allocateBlock'. Additionally, the order of processes in the test sequence is different from the normal example sequences provided."
299196,"['7', '1', '1', '1', '3', '4', '3', '4', '3', '4', '2', '2', '2', '6', '6', '6', '5', '5', '5', '15']","[7, 1, 1, 1, 3, 4, 3, 4, 3, 4, 2, 2, 2, 6, 6, 6, 5, 5, 5, 15]",entity,The test sequence includes an additional step (Error deleting block blk_) that is not present in any of the normal example sequences. This deviation from the normal sequences indicates an abnormal execution workflow.
299852,"['1', '7']","[1, 7]",entity,"The test sequence is abnormal because it starts with 'receiving block blk_' instead of the typical starting point 'NameSystem allocateBlock'. Additionally, the order of processes in the test sequence is different from the normal example sequences provided."
300013,"['1', '1', '1', '7', '3', '4', '3', '4', '3', '4', '13', '2', '2', '2', '1', '14', '12', '11', '2', '5', '6', '6', '6', '5', '5', '5']","[1, 1, 1, 7, 3, 4, 3, 4, 3, 4, 13, 2, 2, 2, 1, 14, 12, 11, 2, 5, 6, 6, 6, 5, 5, 5]",entity,"The test sequence includes several inconsistencies compared to the normal example sequences. For example, the test sequence involves receiving the same block multiple times in a row, which is not seen in the normal sequences. Additionally, the test sequence includes actions like deleting a block that was added to an invalid set, which is not present in the normal examples. These discrepancies suggest that the test sequence follows an abnormal execution workflow."
300281,"['7', '1', '1', '1', '3', '4', '3', '4', '3', '4', '2', '2', '13', '2', '14', '1', '12', '11', '2', '5', '6', '6', '6', '5', '5', '5']","[7, 1, 1, 1, 3, 4, 3, 4, 3, 4, 2, 2, 13, 2, 14, 1, 12, 11, 2, 5, 6, 6, 6, 5, 5, 5]",entity,"The test sequence includes additional steps that are not present in any of the normal example sequences, such as deleting a block added to an invalid set and executing a series of operations for deleting a block file. These extra steps indicate deviations from the normal execution workflows observed in the example sequences, leading to the prediction of an abnormal execution workflow."
300544,"['1', '1', '7', '1', '3', '4', '3', '4', '3', '4', '2', '2', '2', '6', '6', '6', '5', '15', '5', '5']","[1, 1, 7, 1, 3, 4, 3, 4, 3, 4, 2, 2, 2, 6, 6, 6, 5, 15, 5, 5]",entity,The test sequence includes an additional step of 'Error deleting block blk_' which is not present in any of the normal example sequences. This indicates an abnormal flow in the execution workflow.
301349,"['1', '7']","[1, 7]",entity,"The test sequence is abnormal because it starts with 'receiving block blk_' instead of the typical starting point 'NameSystem allocateBlock'. Additionally, the order of processes in the test sequence is different from the normal example sequences provided."
301694,"['1', '7', '1', '1', '3', '4', '3', '4', '3', '4', '2', '2', '2', '6', '6', '6', '5', '5', '5', '15']","[1, 7, 1, 1, 3, 4, 3, 4, 3, 4, 2, 2, 2, 6, 6, 6, 5, 5, 5, 15]",entity,The test sequence includes an additional step at the end (Error deleting block blk_) that is not present in any of the normal example sequences. This deviation indicates an abnormal execution workflow.
302078,"['1', '7']","[1, 7]",entity,"The test sequence is abnormal because it starts with 'receiving block blk_' instead of the typical starting point 'NameSystem allocateBlock'. Additionally, the order of processes in the test sequence is different from the normal example sequences provided."
302372,"['1', '1', '7', '1', '4', '4', '3', '4', '3', '2', '2', '3', '2', '6', '6', '6', '5', '5', '5']","[4, 4, 3, 4, 3]",action,"The test sequence does not follow the typical pattern seen in the normal example sequences. In the normal sequences, the PacketResponder for block blk_ is usually initiated first, followed by receiving the block blk_ from a specific location. However, in the test sequence, the order of the processes is different, starting with receiving the block blk_ from a specific location and then initiating the PacketResponder for block blk_. This abnormal sequence indicates a deviation from the expected workflow."
303557,"['1', '7']","[1, 7]",entity,"The test sequence is abnormal because it starts with 'receiving block blk_' instead of the typical starting point 'NameSystem allocateBlock'. Additionally, the order of processes in the test sequence is different from the normal example sequences provided."
304121,"['1', '1', '7', '16']",[16],status,"The log message indicates an exception due to a socket timeout while waiting for a channel to be ready, which is not a normal execution process."
304136,"['1', '1', '1', '7', '3', '4', '3', '4', '3', '4', '2', '2', '2', '19', '6', '6', '6', '5', '5', '5']",[19],status,"The log message indicates a SocketTimeoutException, which is an abnormal condition indicating a timeout while waiting for a channel to be ready for read."
304344,"['1', '1', '7', '16']",[16],status,"The log message indicates an exception due to a socket timeout while waiting for a channel to be ready, which is not a normal execution process."
304460,"['7', '1', '1', '16']",[16],status,"The log message indicates an exception due to a socket timeout while waiting for a channel to be ready, which is not a normal execution process."
306393,"['1', '7', '1', '1', '3', '4', '3', '4', '3', '4', '2', '2', '2', '6', '6', '6', '5', '5', '15', '5']","[1, 7, 1, 1, 3, 4, 3, 4, 3, 4, 2, 2, 2, 6, 6, 6, 5, 5, 15, 5]",entity,The test sequence includes an additional step of 'Error deleting block blk_' which is not present in any of the normal example sequences. This deviation from the normal workflow indicates an abnormal execution flow.
306468,"['1', '1', '1', '7', '3', '4', '3', '4', '3', '4', '2', '2', '2', '6', '6', '6', '5', '5', '5', '15']","[1, 1, 1, 7, 3, 4, 3, 4, 3, 4, 2, 2, 2, 6, 6, 6, 5, 5, 5, 15]",entity,"The test sequence includes an error in the deletion of block blk_, which is not present in any of the normal example sequences. This deviation from the normal flow indicates an abnormal execution workflow."
306903,"['1', '7', '1', '16']",[16],status,"The log message indicates an exception due to a socket timeout while waiting for a channel to be ready, which is not a normal execution process."
307393,"['1', '1', '1', '7', '3', '4', '3', '4', '3', '4', '2', '2', '19', '2', '6', '6', '6', '5', '5', '5']",[19],status,"The log message indicates a SocketTimeoutException, which is an abnormal condition indicating a timeout while waiting for a channel to be ready for read."
307457,"['1', '1', '1', '7', '3', '4', '2', '3', '4', '3', '4', '2', '2', '6', '6', '6', '5', '5', '15', '5']","[1, 1, 1, 7, 3, 4, 2, 3, 4, 3, 4, 2, 2, 6, 6, 6, 5, 5, 15, 5]",entity,"The test sequence contains several deviations from the normal example sequences. In the normal examples, the actions of initiating a PacketResponder and receiving blocks are consistent and follow a specific pattern. However, in the test sequence, there are inconsistencies in the order of actions and the sources from which blocks are received. Additionally, the presence of an 'Error deleting block' action followed by deleting a block file twice is not observed in the normal examples, indicating an abnormal execution workflow."
307548,"['1', '1', '1', '7', '17', '3', '4', '17', '3', '4', '17', '3', '4', '2', '2', '2', '6', '6', '6', '5', '5', '5']",[17],status,"The log message indicates a SocketTimeoutException which suggests a timeout while waiting for a channel to be ready for write, which is abnormal behavior."
307606,"['1', '7']","[1, 7]",entity,"The test sequence is abnormal because it starts with 'receiving block blk_' instead of the typical starting point 'NameSystem allocateBlock'. Additionally, the order of processes in the test sequence is different from the normal example sequences provided."
307942,"['1', '7']","[1, 7]",entity,"The test sequence is abnormal because it starts with 'receiving block blk_' instead of the typical starting point 'NameSystem allocateBlock'. Additionally, the order of processes in the test sequence is different from the normal example sequences provided."
308960,"['1', '1', '7', '1', '3', '4', '3', '4', '2', '2', '3', '4', '2', '6', '6', '6', '5', '5', '5', '15']","[1, 1, 7, 1, 3, 4, 3, 4, 2, 2, 3, 4, 2, 6, 6, 6, 5, 5, 5, 15]",entity,The test sequence includes an additional step 'Error deleting block blk_' which is not present in any of the normal example sequences. This indicates an abnormal flow in the execution workflow.
309172,"['1', '1', '1', '7', '17', '3', '4', '17', '3', '4', '17', '3', '4', '2', '2', '2', '6', '6', '6', '5', '5', '5']",[17],status,"The log message indicates a SocketTimeoutException which suggests a timeout while waiting for a channel to be ready for write, which is abnormal behavior."
309521,"['1', '1', '1', '7', '3', '4', '3', '4', '3', '4', '2', '2', '2', '6', '6', '6', '5', '5', '5', '15']","[1, 1, 1, 7, 3, 4, 3, 4, 3, 4, 2, 2, 2, 6, 6, 6, 5, 5, 5, 15]",entity,"The test sequence includes an error in the deletion of block blk_, which is not present in any of the normal example sequences. This deviation from the normal flow indicates an abnormal execution workflow."
310135,"['1', '1', '1', '7', '3', '4', '3', '4', '3', '4', '2', '2', '2', '6', '6', '6', '5', '5', '5', '15']","[1, 1, 1, 7, 3, 4, 3, 4, 3, 4, 2, 2, 2, 6, 6, 6, 5, 5, 5, 15]",entity,"The test sequence includes an error in the deletion of block blk_, which is not present in any of the normal example sequences. This deviation from the normal flow indicates an abnormal execution workflow."
310229,"['1', '1', '7', '16']",[16],status,"The log message indicates an exception due to a socket timeout while waiting for a channel to be ready, which is not a normal execution process."
310621,"['1', '7', '1', '1', '3', '4', '3', '4', '2', '2', '2', '3', '4', '6', '6', '6', '5', '15', '5', '5']","[1, 7, 1, 1, 3, 4, 3, 4, 2, 2, 2, 3, 4, 6, 6, 6, 5, 15, 5, 5]",entity,The test sequence involves additional actions such as 'Error deleting block blk_' that are not present in any of the normal example sequences. This indicates a deviation from the expected normal flow and suggests an abnormal execution workflow.
311055,"['1', '1', '1', '7', '3', '4', '2', '3', '4', '3', '4', '2', '2', '6', '6', '6', '5', '5', '5', '15']","[1, 1, 1, 7, 3, 4, 2, 3, 4, 3, 4, 2, 2, 6, 6, 6, 5, 5, 5, 15]",entity,"The test sequence deviates from the normal flows as seen in the examples. In the test sequence, there are inconsistencies in the actions taken, such as initiating a PacketResponder for a block followed by receiving a block from an unknown source, which is not seen in the normal examples. Additionally, the presence of an error in deleting a block further indicates abnormal behavior."
312300,"['1', '7']","[1, 7]",entity,"The test sequence is abnormal because it starts with 'receiving block blk_' instead of the typical starting point 'NameSystem allocateBlock'. Additionally, the order of processes in the test sequence is different from the normal example sequences provided."
312684,"['1', '7']","[1, 7]",entity,"The test sequence is abnormal because it starts with 'receiving block blk_' instead of the typical starting point 'NameSystem allocateBlock'. Additionally, the order of processes in the test sequence is different from the normal example sequences provided."
313842,"['1', '7', '1', '1', '3', '4', '3', '4', '3', '4', '13', '2', '2', '2', '12', '11', '1', '14', '2', '5', '6', '6', '6', '5', '5', '5']","[1, 7, 1, 1, 3, 4, 3, 4, 3, 4, 13, 2, 2, 2, 12, 11, 1, 14, 2, 5, 6, 6, 6, 5, 5, 5]",entity,"The test sequence includes actions that are not present in any of the normal example sequences. Specifically, the actions of transmitting a block labeled as 'blk_', receiving another block labeled as 'blk_', and deleting a block that was added to an invalid set are not part of the normal workflows provided. Therefore, the test sequence is considered abnormal."
314234,"['1', '1', '1', '7', '3', '4', '3', '4', '2', '2', '3', '4', '2', '6', '6', '6', '5', '5', '5', '15']","[1, 1, 1, 7, 3, 4, 3, 4, 2, 2, 3, 4, 2, 6, 6, 6, 5, 5, 5, 15]",entity,"The test sequence deviates from the normal execution workflows seen in the example sequences by introducing an 'Error deleting block blk_' step at the end, which is not present in any of the normal sequences. This abnormal step indicates a deviation from the expected flow and suggests an abnormal execution workflow."
315394,"['1', '1', '7', '1', '17', '3', '4', '17', '3', '4', '17', '3', '4', '2', '2', '2', '6', '6', '6', '5', '5', '5']",[17],status,"The log message indicates a SocketTimeoutException which suggests a timeout while waiting for a channel to be ready for write, which is abnormal behavior."
315491,"['1', '1', '7', '16']",[16],status,"The log message indicates an exception due to a socket timeout while waiting for a channel to be ready, which is not a normal execution process."
315851,"['1', '7', '1', '16']",[16],status,"The log message indicates an exception due to a socket timeout while waiting for a channel to be ready, which is not a normal execution process."
316009,"['1', '1', '7', '1', '3', '4', '3', '4', '3', '4', '2', '2', '2', '6', '6', '6', '5', '10', '5', '5']","[1, 1, 7, 1, 3, 4, 3, 4, 3, 4, 2, 2, 2, 6, 6, 6, 5, 10, 5, 5]",entity,"The test sequence includes the action of deleting a block file twice, which is not present in any of the normal example sequences. This deviation from the normal flows indicates an abnormal execution workflow."
316161,"['1', '1', '7', '1', '3', '4', '3', '4', '3', '4', '2', '2', '2', '6', '6', '6', '5', '5', '5', '15']","[1, 1, 7, 1, 3, 4, 3, 4, 3, 4, 2, 2, 2, 6, 6, 6, 5, 5, 5, 15]",entity,The test sequence includes an additional step '7: Error deleting block blk_' which is not present in any of the normal example sequences. This indicates an abnormal execution workflow.
318513,"['7', '1', '1', '1', '3', '4', '3', '4', '3', '4', '2', '2', '2', '6', '6', '6', '5', '5', '5', '15']","[7, 1, 1, 1, 3, 4, 3, 4, 3, 4, 2, 2, 2, 6, 6, 6, 5, 5, 5, 15]",entity,The test sequence includes an additional step (Error deleting block blk_) that is not present in any of the normal example sequences. This deviation from the normal sequences indicates an abnormal execution workflow.
319729,"['1', '1', '1', '7', '3', '4', '3', '4', '3', '4', '2', '2', '2', '6', '6', '6', '5', '5', '5', '15', '15']","[15, 15]",status,The test sequence includes an additional process (Process 1) that is not present in the normal example sequence. This deviation from the expected workflow indicates an abnormal execution flow.
319845,"['1', '7', '1', '1', '3', '4', '3', '4', '2', '2', '3', '4', '2', '6', '6', '6', '5', '5', '5', '15']","[1, 7, 1, 1, 3, 4, 3, 4, 2, 2, 3, 4, 2, 6, 6, 6, 5, 5, 5, 15]",entity,"The test sequence includes several inconsistencies compared to the normal example sequences. For instance, the test sequence involves receiving a block blk_ followed by initiating a PacketResponder for the same block, which is not a common pattern in the normal examples. Additionally, the test sequence includes actions like receiving blocks from an unknown source and encountering an error while deleting a block, which are not present in the normal examples. These inconsistencies indicate that the test sequence is abnormal."
319969,"['1', '7', '1', '1', '3', '4', '3', '4', '3', '4', '2', '2', '2', '6', '6', '6', '5', '5', '5', '15']","[1, 7, 1, 1, 3, 4, 3, 4, 3, 4, 2, 2, 2, 6, 6, 6, 5, 5, 5, 15]",entity,The test sequence includes an additional step at the end (Error deleting block blk_) that is not present in any of the normal example sequences. This deviation indicates an abnormal execution workflow.
319990,"['1', '1', '7', '1', '3', '4', '3', '4', '3', '4', '2', '2', '2', '6', '6', '6', '5', '5', '15', '5']","[1, 1, 7, 1, 3, 4, 3, 4, 3, 4, 2, 2, 2, 6, 6, 6, 5, 5, 15, 5]",entity,The test sequence includes an additional step of 'Error deleting block blk_' which is not present in any of the normal example sequences. This indicates a deviation from the expected normal execution workflow.
320283,"['1', '1', '7', '3', '30', '24', '22', '23']",[30],status,"The test sequence does not match the format of the normal_flows execution workflows provided in the examples. The presence of 'PacketResponder with blk_ exception' suggests an anomaly in the workflow, indicating an abnormal_flows execution."
320378,"['1', '1', '1', '7', '3', '4', '3', '4', '3', '4', '2', '2', '2', '6', '6', '6', '5', '5', '15', '5']","[1, 1, 1, 7, 3, 4, 3, 4, 3, 4, 2, 2, 2, 6, 6, 6, 5, 5, 15, 5]",entity,The test sequence includes an additional step of 'Error deleting block blk_' which is not present in any of the normal example sequences. This deviation indicates an abnormal execution workflow.
320570,"['7', '1', '1', '3', '4', '1', '3', '4', '3', '4', '2', '2', '2', '6', '6', '6', '5', '5', '5']","[7, 1, 1, 3, 4, 1, 3, 4, 3, 4, 2, 2, 2, 6, 6, 6, 5, 5, 5]",entity,"The test sequence deviates from the normal sequences by introducing new processes like 'receiving block blk_ sequentially from Process 0 to Process 1' which is not present in any of the normal examples. Additionally, the alternating pattern of initiating PacketResponders and receiving blocks is different from the consistent patterns observed in the normal sequences."
320738,"['1', '1', '7', '24', '3', '30', '22', '23']",[24],status,"The log message indicates an unexpected error while trying to delete a block, suggesting an abnormal execution process."
320928,"['1', '7', '33']",[33],status,The test sequence 'writeBlock received exception' does not match any of the normal_flows execution workflows provided in the context. It indicates an abnormal behavior that was not seen in the examples.
321103,"['1', '1', '7', '1', '3', '4', '3', '4', '3', '4', '2', '2', '2', '6', '6', '6', '5', '5', '15', '5']","[1, 1, 7, 1, 3, 4, 3, 4, 3, 4, 2, 2, 2, 6, 6, 6, 5, 5, 15, 5]",entity,The test sequence includes an additional step of 'Error deleting block blk_' which is not present in any of the normal example sequences. This indicates a deviation from the expected normal execution workflow.
321212,"['7', '1', '1', '1', '3', '4', '3', '4', '3', '4', '2', '2', '2', '6', '6', '6', '5', '5', '15', '5']","[7, 1, 1, 1, 3, 4, 3, 4, 3, 4, 2, 2, 2, 6, 6, 6, 5, 5, 15, 5]",entity,The test sequence includes an additional step of 'Error deleting block blk_' and 'deleting block file' which are not present in any of the normal example sequences. This deviation from the normal sequences indicates an abnormal execution workflow.
321303,"['1', '7']","[1, 7]",entity,"The test sequence is abnormal because it starts with 'receiving block blk_' instead of the typical starting point 'NameSystem allocateBlock'. Additionally, the order of processes in the test sequence is different from the normal example sequences provided."
321691,"['1', '1', '1', '7', '3', '4', '3', '4', '3', '4', '2', '2', '2', '6', '6', '6', '5', '5', '5', '15']","[1, 1, 1, 7, 3, 4, 3, 4, 3, 4, 2, 2, 2, 6, 6, 6, 5, 5, 5, 15]",entity,"The test sequence includes an error in the deletion of block blk_, which is not present in any of the normal example sequences. This deviation from the normal flow indicates an abnormal execution workflow."
321949,"['1', '1', '1', '7', '3', '4', '3', '4', '3', '4', '2', '2', '2', '6', '6', '6', '5', '5', '15', '5']","[1, 1, 1, 7, 3, 4, 3, 4, 3, 4, 2, 2, 2, 6, 6, 6, 5, 5, 15, 5]",entity,The test sequence includes an additional step of 'Error deleting block blk_' which is not present in any of the normal example sequences. This deviation indicates an abnormal execution workflow.
321994,"['1', '7', '1', '1', '3', '4', '3', '4', '3', '4', '2', '2', '2', '6', '6', '6', '5', '5', '5', '15']","[1, 7, 1, 1, 3, 4, 3, 4, 3, 4, 2, 2, 2, 6, 6, 6, 5, 5, 5, 15]",entity,The test sequence includes an additional step at the end (Error deleting block blk_) that is not present in any of the normal example sequences. This deviation indicates an abnormal execution workflow.
322317,"['1', '3', '4', '8', '1', '3', '4', '1', '3', '4', '7', '2', '2', '2', '8', '8', '8', '8', '8', '8', '8', '8', '8', '8', '8', '8', '8', '8', '8', '8', '8', '8', '8', '8', '8', '8', '8', '8', '8', '8', '8', '8', '8', '8', '8', '8', '8', '8', '8', '8', '8', '8', '8', '8', '8', '8', '8', '8', '8', '8', '8', '8', '8', '8', '8', '8', '8', '8', '8', '8', '8', '8', '8', '8', '8', '8', '8', '8', '8', '8', '8', '8', '8', '8', '8', '8', '8', '8', '8', '8', '8', '8', '8', '8', '8', '8', '8', '8', '8', '8', '8', '8', '8', '8', '8', '8', '8', '8', '8', '8', '8', '8', '8', '8', '8', '8', '8', '8', '8', '8', '8', '8', '8', '8', '8', '8', '8', '8', '8', '8', '8', '8', '8', '8', '8', '8', '8', '8', '8', '8', '8', '8', '8', '8', '8', '8', '8', '8', '8', '8', '8', '8', '8', '8', '8', '8', '8', '8', '8', '8', '8', '8', '8', '8', '8', '8', '8', '8', '8', '8', '8', '8', '8', '8', '8', '8', '8', '8', '8', '8', '8', '8', '8', '8', '8', '8', '8', '8', '8', '8', '8', '8', '8', '8', '8', '8', '8', '8', '8', '8', '8', '8', '8', '8', '8', '8', '8', '8', '8', '8', '8', '8', '8', '8', '8', '8', '6', '6', '6', '5', '5', '5']","[8, 8, 8, 8, 8, 8, 8, 8, 8, 8, 8, 8, 8, 8, 8, 8, 8, 8, 8, 8, 8, 8, 8, 8, 8, 8, 8, 8, 8, 8, 8, 8, 8, 8, 8, 8, 8, 8, 8, 8, 8, 8, 8, 8, 8, 8, 8, 8, 8, 8, 8, 8, 8, 8, 8, 8, 8, 8, 8, 8, 8, 8, 8, 8, 8, 8, 8, 8, 8, 8, 8, 8, 8, 8, 8, 8, 8, 8, 8, 8, 8, 8, 8, 8, 8, 8, 8, 8, 8, 8, 8, 8, 8, 8, 8, 8, 8, 8, 8, 8, 8, 8, 8, 8, 8, 8, 8, 8, 8, 8, 8, 8, 8, 8, 8, 8, 8, 8, 8, 8, 8, 8, 8, 8, 8, 8, 8, 8, 8, 8, 8, 8, 8, 8, 8, 8, 8, 8, 8, 8, 8, 8, 8, 8, 8, 8, 8, 8, 8, 8, 8, 8, 8, 8, 8, 8, 8, 8, 8, 8, 8, 8, 8, 8, 8, 8, 8, 8, 8, 8, 8, 8, 8, 8, 8, 8, 8, 8, 8, 8, 8, 8, 8, 8, 8, 8, 8, 8, 8, 8, 8, 8, 8, 8, 8, 8, 8, 8, 8, 8, 8, 8]",status,"The test sequence deviates from the normal examples as it contains a significantly higher number of process executions. The normal examples have no more than 7 process executions, while the test sequence has over 200 process executions, indicating abnormal behavior."
322681,"['1', '7']","[1, 7]",entity,"The test sequence is abnormal because it starts with 'receiving block blk_' instead of the typical starting point 'NameSystem allocateBlock'. Additionally, the order of processes in the test sequence is different from the normal example sequences provided."
323741,"['1', '7']","[1, 7]",entity,"The test sequence is abnormal because it starts with 'receiving block blk_' instead of the typical starting point 'NameSystem allocateBlock'. Additionally, the order of processes in the test sequence is different from the normal example sequences provided."
324459,"['1', '7', '1', '1', '3', '4', '3', '4', '3', '4', '2', '2', '2', '10', '13', '14', '1', '11', '12', '2', '2', '5']","[1, 7, 1, 1, 3, 4, 3, 4, 3, 4, 2, 2, 2, 10, 13, 14, 1, 11, 12, 2, 2, 5]",entity,"The test sequence deviates from the normal flow as it includes additional steps such as 'Successful verification for blk_', 'BLOCK* asks datanode(s) to replicate', and 'Starting thread to transfer block' which are not present in the normal example sequences. These extra steps indicate an abnormal execution workflow."
324853,"['1', '7']","[1, 7]",entity,"The test sequence is abnormal because it starts with 'receiving block blk_' instead of the typical starting point 'NameSystem allocateBlock'. Additionally, the order of processes in the test sequence is different from the normal example sequences provided."
325643,"['1', '1', '7', '16']",[16],status,"The log message indicates an exception due to a socket timeout while waiting for a channel to be ready, which is not a normal execution process."
325665,"['1', '7']","[1, 7]",entity,"The test sequence is abnormal because it starts with 'receiving block blk_' instead of the typical starting point 'NameSystem allocateBlock'. Additionally, the order of processes in the test sequence is different from the normal example sequences provided."
325954,"['1', '1', '1', '7', '4', '3', '4', '3', '4', '2', '2', '2', '3', '10']","[3, 10]",action,"The test sequence includes a successful verification for blk_, which is followed by an exception while serving blk_. This sequence does not match any of the normal example sequences provided, indicating an abnormal execution workflow."
326924,"['1', '1', '7', '1', '4', '3', '4', '3', '4', '3', '2', '2', '2', '19', '10']",[19],status,"The log message indicates a SocketTimeoutException, which is an abnormal condition indicating a timeout while waiting for a channel to be ready for read."
327667,"['1', '7']","[1, 7]",entity,"The test sequence is abnormal because it starts with 'receiving block blk_' instead of the typical starting point 'NameSystem allocateBlock'. Additionally, the order of processes in the test sequence is different from the normal example sequences provided."
327706,"['1', '1', '1', '7', '3', '4', '3', '4', '3', '4', '2', '2', '2', '14', '13', '1', '12', '11', '2', '2', '5']","[1, 1, 1, 7, 3, 4, 3, 4, 3, 4, 2, 2, 2, 14, 13, 1, 12, 11, 2, 2, 5]",entity,"The test sequence includes a step 'Starting thread to transfer block' which is not present in any of the normal example sequences. This step deviates from the typical pattern seen in the normal sequences, indicating an abnormal execution workflow."
329840,"['1', '7']","[1, 7]",entity,"The test sequence is abnormal because it starts with 'receiving block blk_' instead of the typical starting point 'NameSystem allocateBlock'. Additionally, the order of processes in the test sequence is different from the normal example sequences provided."
330559,"['1', '1', '7', '1', '3', '4', '4', '3', '4', '2', '2', '2', '3', '10']","[3, 10]",action,"The test sequence includes a successful verification for blk_, which is followed by an exception while serving blk_. This sequence does not match any of the normal example sequences provided, indicating an abnormal execution workflow."
330739,"['1', '1', '7', '1', '3', '4', '3', '4', '3', '4', '2', '2', '19', '2']",[19],status,"The log message indicates a SocketTimeoutException, which is an abnormal condition indicating a timeout while waiting for a channel to be ready for read."
330843,"['1', '1', '1', '7', '3', '4', '3', '4', '3', '4', '2', '2', '19', '2']",[19],status,"The log message indicates a SocketTimeoutException, which is an abnormal condition indicating a timeout while waiting for a channel to be ready for read."
331246,"['1', '1', '1', '7', '3', '4', '3', '4', '2', '3', '4', '2', '2', '14', '13', '1', '12', '11', '2', '2', '5', '13', '14', '1', '12', '11', '2', '2', '5', '13', '14', '1', '12', '2', '11', '2', '5']","[1, 1, 1, 7, 3, 4, 3, 4, 2, 3, 4, 2, 2, 14, 13, 1, 12, 11, 2, 2, 5, 13, 14, 1, 12, 11, 2, 2, 5, 13, 14, 1, 12, 2, 11, 2, 5]",entity,"The test sequence deviates from the normal execution workflows as it includes additional steps such as receiving a block labeled 'blk_', which is not present in the normal examples. This indicates an abnormal flow in the test sequence."
332326,"['1', '1', '7', '16']",[16],status,"The log message indicates an exception due to a socket timeout while waiting for a channel to be ready, which is not a normal execution process."
332569,"['7', '1', '1', '1', '4', '4', '3', '4', '3', '3', '2', '2', '2']","[4, 4, 3, 4, 3, 3]",action,"The test sequence deviates from the normal flows as it starts by receiving a block named blk_ from a specific location, followed by the PacketResponder for block blk_, and then receiving block blk_ from /, which is different from the typical execution order in the normal examples. Additionally, the test sequence includes different steps that are not present in any of the normal examples."
332623,"['1', '1', '7', '1', '3', '4', '4', '4', '3', '3', '2', '2', '2']","[4, 4, 4]",status,The test sequence includes an additional step of receiving a block compared to the normal examples. This indicates a deviation from the expected normal flow and suggests an abnormal execution workflow.
332963,"['1', '1', '1', '7', '2', '2', '2', '3', '4', '3', '4', '3', '4']","[1, 1, 1, 7, 2, 2, 2, 3, 4, 3, 4, 3, 4]",entity,"The test sequence deviates from the normal execution workflows as it introduces a new action of allocating a block in the NameSystem and adding stored blocks sequentially, which is not present in any of the normal example sequences. This indicates an abnormal flow in the execution."
333139,"['1', '1', '7', '1', '3', '4', '3', '4', '3', '4', '2', '2', '2', '13', '14', '1', '11', '12', '2', '2', '5', '10', '13', '14', '1', '11', '12', '2', '2', '5', '13', '14', '1', '11', '12', '2', '2', '5']","[1, 1, 7, 1, 3, 4, 3, 4, 3, 4, 2, 2, 2, 13, 14, 1, 11, 12, 2, 2, 5, 10, 13, 14, 1, 11, 12, 2, 2, 5, 13, 14, 1, 11, 12, 2, 2, 5]",entity,The test sequence includes additional actions such as 'Successful verification for blk_' which are not present in any of the normal example sequences. This deviation from the expected workflow indicates an abnormal execution flow.
333344,"['1', '1', '7', '16']",[16],status,"The log message indicates an exception due to a socket timeout while waiting for a channel to be ready, which is not a normal execution process."
333569,"['1', '7']","[1, 7]",entity,"The test sequence is abnormal because it starts with 'receiving block blk_' instead of the typical starting point 'NameSystem allocateBlock'. Additionally, the order of processes in the test sequence is different from the normal example sequences provided."
334262,"['1', '7']","[1, 7]",entity,"The test sequence is abnormal because it starts with 'receiving block blk_' instead of the typical starting point 'NameSystem allocateBlock'. Additionally, the order of processes in the test sequence is different from the normal example sequences provided."
334557,"['7', '1', '1', '1', '3', '4', '3', '4', '2', '2', '3', '4', '2', '13', '14', '1', '12', '11', '2', '2', '5']","[7, 1, 1, 1, 3, 4, 3, 4, 2, 2, 3, 4, 2, 13, 14, 1, 12, 11, 2, 2, 5]",entity,"The test sequence deviates from the normal flows execution workflows as seen in the example sequences. In the test sequence, there are inconsistencies such as initiating PacketResponder for block blk_ multiple times, receiving block blk_ from an unknown source, and the order of actions being different from the normal sequences."
335219,"['1', '1', '1', '7', '3', '4', '3', '4', '3', '4', '2', '2', '13', '2', '1', '14', '11', '2', '12', '5']","[1, 1, 1, 7, 3, 4, 3, 4, 3, 4, 2, 2, 13, 2, 1, 14, 11, 2, 12, 5]",entity,"The test sequence includes additional steps not present in any of the normal example sequences, such as 'The system is adding a stored block in the NameSystem, and this action is being repeated', 'Received block blk_', and 'Transmitted block blk_'. These extra steps indicate a deviation from the normal execution workflows."
335670,"['1', '1', '1', '7', '3', '4', '3', '4', '3', '4', '2', '2', '2', '14', '13', '1', '11', '12', '2', '2', '5', '13', '14', '1', '12', '11', '2', '2', '5', '14', '13', '1', '12', '11', '2', '2', '5']","[1, 1, 1, 7, 3, 4, 3, 4, 3, 4, 2, 2, 2, 14, 13, 1, 11, 12, 2, 2, 5, 13, 14, 1, 12, 11, 2, 2, 5, 14, 13, 1, 12, 11, 2, 2, 5]",entity,"The test sequence deviates from the normal execution workflows as seen in the examples. The test sequence includes additional actions such as starting thread to transfer block, deleting block file, and asking datanode(s) to replicate in a different order compared to the normal sequences. These deviations indicate an abnormal flow in the test sequence."
336910,"['1', '7']","[1, 7]",entity,"The test sequence is abnormal because it starts with 'receiving block blk_' instead of the typical starting point 'NameSystem allocateBlock'. Additionally, the order of processes in the test sequence is different from the normal example sequences provided."
337484,"['1', '1', '7', '16']",[16],status,"The log message indicates an exception due to a socket timeout while waiting for a channel to be ready, which is not a normal execution process."
338308,"['1', '1', '7', '1', '3', '4', '3', '4', '2', '2', '3', '4', '2', '10', '14', '13', '1', '12', '11', '2', '2', '5', '13', '14', '1', '12', '11', '2', '2', '5', '13', '14', '1', '11', '12', '2', '2', '5']","[1, 1, 7, 1, 3, 4, 3, 4, 2, 2, 3, 4, 2, 10, 14, 13, 1, 12, 11, 2, 2, 5, 13, 14, 1, 12, 11, 2, 2, 5, 13, 14, 1, 11, 12, 2, 2, 5]",entity,The test sequence includes additional actions such as 'Successful verification for blk_' which are not present in any of the normal example sequences. This deviation from the expected workflow indicates an abnormal execution flow.
338386,"['1', '7', '1', '1', '3', '4', '3', '4', '3', '4', '2', '2', '2', '14', '13', '1', '12', '11', '2', '2', '5', '14', '13', '1', '12', '11', '2', '2', '5', '14', '13', '1', '11', '12', '2', '2', '5']","[1, 7, 1, 1, 3, 4, 3, 4, 3, 4, 2, 2, 2, 14, 13, 1, 12, 11, 2, 2, 5, 14, 13, 1, 12, 11, 2, 2, 5, 14, 13, 1, 11, 12, 2, 2, 5]",entity,"The test sequence contains additional steps such as starting thread to transfer block, BLOCK* asks datanode(s) to replicate, and repeating actions of adding stored block in the NameSystem, which are not present in any of the normal example sequences. These additional steps indicate deviations from the normal execution workflow, leading to the prediction of abnormal_flows."
338414,"['1', '1', '7', '16']",[16],status,"The log message indicates an exception due to a socket timeout while waiting for a channel to be ready, which is not a normal execution process."
338686,"['1', '7', '1', '1', '3', '4', '3', '4', '3', '4', '2', '2', '19', '2']",[19],status,"The log message indicates a SocketTimeoutException, which is an abnormal condition indicating a timeout while waiting for a channel to be ready for read."
338731,"['1', '7']","[1, 7]",entity,"The test sequence is abnormal because it starts with 'receiving block blk_' instead of the typical starting point 'NameSystem allocateBlock'. Additionally, the order of processes in the test sequence is different from the normal example sequences provided."
338915,"['1', '7', '1', '16']",[16],status,"The log message indicates an exception due to a socket timeout while waiting for a channel to be ready, which is not a normal execution process."
339637,"['1', '1', '7', '16']",[16],status,"The log message indicates an exception due to a socket timeout while waiting for a channel to be ready, which is not a normal execution process."
340279,"['1', '1', '7', '16']",[16],status,"The log message indicates an exception due to a socket timeout while waiting for a channel to be ready, which is not a normal execution process."
340866,"['1', '1', '1', '7', '3', '4', '3', '4', '3', '4', '2', '2', '2', '19']",[19],status,"The log message indicates a SocketTimeoutException, which is an abnormal condition indicating a timeout while waiting for a channel to be ready for read."
341190,"['1', '1', '7', '1', '3', '4', '3', '4', '3', '4', '2', '2', '2', '14', '13', '1', '12', '11', '2', '2', '5', '13', '14', '1', '12', '11', '2', '2', '5', '13', '14', '1', '12', '11', '2', '2', '5']","[1, 1, 7, 1, 3, 4, 3, 4, 3, 4, 2, 2, 2, 14, 13, 1, 12, 11, 2, 2, 5, 13, 14, 1, 12, 11, 2, 2, 5, 13, 14, 1, 12, 11, 2, 2, 5]",entity,"The test sequence deviates from the normal execution workflows seen in the examples. In the normal examples, there is a clear pattern of receiving blocks, initiating PacketResponders, adding stored blocks, and replicating data. However, in the test sequence, the pattern is disrupted by additional actions such as starting threads to transfer blocks and deleting block files, which are not present in the normal examples."
341679,"['1', '7']","[1, 7]",entity,"The test sequence is abnormal because it starts with 'receiving block blk_' instead of the typical starting point 'NameSystem allocateBlock'. Additionally, the order of processes in the test sequence is different from the normal example sequences provided."
342407,"['1', '7', '1', '1', '3', '4', '3', '4', '2', '2', '3', '4', '2', '13', '14', '1', '12', '11', '2', '2', '5', '13', '14', '1', '12', '11', '2', '2', '5', '13', '14', '1', '11', '12', '2', '2', '5', '10']","[1, 7, 1, 1, 3, 4, 3, 4, 2, 2, 3, 4, 2, 13, 14, 1, 12, 11, 2, 2, 5, 13, 14, 1, 12, 11, 2, 2, 5, 13, 14, 1, 11, 12, 2, 2, 5, 10]",entity,"The test sequence includes additional steps such as 'The system first initiates a PacketResponder for block blk_, followed by receiving a block blk_ from an unknown source' and 'Successful verification for blk_' which are not present in any of the normal example sequences. These extra steps indicate deviations from the typical normal execution workflows observed in the example sequences, leading to the prediction of an abnormal flow."
342574,"['1', '1', '7', '16']",[16],status,"The log message indicates an exception due to a socket timeout while waiting for a channel to be ready, which is not a normal execution process."
342804,"['1', '7']","[1, 7]",entity,"The test sequence is abnormal because it starts with 'receiving block blk_' instead of the typical starting point 'NameSystem allocateBlock'. Additionally, the order of processes in the test sequence is different from the normal example sequences provided."
344157,"['1', '1', '7', '1', '3', '4', '3', '4', '3', '4', '2', '2', '2', '10', '13', '14', '1', '11', '12', '2', '2', '5']","[1, 1, 7, 1, 3, 4, 3, 4, 3, 4, 2, 2, 2, 10, 13, 14, 1, 11, 12, 2, 2, 5]",entity,The test sequence contains an additional step 'Successful verification for blk_' which is not present in any of the normal example sequences. This deviation from the normal flows indicates an abnormal execution workflow.
344472,"['1', '1', '1', '7', '3', '4', '3', '4', '3', '4', '2', '2', '2', '14', '13', '1', '12', '11', '2', '2', '5']","[1, 1, 1, 7, 3, 4, 3, 4, 3, 4, 2, 2, 2, 14, 13, 1, 12, 11, 2, 2, 5]",entity,"The test sequence includes a step 'Starting thread to transfer block' which is not present in any of the normal example sequences. This step deviates from the typical pattern seen in the normal sequences, indicating an abnormal execution workflow."
344898,"['1', '1', '1', '7', '3', '4', '3', '4', '3', '4', '2', '2', '2', '13', '14', '1', '12', '2', '11', '2', '5', '13', '14', '1', '12', '11', '2', '2', '5', '13', '14', '1', '12', '11', '2', '2', '5']","[1, 1, 1, 7, 3, 4, 3, 4, 3, 4, 2, 2, 2, 13, 14, 1, 12, 2, 11, 2, 5, 13, 14, 1, 12, 11, 2, 2, 5, 13, 14, 1, 12, 11, 2, 2, 5]",entity,"The test sequence contains additional actions that are not present in any of the normal example sequences. For example, the test sequence includes actions such as 'Received block blk_', 'The workflow begins with receiving a block labeled 'blk_' followed by transmitting the same block.', which are not found in any of the normal sequences. Therefore, based on the discrepancy in actions, the test sequence is predicted to be abnormal."
345352,"['1', '1', '7', '1', '3', '4', '3', '4', '3', '4', '2', '2', '2', '19']",[19],status,"The log message indicates a SocketTimeoutException, which is an abnormal condition indicating a timeout while waiting for a channel to be ready for read."
345379,"['1', '7']","[1, 7]",entity,"The test sequence is abnormal because it starts with 'receiving block blk_' instead of the typical starting point 'NameSystem allocateBlock'. Additionally, the order of processes in the test sequence is different from the normal example sequences provided."
345583,"['1', '7', '1', '16']",[16],status,"The log message indicates an exception due to a socket timeout while waiting for a channel to be ready, which is not a normal execution process."
345794,"['1', '7']","[1, 7]",entity,"The test sequence is abnormal because it starts with 'receiving block blk_' instead of the typical starting point 'NameSystem allocateBlock'. Additionally, the order of processes in the test sequence is different from the normal example sequences provided."
345903,"['1', '7']","[1, 7]",entity,"The test sequence is abnormal because it starts with 'receiving block blk_' instead of the typical starting point 'NameSystem allocateBlock'. Additionally, the order of processes in the test sequence is different from the normal example sequences provided."
346951,"['1', '7']","[1, 7]",entity,"The test sequence is abnormal because it starts with 'receiving block blk_' instead of the typical starting point 'NameSystem allocateBlock'. Additionally, the order of processes in the test sequence is different from the normal example sequences provided."
347545,"['1', '7', '1', '16']",[16],status,"The log message indicates an exception due to a socket timeout while waiting for a channel to be ready, which is not a normal execution process."
347603,"['1', '7']","[1, 7]",entity,"The test sequence is abnormal because it starts with 'receiving block blk_' instead of the typical starting point 'NameSystem allocateBlock'. Additionally, the order of processes in the test sequence is different from the normal example sequences provided."
347835,"['1', '1', '1', '7', '3', '4', '3', '4', '3', '4', '2', '2', '2', '13', '1', '14', '11', '12', '2', '2', '5']","[1, 1, 1, 7, 3, 4, 3, 4, 3, 4, 2, 2, 2, 13, 1, 14, 11, 12, 2, 2, 5]",entity,The test sequence deviates from the normal execution workflows as it includes a step where a block is received after the task of adding a stored block in the NameSystem. This step is not present in any of the normal example sequences provided.
348497,"['1', '7']","[1, 7]",entity,"The test sequence is abnormal because it starts with 'receiving block blk_' instead of the typical starting point 'NameSystem allocateBlock'. Additionally, the order of processes in the test sequence is different from the normal example sequences provided."
348611,"['1', '1', '7', '16']",[16],status,"The log message indicates an exception due to a socket timeout while waiting for a channel to be ready, which is not a normal execution process."
349209,"['1', '1', '7', '16']",[16],status,"The log message indicates an exception due to a socket timeout while waiting for a channel to be ready, which is not a normal execution process."
349966,"['1', '7', '1', '1', '3', '4', '2', '3', '4', '3', '4', '13', '2', '2', '14', '1', '12', '11', '2', '5']","[1, 7, 1, 1, 3, 4, 2, 3, 4, 3, 4, 13, 2, 2, 14, 1, 12, 11, 2, 5]",entity,"The test sequence deviates from the normal flow examples by including actions in a different order and introducing new actions that are not present in the normal sequences. Specifically, the test sequence includes actions like 'NameSystem adding stored block' before 'BLOCK* asks datanode(s) to replicate', which is different from the normal sequences where 'BLOCK* asks datanode(s) to replicate' comes before 'NameSystem adding stored block'. Additionally, actions like 'starting thread to transfer block' and 'deleting block file' are not present in any of the normal examples."
350389,"['1', '7']","[1, 7]",entity,"The test sequence is abnormal because it starts with 'receiving block blk_' instead of the typical starting point 'NameSystem allocateBlock'. Additionally, the order of processes in the test sequence is different from the normal example sequences provided."
350477,"['1', '7']","[1, 7]",entity,"The test sequence is abnormal because it starts with 'receiving block blk_' instead of the typical starting point 'NameSystem allocateBlock'. Additionally, the order of processes in the test sequence is different from the normal example sequences provided."
350511,"['1', '7', '1', '1', '3', '4', '3', '4', '3', '4', '19', '2', '2', '2']",[19],status,"The log message indicates a SocketTimeoutException, which is an abnormal condition indicating a timeout while waiting for a channel to be ready for read."
350981,"['1', '1', '7', '16']",[16],status,"The log message indicates an exception due to a socket timeout while waiting for a channel to be ready, which is not a normal execution process."
352545,"['7', '1', '1', '16']",[16],status,"The log message indicates an exception due to a socket timeout while waiting for a channel to be ready, which is not a normal execution process."
352947,"['1', '7']","[1, 7]",entity,"The test sequence is abnormal because it starts with 'receiving block blk_' instead of the typical starting point 'NameSystem allocateBlock'. Additionally, the order of processes in the test sequence is different from the normal example sequences provided."
353807,"['1', '7']","[1, 7]",entity,"The test sequence is abnormal because it starts with 'receiving block blk_' instead of the typical starting point 'NameSystem allocateBlock'. Additionally, the order of processes in the test sequence is different from the normal example sequences provided."
354397,"['1', '7', '1', '1', '2', '2', '2', '3', '4', '3', '4', '3', '4']","[1, 7, 1, 1, 2, 2, 2, 3, 4, 3, 4, 3, 4]",entity,The test sequence includes a deviation from the normal flow where the PacketResponder for block blk_ is initiated instead of the expected action of receiving block blk_ from an unknown source. This deviation indicates an abnormal execution workflow.
354426,"['7', '1', '1', '16']",[16],status,"The log message indicates an exception due to a socket timeout while waiting for a channel to be ready, which is not a normal execution process."
354524,"['1', '1', '7', '16']",[16],status,"The log message indicates an exception due to a socket timeout while waiting for a channel to be ready, which is not a normal execution process."
355041,"['7', '1']","[7, 1]",entity,"The test sequence deviates from the normal flows as it does not follow the sequential pattern of handling and receiving blocks as seen in the normal example sequences. In the normal examples, there is a consistent flow of handling and receiving blocks in a specific order, but the test sequence only includes handling and receiving one block which is different from the expected pattern."
355165,"['1', '7', '1', '1', '3', '4', '3', '4', '3', '4', '2', '2', '2', '6', '6', '6', '5', '5', '15', '5']","[1, 7, 1, 1, 3, 4, 3, 4, 3, 4, 2, 2, 2, 6, 6, 6, 5, 5, 15, 5]",entity,The test sequence includes an additional step of 'Error deleting block blk_' which is not present in any of the normal example sequences. This deviation from the normal workflow indicates an abnormal execution flow.
355847,"['1', '7']","[1, 7]",entity,"The test sequence is abnormal because it starts with 'receiving block blk_' instead of the typical starting point 'NameSystem allocateBlock'. Additionally, the order of processes in the test sequence is different from the normal example sequences provided."
356628,"['1', '1', '7', '1', '4', '3', '4', '2', '2', '3', '3', '4', '2', '13', '14', '1', '11', '12', '2', '2', '5', '13', '14', '1', '11', '12', '2', '2', '5', '13', '14', '1', '12', '11', '2', '2', '5']","[1, 1, 7, 1, 4, 3, 4, 2, 2, 3, 3, 4, 2, 13, 14, 1, 11, 12, 2, 2, 5, 13, 14, 1, 11, 12, 2, 2, 5, 13, 14, 1, 12, 11, 2, 2, 5]",entity,"The test sequence has a different flow compared to the normal examples. It introduces new elements such as handling responses related to block blk_, multiple instances of PacketResponder for the same block, and receiving block blk_ from different sources in a non-sequential manner. These deviations from the normal examples indicate an abnormal execution workflow."
356654,"['1', '1', '7', '1', '3', '4', '3', '4', '3', '4', '2', '2', '2', '6', '6', '6', '5', '15', '5', '5']","[1, 1, 7, 1, 3, 4, 3, 4, 3, 4, 2, 2, 2, 6, 6, 6, 5, 15, 5, 5]",entity,The test sequence includes an additional step of 'Error deleting block blk_' which is not present in any of the normal example sequences. This indicates an abnormal flow in the execution workflow.
356819,"['1', '1', '7', '1', '3', '4', '3', '4', '13', '3', '4', '2', '2', '2', '14', '1', '12', '11', '2', '5', '6', '6', '6', '6', '5', '5', '15', '5']","[1, 1, 7, 1, 3, 4, 3, 4, 13, 3, 4, 2, 2, 2, 14, 1, 12, 11, 2, 5, 6, 6, 6, 6, 5, 5, 15, 5]",entity,"The test sequence deviates from the normal execution workflows as seen in the examples. The abnormality is primarily due to the repetitive and excessive deletion of block files, which is not a standard behavior observed in the normal sequences. Additionally, the introduction of an error message 'Error deleting block blk_' further indicates an anomaly in the workflow."
357369,"['1', '7', '1', '1', '3', '4', '3', '4', '3', '4', '2', '2', '2', '5', '6', '6', '6', '5', '5']","[1, 7, 1, 1, 3, 4, 3, 4, 3, 4, 2, 2, 2, 5, 6, 6, 6, 5, 5]",entity,"The test sequence includes an additional step of deleting a block file twice, which is not present in any of the normal example sequences. This deviation from the normal flow indicates an abnormal execution workflow."
357611,"['7', '1', '1', '1', '3', '4', '3', '4', '3', '4', '2', '2', '2', '5', '6', '6', '6', '5', '5']","[7, 1, 1, 1, 3, 4, 3, 4, 3, 4, 2, 2, 2, 5, 6, 6, 6, 5, 5]",entity,"The test sequence deviates from the normal examples by introducing a new action of 'deleting block file' and 'deleting a block file twice', which were not present in any of the normal examples. This indicates an abnormal execution workflow."
357652,"['1', '7', '1', '1', '3', '4', '3', '4', '3', '4', '2', '2', '2', '6', '6', '6', '5', '5', '5', '15']","[1, 7, 1, 1, 3, 4, 3, 4, 3, 4, 2, 2, 2, 6, 6, 6, 5, 5, 5, 15]",entity,The test sequence includes an additional step at the end (Error deleting block blk_) that is not present in any of the normal example sequences. This deviation indicates an abnormal execution workflow.
358310,"['1', '1', '1', '7', '3', '4', '3', '4', '3', '4', '2', '2', '2', '6', '6', '6', '5', '5', '5', '15']","[1, 1, 1, 7, 3, 4, 3, 4, 3, 4, 2, 2, 2, 6, 6, 6, 5, 5, 5, 15]",entity,"The test sequence includes an error in the deletion of block blk_, which is not present in any of the normal example sequences. This deviation from the normal flow indicates an abnormal execution workflow."
358713,"['1', '3', '4', '1', '3', '4', '1', '3', '4', '2', '2', '2', '7', '20', '8', '8', '8', '8', '8', '8', '8', '8', '8', '8', '8', '8', '8', '8', '8', '8', '8', '8', '8', '8', '8', '8', '8', '8', '8', '8', '8', '8', '8', '8', '8', '8', '8', '8', '8', '8', '8', '8', '8', '8', '8', '8', '8', '8', '8', '8', '8', '8', '8', '8', '8', '8', '8', '8', '8', '8', '8', '8', '8', '8', '8', '8', '8', '8', '8', '8', '8', '8', '8', '8', '8', '8', '8', '8', '8', '8', '8', '8', '8', '8', '8', '8', '8', '8', '8', '8', '8', '8', '8', '8', '8', '8', '8', '8', '8', '8', '8', '8', '8', '8', '8', '8', '8', '8', '8', '8', '8', '8', '8', '8', '8', '8', '8', '8', '8', '8', '8', '8', '8', '8', '8', '8', '8', '8', '8', '8', '8', '8', '8', '8', '8', '8', '8', '8', '8', '8', '8', '8', '8', '8', '8', '8', '8', '8', '8', '8', '8', '8', '8', '8', '8', '8', '8', '8', '8', '8', '8', '8', '8', '8', '8', '8', '8', '8', '8', '8', '8', '8', '8', '8', '8', '8', '8', '8', '8', '8', '8', '8', '8', '8', '8', '8', '8', '8', '8', '8', '8', '8', '8', '8', '8', '8', '8', '8', '8', '8', '8', '8', '8', '8', '8', '8', '8', '11', '1', '21', '20', '11', '1', '12', '2', '2', '21', '21', '20', '12', '11', '1', '11', '1', '12', '11', '1', '11', '1', '2', '2', '2', '2', '13', '14', '1', '11', '12', '2', '6', '6', '6', '6', '6', '6', '6', '6', '6', '6', '5', '5', '5', '5', '5', '5', '5', '5', '5', '5']",[20],status,"The log message indicates an error in handling a packet responder for a specific block, which is abnormal and may require further investigation."
358794,"['1', '1', '1', '7', '3', '4', '3', '4', '2', '2', '3', '4', '2', '13', '14', '1', '12', '11', '2', '2', '5', '6', '6', '6', '5', '5', '5']","[1, 1, 1, 7, 3, 4, 3, 4, 2, 2, 3, 4, 2, 13, 14, 1, 12, 11, 2, 2, 5, 6, 6, 6, 5, 5, 5]",entity,"The test sequence contains additional steps that are not present in any of the normal example sequences, such as deleting a block that was added to an invalid set and executing a series of operations for deleting a block file in three consecutive steps. These additional steps indicate deviations from the normal execution workflows."
359090,"['1', '1', '1', '7', '3', '4', '3', '4', '3', '4', '2', '2', '14', '13', '1', '11', '12', '2', '2', '5', '10', '6', '6', '6', '5', '5', '5']","[1, 1, 1, 7, 3, 4, 3, 4, 3, 4, 2, 2, 14, 13, 1, 11, 12, 2, 2, 5, 10, 6, 6, 6, 5, 5, 5]",entity,"The test sequence includes several new processes such as 'Starting thread to transfer block', 'BLOCK* asks datanode(s) to replicate', and 'deleting block file' which are not present in any of the normal example sequences. These new processes indicate deviations from the normal execution workflows, suggesting an abnormal_flows execution workflow."
359111,"['1', '7', '1', '1', '3', '4', '3', '4', '3', '4', '2', '2', '2', '13', '14', '1', '11', '12', '2', '10', '2', '5', '6', '6', '6', '6', '15', '5', '5', '5']","[1, 7, 1, 1, 3, 4, 3, 4, 3, 4, 2, 2, 2, 13, 14, 1, 11, 12, 2, 10, 2, 5, 6, 6, 6, 6, 15, 5, 5, 5]",entity,"The test sequence deviates from the normal example sequences by introducing new actions such as 'Successful verification for blk_' and 'Error deleting block blk_'. These actions are not present in any of the normal sequences, indicating an abnormal execution workflow."
359120,"['1', '7', '1', '1', '3', '4', '3', '4', '3', '4', '2', '2', '2', '13', '14', '1', '11', '12', '2', '2', '5', '6', '6', '6', '5', '5', '5']","[1, 7, 1, 1, 3, 4, 3, 4, 3, 4, 2, 2, 2, 13, 14, 1, 11, 12, 2, 2, 5, 6, 6, 6, 5, 5, 5]",entity,"The test sequence includes additional steps such as deleting a block that was added to an invalid set and repeating this action multiple times, which is not present in any of the normal example sequences. This abnormal behavior indicates a deviation from the expected normal execution workflows."
359153,"['1', '1', '7', '1', '3', '4', '3', '4', '3', '4', '2', '2', '2', '13', '14', '1', '12', '11', '2', '2', '5', '6', '6', '6', '5', '5', '5']","[1, 1, 7, 1, 3, 4, 3, 4, 3, 4, 2, 2, 2, 13, 14, 1, 12, 11, 2, 2, 5, 6, 6, 6, 5, 5, 5]",entity,"The test sequence includes additional actions such as deleting a block that was added to an invalid set and repeating this action multiple times, which is not present in any of the normal example sequences. This deviation from the normal execution flow indicates an abnormal workflow."
359211,"['1', '7', '1', '1', '3', '4', '3', '4', '3', '4', '2', '2', '13', '14', '1', '11', '12', '2', '2', '5', '6', '6', '6', '5', '5', '5']","[1, 7, 1, 1, 3, 4, 3, 4, 3, 4, 2, 2, 13, 14, 1, 11, 12, 2, 2, 5, 6, 6, 6, 5, 5, 5]",entity,"The test sequence includes additional steps that are not present in any of the normal example sequences, such as BLOCK* asking datanode(s) to replicate, starting a thread to transfer block, and additional actions related to deleting blocks. These additional steps indicate a deviation from the known normal execution workflows, leading to the prediction of abnormal flow."
359321,"['1', '1', '1', '7', '3', '4', '3', '4', '3', '4', '2', '2', '13', '14', '1', '12', '11', '2', '2', '6', '6', '6', '6', '5', '5', '5', '5']","[1, 1, 1, 7, 3, 4, 3, 4, 3, 4, 2, 2, 13, 14, 1, 12, 11, 2, 2, 6, 6, 6, 6, 5, 5, 5, 5]",entity,"The test sequence includes actions that are not present in any of the normal example sequences, such as BLOCK* asking datanode(s) to replicate, starting thread to transfer block, and repeating the action of deleting a block and adding it to the invalid set 4 times. These deviations from the normal sequences indicate an abnormal execution workflow."
359385,"['1', '7', '1', '1', '3', '4', '3', '4', '3', '4', '2', '2', '2', '14', '13', '1', '12', '11', '2', '2', '5', '6', '6', '6', '6', '5', '15', '5', '5']","[1, 7, 1, 1, 3, 4, 3, 4, 3, 4, 2, 2, 2, 14, 13, 1, 12, 11, 2, 2, 5, 6, 6, 6, 6, 5, 15, 5, 5]",entity,The test sequence deviates from the normal execution workflows as it involves a repetitive and abnormal action of deleting a block and adding it to the invalid set multiple times. This abnormal behavior is not observed in any of the normal example sequences provided.
359406,"['1', '1', '1', '7', '3', '4', '3', '4', '3', '4', '2', '2', '2', '13', '14', '1', '11', '12', '2', '2', '5', '6', '6', '6', '5', '5', '5']","[1, 1, 1, 7, 3, 4, 3, 4, 3, 4, 2, 2, 2, 13, 14, 1, 11, 12, 2, 2, 5, 6, 6, 6, 5, 5, 5]",entity,"The test sequence includes additional actions such as deleting a block that was added to an invalid set and repeating this action three times in a sequential manner, which is not present in any of the normal example sequences. This deviation from the normal flow indicates an abnormal execution workflow."
359408,"['1', '1', '1', '7', '3', '4', '3', '4', '3', '4', '2', '2', '13', '14', '1', '11', '12', '2', '2', '5', '6', '6', '6', '5', '5', '5']","[1, 1, 1, 7, 3, 4, 3, 4, 3, 4, 2, 2, 13, 14, 1, 11, 12, 2, 2, 5, 6, 6, 6, 5, 5, 5]",entity,"The test sequence deviates significantly from the normal example sequences in terms of the actions performed and their order. The test sequence includes new actions such as BLOCK* asks datanode(s) to replicate, Starting thread to transfer block, and deleting block file, which are not present in the normal examples. Additionally, the test sequence lacks consistency in terms of repeating actions, unlike the normal examples where specific actions are repeated in a sequential manner."
359528,"['1', '7']","[1, 7]",entity,"The test sequence is abnormal because it starts with 'receiving block blk_' instead of the typical starting point 'NameSystem allocateBlock'. Additionally, the order of processes in the test sequence is different from the normal example sequences provided."
359835,"['1', '1', '7', '1', '3', '4', '3', '4', '3', '4', '2', '2', '14', '13', '1', '11', '12', '2', '2', '6', '6', '6', '6', '5', '5', '5', '5']","[1, 1, 7, 1, 3, 4, 3, 4, 3, 4, 2, 2, 14, 13, 1, 11, 12, 2, 2, 6, 6, 6, 6, 5, 5, 5, 5]",entity,"The test sequence includes steps that are not present in any of the normal example sequences, such as 'Starting thread to transfer block', 'BLOCK* asks datanode(s) to replicate', and the repetitive action of deleting a block and adding it to the invalid set for 4 times. These deviations from the normal patterns indicate an abnormal execution workflow."
359869,"['1', '1', '1', '7', '3', '4', '3', '4', '3', '4', '2', '2', '13', '14', '1', '11', '12', '2', '2', '6', '6', '6', '6', '5', '5', '5', '5']","[1, 1, 1, 7, 3, 4, 3, 4, 3, 4, 2, 2, 13, 14, 1, 11, 12, 2, 2, 6, 6, 6, 6, 5, 5, 5, 5]",entity,"The test sequence includes additional processes such as BLOCK* asks datanode(s) to replicate, Starting thread to transfer block, and adding a stored block in the NameSystem being repeated, which are not present in any of the normal example sequences. Additionally, the test sequence involves the repeated action of deleting a block and adding it to the invalid set a total of 4 times, while in the normal examples, this action is repeated only three times. Therefore, based on these discrepancies, the test sequence is considered abnormal."
359892,"['1', '7', '1', '1', '3', '4', '3', '4', '3', '4', '2', '2', '14', '13', '1', '11', '12', '2', '2', '5', '6', '6', '6', '5', '5', '5']","[1, 7, 1, 1, 3, 4, 3, 4, 3, 4, 2, 2, 14, 13, 1, 11, 12, 2, 2, 5, 6, 6, 6, 5, 5, 5]",entity,"The test sequence includes processes that are not present in any of the normal example sequences. For example, 'Starting thread to transfer block', 'BLOCK* asks datanode(s) to replicate', and 'deleting block file' are not part of any normal example sequence. Therefore, the test sequence indicates an abnormal execution workflow."
359985,"['1', '1', '7', '1', '3', '4', '3', '4', '3', '4', '2', '2', '13', '14', '1', '12', '11', '2', '2', '10', '6', '6', '6', '6', '5', '5', '5', '5']","[1, 1, 7, 1, 3, 4, 3, 4, 3, 4, 2, 2, 13, 14, 1, 12, 11, 2, 2, 10, 6, 6, 6, 6, 5, 5, 5, 5]",entity,"The test sequence includes actions that are not present in any of the normal example sequences, such as BLOCK* asks datanode(s) to replicate, Starting thread to transfer block, and repeatedly deleting a block 4 times. These actions deviate significantly from the patterns observed in the normal sequences, indicating an abnormal execution workflow."
360020,"['1', '1', '7', '1', '3', '4', '3', '4', '3', '4', '2', '2', '13', '14', '1', '11', '12', '2', '2', '5', '10', '6', '6', '6', '5', '5', '5']","[1, 1, 7, 1, 3, 4, 3, 4, 3, 4, 2, 2, 13, 14, 1, 11, 12, 2, 2, 5, 10, 6, 6, 6, 5, 5, 5]",entity,"The test sequence includes additional steps such as BLOCK* asks datanode(s) to replicate, Starting thread to transfer block, and deleting block file, which are not present in any of the normal example sequences. These extra steps indicate a deviation from the normal execution workflows, suggesting an abnormal workflow."
360051,"['1', '1', '1', '7', '3', '4', '3', '4', '3', '4', '2', '2', '13', '14', '1', '11', '12', '2', '2', '6', '6', '6', '6', '5', '5', '5', '5']","[1, 1, 1, 7, 3, 4, 3, 4, 3, 4, 2, 2, 13, 14, 1, 11, 12, 2, 2, 6, 6, 6, 6, 5, 5, 5, 5]",entity,"The test sequence includes additional processes such as BLOCK* asks datanode(s) to replicate, Starting thread to transfer block, and adding a stored block in the NameSystem being repeated, which are not present in any of the normal example sequences. Additionally, the test sequence involves the repeated action of deleting a block and adding it to the invalid set a total of 4 times, while in the normal examples, this action is repeated only three times. Therefore, based on these discrepancies, the test sequence is considered abnormal."
360185,"['1', '1', '1', '7', '3', '4', '3', '4', '3', '4', '2', '2', '2', '10', '6', '6', '6', '5', '5', '5', '15']","[1, 1, 1, 7, 3, 4, 3, 4, 3, 4, 2, 2, 2, 10, 6, 6, 6, 5, 5, 5, 15]",entity,The test sequence includes an additional step 6: Error deleting block blk_ which is not present in any of the normal example sequences. This deviation from the expected sequence indicates an abnormal execution workflow.
360253,"['1', '1', '1', '7', '3', '4', '3', '4', '3', '4', '2', '2', '13', '14', '1', '12', '11', '2', '2', '5', '10', '6', '6', '6', '5', '5', '5']","[1, 1, 1, 7, 3, 4, 3, 4, 3, 4, 2, 2, 13, 14, 1, 12, 11, 2, 2, 5, 10, 6, 6, 6, 5, 5, 5]",entity,"The test sequence includes additional processes such as BLOCK* asks datanode(s) to replicate, Starting thread to transfer block, and deleting block file which are not present in any of the normal example sequences. This indicates a deviation from the expected normal execution workflows."
360310,"['1', '1', '7', '1', '3', '4', '3', '4', '3', '4', '2', '2', '13', '14', '1', '11', '12', '2', '2', '5', '6', '6', '6', '5', '5', '5']","[1, 1, 7, 1, 3, 4, 3, 4, 3, 4, 2, 2, 13, 14, 1, 11, 12, 2, 2, 5, 6, 6, 6, 5, 5, 5]",entity,"The test sequence includes additional processes such as BLOCK* asks datanode(s) to replicate, Starting thread to transfer block, and deleting block file, which are not present in any of the normal example sequences. This indicates a deviation from the expected normal execution workflows."
360314,"['1', '1', '1', '7', '3', '4', '3', '4', '3', '4', '2', '2', '2', '6', '6', '6', '5', '5', '15', '5']","[1, 1, 1, 7, 3, 4, 3, 4, 3, 4, 2, 2, 2, 6, 6, 6, 5, 5, 15, 5]",entity,The test sequence includes an additional step of 'Error deleting block blk_' which is not present in any of the normal example sequences. This deviation indicates an abnormal execution workflow.
360315,"['1', '1', '1', '7', '3', '4', '3', '4', '3', '4', '2', '2', '13', '14', '1', '12', '11', '2', '2', '5', '6', '6', '6', '5', '5', '5']","[1, 1, 1, 7, 3, 4, 3, 4, 3, 4, 2, 2, 13, 14, 1, 12, 11, 2, 2, 5, 6, 6, 6, 5, 5, 5]",entity,"The test sequence includes several inconsistencies compared to the normal example sequences. For example, the test sequence involves adding a stored block in the NameSystem multiple times, which is not a common pattern in the normal example sequences. Additionally, the repeated action of deleting a block that was added to an invalid set three times in a sequential manner is also uncommon in the normal examples. These inconsistencies indicate that the test sequence represents an abnormal execution workflow."
360332,"['1', '1', '1', '7', '3', '4', '3', '4', '3', '4', '2', '2', '14', '13', '1', '12', '11', '2', '2', '5', '6', '6', '6', '5', '5', '5']","[1, 1, 1, 7, 3, 4, 3, 4, 3, 4, 2, 2, 14, 13, 1, 12, 11, 2, 2, 5, 6, 6, 6, 5, 5, 5]",entity,"The test sequence deviates from the normal examples in multiple ways. The actions are not in the same order as the normal sequences, and there are additional actions like 'Starting thread to transfer block' and 'BLOCK* asks datanode(s) to replicate' that are not present in the normal sequences. The repeated actions of adding a stored block in the NameSystem and deleting a block from an invalid set also differ in the test sequence."
360380,"['1', '7', '1', '1', '3', '4', '3', '4', '3', '4', '2', '2', '14', '13', '1', '12', '11', '2', '2', '5', '6', '6', '6', '5', '5', '5']","[1, 7, 1, 1, 3, 4, 3, 4, 3, 4, 2, 2, 14, 13, 1, 12, 11, 2, 2, 5, 6, 6, 6, 5, 5, 5]",entity,"The test sequence includes new processes like Starting thread to transfer block, BLOCK* asks datanode(s) to replicate, and deleting block file, which are not present in any of the normal example sequences. This indicates a deviation from the normal execution workflows."
360385,"['1', '7', '1', '1', '3', '4', '3', '4', '3', '4', '2', '2', '13', '14', '1', '11', '12', '2', '2', '5', '10', '6', '6', '6', '5', '5', '5']","[1, 7, 1, 1, 3, 4, 3, 4, 3, 4, 2, 2, 13, 14, 1, 11, 12, 2, 2, 5, 10, 6, 6, 6, 5, 5, 5]",entity,"The test sequence includes several processes that are not present in any of the normal example sequences. The addition of processes like BLOCK* asks datanode(s) to replicate, Starting thread to transfer block, and deleting block file indicates an abnormal workflow compared to the normal examples provided."
360427,"['1', '1', '1', '7', '3', '4', '3', '4', '3', '4', '2', '2', '13', '14', '1', '12', '11', '2', '2', '5', '6', '6', '6', '5', '5', '5']","[1, 1, 1, 7, 3, 4, 3, 4, 3, 4, 2, 2, 13, 14, 1, 12, 11, 2, 2, 5, 6, 6, 6, 5, 5, 5]",entity,"The test sequence includes several inconsistencies compared to the normal example sequences. For example, the test sequence involves adding a stored block in the NameSystem multiple times, which is not a common pattern in the normal example sequences. Additionally, the repeated action of deleting a block that was added to an invalid set three times in a sequential manner is also uncommon in the normal examples. These inconsistencies indicate that the test sequence represents an abnormal execution workflow."
360593,"['1', '7', '1', '1', '3', '4', '3', '4', '3', '4', '2', '2', '14', '13', '1', '2', '12', '11', '2', '5', '6', '6', '6', '5', '5', '5']","[1, 7, 1, 1, 3, 4, 3, 4, 3, 4, 2, 2, 14, 13, 1, 2, 12, 11, 2, 5, 6, 6, 6, 5, 5, 5]",entity,"The test sequence differs from the normal example sequences in the order of operations. In the normal examples, the sequence involves receiving blocks followed by other specific actions such as initiating PacketResponders, transmitting blocks, and adding stored blocks. However, in the test sequence, the order of operations is different, with the addition of actions like transferring blocks and replicating datanodes before repeating the receiving block action. This deviation indicates an abnormal execution workflow."
360595,"['1', '1', '1', '7', '3', '4', '3', '4', '3', '4', '2', '2', '13', '14', '1', '2', '12', '11', '2', '5', '6', '6', '6', '5', '5', '5']","[1, 1, 1, 7, 3, 4, 3, 4, 3, 4, 2, 2, 13, 14, 1, 2, 12, 11, 2, 5, 6, 6, 6, 5, 5, 5]",entity,"The test sequence includes several actions that are not present in any of the normal example sequences, such as repeating the action of adding a stored block in the NameSystem multiple times, alternating between transmitting and receiving the same block, and deleting a block added to an invalid set multiple times. These deviations from the normal example sequences indicate an abnormal execution workflow."
360663,"['1', '1', '1', '7', '3', '4', '3', '4', '3', '4', '2', '2', '14', '13', '1', '2', '12', '11', '2', '5', '6', '6', '6', '5', '5', '5']","[1, 1, 1, 7, 3, 4, 3, 4, 3, 4, 2, 2, 14, 13, 1, 2, 12, 11, 2, 5, 6, 6, 6, 5, 5, 5]",entity,"The test sequence deviates from the normal examples by introducing new actions such as 'Starting thread to transfer block', 'BLOCK* asks datanode(s) to replicate', 'NameSystem adding stored block', and 'The sequence involves the transmission of a block followed by the reception of the same block'. These actions are not present in any of the normal example sequences, indicating an abnormal execution workflow."
360812,"['1', '1', '1', '7', '3', '4', '3', '4', '2', '2', '2', '3', '4', '6', '6', '6', '5', '5', '5', '15']","[1, 1, 1, 7, 3, 4, 3, 4, 2, 2, 2, 3, 4, 6, 6, 6, 5, 5, 5, 15]",entity,The test sequence includes an error in deleting a block (process 6) which is not part of any of the normal example sequences. This deviation from the normal flow indicates an abnormal execution workflow.
361051,"['1', '1', '1', '7', '3', '4', '3', '4', '3', '4', '2', '2', '13', '14', '1', '2', '12', '11', '2', '5', '6', '6', '6', '5', '5', '5']","[1, 1, 1, 7, 3, 4, 3, 4, 3, 4, 2, 2, 13, 14, 1, 2, 12, 11, 2, 5, 6, 6, 6, 5, 5, 5]",entity,"The test sequence includes several actions that are not present in any of the normal example sequences, such as repeating the action of adding a stored block in the NameSystem multiple times, alternating between transmitting and receiving the same block, and deleting a block added to an invalid set multiple times. These deviations from the normal example sequences indicate an abnormal execution workflow."
361062,"['1', '1', '7', '1', '3', '4', '3', '4', '2', '2', '2', '3', '4', '10', '6', '6', '6', '5', '5', '15', '5']","[1, 1, 7, 1, 3, 4, 3, 4, 2, 2, 2, 3, 4, 10, 6, 6, 6, 5, 5, 15, 5]",entity,The test sequence includes an unexpected action of 'Error deleting block blk_' which is not present in any of the normal example sequences. This deviation from the expected workflow indicates an abnormal execution flow.
361109,"['1', '1', '7', '16']",[16],status,"The log message indicates an exception due to a socket timeout while waiting for a channel to be ready, which is not a normal execution process."
361221,"['1', '1', '7', '1', '3', '4', '3', '4', '3', '4', '2', '2', '13', '14', '1', '12', '11', '2', '2', '6', '6', '6', '6', '5', '5', '5', '5']","[1, 1, 7, 1, 3, 4, 3, 4, 3, 4, 2, 2, 13, 14, 1, 12, 11, 2, 2, 6, 6, 6, 6, 5, 5, 5, 5]",entity,"The test sequence includes actions that are not present in any of the normal example sequences, such as BLOCK* asks datanode(s) to replicate, Starting thread to transfer block, and repetitively performing the action of deleting a block and adding it to the invalid set multiple times. These deviations from the normal sequences indicate an abnormal execution workflow."
361299,"['1', '1', '1', '7', '3', '4', '3', '4', '3', '4', '2', '2', '13', '14', '1', '12', '11', '2', '2', '6', '6', '6', '6', '5', '5', '5', '5']","[1, 1, 1, 7, 3, 4, 3, 4, 3, 4, 2, 2, 13, 14, 1, 12, 11, 2, 2, 6, 6, 6, 6, 5, 5, 5, 5]",entity,"The test sequence includes actions that are not present in any of the normal example sequences, such as BLOCK* asking datanode(s) to replicate, starting thread to transfer block, and repeating the action of deleting a block and adding it to the invalid set 4 times. These deviations from the normal sequences indicate an abnormal execution workflow."
361326,"['1', '1', '7', '1', '3', '4', '3', '4', '3', '4', '2', '2', '2', '6', '6', '6', '5', '5', '15', '5']","[1, 1, 7, 1, 3, 4, 3, 4, 3, 4, 2, 2, 2, 6, 6, 6, 5, 5, 15, 5]",entity,The test sequence includes an additional step of 'Error deleting block blk_' which is not present in any of the normal example sequences. This indicates a deviation from the expected normal execution workflow.
361464,"['1', '1', '7', '1', '3', '4', '3', '4', '2', '3', '4', '2', '2', '19', '6', '6', '6', '5', '5', '5']",[19],status,"The log message indicates a SocketTimeoutException, which is an abnormal condition indicating a timeout while waiting for a channel to be ready for read."
361468,"['1', '7', '1', '1', '3', '4', '3', '4', '3', '4', '2', '2', '13', '14', '1', '2', '12', '11', '2', '5', '6', '6', '6', '5', '5', '5']","[1, 7, 1, 1, 3, 4, 3, 4, 3, 4, 2, 2, 13, 14, 1, 2, 12, 11, 2, 5, 6, 6, 6, 5, 5, 5]",entity,"The test sequence deviates from the normal execution workflows as seen in the examples. The abnormality is caused by the repetition of actions such as receiving block blk_ and adding stored block in a different order, as well as the deletion of a block that was added to an invalid set, which is not present in the normal sequences."
361540,"['1', '7', '1', '1', '2', '3', '4', '3', '4', '3', '4', '2', '2', '6', '6', '6', '5', '15', '5', '5']","[1, 7, 1, 1, 2, 3, 4, 3, 4, 3, 4, 2, 2, 6, 6, 6, 5, 15, 5, 5]",entity,"The test sequence deviates from the normal execution workflows as it includes errors in deleting a block and adds an additional step of error handling, which is not present in the normal examples. Additionally, the test sequence does not follow the sequential pattern of actions seen in the normal examples."
361645,"['1', '7', '1', '16']",[16],status,"The log message indicates an exception due to a socket timeout while waiting for a channel to be ready, which is not a normal execution process."
361843,"['1', '1', '7', '1', '3', '4', '3', '4', '3', '4', '2', '2', '13', '14', '1', '11', '12', '2', '2', '5', '6', '6', '6', '5', '5', '5']","[1, 1, 7, 1, 3, 4, 3, 4, 3, 4, 2, 2, 13, 14, 1, 11, 12, 2, 2, 5, 6, 6, 6, 5, 5, 5]",entity,"The test sequence includes additional processes such as BLOCK* asks datanode(s) to replicate, Starting thread to transfer block, and deleting block file, which are not present in any of the normal example sequences. This indicates a deviation from the expected normal execution workflows."
361862,"['1', '1', '1', '7', '3', '4', '3', '4', '3', '4', '2', '2', '13', '14', '1', '11', '12', '2', '2', '5', '6', '6', '6', '5', '5', '5']","[1, 1, 1, 7, 3, 4, 3, 4, 3, 4, 2, 2, 13, 14, 1, 11, 12, 2, 2, 5, 6, 6, 6, 5, 5, 5]",entity,"The test sequence deviates significantly from the normal example sequences in terms of the actions performed and their order. The test sequence includes new actions such as BLOCK* asks datanode(s) to replicate, Starting thread to transfer block, and deleting block file, which are not present in the normal examples. Additionally, the test sequence lacks consistency in terms of repeating actions, unlike the normal examples where specific actions are repeated in a sequential manner."
361866,"['1', '1', '1', '7', '3', '4', '3', '4', '3', '4', '2', '2', '2', '13', '14', '27', '13', '14', '1', '11', '12', '2', '2', '5', '6', '6', '6', '6', '5', '15', '5', '5']",[27],status,"The log message indicates serving a block, which is a normal process in execution. However, the specific block and destination may raise concerns for further investigation."
361890,"['1', '7', '1', '1', '3', '4', '3', '4', '3', '4', '2', '2', '2', '10', '13', '14', '1', '11', '12', '2', '2', '5', '6', '6', '6', '6', '5', '5', '15', '5']","[1, 7, 1, 1, 3, 4, 3, 4, 3, 4, 2, 2, 2, 10, 13, 14, 1, 11, 12, 2, 2, 5, 6, 6, 6, 6, 5, 5, 15, 5]",entity,"The test sequence includes actions that are not part of any of the normal example sequences, such as 'Successful verification for blk_', 'The system is repetitively performing the action of deleting a block and adding it to the invalid set', 'Error deleting block blk_'. These actions indicate deviations from the typical execution workflows observed in the normal example sequences."
362041,"['1', '7']","[1, 7]",entity,"The test sequence is abnormal because it starts with 'receiving block blk_' instead of the typical starting point 'NameSystem allocateBlock'. Additionally, the order of processes in the test sequence is different from the normal example sequences provided."
362106,"['1', '7', '1', '1', '3', '4', '3', '4', '2', '2', '3', '4', '2', '13', '14', '1', '12', '11', '2', '2', '5', '6', '6', '6', '5', '5', '5']","[1, 7, 1, 1, 3, 4, 3, 4, 2, 2, 3, 4, 2, 13, 14, 1, 12, 11, 2, 2, 5, 6, 6, 6, 5, 5, 5]",entity,"The test sequence includes additional actions such as deleting a block that was added to an invalid set and repeating this action multiple times, which are not present in any of the normal example sequences. This suggests an abnormal execution workflow."
362171,"['1', '1', '1', '7', '3', '4', '3', '4', '3', '4', '2', '2', '13', '14', '1', '11', '12', '2', '2', '6', '6', '6', '6', '5', '5', '5', '5']","[1, 1, 1, 7, 3, 4, 3, 4, 3, 4, 2, 2, 13, 14, 1, 11, 12, 2, 2, 6, 6, 6, 6, 5, 5, 5, 5]",entity,"The test sequence includes additional processes such as BLOCK* asks datanode(s) to replicate, Starting thread to transfer block, and adding a stored block in the NameSystem being repeated, which are not present in any of the normal example sequences. Additionally, the test sequence involves the repeated action of deleting a block and adding it to the invalid set a total of 4 times, while in the normal examples, this action is repeated only three times. Therefore, based on these discrepancies, the test sequence is considered abnormal."
362172,"['1', '7', '1', '1', '3', '4', '3', '4', '3', '4', '2', '2', '13', '14', '1', '12', '11', '2', '2', '5', '6', '6', '6', '5', '5', '5']","[1, 7, 1, 1, 3, 4, 3, 4, 3, 4, 2, 2, 13, 14, 1, 12, 11, 2, 2, 5, 6, 6, 6, 5, 5, 5]",entity,"The test sequence includes additional actions such as BLOCK* asks datanode(s) to replicate, Starting thread to transfer block, and actions related to deleting a block that was added to an invalid set. These actions are not present in any of the normal example sequences, indicating that the test sequence is different from the normal workflows."
362441,"['1', '7', '1', '1', '3', '4', '3', '4', '3', '4', '2', '2', '2', '6', '6', '6', '5', '5', '5', '15']","[1, 7, 1, 1, 3, 4, 3, 4, 3, 4, 2, 2, 2, 6, 6, 6, 5, 5, 5, 15]",entity,The test sequence includes an additional step at the end (Error deleting block blk_) that is not present in any of the normal example sequences. This deviation indicates an abnormal execution workflow.
362482,"['1', '7', '1', '1', '3', '4', '3', '4', '3', '4', '2', '2', '13', '14', '1', '11', '12', '2', '2', '5', '6', '6', '6', '5', '5', '5']","[1, 7, 1, 1, 3, 4, 3, 4, 3, 4, 2, 2, 13, 14, 1, 11, 12, 2, 2, 5, 6, 6, 6, 5, 5, 5]",entity,"The test sequence includes additional steps that are not present in any of the normal example sequences, such as BLOCK* asking datanode(s) to replicate, starting a thread to transfer block, and additional actions related to deleting blocks. These additional steps indicate a deviation from the known normal execution workflows, leading to the prediction of abnormal flow."
362561,"['1', '1', '1', '7', '3', '4', '3', '4', '3', '4', '2', '2', '14', '13', '1', '12', '11', '2', '2', '6', '6', '6', '6', '5', '5', '5', '5']","[1, 1, 1, 7, 3, 4, 3, 4, 3, 4, 2, 2, 14, 13, 1, 12, 11, 2, 2, 6, 6, 6, 6, 5, 5, 5, 5]",entity,"The test sequence includes additional processes such as 'Starting thread to transfer block', 'BLOCK* asks datanode(s) to replicate', and 'The system is repetitively performing the action of deleting a block and adding it to the invalid set. This sequence is repeated for a total of 4 times, with each step being identical to the previous one.' These processes are not present in any of the normal example sequences, indicating that the test sequence is abnormal."
362710,"['1', '7', '1', '1', '3', '4', '3', '4', '3', '4', '2', '2', '2', '13', '14', '1', '12', '11', '2', '2', '5', '6', '6', '6', '5', '5', '15', '5']","[1, 7, 1, 1, 3, 4, 3, 4, 3, 4, 2, 2, 2, 13, 14, 1, 12, 11, 2, 2, 5, 6, 6, 6, 5, 5, 15, 5]",entity,"The test sequence deviates from the normal execution workflows seen in the examples. Specifically, the abnormality lies in the repeated deletion of blocks in an invalid set and the presence of an error while deleting a block. This is not a behavior observed in the normal sequences provided."
362739,"['1', '1', '1', '7', '3', '4', '3', '4', '3', '4', '2', '2', '14', '13', '1', '11', '12', '2', '2', '6', '6', '6', '6', '5', '5', '5', '5']","[1, 1, 1, 7, 3, 4, 3, 4, 3, 4, 2, 2, 14, 13, 1, 11, 12, 2, 2, 6, 6, 6, 6, 5, 5, 5, 5]",entity,"The test sequence contains processes that are not present in any of the normal example sequences. Specifically, the processes 'Starting thread to transfer block', 'BLOCK* asks datanode(s) to replicate', and 'The workflow starts with receiving a block, which is followed by the successful reception of the block. The next step involves transmitting the block named blk_' are not part of any normal example sequences. Additionally, the repetitive action of deleting a block and adding it to the invalid set being repeated for 4 times is also not observed in any of the normal examples."
363079,"['1', '7', '1', '1', '3', '4', '2', '2', '3', '4', '3', '4', '2', '6', '6', '6', '5', '5', '15', '5']","[1, 7, 1, 1, 3, 4, 2, 2, 3, 4, 3, 4, 2, 6, 6, 6, 5, 5, 15, 5]",entity,"The test sequence includes actions that are not present in any of the normal example sequences, such as initiating a PacketResponder for block blk_ followed by receiving block blk_ from an unknown source, and encountering an error while deleting block blk_. These deviations from the normal patterns indicate an abnormal execution workflow."
363130,"['1', '7', '1', '1', '3', '4', '3', '4', '3', '4', '2', '2', '2', '19', '6', '6', '6', '5', '5', '5']",[19],status,"The log message indicates a SocketTimeoutException, which is an abnormal condition indicating a timeout while waiting for a channel to be ready for read."
363141,"['1', '1', '7', '1', '3', '4', '3', '4', '3', '4', '2', '2', '2', '19', '6', '6', '6', '5', '5', '5']",[19],status,"The log message indicates a SocketTimeoutException, which is an abnormal condition indicating a timeout while waiting for a channel to be ready for read."
363194,"['1', '1', '1', '7', '3', '4', '3', '4', '3', '4', '2', '2', '14', '13', '1', '12', '11', '2', '2', '6', '6', '6', '6', '5', '5', '5', '5']","[1, 1, 1, 7, 3, 4, 3, 4, 3, 4, 2, 2, 14, 13, 1, 12, 11, 2, 2, 6, 6, 6, 6, 5, 5, 5, 5]",entity,"The test sequence includes additional processes such as 'Starting thread to transfer block', 'BLOCK* asks datanode(s) to replicate', and 'The system is repetitively performing the action of deleting a block and adding it to the invalid set. This sequence is repeated for a total of 4 times, with each step being identical to the previous one.' These processes are not present in any of the normal example sequences, indicating that the test sequence is abnormal."
363294,"['1', '1', '1', '7', '3', '4', '3', '4', '3', '4', '2', '2', '19', '2', '6', '6', '6', '5', '5', '5']",[19],status,"The log message indicates a SocketTimeoutException, which is an abnormal condition indicating a timeout while waiting for a channel to be ready for read."
363416,"['1', '1', '1', '7', '3', '4', '3', '4', '3', '4', '2', '2', '2', '13', '14', '1', '12', '11', '2', '2', '5', '6', '6', '6', '6', '15', '5', '5', '5']","[1, 1, 1, 7, 3, 4, 3, 4, 3, 4, 2, 2, 2, 13, 14, 1, 12, 11, 2, 2, 5, 6, 6, 6, 6, 15, 5, 5, 5]",entity,"The test sequence deviates from the normal execution workflows as it introduces new actions such as repetitively performing the action of deleting a block and adding it to the invalid set, which is not present in any of the normal examples. This abnormal behavior indicates that the test sequence represents an abnormal execution workflow."
363880,"['1', '7', '1', '1', '3', '4', '3', '4', '3', '4', '2', '2', '13', '14', '1', '11', '12', '2', '2', '5', '6', '6', '6', '5', '5', '5']","[1, 7, 1, 1, 3, 4, 3, 4, 3, 4, 2, 2, 13, 14, 1, 11, 12, 2, 2, 5, 6, 6, 6, 5, 5, 5]",entity,"The test sequence includes additional steps that are not present in any of the normal example sequences, such as BLOCK* asking datanode(s) to replicate, starting a thread to transfer block, and additional actions related to deleting blocks. These additional steps indicate a deviation from the known normal execution workflows, leading to the prediction of abnormal flow."
363956,"['1', '7', '1', '1', '3', '4', '3', '4', '3', '4', '2', '2', '13', '14', '1', '12', '11', '2', '2', '5', '6', '6', '6', '5', '5', '5']","[1, 7, 1, 1, 3, 4, 3, 4, 3, 4, 2, 2, 13, 14, 1, 12, 11, 2, 2, 5, 6, 6, 6, 5, 5, 5]",entity,"The test sequence includes additional actions such as BLOCK* asks datanode(s) to replicate, Starting thread to transfer block, and actions related to deleting a block that was added to an invalid set. These actions are not present in any of the normal example sequences, indicating that the test sequence is different from the normal workflows."
364075,"['1', '1', '1', '7', '3', '4', '3', '4', '2', '2', '3', '4', '2', '13', '14', '1', '12', '11', '2', '2', '5', '6', '6', '6', '5', '5', '5']","[1, 1, 1, 7, 3, 4, 3, 4, 2, 2, 3, 4, 2, 13, 14, 1, 12, 11, 2, 2, 5, 6, 6, 6, 5, 5, 5]",entity,"The test sequence contains additional steps that are not present in any of the normal example sequences, such as deleting a block that was added to an invalid set and executing a series of operations for deleting a block file in three consecutive steps. These additional steps indicate deviations from the normal execution workflows."
364136,"['1', '7', '1', '1', '3', '4', '3', '4', '3', '4', '2', '2', '2', '13', '14', '1', '12', '11', '2', '2', '5', '6', '6', '6', '6', '5', '5', '15', '5']","[1, 7, 1, 1, 3, 4, 3, 4, 3, 4, 2, 2, 2, 13, 14, 1, 12, 11, 2, 2, 5, 6, 6, 6, 6, 5, 5, 15, 5]",entity,"The test sequence deviates from the normal flows execution workflows seen in the examples by introducing repetitive and abnormal actions such as adding a stored block to the invalid set, deleting a block file multiple times, and encountering an error while deleting a block. These abnormal actions are not present in any of the normal example sequences, indicating an abnormal execution workflow."
364335,"['1', '7', '1', '1', '3', '4', '3', '4', '3', '4', '2', '2', '2', '6', '6', '6', '5', '5', '15', '5']","[1, 7, 1, 1, 3, 4, 3, 4, 3, 4, 2, 2, 2, 6, 6, 6, 5, 5, 15, 5]",entity,The test sequence includes an additional step of 'Error deleting block blk_' which is not present in any of the normal example sequences. This deviation from the normal workflow indicates an abnormal execution flow.
364468,"['1', '7', '1', '16']",[16],status,"The log message indicates an exception due to a socket timeout while waiting for a channel to be ready, which is not a normal execution process."
364471,"['1', '1', '1', '7', '26', '26', '24', '3', '29', '24', '3', '29', '1', '26', '24', '3', '3', '1', '25', '25', '3', '4', '2', '3', '4', '20', '21', '1', '1', '11', '11', '12', '2', '2', '2', '5', '6', '6', '6', '5', '5', '5']","[26, 26]",status,"The test sequence contains repeated errors (Exception in receiveBlock for blk_). This pattern is not seen in the normal_flows execution workflows, indicating an abnormal workflow."
364638,"['1', '7', '1', '1', '3', '4', '3', '4', '3', '4', '2', '2', '2', '13', '14', '1', '12', '11', '2', '2', '5', '6', '6', '6', '6', '15', '5', '5', '5']","[1, 7, 1, 1, 3, 4, 3, 4, 3, 4, 2, 2, 2, 13, 14, 1, 12, 11, 2, 2, 5, 6, 6, 6, 6, 15, 5, 5, 5]",entity,"The test sequence includes additional steps related to deleting and adding blocks in an invalid set, which is not present in any of the normal example sequences. This deviation from the normal workflow indicates an abnormal execution flow."
364663,"['1', '1', '1', '7', '3', '4', '3', '4', '3', '4', '2', '2', '13', '14', '1', '11', '12', '2', '2', '5', '6', '6', '6', '5', '5', '5']","[1, 1, 1, 7, 3, 4, 3, 4, 3, 4, 2, 2, 13, 14, 1, 11, 12, 2, 2, 5, 6, 6, 6, 5, 5, 5]",entity,"The test sequence deviates significantly from the normal example sequences in terms of the actions performed and their order. The test sequence includes new actions such as BLOCK* asks datanode(s) to replicate, Starting thread to transfer block, and deleting block file, which are not present in the normal examples. Additionally, the test sequence lacks consistency in terms of repeating actions, unlike the normal examples where specific actions are repeated in a sequential manner."
364824,"['1', '7', '1', '1', '3', '4', '3', '4', '3', '4', '2', '2', '13', '14', '1', '12', '11', '2', '2', '5', '6', '6', '6', '5', '5', '5']","[1, 7, 1, 1, 3, 4, 3, 4, 3, 4, 2, 2, 13, 14, 1, 12, 11, 2, 2, 5, 6, 6, 6, 5, 5, 5]",entity,"The test sequence includes additional actions such as BLOCK* asks datanode(s) to replicate, Starting thread to transfer block, and actions related to deleting a block that was added to an invalid set. These actions are not present in any of the normal example sequences, indicating that the test sequence is different from the normal workflows."
364937,"['1', '1', '7', '1', '3', '4', '3', '4', '3', '4', '2', '2', '2', '10', '6', '6', '6', '10', '5', '5', '5']","[10, 6, 6, 6, 10]",action,"The test sequence contains a different order of processes compared to the normal examples. In the normal examples, the action of deleting a block that was added to an invalid set always comes after successful verification, while in the test sequence it comes before successful verification."
365138,"['1', '1', '7', '16']",[16],status,"The log message indicates an exception due to a socket timeout while waiting for a channel to be ready, which is not a normal execution process."
365196,"['1', '7', '1', '1', '3', '4', '3', '4', '3', '4', '2', '2', '2', '13', '14', '1', '11', '12', '2', '2', '5', '6', '6', '6', '5', '5', '5']","[1, 7, 1, 1, 3, 4, 3, 4, 3, 4, 2, 2, 2, 13, 14, 1, 11, 12, 2, 2, 5, 6, 6, 6, 5, 5, 5]",entity,"The test sequence includes additional steps such as deleting a block that was added to an invalid set and repeating this action multiple times, which is not present in any of the normal example sequences. This abnormal behavior indicates a deviation from the expected normal execution workflows."
365624,"['1', '1', '1', '7', '17', '3', '4', '17', '3', '4', '17', '3', '4', '2', '2', '2', '6', '6', '6', '5', '5', '5']",[17],status,"The log message indicates a SocketTimeoutException which suggests a timeout while waiting for a channel to be ready for write, which is abnormal behavior."
365736,"['7', '1', '1', '1', '3', '4', '3', '4', '3', '4', '2', '2', '2', '6', '6', '6', '5', '5', '5', '15']","[7, 1, 1, 1, 3, 4, 3, 4, 3, 4, 2, 2, 2, 6, 6, 6, 5, 5, 5, 15]",entity,The test sequence includes an additional step (Error deleting block blk_) that is not present in any of the normal example sequences. This deviation from the normal sequences indicates an abnormal execution workflow.
365762,"['1', '1', '1', '7', '3', '4', '2', '3', '4', '3', '4', '2', '2', '13', '14', '1', '11', '12', '2', '2', '5', '6', '6', '6', '6', '5', '15', '5', '5']","[1, 1, 1, 7, 3, 4, 2, 3, 4, 3, 4, 2, 2, 13, 14, 1, 11, 12, 2, 2, 5, 6, 6, 6, 6, 5, 15, 5, 5]",entity,"The test sequence indicates an abnormal workflow because it includes repetitive actions such as deleting block files and adding them to the invalid set, which is not observed in any of the normal example sequences. Additionally, the presence of errors like 'Error deleting block blk_' is also a deviation from the normal execution flows."
365812,"['1', '7', '1', '1', '3', '4', '3', '4', '2', '2', '3', '4', '2', '13', '14', '1', '11', '12', '2', '2', '5', '6', '6', '6', '5', '5', '5']","[1, 7, 1, 1, 3, 4, 3, 4, 2, 2, 3, 4, 2, 13, 14, 1, 11, 12, 2, 2, 5, 6, 6, 6, 5, 5, 5]",entity,"The test sequence includes additional steps such as deleting a block that was added to an invalid set and the repeated action of deleting a block file in three consecutive steps, which are not present in any of the normal example sequences. These extra steps indicate an abnormal execution workflow."
366046,"['1', '7', '1', '16']",[16],status,"The log message indicates an exception due to a socket timeout while waiting for a channel to be ready, which is not a normal execution process."
366106,"['1', '1', '1', '7', '3', '4', '3', '4', '3', '4', '2', '2', '2', '6', '6', '6', '5', '5', '5', '15']","[1, 1, 1, 7, 3, 4, 3, 4, 3, 4, 2, 2, 2, 6, 6, 6, 5, 5, 5, 15]",entity,"The test sequence includes an error in the deletion of block blk_, which is not present in any of the normal example sequences. This deviation from the normal flow indicates an abnormal execution workflow."
366506,"['1', '7']","[1, 7]",entity,"The test sequence is abnormal because it starts with 'receiving block blk_' instead of the typical starting point 'NameSystem allocateBlock'. Additionally, the order of processes in the test sequence is different from the normal example sequences provided."
366544,"['1', '7']","[1, 7]",entity,"The test sequence is abnormal because it starts with 'receiving block blk_' instead of the typical starting point 'NameSystem allocateBlock'. Additionally, the order of processes in the test sequence is different from the normal example sequences provided."
366752,"['1', '1', '7', '1', '3', '4', '3', '4', '2', '2', '3', '4', '2', '6', '6', '6', '5', '5', '5', '15']","[1, 1, 7, 1, 3, 4, 3, 4, 2, 2, 3, 4, 2, 6, 6, 6, 5, 5, 5, 15]",entity,The test sequence includes an additional step 'Error deleting block blk_' which is not present in any of the normal example sequences. This indicates an abnormal flow in the execution workflow.
366826,"['7', '1', '1', '1', '3', '4', '3', '4', '3', '4', '2', '2', '2', '6', '6', '6', '5', '5', '15', '5']","[7, 1, 1, 1, 3, 4, 3, 4, 3, 4, 2, 2, 2, 6, 6, 6, 5, 5, 15, 5]",entity,The test sequence includes an additional step of 'Error deleting block blk_' and 'deleting block file' which are not present in any of the normal example sequences. This deviation from the normal sequences indicates an abnormal execution workflow.
367619,"['1', '7']","[1, 7]",entity,"The test sequence is abnormal because it starts with 'receiving block blk_' instead of the typical starting point 'NameSystem allocateBlock'. Additionally, the order of processes in the test sequence is different from the normal example sequences provided."
367701,"['1', '1', '1', '7', '3', '4', '3', '4', '2', '2', '3', '4', '2', '14', '13', '1', '11', '12', '2', '2', '5', '6', '6', '6', '6', '15', '5', '5', '5']","[1, 1, 1, 7, 3, 4, 3, 4, 2, 2, 3, 4, 2, 14, 13, 1, 11, 12, 2, 2, 5, 6, 6, 6, 6, 15, 5, 5, 5]",entity,"The test sequence includes abnormal actions such as deleting a block file and adding it to the invalid set, which are not present in any of the normal example sequences. This abnormal behavior indicates that the test sequence is not following the expected normal_flows execution workflow."
367856,"['1', '1', '7', '1', '3', '4', '3', '4', '3', '4', '2', '2', '2', '6', '6', '6', '5', '5', '5', '15']","[1, 1, 7, 1, 3, 4, 3, 4, 3, 4, 2, 2, 2, 6, 6, 6, 5, 5, 5, 15]",entity,The test sequence includes an additional step '7: Error deleting block blk_' which is not present in any of the normal example sequences. This indicates an abnormal execution workflow.
367985,"['1', '7', '1', '1', '3', '4', '3', '4', '2', '2', '3', '4', '2', '19', '6', '6', '6', '5', '5', '5']",[19],status,"The log message indicates a SocketTimeoutException, which is an abnormal condition indicating a timeout while waiting for a channel to be ready for read."
368681,"['1', '7']","[1, 7]",entity,"The test sequence is abnormal because it starts with 'receiving block blk_' instead of the typical starting point 'NameSystem allocateBlock'. Additionally, the order of processes in the test sequence is different from the normal example sequences provided."
368699,"['1', '7', '1', '1', '3', '4', '3', '4', '3', '4', '2', '2', '2', '6', '6', '6', '5', '5', '15', '5']","[1, 7, 1, 1, 3, 4, 3, 4, 3, 4, 2, 2, 2, 6, 6, 6, 5, 5, 15, 5]",entity,The test sequence includes an additional step of 'Error deleting block blk_' which is not present in any of the normal example sequences. This deviation from the normal workflow indicates an abnormal execution flow.
369823,"['1', '1', '1', '7', '3', '4', '3', '4', '3', '4', '2', '2', '2', '6', '6', '6', '5', '15', '5', '5']","[1, 1, 1, 7, 3, 4, 3, 4, 3, 4, 2, 2, 2, 6, 6, 6, 5, 15, 5, 5]",entity,"The test sequence includes an error in deleting block blk_, which is not present in any of the normal example sequences. Additionally, the test sequence involves deleting block files twice, which is also not a typical behavior in the normal examples provided."
370126,"['7', '1', '1', '16']",[16],status,"The log message indicates an exception due to a socket timeout while waiting for a channel to be ready, which is not a normal execution process."
370216,"['7', '1', '1', '1', '17', '3', '4', '17', '3', '4', '17', '3', '4', '2', '2', '2', '6', '6', '6', '5', '5', '5']",[17],status,"The log message indicates a SocketTimeoutException which suggests a timeout while waiting for a channel to be ready for write, which is abnormal behavior."
370369,"['1', '7', '1', '1', '3', '4', '3', '4', '3', '4', '2', '2', '2', '6', '6', '6', '5', '15', '5', '5']","[1, 7, 1, 1, 3, 4, 3, 4, 3, 4, 2, 2, 2, 6, 6, 6, 5, 15, 5, 5]",entity,"The test sequence includes an additional step of 'Error deleting block blk_' at step 7, which is not present in any of the normal example sequences. This deviation from the normal flow indicates an abnormal execution workflow."
371140,"['1', '7', '1', '1', '3', '4', '3', '4', '3', '4', '2', '2', '2', '19', '6', '6', '6', '5', '5', '5']",[19],status,"The log message indicates a SocketTimeoutException, which is an abnormal condition indicating a timeout while waiting for a channel to be ready for read."
371328,"['1', '1', '1', '7', '17', '3', '4', '17', '3', '4', '17', '3', '4', '2', '2', '2', '6', '6', '6', '5', '5', '5']",[17],status,"The log message indicates a SocketTimeoutException which suggests a timeout while waiting for a channel to be ready for write, which is abnormal behavior."
372210,"['1', '1', '7', '1', '3', '4', '3', '4', '2', '2', '3', '4', '2', '6', '6', '6', '5', '15', '5', '5']","[1, 1, 7, 1, 3, 4, 3, 4, 2, 2, 3, 4, 2, 6, 6, 6, 5, 15, 5, 5]",entity,The test sequence deviates from the normal execution workflows as it includes actions such as 'Error deleting block blk_' which are not present in any of the example sequences provided.
372639,"['1', '1', '1', '7', '3', '4', '3', '4', '3', '4', '2', '2', '2', '13', '14', '1', '11', '12', '2', '2', '5', '6', '6', '6', '6', '15', '5', '5', '5']","[1, 1, 1, 7, 3, 4, 3, 4, 3, 4, 2, 2, 2, 13, 14, 1, 11, 12, 2, 2, 5, 6, 6, 6, 6, 15, 5, 5, 5]",entity,"The test sequence deviates from the normal execution workflows as seen in the examples. The abnormality is observed in steps 9, 10, and 11 where the system repetitively performs the action of deleting a block and adding it to the invalid set, which is not seen in the normal examples provided."
372837,"['1', '1', '7', '1', '3', '4', '3', '4', '3', '4', '2', '2', '2', '13', '14', '1', '12', '11', '2', '2', '5', '6', '6', '6', '6', '15', '5', '5', '5']","[1, 1, 7, 1, 3, 4, 3, 4, 3, 4, 2, 2, 2, 13, 14, 1, 12, 11, 2, 2, 5, 6, 6, 6, 6, 15, 5, 5, 5]",entity,The test sequence deviates from the normal execution workflows as it introduces a new action of repetitively deleting a block and adding it to the invalid set. This abnormal behavior is not present in any of the normal example sequences provided.
372965,"['1', '7', '1', '1', '3', '4', '3', '4', '3', '4', '2', '2', '2', '10', '6', '6', '6', '5', '5', '5', '15']","[1, 7, 1, 1, 3, 4, 3, 4, 3, 4, 2, 2, 2, 10, 6, 6, 6, 5, 5, 5, 15]",entity,"The test sequence includes an additional step not present in any of the normal example sequences, specifically the 'Error deleting block blk_' step. This deviation from the normal flow indicates an abnormal execution workflow."
373618,"['1', '1', '7', '1', '3', '4', '3', '4', '3', '4', '2', '2', '19', '2', '6', '6', '6', '5', '5', '5']",[19],status,"The log message indicates a SocketTimeoutException, which is an abnormal condition indicating a timeout while waiting for a channel to be ready for read."
373731,"['1', '7', '1', '1', '3', '4', '3', '4', '3', '4', '2', '2', '2', '6', '6', '6', '5', '5', '5', '15']","[1, 7, 1, 1, 3, 4, 3, 4, 3, 4, 2, 2, 2, 6, 6, 6, 5, 5, 5, 15]",entity,The test sequence includes an additional step at the end (Error deleting block blk_) that is not present in any of the normal example sequences. This deviation indicates an abnormal execution workflow.
374123,"['1', '1', '1', '7', '3', '4', '3', '4', '3', '4', '2', '2', '2', '19', '6', '6', '6', '5', '5', '5']",[19],status,"The log message indicates a SocketTimeoutException, which is an abnormal condition indicating a timeout while waiting for a channel to be ready for read."
374329,"['1', '1', '7', '1', '3', '4', '3', '4', '3', '4', '2', '2', '2', '13', '14', '1', '12', '11', '2', '2', '5', '6', '6', '6', '5', '5', '5']","[1, 1, 7, 1, 3, 4, 3, 4, 3, 4, 2, 2, 2, 13, 14, 1, 12, 11, 2, 2, 5, 6, 6, 6, 5, 5, 5]",entity,"The test sequence includes additional actions such as deleting a block that was added to an invalid set and repeating this action multiple times, which is not present in any of the normal example sequences. This deviation from the normal execution flow indicates an abnormal workflow."
374753,"['1', '1', '7', '1', '3', '4', '3', '4', '3', '4', '2', '2', '2', '6', '6', '6', '5', '5', '15', '5']","[1, 1, 7, 1, 3, 4, 3, 4, 3, 4, 2, 2, 2, 6, 6, 6, 5, 5, 15, 5]",entity,The test sequence includes an additional step of 'Error deleting block blk_' which is not present in any of the normal example sequences. This indicates a deviation from the expected normal execution workflow.
375800,"['1', '1', '1', '7', '3', '4', '3', '4', '3', '4', '2', '2', '2', '13', '14', '1', '11', '12', '2', '2', '5', '6', '6', '6', '5', '5', '5']","[1, 1, 1, 7, 3, 4, 3, 4, 3, 4, 2, 2, 2, 13, 14, 1, 11, 12, 2, 2, 5, 6, 6, 6, 5, 5, 5]",entity,"The test sequence includes additional actions such as deleting a block that was added to an invalid set and repeating this action three times in a sequential manner, which is not present in any of the normal example sequences. This deviation from the normal flow indicates an abnormal execution workflow."
375881,"['1', '1', '1', '7', '3', '4', '3', '4', '3', '4', '2', '2', '2', '13', '14', '1', '11', '12', '2', '2', '5', '6', '6', '6', '5', '5', '5']","[1, 1, 1, 7, 3, 4, 3, 4, 3, 4, 2, 2, 2, 13, 14, 1, 11, 12, 2, 2, 5, 6, 6, 6, 5, 5, 5]",entity,"The test sequence includes additional actions such as deleting a block that was added to an invalid set and repeating this action three times in a sequential manner, which is not present in any of the normal example sequences. This deviation from the normal flow indicates an abnormal execution workflow."
376165,"['1', '1', '7', '1', '3', '4', '3', '4', '3', '4', '2', '2', '2', '13', '14', '1', '11', '12', '2', '2', '5', '6', '6', '6', '6', '5', '15', '5', '5']","[1, 1, 7, 1, 3, 4, 3, 4, 3, 4, 2, 2, 2, 13, 14, 1, 11, 12, 2, 2, 5, 6, 6, 6, 6, 5, 15, 5, 5]",entity,"The test sequence includes abnormal behavior where the system is repetitively performing the action of deleting a block and adding it to the invalid set, which is not present in any of the normal example sequences. Additionally, the occurrence of an error message 'Error deleting block blk_' indicates an abnormal workflow."
376395,"['1', '7', '1', '1', '3', '4', '3', '4', '3', '4', '2', '2', '2', '13', '14', '1', '11', '12', '2', '2', '5', '6', '6', '6', '5', '5', '5']","[1, 7, 1, 1, 3, 4, 3, 4, 3, 4, 2, 2, 2, 13, 14, 1, 11, 12, 2, 2, 5, 6, 6, 6, 5, 5, 5]",entity,"The test sequence includes additional steps such as deleting a block that was added to an invalid set and repeating this action multiple times, which is not present in any of the normal example sequences. This abnormal behavior indicates a deviation from the expected normal execution workflows."
376824,"['1', '7']","[1, 7]",entity,"The test sequence is abnormal because it starts with 'receiving block blk_' instead of the typical starting point 'NameSystem allocateBlock'. Additionally, the order of processes in the test sequence is different from the normal example sequences provided."
376900,"['1', '1', '1', '7', '3', '4', '3', '4', '3', '4', '2', '2', '2', '6', '6', '6', '5', '5', '5', '15']","[1, 1, 1, 7, 3, 4, 3, 4, 3, 4, 2, 2, 2, 6, 6, 6, 5, 5, 5, 15]",entity,"The test sequence includes an error in the deletion of block blk_, which is not present in any of the normal example sequences. This deviation from the normal flow indicates an abnormal execution workflow."
377169,"['1', '1', '1', '7', '3', '4', '3', '4', '3', '4', '2', '2', '2', '6', '6', '6', '5', '5', '5', '15']","[1, 1, 1, 7, 3, 4, 3, 4, 3, 4, 2, 2, 2, 6, 6, 6, 5, 5, 5, 15]",entity,"The test sequence includes an error in the deletion of block blk_, which is not present in any of the normal example sequences. This deviation from the normal flow indicates an abnormal execution workflow."
377272,"['1', '1', '7', '1', '3', '4', '3', '4', '3', '4', '2', '2', '2', '6', '6', '6', '5', '5', '5', '15']","[1, 1, 7, 1, 3, 4, 3, 4, 3, 4, 2, 2, 2, 6, 6, 6, 5, 5, 5, 15]",entity,The test sequence includes an additional step '7: Error deleting block blk_' which is not present in any of the normal example sequences. This indicates an abnormal execution workflow.
377460,"['1', '1', '7', '16']",[16],status,"The log message indicates an exception due to a socket timeout while waiting for a channel to be ready, which is not a normal execution process."
377569,"['1', '1', '1', '7', '3', '4', '3', '4', '2', '2', '3', '4', '2', '6', '6', '6', '5', '5', '5', '15']","[1, 1, 1, 7, 3, 4, 3, 4, 2, 2, 3, 4, 2, 6, 6, 6, 5, 5, 5, 15]",entity,"The test sequence deviates from the normal execution workflows seen in the example sequences by introducing an 'Error deleting block blk_' step at the end, which is not present in any of the normal sequences. This abnormal step indicates a deviation from the expected flow and suggests an abnormal execution workflow."
378022,"['1', '1', '1', '7', '3', '4', '3', '4', '3', '4', '2', '2', '2', '13', '14', '1', '12', '11', '2', '2', '5', '6', '6', '6', '6', '15', '5', '5', '5']","[1, 1, 1, 7, 3, 4, 3, 4, 3, 4, 2, 2, 2, 13, 14, 1, 12, 11, 2, 2, 5, 6, 6, 6, 6, 15, 5, 5, 5]",entity,"The test sequence deviates from the normal execution workflows as it introduces new actions such as repetitively performing the action of deleting a block and adding it to the invalid set, which is not present in any of the normal examples. This abnormal behavior indicates that the test sequence represents an abnormal execution workflow."
378372,"['1', '7', '1', '1', '3', '4', '3', '4', '3', '4', '2', '2', '2', '6', '6', '6', '5', '5', '15', '5']","[1, 7, 1, 1, 3, 4, 3, 4, 3, 4, 2, 2, 2, 6, 6, 6, 5, 5, 15, 5]",entity,The test sequence includes an additional step of 'Error deleting block blk_' which is not present in any of the normal example sequences. This deviation from the normal workflow indicates an abnormal execution flow.
378512,"['1', '1', '1', '7', '17', '3', '4', '17', '3', '4', '17', '3', '4', '2', '2', '2', '6', '6', '6', '5', '5', '5']",[17],status,"The log message indicates a SocketTimeoutException which suggests a timeout while waiting for a channel to be ready for write, which is abnormal behavior."
378551,"['1', '1', '1', '7', '3', '4', '3', '4', '3', '4', '2', '2', '2', '6', '6', '6', '5', '5', '5', '15']","[1, 1, 1, 7, 3, 4, 3, 4, 3, 4, 2, 2, 2, 6, 6, 6, 5, 5, 5, 15]",entity,"The test sequence includes an error in the deletion of block blk_, which is not present in any of the normal example sequences. This deviation from the normal flow indicates an abnormal execution workflow."
378782,"['1', '1', '1', '7', '3', '4', '3', '4', '2', '2', '3', '4', '2', '6', '6', '6', '5', '5', '5', '15']","[1, 1, 1, 7, 3, 4, 3, 4, 2, 2, 3, 4, 2, 6, 6, 6, 5, 5, 5, 15]",entity,"The test sequence deviates from the normal execution workflows seen in the example sequences by introducing an 'Error deleting block blk_' step at the end, which is not present in any of the normal sequences. This abnormal step indicates a deviation from the expected flow and suggests an abnormal execution workflow."
379456,"['1', '1', '3', '4', '3', '4', '1', '3', '4', '2', '2', '2', '7', '6', '6', '6', '5', '5', '5']","[1, 1, 3, 4, 3, 4, 1, 3, 4, 2, 2, 2, 7, 6, 6, 6, 5, 5, 5]",entity,"The test sequence deviates from the normal examples by involving receiving blocks from an unknown source in a different order, executing tasks in a different manner, and adding a stored block before allocating a block in the NameSystem. Additionally, the test sequence does not follow the pattern of alternating between initiating PacketResponders and receiving blocks as seen in the normal examples."
379725,"['1', '7']","[1, 7]",entity,"The test sequence is abnormal because it starts with 'receiving block blk_' instead of the typical starting point 'NameSystem allocateBlock'. Additionally, the order of processes in the test sequence is different from the normal example sequences provided."
379884,"['1', '1', '1', '7', '3', '4', '3', '4', '3', '4', '2', '2', '2', '13', '14', '1', '11', '12', '2', '2', '5', '6', '6', '6', '6', '5', '5', '15', '5']","[1, 1, 1, 7, 3, 4, 3, 4, 3, 4, 2, 2, 2, 13, 14, 1, 11, 12, 2, 2, 5, 6, 6, 6, 6, 5, 5, 15, 5]",entity,"The test sequence deviates from the normal flows execution workflows seen in the examples provided. In the normal examples, the sequences involve a consistent pattern of receiving/transmitting blocks, adding stored blocks, and replicating blocks. However, the test sequence introduces new actions such as repetitively deleting and adding blocks, which is not present in the normal examples. This abnormal behavior indicates a deviation from the expected workflow patterns."
380397,"['1', '1', '7', '16']",[16],status,"The log message indicates an exception due to a socket timeout while waiting for a channel to be ready, which is not a normal execution process."
380926,"['1', '7', '1', '1', '3', '4', '4', '4', '2', '2', '3', '3', '2', '6', '6', '6', '5', '5', '5']","[4, 4, 4]",status,The test sequence includes an additional step of receiving a block compared to the normal examples. This indicates a deviation from the expected normal flow and suggests an abnormal execution workflow.
381870,"['1', '1', '1', '7', '3', '4', '3', '4', '3', '4', '2', '2', '2', '6', '6', '6', '5', '5', '5', '15']","[1, 1, 1, 7, 3, 4, 3, 4, 3, 4, 2, 2, 2, 6, 6, 6, 5, 5, 5, 15]",entity,"The test sequence includes an error in the deletion of block blk_, which is not present in any of the normal example sequences. This deviation from the normal flow indicates an abnormal execution workflow."
381981,"['1', '7']","[1, 7]",entity,"The test sequence is abnormal because it starts with 'receiving block blk_' instead of the typical starting point 'NameSystem allocateBlock'. Additionally, the order of processes in the test sequence is different from the normal example sequences provided."
382010,"['1', '1', '7', '1', '3', '4', '3', '4', '3', '4', '2', '2', '2', '6', '6', '6', '5', '5', '5', '15']","[1, 1, 7, 1, 3, 4, 3, 4, 3, 4, 2, 2, 2, 6, 6, 6, 5, 5, 5, 15]",entity,The test sequence includes an additional step '7: Error deleting block blk_' which is not present in any of the normal example sequences. This indicates an abnormal execution workflow.
382097,"['1', '1', '7', '16']",[16],status,"The log message indicates an exception due to a socket timeout while waiting for a channel to be ready, which is not a normal execution process."
382742,"['1', '1', '1', '7', '3', '4', '3', '4', '2', '3', '4', '2', '2', '13', '14', '1', '12', '11', '2', '2', '5', '6', '6', '6', '5', '5', '5']","[1, 1, 1, 7, 3, 4, 3, 4, 2, 3, 4, 2, 2, 13, 14, 1, 12, 11, 2, 2, 5, 6, 6, 6, 5, 5, 5]",entity,"The test sequence includes additional steps such as deleting a block that was added to an invalid set and this action being repeated multiple times, which is not present in any of the normal example sequences. This deviation from the normal flow indicates an abnormal execution workflow."
382851,"['1', '1', '1', '7', '3', '4', '3', '4', '3', '4', '2', '2', '2', '14', '13', '1', '11', '12', '2', '2', '5', '6', '6', '6', '6', '5', '15', '5', '5']","[1, 1, 1, 7, 3, 4, 3, 4, 3, 4, 2, 2, 2, 14, 13, 1, 11, 12, 2, 2, 5, 6, 6, 6, 6, 5, 15, 5, 5]",entity,"The test sequence includes abnormal behavior such as repetitive deletion of a block file, error during deletion, and inconsistent actions compared to the normal example sequences. These anomalies indicate that the test sequence does not follow the expected normal execution workflows."
383131,"['1', '7']","[1, 7]",entity,"The test sequence is abnormal because it starts with 'receiving block blk_' instead of the typical starting point 'NameSystem allocateBlock'. Additionally, the order of processes in the test sequence is different from the normal example sequences provided."
383632,"['1', '1', '1', '7', '3', '4', '3', '4', '2', '2', '3', '4', '2', '6', '6', '6', '5', '5', '15', '5']","[1, 1, 1, 7, 3, 4, 3, 4, 2, 2, 3, 4, 2, 6, 6, 6, 5, 5, 15, 5]",entity,"The test sequence involves several inconsistencies with the normal example sequences, such as the presence of an unknown source for receiving a block, the error in deleting a block, and the additional step of error deletion. These deviations indicate an abnormal execution workflow."
383855,"['1', '7', '1', '1', '3', '4', '3', '4', '3', '4', '2', '2', '2', '13', '14', '1', '11', '12', '2', '2', '5', '6', '6', '6', '6', '5', '5', '15', '5']","[1, 7, 1, 1, 3, 4, 3, 4, 3, 4, 2, 2, 2, 13, 14, 1, 11, 12, 2, 2, 5, 6, 6, 6, 6, 5, 5, 15, 5]",entity,"The test sequence contains actions that are not present in any of the normal example sequences, such as repetitively performing the action of deleting a block and adding it to the invalid set. This abnormal behavior deviates from the usual flow observed in the normal example sequences."
383859,"['1', '1', '1', '7', '2', '3', '4', '3', '4', '3', '4', '2', '2', '13', '14', '1', '11', '12', '2', '2', '5', '6', '6', '6', '5', '5', '5']","[1, 1, 1, 7, 2, 3, 4, 3, 4, 3, 4, 2, 2, 13, 14, 1, 11, 12, 2, 2, 5, 6, 6, 6, 5, 5, 5]",entity,"The test sequence deviates from the normal execution workflows as it involves additional steps such as deleting a block that was added to an invalid set and executing a series of operations where a block file was deleted in three consecutive steps, which are not present in any of the normal example sequences."
384041,"['1', '1', '7', '1', '3', '4', '2', '3', '4', '3', '4', '2', '2', '13', '14', '27', '13', '14', '1', '11', '12', '2', '2', '5', '6', '6', '6', '5', '5', '5']",[27],status,"The log message indicates serving a block, which is a normal process in execution. However, the specific block and destination may raise concerns for further investigation."
384503,"['1', '1', '7', '1', '3', '4', '3', '4', '3', '4', '2', '2', '2', '13', '14', '1', '11', '12', '2', '2', '5', '6', '6', '6', '6', '5', '5', '15', '5']","[1, 1, 7, 1, 3, 4, 3, 4, 3, 4, 2, 2, 2, 13, 14, 1, 11, 12, 2, 2, 5, 6, 6, 6, 6, 5, 5, 15, 5]",entity,"The test sequence includes abnormal actions such as repetitively deleting a block and adding it to the invalid set, which does not align with the normal execution workflows observed in the example sequences. Additionally, the presence of an error deleting block indicates an anomaly in the workflow."
384528,"['1', '1', '7', '1', '3', '4', '3', '4', '2', '2', '3', '4', '2', '13', '14', '1', '11', '12', '2', '2', '5', '6', '6', '6', '6', '15', '5', '5', '5']","[1, 1, 7, 1, 3, 4, 3, 4, 2, 2, 3, 4, 2, 13, 14, 1, 11, 12, 2, 2, 5, 6, 6, 6, 6, 15, 5, 5, 5]",entity,"The test sequence includes abnormal behaviors such as repetitively deleting and adding a block to the invalid set, which is not present in any of the normal example sequences. This abnormal behavior indicates a deviation from the expected normal execution workflows."
384859,"['7', '1', '1', '1', '3', '4', '3', '4', '2', '2', '3', '4', '2', '13', '14', '1', '11', '12', '2', '2', '5', '6', '6', '6', '6', '5', '15', '5', '5']","[7, 1, 1, 1, 3, 4, 3, 4, 2, 2, 3, 4, 2, 13, 14, 1, 11, 12, 2, 2, 5, 6, 6, 6, 6, 5, 15, 5, 5]",entity,"The test sequence involves abnormal behavior where the system is repetitively performing the action of deleting a block and adding it to the invalid set, which is not seen in the normal example sequences. Additionally, the error 'Error deleting block blk_' is encountered, indicating an abnormal workflow."
385036,"['1', '1', '7', '1', '3', '4', '3', '4', '3', '4', '2', '2', '2', '6', '6', '6', '5', '5', '15', '5']","[1, 1, 7, 1, 3, 4, 3, 4, 3, 4, 2, 2, 2, 6, 6, 6, 5, 5, 15, 5]",entity,The test sequence includes an additional step of 'Error deleting block blk_' which is not present in any of the normal example sequences. This indicates a deviation from the expected normal execution workflow.
385043,"['1', '1', '1', '7', '3', '4', '3', '4', '2', '2', '2', '3', '4', '6', '6', '6', '5', '5', '15', '5']","[1, 1, 1, 7, 3, 4, 3, 4, 2, 2, 2, 3, 4, 6, 6, 6, 5, 5, 15, 5]",entity,"The test sequence includes an error in deleting block blk_, which is not part of the normal example sequences. Additionally, the test sequence does not follow the same pattern of alternating actions between initiating PacketResponders and receiving blocks as seen in the normal sequences."
385131,"['1', '1', '7', '1', '17', '3', '4', '17', '3', '4', '17', '3', '4', '2', '2', '2', '6', '6', '6', '5', '5', '5']",[17],status,"The log message indicates a SocketTimeoutException which suggests a timeout while waiting for a channel to be ready for write, which is abnormal behavior."
386374,"['1', '1', '1', '7', '3', '4', '3', '4', '3', '4', '2', '2', '2', '13', '14', '1', '11', '12', '2', '2', '5', '6', '6', '6', '5', '5', '5']","[1, 1, 1, 7, 3, 4, 3, 4, 3, 4, 2, 2, 2, 13, 14, 1, 11, 12, 2, 2, 5, 6, 6, 6, 5, 5, 5]",entity,"The test sequence includes additional actions such as deleting a block that was added to an invalid set and repeating this action three times in a sequential manner, which is not present in any of the normal example sequences. This deviation from the normal flow indicates an abnormal execution workflow."
387256,"['1', '1', '7', '1', '3', '4', '3', '4', '3', '4', '2', '2', '2', '6', '6', '6', '5', '15', '5', '5']","[1, 1, 7, 1, 3, 4, 3, 4, 3, 4, 2, 2, 2, 6, 6, 6, 5, 15, 5, 5]",entity,The test sequence includes an additional step of 'Error deleting block blk_' which is not present in any of the normal example sequences. This indicates an abnormal flow in the execution workflow.
387257,"['1', '7']","[1, 7]",entity,"The test sequence is abnormal because it starts with 'receiving block blk_' instead of the typical starting point 'NameSystem allocateBlock'. Additionally, the order of processes in the test sequence is different from the normal example sequences provided."
387290,"['1', '7', '1', '1', '3', '4', '3', '4', '2', '2', '2', '3', '4', '13', '14', '1', '12', '11', '2', '2', '5', '6', '6', '6', '6', '5', '5', '15', '5']","[1, 7, 1, 1, 3, 4, 3, 4, 2, 2, 2, 3, 4, 13, 14, 1, 12, 11, 2, 2, 5, 6, 6, 6, 6, 5, 5, 15, 5]",entity,"The test sequence deviates from the normal execution workflows as it includes abnormal actions such as repetitively deleting a block and adding it to the invalid set, which is not present in the normal examples. Additionally, the presence of error messages like 'Error deleting block blk_' indicates an abnormal workflow."
387425,"['1', '1', '1', '7', '3', '4', '3', '4', '3', '4', '2', '2', '2', '13', '14', '1', '11', '12', '2', '2', '5', '6', '6', '6', '5', '5', '5']","[1, 1, 1, 7, 3, 4, 3, 4, 3, 4, 2, 2, 2, 13, 14, 1, 11, 12, 2, 2, 5, 6, 6, 6, 5, 5, 5]",entity,"The test sequence includes additional actions such as deleting a block that was added to an invalid set and repeating this action three times in a sequential manner, which is not present in any of the normal example sequences. This deviation from the normal flow indicates an abnormal execution workflow."
387432,"['1', '1', '1', '7', '3', '4', '3', '4', '3', '4', '2', '2', '2', '6', '6', '6', '5', '5', '15', '5']","[1, 1, 1, 7, 3, 4, 3, 4, 3, 4, 2, 2, 2, 6, 6, 6, 5, 5, 15, 5]",entity,The test sequence includes an additional step of 'Error deleting block blk_' which is not present in any of the normal example sequences. This deviation indicates an abnormal execution workflow.
388215,"['1', '1', '1', '7', '3', '4', '3', '4', '2', '3', '4', '2', '2', '6', '6', '6', '5', '5', '5', '15']","[1, 1, 1, 7, 3, 4, 3, 4, 2, 3, 4, 2, 2, 6, 6, 6, 5, 5, 5, 15]",entity,"The test sequence includes several inconsistencies compared to the normal example sequences. In the normal examples, there is a clear and consistent workflow of receiving blocks, initiating PacketResponders, adding stored blocks, and deleting block files. However, in the test sequence, there are instances of initiating PacketResponders at different points, receiving blocks from unknown sources, and an error in deleting a block. These deviations from the normal workflows indicate an abnormal execution path."
388641,"['1', '7', '1', '1', '17', '3', '4', '17', '3', '4', '17', '3', '4', '2', '2', '2', '6', '6', '6', '5', '5', '5']",[17],status,"The log message indicates a SocketTimeoutException which suggests a timeout while waiting for a channel to be ready for write, which is abnormal behavior."
388791,"['1', '7']","[1, 7]",entity,"The test sequence is abnormal because it starts with 'receiving block blk_' instead of the typical starting point 'NameSystem allocateBlock'. Additionally, the order of processes in the test sequence is different from the normal example sequences provided."
388797,"['1', '7', '1', '1', '3', '4', '3', '4', '3', '4', '2', '2', '2', '10', '6', '6', '6', '10', '5', '5', '5']","[10, 6, 6, 6, 10]",action,"The test sequence contains a different order of processes compared to the normal examples. In the normal examples, the action of deleting a block that was added to an invalid set always comes after successful verification, while in the test sequence it comes before successful verification."
388928,"['1', '1', '1', '7', '3', '4', '3', '4', '2', '2', '3', '4', '2', '6', '6', '6', '5', '5', '5', '15']","[1, 1, 1, 7, 3, 4, 3, 4, 2, 2, 3, 4, 2, 6, 6, 6, 5, 5, 5, 15]",entity,"The test sequence deviates from the normal execution workflows seen in the example sequences by introducing an 'Error deleting block blk_' step at the end, which is not present in any of the normal sequences. This abnormal step indicates a deviation from the expected flow and suggests an abnormal execution workflow."
389019,"['1', '1', '1', '7', '3', '3', '4', '4', '3', '4', '2', '2', '2', '10', '6', '6', '6', '5', '5', '5', '15']","[1, 1, 1, 7, 3, 3, 4, 4, 3, 4, 2, 2, 2, 10, 6, 6, 6, 5, 5, 5, 15]",entity,The test sequence includes an error deleting a block which is not present in any of the normal example sequences. This deviation from the normal flow indicates an abnormal execution workflow.
389040,"['1', '1', '1', '7', '3', '4', '3', '4', '3', '4', '2', '2', '2', '6', '6', '6', '5', '5', '15', '5']","[1, 1, 1, 7, 3, 4, 3, 4, 3, 4, 2, 2, 2, 6, 6, 6, 5, 5, 15, 5]",entity,The test sequence includes an additional step of 'Error deleting block blk_' which is not present in any of the normal example sequences. This deviation indicates an abnormal execution workflow.
389222,"['1', '7', '1', '1', '3', '4', '3', '4', '2', '2', '2', '3', '4', '6', '6', '6', '5', '5', '5', '15']","[1, 7, 1, 1, 3, 4, 3, 4, 2, 2, 2, 3, 4, 6, 6, 6, 5, 5, 5, 15]",entity,The test sequence includes an additional step 'Error deleting block blk_' that is not present in any of the normal example sequences. This indicates an abnormal execution workflow compared to the normal flows provided.
389799,"['1', '1', '1', '7', '3', '4', '3', '4', '2', '2', '3', '4', '2', '13', '14', '1', '12', '11', '2', '2', '5', '6', '6', '6', '5', '5', '5']","[1, 1, 1, 7, 3, 4, 3, 4, 2, 2, 3, 4, 2, 13, 14, 1, 12, 11, 2, 2, 5, 6, 6, 6, 5, 5, 5]",entity,"The test sequence contains additional steps that are not present in any of the normal example sequences, such as deleting a block that was added to an invalid set and executing a series of operations for deleting a block file in three consecutive steps. These additional steps indicate deviations from the normal execution workflows."
389897,"['1', '1', '7', '1', '3', '4', '3', '4', '3', '4', '2', '2', '2', '6', '6', '6', '5', '5', '5', '15']","[1, 1, 7, 1, 3, 4, 3, 4, 3, 4, 2, 2, 2, 6, 6, 6, 5, 5, 5, 15]",entity,The test sequence includes an additional step '7: Error deleting block blk_' which is not present in any of the normal example sequences. This indicates an abnormal execution workflow.
390466,"['1', '1', '1', '7', '3', '4', '3', '4', '3', '4', '2', '2', '2', '13', '14', '1', '11', '12', '2', '2', '5', '6', '6', '6', '6', '5', '5', '15', '5']","[1, 1, 1, 7, 3, 4, 3, 4, 3, 4, 2, 2, 2, 13, 14, 1, 11, 12, 2, 2, 5, 6, 6, 6, 6, 5, 5, 15, 5]",entity,"The test sequence deviates from the normal flows execution workflows seen in the examples provided. In the normal examples, the sequences involve a consistent pattern of receiving/transmitting blocks, adding stored blocks, and replicating blocks. However, the test sequence introduces new actions such as repetitively deleting and adding blocks, which is not present in the normal examples. This abnormal behavior indicates a deviation from the expected workflow patterns."
391491,"['1', '7', '1', '1', '3', '4', '3', '4', '3', '4', '2', '2', '2', '13', '14', '1', '12', '11', '2', '2', '5', '6', '6', '6', '5', '5', '5']","[1, 7, 1, 1, 3, 4, 3, 4, 3, 4, 2, 2, 2, 13, 14, 1, 12, 11, 2, 2, 5, 6, 6, 6, 5, 5, 5]",entity,"The test sequence includes additional actions that were not present in any of the normal example sequences, such as deleting a block that was added to an invalid set and repeating this action multiple times in a sequential manner. This deviation from the normal flows indicates an abnormal execution workflow."
391578,"['7', '1', '1', '1', '3', '4', '3', '4', '3', '4', '2', '2', '2', '13', '14', '1', '11', '12', '2', '2', '5', '6', '6', '6', '5', '5', '5']","[7, 1, 1, 1, 3, 4, 3, 4, 3, 4, 2, 2, 2, 13, 14, 1, 11, 12, 2, 2, 5, 6, 6, 6, 5, 5, 5]",entity,"The test sequence includes additional steps that were not present in any of the normal example sequences. Specifically, steps 9 and 10 involve deleting a block that was added to an invalid set, which is not a part of the normal workflow patterns observed in the example sequences."
391828,"['1', '7', '1', '1', '3', '4', '3', '4', '3', '4', '2', '2', '2', '6', '6', '6', '5', '5', '5', '15']","[1, 7, 1, 1, 3, 4, 3, 4, 3, 4, 2, 2, 2, 6, 6, 6, 5, 5, 5, 15]",entity,The test sequence includes an additional step at the end (Error deleting block blk_) that is not present in any of the normal example sequences. This deviation indicates an abnormal execution workflow.
392269,"['1', '1', '1', '7', '3', '4', '2', '2', '3', '4', '3', '4', '2', '5', '6', '6', '6', '5', '5']","[1, 1, 1, 7, 3, 4, 2, 2, 3, 4, 3, 4, 2, 5, 6, 6, 6, 5, 5]",entity,"The test sequence deviates from the normal execution workflows as seen in the example sequences. In the test sequence, there are inconsistencies in the actions performed after initiating PacketResponders and receiving blocks. This deviation from the expected pattern indicates an abnormal execution workflow."
392318,"['7', '1', '1', '3', '4', '3', '4', '1', '3', '4', '2', '2', '2', '6', '6', '6', '5', '5', '5']","[7, 1, 1, 3, 4, 3, 4, 1, 3, 4, 2, 2, 2, 6, 6, 6, 5, 5, 5]",entity,"The test sequence deviates from the normal flows as it includes different processes and actions that are not present in any of the normal examples. Specifically, the test sequence introduces a new process of receiving block blk_ sequentially from Process 0 to Process 1, which is not seen in any of the normal examples. Additionally, the alternating pattern of initiating PacketResponders and receiving blocks is not consistent with the patterns observed in the normal examples."
392822,"['1', '7']","[1, 7]",entity,"The test sequence is abnormal because it starts with 'receiving block blk_' instead of the typical starting point 'NameSystem allocateBlock'. Additionally, the order of processes in the test sequence is different from the normal example sequences provided."
392863,"['1', '7', '1', '1', '3', '4', '3', '4', '3', '4', '2', '2', '2', '10', '13', '14', '1', '12', '2', '11', '2', '5', '6', '6', '6', '6', '5', '5', '15', '5']","[1, 7, 1, 1, 3, 4, 3, 4, 3, 4, 2, 2, 2, 10, 13, 14, 1, 12, 2, 11, 2, 5, 6, 6, 6, 6, 5, 5, 15, 5]",entity,"The test sequence includes steps such as 'Successful verification for blk_', 'Received block blk_', 'Error deleting block blk_' which are not present in any of the normal example sequences. Additionally, the repetition of deleting and adding a block to the invalid set multiple times is abnormal and not seen in the normal sequences."
392892,"['1', '7', '1', '1', '3', '4', '3', '4', '2', '2', '3', '4', '2', '13', '14', '1', '12', '11', '2', '2', '5', '6', '6', '6', '5', '5', '5']","[1, 7, 1, 1, 3, 4, 3, 4, 2, 2, 3, 4, 2, 13, 14, 1, 12, 11, 2, 2, 5, 6, 6, 6, 5, 5, 5]",entity,"The test sequence includes additional actions such as deleting a block that was added to an invalid set and repeating this action multiple times, which are not present in any of the normal example sequences. This suggests an abnormal execution workflow."
393169,"['1', '1', '7', '16']",[16],status,"The log message indicates an exception due to a socket timeout while waiting for a channel to be ready, which is not a normal execution process."
393352,"['1', '1', '7', '1', '3', '4', '3', '4', '3', '4', '2', '2', '2', '6', '6', '6', '5', '5', '5', '15']","[1, 1, 7, 1, 3, 4, 3, 4, 3, 4, 2, 2, 2, 6, 6, 6, 5, 5, 5, 15]",entity,The test sequence includes an additional step '7: Error deleting block blk_' which is not present in any of the normal example sequences. This indicates an abnormal execution workflow.
393602,"['1', '1', '7', '1', '3', '4', '3', '4', '3', '4', '2', '2', '2', '13', '14', '1', '12', '11', '2', '2', '5', '6', '6', '6', '6', '5', '5', '5', '15']","[1, 1, 7, 1, 3, 4, 3, 4, 3, 4, 2, 2, 2, 13, 14, 1, 12, 11, 2, 2, 5, 6, 6, 6, 6, 5, 5, 5, 15]",entity,"The test sequence includes abnormal actions such as repetitively performing the action of deleting a block and adding it to the invalid set, which is not present in any of the normal example sequences. Additionally, the test sequence contains an error in deleting block blk_, which is an abnormal behavior not seen in the normal examples."
394089,"['1', '1', '1', '7', '3', '4', '3', '4', '3', '4', '2', '2', '2', '13', '14', '1', '11', '12', '2', '2', '5', '6', '6', '6', '5', '5', '5']","[1, 1, 1, 7, 3, 4, 3, 4, 3, 4, 2, 2, 2, 13, 14, 1, 11, 12, 2, 2, 5, 6, 6, 6, 5, 5, 5]",entity,"The test sequence includes additional actions such as deleting a block that was added to an invalid set and repeating this action three times in a sequential manner, which is not present in any of the normal example sequences. This deviation from the normal flow indicates an abnormal execution workflow."
394265,"['1', '1', '1', '7', '17', '3', '4', '17', '3', '4', '17', '3', '4', '2', '2', '2', '6', '6', '6', '5', '5', '5']",[17],status,"The log message indicates a SocketTimeoutException which suggests a timeout while waiting for a channel to be ready for write, which is abnormal behavior."
395359,"['1', '1', '7', '16']",[16],status,"The log message indicates an exception due to a socket timeout while waiting for a channel to be ready, which is not a normal execution process."
396677,"['1', '7', '1', '1', '3', '4', '3', '4', '3', '4', '2', '2', '2', '6', '6', '6', '5', '5', '5', '15']","[1, 7, 1, 1, 3, 4, 3, 4, 3, 4, 2, 2, 2, 6, 6, 6, 5, 5, 5, 15]",entity,The test sequence includes an additional step at the end (Error deleting block blk_) that is not present in any of the normal example sequences. This deviation indicates an abnormal execution workflow.
398334,"['1', '1', '1', '7', '3', '4', '3', '4', '3', '4', '2', '2', '2', '6', '6', '6', '5', '5', '5', '15']","[1, 1, 1, 7, 3, 4, 3, 4, 3, 4, 2, 2, 2, 6, 6, 6, 5, 5, 5, 15]",entity,"The test sequence includes an error in the deletion of block blk_, which is not present in any of the normal example sequences. This deviation from the normal flow indicates an abnormal execution workflow."
401317,"['1', '7', '1', '1', '3', '4', '3', '4', '3', '4', '2', '2', '13', '2', '14', '1', '11', '12', '2', '5', '6', '6', '6', '5', '5', '5']","[1, 7, 1, 1, 3, 4, 3, 4, 3, 4, 2, 2, 13, 2, 14, 1, 11, 12, 2, 5, 6, 6, 6, 5, 5, 5]",entity,"The test sequence includes additional steps such as starting thread to transfer block, NameSystem adding stored block, and deleting block file in a repeated manner, which are not present in any of the normal example sequences. This deviation from the normal execution workflows indicates an abnormal_flows execution workflow."
402041,"['1', '7', '1', '1', '3', '4', '3', '4', '3', '4', '2', '2', '2', '19', '6', '6', '6', '5', '5', '5']",[19],status,"The log message indicates a SocketTimeoutException, which is an abnormal condition indicating a timeout while waiting for a channel to be ready for read."
403124,"['7', '1']","[7, 1]",entity,"The test sequence deviates from the normal flows as it does not follow the sequential pattern of handling and receiving blocks as seen in the normal example sequences. In the normal examples, there is a consistent flow of handling and receiving blocks in a specific order, but the test sequence only includes handling and receiving one block which is different from the expected pattern."
405984,"['1', '1', '1', '7', '3', '4', '3', '4', '3', '4', '2', '2', '19', '2', '6', '6', '6', '5', '5', '5']",[19],status,"The log message indicates a SocketTimeoutException, which is an abnormal condition indicating a timeout while waiting for a channel to be ready for read."
406451,"['1', '1', '7', '16']",[16],status,"The log message indicates an exception due to a socket timeout while waiting for a channel to be ready, which is not a normal execution process."
407529,"['1', '7', '1', '1', '3', '4', '3', '4', '3', '4', '2', '2', '19', '2', '6', '6', '6', '5', '5', '5']",[19],status,"The log message indicates a SocketTimeoutException, which is an abnormal condition indicating a timeout while waiting for a channel to be ready for read."
408160,"['1', '7']","[1, 7]",entity,"The test sequence is abnormal because it starts with 'receiving block blk_' instead of the typical starting point 'NameSystem allocateBlock'. Additionally, the order of processes in the test sequence is different from the normal example sequences provided."
408432,"['1', '1', '1', '7', '3', '4', '3', '4', '3', '4', '2', '2', '14', '13', '1', '2', '19', '12', '11', '2', '5', '6', '6', '6', '5', '5', '5']",[19],status,"The log message indicates a SocketTimeoutException, which is an abnormal condition indicating a timeout while waiting for a channel to be ready for read."
409506,"['1', '1', '1', '7', '3', '4', '3', '4', '2', '3', '4', '2', '2', '19', '6', '6', '6', '5', '5', '5']",[19],status,"The log message indicates a SocketTimeoutException, which is an abnormal condition indicating a timeout while waiting for a channel to be ready for read."
410101,"['7', '1', '1', '16']",[16],status,"The log message indicates an exception due to a socket timeout while waiting for a channel to be ready, which is not a normal execution process."
410735,"['1', '7', '1', '1', '3', '4', '4', '4', '2', '2', '2', '3', '3', '6', '6', '6', '5', '5', '5']","[4, 4, 4]",status,The test sequence includes an additional step of receiving a block compared to the normal examples. This indicates a deviation from the expected normal flow and suggests an abnormal execution workflow.
412992,"['1', '7', '1', '1', '3', '4', '3', '4', '2', '3', '4', '2', '2', '6', '6', '6', '5', '5', '5', '15']","[1, 7, 1, 1, 3, 4, 3, 4, 2, 3, 4, 2, 2, 6, 6, 6, 5, 5, 5, 15]",entity,"The test sequence deviates from the normal flows as seen in the examples. In the normal examples, the sequence involves receiving blocks and handling them in a sequential manner, followed by adding stored blocks and deleting them. However, in the test sequence, the actions are not consistent with the expected flow. For example, initiating PacketResponders and receiving blocks from unknown sources are not part of the normal flow. Additionally, the occurrence of an error while deleting a block further indicates an abnormal execution flow."
413665,"['1', '1', '7', '16']",[16],status,"The log message indicates an exception due to a socket timeout while waiting for a channel to be ready, which is not a normal execution process."
414515,"['1', '1', '7', '1', '13', '3', '4', '3', '4', '3', '4', '2', '2', '2', '14', '1', '11', '12', '2', '5', '6', '6', '6', '5', '5', '5']","[1, 1, 7, 1, 13, 3, 4, 3, 4, 3, 4, 2, 2, 2, 14, 1, 11, 12, 2, 5, 6, 6, 6, 5, 5, 5]",entity,"The test sequence includes new processes such as BLOCK* asks datanode(s) to replicate, Starting thread to transfer block, and NameSystem adding stored block which are not present in any of the normal example sequences. Additionally, the sequence does not follow the expected pattern of receiving block blk_ sequentially, allocating block, initiating PacketResponder, and performing block verification and deletion operations."
414557,"['1', '7', '1', '1', '17', '17', '3', '4', '3', '4', '17', '3', '4', '2', '2', '2', '6', '6', '6', '5', '5', '5']","[17, 17]",status,"The log message indicates a SocketTimeoutException which suggests a timeout while waiting for a channel to be ready for write, which is abnormal behavior."
414650,"['1', '7', '1', '1', '3', '4', '2', '3', '4', '3', '4', '2', '2', '6', '6', '6', '5', '5', '5', '15']","[1, 7, 1, 1, 3, 4, 2, 3, 4, 3, 4, 2, 2, 6, 6, 6, 5, 5, 5, 15]",entity,"The test sequence includes several inconsistencies compared to the normal example sequences. In the normal examples, the system consistently follows a specific order of actions such as receiving blocks, initiating PacketResponders, adding stored blocks, and deleting blocks in a sequential manner. However, in the test sequence, there are deviations such as receiving a block from an unknown source, errors in the block deletion process, and inconsistencies in the order of actions. These deviations indicate that the test sequence is not following the expected normal execution workflow, hence it is classified as abnormal."
416054,"['1', '1', '7', '1', '3', '4', '3', '4', '3', '4', '2', '2', '13', '2', '14', '1', '11', '12', '2', '5', '6', '6', '6', '5', '5', '5']","[1, 1, 7, 1, 3, 4, 3, 4, 3, 4, 2, 2, 13, 2, 14, 1, 11, 12, 2, 5, 6, 6, 6, 5, 5, 5]",entity,"The test sequence includes actions that are not present in any of the normal example sequences, such as 'NameSystem adding stored block' after 'Starting thread to transfer block', 'NameSystem adding stored block' after 'BLOCK* asks datanode(s) to replicate', and 'The sequence involves the action of deleting a block that was added to an invalid set. This action is repeated three times in a sequential manner.' These deviations from the normal sequences indicate an abnormal execution workflow."
416249,"['1', '1', '7', '16']",[16],status,"The log message indicates an exception due to a socket timeout while waiting for a channel to be ready, which is not a normal execution process."
416613,"['1', '1', '7', '16']",[16],status,"The log message indicates an exception due to a socket timeout while waiting for a channel to be ready, which is not a normal execution process."
416958,"['1', '1', '7', '1', '3', '4', '3', '4', '3', '4', '2', '2', '19', '2', '6', '6', '6', '5', '5', '5']",[19],status,"The log message indicates a SocketTimeoutException, which is an abnormal condition indicating a timeout while waiting for a channel to be ready for read."
418183,"['1', '7', '1', '16']",[16],status,"The log message indicates an exception due to a socket timeout while waiting for a channel to be ready, which is not a normal execution process."
418593,"['1', '7', '1', '16']",[16],status,"The log message indicates an exception due to a socket timeout while waiting for a channel to be ready, which is not a normal execution process."
420529,"['1', '7', '1', '16']",[16],status,"The log message indicates an exception due to a socket timeout while waiting for a channel to be ready, which is not a normal execution process."
420858,"['1', '1', '7', '1', '20', '3', '4', '3', '4', '3', '4', '2', '2', '21', '2', '1', '1', '11', '11', '2', '2', '12', '5', '5', '6', '6', '6', '6', '5', '5', '5', '15']",[20],status,"The log message indicates an error in handling a packet responder for a specific block, which is abnormal and may require further investigation."
420906,"['1', '1', '7', '16']",[16],status,"The log message indicates an exception due to a socket timeout while waiting for a channel to be ready, which is not a normal execution process."
420912,"['1', '7', '1', '16']",[16],status,"The log message indicates an exception due to a socket timeout while waiting for a channel to be ready, which is not a normal execution process."
421289,"['7', '1']","[7, 1]",entity,"The test sequence deviates from the normal flows as it does not follow the sequential pattern of handling and receiving blocks as seen in the normal example sequences. In the normal examples, there is a consistent flow of handling and receiving blocks in a specific order, but the test sequence only includes handling and receiving one block which is different from the expected pattern."
422711,"['1', '7', '1', '1', '3', '4', '3', '4', '3', '4', '2', '2', '2', '6', '6', '6', '5', '5', '5', '15']","[1, 7, 1, 1, 3, 4, 3, 4, 3, 4, 2, 2, 2, 6, 6, 6, 5, 5, 5, 15]",entity,The test sequence includes an additional step at the end (Error deleting block blk_) that is not present in any of the normal example sequences. This deviation indicates an abnormal execution workflow.
423413,"['1', '7']","[1, 7]",entity,"The test sequence is abnormal because it starts with 'receiving block blk_' instead of the typical starting point 'NameSystem allocateBlock'. Additionally, the order of processes in the test sequence is different from the normal example sequences provided."
424987,"['1', '7']","[1, 7]",entity,"The test sequence is abnormal because it starts with 'receiving block blk_' instead of the typical starting point 'NameSystem allocateBlock'. Additionally, the order of processes in the test sequence is different from the normal example sequences provided."
425362,"['1', '7', '1', '16']",[16],status,"The log message indicates an exception due to a socket timeout while waiting for a channel to be ready, which is not a normal execution process."
427185,"['7', '1', '1', '16']",[16],status,"The log message indicates an exception due to a socket timeout while waiting for a channel to be ready, which is not a normal execution process."
427471,"['7', '1', '1', '1', '3', '4', '3', '4', '3', '4', '2', '2', '2', '6', '6', '6', '5', '5', '5', '15']","[7, 1, 1, 1, 3, 4, 3, 4, 3, 4, 2, 2, 2, 6, 6, 6, 5, 5, 5, 15]",entity,The test sequence includes an additional step (Error deleting block blk_) that is not present in any of the normal example sequences. This deviation from the normal sequences indicates an abnormal execution workflow.
427521,"['1', '7']","[1, 7]",entity,"The test sequence is abnormal because it starts with 'receiving block blk_' instead of the typical starting point 'NameSystem allocateBlock'. Additionally, the order of processes in the test sequence is different from the normal example sequences provided."
428439,"['1', '1', '1', '7', '4', '4', '3', '4', '3', '3', '2', '2', '2', '6', '6', '6', '5', '5', '5']","[4, 4, 3, 4, 3, 3]",action,"The test sequence deviates from the normal flows as it starts by receiving a block named blk_ from a specific location, followed by the PacketResponder for block blk_, and then receiving block blk_ from /, which is different from the typical execution order in the normal examples. Additionally, the test sequence includes different steps that are not present in any of the normal examples."
428544,"['1', '1', '7', '1', '3', '4', '2', '3', '4', '3', '4', '2', '2', '5', '6', '6', '6', '5', '5']","[1, 1, 7, 1, 3, 4, 2, 3, 4, 3, 4, 2, 2, 5, 6, 6, 6, 5, 5]",entity,"The test sequence includes an extra step of deleting a block file twice, which is not present in any of the normal example sequences. This deviation from the normal flow indicates an abnormal execution workflow."
429057,"['1', '7']","[1, 7]",entity,"The test sequence is abnormal because it starts with 'receiving block blk_' instead of the typical starting point 'NameSystem allocateBlock'. Additionally, the order of processes in the test sequence is different from the normal example sequences provided."
429760,"['1', '7', '1', '1', '13', '3', '4', '3', '4', '3', '4', '2', '2', '2', '14', '1', '12', '11', '2', '5', '6', '6', '6', '6', '5', '5', '5', '15']","[1, 7, 1, 1, 13, 3, 4, 3, 4, 3, 4, 2, 2, 2, 14, 1, 12, 11, 2, 5, 6, 6, 6, 6, 5, 5, 5, 15]",entity,"The test sequence includes abnormal actions such as repetitively deleting and adding a block to the invalid set, which is not present in any of the normal example sequences. Additionally, the error message 'Error deleting block blk_' at the end of the sequence indicates an abnormal flow of execution."
429975,"['1', '7', '1', '1', '3', '4', '3', '4', '3', '4', '2', '2', '2', '5', '6', '6', '6', '5', '5']","[1, 7, 1, 1, 3, 4, 3, 4, 3, 4, 2, 2, 2, 5, 6, 6, 6, 5, 5]",entity,"The test sequence includes an additional step of deleting a block file twice, which is not present in any of the normal example sequences. This deviation from the normal flow indicates an abnormal execution workflow."
430663,"['1', '7', '3', '4', '1', '3', '4', '1', '3', '4', '2', '2', '2', '6', '6', '6', '5', '5', '5']","[1, 7, 3, 4, 1, 3, 4, 1, 3, 4, 2, 2, 2, 6, 6, 6, 5, 5, 5]",entity,"The test sequence does not follow the pattern observed in the normal example sequences. In the normal examples, the sequence involves alternating between initiating PacketResponders and receiving blocks, followed by adding stored blocks and deleting blocks in a sequential manner. However, the test sequence does not exhibit this alternating pattern and includes different actions in a different order."
431183,"['1', '1', '1', '7', '3', '4', '3', '4', '3', '4', '2', '2', '2', '6', '6', '6', '5', '15', '5', '5']","[1, 1, 1, 7, 3, 4, 3, 4, 3, 4, 2, 2, 2, 6, 6, 6, 5, 15, 5, 5]",entity,"The test sequence includes an error in deleting block blk_, which is not present in any of the normal example sequences. Additionally, the test sequence involves deleting block files twice, which is also not a typical behavior in the normal examples provided."
431358,"['1', '7', '1', '1', '3', '4', '3', '4', '3', '4', '2', '2', '13', '14', '1', '11', '12', '2', '2', '5', '14', '13', '1', '12', '11', '2', '2', '5', '6', '6', '6', '6', '5', '15', '5', '5']","[1, 7, 1, 1, 3, 4, 3, 4, 3, 4, 2, 2, 13, 14, 1, 11, 12, 2, 2, 5, 14, 13, 1, 12, 11, 2, 2, 5, 6, 6, 6, 6, 5, 15, 5, 5]",entity,"The test sequence deviates from the normal example sequences by repeatedly performing the action of deleting a block and adding it to the invalid set, which is not present in any of the normal sequences. Additionally, the occurrence of an error in deleting a block further indicates an abnormal workflow."
431414,"['7', '1', '1', '1', '3', '4', '3', '4', '3', '4', '2', '2', '2', '6', '6', '6', '5', '15', '5', '5']","[7, 1, 1, 1, 3, 4, 3, 4, 3, 4, 2, 2, 2, 6, 6, 6, 5, 15, 5, 5]",entity,"The test sequence deviates from the normal example sequences by introducing errors such as 'Error deleting block blk_' and repeating actions like 'deleting block file twice', which are not present in the normal examples. This indicates an abnormal execution workflow."
431662,"['1', '1', '1', '7', '3', '4', '3', '4', '3', '4', '2', '2', '2', '13', '14', '1', '12', '11', '2', '2', '5', '6', '6', '6', '5', '5', '5']","[1, 1, 1, 7, 3, 4, 3, 4, 3, 4, 2, 2, 2, 13, 14, 1, 12, 11, 2, 2, 5, 6, 6, 6, 5, 5, 5]",entity,"The test sequence includes additional steps that are not present in any of the normal example sequences. Specifically, the repeated action of deleting a block that was added to an invalid set and the execution of operations where a block file was deleted in three consecutive steps are unique to the test sequence and indicate an abnormal workflow."
431695,"['7', '1', '1', '1', '3', '4', '3', '4', '3', '4', '2', '2', '2', '6', '6', '6', '5', '15', '5', '5']","[7, 1, 1, 1, 3, 4, 3, 4, 3, 4, 2, 2, 2, 6, 6, 6, 5, 15, 5, 5]",entity,"The test sequence deviates from the normal example sequences by introducing errors such as 'Error deleting block blk_' and repeating actions like 'deleting block file twice', which are not present in the normal examples. This indicates an abnormal execution workflow."
431745,"['1', '1', '1', '7', '3', '4', '3', '4', '3', '4', '2', '2', '13', '14', '1', '12', '11', '2', '2', '6', '6', '6', '6', '5', '5', '5', '5']","[1, 1, 1, 7, 3, 4, 3, 4, 3, 4, 2, 2, 13, 14, 1, 12, 11, 2, 2, 6, 6, 6, 6, 5, 5, 5, 5]",entity,"The test sequence includes actions that are not present in any of the normal example sequences, such as BLOCK* asking datanode(s) to replicate, starting thread to transfer block, and repeating the action of deleting a block and adding it to the invalid set 4 times. These deviations from the normal sequences indicate an abnormal execution workflow."
432037,"['1', '7', '1', '1', '3', '4', '3', '4', '3', '4', '2', '2', '13', '14', '1', '11', '12', '2', '2', '6', '6', '6', '6', '5', '5', '5', '5']","[1, 7, 1, 1, 3, 4, 3, 4, 3, 4, 2, 2, 13, 14, 1, 11, 12, 2, 2, 6, 6, 6, 6, 5, 5, 5, 5]",entity,"The test sequence includes several actions that are not present in any of the normal example sequences, such as BLOCK* asks datanode(s) to replicate, Starting thread to transfer block, and a different pattern of adding and deleting blocks. These deviations from the normal examples indicate an abnormal execution workflow."
432266,"['1', '1', '7', '1', '3', '4', '3', '4', '3', '4', '2', '2', '19', '2', '6', '6', '6', '5', '5', '5']",[19],status,"The log message indicates a SocketTimeoutException, which is an abnormal condition indicating a timeout while waiting for a channel to be ready for read."
432575,"['1', '1', '1', '7', '3', '4', '3', '4', '3', '4', '2', '2', '2', '6', '6', '6', '5', '5', '15', '5']","[1, 1, 1, 7, 3, 4, 3, 4, 3, 4, 2, 2, 2, 6, 6, 6, 5, 5, 15, 5]",entity,The test sequence includes an additional step of 'Error deleting block blk_' which is not present in any of the normal example sequences. This deviation indicates an abnormal execution workflow.
432606,"['1', '7', '1', '1', '3', '4', '3', '4', '3', '4', '2', '2', '2', '6', '6', '6', '5', '15', '5', '5']","[1, 7, 1, 1, 3, 4, 3, 4, 3, 4, 2, 2, 2, 6, 6, 6, 5, 15, 5, 5]",entity,"The test sequence includes an additional step of 'Error deleting block blk_' at step 7, which is not present in any of the normal example sequences. This deviation from the normal flow indicates an abnormal execution workflow."
432697,"['1', '1', '7', '1', '3', '4', '3', '4', '3', '4', '2', '2', '2', '6', '6', '6', '5', '5', '5', '15']","[1, 1, 7, 1, 3, 4, 3, 4, 3, 4, 2, 2, 2, 6, 6, 6, 5, 5, 5, 15]",entity,The test sequence includes an additional step '7: Error deleting block blk_' which is not present in any of the normal example sequences. This indicates an abnormal execution workflow.
432847,"['1', '1', '7', '1', '3', '4', '3', '4', '3', '4', '2', '2', '2', '13', '14', '1', '11', '12', '2', '2', '5', '6', '6', '6', '5', '5', '5']","[1, 1, 7, 1, 3, 4, 3, 4, 3, 4, 2, 2, 2, 13, 14, 1, 11, 12, 2, 2, 5, 6, 6, 6, 5, 5, 5]",entity,The test sequence contains additional actions of deleting a block that were not present in any of the normal example sequences. This deviation from the normal flow indicates an abnormal execution workflow.
433044,"['1', '1', '7', '1', '3', '4', '3', '4', '4', '2', '2', '3', '2', '14', '13', '1', '11', '12', '2', '2', '5', '6', '6', '6', '6', '15', '5', '5', '5']","[1, 1, 7, 1, 3, 4, 3, 4, 4, 2, 2, 3, 2, 14, 13, 1, 11, 12, 2, 2, 5, 6, 6, 6, 6, 15, 5, 5, 5]",entity,"The test sequence deviates from the normal execution workflows seen in the examples. The abnormality is observed in the repetitive action of deleting a block and adding it to the invalid set, which is not present in any of the normal examples provided."
433371,"['1', '1', '1', '7', '22', '23', '3', '30', '25', '1', '26', '24', '3', '35', '22', '23', '3', '3', '25', '1', '3', '4', '2', '3', '4', '20', '21', '1', '1', '11', '12', '11', '2', '2', '2', '6', '6', '6', '6', '5', '5', '5', '5']",[22],status,The log message indicates an exception of InterruptedIOException which suggests an abnormal execution process
433463,"['1', '7', '1', '1', '4', '3', '3', '4', '3', '4', '2', '2', '13', '14', '1', '12', '11', '2', '2', '5', '14', '13', '1', '12', '11', '2', '2', '5', '6', '6', '6', '5', '5', '5']","[1, 7, 1, 1, 4, 3, 3, 4, 3, 4, 2, 2, 13, 14, 1, 12, 11, 2, 2, 5, 14, 13, 1, 12, 11, 2, 2, 5, 6, 6, 6, 5, 5, 5]",entity,"The test sequence includes actions that are not present in any of the normal example sequences, such as initiating PacketResponders for handling block responses from different sources and deleting a block added to an invalid set. These deviations from the normal workflows indicate an abnormal execution flow."
433488,"['1', '1', '7', '16']",[16],status,"The log message indicates an exception due to a socket timeout while waiting for a channel to be ready, which is not a normal execution process."
434172,"['1', '1', '1', '7', '3', '4', '3', '4', '3', '4', '2', '2', '2', '6', '6', '6', '5', '15', '5', '5']","[1, 1, 1, 7, 3, 4, 3, 4, 3, 4, 2, 2, 2, 6, 6, 6, 5, 15, 5, 5]",entity,"The test sequence includes an error in deleting block blk_, which is not present in any of the normal example sequences. Additionally, the test sequence involves deleting block files twice, which is also not a typical behavior in the normal examples provided."
434386,"['1', '7', '1', '1', '3', '4', '3', '4', '3', '4', '2', '2', '2', '6', '6', '6', '5', '15', '5', '5']","[1, 7, 1, 1, 3, 4, 3, 4, 3, 4, 2, 2, 2, 6, 6, 6, 5, 15, 5, 5]",entity,"The test sequence includes an additional step of 'Error deleting block blk_' at step 7, which is not present in any of the normal example sequences. This deviation from the normal flow indicates an abnormal execution workflow."
434450,"['1', '1', '7', '1', '3', '31', '32', '33', '3', '41', '1', '26', '24', '3', '3', '1', '25', '28', '22', '23', '25', '3', '4', '3', '4', '2', '20', '21', '1', '1', '11', '12', '11', '2', '2', '2', '6', '6', '6', '6', '5', '5', '5', '5']",[31],status,The test sequence includes an exception 'Exception' which is not present in any of the example sequences. This indicates that the test sequence is deviating from the normal_flows execution workflows observed in the context.
434500,"['1', '7', '1', '1', '4', '3', '3', '4', '2', '2', '3', '4', '13', '14', '1', '12', '11', '2', '2', '5', '13', '14', '1', '11', '12', '2', '2', '5', '6', '6', '6', '6', '5', '5', '5', '15', '15']","[15, 15]",status,The test sequence includes an additional process (Process 1) that is not present in the normal example sequence. This deviation from the expected workflow indicates an abnormal execution flow.
434681,"['1', '1', '7', '1', '3', '4', '3', '4', '3', '4', '2', '2', '2', '6', '6', '6', '5', '15', '5', '5']","[1, 1, 7, 1, 3, 4, 3, 4, 3, 4, 2, 2, 2, 6, 6, 6, 5, 15, 5, 5]",entity,The test sequence includes an additional step of 'Error deleting block blk_' which is not present in any of the normal example sequences. This indicates an abnormal flow in the execution workflow.
434825,"['1', '7']","[1, 7]",entity,"The test sequence is abnormal because it starts with 'receiving block blk_' instead of the typical starting point 'NameSystem allocateBlock'. Additionally, the order of processes in the test sequence is different from the normal example sequences provided."
434923,"['1', '1', '1', '7', '3', '4', '3', '4', '3', '4', '2', '2', '2', '6', '6', '6', '5', '15', '5', '5']","[1, 1, 1, 7, 3, 4, 3, 4, 3, 4, 2, 2, 2, 6, 6, 6, 5, 15, 5, 5]",entity,"The test sequence includes an error in deleting block blk_, which is not present in any of the normal example sequences. Additionally, the test sequence involves deleting block files twice, which is also not a typical behavior in the normal examples provided."
435243,"['1', '7', '1', '1', '3', '4', '3', '4', '2', '2', '3', '4', '2', '6', '6', '6', '5', '5', '15', '5']","[1, 7, 1, 1, 3, 4, 3, 4, 2, 2, 3, 4, 2, 6, 6, 6, 5, 5, 15, 5]",entity,"The test sequence deviates from the normal examples by introducing an 'Error deleting block blk_' step, which is not present in any of the normal sequences. Additionally, the test sequence includes multiple inconsistencies such as receiving blocks from an unknown source and deleting the block file twice, which are not part of the typical normal execution workflows."
435424,"['1', '1', '7', '1', '3', '4', '3', '4', '3', '4', '2', '2', '2', '13', '14', '1', '12', '11', '2', '2', '5', '6', '6', '6', '5', '5', '5', '15']","[1, 1, 7, 1, 3, 4, 3, 4, 3, 4, 2, 2, 2, 13, 14, 1, 12, 11, 2, 2, 5, 6, 6, 6, 5, 5, 5, 15]",entity,The test sequence deviates from the normal execution workflows seen in the examples by introducing new actions such as deleting a block file that was added to an invalid set and encountering an error during the deletion process. This abnormal behavior suggests that the test sequence is not following the expected flow of processes.
435500,"['1', '7', '1', '16']",[16],status,"The log message indicates an exception due to a socket timeout while waiting for a channel to be ready, which is not a normal execution process."
435878,"['1', '7', '1', '1', '3', '4', '3', '4', '2', '2', '3', '4', '2', '13', '14', '1', '11', '12', '2', '2', '5', '6', '6', '6', '5', '5', '5', '15']","[1, 7, 1, 1, 3, 4, 3, 4, 2, 2, 3, 4, 2, 13, 14, 1, 11, 12, 2, 2, 5, 6, 6, 6, 5, 5, 5, 15]",entity,"The test sequence includes actions that are not present in any of the normal example sequences, such as adding a block to an invalid set, deleting a block file in three consecutive steps, and encountering an error while deleting a block. These inconsistencies indicate an abnormal execution workflow."
435977,"['1', '1', '7', '16']",[16],status,"The log message indicates an exception due to a socket timeout while waiting for a channel to be ready, which is not a normal execution process."
436157,"['1', '1', '1', '7', '3', '4', '3', '4', '3', '4', '2', '2', '2', '6', '6', '6', '5', '15', '5', '5']","[1, 1, 1, 7, 3, 4, 3, 4, 3, 4, 2, 2, 2, 6, 6, 6, 5, 15, 5, 5]",entity,"The test sequence includes an error in deleting block blk_, which is not present in any of the normal example sequences. Additionally, the test sequence involves deleting block files twice, which is also not a typical behavior in the normal examples provided."
436169,"['7', '1', '1', '1', '3', '4', '3', '4', '3', '4', '2', '2', '13', '14', '1', '11', '12', '2', '2', '5', '13', '14', '1', '11', '12', '2', '2', '5', '6', '6', '6', '5', '5', '5']","[7, 1, 1, 1, 3, 4, 3, 4, 3, 4, 2, 2, 13, 14, 1, 11, 12, 2, 2, 5, 13, 14, 1, 11, 12, 2, 2, 5, 6, 6, 6, 5, 5, 5]",entity,"The test sequence includes the action of deleting a block that was added to an invalid set, which is not present in any of the normal example sequences. This abnormal action is repeated three times in a sequential manner, indicating an abnormal execution workflow."
436247,"['7', '1', '1', '1', '3', '4', '3', '4', '3', '4', '2', '2', '2', '6', '6', '6', '5', '5', '5', '15']","[7, 1, 1, 1, 3, 4, 3, 4, 3, 4, 2, 2, 2, 6, 6, 6, 5, 5, 5, 15]",entity,The test sequence includes an additional step (Error deleting block blk_) that is not present in any of the normal example sequences. This deviation from the normal sequences indicates an abnormal execution workflow.
436923,"['1', '1', '7', '1', '3', '4', '3', '4', '3', '4', '2', '2', '2', '6', '6', '6', '5', '5', '15', '5']","[1, 1, 7, 1, 3, 4, 3, 4, 3, 4, 2, 2, 2, 6, 6, 6, 5, 5, 15, 5]",entity,The test sequence includes an additional step of 'Error deleting block blk_' which is not present in any of the normal example sequences. This indicates a deviation from the expected normal execution workflow.
437324,"['1', '1', '1', '7', '28', '32', '33', '3', '41', '1', '22', '23', '3', '29', '26', '3', '35', '24', '25', '25', '1', '3', '4', '3', '4', '2', '2', '13', '14', '1', '12', '11', '2', '6', '6', '6', '5', '5', '5']",[28],status,"The test sequence mentions an 'Exception writing block to mirror' which indicates an error or issue in the execution workflow. This is not a normal process in the example sequences provided, hence the prediction is abnormal."
437506,"['1', '1', '1', '7', '17', '17', '3', '4', '17', '3', '4', '3', '4', '2', '2', '2', '6', '6', '6', '5', '5', '5']","[17, 17]",status,"The log message indicates a SocketTimeoutException which suggests a timeout while waiting for a channel to be ready for write, which is abnormal behavior."
437809,"['1', '1', '1', '7', '3', '4', '3', '4', '3', '4', '2', '2', '2', '6', '6', '6', '5', '15', '5', '5']","[1, 1, 1, 7, 3, 4, 3, 4, 3, 4, 2, 2, 2, 6, 6, 6, 5, 15, 5, 5]",entity,"The test sequence includes an error in deleting block blk_, which is not present in any of the normal example sequences. Additionally, the test sequence involves deleting block files twice, which is also not a typical behavior in the normal examples provided."
437888,"['7', '1', '1', '1', '3', '4', '3', '4', '3', '4', '2', '2', '2', '6', '6', '6', '5', '15', '5', '5']","[7, 1, 1, 1, 3, 4, 3, 4, 3, 4, 2, 2, 2, 6, 6, 6, 5, 15, 5, 5]",entity,"The test sequence deviates from the normal example sequences by introducing errors such as 'Error deleting block blk_' and repeating actions like 'deleting block file twice', which are not present in the normal examples. This indicates an abnormal execution workflow."
437891,"['1', '1', '1', '7', '3', '4', '3', '4', '3', '4', '2', '2', '2', '6', '6', '6', '5', '5', '15', '5']","[1, 1, 1, 7, 3, 4, 3, 4, 3, 4, 2, 2, 2, 6, 6, 6, 5, 5, 15, 5]",entity,The test sequence includes an additional step of 'Error deleting block blk_' which is not present in any of the normal example sequences. This deviation indicates an abnormal execution workflow.
437900,"['1', '7']","[1, 7]",entity,"The test sequence is abnormal because it starts with 'receiving block blk_' instead of the typical starting point 'NameSystem allocateBlock'. Additionally, the order of processes in the test sequence is different from the normal example sequences provided."
438259,"['1', '1', '1', '7', '3', '4', '3', '4', '3', '4', '2', '2', '2', '6', '6', '6', '5', '15', '5', '5']","[1, 1, 1, 7, 3, 4, 3, 4, 3, 4, 2, 2, 2, 6, 6, 6, 5, 15, 5, 5]",entity,"The test sequence includes an error in deleting block blk_, which is not present in any of the normal example sequences. Additionally, the test sequence involves deleting block files twice, which is also not a typical behavior in the normal examples provided."
438382,"['1', '1', '7', '1', '3', '4', '3', '4', '3', '4', '2', '2', '2', '6', '6', '6', '5', '5', '15', '5']","[1, 1, 7, 1, 3, 4, 3, 4, 3, 4, 2, 2, 2, 6, 6, 6, 5, 5, 15, 5]",entity,The test sequence includes an additional step of 'Error deleting block blk_' which is not present in any of the normal example sequences. This indicates a deviation from the expected normal execution workflow.
438434,"['1', '1', '7', '1', '3', '4', '3', '4', '3', '4', '2', '2', '2', '6', '6', '6', '5', '5', '15', '5']","[1, 1, 7, 1, 3, 4, 3, 4, 3, 4, 2, 2, 2, 6, 6, 6, 5, 5, 15, 5]",entity,The test sequence includes an additional step of 'Error deleting block blk_' which is not present in any of the normal example sequences. This indicates a deviation from the expected normal execution workflow.
438459,"['1', '1', '7', '16']",[16],status,"The log message indicates an exception due to a socket timeout while waiting for a channel to be ready, which is not a normal execution process."
438977,"['1', '1', '7', '16']",[16],status,"The log message indicates an exception due to a socket timeout while waiting for a channel to be ready, which is not a normal execution process."
439207,"['1', '1', '7', '1', '3', '4', '2', '3', '4', '3', '4', '2', '2', '6', '6', '6', '5', '5', '15', '5']","[1, 1, 7, 1, 3, 4, 2, 3, 4, 3, 4, 2, 2, 6, 6, 6, 5, 5, 15, 5]",entity,"The test sequence includes several inconsistencies compared to the normal example sequences. For instance, the test sequence involves receiving blocks in a different order, unknown sources, and errors in deleting blocks. Additionally, the alternating actions of PacketResponder and receiving blocks are not consistent with the normal flow patterns observed in the example sequences."
439291,"['1', '1', '1', '7', '3', '4', '3', '4', '3', '4', '2', '2', '2', '6', '6', '6', '5', '5', '5', '15']","[1, 1, 1, 7, 3, 4, 3, 4, 3, 4, 2, 2, 2, 6, 6, 6, 5, 5, 5, 15]",entity,"The test sequence includes an error in the deletion of block blk_, which is not present in any of the normal example sequences. This deviation from the normal flow indicates an abnormal execution workflow."
439362,"['1', '7', '1', '1', '3', '4', '3', '4', '3', '4', '2', '2', '2', '6', '6', '6', '5', '15', '5', '5']","[1, 7, 1, 1, 3, 4, 3, 4, 3, 4, 2, 2, 2, 6, 6, 6, 5, 15, 5, 5]",entity,"The test sequence includes an additional step of 'Error deleting block blk_' at step 7, which is not present in any of the normal example sequences. This deviation from the normal flow indicates an abnormal execution workflow."
439426,"['1', '7', '1', '1', '3', '4', '3', '4', '3', '4', '2', '2', '2', '13', '14', '1', '11', '12', '2', '2', '5', '6', '6', '6', '5', '5', '5']","[1, 7, 1, 1, 3, 4, 3, 4, 3, 4, 2, 2, 2, 13, 14, 1, 11, 12, 2, 2, 5, 6, 6, 6, 5, 5, 5]",entity,"The test sequence includes additional steps such as deleting a block that was added to an invalid set and repeating this action multiple times, which is not present in any of the normal example sequences. This abnormal behavior indicates a deviation from the expected normal execution workflows."
439659,"['1', '7', '1', '1', '3', '4', '3', '4', '2', '2', '3', '4', '2', '6', '6', '6', '5', '5', '5', '15', '15']","[15, 15]",status,The test sequence includes an additional process (Process 1) that is not present in the normal example sequence. This deviation from the expected workflow indicates an abnormal execution flow.
439725,"['1', '1', '1', '7', '3', '4', '3', '4', '3', '4', '2', '2', '2', '6', '6', '6', '5', '5', '5', '15']","[1, 1, 1, 7, 3, 4, 3, 4, 3, 4, 2, 2, 2, 6, 6, 6, 5, 5, 5, 15]",entity,"The test sequence includes an error in the deletion of block blk_, which is not present in any of the normal example sequences. This deviation from the normal flow indicates an abnormal execution workflow."
439824,"['1', '1', '7', '1', '3', '4', '3', '4', '3', '4', '2', '2', '2', '13', '14', '1', '12', '11', '2', '2', '5', '6', '6', '6', '5', '5', '5']","[1, 1, 7, 1, 3, 4, 3, 4, 3, 4, 2, 2, 2, 13, 14, 1, 12, 11, 2, 2, 5, 6, 6, 6, 5, 5, 5]",entity,"The test sequence includes additional actions such as deleting a block that was added to an invalid set and repeating this action multiple times, which is not present in any of the normal example sequences. This deviation from the normal execution flow indicates an abnormal workflow."
439868,"['1', '1', '1', '7', '3', '4', '3', '4', '3', '4', '2', '2', '2', '6', '6', '6', '5', '15', '5', '5']","[1, 1, 1, 7, 3, 4, 3, 4, 3, 4, 2, 2, 2, 6, 6, 6, 5, 15, 5, 5]",entity,"The test sequence includes an error in deleting block blk_, which is not present in any of the normal example sequences. Additionally, the test sequence involves deleting block files twice, which is also not a typical behavior in the normal examples provided."
439940,"['1', '7', '1', '1', '3', '4', '3', '4', '3', '4', '2', '2', '2', '6', '6', '6', '5', '5', '5', '15']","[1, 7, 1, 1, 3, 4, 3, 4, 3, 4, 2, 2, 2, 6, 6, 6, 5, 5, 5, 15]",entity,The test sequence includes an additional step at the end (Error deleting block blk_) that is not present in any of the normal example sequences. This deviation indicates an abnormal execution workflow.
440028,"['1', '1', '7', '1', '3', '4', '3', '4', '2', '2', '3', '4', '19', '2', '6', '6', '6', '5', '5', '5']",[19],status,"The log message indicates a SocketTimeoutException, which is an abnormal condition indicating a timeout while waiting for a channel to be ready for read."
440038,"['1', '1', '1', '7', '3', '4', '3', '4', '3', '4', '2', '2', '2', '6', '6', '6', '5', '15', '5', '5']","[1, 1, 1, 7, 3, 4, 3, 4, 3, 4, 2, 2, 2, 6, 6, 6, 5, 15, 5, 5]",entity,"The test sequence includes an error in deleting block blk_, which is not present in any of the normal example sequences. Additionally, the test sequence involves deleting block files twice, which is also not a typical behavior in the normal examples provided."
440115,"['1', '7']","[1, 7]",entity,"The test sequence is abnormal because it starts with 'receiving block blk_' instead of the typical starting point 'NameSystem allocateBlock'. Additionally, the order of processes in the test sequence is different from the normal example sequences provided."
440338,"['1', '7', '1', '1', '3', '4', '3', '4', '3', '4', '2', '2', '2', '6', '6', '6', '5', '5', '5', '15']","[1, 7, 1, 1, 3, 4, 3, 4, 3, 4, 2, 2, 2, 6, 6, 6, 5, 5, 5, 15]",entity,The test sequence includes an additional step at the end (Error deleting block blk_) that is not present in any of the normal example sequences. This deviation indicates an abnormal execution workflow.
440606,"['1', '1', '7', '16']",[16],status,"The log message indicates an exception due to a socket timeout while waiting for a channel to be ready, which is not a normal execution process."
440647,"['1', '1', '1', '7', '3', '4', '3', '4', '3', '4', '2', '2', '2', '6', '6', '6', '5', '5', '5', '15']","[1, 1, 1, 7, 3, 4, 3, 4, 3, 4, 2, 2, 2, 6, 6, 6, 5, 5, 5, 15]",entity,"The test sequence includes an error in the deletion of block blk_, which is not present in any of the normal example sequences. This deviation from the normal flow indicates an abnormal execution workflow."
441089,"['1', '1', '1', '7', '3', '4', '3', '4', '3', '4', '2', '2', '2', '6', '6', '6', '5', '15', '5', '5']","[1, 1, 1, 7, 3, 4, 3, 4, 3, 4, 2, 2, 2, 6, 6, 6, 5, 15, 5, 5]",entity,"The test sequence includes an error in deleting block blk_, which is not present in any of the normal example sequences. Additionally, the test sequence involves deleting block files twice, which is also not a typical behavior in the normal examples provided."
441412,"['1', '1', '7', '1', '3', '4', '3', '4', '3', '4', '2', '2', '2', '6', '6', '6', '5', '15', '5', '5']","[1, 1, 7, 1, 3, 4, 3, 4, 3, 4, 2, 2, 2, 6, 6, 6, 5, 15, 5, 5]",entity,The test sequence includes an additional step of 'Error deleting block blk_' which is not present in any of the normal example sequences. This indicates an abnormal flow in the execution workflow.
441653,"['1', '1', '7', '1', '3', '4', '3', '4', '3', '4', '2', '2', '2', '13', '14', '1', '11', '12', '2', '2', '5', '6', '6', '6', '6', '15', '5', '5', '5']","[1, 1, 7, 1, 3, 4, 3, 4, 3, 4, 2, 2, 2, 13, 14, 1, 11, 12, 2, 2, 5, 6, 6, 6, 6, 15, 5, 5, 5]",entity,"The test sequence includes the abnormal behavior of repetitively deleting a block and adding it to the invalid set, which is not present in any of the normal example sequences. This repetitive action is suspicious and indicates an abnormal execution workflow."
441675,"['1', '7', '1', '1', '3', '4', '3', '4', '3', '4', '2', '2', '2', '6', '6', '6', '5', '15', '5', '5']","[1, 7, 1, 1, 3, 4, 3, 4, 3, 4, 2, 2, 2, 6, 6, 6, 5, 15, 5, 5]",entity,"The test sequence includes an additional step of 'Error deleting block blk_' at step 7, which is not present in any of the normal example sequences. This deviation from the normal flow indicates an abnormal execution workflow."
441943,"['1', '1', '1', '7', '3', '4', '3', '4', '3', '4', '2', '2', '2', '6', '6', '6', '5', '5', '5', '15']","[1, 1, 1, 7, 3, 4, 3, 4, 3, 4, 2, 2, 2, 6, 6, 6, 5, 5, 5, 15]",entity,"The test sequence includes an error in the deletion of block blk_, which is not present in any of the normal example sequences. This deviation from the normal flow indicates an abnormal execution workflow."
441998,"['1', '7', '1', '1', '3', '4', '3', '4', '3', '4', '2', '2', '2', '6', '6', '6', '5', '5', '15', '5']","[1, 7, 1, 1, 3, 4, 3, 4, 3, 4, 2, 2, 2, 6, 6, 6, 5, 5, 15, 5]",entity,The test sequence includes an additional step of 'Error deleting block blk_' which is not present in any of the normal example sequences. This deviation from the normal workflow indicates an abnormal execution flow.
442066,"['1', '1', '1', '7', '3', '4', '3', '4', '3', '4', '2', '2', '2', '6', '6', '6', '5', '15', '5', '5']","[1, 1, 1, 7, 3, 4, 3, 4, 3, 4, 2, 2, 2, 6, 6, 6, 5, 15, 5, 5]",entity,"The test sequence includes an error in deleting block blk_, which is not present in any of the normal example sequences. Additionally, the test sequence involves deleting block files twice, which is also not a typical behavior in the normal examples provided."
442070,"['7', '1', '1', '1', '3', '4', '3', '4', '3', '4', '2', '2', '2', '6', '6', '6', '5', '5', '5', '15']","[7, 1, 1, 1, 3, 4, 3, 4, 3, 4, 2, 2, 2, 6, 6, 6, 5, 5, 5, 15]",entity,The test sequence includes an additional step (Error deleting block blk_) that is not present in any of the normal example sequences. This deviation from the normal sequences indicates an abnormal execution workflow.
442249,"['1', '7', '1', '16']",[16],status,"The log message indicates an exception due to a socket timeout while waiting for a channel to be ready, which is not a normal execution process."
442389,"['1', '1', '1', '7', '3', '4', '3', '4', '3', '4', '2', '2', '2', '13', '14', '1', '11', '12', '2', '2', '5', '6', '6', '6', '5', '5', '5', '15']","[1, 1, 1, 7, 3, 4, 3, 4, 3, 4, 2, 2, 2, 13, 14, 1, 11, 12, 2, 2, 5, 6, 6, 6, 5, 5, 5, 15]",entity,"The test sequence includes actions that are not present in any of the normal example sequences, such as deleting a block that was added to an invalid set and encountering an error during block deletion. These deviations from the normal workflow indicate an abnormal execution."
442438,"['1', '1', '7', '16']",[16],status,"The log message indicates an exception due to a socket timeout while waiting for a channel to be ready, which is not a normal execution process."
442511,"['1', '7', '1', '1', '3', '4', '3', '4', '3', '4', '2', '2', '2', '6', '6', '6', '5', '15', '5', '5']","[1, 7, 1, 1, 3, 4, 3, 4, 3, 4, 2, 2, 2, 6, 6, 6, 5, 15, 5, 5]",entity,"The test sequence includes an additional step of 'Error deleting block blk_' at step 7, which is not present in any of the normal example sequences. This deviation from the normal flow indicates an abnormal execution workflow."
442642,"['1', '1', '1', '7', '3', '4', '3', '4', '3', '4', '2', '2', '2', '13', '14', '1', '11', '12', '2', '2', '5', '6', '6', '6', '6', '5', '5', '15', '5']","[1, 1, 1, 7, 3, 4, 3, 4, 3, 4, 2, 2, 2, 13, 14, 1, 11, 12, 2, 2, 5, 6, 6, 6, 6, 5, 5, 15, 5]",entity,"The test sequence deviates from the normal flows execution workflows seen in the examples provided. In the normal examples, the sequences involve a consistent pattern of receiving/transmitting blocks, adding stored blocks, and replicating blocks. However, the test sequence introduces new actions such as repetitively deleting and adding blocks, which is not present in the normal examples. This abnormal behavior indicates a deviation from the expected workflow patterns."
443080,"['1', '1', '1', '7', '3', '4', '3', '4', '4', '2', '2', '3', '2', '13', '14', '1', '11', '12', '2', '2', '5', '6', '6', '6', '6', '5', '5', '15', '5', '15']","[1, 1, 1, 7, 3, 4, 3, 4, 4, 2, 2, 3, 2, 13, 14, 1, 11, 12, 2, 2, 5, 6, 6, 6, 6, 5, 5, 15, 5, 15]",entity,"The test sequence deviates significantly from the normal example sequences, as it includes multiple errors and repetitions of actions that are not present in the normal sequences. The abnormal behavior of deleting blocks and encountering errors multiple times indicates a deviation from the expected workflow."
443227,"['1', '1', '1', '7', '3', '4', '3', '4', '3', '4', '2', '2', '2', '6', '6', '6', '5', '5', '15', '5']","[1, 1, 1, 7, 3, 4, 3, 4, 3, 4, 2, 2, 2, 6, 6, 6, 5, 5, 15, 5]",entity,The test sequence includes an additional step of 'Error deleting block blk_' which is not present in any of the normal example sequences. This deviation indicates an abnormal execution workflow.
443480,"['1', '7']","[1, 7]",entity,"The test sequence is abnormal because it starts with 'receiving block blk_' instead of the typical starting point 'NameSystem allocateBlock'. Additionally, the order of processes in the test sequence is different from the normal example sequences provided."
443560,"['1', '1', '7', '1', '3', '4', '3', '4', '3', '4', '2', '2', '2', '6', '6', '6', '5', '15', '5', '5']","[1, 1, 7, 1, 3, 4, 3, 4, 3, 4, 2, 2, 2, 6, 6, 6, 5, 15, 5, 5]",entity,The test sequence includes an additional step of 'Error deleting block blk_' which is not present in any of the normal example sequences. This indicates an abnormal flow in the execution workflow.
443726,"['1', '1', '1', '7', '3', '4', '3', '4', '3', '4', '2', '2', '2', '6', '6', '6', '5', '15', '5', '5']","[1, 1, 1, 7, 3, 4, 3, 4, 3, 4, 2, 2, 2, 6, 6, 6, 5, 15, 5, 5]",entity,"The test sequence includes an error in deleting block blk_, which is not present in any of the normal example sequences. Additionally, the test sequence involves deleting block files twice, which is also not a typical behavior in the normal examples provided."
443865,"['1', '7', '1', '1', '3', '4', '3', '4', '3', '4', '2', '2', '2', '6', '6', '6', '5', '5', '15', '5']","[1, 7, 1, 1, 3, 4, 3, 4, 3, 4, 2, 2, 2, 6, 6, 6, 5, 5, 15, 5]",entity,The test sequence includes an additional step of 'Error deleting block blk_' which is not present in any of the normal example sequences. This deviation from the normal workflow indicates an abnormal execution flow.
443887,"['1', '7', '1', '1', '3', '4', '3', '4', '3', '4', '2', '2', '2', '13', '14', '1', '12', '11', '2', '2', '5', '6', '6', '6', '5', '5', '5']","[1, 7, 1, 1, 3, 4, 3, 4, 3, 4, 2, 2, 2, 13, 14, 1, 12, 11, 2, 2, 5, 6, 6, 6, 5, 5, 5]",entity,"The test sequence includes additional actions that were not present in any of the normal example sequences, such as deleting a block that was added to an invalid set and repeating this action multiple times in a sequential manner. This deviation from the normal flows indicates an abnormal execution workflow."
444448,"['1', '1', '1', '3', '4', '7', '3', '4', '3', '4', '2', '2', '2', '13', '14', '1', '12', '11', '2', '2', '5', '6', '6', '6', '5', '5', '5']","[1, 1, 1, 3, 4, 7, 3, 4, 3, 4, 2, 2, 2, 13, 14, 1, 12, 11, 2, 2, 5, 6, 6, 6, 5, 5, 5]",entity,"The test sequence includes additional actions such as deleting a block that was added to an invalid set and the repeated deletion of a block file in three consecutive steps. These actions are not present in any of the normal example sequences, indicating an abnormal execution workflow."
444755,"['1', '7', '1', '1', '3', '4', '3', '4', '2', '2', '3', '4', '2', '13', '14', '1', '11', '12', '2', '2', '5', '6', '6', '6', '5', '5', '5']","[1, 7, 1, 1, 3, 4, 3, 4, 2, 2, 3, 4, 2, 13, 14, 1, 11, 12, 2, 2, 5, 6, 6, 6, 5, 5, 5]",entity,"The test sequence includes additional steps such as deleting a block that was added to an invalid set and the repeated action of deleting a block file in three consecutive steps, which are not present in any of the normal example sequences. These extra steps indicate an abnormal execution workflow."
444779,"['1', '1', '1', '7', '3', '4', '3', '4', '2', '2', '3', '4', '2', '13', '14', '1', '11', '12', '2', '2', '5', '6', '6', '6', '6', '5', '5', '15', '5', '15']","[1, 1, 1, 7, 3, 4, 3, 4, 2, 2, 3, 4, 2, 13, 14, 1, 11, 12, 2, 2, 5, 6, 6, 6, 6, 5, 5, 15, 5, 15]",entity,"The test sequence deviates from the normal execution workflows as it includes errors such as 'Error deleting block blk_' and 'Error deleting block blk_'. These errors are not present in the normal example sequences, indicating an abnormal execution workflow."
444797,"['1', '7']","[1, 7]",entity,"The test sequence is abnormal because it starts with 'receiving block blk_' instead of the typical starting point 'NameSystem allocateBlock'. Additionally, the order of processes in the test sequence is different from the normal example sequences provided."
445088,"['1', '7', '1', '1', '3', '4', '3', '4', '2', '2', '3', '4', '2', '6', '6', '6', '5', '15', '5', '5']","[1, 7, 1, 1, 3, 4, 3, 4, 2, 2, 3, 4, 2, 6, 6, 6, 5, 15, 5, 5]",entity,"The test sequence includes an error (Error deleting block blk_) which is not present in any of the normal example sequences. Additionally, the test sequence also includes receiving a block from an unknown source, which is not a part of the normal execution workflows. These deviations from the normal examples indicate an abnormal execution workflow."
445601,"['1', '1', '7', '16']",[16],status,"The log message indicates an exception due to a socket timeout while waiting for a channel to be ready, which is not a normal execution process."
446374,"['1', '7', '1', '1', '3', '4', '3', '4', '3', '4', '2', '2', '2', '6', '6', '6', '5', '15', '5', '5']","[1, 7, 1, 1, 3, 4, 3, 4, 3, 4, 2, 2, 2, 6, 6, 6, 5, 15, 5, 5]",entity,"The test sequence includes an additional step of 'Error deleting block blk_' at step 7, which is not present in any of the normal example sequences. This deviation from the normal flow indicates an abnormal execution workflow."
446404,"['1', '1', '1', '7', '3', '4', '3', '4', '3', '4', '2', '2', '2', '6', '6', '6', '5', '5', '15', '5']","[1, 1, 1, 7, 3, 4, 3, 4, 3, 4, 2, 2, 2, 6, 6, 6, 5, 5, 15, 5]",entity,The test sequence includes an additional step of 'Error deleting block blk_' which is not present in any of the normal example sequences. This deviation indicates an abnormal execution workflow.
446418,"['1', '1', '1', '7', '3', '4', '3', '4', '3', '4', '2', '2', '2', '13', '14', '1', '11', '12', '2', '2', '5', '6', '6', '6', '6', '5', '15', '5', '5']","[1, 1, 1, 7, 3, 4, 3, 4, 3, 4, 2, 2, 2, 13, 14, 1, 11, 12, 2, 2, 5, 6, 6, 6, 6, 5, 15, 5, 5]",entity,"The test sequence includes abnormal behavior such as repetitively deleting a block and adding it to the invalid set, which is not observed in any of the normal example sequences. Additionally, the occurrence of an error while deleting a block further indicates abnormal execution."
446632,"['1', '7', '1', '1', '3', '4', '3', '4', '3', '4', '2', '2', '2', '10', '6', '6', '6', '5', '15', '5', '5']","[1, 7, 1, 1, 3, 4, 3, 4, 3, 4, 2, 2, 2, 10, 6, 6, 6, 5, 15, 5, 5]",entity,The test sequence includes an additional step of 'deleting block file' which is not present in any of the normal example sequences. This deviation indicates an abnormal flow in the execution workflow.
447761,"['1', '1', '1', '7', '3', '4', '3', '4', '3', '4', '2', '2', '2', '6', '6', '6', '5', '5', '15', '5']","[1, 1, 1, 7, 3, 4, 3, 4, 3, 4, 2, 2, 2, 6, 6, 6, 5, 5, 15, 5]",entity,The test sequence includes an additional step of 'Error deleting block blk_' which is not present in any of the normal example sequences. This deviation indicates an abnormal execution workflow.
447846,"['1', '1', '7', '1', '3', '4', '2', '2', '3', '4', '3', '4', '2', '6', '6', '6', '5', '15', '5', '5']","[1, 1, 7, 1, 3, 4, 2, 2, 3, 4, 3, 4, 2, 6, 6, 6, 5, 15, 5, 5]",entity,"The test sequence deviates from the normal examples by introducing an 'Error deleting block blk_' step, which is not present in any of the normal sequences. Additionally, the test sequence includes multiple instances of initiating PacketResponders for the same block, which is not a common pattern in the normal examples."
447884,"['1', '1', '7', '1', '3', '4', '3', '4', '3', '4', '2', '2', '2', '6', '6', '6', '5', '5', '5', '15']","[1, 1, 7, 1, 3, 4, 3, 4, 3, 4, 2, 2, 2, 6, 6, 6, 5, 5, 5, 15]",entity,The test sequence includes an additional step '7: Error deleting block blk_' which is not present in any of the normal example sequences. This indicates an abnormal execution workflow.
448022,"['1', '1', '7', '16']",[16],status,"The log message indicates an exception due to a socket timeout while waiting for a channel to be ready, which is not a normal execution process."
448404,"['1', '1', '7', '16']",[16],status,"The log message indicates an exception due to a socket timeout while waiting for a channel to be ready, which is not a normal execution process."
448441,"['1', '7', '1', '1', '3', '4', '3', '4', '3', '4', '2', '2', '2', '6', '6', '6', '5', '5', '5', '15']","[1, 7, 1, 1, 3, 4, 3, 4, 3, 4, 2, 2, 2, 6, 6, 6, 5, 5, 5, 15]",entity,The test sequence includes an additional step at the end (Error deleting block blk_) that is not present in any of the normal example sequences. This deviation indicates an abnormal execution workflow.
448567,"['1', '1', '7', '1', '3', '4', '3', '4', '3', '4', '2', '2', '13', '14', '1', '11', '12', '2', '2', '5', '6', '6', '6', '5', '5', '5']","[1, 1, 7, 1, 3, 4, 3, 4, 3, 4, 2, 2, 13, 14, 1, 11, 12, 2, 2, 5, 6, 6, 6, 5, 5, 5]",entity,"The test sequence includes additional processes such as BLOCK* asks datanode(s) to replicate, Starting thread to transfer block, and deleting block file, which are not present in any of the normal example sequences. This indicates a deviation from the expected normal execution workflows."
449169,"['7', '1', '1', '1', '3', '4', '2', '3', '4', '3', '4', '2', '2', '6', '6', '6', '5', '5', '5', '15']","[7, 1, 1, 1, 3, 4, 2, 3, 4, 3, 4, 2, 2, 6, 6, 6, 5, 5, 5, 15]",entity,"The test sequence deviates from the normal flows as seen in the examples. In the normal examples, the execution flow involves receiving blocks and initiating PacketResponders in a specific order. However, in the test sequence, there are inconsistencies such as receiving blocks from unknown sources, alternating between initiating PacketResponders and receiving blocks, and encountering errors while deleting blocks. These deviations indicate an abnormal execution workflow."
449177,"['1', '7', '1', '1', '3', '4', '3', '4', '3', '4', '2', '2', '2', '6', '6', '6', '5', '5', '15', '5']","[1, 7, 1, 1, 3, 4, 3, 4, 3, 4, 2, 2, 2, 6, 6, 6, 5, 5, 15, 5]",entity,The test sequence includes an additional step of 'Error deleting block blk_' which is not present in any of the normal example sequences. This deviation from the normal workflow indicates an abnormal execution flow.
449288,"['1', '7', '1', '1', '3', '4', '3', '4', '2', '2', '3', '4', '2', '6', '6', '6', '5', '15', '5', '5']","[1, 7, 1, 1, 3, 4, 3, 4, 2, 2, 3, 4, 2, 6, 6, 6, 5, 15, 5, 5]",entity,"The test sequence includes an error (Error deleting block blk_) which is not present in any of the normal example sequences. Additionally, the test sequence also includes receiving a block from an unknown source, which is not a part of the normal execution workflows. These deviations from the normal examples indicate an abnormal execution workflow."
449659,"['1', '7', '1', '1', '3', '4', '3', '4', '3', '4', '2', '2', '2', '6', '6', '6', '5', '15', '5', '5']","[1, 7, 1, 1, 3, 4, 3, 4, 3, 4, 2, 2, 2, 6, 6, 6, 5, 15, 5, 5]",entity,"The test sequence includes an additional step of 'Error deleting block blk_' at step 7, which is not present in any of the normal example sequences. This deviation from the normal flow indicates an abnormal execution workflow."
449734,"['1', '7']","[1, 7]",entity,"The test sequence is abnormal because it starts with 'receiving block blk_' instead of the typical starting point 'NameSystem allocateBlock'. Additionally, the order of processes in the test sequence is different from the normal example sequences provided."
449874,"['1', '7']","[1, 7]",entity,"The test sequence is abnormal because it starts with 'receiving block blk_' instead of the typical starting point 'NameSystem allocateBlock'. Additionally, the order of processes in the test sequence is different from the normal example sequences provided."
449925,"['1', '1', '7', '16']",[16],status,"The log message indicates an exception due to a socket timeout while waiting for a channel to be ready, which is not a normal execution process."
449935,"['7', '1', '1', '1', '3', '4', '3', '4', '3', '4', '2', '2', '2', '6', '6', '6', '5', '5', '15', '5']","[7, 1, 1, 1, 3, 4, 3, 4, 3, 4, 2, 2, 2, 6, 6, 6, 5, 5, 15, 5]",entity,The test sequence includes an additional step of 'Error deleting block blk_' and 'deleting block file' which are not present in any of the normal example sequences. This deviation from the normal sequences indicates an abnormal execution workflow.
450124,"['1', '1', '7', '1', '3', '4', '3', '4', '3', '4', '2', '2', '13', '2', '14', '1', '11', '12', '2', '5', '6', '6', '6', '5', '5', '5']","[1, 1, 7, 1, 3, 4, 3, 4, 3, 4, 2, 2, 13, 2, 14, 1, 11, 12, 2, 5, 6, 6, 6, 5, 5, 5]",entity,"The test sequence includes actions that are not present in any of the normal example sequences, such as 'NameSystem adding stored block' after 'Starting thread to transfer block', 'NameSystem adding stored block' after 'BLOCK* asks datanode(s) to replicate', and 'The sequence involves the action of deleting a block that was added to an invalid set. This action is repeated three times in a sequential manner.' These deviations from the normal sequences indicate an abnormal execution workflow."
450253,"['1', '1', '7', '1', '3', '4', '3', '4', '3', '4', '2', '2', '2', '13', '14', '1', '11', '12', '2', '2', '5', '6', '6', '6', '5', '5', '5']","[1, 1, 7, 1, 3, 4, 3, 4, 3, 4, 2, 2, 2, 13, 14, 1, 11, 12, 2, 2, 5, 6, 6, 6, 5, 5, 5]",entity,The test sequence contains additional actions of deleting a block that were not present in any of the normal example sequences. This deviation from the normal flow indicates an abnormal execution workflow.
450658,"['7', '1', '1', '1', '2', '3', '4', '3', '4', '3', '4', '2', '2', '6', '6', '6', '5', '5', '15', '5']","[7, 1, 1, 1, 2, 3, 4, 3, 4, 3, 4, 2, 2, 6, 6, 6, 5, 5, 15, 5]",entity,"The test sequence deviates significantly from the normal examples provided. It includes actions such as error deleting block blk_, deleting block file twice, and a different order of actions compared to the normal sequences. These deviations indicate an abnormal execution workflow."
450835,"['1', '7', '1', '1', '3', '4', '3', '4', '3', '4', '2', '2', '2', '13', '14', '1', '12', '11', '2', '2', '5', '6', '6', '6', '5', '5', '5']","[1, 7, 1, 1, 3, 4, 3, 4, 3, 4, 2, 2, 2, 13, 14, 1, 12, 11, 2, 2, 5, 6, 6, 6, 5, 5, 5]",entity,"The test sequence includes additional actions that were not present in any of the normal example sequences, such as deleting a block that was added to an invalid set and repeating this action multiple times in a sequential manner. This deviation from the normal flows indicates an abnormal execution workflow."
451184,"['1', '7', '1', '3', '4', '3', '4', '1', '3', '4', '2', '2', '2', '6', '6', '6', '5', '5', '5', '15']","[1, 7, 1, 3, 4, 3, 4, 1, 3, 4, 2, 2, 2, 6, 6, 6, 5, 5, 5, 15]",entity,"The test sequence includes an error deleting a block, which is not present in any of the normal example sequences. This deviation from the normal flow indicates an abnormal execution workflow."
451445,"['1', '1', '1', '7', '4', '3', '4', '2', '2', '3', '3', '4', '2', '13', '14', '1', '12', '2', '11', '2', '5', '6', '6', '6', '5', '5', '5']","[1, 1, 1, 7, 4, 3, 4, 2, 2, 3, 3, 4, 2, 13, 14, 1, 12, 2, 11, 2, 5, 6, 6, 6, 5, 5, 5]",entity,"The test sequence includes multiple instances of receiving the same block, initiating PacketResponder for the same block multiple times, and adding stored blocks in the NameSystem repeatedly, which are not present in the normal example sequences. Additionally, the test sequence involves handling responses related to blocks that are not present in the normal examples. These deviations indicate an abnormal execution workflow."
451711,"['1', '1', '1', '7', '3', '4', '3', '4', '3', '4', '2', '2', '2', '6', '6', '6', '5', '15', '5', '5']","[1, 1, 1, 7, 3, 4, 3, 4, 3, 4, 2, 2, 2, 6, 6, 6, 5, 15, 5, 5]",entity,"The test sequence includes an error in deleting block blk_, which is not present in any of the normal example sequences. Additionally, the test sequence involves deleting block files twice, which is also not a typical behavior in the normal examples provided."
451779,"['1', '1', '1', '7', '3', '4', '3', '4', '3', '4', '2', '2', '2', '13', '14', '1', '11', '12', '2', '2', '5', '6', '6', '6', '5', '5', '5']","[1, 1, 1, 7, 3, 4, 3, 4, 3, 4, 2, 2, 2, 13, 14, 1, 11, 12, 2, 2, 5, 6, 6, 6, 5, 5, 5]",entity,"The test sequence includes additional actions such as deleting a block that was added to an invalid set and repeating this action three times in a sequential manner, which is not present in any of the normal example sequences. This deviation from the normal flow indicates an abnormal execution workflow."
452205,"['1', '1', '1', '7', '3', '4', '3', '4', '2', '3', '4', '2', '2', '19', '6', '6', '6', '5', '5', '5']",[19],status,"The log message indicates a SocketTimeoutException, which is an abnormal condition indicating a timeout while waiting for a channel to be ready for read."
452572,"['1', '1', '1', '7', '3', '4', '3', '4', '3', '4', '2', '2', '2', '6', '6', '6', '5', '5', '15', '5']","[1, 1, 1, 7, 3, 4, 3, 4, 3, 4, 2, 2, 2, 6, 6, 6, 5, 5, 15, 5]",entity,The test sequence includes an additional step of 'Error deleting block blk_' which is not present in any of the normal example sequences. This deviation indicates an abnormal execution workflow.
452654,"['1', '7']","[1, 7]",entity,"The test sequence is abnormal because it starts with 'receiving block blk_' instead of the typical starting point 'NameSystem allocateBlock'. Additionally, the order of processes in the test sequence is different from the normal example sequences provided."
452661,"['1', '1', '1', '7', '3', '4', '3', '4', '3', '4', '2', '2', '2', '6', '6', '6', '5', '5', '15', '5']","[1, 1, 1, 7, 3, 4, 3, 4, 3, 4, 2, 2, 2, 6, 6, 6, 5, 5, 15, 5]",entity,The test sequence includes an additional step of 'Error deleting block blk_' which is not present in any of the normal example sequences. This deviation indicates an abnormal execution workflow.
452732,"['1', '1', '1', '7', '3', '4', '3', '4', '3', '4', '2', '2', '2', '14', '13', '1', '11', '12', '2', '2', '5', '6', '6', '6', '5', '5', '5']","[1, 1, 1, 7, 3, 4, 3, 4, 3, 4, 2, 2, 2, 14, 13, 1, 11, 12, 2, 2, 5, 6, 6, 6, 5, 5, 5]",entity,"The test sequence deviates from the normal_flows execution workflows as seen in the example sequences. The abnormality is observed in steps 4 and 9 where the sequence involves actions that are not part of the normal process flow, such as starting thread to transfer block and deleting a block that was added to an invalid set. These deviations indicate an abnormal_flows execution workflow."
453512,"['1', '1', '1', '7', '3', '4', '3', '4', '3', '4', '2', '2', '2', '6', '6', '6', '5', '15', '5', '5']","[1, 1, 1, 7, 3, 4, 3, 4, 3, 4, 2, 2, 2, 6, 6, 6, 5, 15, 5, 5]",entity,"The test sequence includes an error in deleting block blk_, which is not present in any of the normal example sequences. Additionally, the test sequence involves deleting block files twice, which is also not a typical behavior in the normal examples provided."
454113,"['1', '1', '1', '7', '3', '4', '3', '4', '2', '2', '3', '4', '2', '6', '6', '6', '5', '15', '5', '5']","[1, 1, 1, 7, 3, 4, 3, 4, 2, 2, 3, 4, 2, 6, 6, 6, 5, 15, 5, 5]",entity,"The test sequence deviates from the normal execution workflows as described in the example sequences. The test sequence includes actions such as initiating a PacketResponder for a block without receiving it, receiving a block from an unknown source, and encountering errors in deleting blocks. These inconsistencies indicate an abnormal workflow."
454131,"['1', '1', '7', '1', '3', '4', '3', '4', '3', '4', '2', '2', '2', '6', '6', '6', '5', '5', '5', '15', '15']","[15, 15]",status,The test sequence includes an additional process (Process 1) that is not present in the normal example sequence. This deviation from the expected workflow indicates an abnormal execution flow.
454587,"['1', '7', '1', '1', '3', '4', '3', '4', '2', '2', '3', '4', '2', '6', '6', '6', '5', '15', '5', '5']","[1, 7, 1, 1, 3, 4, 3, 4, 2, 2, 3, 4, 2, 6, 6, 6, 5, 15, 5, 5]",entity,"The test sequence includes an error (Error deleting block blk_) which is not present in any of the normal example sequences. Additionally, the test sequence also includes receiving a block from an unknown source, which is not a part of the normal execution workflows. These deviations from the normal examples indicate an abnormal execution workflow."
454829,"['1', '7', '1', '1', '3', '4', '3', '4', '3', '4', '2', '2', '2', '6', '6', '6', '5', '15', '5', '5']","[1, 7, 1, 1, 3, 4, 3, 4, 3, 4, 2, 2, 2, 6, 6, 6, 5, 15, 5, 5]",entity,"The test sequence includes an additional step of 'Error deleting block blk_' at step 7, which is not present in any of the normal example sequences. This deviation from the normal flow indicates an abnormal execution workflow."
455280,"['1', '1', '1', '7', '3', '4', '3', '4', '3', '4', '2', '2', '2', '13', '14', '1', '11', '12', '2', '2', '5', '6', '6', '6', '5', '5', '5']","[1, 1, 1, 7, 3, 4, 3, 4, 3, 4, 2, 2, 2, 13, 14, 1, 11, 12, 2, 2, 5, 6, 6, 6, 5, 5, 5]",entity,"The test sequence includes additional actions such as deleting a block that was added to an invalid set and repeating this action three times in a sequential manner, which is not present in any of the normal example sequences. This deviation from the normal flow indicates an abnormal execution workflow."
455559,"['1', '7', '1', '1', '3', '4', '3', '4', '3', '4', '2', '2', '2', '6', '6', '6', '5', '5', '15', '5']","[1, 7, 1, 1, 3, 4, 3, 4, 3, 4, 2, 2, 2, 6, 6, 6, 5, 5, 15, 5]",entity,The test sequence includes an additional step of 'Error deleting block blk_' which is not present in any of the normal example sequences. This deviation from the normal workflow indicates an abnormal execution flow.
455577,"['1', '1', '1', '7', '3', '4', '3', '4', '3', '4', '2', '2', '2', '6', '6', '6', '5', '15', '5', '5']","[1, 1, 1, 7, 3, 4, 3, 4, 3, 4, 2, 2, 2, 6, 6, 6, 5, 15, 5, 5]",entity,"The test sequence includes an error in deleting block blk_, which is not present in any of the normal example sequences. Additionally, the test sequence involves deleting block files twice, which is also not a typical behavior in the normal examples provided."
455825,"['7', '1']","[7, 1]",entity,"The test sequence deviates from the normal flows as it does not follow the sequential pattern of handling and receiving blocks as seen in the normal example sequences. In the normal examples, there is a consistent flow of handling and receiving blocks in a specific order, but the test sequence only includes handling and receiving one block which is different from the expected pattern."
456198,"['1', '1', '7', '1', '3', '4', '3', '4', '3', '4', '2', '2', '2', '6', '6', '6', '5', '15', '5', '5']","[1, 1, 7, 1, 3, 4, 3, 4, 3, 4, 2, 2, 2, 6, 6, 6, 5, 15, 5, 5]",entity,The test sequence includes an additional step of 'Error deleting block blk_' which is not present in any of the normal example sequences. This indicates an abnormal flow in the execution workflow.
456316,"['1', '7', '1', '1', '3', '4', '3', '4', '3', '4', '2', '2', '2', '13', '14', '1', '11', '12', '2', '2', '5', '6', '6', '6', '5', '5', '5']","[1, 7, 1, 1, 3, 4, 3, 4, 3, 4, 2, 2, 2, 13, 14, 1, 11, 12, 2, 2, 5, 6, 6, 6, 5, 5, 5]",entity,"The test sequence includes additional steps such as deleting a block that was added to an invalid set and repeating this action multiple times, which is not present in any of the normal example sequences. This abnormal behavior indicates a deviation from the expected normal execution workflows."
456380,"['1', '1', '7', '1', '3', '4', '2', '3', '4', '3', '4', '2', '2', '6', '6', '6', '5', '5', '15', '5']","[1, 1, 7, 1, 3, 4, 2, 3, 4, 3, 4, 2, 2, 6, 6, 6, 5, 5, 15, 5]",entity,"The test sequence includes several inconsistencies compared to the normal example sequences. For instance, the test sequence involves receiving blocks in a different order, unknown sources, and errors in deleting blocks. Additionally, the alternating actions of PacketResponder and receiving blocks are not consistent with the normal flow patterns observed in the example sequences."
456410,"['1', '7']","[1, 7]",entity,"The test sequence is abnormal because it starts with 'receiving block blk_' instead of the typical starting point 'NameSystem allocateBlock'. Additionally, the order of processes in the test sequence is different from the normal example sequences provided."
456717,"['1', '7', '1', '1', '3', '4', '3', '4', '3', '4', '2', '2', '2', '6', '6', '6', '5', '5', '15', '5']","[1, 7, 1, 1, 3, 4, 3, 4, 3, 4, 2, 2, 2, 6, 6, 6, 5, 5, 15, 5]",entity,The test sequence includes an additional step of 'Error deleting block blk_' which is not present in any of the normal example sequences. This deviation from the normal workflow indicates an abnormal execution flow.
456742,"['1', '1', '1', '7', '3', '4', '3', '4', '3', '4', '2', '2', '2', '6', '6', '6', '5', '5', '15', '5']","[1, 1, 1, 7, 3, 4, 3, 4, 3, 4, 2, 2, 2, 6, 6, 6, 5, 5, 15, 5]",entity,The test sequence includes an additional step of 'Error deleting block blk_' which is not present in any of the normal example sequences. This deviation indicates an abnormal execution workflow.
457036,"['1', '1', '7', '1', '3', '4', '2', '3', '4', '3', '4', '2', '2', '6', '6', '6', '5', '5', '5', '15']","[1, 1, 7, 1, 3, 4, 2, 3, 4, 3, 4, 2, 2, 6, 6, 6, 5, 5, 5, 15]",entity,"The test sequence includes an unknown source for receiving block blk_, which is not present in any of the normal example sequences. Additionally, the presence of an error deleting block blk_ at the end of the sequence is also abnormal and not observed in any of the normal examples."
457050,"['1', '1', '1', '7', '17', '3', '4', '17', '3', '4', '17', '3', '4', '2', '2', '2', '6', '6', '6', '5', '5', '5']",[17],status,"The log message indicates a SocketTimeoutException which suggests a timeout while waiting for a channel to be ready for write, which is abnormal behavior."
457117,"['1', '1', '1', '7', '3', '4', '3', '4', '3', '4', '2', '2', '2', '6', '6', '6', '5', '5', '15', '5']","[1, 1, 1, 7, 3, 4, 3, 4, 3, 4, 2, 2, 2, 6, 6, 6, 5, 5, 15, 5]",entity,The test sequence includes an additional step of 'Error deleting block blk_' which is not present in any of the normal example sequences. This deviation indicates an abnormal execution workflow.
457323,"['1', '7', '1', '1', '3', '4', '3', '4', '3', '4', '2', '2', '2', '6', '6', '6', '5', '5', '15', '5']","[1, 7, 1, 1, 3, 4, 3, 4, 3, 4, 2, 2, 2, 6, 6, 6, 5, 5, 15, 5]",entity,The test sequence includes an additional step of 'Error deleting block blk_' which is not present in any of the normal example sequences. This deviation from the normal workflow indicates an abnormal execution flow.
457359,"['1', '1', '7', '16']",[16],status,"The log message indicates an exception due to a socket timeout while waiting for a channel to be ready, which is not a normal execution process."
457819,"['1', '1', '1', '7', '3', '4', '3', '4', '3', '4', '2', '2', '2', '6', '6', '6', '5', '10', '5', '5']","[1, 1, 1, 7, 3, 4, 3, 4, 3, 4, 2, 2, 2, 6, 6, 6, 5, 10, 5, 5]",entity,The test sequence deviates from the normal examples as it includes additional actions such as deleting block file twice and missing actions such as receiving block blk_ from an unknown source and NameSystem adding stored block in a sequential manner.
457821,"['1', '7', '1', '1', '13', '3', '4', '3', '4', '3', '4', '2', '2', '14', '2', '1', '12', '11', '2', '5', '6', '6', '6', '5', '5', '5']","[1, 7, 1, 1, 13, 3, 4, 3, 4, 3, 4, 2, 2, 14, 2, 1, 12, 11, 2, 5, 6, 6, 6, 5, 5, 5]",entity,"The test sequence includes actions that are not present in any of the normal example sequences, such as BLOCK* asks datanode(s) to replicate, Starting thread to transfer block, and transmitting block. Additionally, the test sequence involves repeating actions that are not part of the normal sequences, such as deleting a block that was added to an invalid set three times in a sequential manner."
457864,"['1', '1', '7', '16']",[16],status,"The log message indicates an exception due to a socket timeout while waiting for a channel to be ready, which is not a normal execution process."
458206,"['7', '1', '1', '1', '3', '4', '3', '4', '2', '2', '3', '4', '2', '6', '6', '6', '5', '15', '5', '5']","[7, 1, 1, 1, 3, 4, 3, 4, 2, 2, 3, 4, 2, 6, 6, 6, 5, 15, 5, 5]",entity,"The test sequence deviates significantly from the normal execution workflows seen in the example sequences. The test sequence involves multiple inconsistencies such as receiving blocks from unknown sources, initiating PacketResponders for blocks without a clear pattern, and errors in deleting block files. These deviations indicate an abnormal execution workflow."
458701,"['1', '7']","[1, 7]",entity,"The test sequence is abnormal because it starts with 'receiving block blk_' instead of the typical starting point 'NameSystem allocateBlock'. Additionally, the order of processes in the test sequence is different from the normal example sequences provided."
458722,"['7', '1']","[7, 1]",entity,"The test sequence deviates from the normal flows as it does not follow the sequential pattern of handling and receiving blocks as seen in the normal example sequences. In the normal examples, there is a consistent flow of handling and receiving blocks in a specific order, but the test sequence only includes handling and receiving one block which is different from the expected pattern."
458835,"['1', '1', '7', '1', '3', '4', '3', '4', '2', '2', '3', '4', '2', '6', '6', '6', '5', '5', '15', '5']","[1, 1, 7, 1, 3, 4, 3, 4, 2, 2, 3, 4, 2, 6, 6, 6, 5, 5, 15, 5]",entity,The test sequence deviates from the normal execution workflows as it includes an error deleting a block blk_ and an additional step of deleting block file after an unknown source is mentioned. These deviations indicate an abnormal flow of processes compared to the normal examples provided.
459018,"['1', '1', '1', '7', '3', '4', '3', '4', '3', '4', '2', '2', '2', '6', '6', '6', '5', '5', '15', '5']","[1, 1, 1, 7, 3, 4, 3, 4, 3, 4, 2, 2, 2, 6, 6, 6, 5, 5, 15, 5]",entity,The test sequence includes an additional step of 'Error deleting block blk_' which is not present in any of the normal example sequences. This deviation indicates an abnormal execution workflow.
459035,"['1', '1', '7', '1', '3', '4', '3', '4', '3', '4', '2', '2', '2', '13', '14', '11', '1', '12', '2', '2', '5', '6', '6', '6', '5', '5', '5']","[1, 1, 7, 1, 3, 4, 3, 4, 3, 4, 2, 2, 2, 13, 14, 11, 1, 12, 2, 2, 5, 6, 6, 6, 5, 5, 5]",entity,"The test sequence involves additional steps that are not present in any of the normal example sequences. Specifically, steps 7, 10, and 11 are unique to the test sequence and indicate a deviation from the expected normal execution workflows."
459307,"['1', '1', '7', '1', '3', '4', '3', '4', '3', '4', '2', '2', '2', '6', '6', '6', '5', '15', '5', '5']","[1, 1, 7, 1, 3, 4, 3, 4, 3, 4, 2, 2, 2, 6, 6, 6, 5, 15, 5, 5]",entity,The test sequence includes an additional step of 'Error deleting block blk_' which is not present in any of the normal example sequences. This indicates an abnormal flow in the execution workflow.
459396,"['1', '7', '1', '1', '3', '4', '3', '4', '3', '4', '2', '2', '2', '6', '6', '6', '5', '15', '5', '5']","[1, 7, 1, 1, 3, 4, 3, 4, 3, 4, 2, 2, 2, 6, 6, 6, 5, 15, 5, 5]",entity,"The test sequence includes an additional step of 'Error deleting block blk_' at step 7, which is not present in any of the normal example sequences. This deviation from the normal flow indicates an abnormal execution workflow."
459507,"['1', '7', '1', '3', '4', '1', '3', '4', '3', '4', '2', '2', '2', '6', '6', '6', '5', '15', '5', '5']","[1, 7, 1, 3, 4, 1, 3, 4, 3, 4, 2, 2, 2, 6, 6, 6, 5, 15, 5, 5]",entity,"The test sequence deviates from the normal execution workflows seen in the examples. The abnormality is evident in the additional steps of 'deleting block file', 'Error deleting block blk_', and 'The execution sequence involves deleting a block file twice', which are not present in any of the normal example sequences."
459705,"['1', '1', '7', '16']",[16],status,"The log message indicates an exception due to a socket timeout while waiting for a channel to be ready, which is not a normal execution process."
460099,"['1', '1', '7', '1', '3', '4', '3', '4', '3', '4', '2', '2', '2', '6', '6', '6', '5', '5', '5', '15']","[1, 1, 7, 1, 3, 4, 3, 4, 3, 4, 2, 2, 2, 6, 6, 6, 5, 5, 5, 15]",entity,The test sequence includes an additional step '7: Error deleting block blk_' which is not present in any of the normal example sequences. This indicates an abnormal execution workflow.
460462,"['1', '7', '1', '1', '3', '4', '3', '4', '3', '4', '2', '2', '2', '6', '6', '6', '5', '15', '5', '5']","[1, 7, 1, 1, 3, 4, 3, 4, 3, 4, 2, 2, 2, 6, 6, 6, 5, 15, 5, 5]",entity,"The test sequence includes an additional step of 'Error deleting block blk_' at step 7, which is not present in any of the normal example sequences. This deviation from the normal flow indicates an abnormal execution workflow."
461100,"['1', '7', '1', '1', '3', '4', '3', '4', '3', '4', '2', '2', '2', '13', '14', '1', '12', '11', '2', '2', '5', '6', '6', '6', '5', '5', '5']","[1, 7, 1, 1, 3, 4, 3, 4, 3, 4, 2, 2, 2, 13, 14, 1, 12, 11, 2, 2, 5, 6, 6, 6, 5, 5, 5]",entity,"The test sequence includes additional actions that were not present in any of the normal example sequences, such as deleting a block that was added to an invalid set and repeating this action multiple times in a sequential manner. This deviation from the normal flows indicates an abnormal execution workflow."
461214,"['1', '7']","[1, 7]",entity,"The test sequence is abnormal because it starts with 'receiving block blk_' instead of the typical starting point 'NameSystem allocateBlock'. Additionally, the order of processes in the test sequence is different from the normal example sequences provided."
461599,"['7', '1', '1', '1', '3', '4', '2', '3', '4', '3', '4', '2', '2', '13', '14', '1', '11', '12', '2', '2', '5', '6', '6', '6', '6', '5', '15', '5', '5']","[7, 1, 1, 1, 3, 4, 2, 3, 4, 3, 4, 2, 2, 13, 14, 1, 11, 12, 2, 2, 5, 6, 6, 6, 6, 5, 15, 5, 5]",entity,"The test sequence deviates from the normal workflow by repeatedly deleting a block and adding it to the invalid set, which is not a standard behavior observed in the normal examples. Additionally, the presence of an error in deleting a block further indicates an abnormal execution workflow."
461611,"['1', '1', '7', '1', '3', '4', '3', '4', '2', '2', '3', '4', '2', '13', '14', '1', '12', '11', '2', '2', '5', '6', '6', '6', '5', '5', '5']","[1, 1, 7, 1, 3, 4, 3, 4, 2, 2, 3, 4, 2, 13, 14, 1, 12, 11, 2, 2, 5, 6, 6, 6, 5, 5, 5]",entity,"The test sequence includes additional actions that are not present in any of the normal example sequences. Specifically, the actions of deleting a block that was added to an invalid set and deleting a block file in three consecutive steps are not part of the normal workflow observed in the example sequences."
461695,"['1', '1', '7', '1', '3', '4', '3', '4', '3', '4', '2', '2', '2', '6', '6', '6', '5', '5', '15', '15', '5']","[15, 15]",status,The test sequence includes an additional process (Process 1) that is not present in the normal example sequence. This deviation from the expected workflow indicates an abnormal execution flow.
462674,"['1', '1', '7', '1', '3', '4', '3', '4', '3', '4', '2', '2', '2', '6', '6', '6', '5', '5', '15', '5']","[1, 1, 7, 1, 3, 4, 3, 4, 3, 4, 2, 2, 2, 6, 6, 6, 5, 5, 15, 5]",entity,The test sequence includes an additional step of 'Error deleting block blk_' which is not present in any of the normal example sequences. This indicates a deviation from the expected normal execution workflow.
462703,"['1', '1', '7', '16']",[16],status,"The log message indicates an exception due to a socket timeout while waiting for a channel to be ready, which is not a normal execution process."
463486,"['1', '7', '1', '1', '3', '4', '3', '4', '3', '4', '2', '2', '2', '6', '6', '6', '5', '5', '5', '15']","[1, 7, 1, 1, 3, 4, 3, 4, 3, 4, 2, 2, 2, 6, 6, 6, 5, 5, 5, 15]",entity,The test sequence includes an additional step at the end (Error deleting block blk_) that is not present in any of the normal example sequences. This deviation indicates an abnormal execution workflow.
463519,"['1', '7', '1', '16']",[16],status,"The log message indicates an exception due to a socket timeout while waiting for a channel to be ready, which is not a normal execution process."
463908,"['7', '1']","[7, 1]",entity,"The test sequence deviates from the normal flows as it does not follow the sequential pattern of handling and receiving blocks as seen in the normal example sequences. In the normal examples, there is a consistent flow of handling and receiving blocks in a specific order, but the test sequence only includes handling and receiving one block which is different from the expected pattern."
464040,"['1', '1', '7', '16']",[16],status,"The log message indicates an exception due to a socket timeout while waiting for a channel to be ready, which is not a normal execution process."
464797,"['1', '7', '1', '1', '3', '4', '3', '4', '3', '4', '2', '2', '2', '19', '6', '6', '6', '5', '5', '5']",[19],status,"The log message indicates a SocketTimeoutException, which is an abnormal condition indicating a timeout while waiting for a channel to be ready for read."
465157,"['1', '7', '1', '1', '3', '4', '3', '4', '3', '4', '2', '2', '19', '2', '13', '14', '1', '12', '11', '2', '2', '5', '6', '6', '6', '5', '5', '5', '15']",[19],status,"The log message indicates a SocketTimeoutException, which is an abnormal condition indicating a timeout while waiting for a channel to be ready for read."
465798,"['1', '1', '7', '3', '4', '1', '3', '4', '3', '4', '2', '2', '2', '6', '6', '6', '5', '15', '5', '5']","[1, 1, 7, 3, 4, 1, 3, 4, 3, 4, 2, 2, 2, 6, 6, 6, 5, 15, 5, 5]",entity,The test sequence deviates from the normal execution workflows in the following ways: 1) The action of receiving block blk_ from an unknown source is not part of the normal flow. 2) The alternating actions of initiating PacketResponders and receiving blocks is not consistent with the normal sequences. 3) The error in deleting block blk_ is unexpected and not part of the normal flow.
465803,"['1', '1', '7', '16']",[16],status,"The log message indicates an exception due to a socket timeout while waiting for a channel to be ready, which is not a normal execution process."
466060,"['1', '1', '7', '1', '3', '4', '2', '3', '4', '3', '4', '2', '2', '6', '6', '6', '5', '5', '5', '15']","[1, 1, 7, 1, 3, 4, 2, 3, 4, 3, 4, 2, 2, 6, 6, 6, 5, 5, 5, 15]",entity,"The test sequence includes an unknown source for receiving block blk_, which is not present in any of the normal example sequences. Additionally, the presence of an error deleting block blk_ at the end of the sequence is also abnormal and not observed in any of the normal examples."
466495,"['1', '1', '7', '1', '3', '4', '3', '4', '2', '3', '4', '2', '2', '6', '6', '6', '5', '5', '5', '15']","[1, 1, 7, 1, 3, 4, 3, 4, 2, 3, 4, 2, 2, 6, 6, 6, 5, 5, 5, 15]",entity,"The test sequence deviates from the normal flows execution workflows observed in the examples. The sequence includes actions such as receiving blocks sequentially from Process 0 to Process 1, initiating PacketResponders for specific blocks, and adding stored blocks in a sequential manner. However, the sudden appearance of an error in deleting a block (Error deleting block blk_) is not part of the normal flow patterns observed in the examples, indicating an abnormal execution workflow."
466673,"['1', '7', '1', '1', '3', '4', '3', '4', '3', '4', '2', '2', '2', '6', '6', '6', '5', '5', '5', '15']","[1, 7, 1, 1, 3, 4, 3, 4, 3, 4, 2, 2, 2, 6, 6, 6, 5, 5, 5, 15]",entity,The test sequence includes an additional step at the end (Error deleting block blk_) that is not present in any of the normal example sequences. This deviation indicates an abnormal execution workflow.
466835,"['1', '1', '3', '4', '3', '4', '1', '3', '4', '2', '2', '7', '2', '6', '6', '6', '5', '5', '5']","[1, 1, 3, 4, 3, 4, 1, 3, 4, 2, 2, 7, 2, 6, 6, 6, 5, 5, 5]",entity,"The test sequence includes additional actions such as allocating a block and adding a stored block, which are not present in any of the normal example sequences. This deviation from the normal workflow indicates an abnormal execution flow."
466933,"['1', '1', '1', '3', '4', '2', '2', '2', '7', '3', '4', '3', '4', '6', '6', '6', '5', '5', '5']","[1, 1, 1, 3, 4, 2, 2, 2, 7, 3, 4, 3, 4, 6, 6, 6, 5, 5, 5]",entity,"The test sequence includes a different flow compared to the normal sequences. In the normal sequences, the actions are performed in a specific order and with specific repetitions, while the test sequence introduces new actions and changes the order of existing actions."
467179,"['1', '3', '4', '1', '3', '4', '1', '3', '4', '7', '2', '8', '2', '2', '6', '6', '6', '5', '5', '5']","[1, 3, 4, 1, 3, 4, 1, 3, 4, 7, 2, 8, 2, 2, 6, 6, 6, 5, 5, 5]",entity,"The test sequence deviates from the normal execution workflows seen in the examples provided. In the normal examples, the sequences involve a specific order of actions such as receiving blocks, initiating PacketResponders, adding stored blocks, serving blocks, and deleting blocks in a sequential manner. However, in the test sequence, the order of actions is different and does not follow the expected pattern observed in the normal examples."
468124,"['1', '7']","[1, 7]",entity,"The test sequence is abnormal because it starts with 'receiving block blk_' instead of the typical starting point 'NameSystem allocateBlock'. Additionally, the order of processes in the test sequence is different from the normal example sequences provided."
468935,"['1', '1', '7', '1', '3', '4', '4', '3', '4', '2', '2', '3', '13', '14', '1', '11', '12', '2', '2', '2', '5']","[1, 1, 7, 1, 3, 4, 4, 3, 4, 2, 2, 3, 13, 14, 1, 11, 12, 2, 2, 2, 5]",entity,"The test sequence deviates from the normal execution workflows seen in the example sequences. In the normal examples, the sequence of actions is consistent and sequential, starting with receiving a block, then adding a stored block, followed by tasks like replication and block transfer. However, the test sequence introduces new actions such as receiving the same block from different locations and the order of some actions is different from the normal examples."
469049,"['7', '1']","[7, 1]",entity,"The test sequence deviates from the normal flows as it does not follow the sequential pattern of handling and receiving blocks as seen in the normal example sequences. In the normal examples, there is a consistent flow of handling and receiving blocks in a specific order, but the test sequence only includes handling and receiving one block which is different from the expected pattern."
469297,"['1', '7', '1', '1', '3', '4', '3', '4', '3', '4', '2', '2', '2', '14', '13', '1', '11', '12', '2', '2', '5', '10']","[1, 7, 1, 1, 3, 4, 3, 4, 3, 4, 2, 2, 2, 14, 13, 1, 11, 12, 2, 2, 5, 10]",entity,"The test sequence is abnormal because it deviates from the normal execution workflows seen in the context. In the normal examples, there is a consistent pattern of receiving blocks, initiating PacketResponders, adding stored blocks, and replicating data. However, the test sequence introduces new steps like starting a thread to transfer a block and a different order of actions compared to the normal examples."
469646,"['1', '1', '7', '16']",[16],status,"The log message indicates an exception due to a socket timeout while waiting for a channel to be ready, which is not a normal execution process."
469654,"['1', '7']","[1, 7]",entity,"The test sequence is abnormal because it starts with 'receiving block blk_' instead of the typical starting point 'NameSystem allocateBlock'. Additionally, the order of processes in the test sequence is different from the normal example sequences provided."
470071,"['7', '1']","[7, 1]",entity,"The test sequence deviates from the normal flows as it does not follow the sequential pattern of handling and receiving blocks as seen in the normal example sequences. In the normal examples, there is a consistent flow of handling and receiving blocks in a specific order, but the test sequence only includes handling and receiving one block which is different from the expected pattern."
471793,"['1', '1', '7', '16']",[16],status,"The log message indicates an exception due to a socket timeout while waiting for a channel to be ready, which is not a normal execution process."
472177,"['1', '7']","[1, 7]",entity,"The test sequence is abnormal because it starts with 'receiving block blk_' instead of the typical starting point 'NameSystem allocateBlock'. Additionally, the order of processes in the test sequence is different from the normal example sequences provided."
473026,"['1', '7']","[1, 7]",entity,"The test sequence is abnormal because it starts with 'receiving block blk_' instead of the typical starting point 'NameSystem allocateBlock'. Additionally, the order of processes in the test sequence is different from the normal example sequences provided."
473316,"['7', '1', '1', '1', '3', '4', '3', '4', '3', '4', '2', '2', '14', '13', '1', '12', '11', '2', '2', '2', '5']","[7, 1, 1, 1, 3, 4, 3, 4, 3, 4, 2, 2, 14, 13, 1, 12, 11, 2, 2, 2, 5]",entity,"The test sequence deviates from the normal execution workflows as seen in the examples. In the normal examples, the sequence starts with receiving blocks, followed by initiating PacketResponder, adding stored blocks, and then performing other actions like replication and transferring blocks. In contrast, the test sequence starts with NameSystem allocateBlock, followed by receiving blocks, which is not consistent with the normal workflows. Additionally, the order of actions in the test sequence is different from the normal examples, indicating an abnormal execution workflow."
474706,"['1', '7']","[1, 7]",entity,"The test sequence is abnormal because it starts with 'receiving block blk_' instead of the typical starting point 'NameSystem allocateBlock'. Additionally, the order of processes in the test sequence is different from the normal example sequences provided."
474906,"['1', '3', '4', '1', '3', '4', '1', '3', '4', '2', '2', '7', '2', '10']","[1, 3, 4, 1, 3, 4, 1, 3, 4, 2, 2, 7, 2, 10]",entity,"The test sequence includes receiving block blk_ from an unknown source, which is not present in any of the normal example sequences. Additionally, the test sequence does not follow the sequential pattern of actions seen in the normal examples."
474917,"['1', '7']","[1, 7]",entity,"The test sequence is abnormal because it starts with 'receiving block blk_' instead of the typical starting point 'NameSystem allocateBlock'. Additionally, the order of processes in the test sequence is different from the normal example sequences provided."
474993,"['1', '1', '3', '4', '1', '3', '4', '3', '4', '2', '7', '2', '2']","[1, 1, 3, 4, 1, 3, 4, 3, 4, 2, 7, 2, 2]",entity,"The test sequence includes actions that are not present in any of the normal example sequences. The sequence of actions in the test sequence does not match the patterns observed in the normal sequences, indicating an abnormal workflow."
475275,"['1', '7', '1', '16']",[16],status,"The log message indicates an exception due to a socket timeout while waiting for a channel to be ready, which is not a normal execution process."
475303,"['1', '1', '7', '16']",[16],status,"The log message indicates an exception due to a socket timeout while waiting for a channel to be ready, which is not a normal execution process."
475539,"['1', '7', '1', '16']",[16],status,"The log message indicates an exception due to a socket timeout while waiting for a channel to be ready, which is not a normal execution process."
475753,"['1', '7']","[1, 7]",entity,"The test sequence is abnormal because it starts with 'receiving block blk_' instead of the typical starting point 'NameSystem allocateBlock'. Additionally, the order of processes in the test sequence is different from the normal example sequences provided."
475874,"['1', '1', '7', '16']",[16],status,"The log message indicates an exception due to a socket timeout while waiting for a channel to be ready, which is not a normal execution process."
476617,"['1', '1', '7', '1', '4', '3', '4', '3', '4', '2', '2', '2', '3', '10']","[3, 10]",action,"The test sequence includes a successful verification for blk_, which is followed by an exception while serving blk_. This sequence does not match any of the normal example sequences provided, indicating an abnormal execution workflow."
476672,"['1', '7']","[1, 7]",entity,"The test sequence is abnormal because it starts with 'receiving block blk_' instead of the typical starting point 'NameSystem allocateBlock'. Additionally, the order of processes in the test sequence is different from the normal example sequences provided."
476735,"['1', '7']","[1, 7]",entity,"The test sequence is abnormal because it starts with 'receiving block blk_' instead of the typical starting point 'NameSystem allocateBlock'. Additionally, the order of processes in the test sequence is different from the normal example sequences provided."
477413,"['1', '1', '1', '7', '3', '4', '3', '4', '3', '4', '2', '2', '2', '10', '13', '14', '1', '11', '12', '2', '2', '5']","[1, 1, 1, 7, 3, 4, 3, 4, 3, 4, 2, 2, 2, 10, 13, 14, 1, 11, 12, 2, 2, 5]",entity,The test sequence deviates from the normal examples as it includes an additional step of 'Successful verification for blk_' which is not present in any of the normal sequences. This deviation indicates an abnormal execution workflow.
477462,"['1', '1', '7', '1', '3', '4', '3', '4', '3', '4', '2', '2', '19', '2']",[19],status,"The log message indicates a SocketTimeoutException, which is an abnormal condition indicating a timeout while waiting for a channel to be ready for read."
478046,"['1', '7', '1', '1', '3', '4', '2', '3', '4', '3', '4', '2', '19', '2']",[19],status,"The log message indicates a SocketTimeoutException, which is an abnormal condition indicating a timeout while waiting for a channel to be ready for read."
478087,"['1', '1', '7', '1', '3', '4', '3', '4', '3', '4', '2', '2', '2', '19']",[19],status,"The log message indicates a SocketTimeoutException, which is an abnormal condition indicating a timeout while waiting for a channel to be ready for read."
478605,"['1', '7', '1', '16']",[16],status,"The log message indicates an exception due to a socket timeout while waiting for a channel to be ready, which is not a normal execution process."
478832,"['1', '7', '1', '1', '3', '4', '3', '4', '2', '2', '14', '13', '11', '1', '3', '4', '12', '2', '2', '5']","[1, 7, 1, 1, 3, 4, 3, 4, 2, 2, 14, 13, 11, 1, 3, 4, 12, 2, 2, 5]",entity,"The test sequence deviates from the normal execution workflows seen in the examples. In the normal examples, there is a consistent pattern of receiving blocks, initiating PacketResponders, adding stored blocks, and transferring blocks. However, in the test sequence, there are inconsistencies such as receiving blocks and transmitting blocks occurring in a different order, and the actions of receiving and transmitting blocks being interchanged. These deviations suggest an abnormal execution workflow."
480806,"['1', '3', '4', '1', '3', '4', '1', '2', '2', '2', '7', '3', '4']","[1, 3, 4, 1, 3, 4, 1, 2, 2, 2, 7, 3, 4]",entity,"The test sequence is abnormal because it includes additional actions related to adding a stored block in the NameSystem, which are not present in any of the normal example sequences. This deviation from the normal flow indicates an abnormal execution workflow."
481018,"['1', '1', '7', '1', '17', '3', '4', '17', '3', '4', '17', '3', '4', '2', '2', '2']",[17],status,"The log message indicates a SocketTimeoutException which suggests a timeout while waiting for a channel to be ready for write, which is abnormal behavior."
481195,"['1', '7', '1', '16']",[16],status,"The log message indicates an exception due to a socket timeout while waiting for a channel to be ready, which is not a normal execution process."
481717,"['1', '7']","[1, 7]",entity,"The test sequence is abnormal because it starts with 'receiving block blk_' instead of the typical starting point 'NameSystem allocateBlock'. Additionally, the order of processes in the test sequence is different from the normal example sequences provided."
481982,"['1', '7', '1', '16']",[16],status,"The log message indicates an exception due to a socket timeout while waiting for a channel to be ready, which is not a normal execution process."
482683,"['1', '7', '1', '16']",[16],status,"The log message indicates an exception due to a socket timeout while waiting for a channel to be ready, which is not a normal execution process."
483391,"['1', '7']","[1, 7]",entity,"The test sequence is abnormal because it starts with 'receiving block blk_' instead of the typical starting point 'NameSystem allocateBlock'. Additionally, the order of processes in the test sequence is different from the normal example sequences provided."
483515,"['1', '1', '7', '16']",[16],status,"The log message indicates an exception due to a socket timeout while waiting for a channel to be ready, which is not a normal execution process."
484382,"['7', '1']","[7, 1]",entity,"The test sequence deviates from the normal flows as it does not follow the sequential pattern of handling and receiving blocks as seen in the normal example sequences. In the normal examples, there is a consistent flow of handling and receiving blocks in a specific order, but the test sequence only includes handling and receiving one block which is different from the expected pattern."
484940,"['1', '7']","[1, 7]",entity,"The test sequence is abnormal because it starts with 'receiving block blk_' instead of the typical starting point 'NameSystem allocateBlock'. Additionally, the order of processes in the test sequence is different from the normal example sequences provided."
485804,"['1', '7']","[1, 7]",entity,"The test sequence is abnormal because it starts with 'receiving block blk_' instead of the typical starting point 'NameSystem allocateBlock'. Additionally, the order of processes in the test sequence is different from the normal example sequences provided."
486054,"['1', '7']","[1, 7]",entity,"The test sequence is abnormal because it starts with 'receiving block blk_' instead of the typical starting point 'NameSystem allocateBlock'. Additionally, the order of processes in the test sequence is different from the normal example sequences provided."
486191,"['1', '1', '1', '7', '3', '4', '3', '4', '4', '2', '2', '2', '3', '10']","[3, 10]",action,"The test sequence includes a successful verification for blk_, which is followed by an exception while serving blk_. This sequence does not match any of the normal example sequences provided, indicating an abnormal execution workflow."
486893,"['1', '7', '1', '1', '3', '4', '3', '4', '3', '4', '2', '2', '19', '2']",[19],status,"The log message indicates a SocketTimeoutException, which is an abnormal condition indicating a timeout while waiting for a channel to be ready for read."
487020,"['1', '1', '1', '7', '17', '3', '4', '17', '3', '4', '17', '3', '4', '2', '2', '2']",[17],status,"The log message indicates a SocketTimeoutException which suggests a timeout while waiting for a channel to be ready for write, which is abnormal behavior."
487097,"['1', '1', '7', '1', '13', '3', '4', '3', '4', '1', '3', '4', '2', '2', '2', '14', '12', '11', '2', '5']","[1, 1, 7, 1, 13, 3, 4, 3, 4, 1, 3, 4, 2, 2, 2, 14, 12, 11, 2, 5]",entity,"The test sequence has a different execution flow compared to the normal example sequences. In the normal examples, the sequences start with receiving blocks sequentially, followed by specific actions like allocating blocks, replicating data, initiating PacketResponders, and adding stored blocks. However, the test sequence starts with a different action of receiving a block, followed by allocating a block and then replicating data. This deviation from the expected execution flow indicates an abnormal workflow."
487248,"['1', '1', '7', '1', '17', '3', '4', '17', '3', '4', '17', '3', '4', '2', '2', '2']",[17],status,"The log message indicates a SocketTimeoutException which suggests a timeout while waiting for a channel to be ready for write, which is abnormal behavior."
487430,"['1', '1', '1', '7', '3', '4', '4', '4', '2', '2', '3', '3', '2', '10']","[4, 4, 4]",status,The test sequence includes an additional step of receiving a block compared to the normal examples. This indicates a deviation from the expected normal flow and suggests an abnormal execution workflow.
487966,"['1', '7', '1', '1', '17', '3', '4', '17', '3', '4', '17', '3', '4', '2', '2', '2']",[17],status,"The log message indicates a SocketTimeoutException which suggests a timeout while waiting for a channel to be ready for write, which is abnormal behavior."
488157,"['1', '7', '1', '1', '17', '3', '4', '17', '3', '4', '17', '3', '4', '2', '2', '2']",[17],status,"The log message indicates a SocketTimeoutException which suggests a timeout while waiting for a channel to be ready for write, which is abnormal behavior."
488724,"['1', '1', '1', '7', '17', '3', '4', '17', '3', '4', '17', '3', '4', '2', '2', '2']",[17],status,"The log message indicates a SocketTimeoutException which suggests a timeout while waiting for a channel to be ready for write, which is abnormal behavior."
488729,"['1', '7']","[1, 7]",entity,"The test sequence is abnormal because it starts with 'receiving block blk_' instead of the typical starting point 'NameSystem allocateBlock'. Additionally, the order of processes in the test sequence is different from the normal example sequences provided."
493382,"['1', '1', '1', '7', '17', '3', '4', '17', '3', '4', '17', '3', '4', '2', '2', '2']",[17],status,"The log message indicates a SocketTimeoutException which suggests a timeout while waiting for a channel to be ready for write, which is abnormal behavior."
494053,"['7', '1', '1', '16']",[16],status,"The log message indicates an exception due to a socket timeout while waiting for a channel to be ready, which is not a normal execution process."
495414,"['1', '1', '1', '7', '17', '17', '17', '3', '4', '3', '4', '3', '4', '2', '2', '2']","[17, 17, 17]",status,"The log message indicates a SocketTimeoutException which suggests a timeout while waiting for a channel to be ready for write, which is abnormal behavior."
496005,"['1', '1', '7', '16']",[16],status,"The log message indicates an exception due to a socket timeout while waiting for a channel to be ready, which is not a normal execution process."
496037,"['1', '7']","[1, 7]",entity,"The test sequence is abnormal because it starts with 'receiving block blk_' instead of the typical starting point 'NameSystem allocateBlock'. Additionally, the order of processes in the test sequence is different from the normal example sequences provided."
496776,"['1', '1', '7', '16']",[16],status,"The log message indicates an exception due to a socket timeout while waiting for a channel to be ready, which is not a normal execution process."
498333,"['1', '7', '1', '1', '3', '4', '2', '3', '4', '3', '4', '2', '2', '6', '6', '6', '5', '5', '5', '15']","[1, 7, 1, 1, 3, 4, 2, 3, 4, 3, 4, 2, 2, 6, 6, 6, 5, 5, 5, 15]",entity,"The test sequence includes several inconsistencies compared to the normal example sequences. In the normal examples, the system consistently follows a specific order of actions such as receiving blocks, initiating PacketResponders, adding stored blocks, and deleting blocks in a sequential manner. However, in the test sequence, there are deviations such as receiving a block from an unknown source, errors in the block deletion process, and inconsistencies in the order of actions. These deviations indicate that the test sequence is not following the expected normal execution workflow, hence it is classified as abnormal."
498840,"['1', '1', '1', '7', '3', '4', '3', '4', '3', '4', '2', '2', '2', '19']",[19],status,"The log message indicates a SocketTimeoutException, which is an abnormal condition indicating a timeout while waiting for a channel to be ready for read."
499485,"['1', '1', '1', '7', '3', '30', '34', '26', '24', '3', '3', '22', '23']",[30],status,"The test sequence does not match the format of the normal_flows execution workflows provided in the examples. The presence of 'PacketResponder with blk_ exception' suggests an anomaly in the workflow, indicating an abnormal_flows execution."
499631,"['1', '7', '1', '16']",[16],status,"The log message indicates an exception due to a socket timeout while waiting for a channel to be ready, which is not a normal execution process."
500671,"['1', '1', '7', '1', '17', '3', '4', '17', '3', '4', '17', '3', '4', '2', '2', '2']",[17],status,"The log message indicates a SocketTimeoutException which suggests a timeout while waiting for a channel to be ready for write, which is abnormal behavior."
500700,"['1', '1', '7', '1', '14', '13', '3', '4', '3', '4', '1', '3', '4', '2', '2', '2', '12', '11', '2', '5']","[1, 1, 7, 1, 14, 13, 3, 4, 3, 4, 1, 3, 4, 2, 2, 2, 12, 11, 2, 5]",entity,"The test sequence includes an irregular pattern of receiving, transmitting, and adding blocks, which deviates from the sequential and consistent pattern observed in the normal example sequences. Additionally, the test sequence involves actions that are not present in any of the normal examples, such as initiating PacketResponders for an unknown source."
500874,"['7', '1', '1', '1', '3', '4', '3', '4', '4', '2', '21', '20', '3', '2', '2', '1', '1', '11', '11', '12', '2', '2', '5', '5']",[21],status,"The test sequence does not match any of the example sequences provided for normal_flows execution workflows. Additionally, the test sequence does not contain any specific process names, making it difficult to determine if it follows a normal execution workflow. Therefore, it is classified as abnormal."
500928,"['1', '1', '1', '7', '3', '4', '3', '4', '3', '4', '2', '2', '2', '6', '6', '6', '5', '5', '5', '15']","[1, 1, 1, 7, 3, 4, 3, 4, 3, 4, 2, 2, 2, 6, 6, 6, 5, 5, 5, 15]",entity,"The test sequence includes an error in the deletion of block blk_, which is not present in any of the normal example sequences. This deviation from the normal flow indicates an abnormal execution workflow."
501112,"['1', '7']","[1, 7]",entity,"The test sequence is abnormal because it starts with 'receiving block blk_' instead of the typical starting point 'NameSystem allocateBlock'. Additionally, the order of processes in the test sequence is different from the normal example sequences provided."
501400,"['1', '7']","[1, 7]",entity,"The test sequence is abnormal because it starts with 'receiving block blk_' instead of the typical starting point 'NameSystem allocateBlock'. Additionally, the order of processes in the test sequence is different from the normal example sequences provided."
501417,"['1', '1', '7', '1', '3', '4', '3', '4', '3', '4', '2', '2', '2', '6', '6', '6', '5', '5', '5', '15']","[1, 1, 7, 1, 3, 4, 3, 4, 3, 4, 2, 2, 2, 6, 6, 6, 5, 5, 5, 15]",entity,The test sequence includes an additional step '7: Error deleting block blk_' which is not present in any of the normal example sequences. This indicates an abnormal execution workflow.
502016,"['1', '1', '1', '7', '3', '4', '3', '4', '3', '4', '2', '2', '2', '6', '6', '6', '5', '5', '5', '15']","[1, 1, 1, 7, 3, 4, 3, 4, 3, 4, 2, 2, 2, 6, 6, 6, 5, 5, 5, 15]",entity,"The test sequence includes an error in the deletion of block blk_, which is not present in any of the normal example sequences. This deviation from the normal flow indicates an abnormal execution workflow."
502051,"['1', '7']","[1, 7]",entity,"The test sequence is abnormal because it starts with 'receiving block blk_' instead of the typical starting point 'NameSystem allocateBlock'. Additionally, the order of processes in the test sequence is different from the normal example sequences provided."
502141,"['1', '1', '1', '7', '3', '4', '3', '4', '3', '4', '2', '2', '2', '19', '6', '6', '6', '5', '5', '5']",[19],status,"The log message indicates a SocketTimeoutException, which is an abnormal condition indicating a timeout while waiting for a channel to be ready for read."
502195,"['1', '3', '4', '1', '3', '4', '1', '3', '4', '2', '7', '2', '2', '19']",[19],status,"The log message indicates a SocketTimeoutException, which is an abnormal condition indicating a timeout while waiting for a channel to be ready for read."
502933,"['1', '1', '1', '7', '17', '3', '4', '17', '3', '4', '17', '3', '4', '2', '2', '2']",[17],status,"The log message indicates a SocketTimeoutException which suggests a timeout while waiting for a channel to be ready for write, which is abnormal behavior."
503071,"['1', '1', '1', '7', '3', '4', '3', '4', '3', '4', '2', '2', '2', '6', '6', '6', '5', '5', '5', '15']","[1, 1, 1, 7, 3, 4, 3, 4, 3, 4, 2, 2, 2, 6, 6, 6, 5, 5, 5, 15]",entity,"The test sequence includes an error in the deletion of block blk_, which is not present in any of the normal example sequences. This deviation from the normal flow indicates an abnormal execution workflow."
503086,"['1', '3', '4', '1', '3', '4', '1', '3', '4', '7', '2', '20', '21', '11', '1', '12', '11', '1', '2', '2', '2', '2', '5', '5']",[20],status,"The log message indicates an error in handling a packet responder for a specific block, which is abnormal and may require further investigation."
503408,"['1', '1', '1', '7', '3', '4', '3', '4', '3', '4', '2', '2', '2', '19']",[19],status,"The log message indicates a SocketTimeoutException, which is an abnormal condition indicating a timeout while waiting for a channel to be ready for read."
504589,"['1', '7', '1', '1', '4', '4', '3', '4', '3', '3', '2', '2', '2']","[4, 4, 3, 4, 3, 3]",action,"The test sequence deviates from the normal flows as it starts by receiving a block named blk_ from a specific location, followed by the PacketResponder for block blk_, and then receiving block blk_ from /, which is different from the typical execution order in the normal examples. Additionally, the test sequence includes different steps that are not present in any of the normal examples."
504854,"['1', '1', '7', '16']",[16],status,"The log message indicates an exception due to a socket timeout while waiting for a channel to be ready, which is not a normal execution process."
507237,"['1', '1', '1', '7', '3', '4', '3', '4', '3', '4', '2', '2', '14', '13', '1', '11', '12', '2', '2']","[1, 1, 1, 7, 3, 4, 3, 4, 3, 4, 2, 2, 14, 13, 1, 11, 12, 2, 2]",entity,The test sequence deviates from the normal execution workflows in the following ways: 1. The order of actions is different compared to the normal examples. 2. The test sequence introduces a new action 'Starting thread to transfer block' which is not present in any of the normal examples. 3. The test sequence does not follow the pattern of alternating actions of PacketResponder for block blk_ and receiving block blk_ from / as seen in the normal examples.
507770,"['1', '1', '1', '7', '3', '4', '3', '4', '3', '4', '2', '2', '14', '13', '1', '12', '11', '2', '2']","[1, 1, 1, 7, 3, 4, 3, 4, 3, 4, 2, 2, 14, 13, 1, 12, 11, 2, 2]",entity,"The test sequence deviates from the normal example sequences in the order and combination of actions. In the test sequence, the 'BLOCK* asks datanode(s) to replicate' action occurs before 'Starting thread to transfer block', which is not consistent with the normal sequences. Additionally, the test sequence does not include the action of 'deleting block file' at the end, which is present in the normal example sequences."
508653,"['1', '7']","[1, 7]",entity,"The test sequence is abnormal because it starts with 'receiving block blk_' instead of the typical starting point 'NameSystem allocateBlock'. Additionally, the order of processes in the test sequence is different from the normal example sequences provided."
509203,"['1', '1', '1', '7', '17', '17', '17', '3', '4', '3', '4', '3', '4', '2', '2', '2']","[17, 17, 17]",status,"The log message indicates a SocketTimeoutException which suggests a timeout while waiting for a channel to be ready for write, which is abnormal behavior."
509267,"['1', '1', '1', '7', '3', '4', '3', '4', '3', '4', '2', '2', '14', '13', '1', '11', '12', '2', '2']","[1, 1, 1, 7, 3, 4, 3, 4, 3, 4, 2, 2, 14, 13, 1, 11, 12, 2, 2]",entity,The test sequence deviates from the normal execution workflows in the following ways: 1. The order of actions is different compared to the normal examples. 2. The test sequence introduces a new action 'Starting thread to transfer block' which is not present in any of the normal examples. 3. The test sequence does not follow the pattern of alternating actions of PacketResponder for block blk_ and receiving block blk_ from / as seen in the normal examples.
509658,"['1', '1', '1', '7', '17', '3', '4', '17', '3', '4', '17', '3', '4', '2', '2', '2']",[17],status,"The log message indicates a SocketTimeoutException which suggests a timeout while waiting for a channel to be ready for write, which is abnormal behavior."
510675,"['1', '1', '1', '7', '17', '17', '3', '4', '3', '4', '17', '3', '4', '2', '2', '2']","[17, 17]",status,"The log message indicates a SocketTimeoutException which suggests a timeout while waiting for a channel to be ready for write, which is abnormal behavior."
510706,"['1', '7', '1', '16']",[16],status,"The log message indicates an exception due to a socket timeout while waiting for a channel to be ready, which is not a normal execution process."
514967,"['1', '1', '7', '1', '3', '4', '3', '4', '3', '4', '2', '2', '2', '19']",[19],status,"The log message indicates a SocketTimeoutException, which is an abnormal condition indicating a timeout while waiting for a channel to be ready for read."
515981,"['1', '1', '3', '4', '1', '3', '4', '2', '7', '2', '2', '3', '4']","[1, 1, 3, 4, 1, 3, 4, 2, 7, 2, 2, 3, 4]",entity,"The test sequence includes a different process flow compared to the normal examples. In the normal examples, the processes are executed in a specific order involving receiving blocks, initiating PacketResponders, and adding stored blocks. However, in the test sequence, the order of processes is different, and it includes additional actions that are not present in the normal examples. This deviation from the expected process flow indicates an abnormal execution workflow."
519834,"['7', '1']","[7, 1]",entity,"The test sequence deviates from the normal flows as it does not follow the sequential pattern of handling and receiving blocks as seen in the normal example sequences. In the normal examples, there is a consistent flow of handling and receiving blocks in a specific order, but the test sequence only includes handling and receiving one block which is different from the expected pattern."
521161,"['1', '1', '7', '16']",[16],status,"The log message indicates an exception due to a socket timeout while waiting for a channel to be ready, which is not a normal execution process."
521788,"['1', '7']","[1, 7]",entity,"The test sequence is abnormal because it starts with 'receiving block blk_' instead of the typical starting point 'NameSystem allocateBlock'. Additionally, the order of processes in the test sequence is different from the normal example sequences provided."
521867,"['1', '7']","[1, 7]",entity,"The test sequence is abnormal because it starts with 'receiving block blk_' instead of the typical starting point 'NameSystem allocateBlock'. Additionally, the order of processes in the test sequence is different from the normal example sequences provided."
523266,"['1', '1', '7', '1', '3', '4', '3', '4', '2', '3', '4', '2', '13', '14', '1', '2', '11', '12', '2', '5']","[1, 1, 7, 1, 3, 4, 3, 4, 2, 3, 4, 2, 13, 14, 1, 2, 11, 12, 2, 5]",entity,The test sequence deviates from the normal execution workflows by including repeated actions of initiating PacketResponders for the same block and receiving blocks from unknown sources. This abnormal behavior is not present in the normal example sequences provided.
523839,"['1', '7']","[1, 7]",entity,"The test sequence is abnormal because it starts with 'receiving block blk_' instead of the typical starting point 'NameSystem allocateBlock'. Additionally, the order of processes in the test sequence is different from the normal example sequences provided."
523940,"['7', '1', '1', '1', '3', '4', '2', '3', '4', '2', '3', '4', '2']","[7, 1, 1, 1, 3, 4, 2, 3, 4, 2, 3, 4, 2]",entity,"The test sequence deviates from the normal execution workflows as seen in the examples. In the normal examples, the sequences involve alternating between initiating PacketResponders and receiving blocks, while the test sequence repeats the action of initiating PacketResponder and receiving block from an unknown source multiple times in a row."
527233,"['1', '7', '1', '16']",[16],status,"The log message indicates an exception due to a socket timeout while waiting for a channel to be ready, which is not a normal execution process."
528174,"['1', '1', '7', '16']",[16],status,"The log message indicates an exception due to a socket timeout while waiting for a channel to be ready, which is not a normal execution process."
528446,"['1', '7', '1', '16']",[16],status,"The log message indicates an exception due to a socket timeout while waiting for a channel to be ready, which is not a normal execution process."
529129,"['1', '7', '1', '1', '2', '2', '2', '3', '4', '3', '4', '3', '4']","[1, 7, 1, 1, 2, 2, 2, 3, 4, 3, 4, 3, 4]",entity,The test sequence includes a deviation from the normal flow where the PacketResponder for block blk_ is initiated instead of the expected action of receiving block blk_ from an unknown source. This deviation indicates an abnormal execution workflow.
529780,"['1', '7', '1', '16']",[16],status,"The log message indicates an exception due to a socket timeout while waiting for a channel to be ready, which is not a normal execution process."
530145,"['1', '7', '1', '1', '20', '3', '4', '3', '4', '3', '4', '2', '2', '2', '21', '1', '1', '11', '12', '2', '11', '2', '5', '5']",[20],status,"The log message indicates an error in handling a packet responder for a specific block, which is abnormal and may require further investigation."
530374,"['1', '7']","[1, 7]",entity,"The test sequence is abnormal because it starts with 'receiving block blk_' instead of the typical starting point 'NameSystem allocateBlock'. Additionally, the order of processes in the test sequence is different from the normal example sequences provided."
530511,"['1', '7', '1', '1', '17', '3', '4', '17', '3', '4', '17', '3', '4', '2', '2', '2']",[17],status,"The log message indicates a SocketTimeoutException which suggests a timeout while waiting for a channel to be ready for write, which is abnormal behavior."
530779,"['1', '1', '1', '7', '17', '3', '4', '17', '3', '4', '17', '3', '4', '2', '2', '2']",[17],status,"The log message indicates a SocketTimeoutException which suggests a timeout while waiting for a channel to be ready for write, which is abnormal behavior."
533902,"['7', '1']","[7, 1]",entity,"The test sequence deviates from the normal flows as it does not follow the sequential pattern of handling and receiving blocks as seen in the normal example sequences. In the normal examples, there is a consistent flow of handling and receiving blocks in a specific order, but the test sequence only includes handling and receiving one block which is different from the expected pattern."
534372,"['1', '1', '7', '16']",[16],status,"The log message indicates an exception due to a socket timeout while waiting for a channel to be ready, which is not a normal execution process."
535415,"['1', '7', '1', '16']",[16],status,"The log message indicates an exception due to a socket timeout while waiting for a channel to be ready, which is not a normal execution process."
535870,"['1', '1', '1', '7', '3', '4', '3', '4', '2', '2', '3', '4', '2', '6', '6', '6', '5', '5', '5', '15']","[1, 1, 1, 7, 3, 4, 3, 4, 2, 2, 3, 4, 2, 6, 6, 6, 5, 5, 5, 15]",entity,"The test sequence deviates from the normal execution workflows seen in the example sequences by introducing an 'Error deleting block blk_' step at the end, which is not present in any of the normal sequences. This abnormal step indicates a deviation from the expected flow and suggests an abnormal execution workflow."
536049,"['1', '1', '1', '7', '13', '3', '4', '3', '4', '3', '4', '2', '2', '2', '14', '1', '11', '12', '2', '5', '6', '6', '6', '6', '5', '5', '15', '5']","[1, 1, 1, 7, 13, 3, 4, 3, 4, 3, 4, 2, 2, 2, 14, 1, 11, 12, 2, 5, 6, 6, 6, 6, 5, 5, 15, 5]",entity,"The test sequence deviates significantly from the normal example sequences. In the normal examples, the actions are repeated in a sequential and consistent manner, with a focus on block reception, transmission, and addition. However, in the test sequence, there is a sudden and abnormal shift towards repeatedly deleting blocks and adding them to the invalid set, which is not seen in any of the normal examples. This abnormal behavior indicates a deviation from the expected execution workflow."
536122,"['1', '1', '7', '16']",[16],status,"The log message indicates an exception due to a socket timeout while waiting for a channel to be ready, which is not a normal execution process."
537216,"['1', '7']","[1, 7]",entity,"The test sequence is abnormal because it starts with 'receiving block blk_' instead of the typical starting point 'NameSystem allocateBlock'. Additionally, the order of processes in the test sequence is different from the normal example sequences provided."
537434,"['1', '3', '4', '1', '1', '7', '3', '4', '3', '4', '2', '2', '2']","[1, 3, 4, 1, 1, 7, 3, 4, 3, 4, 2, 2, 2]",entity,"The test sequence deviates from the normal execution workflows seen in the example sequences. In the normal examples, there is a consistent pattern of processes being executed in a specific order, such as receiving blocks, initiating PacketResponders, and executing tasks sequentially. However, in the test sequence, the order of processes is different and does not follow the expected pattern, indicating an abnormal flow."
537702,"['1', '1', '1', '7', '17', '3', '4', '17', '3', '4', '17', '3', '4', '2', '2', '2']",[17],status,"The log message indicates a SocketTimeoutException which suggests a timeout while waiting for a channel to be ready for write, which is abnormal behavior."
537719,"['1', '7', '1', '1', '3', '4', '3', '4', '3', '4', '2', '2', '13', '2', '14', '1', '12', '11', '2', '5']","[1, 7, 1, 1, 3, 4, 3, 4, 3, 4, 2, 2, 13, 2, 14, 1, 12, 11, 2, 5]",entity,"The test sequence does not follow the same pattern as the normal example sequences. In the normal examples, the sequences consistently involve receiving block blk_, initiating PacketResponder, adding stored blocks, and deleting block files in a specific order. However, the test sequence deviates from this pattern by introducing different actions and sequences, such as BLOCK* asking datanode(s) to replicate and starting thread to transfer block, which are not present in the normal examples."
537807,"['1', '7', '1', '1', '4', '4', '4', '2', '2', '3', '3', '3', '2']","[4, 4, 4]",status,The test sequence includes an additional step of receiving a block compared to the normal examples. This indicates a deviation from the expected normal flow and suggests an abnormal execution workflow.
538021,"['1', '1', '7', '1', '3', '4', '3', '4', '3', '4', '2', '2', '2', '19']",[19],status,"The log message indicates a SocketTimeoutException, which is an abnormal condition indicating a timeout while waiting for a channel to be ready for read."
538145,"['1', '7']","[1, 7]",entity,"The test sequence is abnormal because it starts with 'receiving block blk_' instead of the typical starting point 'NameSystem allocateBlock'. Additionally, the order of processes in the test sequence is different from the normal example sequences provided."
538640,"['1', '1', '3', '4', '1', '3', '4', '3', '4', '2', '2', '2', '7']","[1, 1, 3, 4, 1, 3, 4, 3, 4, 2, 2, 2, 7]",entity,"The test sequence deviates from the normal execution workflows as seen in the examples. The test sequence involves alternating between initiating PacketResponders and receiving blocks, which is not a pattern observed in the normal examples provided."
538887,"['1', '1', '1', '7', '3', '4', '3', '4', '3', '4', '2', '2', '2', '6', '6', '6', '5', '5', '5', '15']","[1, 1, 1, 7, 3, 4, 3, 4, 3, 4, 2, 2, 2, 6, 6, 6, 5, 5, 5, 15]",entity,"The test sequence includes an error in the deletion of block blk_, which is not present in any of the normal example sequences. This deviation from the normal flow indicates an abnormal execution workflow."
539658,"['1', '1', '7', '16']",[16],status,"The log message indicates an exception due to a socket timeout while waiting for a channel to be ready, which is not a normal execution process."
542116,"['1', '1', '7', '16']",[16],status,"The log message indicates an exception due to a socket timeout while waiting for a channel to be ready, which is not a normal execution process."
542200,"['1', '7']","[1, 7]",entity,"The test sequence is abnormal because it starts with 'receiving block blk_' instead of the typical starting point 'NameSystem allocateBlock'. Additionally, the order of processes in the test sequence is different from the normal example sequences provided."
542317,"['1', '7']","[1, 7]",entity,"The test sequence is abnormal because it starts with 'receiving block blk_' instead of the typical starting point 'NameSystem allocateBlock'. Additionally, the order of processes in the test sequence is different from the normal example sequences provided."
543235,"['1', '7']","[1, 7]",entity,"The test sequence is abnormal because it starts with 'receiving block blk_' instead of the typical starting point 'NameSystem allocateBlock'. Additionally, the order of processes in the test sequence is different from the normal example sequences provided."
544391,"['1', '7', '1', '16']",[16],status,"The log message indicates an exception due to a socket timeout while waiting for a channel to be ready, which is not a normal execution process."
544944,"['1', '1', '1', '7', '17', '3', '4', '17', '3', '4', '17', '3', '4', '2', '2', '2', '6', '6', '6', '5', '5', '5']",[17],status,"The log message indicates a SocketTimeoutException which suggests a timeout while waiting for a channel to be ready for write, which is abnormal behavior."
546426,"['1', '7']","[1, 7]",entity,"The test sequence is abnormal because it starts with 'receiving block blk_' instead of the typical starting point 'NameSystem allocateBlock'. Additionally, the order of processes in the test sequence is different from the normal example sequences provided."
546677,"['7', '1', '1', '16']",[16],status,"The log message indicates an exception due to a socket timeout while waiting for a channel to be ready, which is not a normal execution process."
547125,"['1', '7']","[1, 7]",entity,"The test sequence is abnormal because it starts with 'receiving block blk_' instead of the typical starting point 'NameSystem allocateBlock'. Additionally, the order of processes in the test sequence is different from the normal example sequences provided."
548638,"['1', '7']","[1, 7]",entity,"The test sequence is abnormal because it starts with 'receiving block blk_' instead of the typical starting point 'NameSystem allocateBlock'. Additionally, the order of processes in the test sequence is different from the normal example sequences provided."
549607,"['7', '1', '1', '16']",[16],status,"The log message indicates an exception due to a socket timeout while waiting for a channel to be ready, which is not a normal execution process."
550859,"['1', '1', '7', '16']",[16],status,"The log message indicates an exception due to a socket timeout while waiting for a channel to be ready, which is not a normal execution process."
551821,"['1', '1', '7', '16']",[16],status,"The log message indicates an exception due to a socket timeout while waiting for a channel to be ready, which is not a normal execution process."
552126,"['1', '1', '7', '16']",[16],status,"The log message indicates an exception due to a socket timeout while waiting for a channel to be ready, which is not a normal execution process."
553065,"['1', '7', '1', '1', '13', '3', '4', '3', '4', '3', '4', '2', '2', '2', '14', '1', '12', '11', '2', '5', '6', '6', '6', '6', '5', '15', '5', '5']","[1, 7, 1, 1, 13, 3, 4, 3, 4, 3, 4, 2, 2, 2, 14, 1, 12, 11, 2, 5, 6, 6, 6, 6, 5, 15, 5, 5]",entity,The test sequence deviates from the normal flows execution workflows as it introduces new actions such as deleting a block file multiple times and encountering an error while deleting a block. These actions are not present in any of the normal example sequences provided.
553311,"['1', '7']","[1, 7]",entity,"The test sequence is abnormal because it starts with 'receiving block blk_' instead of the typical starting point 'NameSystem allocateBlock'. Additionally, the order of processes in the test sequence is different from the normal example sequences provided."
553599,"['1', '7', '1', '3', '4', '1', '3', '4', '2', '2', '3', '4', '2', '6', '6', '6', '5', '5', '5']","[1, 7, 1, 3, 4, 1, 3, 4, 2, 2, 3, 4, 2, 6, 6, 6, 5, 5, 5]",entity,"The test sequence deviates from the normal execution workflows seen in the examples. In the normal sequences, there is a consistent pattern of receiving a block, then involving a PacketResponder for that block, followed by additional receiving and handling of the same block. However, in the test sequence, there are inconsistencies such as multiple instances of receiving the same block without corresponding PacketResponder involvement, which is not observed in the normal examples."
553978,"['1', '7', '1', '16']",[16],status,"The log message indicates an exception due to a socket timeout while waiting for a channel to be ready, which is not a normal execution process."
553992,"['1', '7', '1', '16']",[16],status,"The log message indicates an exception due to a socket timeout while waiting for a channel to be ready, which is not a normal execution process."
554546,"['1', '7', '1', '16']",[16],status,"The log message indicates an exception due to a socket timeout while waiting for a channel to be ready, which is not a normal execution process."
555046,"['7', '1', '1', '16']",[16],status,"The log message indicates an exception due to a socket timeout while waiting for a channel to be ready, which is not a normal execution process."
555302,"['1', '1', '7', '16']",[16],status,"The log message indicates an exception due to a socket timeout while waiting for a channel to be ready, which is not a normal execution process."
556428,"['1', '1', '7', '16']",[16],status,"The log message indicates an exception due to a socket timeout while waiting for a channel to be ready, which is not a normal execution process."
557683,"['1', '7']","[1, 7]",entity,"The test sequence is abnormal because it starts with 'receiving block blk_' instead of the typical starting point 'NameSystem allocateBlock'. Additionally, the order of processes in the test sequence is different from the normal example sequences provided."
558305,"['1', '7']","[1, 7]",entity,"The test sequence is abnormal because it starts with 'receiving block blk_' instead of the typical starting point 'NameSystem allocateBlock'. Additionally, the order of processes in the test sequence is different from the normal example sequences provided."
558319,"['1', '1', '7', '16']",[16],status,"The log message indicates an exception due to a socket timeout while waiting for a channel to be ready, which is not a normal execution process."
558480,"['1', '1', '3', '4', '3', '4', '1', '3', '4', '7', '2', '2', '2', '6', '6', '6', '5', '5', '5']","[1, 1, 3, 4, 3, 4, 1, 3, 4, 7, 2, 2, 2, 6, 6, 6, 5, 5, 5]",entity,"The test sequence does not follow the alternating pattern of initiating PacketResponders and receiving blocks seen in the normal examples. Additionally, the test sequence includes actions not present in the normal examples, such as receiving a block from an unknown source and adding a stored block in three consecutive steps."
558821,"['1', '7']","[1, 7]",entity,"The test sequence is abnormal because it starts with 'receiving block blk_' instead of the typical starting point 'NameSystem allocateBlock'. Additionally, the order of processes in the test sequence is different from the normal example sequences provided."
559980,"['7', '1']","[7, 1]",entity,"The test sequence deviates from the normal flows as it does not follow the sequential pattern of handling and receiving blocks as seen in the normal example sequences. In the normal examples, there is a consistent flow of handling and receiving blocks in a specific order, but the test sequence only includes handling and receiving one block which is different from the expected pattern."
560016,"['1', '1', '7', '1', '17', '17', '3', '4', '3', '4', '17', '3', '4', '2', '2', '2', '6', '6', '6', '5', '5', '5']","[17, 17]",status,"The log message indicates a SocketTimeoutException which suggests a timeout while waiting for a channel to be ready for write, which is abnormal behavior."
560310,"['1', '1', '7', '1', '3', '4', '3', '4', '3', '4', '2', '2', '13', '2', '14', '1', '12', '11', '2', '5', '6', '6', '6', '6', '5', '15', '5', '5']","[1, 1, 7, 1, 3, 4, 3, 4, 3, 4, 2, 2, 13, 2, 14, 1, 12, 11, 2, 5, 6, 6, 6, 6, 5, 15, 5, 5]",entity,"The test sequence includes an abnormal repetition of deleting a block and adding it to the invalid set, which is not observed in any of the normal example sequences. Additionally, the error message 'Error deleting block blk_' is not part of the normal execution workflows."
560471,"['1', '1', '7', '16']",[16],status,"The log message indicates an exception due to a socket timeout while waiting for a channel to be ready, which is not a normal execution process."
560496,"['1', '1', '7', '16']",[16],status,"The log message indicates an exception due to a socket timeout while waiting for a channel to be ready, which is not a normal execution process."
560946,"['1', '1', '7', '16']",[16],status,"The log message indicates an exception due to a socket timeout while waiting for a channel to be ready, which is not a normal execution process."
561139,"['1', '1', '7', '16']",[16],status,"The log message indicates an exception due to a socket timeout while waiting for a channel to be ready, which is not a normal execution process."
561872,"['1', '1', '7', '1', '3', '3', '4', '4', '4', '2', '2', '3', '2', '6', '6', '6', '5', '5', '5']","[4, 4, 4]",status,The test sequence includes an additional step of receiving a block compared to the normal examples. This indicates a deviation from the expected normal flow and suggests an abnormal execution workflow.
562079,"['1', '7']","[1, 7]",entity,"The test sequence is abnormal because it starts with 'receiving block blk_' instead of the typical starting point 'NameSystem allocateBlock'. Additionally, the order of processes in the test sequence is different from the normal example sequences provided."
562334,"['1', '7', '3', '4', '1', '3', '4', '1', '3', '4', '2', '2', '2', '6', '6', '6', '5', '5', '5']","[1, 7, 3, 4, 1, 3, 4, 1, 3, 4, 2, 2, 2, 6, 6, 6, 5, 5, 5]",entity,"The test sequence does not follow the pattern observed in the normal example sequences. In the normal examples, the sequence involves alternating between initiating PacketResponders and receiving blocks, followed by adding stored blocks and deleting blocks in a sequential manner. However, the test sequence does not exhibit this alternating pattern and includes different actions in a different order."
563815,"['1', '1', '7', '16']",[16],status,"The log message indicates an exception due to a socket timeout while waiting for a channel to be ready, which is not a normal execution process."
564218,"['1', '7', '1', '1', '3', '4', '3', '4', '3', '4', '2', '2', '19', '2', '6', '6', '6', '5', '5', '5']",[19],status,"The log message indicates a SocketTimeoutException, which is an abnormal condition indicating a timeout while waiting for a channel to be ready for read."
564954,"['1', '1', '7', '16']",[16],status,"The log message indicates an exception due to a socket timeout while waiting for a channel to be ready, which is not a normal execution process."
565086,"['1', '7', '1', '16']",[16],status,"The log message indicates an exception due to a socket timeout while waiting for a channel to be ready, which is not a normal execution process."
565835,"['1', '7', '1', '16']",[16],status,"The log message indicates an exception due to a socket timeout while waiting for a channel to be ready, which is not a normal execution process."
566014,"['1', '1', '7', '1', '20', '3', '4', '3', '4', '3', '4', '2', '2', '2', '21', '1', '11', '1', '11', '12', '2', '2', '5', '5', '6', '6', '6', '6', '5', '15', '5', '5']",[20],status,"The log message indicates an error in handling a packet responder for a specific block, which is abnormal and may require further investigation."
566072,"['1', '7']","[1, 7]",entity,"The test sequence is abnormal because it starts with 'receiving block blk_' instead of the typical starting point 'NameSystem allocateBlock'. Additionally, the order of processes in the test sequence is different from the normal example sequences provided."
566588,"['1', '7']","[1, 7]",entity,"The test sequence is abnormal because it starts with 'receiving block blk_' instead of the typical starting point 'NameSystem allocateBlock'. Additionally, the order of processes in the test sequence is different from the normal example sequences provided."
566652,"['7', '1', '1', '16']",[16],status,"The log message indicates an exception due to a socket timeout while waiting for a channel to be ready, which is not a normal execution process."
566893,"['1', '7', '1', '1', '17', '3', '4', '17', '3', '4', '17', '3', '4', '2', '2', '2', '6', '6', '6', '5', '5', '5']",[17],status,"The log message indicates a SocketTimeoutException which suggests a timeout while waiting for a channel to be ready for write, which is abnormal behavior."
566903,"['7', '1', '1', '1', '3', '4', '3', '4', '3', '4', '2', '2', '2', '19', '6', '6', '6', '5', '5', '5']",[19],status,"The log message indicates a SocketTimeoutException, which is an abnormal condition indicating a timeout while waiting for a channel to be ready for read."
567350,"['1', '1', '7', '16']",[16],status,"The log message indicates an exception due to a socket timeout while waiting for a channel to be ready, which is not a normal execution process."
567557,"['1', '7', '1', '1', '17', '3', '4', '17', '3', '4', '17', '3', '4', '2', '2', '2', '6', '6', '6', '5', '5', '5']",[17],status,"The log message indicates a SocketTimeoutException which suggests a timeout while waiting for a channel to be ready for write, which is abnormal behavior."
567909,"['1', '7']","[1, 7]",entity,"The test sequence is abnormal because it starts with 'receiving block blk_' instead of the typical starting point 'NameSystem allocateBlock'. Additionally, the order of processes in the test sequence is different from the normal example sequences provided."
568254,"['1', '7', '1', '1', '3', '4', '2', '3', '4', '3', '4', '2', '19', '2', '6', '6', '6', '5', '5', '5']",[19],status,"The log message indicates a SocketTimeoutException, which is an abnormal condition indicating a timeout while waiting for a channel to be ready for read."
568392,"['7', '1', '1', '1', '3', '4', '2', '3', '4', '2', '3', '4', '2', '6', '6', '6', '5', '5', '5']","[7, 1, 1, 1, 3, 4, 2, 3, 4, 2, 3, 4, 2, 6, 6, 6, 5, 5, 5]",entity,"The test sequence deviates from the normal execution workflows as seen in the examples. In the normal examples, there is a consistent pattern of actions involving initiating PacketResponders, receiving blocks, and adding stored blocks in a specific order. However, the test sequence includes repeated actions of initiating a PacketResponder and receiving a block from an unknown source multiple times, which is different from the expected pattern."
568417,"['1', '1', '1', '7', '3', '4', '2', '3', '4', '3', '4', '2', '19', '2', '6', '6', '6', '5', '5', '5']",[19],status,"The log message indicates a SocketTimeoutException, which is an abnormal condition indicating a timeout while waiting for a channel to be ready for read."
569513,"['7', '1', '1', '1', '3', '4', '2', '3', '4', '2', '3', '4', '2', '6', '6', '6', '5', '5', '5']","[7, 1, 1, 1, 3, 4, 2, 3, 4, 2, 3, 4, 2, 6, 6, 6, 5, 5, 5]",entity,"The test sequence deviates from the normal execution workflows as seen in the examples. In the normal examples, there is a consistent pattern of actions involving initiating PacketResponders, receiving blocks, and adding stored blocks in a specific order. However, the test sequence includes repeated actions of initiating a PacketResponder and receiving a block from an unknown source multiple times, which is different from the expected pattern."
569738,"['7', '1', '1', '1', '2', '3', '4', '4', '3', '4', '2', '3', '2', '6', '6', '6', '5', '5', '5']","[7, 1, 1, 1, 2, 3, 4, 4, 3, 4, 2, 3, 2, 6, 6, 6, 5, 5, 5]",entity,"The test sequence deviates from the normal examples in the order of actions. In the normal examples, the sequence involves receiving blocks first, then adding stored blocks, followed by initiating PacketResponder and deleting blocks. However, in the test sequence, the order of actions is mixed up, with adding stored blocks occurring before receiving blocks, and PacketResponder being initiated before adding stored blocks."
569990,"['7', '1']","[7, 1]",entity,"The test sequence deviates from the normal flows as it does not follow the sequential pattern of handling and receiving blocks as seen in the normal example sequences. In the normal examples, there is a consistent flow of handling and receiving blocks in a specific order, but the test sequence only includes handling and receiving one block which is different from the expected pattern."
570764,"['1', '7', '1', '16']",[16],status,"The log message indicates an exception due to a socket timeout while waiting for a channel to be ready, which is not a normal execution process."
571679,"['1', '7', '3', '4', '1', '4', '1', '3', '4', '2', '2', '2', '3', '6', '6', '6', '5', '5', '5']","[1, 7, 3, 4, 1, 4, 1, 3, 4, 2, 2, 2, 3, 6, 6, 6, 5, 5, 5]",entity,"The test sequence deviates from the normal execution workflows seen in the examples. In the normal examples, there is a clear pattern of alternating between initiating PacketResponders and receiving blocks, followed by specific actions such as adding stored blocks and deleting blocks in a sequential manner. However, the test sequence does not follow this pattern consistently and introduces new actions like receiving a block from an unknown source in between. This inconsistency indicates an abnormal execution workflow."
571949,"['1', '7']","[1, 7]",entity,"The test sequence is abnormal because it starts with 'receiving block blk_' instead of the typical starting point 'NameSystem allocateBlock'. Additionally, the order of processes in the test sequence is different from the normal example sequences provided."
573200,"['1', '7']","[1, 7]",entity,"The test sequence is abnormal because it starts with 'receiving block blk_' instead of the typical starting point 'NameSystem allocateBlock'. Additionally, the order of processes in the test sequence is different from the normal example sequences provided."
573781,"['1', '1', '1', '7', '3', '4', '3', '4', '2', '3', '4', '2', '2', '5', '6', '6', '6', '5', '5']","[1, 1, 1, 7, 3, 4, 3, 4, 2, 3, 4, 2, 2, 5, 6, 6, 6, 5, 5]",entity,"The test sequence deviates from the normal execution workflows seen in the examples. In the examples, the actions are performed in a specific order and repetition, with clear patterns of receiving blocks, initiating PacketResponders, adding stored blocks, and deleting block files. However, in the test sequence, the actions are not following the same pattern and sequence as the normal examples, indicating an abnormal workflow."
573869,"['1', '1', '7', '1', '3', '4', '2', '3', '4', '3', '4', '2', '2', '19', '6', '6', '6', '5', '5', '5']",[19],status,"The log message indicates a SocketTimeoutException, which is an abnormal condition indicating a timeout while waiting for a channel to be ready for read."
574544,"['2', '1', '3', '4', '1', '3', '4', '1', '7', '2', '2', '3', '4', '6', '6', '6', '5', '5', '5']","[2, 1, 3, 4, 1, 3, 4, 1, 7, 2, 2, 3, 4, 6, 6, 6, 5, 5, 5]",entity,"The test sequence does not follow the typical pattern observed in the normal example sequences. In the normal sequences, there is a consistent order of actions such as receiving blocks, initiating PacketResponders, adding stored blocks, and deleting blocks. However, the test sequence deviates from this pattern by first adding a stored block in the NameSystem before initiating a PacketResponder and receiving blocks. This abnormal sequence of actions indicates a deviation from the expected flow."
