seq_id,seq,entity_nodes_for_logkeys,action_nodes_for_logkeys,status_nodes_for_logkeys
339395,"[1, 1, 1, 7, 3, 4, 3, 4, 3, 4, 2, 2, 2]","[block blk_6,block blk_6,block blk_6,NameSystem_2,blk_4,blk_4,blk_4,blk_4,blk_4,blk_4,NameSystem_2,NameSystem_2,NameSystem_2]","[receiving_28,receiving_28,receiving_28,allocate_4,none_22,writing_23,none_22,writing_23,none_22,writing_23,add_3,add_3,add_3]","[none_40,none_40,none_40,none_4,none_31,none_32,none_31,none_32,none_31,none_32,updated_3,updated_3,updated_3]"
466051,"[1, 1, 1, 7, 3, 4, 3, 4, 3, 4, 2, 2, 2, 6, 6, 6, 5, 5, 5]","[block blk_6,block blk_6,block blk_6,NameSystem_2,blk_4,blk_4,blk_4,blk_4,blk_4,blk_4,NameSystem_2,NameSystem_2,NameSystem_2,blk_4,blk_4,blk_4,block blk file_7,block blk file_7,block blk file_7]","[receiving_28,receiving_28,receiving_28,allocate_4,none_22,writing_23,none_22,writing_23,none_22,writing_23,add_3,add_3,add_3,delete_24,delete_24,delete_24,deleting_34,deleting_34,deleting_34]","[none_40,none_40,none_40,none_4,none_31,none_32,none_31,none_32,none_31,none_32,updated_3,updated_3,updated_3,invalid_34,invalid_34,invalid_34,none_46,none_46,none_46]"
489810,"[1, 1, 1, 7, 3, 4, 3, 4, 3, 4, 2, 2, 2]","[block blk_6,block blk_6,block blk_6,NameSystem_2,blk_4,blk_4,blk_4,blk_4,blk_4,blk_4,NameSystem_2,NameSystem_2,NameSystem_2]","[receiving_28,receiving_28,receiving_28,allocate_4,none_22,writing_23,none_22,writing_23,none_22,writing_23,add_3,add_3,add_3]","[none_40,none_40,none_40,none_4,none_31,none_32,none_31,none_32,none_31,none_32,updated_3,updated_3,updated_3]"
374726,"[1, 1, 7, 1, 3, 4, 2, 3, 4, 3, 4, 2, 2, 6, 6, 6, 5, 5, 5]","[block blk_6,block blk_6,NameSystem_2,block blk_6,blk_4,blk_4,NameSystem_2,blk_4,blk_4,blk_4,blk_4,NameSystem_2,NameSystem_2,blk_4,blk_4,blk_4,block blk file_7,block blk file_7,block blk file_7]","[receiving_28,receiving_28,allocate_4,receiving_28,none_22,writing_23,add_3,none_22,writing_23,none_22,writing_23,add_3,add_3,delete_24,delete_24,delete_24,deleting_34,deleting_34,deleting_34]","[none_40,none_40,none_4,none_40,none_31,none_32,updated_3,none_31,none_32,none_31,none_32,updated_3,updated_3,invalid_34,invalid_34,invalid_34,none_46,none_46,none_46]"
162514,"[1, 1, 1, 7, 3, 4, 3, 4, 3, 4, 2, 2, 2, 8, 8, 9, 8, 8, 9, 6, 6, 6, 5, 5, 5]","[block blk_6,block blk_6,block blk_6,NameSystem_2,blk_4,blk_4,blk_4,blk_4,blk_4,blk_4,NameSystem_2,NameSystem_2,NameSystem_2,/_0,/_0,blk_4,/_0,/_0,blk_4,blk_4,blk_4,blk_4,block blk file_7,block blk file_7,block blk file_7]","[receiving_28,receiving_28,receiving_28,allocate_4,none_22,writing_23,none_22,writing_23,none_22,writing_23,add_3,add_3,add_3,serving_0,serving_0,transfer_13,serving_0,serving_0,transfer_13,delete_24,delete_24,delete_24,deleting_34,deleting_34,deleting_34]","[none_40,none_40,none_40,none_4,none_31,none_32,none_31,none_32,none_31,none_32,updated_3,updated_3,updated_3,none_0,none_0,exception_21,none_0,none_0,exception_21,invalid_34,invalid_34,invalid_34,none_46,none_46,none_46]"
439854,"[1, 1, 1, 7, 3, 4, 3, 4, 3, 4, 2, 2, 2, 6, 6, 6, 5, 5, 5]","[block blk_6,block blk_6,block blk_6,NameSystem_2,blk_4,blk_4,blk_4,blk_4,blk_4,blk_4,NameSystem_2,NameSystem_2,NameSystem_2,blk_4,blk_4,blk_4,block blk file_7,block blk file_7,block blk file_7]","[receiving_28,receiving_28,receiving_28,allocate_4,none_22,writing_23,none_22,writing_23,none_22,writing_23,add_3,add_3,add_3,delete_24,delete_24,delete_24,deleting_34,deleting_34,deleting_34]","[none_40,none_40,none_40,none_4,none_31,none_32,none_31,none_32,none_31,none_32,updated_3,updated_3,updated_3,invalid_34,invalid_34,invalid_34,none_46,none_46,none_46]"
145653,"[1, 1, 1, 7, 3, 4, 3, 4, 3, 4, 2, 2, 2, 10, 8, 8, 9, 8, 8, 9, 6, 6, 6, 5, 5, 5]","[block blk_6,block blk_6,block blk_6,NameSystem_2,blk_4,blk_4,blk_4,blk_4,blk_4,blk_4,NameSystem_2,NameSystem_2,NameSystem_2,blk_4,/_0,/_0,blk_4,/_0,/_0,blk_4,blk_4,blk_4,blk_4,block blk file_7,block blk file_7,block blk file_7]","[receiving_28,receiving_28,receiving_28,allocate_4,none_22,writing_23,none_22,writing_23,none_22,writing_23,add_3,add_3,add_3,verification_25,serving_0,serving_0,transfer_13,serving_0,serving_0,transfer_13,delete_24,delete_24,delete_24,deleting_34,deleting_34,deleting_34]","[none_40,none_40,none_40,none_4,none_31,none_32,none_31,none_32,none_31,none_32,updated_3,updated_3,updated_3,successful_35,none_0,none_0,exception_21,none_0,none_0,exception_21,invalid_34,invalid_34,invalid_34,none_46,none_46,none_46]"
360557,"[1, 1, 1, 7, 3, 4, 3, 4, 3, 4, 2, 2, 2, 10, 6, 6, 6, 5, 5, 5]","[block blk_6,block blk_6,block blk_6,NameSystem_2,blk_4,blk_4,blk_4,blk_4,blk_4,blk_4,NameSystem_2,NameSystem_2,NameSystem_2,blk_4,blk_4,blk_4,blk_4,block blk file_7,block blk file_7,block blk file_7]","[receiving_28,receiving_28,receiving_28,allocate_4,none_22,writing_23,none_22,writing_23,none_22,writing_23,add_3,add_3,add_3,verification_25,delete_24,delete_24,delete_24,deleting_34,deleting_34,deleting_34]","[none_40,none_40,none_40,none_4,none_31,none_32,none_31,none_32,none_31,none_32,updated_3,updated_3,updated_3,successful_35,invalid_34,invalid_34,invalid_34,none_46,none_46,none_46]"
157912,"[1, 1, 1, 7, 3, 4, 3, 4, 2, 2, 3, 4, 2, 8, 9, 8, 8, 9, 8, 6, 6, 6, 5, 5, 5]","[block blk_6,block blk_6,block blk_6,NameSystem_2,blk_4,blk_4,blk_4,blk_4,NameSystem_2,NameSystem_2,blk_4,blk_4,NameSystem_2,/_0,blk_4,/_0,/_0,blk_4,/_0,blk_4,blk_4,blk_4,block blk file_7,block blk file_7,block blk file_7]","[receiving_28,receiving_28,receiving_28,allocate_4,none_22,writing_23,none_22,writing_23,add_3,add_3,none_22,writing_23,add_3,serving_0,transfer_13,serving_0,serving_0,transfer_13,serving_0,delete_24,delete_24,delete_24,deleting_34,deleting_34,deleting_34]","[none_40,none_40,none_40,none_4,none_31,none_32,none_31,none_32,updated_3,updated_3,none_31,none_32,updated_3,none_0,exception_21,none_0,none_0,exception_21,none_0,invalid_34,invalid_34,invalid_34,none_46,none_46,none_46]"
53748,"[7, 1, 1, 1, 2, 2, 2, 3, 4, 3, 4, 3, 4, 6, 6, 6, 5, 5, 5]","[NameSystem_2,block blk_6,block blk_6,block blk_6,NameSystem_2,NameSystem_2,NameSystem_2,blk_4,blk_4,blk_4,blk_4,blk_4,blk_4,blk_4,blk_4,blk_4,block blk file_7,block blk file_7,block blk file_7]","[allocate_4,receiving_28,receiving_28,receiving_28,add_3,add_3,add_3,none_22,writing_23,none_22,writing_23,none_22,writing_23,delete_24,delete_24,delete_24,deleting_34,deleting_34,deleting_34]","[none_4,none_40,none_40,none_40,updated_3,updated_3,updated_3,none_31,none_32,none_31,none_32,none_31,none_32,invalid_34,invalid_34,invalid_34,none_46,none_46,none_46]"
281478,"[1, 7, 1, 1, 3, 4, 3, 4, 3, 4, 2, 2, 2, 6, 6, 6, 5, 5, 5]","[block blk_6,NameSystem_2,block blk_6,block blk_6,blk_4,blk_4,blk_4,blk_4,blk_4,blk_4,NameSystem_2,NameSystem_2,NameSystem_2,blk_4,blk_4,blk_4,block blk file_7,block blk file_7,block blk file_7]","[receiving_28,allocate_4,receiving_28,receiving_28,none_22,writing_23,none_22,writing_23,none_22,writing_23,add_3,add_3,add_3,delete_24,delete_24,delete_24,deleting_34,deleting_34,deleting_34]","[none_40,none_4,none_40,none_40,none_31,none_32,none_31,none_32,none_31,none_32,updated_3,updated_3,updated_3,invalid_34,invalid_34,invalid_34,none_46,none_46,none_46]"
129132,"[7, 1, 1, 1, 2, 2, 2, 3, 4, 3, 4, 3, 4, 9, 9, 9, 9, 9, 9, 9, 9, 9, 9, 9, 9, 9, 9, 9, 8, 6, 6, 6, 5, 5, 5]","[NameSystem_2,block blk_6,block blk_6,block blk_6,NameSystem_2,NameSystem_2,NameSystem_2,blk_4,blk_4,blk_4,blk_4,blk_4,blk_4,blk_4,blk_4,blk_4,blk_4,blk_4,blk_4,blk_4,blk_4,blk_4,blk_4,blk_4,blk_4,blk_4,blk_4,blk_4,/_0,blk_4,blk_4,blk_4,block blk file_7,block blk file_7,block blk file_7]","[allocate_4,receiving_28,receiving_28,receiving_28,add_3,add_3,add_3,none_22,writing_23,none_22,writing_23,none_22,writing_23,transfer_13,transfer_13,transfer_13,transfer_13,transfer_13,transfer_13,transfer_13,transfer_13,transfer_13,transfer_13,transfer_13,transfer_13,transfer_13,transfer_13,transfer_13,serving_0,delete_24,delete_24,delete_24,deleting_34,deleting_34,deleting_34]","[none_4,none_40,none_40,none_40,updated_3,updated_3,updated_3,none_31,none_32,none_31,none_32,none_31,none_32,exception_21,exception_21,exception_21,exception_21,exception_21,exception_21,exception_21,exception_21,exception_21,exception_21,exception_21,exception_21,exception_21,exception_21,exception_21,none_0,invalid_34,invalid_34,invalid_34,none_46,none_46,none_46]"
569409,"[1, 7, 1, 1, 3, 4, 2, 3, 4, 3, 4, 2, 2, 6, 6, 6, 5, 5, 5]","[block blk_6,NameSystem_2,block blk_6,block blk_6,blk_4,blk_4,NameSystem_2,blk_4,blk_4,blk_4,blk_4,NameSystem_2,NameSystem_2,blk_4,blk_4,blk_4,block blk file_7,block blk file_7,block blk file_7]","[receiving_28,allocate_4,receiving_28,receiving_28,none_22,writing_23,add_3,none_22,writing_23,none_22,writing_23,add_3,add_3,delete_24,delete_24,delete_24,deleting_34,deleting_34,deleting_34]","[none_40,none_4,none_40,none_40,none_31,none_32,updated_3,none_31,none_32,none_31,none_32,updated_3,updated_3,invalid_34,invalid_34,invalid_34,none_46,none_46,none_46]"
514052,"[1, 1, 1, 7, 3, 4, 3, 4, 2, 2, 3, 4, 2]","[block blk_6,block blk_6,block blk_6,NameSystem_2,blk_4,blk_4,blk_4,blk_4,NameSystem_2,NameSystem_2,blk_4,blk_4,NameSystem_2]","[receiving_28,receiving_28,receiving_28,allocate_4,none_22,writing_23,none_22,writing_23,add_3,add_3,none_22,writing_23,add_3]","[none_40,none_40,none_40,none_4,none_31,none_32,none_31,none_32,updated_3,updated_3,none_31,none_32,updated_3]"
390624,"[1, 1, 1, 7, 3, 4, 3, 4, 3, 4, 2, 2, 2, 6, 6, 6, 5, 5, 5]","[block blk_6,block blk_6,block blk_6,NameSystem_2,blk_4,blk_4,blk_4,blk_4,blk_4,blk_4,NameSystem_2,NameSystem_2,NameSystem_2,blk_4,blk_4,blk_4,block blk file_7,block blk file_7,block blk file_7]","[receiving_28,receiving_28,receiving_28,allocate_4,none_22,writing_23,none_22,writing_23,none_22,writing_23,add_3,add_3,add_3,delete_24,delete_24,delete_24,deleting_34,deleting_34,deleting_34]","[none_40,none_40,none_40,none_4,none_31,none_32,none_31,none_32,none_31,none_32,updated_3,updated_3,updated_3,invalid_34,invalid_34,invalid_34,none_46,none_46,none_46]"
471177,"[1, 1, 1, 7, 3, 4, 3, 4, 3, 4, 2, 2, 2]","[block blk_6,block blk_6,block blk_6,NameSystem_2,blk_4,blk_4,blk_4,blk_4,blk_4,blk_4,NameSystem_2,NameSystem_2,NameSystem_2]","[receiving_28,receiving_28,receiving_28,allocate_4,none_22,writing_23,none_22,writing_23,none_22,writing_23,add_3,add_3,add_3]","[none_40,none_40,none_40,none_4,none_31,none_32,none_31,none_32,none_31,none_32,updated_3,updated_3,updated_3]"
70403,"[7, 1, 1, 1, 2, 2, 3, 4, 3, 4, 3, 4, 2, 8, 8, 8, 8, 8, 8, 8, 8, 6, 6, 6, 5, 5, 5]","[NameSystem_2,block blk_6,block blk_6,block blk_6,NameSystem_2,NameSystem_2,blk_4,blk_4,blk_4,blk_4,blk_4,blk_4,NameSystem_2,/_0,/_0,/_0,/_0,/_0,/_0,/_0,/_0,blk_4,blk_4,blk_4,block blk file_7,block blk file_7,block blk file_7]","[allocate_4,receiving_28,receiving_28,receiving_28,add_3,add_3,none_22,writing_23,none_22,writing_23,none_22,writing_23,add_3,serving_0,serving_0,serving_0,serving_0,serving_0,serving_0,serving_0,serving_0,delete_24,delete_24,delete_24,deleting_34,deleting_34,deleting_34]","[none_4,none_40,none_40,none_40,updated_3,updated_3,none_31,none_32,none_31,none_32,none_31,none_32,updated_3,none_0,none_0,none_0,none_0,none_0,none_0,none_0,none_0,invalid_34,invalid_34,invalid_34,none_46,none_46,none_46]"
12294,"[7, 1, 1, 1, 2, 2, 2, 3, 4, 3, 4, 3, 4, 9, 9, 8, 10, 10, 6, 6, 6, 5, 5, 5]","[NameSystem_2,block blk_6,block blk_6,block blk_6,NameSystem_2,NameSystem_2,NameSystem_2,blk_4,blk_4,blk_4,blk_4,blk_4,blk_4,blk_4,blk_4,/_0,blk_4,blk_4,blk_4,blk_4,blk_4,block blk file_7,block blk file_7,block blk file_7]","[allocate_4,receiving_28,receiving_28,receiving_28,add_3,add_3,add_3,none_22,writing_23,none_22,writing_23,none_22,writing_23,transfer_13,transfer_13,serving_0,verification_25,verification_25,delete_24,delete_24,delete_24,deleting_34,deleting_34,deleting_34]","[none_4,none_40,none_40,none_40,updated_3,updated_3,updated_3,none_31,none_32,none_31,none_32,none_31,none_32,exception_21,exception_21,none_0,successful_35,successful_35,invalid_34,invalid_34,invalid_34,none_46,none_46,none_46]"
36067,"[1, 1, 1, 7, 3, 4, 3, 4, 3, 4, 2, 2, 2, 9, 9, 8, 9, 6, 6, 6, 5, 5, 5]","[block blk_6,block blk_6,block blk_6,NameSystem_2,blk_4,blk_4,blk_4,blk_4,blk_4,blk_4,NameSystem_2,NameSystem_2,NameSystem_2,blk_4,blk_4,/_0,blk_4,blk_4,blk_4,blk_4,block blk file_7,block blk file_7,block blk file_7]","[receiving_28,receiving_28,receiving_28,allocate_4,none_22,writing_23,none_22,writing_23,none_22,writing_23,add_3,add_3,add_3,transfer_13,transfer_13,serving_0,transfer_13,delete_24,delete_24,delete_24,deleting_34,deleting_34,deleting_34]","[none_40,none_40,none_40,none_4,none_31,none_32,none_31,none_32,none_31,none_32,updated_3,updated_3,updated_3,exception_21,exception_21,none_0,exception_21,invalid_34,invalid_34,invalid_34,none_46,none_46,none_46]"
141551,"[1, 1, 1, 7, 3, 4, 3, 4, 2, 3, 4, 2, 2, 6, 6, 6, 5, 5, 5]","[block blk_6,block blk_6,block blk_6,NameSystem_2,blk_4,blk_4,blk_4,blk_4,NameSystem_2,blk_4,blk_4,NameSystem_2,NameSystem_2,blk_4,blk_4,blk_4,block blk file_7,block blk file_7,block blk file_7]","[receiving_28,receiving_28,receiving_28,allocate_4,none_22,writing_23,none_22,writing_23,add_3,none_22,writing_23,add_3,add_3,delete_24,delete_24,delete_24,deleting_34,deleting_34,deleting_34]","[none_40,none_40,none_40,none_4,none_31,none_32,none_31,none_32,updated_3,none_31,none_32,updated_3,updated_3,invalid_34,invalid_34,invalid_34,none_46,none_46,none_46]"
33181,"[1, 7, 1, 1, 3, 4, 3, 4, 2, 2, 3, 4, 2, 9, 8, 9, 10, 6, 6, 6, 5, 5, 5]","[block blk_6,NameSystem_2,block blk_6,block blk_6,blk_4,blk_4,blk_4,blk_4,NameSystem_2,NameSystem_2,blk_4,blk_4,NameSystem_2,blk_4,/_0,blk_4,blk_4,blk_4,blk_4,blk_4,block blk file_7,block blk file_7,block blk file_7]","[receiving_28,allocate_4,receiving_28,receiving_28,none_22,writing_23,none_22,writing_23,add_3,add_3,none_22,writing_23,add_3,transfer_13,serving_0,transfer_13,verification_25,delete_24,delete_24,delete_24,deleting_34,deleting_34,deleting_34]","[none_40,none_4,none_40,none_40,none_31,none_32,none_31,none_32,updated_3,updated_3,none_31,none_32,updated_3,exception_21,none_0,exception_21,successful_35,invalid_34,invalid_34,invalid_34,none_46,none_46,none_46]"
272589,"[1, 1, 7, 1, 3, 4, 3, 4, 3, 4, 2, 2, 2, 6, 6, 6, 5, 5, 5]","[block blk_6,block blk_6,NameSystem_2,block blk_6,blk_4,blk_4,blk_4,blk_4,blk_4,blk_4,NameSystem_2,NameSystem_2,NameSystem_2,blk_4,blk_4,blk_4,block blk file_7,block blk file_7,block blk file_7]","[receiving_28,receiving_28,allocate_4,receiving_28,none_22,writing_23,none_22,writing_23,none_22,writing_23,add_3,add_3,add_3,delete_24,delete_24,delete_24,deleting_34,deleting_34,deleting_34]","[none_40,none_40,none_4,none_40,none_31,none_32,none_31,none_32,none_31,none_32,updated_3,updated_3,updated_3,invalid_34,invalid_34,invalid_34,none_46,none_46,none_46]"
566036,"[1, 1, 1, 7, 3, 4, 2, 2, 3, 4, 3, 4, 2, 6, 6, 6, 5, 5, 5]","[block blk_6,block blk_6,block blk_6,NameSystem_2,blk_4,blk_4,NameSystem_2,NameSystem_2,blk_4,blk_4,blk_4,blk_4,NameSystem_2,blk_4,blk_4,blk_4,block blk file_7,block blk file_7,block blk file_7]","[receiving_28,receiving_28,receiving_28,allocate_4,none_22,writing_23,add_3,add_3,none_22,writing_23,none_22,writing_23,add_3,delete_24,delete_24,delete_24,deleting_34,deleting_34,deleting_34]","[none_40,none_40,none_40,none_4,none_31,none_32,updated_3,updated_3,none_31,none_32,none_31,none_32,updated_3,invalid_34,invalid_34,invalid_34,none_46,none_46,none_46]"
133454,"[7, 1, 1, 1, 2, 2, 2, 3, 4, 3, 4, 3, 4, 9, 8, 9, 6, 6, 6, 5, 5, 5]","[NameSystem_2,block blk_6,block blk_6,block blk_6,NameSystem_2,NameSystem_2,NameSystem_2,blk_4,blk_4,blk_4,blk_4,blk_4,blk_4,blk_4,/_0,blk_4,blk_4,blk_4,blk_4,block blk file_7,block blk file_7,block blk file_7]","[allocate_4,receiving_28,receiving_28,receiving_28,add_3,add_3,add_3,none_22,writing_23,none_22,writing_23,none_22,writing_23,transfer_13,serving_0,transfer_13,delete_24,delete_24,delete_24,deleting_34,deleting_34,deleting_34]","[none_4,none_40,none_40,none_40,updated_3,updated_3,updated_3,none_31,none_32,none_31,none_32,none_31,none_32,exception_21,none_0,exception_21,invalid_34,invalid_34,invalid_34,none_46,none_46,none_46]"
50257,"[7, 1, 1, 1, 2, 2, 2, 3, 4, 3, 4, 3, 4, 6, 6, 6, 5, 5, 5]","[NameSystem_2,block blk_6,block blk_6,block blk_6,NameSystem_2,NameSystem_2,NameSystem_2,blk_4,blk_4,blk_4,blk_4,blk_4,blk_4,blk_4,blk_4,blk_4,block blk file_7,block blk file_7,block blk file_7]","[allocate_4,receiving_28,receiving_28,receiving_28,add_3,add_3,add_3,none_22,writing_23,none_22,writing_23,none_22,writing_23,delete_24,delete_24,delete_24,deleting_34,deleting_34,deleting_34]","[none_4,none_40,none_40,none_40,updated_3,updated_3,updated_3,none_31,none_32,none_31,none_32,none_31,none_32,invalid_34,invalid_34,invalid_34,none_46,none_46,none_46]"
279961,"[1, 1, 1, 7, 3, 4, 3, 4, 2, 2, 3, 4, 2, 6, 6, 6, 5, 5, 5]","[block blk_6,block blk_6,block blk_6,NameSystem_2,blk_4,blk_4,blk_4,blk_4,NameSystem_2,NameSystem_2,blk_4,blk_4,NameSystem_2,blk_4,blk_4,blk_4,block blk file_7,block blk file_7,block blk file_7]","[receiving_28,receiving_28,receiving_28,allocate_4,none_22,writing_23,none_22,writing_23,add_3,add_3,none_22,writing_23,add_3,delete_24,delete_24,delete_24,deleting_34,deleting_34,deleting_34]","[none_40,none_40,none_40,none_4,none_31,none_32,none_31,none_32,updated_3,updated_3,none_31,none_32,updated_3,invalid_34,invalid_34,invalid_34,none_46,none_46,none_46]"
127559,"[7, 1, 1, 1, 2, 2, 2, 3, 4, 3, 4, 3, 4, 9, 8, 9, 6, 6, 6, 5, 5, 5]","[NameSystem_2,block blk_6,block blk_6,block blk_6,NameSystem_2,NameSystem_2,NameSystem_2,blk_4,blk_4,blk_4,blk_4,blk_4,blk_4,blk_4,/_0,blk_4,blk_4,blk_4,blk_4,block blk file_7,block blk file_7,block blk file_7]","[allocate_4,receiving_28,receiving_28,receiving_28,add_3,add_3,add_3,none_22,writing_23,none_22,writing_23,none_22,writing_23,transfer_13,serving_0,transfer_13,delete_24,delete_24,delete_24,deleting_34,deleting_34,deleting_34]","[none_4,none_40,none_40,none_40,updated_3,updated_3,updated_3,none_31,none_32,none_31,none_32,none_31,none_32,exception_21,none_0,exception_21,invalid_34,invalid_34,invalid_34,none_46,none_46,none_46]"
20399,"[7, 1, 1, 1, 3, 4, 3, 4, 2, 2, 3, 4, 2, 9, 9, 8, 6, 6, 6, 5, 5, 5]","[NameSystem_2,block blk_6,block blk_6,block blk_6,blk_4,blk_4,blk_4,blk_4,NameSystem_2,NameSystem_2,blk_4,blk_4,NameSystem_2,blk_4,blk_4,/_0,blk_4,blk_4,blk_4,block blk file_7,block blk file_7,block blk file_7]","[allocate_4,receiving_28,receiving_28,receiving_28,none_22,writing_23,none_22,writing_23,add_3,add_3,none_22,writing_23,add_3,transfer_13,transfer_13,serving_0,delete_24,delete_24,delete_24,deleting_34,deleting_34,deleting_34]","[none_4,none_40,none_40,none_40,none_31,none_32,none_31,none_32,updated_3,updated_3,none_31,none_32,updated_3,exception_21,exception_21,none_0,invalid_34,invalid_34,invalid_34,none_46,none_46,none_46]"
143539,"[1, 1, 7, 1, 3, 4, 2, 2, 3, 4, 3, 4, 2, 6, 6, 6, 5, 5, 5]","[block blk_6,block blk_6,NameSystem_2,block blk_6,blk_4,blk_4,NameSystem_2,NameSystem_2,blk_4,blk_4,blk_4,blk_4,NameSystem_2,blk_4,blk_4,blk_4,block blk file_7,block blk file_7,block blk file_7]","[receiving_28,receiving_28,allocate_4,receiving_28,none_22,writing_23,add_3,add_3,none_22,writing_23,none_22,writing_23,add_3,delete_24,delete_24,delete_24,deleting_34,deleting_34,deleting_34]","[none_40,none_40,none_4,none_40,none_31,none_32,updated_3,updated_3,none_31,none_32,none_31,none_32,updated_3,invalid_34,invalid_34,invalid_34,none_46,none_46,none_46]"
147496,"[1, 7, 1, 1, 3, 4, 3, 4, 2, 2, 3, 4, 2, 8, 8, 9, 8, 9, 8, 6, 6, 6, 5, 5, 5]","[block blk_6,NameSystem_2,block blk_6,block blk_6,blk_4,blk_4,blk_4,blk_4,NameSystem_2,NameSystem_2,blk_4,blk_4,NameSystem_2,/_0,/_0,blk_4,/_0,blk_4,/_0,blk_4,blk_4,blk_4,block blk file_7,block blk file_7,block blk file_7]","[receiving_28,allocate_4,receiving_28,receiving_28,none_22,writing_23,none_22,writing_23,add_3,add_3,none_22,writing_23,add_3,serving_0,serving_0,transfer_13,serving_0,transfer_13,serving_0,delete_24,delete_24,delete_24,deleting_34,deleting_34,deleting_34]","[none_40,none_4,none_40,none_40,none_31,none_32,none_31,none_32,updated_3,updated_3,none_31,none_32,updated_3,none_0,none_0,exception_21,none_0,exception_21,none_0,invalid_34,invalid_34,invalid_34,none_46,none_46,none_46]"
452813,"[1, 1, 1, 7, 3, 4, 3, 4, 3, 4, 2, 2, 2, 6, 6, 6, 5, 5, 5]","[block blk_6,block blk_6,block blk_6,NameSystem_2,blk_4,blk_4,blk_4,blk_4,blk_4,blk_4,NameSystem_2,NameSystem_2,NameSystem_2,blk_4,blk_4,blk_4,block blk file_7,block blk file_7,block blk file_7]","[receiving_28,receiving_28,receiving_28,allocate_4,none_22,writing_23,none_22,writing_23,none_22,writing_23,add_3,add_3,add_3,delete_24,delete_24,delete_24,deleting_34,deleting_34,deleting_34]","[none_40,none_40,none_40,none_4,none_31,none_32,none_31,none_32,none_31,none_32,updated_3,updated_3,updated_3,invalid_34,invalid_34,invalid_34,none_46,none_46,none_46]"
351004,"[1, 1, 1, 7, 3, 4, 3, 4, 3, 4, 2, 2, 2]","[block blk_6,block blk_6,block blk_6,NameSystem_2,blk_4,blk_4,blk_4,blk_4,blk_4,blk_4,NameSystem_2,NameSystem_2,NameSystem_2]","[receiving_28,receiving_28,receiving_28,allocate_4,none_22,writing_23,none_22,writing_23,none_22,writing_23,add_3,add_3,add_3]","[none_40,none_40,none_40,none_4,none_31,none_32,none_31,none_32,none_31,none_32,updated_3,updated_3,updated_3]"
435149,"[1, 1, 7, 1, 3, 4, 3, 4, 3, 4, 2, 2, 2, 6, 6, 6, 5, 5, 5]","[block blk_6,block blk_6,NameSystem_2,block blk_6,blk_4,blk_4,blk_4,blk_4,blk_4,blk_4,NameSystem_2,NameSystem_2,NameSystem_2,blk_4,blk_4,blk_4,block blk file_7,block blk file_7,block blk file_7]","[receiving_28,receiving_28,allocate_4,receiving_28,none_22,writing_23,none_22,writing_23,none_22,writing_23,add_3,add_3,add_3,delete_24,delete_24,delete_24,deleting_34,deleting_34,deleting_34]","[none_40,none_40,none_4,none_40,none_31,none_32,none_31,none_32,none_31,none_32,updated_3,updated_3,updated_3,invalid_34,invalid_34,invalid_34,none_46,none_46,none_46]"
109901,"[7, 1, 1, 1, 2, 2, 3, 4, 3, 4, 3, 4, 2, 9, 8, 9, 10, 10, 10, 6, 6, 6, 5, 5, 5]","[NameSystem_2,block blk_6,block blk_6,block blk_6,NameSystem_2,NameSystem_2,blk_4,blk_4,blk_4,blk_4,blk_4,blk_4,NameSystem_2,blk_4,/_0,blk_4,blk_4,blk_4,blk_4,blk_4,blk_4,blk_4,block blk file_7,block blk file_7,block blk file_7]","[allocate_4,receiving_28,receiving_28,receiving_28,add_3,add_3,none_22,writing_23,none_22,writing_23,none_22,writing_23,add_3,transfer_13,serving_0,transfer_13,verification_25,verification_25,verification_25,delete_24,delete_24,delete_24,deleting_34,deleting_34,deleting_34]","[none_4,none_40,none_40,none_40,updated_3,updated_3,none_31,none_32,none_31,none_32,none_31,none_32,updated_3,exception_21,none_0,exception_21,successful_35,successful_35,successful_35,invalid_34,invalid_34,invalid_34,none_46,none_46,none_46]"
435047,"[1, 1, 1, 7, 3, 4, 3, 4, 3, 4, 2, 2, 2, 6, 6, 6, 5, 5, 5]","[block blk_6,block blk_6,block blk_6,NameSystem_2,blk_4,blk_4,blk_4,blk_4,blk_4,blk_4,NameSystem_2,NameSystem_2,NameSystem_2,blk_4,blk_4,blk_4,block blk file_7,block blk file_7,block blk file_7]","[receiving_28,receiving_28,receiving_28,allocate_4,none_22,writing_23,none_22,writing_23,none_22,writing_23,add_3,add_3,add_3,delete_24,delete_24,delete_24,deleting_34,deleting_34,deleting_34]","[none_40,none_40,none_40,none_4,none_31,none_32,none_31,none_32,none_31,none_32,updated_3,updated_3,updated_3,invalid_34,invalid_34,invalid_34,none_46,none_46,none_46]"
332377,"[1, 1, 7, 1, 3, 4, 3, 4, 3, 4, 2, 2, 2]","[block blk_6,block blk_6,NameSystem_2,block blk_6,blk_4,blk_4,blk_4,blk_4,blk_4,blk_4,NameSystem_2,NameSystem_2,NameSystem_2]","[receiving_28,receiving_28,allocate_4,receiving_28,none_22,writing_23,none_22,writing_23,none_22,writing_23,add_3,add_3,add_3]","[none_40,none_40,none_4,none_40,none_31,none_32,none_31,none_32,none_31,none_32,updated_3,updated_3,updated_3]"
478396,"[1, 1, 1, 7, 4, 2, 3, 4, 3, 3, 4, 2, 2]","[block blk_6,block blk_6,block blk_6,NameSystem_2,blk_4,NameSystem_2,blk_4,blk_4,blk_4,blk_4,blk_4,NameSystem_2,NameSystem_2]","[receiving_28,receiving_28,receiving_28,allocate_4,writing_23,add_3,none_22,writing_23,none_22,none_22,writing_23,add_3,add_3]","[none_40,none_40,none_40,none_4,none_32,updated_3,none_31,none_32,none_31,none_31,none_32,updated_3,updated_3]"
380626,"[1, 1, 1, 7, 3, 4, 3, 4, 3, 4, 2, 2, 2, 6, 6, 6, 5, 5, 5]","[block blk_6,block blk_6,block blk_6,NameSystem_2,blk_4,blk_4,blk_4,blk_4,blk_4,blk_4,NameSystem_2,NameSystem_2,NameSystem_2,blk_4,blk_4,blk_4,block blk file_7,block blk file_7,block blk file_7]","[receiving_28,receiving_28,receiving_28,allocate_4,none_22,writing_23,none_22,writing_23,none_22,writing_23,add_3,add_3,add_3,delete_24,delete_24,delete_24,deleting_34,deleting_34,deleting_34]","[none_40,none_40,none_40,none_4,none_31,none_32,none_31,none_32,none_31,none_32,updated_3,updated_3,updated_3,invalid_34,invalid_34,invalid_34,none_46,none_46,none_46]"
494252,"[1, 7, 1, 1, 3, 4, 3, 4, 3, 4, 2, 2, 2]","[block blk_6,NameSystem_2,block blk_6,block blk_6,blk_4,blk_4,blk_4,blk_4,blk_4,blk_4,NameSystem_2,NameSystem_2,NameSystem_2]","[receiving_28,allocate_4,receiving_28,receiving_28,none_22,writing_23,none_22,writing_23,none_22,writing_23,add_3,add_3,add_3]","[none_40,none_4,none_40,none_40,none_31,none_32,none_31,none_32,none_31,none_32,updated_3,updated_3,updated_3]"
151764,"[1, 7, 1, 1, 3, 4, 3, 4, 3, 4, 2, 2, 2, 8, 8, 9, 8, 9, 8, 6, 6, 6, 5, 5, 5]","[block blk_6,NameSystem_2,block blk_6,block blk_6,blk_4,blk_4,blk_4,blk_4,blk_4,blk_4,NameSystem_2,NameSystem_2,NameSystem_2,/_0,/_0,blk_4,/_0,blk_4,/_0,blk_4,blk_4,blk_4,block blk file_7,block blk file_7,block blk file_7]","[receiving_28,allocate_4,receiving_28,receiving_28,none_22,writing_23,none_22,writing_23,none_22,writing_23,add_3,add_3,add_3,serving_0,serving_0,transfer_13,serving_0,transfer_13,serving_0,delete_24,delete_24,delete_24,deleting_34,deleting_34,deleting_34]","[none_40,none_4,none_40,none_40,none_31,none_32,none_31,none_32,none_31,none_32,updated_3,updated_3,updated_3,none_0,none_0,exception_21,none_0,exception_21,none_0,invalid_34,invalid_34,invalid_34,none_46,none_46,none_46]"
503433,"[1, 7, 1, 1, 3, 4, 3, 4, 3, 4, 2, 2, 2]","[block blk_6,NameSystem_2,block blk_6,block blk_6,blk_4,blk_4,blk_4,blk_4,blk_4,blk_4,NameSystem_2,NameSystem_2,NameSystem_2]","[receiving_28,allocate_4,receiving_28,receiving_28,none_22,writing_23,none_22,writing_23,none_22,writing_23,add_3,add_3,add_3]","[none_40,none_4,none_40,none_40,none_31,none_32,none_31,none_32,none_31,none_32,updated_3,updated_3,updated_3]"
375799,"[7, 1, 1, 1, 3, 4, 3, 4, 3, 4, 2, 2, 2, 6, 6, 6, 5, 5, 5]","[NameSystem_2,block blk_6,block blk_6,block blk_6,blk_4,blk_4,blk_4,blk_4,blk_4,blk_4,NameSystem_2,NameSystem_2,NameSystem_2,blk_4,blk_4,blk_4,block blk file_7,block blk file_7,block blk file_7]","[allocate_4,receiving_28,receiving_28,receiving_28,none_22,writing_23,none_22,writing_23,none_22,writing_23,add_3,add_3,add_3,delete_24,delete_24,delete_24,deleting_34,deleting_34,deleting_34]","[none_4,none_40,none_40,none_40,none_31,none_32,none_31,none_32,none_31,none_32,updated_3,updated_3,updated_3,invalid_34,invalid_34,invalid_34,none_46,none_46,none_46]"
410167,"[1, 1, 1, 7, 3, 4, 3, 4, 3, 4, 2, 2, 2, 6, 6, 6, 5, 5, 5]","[block blk_6,block blk_6,block blk_6,NameSystem_2,blk_4,blk_4,blk_4,blk_4,blk_4,blk_4,NameSystem_2,NameSystem_2,NameSystem_2,blk_4,blk_4,blk_4,block blk file_7,block blk file_7,block blk file_7]","[receiving_28,receiving_28,receiving_28,allocate_4,none_22,writing_23,none_22,writing_23,none_22,writing_23,add_3,add_3,add_3,delete_24,delete_24,delete_24,deleting_34,deleting_34,deleting_34]","[none_40,none_40,none_40,none_4,none_31,none_32,none_31,none_32,none_31,none_32,updated_3,updated_3,updated_3,invalid_34,invalid_34,invalid_34,none_46,none_46,none_46]"
245992,"[1, 7, 1, 1, 3, 4, 3, 4, 3, 4, 2, 2, 2, 6, 6, 6, 5, 5, 5]","[block blk_6,NameSystem_2,block blk_6,block blk_6,blk_4,blk_4,blk_4,blk_4,blk_4,blk_4,NameSystem_2,NameSystem_2,NameSystem_2,blk_4,blk_4,blk_4,block blk file_7,block blk file_7,block blk file_7]","[receiving_28,allocate_4,receiving_28,receiving_28,none_22,writing_23,none_22,writing_23,none_22,writing_23,add_3,add_3,add_3,delete_24,delete_24,delete_24,deleting_34,deleting_34,deleting_34]","[none_40,none_4,none_40,none_40,none_31,none_32,none_31,none_32,none_31,none_32,updated_3,updated_3,updated_3,invalid_34,invalid_34,invalid_34,none_46,none_46,none_46]"
543631,"[1, 1, 1, 7, 3, 4, 3, 4, 3, 4, 2, 2, 2, 10, 6, 6, 6, 5, 5, 5]","[block blk_6,block blk_6,block blk_6,NameSystem_2,blk_4,blk_4,blk_4,blk_4,blk_4,blk_4,NameSystem_2,NameSystem_2,NameSystem_2,blk_4,blk_4,blk_4,blk_4,block blk file_7,block blk file_7,block blk file_7]","[receiving_28,receiving_28,receiving_28,allocate_4,none_22,writing_23,none_22,writing_23,none_22,writing_23,add_3,add_3,add_3,verification_25,delete_24,delete_24,delete_24,deleting_34,deleting_34,deleting_34]","[none_40,none_40,none_40,none_4,none_31,none_32,none_31,none_32,none_31,none_32,updated_3,updated_3,updated_3,successful_35,invalid_34,invalid_34,invalid_34,none_46,none_46,none_46]"
57294,"[7, 1, 1, 1, 2, 4, 2, 2, 3, 3, 4, 3, 4, 6, 6, 6, 5, 5, 5]","[NameSystem_2,block blk_6,block blk_6,block blk_6,NameSystem_2,blk_4,NameSystem_2,NameSystem_2,blk_4,blk_4,blk_4,blk_4,blk_4,blk_4,blk_4,blk_4,block blk file_7,block blk file_7,block blk file_7]","[allocate_4,receiving_28,receiving_28,receiving_28,add_3,writing_23,add_3,add_3,none_22,none_22,writing_23,none_22,writing_23,delete_24,delete_24,delete_24,deleting_34,deleting_34,deleting_34]","[none_4,none_40,none_40,none_40,updated_3,none_32,updated_3,updated_3,none_31,none_31,none_32,none_31,none_32,invalid_34,invalid_34,invalid_34,none_46,none_46,none_46]"
520158,"[1, 1, 1, 7, 3, 4, 3, 4, 3, 4, 2, 2, 2]","[block blk_6,block blk_6,block blk_6,NameSystem_2,blk_4,blk_4,blk_4,blk_4,blk_4,blk_4,NameSystem_2,NameSystem_2,NameSystem_2]","[receiving_28,receiving_28,receiving_28,allocate_4,none_22,writing_23,none_22,writing_23,none_22,writing_23,add_3,add_3,add_3]","[none_40,none_40,none_40,none_4,none_31,none_32,none_31,none_32,none_31,none_32,updated_3,updated_3,updated_3]"
104711,"[7, 1, 1, 1, 3, 4, 2, 2, 2, 3, 4, 3, 4, 6, 6, 6, 5, 5, 5]","[NameSystem_2,block blk_6,block blk_6,block blk_6,blk_4,blk_4,NameSystem_2,NameSystem_2,NameSystem_2,blk_4,blk_4,blk_4,blk_4,blk_4,blk_4,blk_4,block blk file_7,block blk file_7,block blk file_7]","[allocate_4,receiving_28,receiving_28,receiving_28,none_22,writing_23,add_3,add_3,add_3,none_22,writing_23,none_22,writing_23,delete_24,delete_24,delete_24,deleting_34,deleting_34,deleting_34]","[none_4,none_40,none_40,none_40,none_31,none_32,updated_3,updated_3,updated_3,none_31,none_32,none_31,none_32,invalid_34,invalid_34,invalid_34,none_46,none_46,none_46]"
461391,"[1, 1, 7, 1, 3, 4, 3, 4, 3, 4, 2, 2, 2, 6, 6, 6, 5, 5, 5]","[block blk_6,block blk_6,NameSystem_2,block blk_6,blk_4,blk_4,blk_4,blk_4,blk_4,blk_4,NameSystem_2,NameSystem_2,NameSystem_2,blk_4,blk_4,blk_4,block blk file_7,block blk file_7,block blk file_7]","[receiving_28,receiving_28,allocate_4,receiving_28,none_22,writing_23,none_22,writing_23,none_22,writing_23,add_3,add_3,add_3,delete_24,delete_24,delete_24,deleting_34,deleting_34,deleting_34]","[none_40,none_40,none_4,none_40,none_31,none_32,none_31,none_32,none_31,none_32,updated_3,updated_3,updated_3,invalid_34,invalid_34,invalid_34,none_46,none_46,none_46]"
359777,"[1, 7, 1, 1, 3, 4, 3, 4, 3, 4, 2, 2, 2, 6, 6, 6, 5, 5, 5]","[block blk_6,NameSystem_2,block blk_6,block blk_6,blk_4,blk_4,blk_4,blk_4,blk_4,blk_4,NameSystem_2,NameSystem_2,NameSystem_2,blk_4,blk_4,blk_4,block blk file_7,block blk file_7,block blk file_7]","[receiving_28,allocate_4,receiving_28,receiving_28,none_22,writing_23,none_22,writing_23,none_22,writing_23,add_3,add_3,add_3,delete_24,delete_24,delete_24,deleting_34,deleting_34,deleting_34]","[none_40,none_4,none_40,none_40,none_31,none_32,none_31,none_32,none_31,none_32,updated_3,updated_3,updated_3,invalid_34,invalid_34,invalid_34,none_46,none_46,none_46]"
353337,"[1, 1, 7, 1, 3, 4, 3, 4, 3, 4, 2, 2, 2]","[block blk_6,block blk_6,NameSystem_2,block blk_6,blk_4,blk_4,blk_4,blk_4,blk_4,blk_4,NameSystem_2,NameSystem_2,NameSystem_2]","[receiving_28,receiving_28,allocate_4,receiving_28,none_22,writing_23,none_22,writing_23,none_22,writing_23,add_3,add_3,add_3]","[none_40,none_40,none_4,none_40,none_31,none_32,none_31,none_32,none_31,none_32,updated_3,updated_3,updated_3]"
177616,"[1, 7, 1, 1, 3, 4, 3, 4, 3, 4, 2, 2, 2, 8, 9, 8, 6, 6, 6, 5, 5, 5]","[block blk_6,NameSystem_2,block blk_6,block blk_6,blk_4,blk_4,blk_4,blk_4,blk_4,blk_4,NameSystem_2,NameSystem_2,NameSystem_2,/_0,blk_4,/_0,blk_4,blk_4,blk_4,block blk file_7,block blk file_7,block blk file_7]","[receiving_28,allocate_4,receiving_28,receiving_28,none_22,writing_23,none_22,writing_23,none_22,writing_23,add_3,add_3,add_3,serving_0,transfer_13,serving_0,delete_24,delete_24,delete_24,deleting_34,deleting_34,deleting_34]","[none_40,none_4,none_40,none_40,none_31,none_32,none_31,none_32,none_31,none_32,updated_3,updated_3,updated_3,none_0,exception_21,none_0,invalid_34,invalid_34,invalid_34,none_46,none_46,none_46]"
551509,"[7, 1, 1, 1, 3, 4, 3, 4, 3, 4, 2, 2, 2, 6, 6, 6, 5, 5, 5]","[NameSystem_2,block blk_6,block blk_6,block blk_6,blk_4,blk_4,blk_4,blk_4,blk_4,blk_4,NameSystem_2,NameSystem_2,NameSystem_2,blk_4,blk_4,blk_4,block blk file_7,block blk file_7,block blk file_7]","[allocate_4,receiving_28,receiving_28,receiving_28,none_22,writing_23,none_22,writing_23,none_22,writing_23,add_3,add_3,add_3,delete_24,delete_24,delete_24,deleting_34,deleting_34,deleting_34]","[none_4,none_40,none_40,none_40,none_31,none_32,none_31,none_32,none_31,none_32,updated_3,updated_3,updated_3,invalid_34,invalid_34,invalid_34,none_46,none_46,none_46]"
214625,"[1, 1, 7, 1, 3, 4, 3, 4, 3, 4, 2, 2, 2, 6, 6, 6, 5, 5, 5]","[block blk_6,block blk_6,NameSystem_2,block blk_6,blk_4,blk_4,blk_4,blk_4,blk_4,blk_4,NameSystem_2,NameSystem_2,NameSystem_2,blk_4,blk_4,blk_4,block blk file_7,block blk file_7,block blk file_7]","[receiving_28,receiving_28,allocate_4,receiving_28,none_22,writing_23,none_22,writing_23,none_22,writing_23,add_3,add_3,add_3,delete_24,delete_24,delete_24,deleting_34,deleting_34,deleting_34]","[none_40,none_40,none_4,none_40,none_31,none_32,none_31,none_32,none_31,none_32,updated_3,updated_3,updated_3,invalid_34,invalid_34,invalid_34,none_46,none_46,none_46]"
342151,"[1, 1, 1, 7, 3, 4, 3, 4, 2, 2, 3, 4, 2, 13, 14, 1, 12, 11, 2, 2, 5]","[block blk_6,block blk_6,block blk_6,NameSystem_2,blk_4,blk_4,blk_4,blk_4,NameSystem_2,NameSystem_2,blk_4,blk_4,NameSystem_2,BLOCK*_1,block_5,block blk_6,block blk_6,block blk_6,NameSystem_2,NameSystem_2,block blk file_7]","[receiving_28,receiving_28,receiving_28,allocate_4,none_22,writing_23,none_22,writing_23,add_3,add_3,none_22,writing_23,add_3,replicate_1,transferring_26,receiving_28,transmitted_27,receiving_28,add_3,add_3,deleting_34]","[none_40,none_40,none_40,none_4,none_31,none_32,none_31,none_32,updated_3,updated_3,none_31,none_32,updated_3,none_1,none_36,none_40,none_37,none_38,updated_3,updated_3,none_46]"
141328,"[1, 7, 1, 1, 3, 4, 3, 4, 3, 4, 2, 2, 2, 8, 6, 6, 6, 5, 5, 5]","[block blk_6,NameSystem_2,block blk_6,block blk_6,blk_4,blk_4,blk_4,blk_4,blk_4,blk_4,NameSystem_2,NameSystem_2,NameSystem_2,/_0,blk_4,blk_4,blk_4,block blk file_7,block blk file_7,block blk file_7]","[receiving_28,allocate_4,receiving_28,receiving_28,none_22,writing_23,none_22,writing_23,none_22,writing_23,add_3,add_3,add_3,serving_0,delete_24,delete_24,delete_24,deleting_34,deleting_34,deleting_34]","[none_40,none_4,none_40,none_40,none_31,none_32,none_31,none_32,none_31,none_32,updated_3,updated_3,updated_3,none_0,invalid_34,invalid_34,invalid_34,none_46,none_46,none_46]"
417601,"[1, 1, 7, 1, 3, 4, 3, 4, 3, 4, 2, 2, 2, 6, 6, 6, 5, 5, 5]","[block blk_6,block blk_6,NameSystem_2,block blk_6,blk_4,blk_4,blk_4,blk_4,blk_4,blk_4,NameSystem_2,NameSystem_2,NameSystem_2,blk_4,blk_4,blk_4,block blk file_7,block blk file_7,block blk file_7]","[receiving_28,receiving_28,allocate_4,receiving_28,none_22,writing_23,none_22,writing_23,none_22,writing_23,add_3,add_3,add_3,delete_24,delete_24,delete_24,deleting_34,deleting_34,deleting_34]","[none_40,none_40,none_4,none_40,none_31,none_32,none_31,none_32,none_31,none_32,updated_3,updated_3,updated_3,invalid_34,invalid_34,invalid_34,none_46,none_46,none_46]"
103500,"[7, 1, 1, 1, 2, 2, 2, 3, 4, 3, 4, 3, 4, 8, 8, 9, 8, 9, 8, 8, 8, 9, 6, 6, 6, 5, 5, 5]","[NameSystem_2,block blk_6,block blk_6,block blk_6,NameSystem_2,NameSystem_2,NameSystem_2,blk_4,blk_4,blk_4,blk_4,blk_4,blk_4,/_0,/_0,blk_4,/_0,blk_4,/_0,/_0,/_0,blk_4,blk_4,blk_4,blk_4,block blk file_7,block blk file_7,block blk file_7]","[allocate_4,receiving_28,receiving_28,receiving_28,add_3,add_3,add_3,none_22,writing_23,none_22,writing_23,none_22,writing_23,serving_0,serving_0,transfer_13,serving_0,transfer_13,serving_0,serving_0,serving_0,transfer_13,delete_24,delete_24,delete_24,deleting_34,deleting_34,deleting_34]","[none_4,none_40,none_40,none_40,updated_3,updated_3,updated_3,none_31,none_32,none_31,none_32,none_31,none_32,none_0,none_0,exception_21,none_0,exception_21,none_0,none_0,none_0,exception_21,invalid_34,invalid_34,invalid_34,none_46,none_46,none_46]"
360584,"[1, 1, 1, 7, 3, 4, 3, 4, 3, 4, 2, 2, 2, 10, 6, 6, 6, 5, 5, 5]","[block blk_6,block blk_6,block blk_6,NameSystem_2,blk_4,blk_4,blk_4,blk_4,blk_4,blk_4,NameSystem_2,NameSystem_2,NameSystem_2,blk_4,blk_4,blk_4,blk_4,block blk file_7,block blk file_7,block blk file_7]","[receiving_28,receiving_28,receiving_28,allocate_4,none_22,writing_23,none_22,writing_23,none_22,writing_23,add_3,add_3,add_3,verification_25,delete_24,delete_24,delete_24,deleting_34,deleting_34,deleting_34]","[none_40,none_40,none_40,none_4,none_31,none_32,none_31,none_32,none_31,none_32,updated_3,updated_3,updated_3,successful_35,invalid_34,invalid_34,invalid_34,none_46,none_46,none_46]"
32211,"[1, 7, 1, 1, 3, 4, 3, 4, 3, 4, 2, 2, 2, 9, 9, 8, 6, 6, 6, 5, 5, 5]","[block blk_6,NameSystem_2,block blk_6,block blk_6,blk_4,blk_4,blk_4,blk_4,blk_4,blk_4,NameSystem_2,NameSystem_2,NameSystem_2,blk_4,blk_4,/_0,blk_4,blk_4,blk_4,block blk file_7,block blk file_7,block blk file_7]","[receiving_28,allocate_4,receiving_28,receiving_28,none_22,writing_23,none_22,writing_23,none_22,writing_23,add_3,add_3,add_3,transfer_13,transfer_13,serving_0,delete_24,delete_24,delete_24,deleting_34,deleting_34,deleting_34]","[none_40,none_4,none_40,none_40,none_31,none_32,none_31,none_32,none_31,none_32,updated_3,updated_3,updated_3,exception_21,exception_21,none_0,invalid_34,invalid_34,invalid_34,none_46,none_46,none_46]"
306051,"[1, 1, 7, 1, 3, 4, 3, 4, 3, 4, 2, 2, 2, 6, 6, 6, 5, 5, 5]","[block blk_6,block blk_6,NameSystem_2,block blk_6,blk_4,blk_4,blk_4,blk_4,blk_4,blk_4,NameSystem_2,NameSystem_2,NameSystem_2,blk_4,blk_4,blk_4,block blk file_7,block blk file_7,block blk file_7]","[receiving_28,receiving_28,allocate_4,receiving_28,none_22,writing_23,none_22,writing_23,none_22,writing_23,add_3,add_3,add_3,delete_24,delete_24,delete_24,deleting_34,deleting_34,deleting_34]","[none_40,none_40,none_4,none_40,none_31,none_32,none_31,none_32,none_31,none_32,updated_3,updated_3,updated_3,invalid_34,invalid_34,invalid_34,none_46,none_46,none_46]"
239123,"[1, 1, 1, 7, 3, 4, 3, 4, 3, 4, 2, 2, 2, 6, 6, 6, 5, 5, 5]","[block blk_6,block blk_6,block blk_6,NameSystem_2,blk_4,blk_4,blk_4,blk_4,blk_4,blk_4,NameSystem_2,NameSystem_2,NameSystem_2,blk_4,blk_4,blk_4,block blk file_7,block blk file_7,block blk file_7]","[receiving_28,receiving_28,receiving_28,allocate_4,none_22,writing_23,none_22,writing_23,none_22,writing_23,add_3,add_3,add_3,delete_24,delete_24,delete_24,deleting_34,deleting_34,deleting_34]","[none_40,none_40,none_40,none_4,none_31,none_32,none_31,none_32,none_31,none_32,updated_3,updated_3,updated_3,invalid_34,invalid_34,invalid_34,none_46,none_46,none_46]"
285920,"[1, 1, 1, 7, 3, 4, 3, 4, 3, 4, 2, 2, 2, 6, 6, 6, 5, 5, 5]","[block blk_6,block blk_6,block blk_6,NameSystem_2,blk_4,blk_4,blk_4,blk_4,blk_4,blk_4,NameSystem_2,NameSystem_2,NameSystem_2,blk_4,blk_4,blk_4,block blk file_7,block blk file_7,block blk file_7]","[receiving_28,receiving_28,receiving_28,allocate_4,none_22,writing_23,none_22,writing_23,none_22,writing_23,add_3,add_3,add_3,delete_24,delete_24,delete_24,deleting_34,deleting_34,deleting_34]","[none_40,none_40,none_40,none_4,none_31,none_32,none_31,none_32,none_31,none_32,updated_3,updated_3,updated_3,invalid_34,invalid_34,invalid_34,none_46,none_46,none_46]"
215773,"[1, 1, 7, 1, 3, 4, 3, 4, 3, 4, 2, 2, 2, 6, 6, 6, 5, 5, 5]","[block blk_6,block blk_6,NameSystem_2,block blk_6,blk_4,blk_4,blk_4,blk_4,blk_4,blk_4,NameSystem_2,NameSystem_2,NameSystem_2,blk_4,blk_4,blk_4,block blk file_7,block blk file_7,block blk file_7]","[receiving_28,receiving_28,allocate_4,receiving_28,none_22,writing_23,none_22,writing_23,none_22,writing_23,add_3,add_3,add_3,delete_24,delete_24,delete_24,deleting_34,deleting_34,deleting_34]","[none_40,none_40,none_4,none_40,none_31,none_32,none_31,none_32,none_31,none_32,updated_3,updated_3,updated_3,invalid_34,invalid_34,invalid_34,none_46,none_46,none_46]"
225428,"[1, 1, 7, 1, 3, 4, 3, 4, 3, 4, 2, 2, 2, 6, 6, 6, 5, 5, 5]","[block blk_6,block blk_6,NameSystem_2,block blk_6,blk_4,blk_4,blk_4,blk_4,blk_4,blk_4,NameSystem_2,NameSystem_2,NameSystem_2,blk_4,blk_4,blk_4,block blk file_7,block blk file_7,block blk file_7]","[receiving_28,receiving_28,allocate_4,receiving_28,none_22,writing_23,none_22,writing_23,none_22,writing_23,add_3,add_3,add_3,delete_24,delete_24,delete_24,deleting_34,deleting_34,deleting_34]","[none_40,none_40,none_4,none_40,none_31,none_32,none_31,none_32,none_31,none_32,updated_3,updated_3,updated_3,invalid_34,invalid_34,invalid_34,none_46,none_46,none_46]"
159231,"[1, 7, 1, 1, 3, 4, 3, 4, 3, 4, 2, 2, 2, 8, 8, 9, 8, 8, 9, 6, 6, 6, 5, 5, 5]","[block blk_6,NameSystem_2,block blk_6,block blk_6,blk_4,blk_4,blk_4,blk_4,blk_4,blk_4,NameSystem_2,NameSystem_2,NameSystem_2,/_0,/_0,blk_4,/_0,/_0,blk_4,blk_4,blk_4,blk_4,block blk file_7,block blk file_7,block blk file_7]","[receiving_28,allocate_4,receiving_28,receiving_28,none_22,writing_23,none_22,writing_23,none_22,writing_23,add_3,add_3,add_3,serving_0,serving_0,transfer_13,serving_0,serving_0,transfer_13,delete_24,delete_24,delete_24,deleting_34,deleting_34,deleting_34]","[none_40,none_4,none_40,none_40,none_31,none_32,none_31,none_32,none_31,none_32,updated_3,updated_3,updated_3,none_0,none_0,exception_21,none_0,none_0,exception_21,invalid_34,invalid_34,invalid_34,none_46,none_46,none_46]"
327118,"[1, 1, 1, 7, 3, 4, 3, 4, 3, 4, 2, 2, 2]","[block blk_6,block blk_6,block blk_6,NameSystem_2,blk_4,blk_4,blk_4,blk_4,blk_4,blk_4,NameSystem_2,NameSystem_2,NameSystem_2]","[receiving_28,receiving_28,receiving_28,allocate_4,none_22,writing_23,none_22,writing_23,none_22,writing_23,add_3,add_3,add_3]","[none_40,none_40,none_40,none_4,none_31,none_32,none_31,none_32,none_31,none_32,updated_3,updated_3,updated_3]"
205565,"[7, 1, 1, 1, 3, 4, 3, 4, 3, 4, 2, 2, 2, 6, 6, 6, 5, 5, 5]","[NameSystem_2,block blk_6,block blk_6,block blk_6,blk_4,blk_4,blk_4,blk_4,blk_4,blk_4,NameSystem_2,NameSystem_2,NameSystem_2,blk_4,blk_4,blk_4,block blk file_7,block blk file_7,block blk file_7]","[allocate_4,receiving_28,receiving_28,receiving_28,none_22,writing_23,none_22,writing_23,none_22,writing_23,add_3,add_3,add_3,delete_24,delete_24,delete_24,deleting_34,deleting_34,deleting_34]","[none_4,none_40,none_40,none_40,none_31,none_32,none_31,none_32,none_31,none_32,updated_3,updated_3,updated_3,invalid_34,invalid_34,invalid_34,none_46,none_46,none_46]"
16120,"[1, 1, 7, 1, 3, 4, 3, 4, 3, 4, 2, 2, 2, 9, 8, 9, 10, 6, 6, 6, 5, 5, 5]","[block blk_6,block blk_6,NameSystem_2,block blk_6,blk_4,blk_4,blk_4,blk_4,blk_4,blk_4,NameSystem_2,NameSystem_2,NameSystem_2,blk_4,/_0,blk_4,blk_4,blk_4,blk_4,blk_4,block blk file_7,block blk file_7,block blk file_7]","[receiving_28,receiving_28,allocate_4,receiving_28,none_22,writing_23,none_22,writing_23,none_22,writing_23,add_3,add_3,add_3,transfer_13,serving_0,transfer_13,verification_25,delete_24,delete_24,delete_24,deleting_34,deleting_34,deleting_34]","[none_40,none_40,none_4,none_40,none_31,none_32,none_31,none_32,none_31,none_32,updated_3,updated_3,updated_3,exception_21,none_0,exception_21,successful_35,invalid_34,invalid_34,invalid_34,none_46,none_46,none_46]"
374042,"[1, 1, 1, 7, 3, 4, 3, 4, 3, 4, 2, 2, 2, 6, 6, 6, 5, 5, 5]","[block blk_6,block blk_6,block blk_6,NameSystem_2,blk_4,blk_4,blk_4,blk_4,blk_4,blk_4,NameSystem_2,NameSystem_2,NameSystem_2,blk_4,blk_4,blk_4,block blk file_7,block blk file_7,block blk file_7]","[receiving_28,receiving_28,receiving_28,allocate_4,none_22,writing_23,none_22,writing_23,none_22,writing_23,add_3,add_3,add_3,delete_24,delete_24,delete_24,deleting_34,deleting_34,deleting_34]","[none_40,none_40,none_40,none_4,none_31,none_32,none_31,none_32,none_31,none_32,updated_3,updated_3,updated_3,invalid_34,invalid_34,invalid_34,none_46,none_46,none_46]"
560777,"[1, 1, 1, 7, 3, 4, 3, 4, 3, 4, 2, 2, 2, 6, 6, 6, 5, 5, 5]","[block blk_6,block blk_6,block blk_6,NameSystem_2,blk_4,blk_4,blk_4,blk_4,blk_4,blk_4,NameSystem_2,NameSystem_2,NameSystem_2,blk_4,blk_4,blk_4,block blk file_7,block blk file_7,block blk file_7]","[receiving_28,receiving_28,receiving_28,allocate_4,none_22,writing_23,none_22,writing_23,none_22,writing_23,add_3,add_3,add_3,delete_24,delete_24,delete_24,deleting_34,deleting_34,deleting_34]","[none_40,none_40,none_40,none_4,none_31,none_32,none_31,none_32,none_31,none_32,updated_3,updated_3,updated_3,invalid_34,invalid_34,invalid_34,none_46,none_46,none_46]"
357746,"[1, 1, 7, 1, 3, 4, 3, 4, 3, 4, 2, 2, 2, 6, 6, 6, 5, 5, 5]","[block blk_6,block blk_6,NameSystem_2,block blk_6,blk_4,blk_4,blk_4,blk_4,blk_4,blk_4,NameSystem_2,NameSystem_2,NameSystem_2,blk_4,blk_4,blk_4,block blk file_7,block blk file_7,block blk file_7]","[receiving_28,receiving_28,allocate_4,receiving_28,none_22,writing_23,none_22,writing_23,none_22,writing_23,add_3,add_3,add_3,delete_24,delete_24,delete_24,deleting_34,deleting_34,deleting_34]","[none_40,none_40,none_4,none_40,none_31,none_32,none_31,none_32,none_31,none_32,updated_3,updated_3,updated_3,invalid_34,invalid_34,invalid_34,none_46,none_46,none_46]"
238716,"[1, 1, 1, 7, 3, 4, 3, 4, 3, 4, 2, 2, 2, 6, 6, 6, 5, 5, 5]","[block blk_6,block blk_6,block blk_6,NameSystem_2,blk_4,blk_4,blk_4,blk_4,blk_4,blk_4,NameSystem_2,NameSystem_2,NameSystem_2,blk_4,blk_4,blk_4,block blk file_7,block blk file_7,block blk file_7]","[receiving_28,receiving_28,receiving_28,allocate_4,none_22,writing_23,none_22,writing_23,none_22,writing_23,add_3,add_3,add_3,delete_24,delete_24,delete_24,deleting_34,deleting_34,deleting_34]","[none_40,none_40,none_40,none_4,none_31,none_32,none_31,none_32,none_31,none_32,updated_3,updated_3,updated_3,invalid_34,invalid_34,invalid_34,none_46,none_46,none_46]"
89208,"[7, 1, 1, 1, 2, 2, 2, 3, 4, 3, 4, 3, 4, 8, 8, 9, 8, 9, 8, 8, 8, 9, 6, 6, 6, 5, 5, 5]","[NameSystem_2,block blk_6,block blk_6,block blk_6,NameSystem_2,NameSystem_2,NameSystem_2,blk_4,blk_4,blk_4,blk_4,blk_4,blk_4,/_0,/_0,blk_4,/_0,blk_4,/_0,/_0,/_0,blk_4,blk_4,blk_4,blk_4,block blk file_7,block blk file_7,block blk file_7]","[allocate_4,receiving_28,receiving_28,receiving_28,add_3,add_3,add_3,none_22,writing_23,none_22,writing_23,none_22,writing_23,serving_0,serving_0,transfer_13,serving_0,transfer_13,serving_0,serving_0,serving_0,transfer_13,delete_24,delete_24,delete_24,deleting_34,deleting_34,deleting_34]","[none_4,none_40,none_40,none_40,updated_3,updated_3,updated_3,none_31,none_32,none_31,none_32,none_31,none_32,none_0,none_0,exception_21,none_0,exception_21,none_0,none_0,none_0,exception_21,invalid_34,invalid_34,invalid_34,none_46,none_46,none_46]"
167586,"[1, 1, 7, 1, 3, 4, 3, 4, 3, 4, 2, 2, 2, 8, 9, 8, 8, 9, 8, 6, 6, 6, 5, 5, 5]","[block blk_6,block blk_6,NameSystem_2,block blk_6,blk_4,blk_4,blk_4,blk_4,blk_4,blk_4,NameSystem_2,NameSystem_2,NameSystem_2,/_0,blk_4,/_0,/_0,blk_4,/_0,blk_4,blk_4,blk_4,block blk file_7,block blk file_7,block blk file_7]","[receiving_28,receiving_28,allocate_4,receiving_28,none_22,writing_23,none_22,writing_23,none_22,writing_23,add_3,add_3,add_3,serving_0,transfer_13,serving_0,serving_0,transfer_13,serving_0,delete_24,delete_24,delete_24,deleting_34,deleting_34,deleting_34]","[none_40,none_40,none_4,none_40,none_31,none_32,none_31,none_32,none_31,none_32,updated_3,updated_3,updated_3,none_0,exception_21,none_0,none_0,exception_21,none_0,invalid_34,invalid_34,invalid_34,none_46,none_46,none_46]"
119239,"[7, 1, 1, 1, 2, 2, 3, 4, 3, 4, 2, 3, 4, 9, 8, 9, 10, 10, 10, 6, 6, 6, 5, 5, 5]","[NameSystem_2,block blk_6,block blk_6,block blk_6,NameSystem_2,NameSystem_2,blk_4,blk_4,blk_4,blk_4,NameSystem_2,blk_4,blk_4,blk_4,/_0,blk_4,blk_4,blk_4,blk_4,blk_4,blk_4,blk_4,block blk file_7,block blk file_7,block blk file_7]","[allocate_4,receiving_28,receiving_28,receiving_28,add_3,add_3,none_22,writing_23,none_22,writing_23,add_3,none_22,writing_23,transfer_13,serving_0,transfer_13,verification_25,verification_25,verification_25,delete_24,delete_24,delete_24,deleting_34,deleting_34,deleting_34]","[none_4,none_40,none_40,none_40,updated_3,updated_3,none_31,none_32,none_31,none_32,updated_3,none_31,none_32,exception_21,none_0,exception_21,successful_35,successful_35,successful_35,invalid_34,invalid_34,invalid_34,none_46,none_46,none_46]"
338388,"[1, 1, 1, 7, 3, 4, 3, 4, 3, 4, 2, 2, 2]","[block blk_6,block blk_6,block blk_6,NameSystem_2,blk_4,blk_4,blk_4,blk_4,blk_4,blk_4,NameSystem_2,NameSystem_2,NameSystem_2]","[receiving_28,receiving_28,receiving_28,allocate_4,none_22,writing_23,none_22,writing_23,none_22,writing_23,add_3,add_3,add_3]","[none_40,none_40,none_40,none_4,none_31,none_32,none_31,none_32,none_31,none_32,updated_3,updated_3,updated_3]"
96399,"[7, 1, 1, 1, 3, 4, 2, 2, 2, 3, 4, 3, 4, 8, 9, 8, 8, 8, 9, 8, 8, 9, 6, 6, 6, 5, 5, 5]","[NameSystem_2,block blk_6,block blk_6,block blk_6,blk_4,blk_4,NameSystem_2,NameSystem_2,NameSystem_2,blk_4,blk_4,blk_4,blk_4,/_0,blk_4,/_0,/_0,/_0,blk_4,/_0,/_0,blk_4,blk_4,blk_4,blk_4,block blk file_7,block blk file_7,block blk file_7]","[allocate_4,receiving_28,receiving_28,receiving_28,none_22,writing_23,add_3,add_3,add_3,none_22,writing_23,none_22,writing_23,serving_0,transfer_13,serving_0,serving_0,serving_0,transfer_13,serving_0,serving_0,transfer_13,delete_24,delete_24,delete_24,deleting_34,deleting_34,deleting_34]","[none_4,none_40,none_40,none_40,none_31,none_32,updated_3,updated_3,updated_3,none_31,none_32,none_31,none_32,none_0,exception_21,none_0,none_0,none_0,exception_21,none_0,none_0,exception_21,invalid_34,invalid_34,invalid_34,none_46,none_46,none_46]"
255644,"[1, 1, 1, 7, 3, 4, 3, 4, 3, 4, 2, 2, 2, 6, 6, 6, 5, 5, 5]","[block blk_6,block blk_6,block blk_6,NameSystem_2,blk_4,blk_4,blk_4,blk_4,blk_4,blk_4,NameSystem_2,NameSystem_2,NameSystem_2,blk_4,blk_4,blk_4,block blk file_7,block blk file_7,block blk file_7]","[receiving_28,receiving_28,receiving_28,allocate_4,none_22,writing_23,none_22,writing_23,none_22,writing_23,add_3,add_3,add_3,delete_24,delete_24,delete_24,deleting_34,deleting_34,deleting_34]","[none_40,none_40,none_40,none_4,none_31,none_32,none_31,none_32,none_31,none_32,updated_3,updated_3,updated_3,invalid_34,invalid_34,invalid_34,none_46,none_46,none_46]"
542863,"[1, 1, 7, 1, 4, 4, 3, 4, 2, 3, 3, 2, 2, 6, 6, 6, 5, 5, 5]","[block blk_6,block blk_6,NameSystem_2,block blk_6,blk_4,blk_4,blk_4,blk_4,NameSystem_2,blk_4,blk_4,NameSystem_2,NameSystem_2,blk_4,blk_4,blk_4,block blk file_7,block blk file_7,block blk file_7]","[receiving_28,receiving_28,allocate_4,receiving_28,writing_23,writing_23,none_22,writing_23,add_3,none_22,none_22,add_3,add_3,delete_24,delete_24,delete_24,deleting_34,deleting_34,deleting_34]","[none_40,none_40,none_4,none_40,none_32,none_32,none_31,none_32,updated_3,none_31,none_31,updated_3,updated_3,invalid_34,invalid_34,invalid_34,none_46,none_46,none_46]"
95792,"[7, 1, 1, 1, 2, 2, 2, 3, 4, 3, 4, 3, 4, 8, 8, 9, 8, 8, 9, 8, 9, 8, 6, 6, 6, 5, 5, 5]","[NameSystem_2,block blk_6,block blk_6,block blk_6,NameSystem_2,NameSystem_2,NameSystem_2,blk_4,blk_4,blk_4,blk_4,blk_4,blk_4,/_0,/_0,blk_4,/_0,/_0,blk_4,/_0,blk_4,/_0,blk_4,blk_4,blk_4,block blk file_7,block blk file_7,block blk file_7]","[allocate_4,receiving_28,receiving_28,receiving_28,add_3,add_3,add_3,none_22,writing_23,none_22,writing_23,none_22,writing_23,serving_0,serving_0,transfer_13,serving_0,serving_0,transfer_13,serving_0,transfer_13,serving_0,delete_24,delete_24,delete_24,deleting_34,deleting_34,deleting_34]","[none_4,none_40,none_40,none_40,updated_3,updated_3,updated_3,none_31,none_32,none_31,none_32,none_31,none_32,none_0,none_0,exception_21,none_0,none_0,exception_21,none_0,exception_21,none_0,invalid_34,invalid_34,invalid_34,none_46,none_46,none_46]"
32267,"[1, 1, 1, 7, 3, 4, 3, 4, 3, 4, 2, 2, 2, 9, 8, 9, 6, 6, 6, 5, 5, 5]","[block blk_6,block blk_6,block blk_6,NameSystem_2,blk_4,blk_4,blk_4,blk_4,blk_4,blk_4,NameSystem_2,NameSystem_2,NameSystem_2,blk_4,/_0,blk_4,blk_4,blk_4,blk_4,block blk file_7,block blk file_7,block blk file_7]","[receiving_28,receiving_28,receiving_28,allocate_4,none_22,writing_23,none_22,writing_23,none_22,writing_23,add_3,add_3,add_3,transfer_13,serving_0,transfer_13,delete_24,delete_24,delete_24,deleting_34,deleting_34,deleting_34]","[none_40,none_40,none_40,none_4,none_31,none_32,none_31,none_32,none_31,none_32,updated_3,updated_3,updated_3,exception_21,none_0,exception_21,invalid_34,invalid_34,invalid_34,none_46,none_46,none_46]"
332548,"[1, 1, 7, 1, 3, 4, 3, 4, 3, 4, 2, 2, 2, 10]","[block blk_6,block blk_6,NameSystem_2,block blk_6,blk_4,blk_4,blk_4,blk_4,blk_4,blk_4,NameSystem_2,NameSystem_2,NameSystem_2,blk_4]","[receiving_28,receiving_28,allocate_4,receiving_28,none_22,writing_23,none_22,writing_23,none_22,writing_23,add_3,add_3,add_3,verification_25]","[none_40,none_40,none_4,none_40,none_31,none_32,none_31,none_32,none_31,none_32,updated_3,updated_3,updated_3,successful_35]"
227685,"[7, 1, 1, 1, 3, 4, 3, 4, 3, 4, 2, 2, 2, 6, 6, 6, 5, 5, 5]","[NameSystem_2,block blk_6,block blk_6,block blk_6,blk_4,blk_4,blk_4,blk_4,blk_4,blk_4,NameSystem_2,NameSystem_2,NameSystem_2,blk_4,blk_4,blk_4,block blk file_7,block blk file_7,block blk file_7]","[allocate_4,receiving_28,receiving_28,receiving_28,none_22,writing_23,none_22,writing_23,none_22,writing_23,add_3,add_3,add_3,delete_24,delete_24,delete_24,deleting_34,deleting_34,deleting_34]","[none_4,none_40,none_40,none_40,none_31,none_32,none_31,none_32,none_31,none_32,updated_3,updated_3,updated_3,invalid_34,invalid_34,invalid_34,none_46,none_46,none_46]"
383623,"[1, 1, 7, 1, 3, 4, 3, 4, 3, 4, 2, 2, 2, 6, 6, 6, 5, 5, 5]","[block blk_6,block blk_6,NameSystem_2,block blk_6,blk_4,blk_4,blk_4,blk_4,blk_4,blk_4,NameSystem_2,NameSystem_2,NameSystem_2,blk_4,blk_4,blk_4,block blk file_7,block blk file_7,block blk file_7]","[receiving_28,receiving_28,allocate_4,receiving_28,none_22,writing_23,none_22,writing_23,none_22,writing_23,add_3,add_3,add_3,delete_24,delete_24,delete_24,deleting_34,deleting_34,deleting_34]","[none_40,none_40,none_4,none_40,none_31,none_32,none_31,none_32,none_31,none_32,updated_3,updated_3,updated_3,invalid_34,invalid_34,invalid_34,none_46,none_46,none_46]"
361070,"[1, 1, 1, 7, 4, 2, 3, 3, 4, 3, 4, 2, 2, 6, 6, 6, 5, 5, 5]","[block blk_6,block blk_6,block blk_6,NameSystem_2,blk_4,NameSystem_2,blk_4,blk_4,blk_4,blk_4,blk_4,NameSystem_2,NameSystem_2,blk_4,blk_4,blk_4,block blk file_7,block blk file_7,block blk file_7]","[receiving_28,receiving_28,receiving_28,allocate_4,writing_23,add_3,none_22,none_22,writing_23,none_22,writing_23,add_3,add_3,delete_24,delete_24,delete_24,deleting_34,deleting_34,deleting_34]","[none_40,none_40,none_40,none_4,none_32,updated_3,none_31,none_31,none_32,none_31,none_32,updated_3,updated_3,invalid_34,invalid_34,invalid_34,none_46,none_46,none_46]"
79740,"[7, 1, 1, 1, 4, 2, 2, 2, 3, 3, 4, 3, 4, 8, 9, 8, 8, 9, 8, 8, 9, 8, 8, 8, 9, 6, 6, 6, 5, 5, 5]","[NameSystem_2,block blk_6,block blk_6,block blk_6,blk_4,NameSystem_2,NameSystem_2,NameSystem_2,blk_4,blk_4,blk_4,blk_4,blk_4,/_0,blk_4,/_0,/_0,blk_4,/_0,/_0,blk_4,/_0,/_0,/_0,blk_4,blk_4,blk_4,blk_4,block blk file_7,block blk file_7,block blk file_7]","[allocate_4,receiving_28,receiving_28,receiving_28,writing_23,add_3,add_3,add_3,none_22,none_22,writing_23,none_22,writing_23,serving_0,transfer_13,serving_0,serving_0,transfer_13,serving_0,serving_0,transfer_13,serving_0,serving_0,serving_0,transfer_13,delete_24,delete_24,delete_24,deleting_34,deleting_34,deleting_34]","[none_4,none_40,none_40,none_40,none_32,updated_3,updated_3,updated_3,none_31,none_31,none_32,none_31,none_32,none_0,exception_21,none_0,none_0,exception_21,none_0,none_0,exception_21,none_0,none_0,none_0,exception_21,invalid_34,invalid_34,invalid_34,none_46,none_46,none_46]"
438696,"[1, 7, 1, 1, 3, 4, 2, 3, 4, 3, 4, 2, 2, 6, 6, 6, 5, 5, 5]","[block blk_6,NameSystem_2,block blk_6,block blk_6,blk_4,blk_4,NameSystem_2,blk_4,blk_4,blk_4,blk_4,NameSystem_2,NameSystem_2,blk_4,blk_4,blk_4,block blk file_7,block blk file_7,block blk file_7]","[receiving_28,allocate_4,receiving_28,receiving_28,none_22,writing_23,add_3,none_22,writing_23,none_22,writing_23,add_3,add_3,delete_24,delete_24,delete_24,deleting_34,deleting_34,deleting_34]","[none_40,none_4,none_40,none_40,none_31,none_32,updated_3,none_31,none_32,none_31,none_32,updated_3,updated_3,invalid_34,invalid_34,invalid_34,none_46,none_46,none_46]"
392615,"[1, 1, 7, 1, 3, 4, 3, 4, 2, 2, 3, 4, 2, 6, 6, 6, 5, 5, 5]","[block blk_6,block blk_6,NameSystem_2,block blk_6,blk_4,blk_4,blk_4,blk_4,NameSystem_2,NameSystem_2,blk_4,blk_4,NameSystem_2,blk_4,blk_4,blk_4,block blk file_7,block blk file_7,block blk file_7]","[receiving_28,receiving_28,allocate_4,receiving_28,none_22,writing_23,none_22,writing_23,add_3,add_3,none_22,writing_23,add_3,delete_24,delete_24,delete_24,deleting_34,deleting_34,deleting_34]","[none_40,none_40,none_4,none_40,none_31,none_32,none_31,none_32,updated_3,updated_3,none_31,none_32,updated_3,invalid_34,invalid_34,invalid_34,none_46,none_46,none_46]"
550340,"[1, 1, 7, 1, 4, 3, 4, 2, 3, 3, 4, 2, 2, 6, 6, 6, 5, 5, 5]","[block blk_6,block blk_6,NameSystem_2,block blk_6,blk_4,blk_4,blk_4,NameSystem_2,blk_4,blk_4,blk_4,NameSystem_2,NameSystem_2,blk_4,blk_4,blk_4,block blk file_7,block blk file_7,block blk file_7]","[receiving_28,receiving_28,allocate_4,receiving_28,writing_23,none_22,writing_23,add_3,none_22,none_22,writing_23,add_3,add_3,delete_24,delete_24,delete_24,deleting_34,deleting_34,deleting_34]","[none_40,none_40,none_4,none_40,none_32,none_31,none_32,updated_3,none_31,none_31,none_32,updated_3,updated_3,invalid_34,invalid_34,invalid_34,none_46,none_46,none_46]"
70541,"[7, 1, 1, 1, 2, 2, 2, 3, 4, 3, 4, 3, 4, 8, 8, 8, 8, 8, 8, 8, 8, 6, 6, 6, 5, 5, 5]","[NameSystem_2,block blk_6,block blk_6,block blk_6,NameSystem_2,NameSystem_2,NameSystem_2,blk_4,blk_4,blk_4,blk_4,blk_4,blk_4,/_0,/_0,/_0,/_0,/_0,/_0,/_0,/_0,blk_4,blk_4,blk_4,block blk file_7,block blk file_7,block blk file_7]","[allocate_4,receiving_28,receiving_28,receiving_28,add_3,add_3,add_3,none_22,writing_23,none_22,writing_23,none_22,writing_23,serving_0,serving_0,serving_0,serving_0,serving_0,serving_0,serving_0,serving_0,delete_24,delete_24,delete_24,deleting_34,deleting_34,deleting_34]","[none_4,none_40,none_40,none_40,updated_3,updated_3,updated_3,none_31,none_32,none_31,none_32,none_31,none_32,none_0,none_0,none_0,none_0,none_0,none_0,none_0,none_0,invalid_34,invalid_34,invalid_34,none_46,none_46,none_46]"
207196,"[1, 1, 1, 7, 3, 4, 3, 4, 4, 2, 2, 2, 3, 6, 6, 6, 5, 5, 5]","[block blk_6,block blk_6,block blk_6,NameSystem_2,blk_4,blk_4,blk_4,blk_4,blk_4,NameSystem_2,NameSystem_2,NameSystem_2,blk_4,blk_4,blk_4,blk_4,block blk file_7,block blk file_7,block blk file_7]","[receiving_28,receiving_28,receiving_28,allocate_4,none_22,writing_23,none_22,writing_23,writing_23,add_3,add_3,add_3,none_22,delete_24,delete_24,delete_24,deleting_34,deleting_34,deleting_34]","[none_40,none_40,none_40,none_4,none_31,none_32,none_31,none_32,none_32,updated_3,updated_3,updated_3,none_31,invalid_34,invalid_34,invalid_34,none_46,none_46,none_46]"
351469,"[1, 1, 1, 7, 3, 4, 3, 4, 3, 4, 2, 2, 2]","[block blk_6,block blk_6,block blk_6,NameSystem_2,blk_4,blk_4,blk_4,blk_4,blk_4,blk_4,NameSystem_2,NameSystem_2,NameSystem_2]","[receiving_28,receiving_28,receiving_28,allocate_4,none_22,writing_23,none_22,writing_23,none_22,writing_23,add_3,add_3,add_3]","[none_40,none_40,none_40,none_4,none_31,none_32,none_31,none_32,none_31,none_32,updated_3,updated_3,updated_3]"
264479,"[7, 1, 1, 1, 3, 4, 2, 3, 4, 3, 4, 2, 2, 6, 6, 6, 5, 5, 5]","[NameSystem_2,block blk_6,block blk_6,block blk_6,blk_4,blk_4,NameSystem_2,blk_4,blk_4,blk_4,blk_4,NameSystem_2,NameSystem_2,blk_4,blk_4,blk_4,block blk file_7,block blk file_7,block blk file_7]","[allocate_4,receiving_28,receiving_28,receiving_28,none_22,writing_23,add_3,none_22,writing_23,none_22,writing_23,add_3,add_3,delete_24,delete_24,delete_24,deleting_34,deleting_34,deleting_34]","[none_4,none_40,none_40,none_40,none_31,none_32,updated_3,none_31,none_32,none_31,none_32,updated_3,updated_3,invalid_34,invalid_34,invalid_34,none_46,none_46,none_46]"
563935,"[1, 7, 1, 1, 3, 4, 3, 4, 3, 4, 2, 2, 2, 6, 6, 6, 5, 5, 5]","[block blk_6,NameSystem_2,block blk_6,block blk_6,blk_4,blk_4,blk_4,blk_4,blk_4,blk_4,NameSystem_2,NameSystem_2,NameSystem_2,blk_4,blk_4,blk_4,block blk file_7,block blk file_7,block blk file_7]","[receiving_28,allocate_4,receiving_28,receiving_28,none_22,writing_23,none_22,writing_23,none_22,writing_23,add_3,add_3,add_3,delete_24,delete_24,delete_24,deleting_34,deleting_34,deleting_34]","[none_40,none_4,none_40,none_40,none_31,none_32,none_31,none_32,none_31,none_32,updated_3,updated_3,updated_3,invalid_34,invalid_34,invalid_34,none_46,none_46,none_46]"
303661,"[1, 1, 7, 1, 3, 4, 3, 4, 3, 4, 2, 2, 2, 6, 6, 6, 5, 5, 5]","[block blk_6,block blk_6,NameSystem_2,block blk_6,blk_4,blk_4,blk_4,blk_4,blk_4,blk_4,NameSystem_2,NameSystem_2,NameSystem_2,blk_4,blk_4,blk_4,block blk file_7,block blk file_7,block blk file_7]","[receiving_28,receiving_28,allocate_4,receiving_28,none_22,writing_23,none_22,writing_23,none_22,writing_23,add_3,add_3,add_3,delete_24,delete_24,delete_24,deleting_34,deleting_34,deleting_34]","[none_40,none_40,none_4,none_40,none_31,none_32,none_31,none_32,none_31,none_32,updated_3,updated_3,updated_3,invalid_34,invalid_34,invalid_34,none_46,none_46,none_46]"
530888,"[1, 1, 1, 7, 3, 4, 3, 4, 3, 4, 2, 2, 2]","[block blk_6,block blk_6,block blk_6,NameSystem_2,blk_4,blk_4,blk_4,blk_4,blk_4,blk_4,NameSystem_2,NameSystem_2,NameSystem_2]","[receiving_28,receiving_28,receiving_28,allocate_4,none_22,writing_23,none_22,writing_23,none_22,writing_23,add_3,add_3,add_3]","[none_40,none_40,none_40,none_4,none_31,none_32,none_31,none_32,none_31,none_32,updated_3,updated_3,updated_3]"
144224,"[1, 1, 3, 4, 1, 3, 4, 7, 3, 4, 2, 2, 2, 6, 6, 6, 5, 5, 5]","[block blk_6,block blk_6,blk_4,blk_4,block blk_6,blk_4,blk_4,NameSystem_2,blk_4,blk_4,NameSystem_2,NameSystem_2,NameSystem_2,blk_4,blk_4,blk_4,block blk file_7,block blk file_7,block blk file_7]","[receiving_28,receiving_28,none_22,writing_23,receiving_28,none_22,writing_23,allocate_4,none_22,writing_23,add_3,add_3,add_3,delete_24,delete_24,delete_24,deleting_34,deleting_34,deleting_34]","[none_40,none_40,none_31,none_32,none_40,none_31,none_32,none_4,none_31,none_32,updated_3,updated_3,updated_3,invalid_34,invalid_34,invalid_34,none_46,none_46,none_46]"
367009,"[1, 7, 1, 1, 3, 4, 3, 4, 3, 4, 2, 2, 2, 6, 6, 6, 5, 5, 5]","[block blk_6,NameSystem_2,block blk_6,block blk_6,blk_4,blk_4,blk_4,blk_4,blk_4,blk_4,NameSystem_2,NameSystem_2,NameSystem_2,blk_4,blk_4,blk_4,block blk file_7,block blk file_7,block blk file_7]","[receiving_28,allocate_4,receiving_28,receiving_28,none_22,writing_23,none_22,writing_23,none_22,writing_23,add_3,add_3,add_3,delete_24,delete_24,delete_24,deleting_34,deleting_34,deleting_34]","[none_40,none_4,none_40,none_40,none_31,none_32,none_31,none_32,none_31,none_32,updated_3,updated_3,updated_3,invalid_34,invalid_34,invalid_34,none_46,none_46,none_46]"
248534,"[1, 1, 1, 7, 3, 4, 3, 4, 3, 4, 2, 2, 2, 6, 6, 6, 5, 5, 5]","[block blk_6,block blk_6,block blk_6,NameSystem_2,blk_4,blk_4,blk_4,blk_4,blk_4,blk_4,NameSystem_2,NameSystem_2,NameSystem_2,blk_4,blk_4,blk_4,block blk file_7,block blk file_7,block blk file_7]","[receiving_28,receiving_28,receiving_28,allocate_4,none_22,writing_23,none_22,writing_23,none_22,writing_23,add_3,add_3,add_3,delete_24,delete_24,delete_24,deleting_34,deleting_34,deleting_34]","[none_40,none_40,none_40,none_4,none_31,none_32,none_31,none_32,none_31,none_32,updated_3,updated_3,updated_3,invalid_34,invalid_34,invalid_34,none_46,none_46,none_46]"
5157,"[7, 1, 1, 1, 2, 2, 2, 3, 4, 3, 4, 3, 4, 10, 9, 8, 9, 10, 10, 6, 6, 6, 5, 5, 5]","[NameSystem_2,block blk_6,block blk_6,block blk_6,NameSystem_2,NameSystem_2,NameSystem_2,blk_4,blk_4,blk_4,blk_4,blk_4,blk_4,blk_4,blk_4,/_0,blk_4,blk_4,blk_4,blk_4,blk_4,blk_4,block blk file_7,block blk file_7,block blk file_7]","[allocate_4,receiving_28,receiving_28,receiving_28,add_3,add_3,add_3,none_22,writing_23,none_22,writing_23,none_22,writing_23,verification_25,transfer_13,serving_0,transfer_13,verification_25,verification_25,delete_24,delete_24,delete_24,deleting_34,deleting_34,deleting_34]","[none_4,none_40,none_40,none_40,updated_3,updated_3,updated_3,none_31,none_32,none_31,none_32,none_31,none_32,successful_35,exception_21,none_0,exception_21,successful_35,successful_35,invalid_34,invalid_34,invalid_34,none_46,none_46,none_46]"
297489,"[1, 1, 1, 7, 3, 4, 3, 4, 3, 4, 2, 2, 2, 6, 6, 6, 5, 5, 5]","[block blk_6,block blk_6,block blk_6,NameSystem_2,blk_4,blk_4,blk_4,blk_4,blk_4,blk_4,NameSystem_2,NameSystem_2,NameSystem_2,blk_4,blk_4,blk_4,block blk file_7,block blk file_7,block blk file_7]","[receiving_28,receiving_28,receiving_28,allocate_4,none_22,writing_23,none_22,writing_23,none_22,writing_23,add_3,add_3,add_3,delete_24,delete_24,delete_24,deleting_34,deleting_34,deleting_34]","[none_40,none_40,none_40,none_4,none_31,none_32,none_31,none_32,none_31,none_32,updated_3,updated_3,updated_3,invalid_34,invalid_34,invalid_34,none_46,none_46,none_46]"
355772,"[1, 1, 1, 7, 3, 4, 3, 4, 3, 4, 2, 2, 2]","[block blk_6,block blk_6,block blk_6,NameSystem_2,blk_4,blk_4,blk_4,blk_4,blk_4,blk_4,NameSystem_2,NameSystem_2,NameSystem_2]","[receiving_28,receiving_28,receiving_28,allocate_4,none_22,writing_23,none_22,writing_23,none_22,writing_23,add_3,add_3,add_3]","[none_40,none_40,none_40,none_4,none_31,none_32,none_31,none_32,none_31,none_32,updated_3,updated_3,updated_3]"
212361,"[1, 1, 1, 7, 3, 4, 3, 4, 3, 4, 2, 2, 2, 6, 6, 6, 5, 5, 5]","[block blk_6,block blk_6,block blk_6,NameSystem_2,blk_4,blk_4,blk_4,blk_4,blk_4,blk_4,NameSystem_2,NameSystem_2,NameSystem_2,blk_4,blk_4,blk_4,block blk file_7,block blk file_7,block blk file_7]","[receiving_28,receiving_28,receiving_28,allocate_4,none_22,writing_23,none_22,writing_23,none_22,writing_23,add_3,add_3,add_3,delete_24,delete_24,delete_24,deleting_34,deleting_34,deleting_34]","[none_40,none_40,none_40,none_4,none_31,none_32,none_31,none_32,none_31,none_32,updated_3,updated_3,updated_3,invalid_34,invalid_34,invalid_34,none_46,none_46,none_46]"
379479,"[1, 1, 1, 7, 3, 4, 3, 4, 3, 4, 2, 2, 2, 10, 6, 6, 6, 5, 5, 5]","[block blk_6,block blk_6,block blk_6,NameSystem_2,blk_4,blk_4,blk_4,blk_4,blk_4,blk_4,NameSystem_2,NameSystem_2,NameSystem_2,blk_4,blk_4,blk_4,blk_4,block blk file_7,block blk file_7,block blk file_7]","[receiving_28,receiving_28,receiving_28,allocate_4,none_22,writing_23,none_22,writing_23,none_22,writing_23,add_3,add_3,add_3,verification_25,delete_24,delete_24,delete_24,deleting_34,deleting_34,deleting_34]","[none_40,none_40,none_40,none_4,none_31,none_32,none_31,none_32,none_31,none_32,updated_3,updated_3,updated_3,successful_35,invalid_34,invalid_34,invalid_34,none_46,none_46,none_46]"
62679,"[7, 1, 1, 1, 2, 2, 2, 3, 4, 3, 4, 3, 4, 6, 6, 6, 5, 5, 5]","[NameSystem_2,block blk_6,block blk_6,block blk_6,NameSystem_2,NameSystem_2,NameSystem_2,blk_4,blk_4,blk_4,blk_4,blk_4,blk_4,blk_4,blk_4,blk_4,block blk file_7,block blk file_7,block blk file_7]","[allocate_4,receiving_28,receiving_28,receiving_28,add_3,add_3,add_3,none_22,writing_23,none_22,writing_23,none_22,writing_23,delete_24,delete_24,delete_24,deleting_34,deleting_34,deleting_34]","[none_4,none_40,none_40,none_40,updated_3,updated_3,updated_3,none_31,none_32,none_31,none_32,none_31,none_32,invalid_34,invalid_34,invalid_34,none_46,none_46,none_46]"
426003,"[1, 1, 7, 1, 3, 4, 3, 4, 3, 4, 2, 2, 2, 6, 6, 6, 5, 5, 5]","[block blk_6,block blk_6,NameSystem_2,block blk_6,blk_4,blk_4,blk_4,blk_4,blk_4,blk_4,NameSystem_2,NameSystem_2,NameSystem_2,blk_4,blk_4,blk_4,block blk file_7,block blk file_7,block blk file_7]","[receiving_28,receiving_28,allocate_4,receiving_28,none_22,writing_23,none_22,writing_23,none_22,writing_23,add_3,add_3,add_3,delete_24,delete_24,delete_24,deleting_34,deleting_34,deleting_34]","[none_40,none_40,none_4,none_40,none_31,none_32,none_31,none_32,none_31,none_32,updated_3,updated_3,updated_3,invalid_34,invalid_34,invalid_34,none_46,none_46,none_46]"
505850,"[1, 1, 1, 7, 3, 4, 3, 4, 3, 4, 2, 2, 2]","[block blk_6,block blk_6,block blk_6,NameSystem_2,blk_4,blk_4,blk_4,blk_4,blk_4,blk_4,NameSystem_2,NameSystem_2,NameSystem_2]","[receiving_28,receiving_28,receiving_28,allocate_4,none_22,writing_23,none_22,writing_23,none_22,writing_23,add_3,add_3,add_3]","[none_40,none_40,none_40,none_4,none_31,none_32,none_31,none_32,none_31,none_32,updated_3,updated_3,updated_3]"
487620,"[1, 7, 1, 1, 4, 3, 4, 3, 4, 2, 2, 2, 3]","[block blk_6,NameSystem_2,block blk_6,block blk_6,blk_4,blk_4,blk_4,blk_4,blk_4,NameSystem_2,NameSystem_2,NameSystem_2,blk_4]","[receiving_28,allocate_4,receiving_28,receiving_28,writing_23,none_22,writing_23,none_22,writing_23,add_3,add_3,add_3,none_22]","[none_40,none_4,none_40,none_40,none_32,none_31,none_32,none_31,none_32,updated_3,updated_3,updated_3,none_31]"
345447,"[1, 1, 1, 7, 3, 4, 3, 4, 3, 4, 2, 2, 2]","[block blk_6,block blk_6,block blk_6,NameSystem_2,blk_4,blk_4,blk_4,blk_4,blk_4,blk_4,NameSystem_2,NameSystem_2,NameSystem_2]","[receiving_28,receiving_28,receiving_28,allocate_4,none_22,writing_23,none_22,writing_23,none_22,writing_23,add_3,add_3,add_3]","[none_40,none_40,none_40,none_4,none_31,none_32,none_31,none_32,none_31,none_32,updated_3,updated_3,updated_3]"
363146,"[7, 1, 1, 1, 3, 4, 3, 3, 4, 4, 2, 2, 2, 6, 6, 6, 5, 5, 5]","[NameSystem_2,block blk_6,block blk_6,block blk_6,blk_4,blk_4,blk_4,blk_4,blk_4,blk_4,NameSystem_2,NameSystem_2,NameSystem_2,blk_4,blk_4,blk_4,block blk file_7,block blk file_7,block blk file_7]","[allocate_4,receiving_28,receiving_28,receiving_28,none_22,writing_23,none_22,none_22,writing_23,writing_23,add_3,add_3,add_3,delete_24,delete_24,delete_24,deleting_34,deleting_34,deleting_34]","[none_4,none_40,none_40,none_40,none_31,none_32,none_31,none_31,none_32,none_32,updated_3,updated_3,updated_3,invalid_34,invalid_34,invalid_34,none_46,none_46,none_46]"
87897,"[7, 1, 1, 1, 2, 2, 2, 3, 4, 3, 4, 3, 4, 8, 8, 9, 8, 8, 9, 9, 8, 8, 8, 9, 8, 6, 6, 6, 5, 5, 5]","[NameSystem_2,block blk_6,block blk_6,block blk_6,NameSystem_2,NameSystem_2,NameSystem_2,blk_4,blk_4,blk_4,blk_4,blk_4,blk_4,/_0,/_0,blk_4,/_0,/_0,blk_4,blk_4,/_0,/_0,/_0,blk_4,/_0,blk_4,blk_4,blk_4,block blk file_7,block blk file_7,block blk file_7]","[allocate_4,receiving_28,receiving_28,receiving_28,add_3,add_3,add_3,none_22,writing_23,none_22,writing_23,none_22,writing_23,serving_0,serving_0,transfer_13,serving_0,serving_0,transfer_13,transfer_13,serving_0,serving_0,serving_0,transfer_13,serving_0,delete_24,delete_24,delete_24,deleting_34,deleting_34,deleting_34]","[none_4,none_40,none_40,none_40,updated_3,updated_3,updated_3,none_31,none_32,none_31,none_32,none_31,none_32,none_0,none_0,exception_21,none_0,none_0,exception_21,exception_21,none_0,none_0,none_0,exception_21,none_0,invalid_34,invalid_34,invalid_34,none_46,none_46,none_46]"
141833,"[1, 7, 1, 1, 3, 4, 3, 4, 2, 2, 2, 3, 4, 6, 6, 6, 5, 5, 5]","[block blk_6,NameSystem_2,block blk_6,block blk_6,blk_4,blk_4,blk_4,blk_4,NameSystem_2,NameSystem_2,NameSystem_2,blk_4,blk_4,blk_4,blk_4,blk_4,block blk file_7,block blk file_7,block blk file_7]","[receiving_28,allocate_4,receiving_28,receiving_28,none_22,writing_23,none_22,writing_23,add_3,add_3,add_3,none_22,writing_23,delete_24,delete_24,delete_24,deleting_34,deleting_34,deleting_34]","[none_40,none_4,none_40,none_40,none_31,none_32,none_31,none_32,updated_3,updated_3,updated_3,none_31,none_32,invalid_34,invalid_34,invalid_34,none_46,none_46,none_46]"
229076,"[1, 1, 1, 7, 3, 4, 3, 4, 3, 4, 2, 2, 2, 6, 6, 6, 5, 5, 5]","[block blk_6,block blk_6,block blk_6,NameSystem_2,blk_4,blk_4,blk_4,blk_4,blk_4,blk_4,NameSystem_2,NameSystem_2,NameSystem_2,blk_4,blk_4,blk_4,block blk file_7,block blk file_7,block blk file_7]","[receiving_28,receiving_28,receiving_28,allocate_4,none_22,writing_23,none_22,writing_23,none_22,writing_23,add_3,add_3,add_3,delete_24,delete_24,delete_24,deleting_34,deleting_34,deleting_34]","[none_40,none_40,none_40,none_4,none_31,none_32,none_31,none_32,none_31,none_32,updated_3,updated_3,updated_3,invalid_34,invalid_34,invalid_34,none_46,none_46,none_46]"
540440,"[1, 7, 1, 1, 3, 4, 3, 4, 3, 4, 2, 2, 2, 6, 6, 6, 5, 5, 5]","[block blk_6,NameSystem_2,block blk_6,block blk_6,blk_4,blk_4,blk_4,blk_4,blk_4,blk_4,NameSystem_2,NameSystem_2,NameSystem_2,blk_4,blk_4,blk_4,block blk file_7,block blk file_7,block blk file_7]","[receiving_28,allocate_4,receiving_28,receiving_28,none_22,writing_23,none_22,writing_23,none_22,writing_23,add_3,add_3,add_3,delete_24,delete_24,delete_24,deleting_34,deleting_34,deleting_34]","[none_40,none_4,none_40,none_40,none_31,none_32,none_31,none_32,none_31,none_32,updated_3,updated_3,updated_3,invalid_34,invalid_34,invalid_34,none_46,none_46,none_46]"
275666,"[1, 7, 1, 1, 3, 4, 3, 4, 3, 4, 2, 2, 2, 6, 6, 6, 5, 5, 5]","[block blk_6,NameSystem_2,block blk_6,block blk_6,blk_4,blk_4,blk_4,blk_4,blk_4,blk_4,NameSystem_2,NameSystem_2,NameSystem_2,blk_4,blk_4,blk_4,block blk file_7,block blk file_7,block blk file_7]","[receiving_28,allocate_4,receiving_28,receiving_28,none_22,writing_23,none_22,writing_23,none_22,writing_23,add_3,add_3,add_3,delete_24,delete_24,delete_24,deleting_34,deleting_34,deleting_34]","[none_40,none_4,none_40,none_40,none_31,none_32,none_31,none_32,none_31,none_32,updated_3,updated_3,updated_3,invalid_34,invalid_34,invalid_34,none_46,none_46,none_46]"
197420,"[1, 7, 1, 1, 3, 4, 3, 4, 3, 4, 2, 2, 2, 10, 6, 6, 6, 5, 5, 5]","[block blk_6,NameSystem_2,block blk_6,block blk_6,blk_4,blk_4,blk_4,blk_4,blk_4,blk_4,NameSystem_2,NameSystem_2,NameSystem_2,blk_4,blk_4,blk_4,blk_4,block blk file_7,block blk file_7,block blk file_7]","[receiving_28,allocate_4,receiving_28,receiving_28,none_22,writing_23,none_22,writing_23,none_22,writing_23,add_3,add_3,add_3,verification_25,delete_24,delete_24,delete_24,deleting_34,deleting_34,deleting_34]","[none_40,none_4,none_40,none_40,none_31,none_32,none_31,none_32,none_31,none_32,updated_3,updated_3,updated_3,successful_35,invalid_34,invalid_34,invalid_34,none_46,none_46,none_46]"
486923,"[1, 1, 1, 7, 3, 4, 3, 4, 2, 3, 4, 2, 2]","[block blk_6,block blk_6,block blk_6,NameSystem_2,blk_4,blk_4,blk_4,blk_4,NameSystem_2,blk_4,blk_4,NameSystem_2,NameSystem_2]","[receiving_28,receiving_28,receiving_28,allocate_4,none_22,writing_23,none_22,writing_23,add_3,none_22,writing_23,add_3,add_3]","[none_40,none_40,none_40,none_4,none_31,none_32,none_31,none_32,updated_3,none_31,none_32,updated_3,updated_3]"
236172,"[1, 7, 1, 1, 3, 4, 3, 4, 3, 4, 2, 2, 2, 6, 6, 6, 5, 5, 5]","[block blk_6,NameSystem_2,block blk_6,block blk_6,blk_4,blk_4,blk_4,blk_4,blk_4,blk_4,NameSystem_2,NameSystem_2,NameSystem_2,blk_4,blk_4,blk_4,block blk file_7,block blk file_7,block blk file_7]","[receiving_28,allocate_4,receiving_28,receiving_28,none_22,writing_23,none_22,writing_23,none_22,writing_23,add_3,add_3,add_3,delete_24,delete_24,delete_24,deleting_34,deleting_34,deleting_34]","[none_40,none_4,none_40,none_40,none_31,none_32,none_31,none_32,none_31,none_32,updated_3,updated_3,updated_3,invalid_34,invalid_34,invalid_34,none_46,none_46,none_46]"
462262,"[1, 7, 1, 1, 3, 4, 3, 4, 3, 4, 2, 2, 2, 6, 6, 6, 5, 5, 5]","[block blk_6,NameSystem_2,block blk_6,block blk_6,blk_4,blk_4,blk_4,blk_4,blk_4,blk_4,NameSystem_2,NameSystem_2,NameSystem_2,blk_4,blk_4,blk_4,block blk file_7,block blk file_7,block blk file_7]","[receiving_28,allocate_4,receiving_28,receiving_28,none_22,writing_23,none_22,writing_23,none_22,writing_23,add_3,add_3,add_3,delete_24,delete_24,delete_24,deleting_34,deleting_34,deleting_34]","[none_40,none_4,none_40,none_40,none_31,none_32,none_31,none_32,none_31,none_32,updated_3,updated_3,updated_3,invalid_34,invalid_34,invalid_34,none_46,none_46,none_46]"
201007,"[1, 7, 1, 1, 3, 4, 3, 4, 3, 4, 2, 2, 2, 6, 6, 6, 5, 5, 5]","[block blk_6,NameSystem_2,block blk_6,block blk_6,blk_4,blk_4,blk_4,blk_4,blk_4,blk_4,NameSystem_2,NameSystem_2,NameSystem_2,blk_4,blk_4,blk_4,block blk file_7,block blk file_7,block blk file_7]","[receiving_28,allocate_4,receiving_28,receiving_28,none_22,writing_23,none_22,writing_23,none_22,writing_23,add_3,add_3,add_3,delete_24,delete_24,delete_24,deleting_34,deleting_34,deleting_34]","[none_40,none_4,none_40,none_40,none_31,none_32,none_31,none_32,none_31,none_32,updated_3,updated_3,updated_3,invalid_34,invalid_34,invalid_34,none_46,none_46,none_46]"
517531,"[1, 7, 1, 1, 3, 4, 3, 4, 3, 4, 2, 2, 2]","[block blk_6,NameSystem_2,block blk_6,block blk_6,blk_4,blk_4,blk_4,blk_4,blk_4,blk_4,NameSystem_2,NameSystem_2,NameSystem_2]","[receiving_28,allocate_4,receiving_28,receiving_28,none_22,writing_23,none_22,writing_23,none_22,writing_23,add_3,add_3,add_3]","[none_40,none_4,none_40,none_40,none_31,none_32,none_31,none_32,none_31,none_32,updated_3,updated_3,updated_3]"
480599,"[7, 1, 1, 1, 3, 4, 3, 4, 3, 4, 2, 2, 2]","[NameSystem_2,block blk_6,block blk_6,block blk_6,blk_4,blk_4,blk_4,blk_4,blk_4,blk_4,NameSystem_2,NameSystem_2,NameSystem_2]","[allocate_4,receiving_28,receiving_28,receiving_28,none_22,writing_23,none_22,writing_23,none_22,writing_23,add_3,add_3,add_3]","[none_4,none_40,none_40,none_40,none_31,none_32,none_31,none_32,none_31,none_32,updated_3,updated_3,updated_3]"
333214,"[7, 1, 1, 1, 3, 4, 3, 4, 3, 4, 2, 2, 2, 10]","[NameSystem_2,block blk_6,block blk_6,block blk_6,blk_4,blk_4,blk_4,blk_4,blk_4,blk_4,NameSystem_2,NameSystem_2,NameSystem_2,blk_4]","[allocate_4,receiving_28,receiving_28,receiving_28,none_22,writing_23,none_22,writing_23,none_22,writing_23,add_3,add_3,add_3,verification_25]","[none_4,none_40,none_40,none_40,none_31,none_32,none_31,none_32,none_31,none_32,updated_3,updated_3,updated_3,successful_35]"
60596,"[7, 1, 1, 1, 2, 2, 2, 3, 4, 3, 4, 3, 4, 6, 6, 6, 5, 5, 5]","[NameSystem_2,block blk_6,block blk_6,block blk_6,NameSystem_2,NameSystem_2,NameSystem_2,blk_4,blk_4,blk_4,blk_4,blk_4,blk_4,blk_4,blk_4,blk_4,block blk file_7,block blk file_7,block blk file_7]","[allocate_4,receiving_28,receiving_28,receiving_28,add_3,add_3,add_3,none_22,writing_23,none_22,writing_23,none_22,writing_23,delete_24,delete_24,delete_24,deleting_34,deleting_34,deleting_34]","[none_4,none_40,none_40,none_40,updated_3,updated_3,updated_3,none_31,none_32,none_31,none_32,none_31,none_32,invalid_34,invalid_34,invalid_34,none_46,none_46,none_46]"
129800,"[7, 1, 1, 1, 2, 2, 3, 4, 3, 4, 2, 3, 4, 9, 9, 8, 6, 6, 6, 5, 5, 5]","[NameSystem_2,block blk_6,block blk_6,block blk_6,NameSystem_2,NameSystem_2,blk_4,blk_4,blk_4,blk_4,NameSystem_2,blk_4,blk_4,blk_4,blk_4,/_0,blk_4,blk_4,blk_4,block blk file_7,block blk file_7,block blk file_7]","[allocate_4,receiving_28,receiving_28,receiving_28,add_3,add_3,none_22,writing_23,none_22,writing_23,add_3,none_22,writing_23,transfer_13,transfer_13,serving_0,delete_24,delete_24,delete_24,deleting_34,deleting_34,deleting_34]","[none_4,none_40,none_40,none_40,updated_3,updated_3,none_31,none_32,none_31,none_32,updated_3,none_31,none_32,exception_21,exception_21,none_0,invalid_34,invalid_34,invalid_34,none_46,none_46,none_46]"
437985,"[1, 1, 7, 1, 3, 4, 3, 4, 3, 4, 2, 2, 2, 6, 6, 6, 5, 5, 5]","[block blk_6,block blk_6,NameSystem_2,block blk_6,blk_4,blk_4,blk_4,blk_4,blk_4,blk_4,NameSystem_2,NameSystem_2,NameSystem_2,blk_4,blk_4,blk_4,block blk file_7,block blk file_7,block blk file_7]","[receiving_28,receiving_28,allocate_4,receiving_28,none_22,writing_23,none_22,writing_23,none_22,writing_23,add_3,add_3,add_3,delete_24,delete_24,delete_24,deleting_34,deleting_34,deleting_34]","[none_40,none_40,none_4,none_40,none_31,none_32,none_31,none_32,none_31,none_32,updated_3,updated_3,updated_3,invalid_34,invalid_34,invalid_34,none_46,none_46,none_46]"
234447,"[1, 1, 1, 7, 3, 4, 3, 4, 3, 4, 2, 2, 2, 6, 6, 6, 5, 5, 5]","[block blk_6,block blk_6,block blk_6,NameSystem_2,blk_4,blk_4,blk_4,blk_4,blk_4,blk_4,NameSystem_2,NameSystem_2,NameSystem_2,blk_4,blk_4,blk_4,block blk file_7,block blk file_7,block blk file_7]","[receiving_28,receiving_28,receiving_28,allocate_4,none_22,writing_23,none_22,writing_23,none_22,writing_23,add_3,add_3,add_3,delete_24,delete_24,delete_24,deleting_34,deleting_34,deleting_34]","[none_40,none_40,none_40,none_4,none_31,none_32,none_31,none_32,none_31,none_32,updated_3,updated_3,updated_3,invalid_34,invalid_34,invalid_34,none_46,none_46,none_46]"
514866,"[1, 7, 1, 1, 3, 4, 3, 4, 3, 4, 2, 2, 2]","[block blk_6,NameSystem_2,block blk_6,block blk_6,blk_4,blk_4,blk_4,blk_4,blk_4,blk_4,NameSystem_2,NameSystem_2,NameSystem_2]","[receiving_28,allocate_4,receiving_28,receiving_28,none_22,writing_23,none_22,writing_23,none_22,writing_23,add_3,add_3,add_3]","[none_40,none_4,none_40,none_40,none_31,none_32,none_31,none_32,none_31,none_32,updated_3,updated_3,updated_3]"
50835,"[7, 1, 1, 1, 2, 2, 2, 3, 4, 3, 4, 3, 4, 6, 6, 6, 5, 5, 5]","[NameSystem_2,block blk_6,block blk_6,block blk_6,NameSystem_2,NameSystem_2,NameSystem_2,blk_4,blk_4,blk_4,blk_4,blk_4,blk_4,blk_4,blk_4,blk_4,block blk file_7,block blk file_7,block blk file_7]","[allocate_4,receiving_28,receiving_28,receiving_28,add_3,add_3,add_3,none_22,writing_23,none_22,writing_23,none_22,writing_23,delete_24,delete_24,delete_24,deleting_34,deleting_34,deleting_34]","[none_4,none_40,none_40,none_40,updated_3,updated_3,updated_3,none_31,none_32,none_31,none_32,none_31,none_32,invalid_34,invalid_34,invalid_34,none_46,none_46,none_46]"
573969,"[1, 1, 7, 1, 3, 4, 3, 4, 3, 4, 2, 2, 2, 6, 6, 6, 5, 5, 5]","[block blk_6,block blk_6,NameSystem_2,block blk_6,blk_4,blk_4,blk_4,blk_4,blk_4,blk_4,NameSystem_2,NameSystem_2,NameSystem_2,blk_4,blk_4,blk_4,block blk file_7,block blk file_7,block blk file_7]","[receiving_28,receiving_28,allocate_4,receiving_28,none_22,writing_23,none_22,writing_23,none_22,writing_23,add_3,add_3,add_3,delete_24,delete_24,delete_24,deleting_34,deleting_34,deleting_34]","[none_40,none_40,none_4,none_40,none_31,none_32,none_31,none_32,none_31,none_32,updated_3,updated_3,updated_3,invalid_34,invalid_34,invalid_34,none_46,none_46,none_46]"
28590,"[1, 7, 1, 1, 3, 4, 3, 4, 3, 4, 2, 2, 2, 9, 9, 8, 6, 6, 6, 5, 5, 5]","[block blk_6,NameSystem_2,block blk_6,block blk_6,blk_4,blk_4,blk_4,blk_4,blk_4,blk_4,NameSystem_2,NameSystem_2,NameSystem_2,blk_4,blk_4,/_0,blk_4,blk_4,blk_4,block blk file_7,block blk file_7,block blk file_7]","[receiving_28,allocate_4,receiving_28,receiving_28,none_22,writing_23,none_22,writing_23,none_22,writing_23,add_3,add_3,add_3,transfer_13,transfer_13,serving_0,delete_24,delete_24,delete_24,deleting_34,deleting_34,deleting_34]","[none_40,none_4,none_40,none_40,none_31,none_32,none_31,none_32,none_31,none_32,updated_3,updated_3,updated_3,exception_21,exception_21,none_0,invalid_34,invalid_34,invalid_34,none_46,none_46,none_46]"
105051,"[7, 1, 1, 1, 2, 3, 4, 3, 4, 2, 2, 3, 4, 8, 9, 8, 8, 8, 9, 8, 8, 9, 6, 6, 6, 5, 5, 5]","[NameSystem_2,block blk_6,block blk_6,block blk_6,NameSystem_2,blk_4,blk_4,blk_4,blk_4,NameSystem_2,NameSystem_2,blk_4,blk_4,/_0,blk_4,/_0,/_0,/_0,blk_4,/_0,/_0,blk_4,blk_4,blk_4,blk_4,block blk file_7,block blk file_7,block blk file_7]","[allocate_4,receiving_28,receiving_28,receiving_28,add_3,none_22,writing_23,none_22,writing_23,add_3,add_3,none_22,writing_23,serving_0,transfer_13,serving_0,serving_0,serving_0,transfer_13,serving_0,serving_0,transfer_13,delete_24,delete_24,delete_24,deleting_34,deleting_34,deleting_34]","[none_4,none_40,none_40,none_40,updated_3,none_31,none_32,none_31,none_32,updated_3,updated_3,none_31,none_32,none_0,exception_21,none_0,none_0,none_0,exception_21,none_0,none_0,exception_21,invalid_34,invalid_34,invalid_34,none_46,none_46,none_46]"
452751,"[1, 1, 1, 7, 3, 4, 3, 4, 3, 4, 2, 2, 2, 6, 6, 6, 5, 5, 5]","[block blk_6,block blk_6,block blk_6,NameSystem_2,blk_4,blk_4,blk_4,blk_4,blk_4,blk_4,NameSystem_2,NameSystem_2,NameSystem_2,blk_4,blk_4,blk_4,block blk file_7,block blk file_7,block blk file_7]","[receiving_28,receiving_28,receiving_28,allocate_4,none_22,writing_23,none_22,writing_23,none_22,writing_23,add_3,add_3,add_3,delete_24,delete_24,delete_24,deleting_34,deleting_34,deleting_34]","[none_40,none_40,none_40,none_4,none_31,none_32,none_31,none_32,none_31,none_32,updated_3,updated_3,updated_3,invalid_34,invalid_34,invalid_34,none_46,none_46,none_46]"
526453,"[1, 1, 1, 7, 3, 4, 3, 4, 3, 4, 2, 2, 2]","[block blk_6,block blk_6,block blk_6,NameSystem_2,blk_4,blk_4,blk_4,blk_4,blk_4,blk_4,NameSystem_2,NameSystem_2,NameSystem_2]","[receiving_28,receiving_28,receiving_28,allocate_4,none_22,writing_23,none_22,writing_23,none_22,writing_23,add_3,add_3,add_3]","[none_40,none_40,none_40,none_4,none_31,none_32,none_31,none_32,none_31,none_32,updated_3,updated_3,updated_3]"
112266,"[7, 1, 1, 1, 2, 3, 4, 2, 2, 3, 4, 3, 4, 10, 9, 8, 9, 10, 10, 6, 6, 6, 5, 5, 5]","[NameSystem_2,block blk_6,block blk_6,block blk_6,NameSystem_2,blk_4,blk_4,NameSystem_2,NameSystem_2,blk_4,blk_4,blk_4,blk_4,blk_4,blk_4,/_0,blk_4,blk_4,blk_4,blk_4,blk_4,blk_4,block blk file_7,block blk file_7,block blk file_7]","[allocate_4,receiving_28,receiving_28,receiving_28,add_3,none_22,writing_23,add_3,add_3,none_22,writing_23,none_22,writing_23,verification_25,transfer_13,serving_0,transfer_13,verification_25,verification_25,delete_24,delete_24,delete_24,deleting_34,deleting_34,deleting_34]","[none_4,none_40,none_40,none_40,updated_3,none_31,none_32,updated_3,updated_3,none_31,none_32,none_31,none_32,successful_35,exception_21,none_0,exception_21,successful_35,successful_35,invalid_34,invalid_34,invalid_34,none_46,none_46,none_46]"
484319,"[1, 1, 7, 1, 3, 4, 3, 4, 3, 4, 2, 2, 2]","[block blk_6,block blk_6,NameSystem_2,block blk_6,blk_4,blk_4,blk_4,blk_4,blk_4,blk_4,NameSystem_2,NameSystem_2,NameSystem_2]","[receiving_28,receiving_28,allocate_4,receiving_28,none_22,writing_23,none_22,writing_23,none_22,writing_23,add_3,add_3,add_3]","[none_40,none_40,none_4,none_40,none_31,none_32,none_31,none_32,none_31,none_32,updated_3,updated_3,updated_3]"
371118,"[1, 7, 1, 1, 3, 4, 3, 4, 3, 4, 2, 2, 2, 6, 6, 6, 5, 5, 5]","[block blk_6,NameSystem_2,block blk_6,block blk_6,blk_4,blk_4,blk_4,blk_4,blk_4,blk_4,NameSystem_2,NameSystem_2,NameSystem_2,blk_4,blk_4,blk_4,block blk file_7,block blk file_7,block blk file_7]","[receiving_28,allocate_4,receiving_28,receiving_28,none_22,writing_23,none_22,writing_23,none_22,writing_23,add_3,add_3,add_3,delete_24,delete_24,delete_24,deleting_34,deleting_34,deleting_34]","[none_40,none_4,none_40,none_40,none_31,none_32,none_31,none_32,none_31,none_32,updated_3,updated_3,updated_3,invalid_34,invalid_34,invalid_34,none_46,none_46,none_46]"
125125,"[7, 1, 1, 1, 2, 2, 3, 4, 4, 3, 4, 2, 3, 10, 9, 8, 9, 6, 6, 6, 5, 5, 5]","[NameSystem_2,block blk_6,block blk_6,block blk_6,NameSystem_2,NameSystem_2,blk_4,blk_4,blk_4,blk_4,blk_4,NameSystem_2,blk_4,blk_4,blk_4,/_0,blk_4,blk_4,blk_4,blk_4,block blk file_7,block blk file_7,block blk file_7]","[allocate_4,receiving_28,receiving_28,receiving_28,add_3,add_3,none_22,writing_23,writing_23,none_22,writing_23,add_3,none_22,verification_25,transfer_13,serving_0,transfer_13,delete_24,delete_24,delete_24,deleting_34,deleting_34,deleting_34]","[none_4,none_40,none_40,none_40,updated_3,updated_3,none_31,none_32,none_32,none_31,none_32,updated_3,none_31,successful_35,exception_21,none_0,exception_21,invalid_34,invalid_34,invalid_34,none_46,none_46,none_46]"
51200,"[7, 1, 1, 1, 2, 2, 2, 3, 4, 3, 4, 3, 4, 6, 6, 6, 5, 5, 5]","[NameSystem_2,block blk_6,block blk_6,block blk_6,NameSystem_2,NameSystem_2,NameSystem_2,blk_4,blk_4,blk_4,blk_4,blk_4,blk_4,blk_4,blk_4,blk_4,block blk file_7,block blk file_7,block blk file_7]","[allocate_4,receiving_28,receiving_28,receiving_28,add_3,add_3,add_3,none_22,writing_23,none_22,writing_23,none_22,writing_23,delete_24,delete_24,delete_24,deleting_34,deleting_34,deleting_34]","[none_4,none_40,none_40,none_40,updated_3,updated_3,updated_3,none_31,none_32,none_31,none_32,none_31,none_32,invalid_34,invalid_34,invalid_34,none_46,none_46,none_46]"
461420,"[1, 1, 7, 1, 3, 4, 3, 4, 3, 4, 2, 2, 2, 6, 6, 6, 5, 5, 5]","[block blk_6,block blk_6,NameSystem_2,block blk_6,blk_4,blk_4,blk_4,blk_4,blk_4,blk_4,NameSystem_2,NameSystem_2,NameSystem_2,blk_4,blk_4,blk_4,block blk file_7,block blk file_7,block blk file_7]","[receiving_28,receiving_28,allocate_4,receiving_28,none_22,writing_23,none_22,writing_23,none_22,writing_23,add_3,add_3,add_3,delete_24,delete_24,delete_24,deleting_34,deleting_34,deleting_34]","[none_40,none_40,none_4,none_40,none_31,none_32,none_31,none_32,none_31,none_32,updated_3,updated_3,updated_3,invalid_34,invalid_34,invalid_34,none_46,none_46,none_46]"
335490,"[1, 7, 1, 1, 3, 4, 3, 4, 3, 4, 2, 2, 2]","[block blk_6,NameSystem_2,block blk_6,block blk_6,blk_4,blk_4,blk_4,blk_4,blk_4,blk_4,NameSystem_2,NameSystem_2,NameSystem_2]","[receiving_28,allocate_4,receiving_28,receiving_28,none_22,writing_23,none_22,writing_23,none_22,writing_23,add_3,add_3,add_3]","[none_40,none_4,none_40,none_40,none_31,none_32,none_31,none_32,none_31,none_32,updated_3,updated_3,updated_3]"
112827,"[7, 1, 1, 1, 2, 2, 2, 3, 4, 3, 4, 3, 4, 9, 8, 9, 10, 10, 10, 6, 6, 6, 5, 5, 5]","[NameSystem_2,block blk_6,block blk_6,block blk_6,NameSystem_2,NameSystem_2,NameSystem_2,blk_4,blk_4,blk_4,blk_4,blk_4,blk_4,blk_4,/_0,blk_4,blk_4,blk_4,blk_4,blk_4,blk_4,blk_4,block blk file_7,block blk file_7,block blk file_7]","[allocate_4,receiving_28,receiving_28,receiving_28,add_3,add_3,add_3,none_22,writing_23,none_22,writing_23,none_22,writing_23,transfer_13,serving_0,transfer_13,verification_25,verification_25,verification_25,delete_24,delete_24,delete_24,deleting_34,deleting_34,deleting_34]","[none_4,none_40,none_40,none_40,updated_3,updated_3,updated_3,none_31,none_32,none_31,none_32,none_31,none_32,exception_21,none_0,exception_21,successful_35,successful_35,successful_35,invalid_34,invalid_34,invalid_34,none_46,none_46,none_46]"
331448,"[1, 1, 7, 1, 3, 4, 3, 4, 3, 4, 2, 2, 2]","[block blk_6,block blk_6,NameSystem_2,block blk_6,blk_4,blk_4,blk_4,blk_4,blk_4,blk_4,NameSystem_2,NameSystem_2,NameSystem_2]","[receiving_28,receiving_28,allocate_4,receiving_28,none_22,writing_23,none_22,writing_23,none_22,writing_23,add_3,add_3,add_3]","[none_40,none_40,none_4,none_40,none_31,none_32,none_31,none_32,none_31,none_32,updated_3,updated_3,updated_3]"
263718,"[1, 1, 7, 1, 3, 4, 3, 4, 3, 4, 2, 2, 2, 6, 6, 6, 5, 5, 5]","[block blk_6,block blk_6,NameSystem_2,block blk_6,blk_4,blk_4,blk_4,blk_4,blk_4,blk_4,NameSystem_2,NameSystem_2,NameSystem_2,blk_4,blk_4,blk_4,block blk file_7,block blk file_7,block blk file_7]","[receiving_28,receiving_28,allocate_4,receiving_28,none_22,writing_23,none_22,writing_23,none_22,writing_23,add_3,add_3,add_3,delete_24,delete_24,delete_24,deleting_34,deleting_34,deleting_34]","[none_40,none_40,none_4,none_40,none_31,none_32,none_31,none_32,none_31,none_32,updated_3,updated_3,updated_3,invalid_34,invalid_34,invalid_34,none_46,none_46,none_46]"
494738,"[1, 1, 7, 1, 3, 4, 3, 4, 3, 4, 2, 2, 2]","[block blk_6,block blk_6,NameSystem_2,block blk_6,blk_4,blk_4,blk_4,blk_4,blk_4,blk_4,NameSystem_2,NameSystem_2,NameSystem_2]","[receiving_28,receiving_28,allocate_4,receiving_28,none_22,writing_23,none_22,writing_23,none_22,writing_23,add_3,add_3,add_3]","[none_40,none_40,none_4,none_40,none_31,none_32,none_31,none_32,none_31,none_32,updated_3,updated_3,updated_3]"
527580,"[1, 1, 7, 1, 3, 4, 3, 4, 3, 4, 2, 2, 2]","[block blk_6,block blk_6,NameSystem_2,block blk_6,blk_4,blk_4,blk_4,blk_4,blk_4,blk_4,NameSystem_2,NameSystem_2,NameSystem_2]","[receiving_28,receiving_28,allocate_4,receiving_28,none_22,writing_23,none_22,writing_23,none_22,writing_23,add_3,add_3,add_3]","[none_40,none_40,none_4,none_40,none_31,none_32,none_31,none_32,none_31,none_32,updated_3,updated_3,updated_3]"
135672,"[1, 7, 1, 1, 3, 4, 2, 2, 2, 3, 4, 3, 4, 9, 9, 8, 6, 6, 6, 5, 5, 5]","[block blk_6,NameSystem_2,block blk_6,block blk_6,blk_4,blk_4,NameSystem_2,NameSystem_2,NameSystem_2,blk_4,blk_4,blk_4,blk_4,blk_4,blk_4,/_0,blk_4,blk_4,blk_4,block blk file_7,block blk file_7,block blk file_7]","[receiving_28,allocate_4,receiving_28,receiving_28,none_22,writing_23,add_3,add_3,add_3,none_22,writing_23,none_22,writing_23,transfer_13,transfer_13,serving_0,delete_24,delete_24,delete_24,deleting_34,deleting_34,deleting_34]","[none_40,none_4,none_40,none_40,none_31,none_32,updated_3,updated_3,updated_3,none_31,none_32,none_31,none_32,exception_21,exception_21,none_0,invalid_34,invalid_34,invalid_34,none_46,none_46,none_46]"
18527,"[1, 1, 7, 1, 3, 4, 3, 4, 3, 4, 2, 2, 2, 9, 9, 8, 6, 6, 6, 5, 5, 5]","[block blk_6,block blk_6,NameSystem_2,block blk_6,blk_4,blk_4,blk_4,blk_4,blk_4,blk_4,NameSystem_2,NameSystem_2,NameSystem_2,blk_4,blk_4,/_0,blk_4,blk_4,blk_4,block blk file_7,block blk file_7,block blk file_7]","[receiving_28,receiving_28,allocate_4,receiving_28,none_22,writing_23,none_22,writing_23,none_22,writing_23,add_3,add_3,add_3,transfer_13,transfer_13,serving_0,delete_24,delete_24,delete_24,deleting_34,deleting_34,deleting_34]","[none_40,none_40,none_4,none_40,none_31,none_32,none_31,none_32,none_31,none_32,updated_3,updated_3,updated_3,exception_21,exception_21,none_0,invalid_34,invalid_34,invalid_34,none_46,none_46,none_46]"
359225,"[1, 1, 1, 7, 3, 4, 3, 4, 3, 4, 2, 2, 2, 6, 6, 6, 5, 5, 5]","[block blk_6,block blk_6,block blk_6,NameSystem_2,blk_4,blk_4,blk_4,blk_4,blk_4,blk_4,NameSystem_2,NameSystem_2,NameSystem_2,blk_4,blk_4,blk_4,block blk file_7,block blk file_7,block blk file_7]","[receiving_28,receiving_28,receiving_28,allocate_4,none_22,writing_23,none_22,writing_23,none_22,writing_23,add_3,add_3,add_3,delete_24,delete_24,delete_24,deleting_34,deleting_34,deleting_34]","[none_40,none_40,none_40,none_4,none_31,none_32,none_31,none_32,none_31,none_32,updated_3,updated_3,updated_3,invalid_34,invalid_34,invalid_34,none_46,none_46,none_46]"
441080,"[1, 1, 1, 7, 3, 4, 3, 4, 3, 4, 2, 2, 2, 6, 6, 6, 5, 5, 5]","[block blk_6,block blk_6,block blk_6,NameSystem_2,blk_4,blk_4,blk_4,blk_4,blk_4,blk_4,NameSystem_2,NameSystem_2,NameSystem_2,blk_4,blk_4,blk_4,block blk file_7,block blk file_7,block blk file_7]","[receiving_28,receiving_28,receiving_28,allocate_4,none_22,writing_23,none_22,writing_23,none_22,writing_23,add_3,add_3,add_3,delete_24,delete_24,delete_24,deleting_34,deleting_34,deleting_34]","[none_40,none_40,none_40,none_4,none_31,none_32,none_31,none_32,none_31,none_32,updated_3,updated_3,updated_3,invalid_34,invalid_34,invalid_34,none_46,none_46,none_46]"
527473,"[1, 7, 1, 1, 3, 4, 3, 4, 3, 4, 2, 2, 2]","[block blk_6,NameSystem_2,block blk_6,block blk_6,blk_4,blk_4,blk_4,blk_4,blk_4,blk_4,NameSystem_2,NameSystem_2,NameSystem_2]","[receiving_28,allocate_4,receiving_28,receiving_28,none_22,writing_23,none_22,writing_23,none_22,writing_23,add_3,add_3,add_3]","[none_40,none_4,none_40,none_40,none_31,none_32,none_31,none_32,none_31,none_32,updated_3,updated_3,updated_3]"
394054,"[1, 7, 1, 1, 3, 4, 3, 4, 3, 4, 2, 2, 2, 6, 6, 6, 5, 5, 5]","[block blk_6,NameSystem_2,block blk_6,block blk_6,blk_4,blk_4,blk_4,blk_4,blk_4,blk_4,NameSystem_2,NameSystem_2,NameSystem_2,blk_4,blk_4,blk_4,block blk file_7,block blk file_7,block blk file_7]","[receiving_28,allocate_4,receiving_28,receiving_28,none_22,writing_23,none_22,writing_23,none_22,writing_23,add_3,add_3,add_3,delete_24,delete_24,delete_24,deleting_34,deleting_34,deleting_34]","[none_40,none_4,none_40,none_40,none_31,none_32,none_31,none_32,none_31,none_32,updated_3,updated_3,updated_3,invalid_34,invalid_34,invalid_34,none_46,none_46,none_46]"
460460,"[1, 1, 1, 7, 3, 4, 3, 4, 3, 4, 2, 2, 2, 6, 6, 6, 5, 5, 5]","[block blk_6,block blk_6,block blk_6,NameSystem_2,blk_4,blk_4,blk_4,blk_4,blk_4,blk_4,NameSystem_2,NameSystem_2,NameSystem_2,blk_4,blk_4,blk_4,block blk file_7,block blk file_7,block blk file_7]","[receiving_28,receiving_28,receiving_28,allocate_4,none_22,writing_23,none_22,writing_23,none_22,writing_23,add_3,add_3,add_3,delete_24,delete_24,delete_24,deleting_34,deleting_34,deleting_34]","[none_40,none_40,none_40,none_4,none_31,none_32,none_31,none_32,none_31,none_32,updated_3,updated_3,updated_3,invalid_34,invalid_34,invalid_34,none_46,none_46,none_46]"
90214,"[7, 1, 1, 1, 2, 2, 2, 3, 4, 3, 4, 3, 4, 8, 9, 8, 8, 8, 9, 8, 8, 9, 6, 6, 6, 5, 5, 5]","[NameSystem_2,block blk_6,block blk_6,block blk_6,NameSystem_2,NameSystem_2,NameSystem_2,blk_4,blk_4,blk_4,blk_4,blk_4,blk_4,/_0,blk_4,/_0,/_0,/_0,blk_4,/_0,/_0,blk_4,blk_4,blk_4,blk_4,block blk file_7,block blk file_7,block blk file_7]","[allocate_4,receiving_28,receiving_28,receiving_28,add_3,add_3,add_3,none_22,writing_23,none_22,writing_23,none_22,writing_23,serving_0,transfer_13,serving_0,serving_0,serving_0,transfer_13,serving_0,serving_0,transfer_13,delete_24,delete_24,delete_24,deleting_34,deleting_34,deleting_34]","[none_4,none_40,none_40,none_40,updated_3,updated_3,updated_3,none_31,none_32,none_31,none_32,none_31,none_32,none_0,exception_21,none_0,none_0,none_0,exception_21,none_0,none_0,exception_21,invalid_34,invalid_34,invalid_34,none_46,none_46,none_46]"
302731,"[1, 1, 1, 7, 3, 4, 3, 4, 3, 4, 2, 2, 2, 6, 6, 6, 5, 5, 5]","[block blk_6,block blk_6,block blk_6,NameSystem_2,blk_4,blk_4,blk_4,blk_4,blk_4,blk_4,NameSystem_2,NameSystem_2,NameSystem_2,blk_4,blk_4,blk_4,block blk file_7,block blk file_7,block blk file_7]","[receiving_28,receiving_28,receiving_28,allocate_4,none_22,writing_23,none_22,writing_23,none_22,writing_23,add_3,add_3,add_3,delete_24,delete_24,delete_24,deleting_34,deleting_34,deleting_34]","[none_40,none_40,none_40,none_4,none_31,none_32,none_31,none_32,none_31,none_32,updated_3,updated_3,updated_3,invalid_34,invalid_34,invalid_34,none_46,none_46,none_46]"
110814,"[7, 1, 1, 1, 2, 2, 2, 3, 4, 3, 4, 3, 4, 10, 9, 8, 9, 10, 10, 6, 6, 6, 5, 5, 5]","[NameSystem_2,block blk_6,block blk_6,block blk_6,NameSystem_2,NameSystem_2,NameSystem_2,blk_4,blk_4,blk_4,blk_4,blk_4,blk_4,blk_4,blk_4,/_0,blk_4,blk_4,blk_4,blk_4,blk_4,blk_4,block blk file_7,block blk file_7,block blk file_7]","[allocate_4,receiving_28,receiving_28,receiving_28,add_3,add_3,add_3,none_22,writing_23,none_22,writing_23,none_22,writing_23,verification_25,transfer_13,serving_0,transfer_13,verification_25,verification_25,delete_24,delete_24,delete_24,deleting_34,deleting_34,deleting_34]","[none_4,none_40,none_40,none_40,updated_3,updated_3,updated_3,none_31,none_32,none_31,none_32,none_31,none_32,successful_35,exception_21,none_0,exception_21,successful_35,successful_35,invalid_34,invalid_34,invalid_34,none_46,none_46,none_46]"
123925,"[7, 1, 1, 1, 2, 2, 2, 3, 4, 3, 4, 3, 4, 9, 9, 8, 10, 6, 6, 6, 5, 5, 5]","[NameSystem_2,block blk_6,block blk_6,block blk_6,NameSystem_2,NameSystem_2,NameSystem_2,blk_4,blk_4,blk_4,blk_4,blk_4,blk_4,blk_4,blk_4,/_0,blk_4,blk_4,blk_4,blk_4,block blk file_7,block blk file_7,block blk file_7]","[allocate_4,receiving_28,receiving_28,receiving_28,add_3,add_3,add_3,none_22,writing_23,none_22,writing_23,none_22,writing_23,transfer_13,transfer_13,serving_0,verification_25,delete_24,delete_24,delete_24,deleting_34,deleting_34,deleting_34]","[none_4,none_40,none_40,none_40,updated_3,updated_3,updated_3,none_31,none_32,none_31,none_32,none_31,none_32,exception_21,exception_21,none_0,successful_35,invalid_34,invalid_34,invalid_34,none_46,none_46,none_46]"
8813,"[7, 1, 1, 1, 3, 4, 2, 2, 2, 3, 4, 3, 4, 9, 9, 8, 10, 10, 10, 6, 6, 6, 5, 5, 5]","[NameSystem_2,block blk_6,block blk_6,block blk_6,blk_4,blk_4,NameSystem_2,NameSystem_2,NameSystem_2,blk_4,blk_4,blk_4,blk_4,blk_4,blk_4,/_0,blk_4,blk_4,blk_4,blk_4,blk_4,blk_4,block blk file_7,block blk file_7,block blk file_7]","[allocate_4,receiving_28,receiving_28,receiving_28,none_22,writing_23,add_3,add_3,add_3,none_22,writing_23,none_22,writing_23,transfer_13,transfer_13,serving_0,verification_25,verification_25,verification_25,delete_24,delete_24,delete_24,deleting_34,deleting_34,deleting_34]","[none_4,none_40,none_40,none_40,none_31,none_32,updated_3,updated_3,updated_3,none_31,none_32,none_31,none_32,exception_21,exception_21,none_0,successful_35,successful_35,successful_35,invalid_34,invalid_34,invalid_34,none_46,none_46,none_46]"
488266,"[1, 1, 1, 7, 3, 4, 3, 4, 3, 4, 2, 2, 2]","[block blk_6,block blk_6,block blk_6,NameSystem_2,blk_4,blk_4,blk_4,blk_4,blk_4,blk_4,NameSystem_2,NameSystem_2,NameSystem_2]","[receiving_28,receiving_28,receiving_28,allocate_4,none_22,writing_23,none_22,writing_23,none_22,writing_23,add_3,add_3,add_3]","[none_40,none_40,none_40,none_4,none_31,none_32,none_31,none_32,none_31,none_32,updated_3,updated_3,updated_3]"
481386,"[7, 1, 1, 1, 3, 4, 3, 4, 3, 4, 2, 2, 2]","[NameSystem_2,block blk_6,block blk_6,block blk_6,blk_4,blk_4,blk_4,blk_4,blk_4,blk_4,NameSystem_2,NameSystem_2,NameSystem_2]","[allocate_4,receiving_28,receiving_28,receiving_28,none_22,writing_23,none_22,writing_23,none_22,writing_23,add_3,add_3,add_3]","[none_4,none_40,none_40,none_40,none_31,none_32,none_31,none_32,none_31,none_32,updated_3,updated_3,updated_3]"
302981,"[1, 7, 1, 1, 3, 4, 3, 4, 3, 4, 2, 2, 2, 6, 6, 6, 5, 5, 5]","[block blk_6,NameSystem_2,block blk_6,block blk_6,blk_4,blk_4,blk_4,blk_4,blk_4,blk_4,NameSystem_2,NameSystem_2,NameSystem_2,blk_4,blk_4,blk_4,block blk file_7,block blk file_7,block blk file_7]","[receiving_28,allocate_4,receiving_28,receiving_28,none_22,writing_23,none_22,writing_23,none_22,writing_23,add_3,add_3,add_3,delete_24,delete_24,delete_24,deleting_34,deleting_34,deleting_34]","[none_40,none_4,none_40,none_40,none_31,none_32,none_31,none_32,none_31,none_32,updated_3,updated_3,updated_3,invalid_34,invalid_34,invalid_34,none_46,none_46,none_46]"
562627,"[1, 7, 1, 1, 3, 4, 3, 4, 3, 4, 2, 2, 2, 6, 6, 6, 5, 5, 5]","[block blk_6,NameSystem_2,block blk_6,block blk_6,blk_4,blk_4,blk_4,blk_4,blk_4,blk_4,NameSystem_2,NameSystem_2,NameSystem_2,blk_4,blk_4,blk_4,block blk file_7,block blk file_7,block blk file_7]","[receiving_28,allocate_4,receiving_28,receiving_28,none_22,writing_23,none_22,writing_23,none_22,writing_23,add_3,add_3,add_3,delete_24,delete_24,delete_24,deleting_34,deleting_34,deleting_34]","[none_40,none_4,none_40,none_40,none_31,none_32,none_31,none_32,none_31,none_32,updated_3,updated_3,updated_3,invalid_34,invalid_34,invalid_34,none_46,none_46,none_46]"
317168,"[1, 1, 1, 7, 3, 4, 4, 2, 2, 3, 3, 4, 2, 6, 6, 6, 5, 5, 5]","[block blk_6,block blk_6,block blk_6,NameSystem_2,blk_4,blk_4,blk_4,NameSystem_2,NameSystem_2,blk_4,blk_4,blk_4,NameSystem_2,blk_4,blk_4,blk_4,block blk file_7,block blk file_7,block blk file_7]","[receiving_28,receiving_28,receiving_28,allocate_4,none_22,writing_23,writing_23,add_3,add_3,none_22,none_22,writing_23,add_3,delete_24,delete_24,delete_24,deleting_34,deleting_34,deleting_34]","[none_40,none_40,none_40,none_4,none_31,none_32,none_32,updated_3,updated_3,none_31,none_31,none_32,updated_3,invalid_34,invalid_34,invalid_34,none_46,none_46,none_46]"
181759,"[1, 1, 1, 7, 3, 4, 2, 3, 4, 3, 4, 2, 2, 6, 6, 6, 5, 5, 5]","[block blk_6,block blk_6,block blk_6,NameSystem_2,blk_4,blk_4,NameSystem_2,blk_4,blk_4,blk_4,blk_4,NameSystem_2,NameSystem_2,blk_4,blk_4,blk_4,block blk file_7,block blk file_7,block blk file_7]","[receiving_28,receiving_28,receiving_28,allocate_4,none_22,writing_23,add_3,none_22,writing_23,none_22,writing_23,add_3,add_3,delete_24,delete_24,delete_24,deleting_34,deleting_34,deleting_34]","[none_40,none_40,none_40,none_4,none_31,none_32,updated_3,none_31,none_32,none_31,none_32,updated_3,updated_3,invalid_34,invalid_34,invalid_34,none_46,none_46,none_46]"
551465,"[1, 1, 1, 7, 3, 4, 3, 4, 3, 4, 2, 2, 2, 6, 6, 6, 5, 5, 5]","[block blk_6,block blk_6,block blk_6,NameSystem_2,blk_4,blk_4,blk_4,blk_4,blk_4,blk_4,NameSystem_2,NameSystem_2,NameSystem_2,blk_4,blk_4,blk_4,block blk file_7,block blk file_7,block blk file_7]","[receiving_28,receiving_28,receiving_28,allocate_4,none_22,writing_23,none_22,writing_23,none_22,writing_23,add_3,add_3,add_3,delete_24,delete_24,delete_24,deleting_34,deleting_34,deleting_34]","[none_40,none_40,none_40,none_4,none_31,none_32,none_31,none_32,none_31,none_32,updated_3,updated_3,updated_3,invalid_34,invalid_34,invalid_34,none_46,none_46,none_46]"
483197,"[1, 7, 1, 1, 3, 4, 3, 4, 3, 4, 2, 2, 2]","[block blk_6,NameSystem_2,block blk_6,block blk_6,blk_4,blk_4,blk_4,blk_4,blk_4,blk_4,NameSystem_2,NameSystem_2,NameSystem_2]","[receiving_28,allocate_4,receiving_28,receiving_28,none_22,writing_23,none_22,writing_23,none_22,writing_23,add_3,add_3,add_3]","[none_40,none_4,none_40,none_40,none_31,none_32,none_31,none_32,none_31,none_32,updated_3,updated_3,updated_3]"
232279,"[1, 7, 1, 1, 3, 4, 3, 4, 3, 4, 2, 2, 2, 6, 6, 6, 5, 5, 5]","[block blk_6,NameSystem_2,block blk_6,block blk_6,blk_4,blk_4,blk_4,blk_4,blk_4,blk_4,NameSystem_2,NameSystem_2,NameSystem_2,blk_4,blk_4,blk_4,block blk file_7,block blk file_7,block blk file_7]","[receiving_28,allocate_4,receiving_28,receiving_28,none_22,writing_23,none_22,writing_23,none_22,writing_23,add_3,add_3,add_3,delete_24,delete_24,delete_24,deleting_34,deleting_34,deleting_34]","[none_40,none_4,none_40,none_40,none_31,none_32,none_31,none_32,none_31,none_32,updated_3,updated_3,updated_3,invalid_34,invalid_34,invalid_34,none_46,none_46,none_46]"
272074,"[1, 7, 1, 1, 3, 4, 3, 4, 3, 4, 2, 2, 2, 6, 6, 6, 5, 5, 5]","[block blk_6,NameSystem_2,block blk_6,block blk_6,blk_4,blk_4,blk_4,blk_4,blk_4,blk_4,NameSystem_2,NameSystem_2,NameSystem_2,blk_4,blk_4,blk_4,block blk file_7,block blk file_7,block blk file_7]","[receiving_28,allocate_4,receiving_28,receiving_28,none_22,writing_23,none_22,writing_23,none_22,writing_23,add_3,add_3,add_3,delete_24,delete_24,delete_24,deleting_34,deleting_34,deleting_34]","[none_40,none_4,none_40,none_40,none_31,none_32,none_31,none_32,none_31,none_32,updated_3,updated_3,updated_3,invalid_34,invalid_34,invalid_34,none_46,none_46,none_46]"
354192,"[1, 7, 1, 1, 4, 2, 3, 4, 3, 4, 3, 2, 2]","[block blk_6,NameSystem_2,block blk_6,block blk_6,blk_4,NameSystem_2,blk_4,blk_4,blk_4,blk_4,blk_4,NameSystem_2,NameSystem_2]","[receiving_28,allocate_4,receiving_28,receiving_28,writing_23,add_3,none_22,writing_23,none_22,writing_23,none_22,add_3,add_3]","[none_40,none_4,none_40,none_40,none_32,updated_3,none_31,none_32,none_31,none_32,none_31,updated_3,updated_3]"
308910,"[1, 1, 1, 7, 3, 4, 3, 4, 3, 4, 2, 2, 2, 6, 6, 6, 5, 5, 5]","[block blk_6,block blk_6,block blk_6,NameSystem_2,blk_4,blk_4,blk_4,blk_4,blk_4,blk_4,NameSystem_2,NameSystem_2,NameSystem_2,blk_4,blk_4,blk_4,block blk file_7,block blk file_7,block blk file_7]","[receiving_28,receiving_28,receiving_28,allocate_4,none_22,writing_23,none_22,writing_23,none_22,writing_23,add_3,add_3,add_3,delete_24,delete_24,delete_24,deleting_34,deleting_34,deleting_34]","[none_40,none_40,none_40,none_4,none_31,none_32,none_31,none_32,none_31,none_32,updated_3,updated_3,updated_3,invalid_34,invalid_34,invalid_34,none_46,none_46,none_46]"
8568,"[7, 1, 1, 1, 2, 2, 3, 4, 2, 3, 4, 3, 4, 9, 9, 8, 10, 10, 10, 6, 6, 6, 5, 5, 5]","[NameSystem_2,block blk_6,block blk_6,block blk_6,NameSystem_2,NameSystem_2,blk_4,blk_4,NameSystem_2,blk_4,blk_4,blk_4,blk_4,blk_4,blk_4,/_0,blk_4,blk_4,blk_4,blk_4,blk_4,blk_4,block blk file_7,block blk file_7,block blk file_7]","[allocate_4,receiving_28,receiving_28,receiving_28,add_3,add_3,none_22,writing_23,add_3,none_22,writing_23,none_22,writing_23,transfer_13,transfer_13,serving_0,verification_25,verification_25,verification_25,delete_24,delete_24,delete_24,deleting_34,deleting_34,deleting_34]","[none_4,none_40,none_40,none_40,updated_3,updated_3,none_31,none_32,updated_3,none_31,none_32,none_31,none_32,exception_21,exception_21,none_0,successful_35,successful_35,successful_35,invalid_34,invalid_34,invalid_34,none_46,none_46,none_46]"
543085,"[1, 1, 7, 1, 3, 4, 3, 4, 2, 2, 3, 4, 2, 6, 6, 6, 5, 5, 5]","[block blk_6,block blk_6,NameSystem_2,block blk_6,blk_4,blk_4,blk_4,blk_4,NameSystem_2,NameSystem_2,blk_4,blk_4,NameSystem_2,blk_4,blk_4,blk_4,block blk file_7,block blk file_7,block blk file_7]","[receiving_28,receiving_28,allocate_4,receiving_28,none_22,writing_23,none_22,writing_23,add_3,add_3,none_22,writing_23,add_3,delete_24,delete_24,delete_24,deleting_34,deleting_34,deleting_34]","[none_40,none_40,none_4,none_40,none_31,none_32,none_31,none_32,updated_3,updated_3,none_31,none_32,updated_3,invalid_34,invalid_34,invalid_34,none_46,none_46,none_46]"
557246,"[1, 1, 7, 1, 3, 4, 3, 4, 2, 3, 4, 2, 2, 6, 6, 6, 5, 5, 5]","[block blk_6,block blk_6,NameSystem_2,block blk_6,blk_4,blk_4,blk_4,blk_4,NameSystem_2,blk_4,blk_4,NameSystem_2,NameSystem_2,blk_4,blk_4,blk_4,block blk file_7,block blk file_7,block blk file_7]","[receiving_28,receiving_28,allocate_4,receiving_28,none_22,writing_23,none_22,writing_23,add_3,none_22,writing_23,add_3,add_3,delete_24,delete_24,delete_24,deleting_34,deleting_34,deleting_34]","[none_40,none_40,none_4,none_40,none_31,none_32,none_31,none_32,updated_3,none_31,none_32,updated_3,updated_3,invalid_34,invalid_34,invalid_34,none_46,none_46,none_46]"
545571,"[1, 1, 7, 1, 3, 4, 3, 4, 3, 4, 2, 2, 2, 6, 6, 6, 5, 5, 5]","[block blk_6,block blk_6,NameSystem_2,block blk_6,blk_4,blk_4,blk_4,blk_4,blk_4,blk_4,NameSystem_2,NameSystem_2,NameSystem_2,blk_4,blk_4,blk_4,block blk file_7,block blk file_7,block blk file_7]","[receiving_28,receiving_28,allocate_4,receiving_28,none_22,writing_23,none_22,writing_23,none_22,writing_23,add_3,add_3,add_3,delete_24,delete_24,delete_24,deleting_34,deleting_34,deleting_34]","[none_40,none_40,none_4,none_40,none_31,none_32,none_31,none_32,none_31,none_32,updated_3,updated_3,updated_3,invalid_34,invalid_34,invalid_34,none_46,none_46,none_46]"
280673,"[1, 7, 1, 1, 3, 4, 3, 4, 3, 4, 2, 2, 2, 6, 6, 6, 5, 5, 5]","[block blk_6,NameSystem_2,block blk_6,block blk_6,blk_4,blk_4,blk_4,blk_4,blk_4,blk_4,NameSystem_2,NameSystem_2,NameSystem_2,blk_4,blk_4,blk_4,block blk file_7,block blk file_7,block blk file_7]","[receiving_28,allocate_4,receiving_28,receiving_28,none_22,writing_23,none_22,writing_23,none_22,writing_23,add_3,add_3,add_3,delete_24,delete_24,delete_24,deleting_34,deleting_34,deleting_34]","[none_40,none_4,none_40,none_40,none_31,none_32,none_31,none_32,none_31,none_32,updated_3,updated_3,updated_3,invalid_34,invalid_34,invalid_34,none_46,none_46,none_46]"
399288,"[1, 7, 1, 1, 3, 4, 3, 4, 2, 2, 3, 4, 2, 6, 6, 6, 5, 5, 5]","[block blk_6,NameSystem_2,block blk_6,block blk_6,blk_4,blk_4,blk_4,blk_4,NameSystem_2,NameSystem_2,blk_4,blk_4,NameSystem_2,blk_4,blk_4,blk_4,block blk file_7,block blk file_7,block blk file_7]","[receiving_28,allocate_4,receiving_28,receiving_28,none_22,writing_23,none_22,writing_23,add_3,add_3,none_22,writing_23,add_3,delete_24,delete_24,delete_24,deleting_34,deleting_34,deleting_34]","[none_40,none_4,none_40,none_40,none_31,none_32,none_31,none_32,updated_3,updated_3,none_31,none_32,updated_3,invalid_34,invalid_34,invalid_34,none_46,none_46,none_46]"
289551,"[1, 1, 7, 1, 3, 4, 3, 4, 3, 4, 2, 2, 2, 6, 6, 6, 5, 5, 5]","[block blk_6,block blk_6,NameSystem_2,block blk_6,blk_4,blk_4,blk_4,blk_4,blk_4,blk_4,NameSystem_2,NameSystem_2,NameSystem_2,blk_4,blk_4,blk_4,block blk file_7,block blk file_7,block blk file_7]","[receiving_28,receiving_28,allocate_4,receiving_28,none_22,writing_23,none_22,writing_23,none_22,writing_23,add_3,add_3,add_3,delete_24,delete_24,delete_24,deleting_34,deleting_34,deleting_34]","[none_40,none_40,none_4,none_40,none_31,none_32,none_31,none_32,none_31,none_32,updated_3,updated_3,updated_3,invalid_34,invalid_34,invalid_34,none_46,none_46,none_46]"
196241,"[1, 7, 1, 1, 3, 4, 4, 2, 2, 3, 3, 4, 2, 6, 6, 6, 5, 5, 5]","[block blk_6,NameSystem_2,block blk_6,block blk_6,blk_4,blk_4,blk_4,NameSystem_2,NameSystem_2,blk_4,blk_4,blk_4,NameSystem_2,blk_4,blk_4,blk_4,block blk file_7,block blk file_7,block blk file_7]","[receiving_28,allocate_4,receiving_28,receiving_28,none_22,writing_23,writing_23,add_3,add_3,none_22,none_22,writing_23,add_3,delete_24,delete_24,delete_24,deleting_34,deleting_34,deleting_34]","[none_40,none_4,none_40,none_40,none_31,none_32,none_32,updated_3,updated_3,none_31,none_31,none_32,updated_3,invalid_34,invalid_34,invalid_34,none_46,none_46,none_46]"
499783,"[1, 1, 1, 7, 3, 4, 3, 4, 3, 4, 2, 2, 2]","[block blk_6,block blk_6,block blk_6,NameSystem_2,blk_4,blk_4,blk_4,blk_4,blk_4,blk_4,NameSystem_2,NameSystem_2,NameSystem_2]","[receiving_28,receiving_28,receiving_28,allocate_4,none_22,writing_23,none_22,writing_23,none_22,writing_23,add_3,add_3,add_3]","[none_40,none_40,none_40,none_4,none_31,none_32,none_31,none_32,none_31,none_32,updated_3,updated_3,updated_3]"
206946,"[1, 1, 1, 7, 3, 4, 3, 4, 3, 4, 2, 2, 2, 6, 6, 6, 5, 5, 5]","[block blk_6,block blk_6,block blk_6,NameSystem_2,blk_4,blk_4,blk_4,blk_4,blk_4,blk_4,NameSystem_2,NameSystem_2,NameSystem_2,blk_4,blk_4,blk_4,block blk file_7,block blk file_7,block blk file_7]","[receiving_28,receiving_28,receiving_28,allocate_4,none_22,writing_23,none_22,writing_23,none_22,writing_23,add_3,add_3,add_3,delete_24,delete_24,delete_24,deleting_34,deleting_34,deleting_34]","[none_40,none_40,none_40,none_4,none_31,none_32,none_31,none_32,none_31,none_32,updated_3,updated_3,updated_3,invalid_34,invalid_34,invalid_34,none_46,none_46,none_46]"
532436,"[1, 1, 7, 1, 3, 4, 3, 4, 3, 4, 2, 2, 2, 10]","[block blk_6,block blk_6,NameSystem_2,block blk_6,blk_4,blk_4,blk_4,blk_4,blk_4,blk_4,NameSystem_2,NameSystem_2,NameSystem_2,blk_4]","[receiving_28,receiving_28,allocate_4,receiving_28,none_22,writing_23,none_22,writing_23,none_22,writing_23,add_3,add_3,add_3,verification_25]","[none_40,none_40,none_4,none_40,none_31,none_32,none_31,none_32,none_31,none_32,updated_3,updated_3,updated_3,successful_35]"
175599,"[1, 7, 1, 1, 3, 4, 3, 4, 3, 4, 2, 2, 2, 8, 8, 9, 6, 6, 6, 5, 5, 5]","[block blk_6,NameSystem_2,block blk_6,block blk_6,blk_4,blk_4,blk_4,blk_4,blk_4,blk_4,NameSystem_2,NameSystem_2,NameSystem_2,/_0,/_0,blk_4,blk_4,blk_4,blk_4,block blk file_7,block blk file_7,block blk file_7]","[receiving_28,allocate_4,receiving_28,receiving_28,none_22,writing_23,none_22,writing_23,none_22,writing_23,add_3,add_3,add_3,serving_0,serving_0,transfer_13,delete_24,delete_24,delete_24,deleting_34,deleting_34,deleting_34]","[none_40,none_4,none_40,none_40,none_31,none_32,none_31,none_32,none_31,none_32,updated_3,updated_3,updated_3,none_0,none_0,exception_21,invalid_34,invalid_34,invalid_34,none_46,none_46,none_46]"
397371,"[1, 1, 1, 7, 3, 4, 3, 4, 2, 2, 2, 3, 4, 6, 6, 6, 5, 5, 5]","[block blk_6,block blk_6,block blk_6,NameSystem_2,blk_4,blk_4,blk_4,blk_4,NameSystem_2,NameSystem_2,NameSystem_2,blk_4,blk_4,blk_4,blk_4,blk_4,block blk file_7,block blk file_7,block blk file_7]","[receiving_28,receiving_28,receiving_28,allocate_4,none_22,writing_23,none_22,writing_23,add_3,add_3,add_3,none_22,writing_23,delete_24,delete_24,delete_24,deleting_34,deleting_34,deleting_34]","[none_40,none_40,none_40,none_4,none_31,none_32,none_31,none_32,updated_3,updated_3,updated_3,none_31,none_32,invalid_34,invalid_34,invalid_34,none_46,none_46,none_46]"
453532,"[7, 1, 1, 1, 3, 4, 3, 4, 3, 4, 2, 2, 2, 10, 6, 6, 6, 5, 5, 5]","[NameSystem_2,block blk_6,block blk_6,block blk_6,blk_4,blk_4,blk_4,blk_4,blk_4,blk_4,NameSystem_2,NameSystem_2,NameSystem_2,blk_4,blk_4,blk_4,blk_4,block blk file_7,block blk file_7,block blk file_7]","[allocate_4,receiving_28,receiving_28,receiving_28,none_22,writing_23,none_22,writing_23,none_22,writing_23,add_3,add_3,add_3,verification_25,delete_24,delete_24,delete_24,deleting_34,deleting_34,deleting_34]","[none_4,none_40,none_40,none_40,none_31,none_32,none_31,none_32,none_31,none_32,updated_3,updated_3,updated_3,successful_35,invalid_34,invalid_34,invalid_34,none_46,none_46,none_46]"
79841,"[7, 1, 1, 1, 2, 2, 2, 3, 4, 3, 4, 3, 4, 8, 8, 9, 8, 8, 9, 8, 8, 9, 8, 8, 9, 10, 6, 6, 6, 5, 5, 5]","[NameSystem_2,block blk_6,block blk_6,block blk_6,NameSystem_2,NameSystem_2,NameSystem_2,blk_4,blk_4,blk_4,blk_4,blk_4,blk_4,/_0,/_0,blk_4,/_0,/_0,blk_4,/_0,/_0,blk_4,/_0,/_0,blk_4,blk_4,blk_4,blk_4,blk_4,block blk file_7,block blk file_7,block blk file_7]","[allocate_4,receiving_28,receiving_28,receiving_28,add_3,add_3,add_3,none_22,writing_23,none_22,writing_23,none_22,writing_23,serving_0,serving_0,transfer_13,serving_0,serving_0,transfer_13,serving_0,serving_0,transfer_13,serving_0,serving_0,transfer_13,verification_25,delete_24,delete_24,delete_24,deleting_34,deleting_34,deleting_34]","[none_4,none_40,none_40,none_40,updated_3,updated_3,updated_3,none_31,none_32,none_31,none_32,none_31,none_32,none_0,none_0,exception_21,none_0,none_0,exception_21,none_0,none_0,exception_21,none_0,none_0,exception_21,successful_35,invalid_34,invalid_34,invalid_34,none_46,none_46,none_46]"
264283,"[7, 1, 1, 1, 3, 4, 3, 4, 3, 4, 2, 2, 2, 6, 6, 6, 5, 5, 5]","[NameSystem_2,block blk_6,block blk_6,block blk_6,blk_4,blk_4,blk_4,blk_4,blk_4,blk_4,NameSystem_2,NameSystem_2,NameSystem_2,blk_4,blk_4,blk_4,block blk file_7,block blk file_7,block blk file_7]","[allocate_4,receiving_28,receiving_28,receiving_28,none_22,writing_23,none_22,writing_23,none_22,writing_23,add_3,add_3,add_3,delete_24,delete_24,delete_24,deleting_34,deleting_34,deleting_34]","[none_4,none_40,none_40,none_40,none_31,none_32,none_31,none_32,none_31,none_32,updated_3,updated_3,updated_3,invalid_34,invalid_34,invalid_34,none_46,none_46,none_46]"
226772,"[1, 7, 1, 1, 3, 4, 3, 4, 3, 4, 2, 2, 2, 6, 6, 6, 5, 5, 5]","[block blk_6,NameSystem_2,block blk_6,block blk_6,blk_4,blk_4,blk_4,blk_4,blk_4,blk_4,NameSystem_2,NameSystem_2,NameSystem_2,blk_4,blk_4,blk_4,block blk file_7,block blk file_7,block blk file_7]","[receiving_28,allocate_4,receiving_28,receiving_28,none_22,writing_23,none_22,writing_23,none_22,writing_23,add_3,add_3,add_3,delete_24,delete_24,delete_24,deleting_34,deleting_34,deleting_34]","[none_40,none_4,none_40,none_40,none_31,none_32,none_31,none_32,none_31,none_32,updated_3,updated_3,updated_3,invalid_34,invalid_34,invalid_34,none_46,none_46,none_46]"
409515,"[1, 7, 1, 1, 3, 4, 3, 4, 3, 4, 2, 2, 2, 6, 6, 6, 5, 5, 5]","[block blk_6,NameSystem_2,block blk_6,block blk_6,blk_4,blk_4,blk_4,blk_4,blk_4,blk_4,NameSystem_2,NameSystem_2,NameSystem_2,blk_4,blk_4,blk_4,block blk file_7,block blk file_7,block blk file_7]","[receiving_28,allocate_4,receiving_28,receiving_28,none_22,writing_23,none_22,writing_23,none_22,writing_23,add_3,add_3,add_3,delete_24,delete_24,delete_24,deleting_34,deleting_34,deleting_34]","[none_40,none_4,none_40,none_40,none_31,none_32,none_31,none_32,none_31,none_32,updated_3,updated_3,updated_3,invalid_34,invalid_34,invalid_34,none_46,none_46,none_46]"
43595,"[7, 1, 1, 1, 2, 2, 2, 3, 4, 3, 4, 3, 4, 6, 6, 6, 5, 5, 5]","[NameSystem_2,block blk_6,block blk_6,block blk_6,NameSystem_2,NameSystem_2,NameSystem_2,blk_4,blk_4,blk_4,blk_4,blk_4,blk_4,blk_4,blk_4,blk_4,block blk file_7,block blk file_7,block blk file_7]","[allocate_4,receiving_28,receiving_28,receiving_28,add_3,add_3,add_3,none_22,writing_23,none_22,writing_23,none_22,writing_23,delete_24,delete_24,delete_24,deleting_34,deleting_34,deleting_34]","[none_4,none_40,none_40,none_40,updated_3,updated_3,updated_3,none_31,none_32,none_31,none_32,none_31,none_32,invalid_34,invalid_34,invalid_34,none_46,none_46,none_46]"
518782,"[1, 1, 7, 1, 3, 4, 3, 4, 3, 4, 2, 2, 2]","[block blk_6,block blk_6,NameSystem_2,block blk_6,blk_4,blk_4,blk_4,blk_4,blk_4,blk_4,NameSystem_2,NameSystem_2,NameSystem_2]","[receiving_28,receiving_28,allocate_4,receiving_28,none_22,writing_23,none_22,writing_23,none_22,writing_23,add_3,add_3,add_3]","[none_40,none_40,none_4,none_40,none_31,none_32,none_31,none_32,none_31,none_32,updated_3,updated_3,updated_3]"
363465,"[1, 1, 7, 1, 3, 4, 3, 4, 2, 2, 3, 4, 2, 6, 6, 6, 5, 5, 5]","[block blk_6,block blk_6,NameSystem_2,block blk_6,blk_4,blk_4,blk_4,blk_4,NameSystem_2,NameSystem_2,blk_4,blk_4,NameSystem_2,blk_4,blk_4,blk_4,block blk file_7,block blk file_7,block blk file_7]","[receiving_28,receiving_28,allocate_4,receiving_28,none_22,writing_23,none_22,writing_23,add_3,add_3,none_22,writing_23,add_3,delete_24,delete_24,delete_24,deleting_34,deleting_34,deleting_34]","[none_40,none_40,none_4,none_40,none_31,none_32,none_31,none_32,updated_3,updated_3,none_31,none_32,updated_3,invalid_34,invalid_34,invalid_34,none_46,none_46,none_46]"
524813,"[1, 1, 1, 7, 3, 4, 3, 4, 2, 2, 3, 4, 2]","[block blk_6,block blk_6,block blk_6,NameSystem_2,blk_4,blk_4,blk_4,blk_4,NameSystem_2,NameSystem_2,blk_4,blk_4,NameSystem_2]","[receiving_28,receiving_28,receiving_28,allocate_4,none_22,writing_23,none_22,writing_23,add_3,add_3,none_22,writing_23,add_3]","[none_40,none_40,none_40,none_4,none_31,none_32,none_31,none_32,updated_3,updated_3,none_31,none_32,updated_3]"
20633,"[1, 7, 1, 1, 3, 4, 3, 4, 3, 4, 2, 2, 2, 8, 6, 6, 6, 5, 5, 5]","[block blk_6,NameSystem_2,block blk_6,block blk_6,blk_4,blk_4,blk_4,blk_4,blk_4,blk_4,NameSystem_2,NameSystem_2,NameSystem_2,/_0,blk_4,blk_4,blk_4,block blk file_7,block blk file_7,block blk file_7]","[receiving_28,allocate_4,receiving_28,receiving_28,none_22,writing_23,none_22,writing_23,none_22,writing_23,add_3,add_3,add_3,serving_0,delete_24,delete_24,delete_24,deleting_34,deleting_34,deleting_34]","[none_40,none_4,none_40,none_40,none_31,none_32,none_31,none_32,none_31,none_32,updated_3,updated_3,updated_3,none_0,invalid_34,invalid_34,invalid_34,none_46,none_46,none_46]"
231901,"[1, 1, 7, 1, 3, 4, 3, 4, 3, 4, 2, 2, 2, 6, 6, 6, 5, 5, 5]","[block blk_6,block blk_6,NameSystem_2,block blk_6,blk_4,blk_4,blk_4,blk_4,blk_4,blk_4,NameSystem_2,NameSystem_2,NameSystem_2,blk_4,blk_4,blk_4,block blk file_7,block blk file_7,block blk file_7]","[receiving_28,receiving_28,allocate_4,receiving_28,none_22,writing_23,none_22,writing_23,none_22,writing_23,add_3,add_3,add_3,delete_24,delete_24,delete_24,deleting_34,deleting_34,deleting_34]","[none_40,none_40,none_4,none_40,none_31,none_32,none_31,none_32,none_31,none_32,updated_3,updated_3,updated_3,invalid_34,invalid_34,invalid_34,none_46,none_46,none_46]"
164126,"[1, 7, 1, 1, 3, 4, 3, 4, 3, 4, 2, 2, 2, 9, 8, 9, 10, 6, 6, 6, 5, 5, 5]","[block blk_6,NameSystem_2,block blk_6,block blk_6,blk_4,blk_4,blk_4,blk_4,blk_4,blk_4,NameSystem_2,NameSystem_2,NameSystem_2,blk_4,/_0,blk_4,blk_4,blk_4,blk_4,blk_4,block blk file_7,block blk file_7,block blk file_7]","[receiving_28,allocate_4,receiving_28,receiving_28,none_22,writing_23,none_22,writing_23,none_22,writing_23,add_3,add_3,add_3,transfer_13,serving_0,transfer_13,verification_25,delete_24,delete_24,delete_24,deleting_34,deleting_34,deleting_34]","[none_40,none_4,none_40,none_40,none_31,none_32,none_31,none_32,none_31,none_32,updated_3,updated_3,updated_3,exception_21,none_0,exception_21,successful_35,invalid_34,invalid_34,invalid_34,none_46,none_46,none_46]"
105671,"[7, 1, 1, 1, 2, 2, 2, 3, 4, 3, 4, 3, 4, 8, 8, 9, 8, 9, 8, 8, 8, 9, 6, 6, 6, 5, 5, 5]","[NameSystem_2,block blk_6,block blk_6,block blk_6,NameSystem_2,NameSystem_2,NameSystem_2,blk_4,blk_4,blk_4,blk_4,blk_4,blk_4,/_0,/_0,blk_4,/_0,blk_4,/_0,/_0,/_0,blk_4,blk_4,blk_4,blk_4,block blk file_7,block blk file_7,block blk file_7]","[allocate_4,receiving_28,receiving_28,receiving_28,add_3,add_3,add_3,none_22,writing_23,none_22,writing_23,none_22,writing_23,serving_0,serving_0,transfer_13,serving_0,transfer_13,serving_0,serving_0,serving_0,transfer_13,delete_24,delete_24,delete_24,deleting_34,deleting_34,deleting_34]","[none_4,none_40,none_40,none_40,updated_3,updated_3,updated_3,none_31,none_32,none_31,none_32,none_31,none_32,none_0,none_0,exception_21,none_0,exception_21,none_0,none_0,none_0,exception_21,invalid_34,invalid_34,invalid_34,none_46,none_46,none_46]"
453206,"[1, 1, 1, 7, 3, 4, 3, 4, 2, 2, 3, 4, 2, 6, 6, 6, 5, 5, 5]","[block blk_6,block blk_6,block blk_6,NameSystem_2,blk_4,blk_4,blk_4,blk_4,NameSystem_2,NameSystem_2,blk_4,blk_4,NameSystem_2,blk_4,blk_4,blk_4,block blk file_7,block blk file_7,block blk file_7]","[receiving_28,receiving_28,receiving_28,allocate_4,none_22,writing_23,none_22,writing_23,add_3,add_3,none_22,writing_23,add_3,delete_24,delete_24,delete_24,deleting_34,deleting_34,deleting_34]","[none_40,none_40,none_40,none_4,none_31,none_32,none_31,none_32,updated_3,updated_3,none_31,none_32,updated_3,invalid_34,invalid_34,invalid_34,none_46,none_46,none_46]"
43692,"[7, 1, 1, 1, 2, 2, 3, 4, 3, 4, 2, 3, 4, 10, 6, 6, 6, 5, 5, 5]","[NameSystem_2,block blk_6,block blk_6,block blk_6,NameSystem_2,NameSystem_2,blk_4,blk_4,blk_4,blk_4,NameSystem_2,blk_4,blk_4,blk_4,blk_4,blk_4,blk_4,block blk file_7,block blk file_7,block blk file_7]","[allocate_4,receiving_28,receiving_28,receiving_28,add_3,add_3,none_22,writing_23,none_22,writing_23,add_3,none_22,writing_23,verification_25,delete_24,delete_24,delete_24,deleting_34,deleting_34,deleting_34]","[none_4,none_40,none_40,none_40,updated_3,updated_3,none_31,none_32,none_31,none_32,updated_3,none_31,none_32,successful_35,invalid_34,invalid_34,invalid_34,none_46,none_46,none_46]"
342843,"[7, 1, 1, 1, 3, 4, 3, 4, 3, 4, 2, 2, 2, 10]","[NameSystem_2,block blk_6,block blk_6,block blk_6,blk_4,blk_4,blk_4,blk_4,blk_4,blk_4,NameSystem_2,NameSystem_2,NameSystem_2,blk_4]","[allocate_4,receiving_28,receiving_28,receiving_28,none_22,writing_23,none_22,writing_23,none_22,writing_23,add_3,add_3,add_3,verification_25]","[none_4,none_40,none_40,none_40,none_31,none_32,none_31,none_32,none_31,none_32,updated_3,updated_3,updated_3,successful_35]"
163347,"[1, 7, 1, 1, 3, 4, 3, 4, 2, 2, 3, 4, 2, 8, 8, 9, 9, 8, 8, 6, 6, 6, 5, 5, 5]","[block blk_6,NameSystem_2,block blk_6,block blk_6,blk_4,blk_4,blk_4,blk_4,NameSystem_2,NameSystem_2,blk_4,blk_4,NameSystem_2,/_0,/_0,blk_4,blk_4,/_0,/_0,blk_4,blk_4,blk_4,block blk file_7,block blk file_7,block blk file_7]","[receiving_28,allocate_4,receiving_28,receiving_28,none_22,writing_23,none_22,writing_23,add_3,add_3,none_22,writing_23,add_3,serving_0,serving_0,transfer_13,transfer_13,serving_0,serving_0,delete_24,delete_24,delete_24,deleting_34,deleting_34,deleting_34]","[none_40,none_4,none_40,none_40,none_31,none_32,none_31,none_32,updated_3,updated_3,none_31,none_32,updated_3,none_0,none_0,exception_21,exception_21,none_0,none_0,invalid_34,invalid_34,invalid_34,none_46,none_46,none_46]"
81671,"[7, 1, 1, 1, 2, 2, 3, 4, 3, 4, 2, 3, 4, 8, 8, 9, 10, 9, 8, 8, 8, 9, 8, 9, 8, 8, 6, 6, 6, 5, 5, 5]","[NameSystem_2,block blk_6,block blk_6,block blk_6,NameSystem_2,NameSystem_2,blk_4,blk_4,blk_4,blk_4,NameSystem_2,blk_4,blk_4,/_0,/_0,blk_4,blk_4,blk_4,/_0,/_0,/_0,blk_4,/_0,blk_4,/_0,/_0,blk_4,blk_4,blk_4,block blk file_7,block blk file_7,block blk file_7]","[allocate_4,receiving_28,receiving_28,receiving_28,add_3,add_3,none_22,writing_23,none_22,writing_23,add_3,none_22,writing_23,serving_0,serving_0,transfer_13,verification_25,transfer_13,serving_0,serving_0,serving_0,transfer_13,serving_0,transfer_13,serving_0,serving_0,delete_24,delete_24,delete_24,deleting_34,deleting_34,deleting_34]","[none_4,none_40,none_40,none_40,updated_3,updated_3,none_31,none_32,none_31,none_32,updated_3,none_31,none_32,none_0,none_0,exception_21,successful_35,exception_21,none_0,none_0,none_0,exception_21,none_0,exception_21,none_0,none_0,invalid_34,invalid_34,invalid_34,none_46,none_46,none_46]"
512757,"[1, 7, 1, 1, 3, 4, 3, 4, 3, 4, 2, 2, 2]","[block blk_6,NameSystem_2,block blk_6,block blk_6,blk_4,blk_4,blk_4,blk_4,blk_4,blk_4,NameSystem_2,NameSystem_2,NameSystem_2]","[receiving_28,allocate_4,receiving_28,receiving_28,none_22,writing_23,none_22,writing_23,none_22,writing_23,add_3,add_3,add_3]","[none_40,none_4,none_40,none_40,none_31,none_32,none_31,none_32,none_31,none_32,updated_3,updated_3,updated_3]"
322526,"[1, 1, 1, 7, 3, 4, 3, 4, 3, 4, 2, 2, 2]","[block blk_6,block blk_6,block blk_6,NameSystem_2,blk_4,blk_4,blk_4,blk_4,blk_4,blk_4,NameSystem_2,NameSystem_2,NameSystem_2]","[receiving_28,receiving_28,receiving_28,allocate_4,none_22,writing_23,none_22,writing_23,none_22,writing_23,add_3,add_3,add_3]","[none_40,none_40,none_40,none_4,none_31,none_32,none_31,none_32,none_31,none_32,updated_3,updated_3,updated_3]"
356376,"[1, 1, 1, 7, 3, 4, 3, 4, 3, 4, 2, 2, 2]","[block blk_6,block blk_6,block blk_6,NameSystem_2,blk_4,blk_4,blk_4,blk_4,blk_4,blk_4,NameSystem_2,NameSystem_2,NameSystem_2]","[receiving_28,receiving_28,receiving_28,allocate_4,none_22,writing_23,none_22,writing_23,none_22,writing_23,add_3,add_3,add_3]","[none_40,none_40,none_40,none_4,none_31,none_32,none_31,none_32,none_31,none_32,updated_3,updated_3,updated_3]"
358585,"[1, 1, 1, 7, 3, 4, 3, 4, 3, 4, 2, 2, 2, 6, 6, 6, 5, 5, 5]","[block blk_6,block blk_6,block blk_6,NameSystem_2,blk_4,blk_4,blk_4,blk_4,blk_4,blk_4,NameSystem_2,NameSystem_2,NameSystem_2,blk_4,blk_4,blk_4,block blk file_7,block blk file_7,block blk file_7]","[receiving_28,receiving_28,receiving_28,allocate_4,none_22,writing_23,none_22,writing_23,none_22,writing_23,add_3,add_3,add_3,delete_24,delete_24,delete_24,deleting_34,deleting_34,deleting_34]","[none_40,none_40,none_40,none_4,none_31,none_32,none_31,none_32,none_31,none_32,updated_3,updated_3,updated_3,invalid_34,invalid_34,invalid_34,none_46,none_46,none_46]"
355663,"[1, 7, 1, 1, 3, 4, 3, 4, 3, 4, 2, 2, 2]","[block blk_6,NameSystem_2,block blk_6,block blk_6,blk_4,blk_4,blk_4,blk_4,blk_4,blk_4,NameSystem_2,NameSystem_2,NameSystem_2]","[receiving_28,allocate_4,receiving_28,receiving_28,none_22,writing_23,none_22,writing_23,none_22,writing_23,add_3,add_3,add_3]","[none_40,none_4,none_40,none_40,none_31,none_32,none_31,none_32,none_31,none_32,updated_3,updated_3,updated_3]"
73199,"[7, 1, 1, 1, 2, 2, 2, 3, 4, 3, 4, 3, 4, 8, 9, 8, 8, 8, 9, 8, 8, 9, 9, 8, 8, 6, 6, 6, 5, 5, 5]","[NameSystem_2,block blk_6,block blk_6,block blk_6,NameSystem_2,NameSystem_2,NameSystem_2,blk_4,blk_4,blk_4,blk_4,blk_4,blk_4,/_0,blk_4,/_0,/_0,/_0,blk_4,/_0,/_0,blk_4,blk_4,/_0,/_0,blk_4,blk_4,blk_4,block blk file_7,block blk file_7,block blk file_7]","[allocate_4,receiving_28,receiving_28,receiving_28,add_3,add_3,add_3,none_22,writing_23,none_22,writing_23,none_22,writing_23,serving_0,transfer_13,serving_0,serving_0,serving_0,transfer_13,serving_0,serving_0,transfer_13,transfer_13,serving_0,serving_0,delete_24,delete_24,delete_24,deleting_34,deleting_34,deleting_34]","[none_4,none_40,none_40,none_40,updated_3,updated_3,updated_3,none_31,none_32,none_31,none_32,none_31,none_32,none_0,exception_21,none_0,none_0,none_0,exception_21,none_0,none_0,exception_21,exception_21,none_0,none_0,invalid_34,invalid_34,invalid_34,none_46,none_46,none_46]"
227704,"[1, 7, 1, 1, 3, 4, 2, 3, 4, 3, 4, 2, 2, 6, 6, 6, 5, 5, 5]","[block blk_6,NameSystem_2,block blk_6,block blk_6,blk_4,blk_4,NameSystem_2,blk_4,blk_4,blk_4,blk_4,NameSystem_2,NameSystem_2,blk_4,blk_4,blk_4,block blk file_7,block blk file_7,block blk file_7]","[receiving_28,allocate_4,receiving_28,receiving_28,none_22,writing_23,add_3,none_22,writing_23,none_22,writing_23,add_3,add_3,delete_24,delete_24,delete_24,deleting_34,deleting_34,deleting_34]","[none_40,none_4,none_40,none_40,none_31,none_32,updated_3,none_31,none_32,none_31,none_32,updated_3,updated_3,invalid_34,invalid_34,invalid_34,none_46,none_46,none_46]"
549473,"[1, 7, 1, 1, 3, 4, 3, 4, 3, 4, 2, 2, 2, 6, 6, 6, 5, 5, 5]","[block blk_6,NameSystem_2,block blk_6,block blk_6,blk_4,blk_4,blk_4,blk_4,blk_4,blk_4,NameSystem_2,NameSystem_2,NameSystem_2,blk_4,blk_4,blk_4,block blk file_7,block blk file_7,block blk file_7]","[receiving_28,allocate_4,receiving_28,receiving_28,none_22,writing_23,none_22,writing_23,none_22,writing_23,add_3,add_3,add_3,delete_24,delete_24,delete_24,deleting_34,deleting_34,deleting_34]","[none_40,none_4,none_40,none_40,none_31,none_32,none_31,none_32,none_31,none_32,updated_3,updated_3,updated_3,invalid_34,invalid_34,invalid_34,none_46,none_46,none_46]"
404422,"[7, 1, 1, 1, 3, 4, 3, 4, 2, 2, 2, 3, 4, 6, 6, 6, 5, 5, 5]","[NameSystem_2,block blk_6,block blk_6,block blk_6,blk_4,blk_4,blk_4,blk_4,NameSystem_2,NameSystem_2,NameSystem_2,blk_4,blk_4,blk_4,blk_4,blk_4,block blk file_7,block blk file_7,block blk file_7]","[allocate_4,receiving_28,receiving_28,receiving_28,none_22,writing_23,none_22,writing_23,add_3,add_3,add_3,none_22,writing_23,delete_24,delete_24,delete_24,deleting_34,deleting_34,deleting_34]","[none_4,none_40,none_40,none_40,none_31,none_32,none_31,none_32,updated_3,updated_3,updated_3,none_31,none_32,invalid_34,invalid_34,invalid_34,none_46,none_46,none_46]"
525258,"[1, 1, 7, 1, 3, 4, 3, 4, 3, 4, 2, 2, 2]","[block blk_6,block blk_6,NameSystem_2,block blk_6,blk_4,blk_4,blk_4,blk_4,blk_4,blk_4,NameSystem_2,NameSystem_2,NameSystem_2]","[receiving_28,receiving_28,allocate_4,receiving_28,none_22,writing_23,none_22,writing_23,none_22,writing_23,add_3,add_3,add_3]","[none_40,none_40,none_4,none_40,none_31,none_32,none_31,none_32,none_31,none_32,updated_3,updated_3,updated_3]"
500674,"[1, 1, 1, 7, 4, 3, 4, 2, 2, 3, 3, 4, 2]","[block blk_6,block blk_6,block blk_6,NameSystem_2,blk_4,blk_4,blk_4,NameSystem_2,NameSystem_2,blk_4,blk_4,blk_4,NameSystem_2]","[receiving_28,receiving_28,receiving_28,allocate_4,writing_23,none_22,writing_23,add_3,add_3,none_22,none_22,writing_23,add_3]","[none_40,none_40,none_40,none_4,none_32,none_31,none_32,updated_3,updated_3,none_31,none_31,none_32,updated_3]"
129356,"[7, 1, 1, 1, 2, 3, 4, 2, 2, 3, 4, 3, 4, 10, 8, 6, 6, 6, 5, 5, 5]","[NameSystem_2,block blk_6,block blk_6,block blk_6,NameSystem_2,blk_4,blk_4,NameSystem_2,NameSystem_2,blk_4,blk_4,blk_4,blk_4,blk_4,/_0,blk_4,blk_4,blk_4,block blk file_7,block blk file_7,block blk file_7]","[allocate_4,receiving_28,receiving_28,receiving_28,add_3,none_22,writing_23,add_3,add_3,none_22,writing_23,none_22,writing_23,verification_25,serving_0,delete_24,delete_24,delete_24,deleting_34,deleting_34,deleting_34]","[none_4,none_40,none_40,none_40,updated_3,none_31,none_32,updated_3,updated_3,none_31,none_32,none_31,none_32,successful_35,none_0,invalid_34,invalid_34,invalid_34,none_46,none_46,none_46]"
522942,"[1, 1, 7, 1, 3, 4, 3, 4, 3, 4, 2, 2, 2]","[block blk_6,block blk_6,NameSystem_2,block blk_6,blk_4,blk_4,blk_4,blk_4,blk_4,blk_4,NameSystem_2,NameSystem_2,NameSystem_2]","[receiving_28,receiving_28,allocate_4,receiving_28,none_22,writing_23,none_22,writing_23,none_22,writing_23,add_3,add_3,add_3]","[none_40,none_40,none_4,none_40,none_31,none_32,none_31,none_32,none_31,none_32,updated_3,updated_3,updated_3]"
180207,"[1, 1, 7, 1, 3, 4, 2, 3, 4, 3, 4, 2, 2, 6, 6, 6, 5, 5, 5]","[block blk_6,block blk_6,NameSystem_2,block blk_6,blk_4,blk_4,NameSystem_2,blk_4,blk_4,blk_4,blk_4,NameSystem_2,NameSystem_2,blk_4,blk_4,blk_4,block blk file_7,block blk file_7,block blk file_7]","[receiving_28,receiving_28,allocate_4,receiving_28,none_22,writing_23,add_3,none_22,writing_23,none_22,writing_23,add_3,add_3,delete_24,delete_24,delete_24,deleting_34,deleting_34,deleting_34]","[none_40,none_40,none_4,none_40,none_31,none_32,updated_3,none_31,none_32,none_31,none_32,updated_3,updated_3,invalid_34,invalid_34,invalid_34,none_46,none_46,none_46]"
275930,"[1, 1, 1, 7, 3, 4, 3, 4, 2, 2, 3, 4, 2, 6, 6, 6, 5, 5, 5]","[block blk_6,block blk_6,block blk_6,NameSystem_2,blk_4,blk_4,blk_4,blk_4,NameSystem_2,NameSystem_2,blk_4,blk_4,NameSystem_2,blk_4,blk_4,blk_4,block blk file_7,block blk file_7,block blk file_7]","[receiving_28,receiving_28,receiving_28,allocate_4,none_22,writing_23,none_22,writing_23,add_3,add_3,none_22,writing_23,add_3,delete_24,delete_24,delete_24,deleting_34,deleting_34,deleting_34]","[none_40,none_40,none_40,none_4,none_31,none_32,none_31,none_32,updated_3,updated_3,none_31,none_32,updated_3,invalid_34,invalid_34,invalid_34,none_46,none_46,none_46]"
337195,"[1, 1, 7, 1, 3, 4, 3, 4, 3, 4, 2, 2, 2]","[block blk_6,block blk_6,NameSystem_2,block blk_6,blk_4,blk_4,blk_4,blk_4,blk_4,blk_4,NameSystem_2,NameSystem_2,NameSystem_2]","[receiving_28,receiving_28,allocate_4,receiving_28,none_22,writing_23,none_22,writing_23,none_22,writing_23,add_3,add_3,add_3]","[none_40,none_40,none_4,none_40,none_31,none_32,none_31,none_32,none_31,none_32,updated_3,updated_3,updated_3]"
472836,"[1, 1, 7, 1, 3, 4, 3, 4, 2, 2, 3, 4, 2]","[block blk_6,block blk_6,NameSystem_2,block blk_6,blk_4,blk_4,blk_4,blk_4,NameSystem_2,NameSystem_2,blk_4,blk_4,NameSystem_2]","[receiving_28,receiving_28,allocate_4,receiving_28,none_22,writing_23,none_22,writing_23,add_3,add_3,none_22,writing_23,add_3]","[none_40,none_40,none_4,none_40,none_31,none_32,none_31,none_32,updated_3,updated_3,none_31,none_32,updated_3]"
246844,"[1, 1, 1, 7, 3, 4, 3, 4, 3, 4, 2, 2, 2, 6, 6, 6, 5, 5, 5]","[block blk_6,block blk_6,block blk_6,NameSystem_2,blk_4,blk_4,blk_4,blk_4,blk_4,blk_4,NameSystem_2,NameSystem_2,NameSystem_2,blk_4,blk_4,blk_4,block blk file_7,block blk file_7,block blk file_7]","[receiving_28,receiving_28,receiving_28,allocate_4,none_22,writing_23,none_22,writing_23,none_22,writing_23,add_3,add_3,add_3,delete_24,delete_24,delete_24,deleting_34,deleting_34,deleting_34]","[none_40,none_40,none_40,none_4,none_31,none_32,none_31,none_32,none_31,none_32,updated_3,updated_3,updated_3,invalid_34,invalid_34,invalid_34,none_46,none_46,none_46]"
419908,"[1, 1, 1, 7, 3, 4, 3, 4, 3, 4, 2, 2, 2, 6, 6, 6, 5, 5, 5]","[block blk_6,block blk_6,block blk_6,NameSystem_2,blk_4,blk_4,blk_4,blk_4,blk_4,blk_4,NameSystem_2,NameSystem_2,NameSystem_2,blk_4,blk_4,blk_4,block blk file_7,block blk file_7,block blk file_7]","[receiving_28,receiving_28,receiving_28,allocate_4,none_22,writing_23,none_22,writing_23,none_22,writing_23,add_3,add_3,add_3,delete_24,delete_24,delete_24,deleting_34,deleting_34,deleting_34]","[none_40,none_40,none_40,none_4,none_31,none_32,none_31,none_32,none_31,none_32,updated_3,updated_3,updated_3,invalid_34,invalid_34,invalid_34,none_46,none_46,none_46]"
428286,"[1, 7, 1, 1, 3, 4, 3, 4, 3, 4, 2, 2, 2, 6, 6, 6, 5, 5, 5]","[block blk_6,NameSystem_2,block blk_6,block blk_6,blk_4,blk_4,blk_4,blk_4,blk_4,blk_4,NameSystem_2,NameSystem_2,NameSystem_2,blk_4,blk_4,blk_4,block blk file_7,block blk file_7,block blk file_7]","[receiving_28,allocate_4,receiving_28,receiving_28,none_22,writing_23,none_22,writing_23,none_22,writing_23,add_3,add_3,add_3,delete_24,delete_24,delete_24,deleting_34,deleting_34,deleting_34]","[none_40,none_4,none_40,none_40,none_31,none_32,none_31,none_32,none_31,none_32,updated_3,updated_3,updated_3,invalid_34,invalid_34,invalid_34,none_46,none_46,none_46]"
87227,"[7, 1, 1, 1, 2, 2, 2, 3, 4, 3, 4, 3, 4, 8, 8, 9, 8, 9, 8, 8, 8, 9, 8, 9, 8, 6, 6, 6, 5, 5, 5]","[NameSystem_2,block blk_6,block blk_6,block blk_6,NameSystem_2,NameSystem_2,NameSystem_2,blk_4,blk_4,blk_4,blk_4,blk_4,blk_4,/_0,/_0,blk_4,/_0,blk_4,/_0,/_0,/_0,blk_4,/_0,blk_4,/_0,blk_4,blk_4,blk_4,block blk file_7,block blk file_7,block blk file_7]","[allocate_4,receiving_28,receiving_28,receiving_28,add_3,add_3,add_3,none_22,writing_23,none_22,writing_23,none_22,writing_23,serving_0,serving_0,transfer_13,serving_0,transfer_13,serving_0,serving_0,serving_0,transfer_13,serving_0,transfer_13,serving_0,delete_24,delete_24,delete_24,deleting_34,deleting_34,deleting_34]","[none_4,none_40,none_40,none_40,updated_3,updated_3,updated_3,none_31,none_32,none_31,none_32,none_31,none_32,none_0,none_0,exception_21,none_0,exception_21,none_0,none_0,none_0,exception_21,none_0,exception_21,none_0,invalid_34,invalid_34,invalid_34,none_46,none_46,none_46]"
565552,"[7, 1, 1, 1, 4, 3, 4, 3, 4, 2, 3, 2, 2, 6, 6, 6, 5, 5, 5]","[NameSystem_2,block blk_6,block blk_6,block blk_6,blk_4,blk_4,blk_4,blk_4,blk_4,NameSystem_2,blk_4,NameSystem_2,NameSystem_2,blk_4,blk_4,blk_4,block blk file_7,block blk file_7,block blk file_7]","[allocate_4,receiving_28,receiving_28,receiving_28,writing_23,none_22,writing_23,none_22,writing_23,add_3,none_22,add_3,add_3,delete_24,delete_24,delete_24,deleting_34,deleting_34,deleting_34]","[none_4,none_40,none_40,none_40,none_32,none_31,none_32,none_31,none_32,updated_3,none_31,updated_3,updated_3,invalid_34,invalid_34,invalid_34,none_46,none_46,none_46]"
175954,"[1, 7, 1, 1, 3, 4, 3, 4, 2, 2, 3, 4, 2, 8, 8, 9, 6, 6, 6, 5, 5, 5]","[block blk_6,NameSystem_2,block blk_6,block blk_6,blk_4,blk_4,blk_4,blk_4,NameSystem_2,NameSystem_2,blk_4,blk_4,NameSystem_2,/_0,/_0,blk_4,blk_4,blk_4,blk_4,block blk file_7,block blk file_7,block blk file_7]","[receiving_28,allocate_4,receiving_28,receiving_28,none_22,writing_23,none_22,writing_23,add_3,add_3,none_22,writing_23,add_3,serving_0,serving_0,transfer_13,delete_24,delete_24,delete_24,deleting_34,deleting_34,deleting_34]","[none_40,none_4,none_40,none_40,none_31,none_32,none_31,none_32,updated_3,updated_3,none_31,none_32,updated_3,none_0,none_0,exception_21,invalid_34,invalid_34,invalid_34,none_46,none_46,none_46]"
364041,"[1, 7, 1, 1, 3, 4, 3, 4, 3, 4, 2, 2, 2, 6, 6, 6, 5, 5, 5]","[block blk_6,NameSystem_2,block blk_6,block blk_6,blk_4,blk_4,blk_4,blk_4,blk_4,blk_4,NameSystem_2,NameSystem_2,NameSystem_2,blk_4,blk_4,blk_4,block blk file_7,block blk file_7,block blk file_7]","[receiving_28,allocate_4,receiving_28,receiving_28,none_22,writing_23,none_22,writing_23,none_22,writing_23,add_3,add_3,add_3,delete_24,delete_24,delete_24,deleting_34,deleting_34,deleting_34]","[none_40,none_4,none_40,none_40,none_31,none_32,none_31,none_32,none_31,none_32,updated_3,updated_3,updated_3,invalid_34,invalid_34,invalid_34,none_46,none_46,none_46]"
510105,"[1, 1, 7, 1, 4, 3, 4, 2, 2, 3, 3, 4, 2]","[block blk_6,block blk_6,NameSystem_2,block blk_6,blk_4,blk_4,blk_4,NameSystem_2,NameSystem_2,blk_4,blk_4,blk_4,NameSystem_2]","[receiving_28,receiving_28,allocate_4,receiving_28,writing_23,none_22,writing_23,add_3,add_3,none_22,none_22,writing_23,add_3]","[none_40,none_40,none_4,none_40,none_32,none_31,none_32,updated_3,updated_3,none_31,none_31,none_32,updated_3]"
476497,"[1, 1, 7, 1, 3, 4, 3, 4, 3, 4, 2, 2, 2]","[block blk_6,block blk_6,NameSystem_2,block blk_6,blk_4,blk_4,blk_4,blk_4,blk_4,blk_4,NameSystem_2,NameSystem_2,NameSystem_2]","[receiving_28,receiving_28,allocate_4,receiving_28,none_22,writing_23,none_22,writing_23,none_22,writing_23,add_3,add_3,add_3]","[none_40,none_40,none_4,none_40,none_31,none_32,none_31,none_32,none_31,none_32,updated_3,updated_3,updated_3]"
559717,"[1, 1, 7, 1, 3, 4, 3, 4, 3, 4, 2, 2, 2, 6, 6, 6, 5, 5, 5]","[block blk_6,block blk_6,NameSystem_2,block blk_6,blk_4,blk_4,blk_4,blk_4,blk_4,blk_4,NameSystem_2,NameSystem_2,NameSystem_2,blk_4,blk_4,blk_4,block blk file_7,block blk file_7,block blk file_7]","[receiving_28,receiving_28,allocate_4,receiving_28,none_22,writing_23,none_22,writing_23,none_22,writing_23,add_3,add_3,add_3,delete_24,delete_24,delete_24,deleting_34,deleting_34,deleting_34]","[none_40,none_40,none_4,none_40,none_31,none_32,none_31,none_32,none_31,none_32,updated_3,updated_3,updated_3,invalid_34,invalid_34,invalid_34,none_46,none_46,none_46]"
89645,"[7, 1, 1, 1, 2, 2, 3, 4, 3, 4, 2, 3, 4, 8, 9, 8, 9, 8, 8, 9, 8, 8, 6, 6, 6, 5, 5, 5]","[NameSystem_2,block blk_6,block blk_6,block blk_6,NameSystem_2,NameSystem_2,blk_4,blk_4,blk_4,blk_4,NameSystem_2,blk_4,blk_4,/_0,blk_4,/_0,blk_4,/_0,/_0,blk_4,/_0,/_0,blk_4,blk_4,blk_4,block blk file_7,block blk file_7,block blk file_7]","[allocate_4,receiving_28,receiving_28,receiving_28,add_3,add_3,none_22,writing_23,none_22,writing_23,add_3,none_22,writing_23,serving_0,transfer_13,serving_0,transfer_13,serving_0,serving_0,transfer_13,serving_0,serving_0,delete_24,delete_24,delete_24,deleting_34,deleting_34,deleting_34]","[none_4,none_40,none_40,none_40,updated_3,updated_3,none_31,none_32,none_31,none_32,updated_3,none_31,none_32,none_0,exception_21,none_0,exception_21,none_0,none_0,exception_21,none_0,none_0,invalid_34,invalid_34,invalid_34,none_46,none_46,none_46]"
178245,"[1, 1, 1, 7, 3, 4, 3, 4, 3, 4, 2, 2, 2, 6, 6, 6, 5, 5, 5]","[block blk_6,block blk_6,block blk_6,NameSystem_2,blk_4,blk_4,blk_4,blk_4,blk_4,blk_4,NameSystem_2,NameSystem_2,NameSystem_2,blk_4,blk_4,blk_4,block blk file_7,block blk file_7,block blk file_7]","[receiving_28,receiving_28,receiving_28,allocate_4,none_22,writing_23,none_22,writing_23,none_22,writing_23,add_3,add_3,add_3,delete_24,delete_24,delete_24,deleting_34,deleting_34,deleting_34]","[none_40,none_40,none_40,none_4,none_31,none_32,none_31,none_32,none_31,none_32,updated_3,updated_3,updated_3,invalid_34,invalid_34,invalid_34,none_46,none_46,none_46]"
316609,"[1, 7, 1, 1, 3, 4, 2, 3, 4, 3, 4, 2, 2, 6, 6, 6, 5, 5, 5]","[block blk_6,NameSystem_2,block blk_6,block blk_6,blk_4,blk_4,NameSystem_2,blk_4,blk_4,blk_4,blk_4,NameSystem_2,NameSystem_2,blk_4,blk_4,blk_4,block blk file_7,block blk file_7,block blk file_7]","[receiving_28,allocate_4,receiving_28,receiving_28,none_22,writing_23,add_3,none_22,writing_23,none_22,writing_23,add_3,add_3,delete_24,delete_24,delete_24,deleting_34,deleting_34,deleting_34]","[none_40,none_4,none_40,none_40,none_31,none_32,updated_3,none_31,none_32,none_31,none_32,updated_3,updated_3,invalid_34,invalid_34,invalid_34,none_46,none_46,none_46]"
80051,"[7, 1, 1, 1, 3, 4, 3, 4, 3, 4, 2, 2, 2, 10, 8, 9, 8, 8, 8, 9, 8, 9, 8, 8, 8, 9, 6, 6, 6, 5, 5, 5]","[NameSystem_2,block blk_6,block blk_6,block blk_6,blk_4,blk_4,blk_4,blk_4,blk_4,blk_4,NameSystem_2,NameSystem_2,NameSystem_2,blk_4,/_0,blk_4,/_0,/_0,/_0,blk_4,/_0,blk_4,/_0,/_0,/_0,blk_4,blk_4,blk_4,blk_4,block blk file_7,block blk file_7,block blk file_7]","[allocate_4,receiving_28,receiving_28,receiving_28,none_22,writing_23,none_22,writing_23,none_22,writing_23,add_3,add_3,add_3,verification_25,serving_0,transfer_13,serving_0,serving_0,serving_0,transfer_13,serving_0,transfer_13,serving_0,serving_0,serving_0,transfer_13,delete_24,delete_24,delete_24,deleting_34,deleting_34,deleting_34]","[none_4,none_40,none_40,none_40,none_31,none_32,none_31,none_32,none_31,none_32,updated_3,updated_3,updated_3,successful_35,none_0,exception_21,none_0,none_0,none_0,exception_21,none_0,exception_21,none_0,none_0,none_0,exception_21,invalid_34,invalid_34,invalid_34,none_46,none_46,none_46]"
174553,"[1, 1, 7, 1, 3, 4, 3, 4, 2, 2, 3, 4, 2, 9, 8, 8, 6, 6, 6, 5, 5, 5]","[block blk_6,block blk_6,NameSystem_2,block blk_6,blk_4,blk_4,blk_4,blk_4,NameSystem_2,NameSystem_2,blk_4,blk_4,NameSystem_2,blk_4,/_0,/_0,blk_4,blk_4,blk_4,block blk file_7,block blk file_7,block blk file_7]","[receiving_28,receiving_28,allocate_4,receiving_28,none_22,writing_23,none_22,writing_23,add_3,add_3,none_22,writing_23,add_3,transfer_13,serving_0,serving_0,delete_24,delete_24,delete_24,deleting_34,deleting_34,deleting_34]","[none_40,none_40,none_4,none_40,none_31,none_32,none_31,none_32,updated_3,updated_3,none_31,none_32,updated_3,exception_21,none_0,none_0,invalid_34,invalid_34,invalid_34,none_46,none_46,none_46]"
415144,"[1, 7, 1, 1, 3, 4, 3, 4, 3, 4, 2, 2, 2, 6, 6, 6, 5, 5, 5]","[block blk_6,NameSystem_2,block blk_6,block blk_6,blk_4,blk_4,blk_4,blk_4,blk_4,blk_4,NameSystem_2,NameSystem_2,NameSystem_2,blk_4,blk_4,blk_4,block blk file_7,block blk file_7,block blk file_7]","[receiving_28,allocate_4,receiving_28,receiving_28,none_22,writing_23,none_22,writing_23,none_22,writing_23,add_3,add_3,add_3,delete_24,delete_24,delete_24,deleting_34,deleting_34,deleting_34]","[none_40,none_4,none_40,none_40,none_31,none_32,none_31,none_32,none_31,none_32,updated_3,updated_3,updated_3,invalid_34,invalid_34,invalid_34,none_46,none_46,none_46]"
217862,"[7, 1, 1, 1, 3, 4, 3, 4, 3, 4, 2, 2, 2, 6, 6, 6, 5, 5, 5]","[NameSystem_2,block blk_6,block blk_6,block blk_6,blk_4,blk_4,blk_4,blk_4,blk_4,blk_4,NameSystem_2,NameSystem_2,NameSystem_2,blk_4,blk_4,blk_4,block blk file_7,block blk file_7,block blk file_7]","[allocate_4,receiving_28,receiving_28,receiving_28,none_22,writing_23,none_22,writing_23,none_22,writing_23,add_3,add_3,add_3,delete_24,delete_24,delete_24,deleting_34,deleting_34,deleting_34]","[none_4,none_40,none_40,none_40,none_31,none_32,none_31,none_32,none_31,none_32,updated_3,updated_3,updated_3,invalid_34,invalid_34,invalid_34,none_46,none_46,none_46]"
345417,"[1, 1, 7, 1, 3, 4, 3, 4, 3, 4, 2, 2, 2]","[block blk_6,block blk_6,NameSystem_2,block blk_6,blk_4,blk_4,blk_4,blk_4,blk_4,blk_4,NameSystem_2,NameSystem_2,NameSystem_2]","[receiving_28,receiving_28,allocate_4,receiving_28,none_22,writing_23,none_22,writing_23,none_22,writing_23,add_3,add_3,add_3]","[none_40,none_40,none_4,none_40,none_31,none_32,none_31,none_32,none_31,none_32,updated_3,updated_3,updated_3]"
48177,"[7, 1, 1, 1, 2, 2, 2, 3, 4, 3, 4, 3, 4, 6, 6, 6, 5, 5, 5]","[NameSystem_2,block blk_6,block blk_6,block blk_6,NameSystem_2,NameSystem_2,NameSystem_2,blk_4,blk_4,blk_4,blk_4,blk_4,blk_4,blk_4,blk_4,blk_4,block blk file_7,block blk file_7,block blk file_7]","[allocate_4,receiving_28,receiving_28,receiving_28,add_3,add_3,add_3,none_22,writing_23,none_22,writing_23,none_22,writing_23,delete_24,delete_24,delete_24,deleting_34,deleting_34,deleting_34]","[none_4,none_40,none_40,none_40,updated_3,updated_3,updated_3,none_31,none_32,none_31,none_32,none_31,none_32,invalid_34,invalid_34,invalid_34,none_46,none_46,none_46]"
218955,"[1, 1, 1, 7, 3, 4, 3, 4, 3, 4, 2, 2, 2, 6, 6, 6, 5, 5, 5]","[block blk_6,block blk_6,block blk_6,NameSystem_2,blk_4,blk_4,blk_4,blk_4,blk_4,blk_4,NameSystem_2,NameSystem_2,NameSystem_2,blk_4,blk_4,blk_4,block blk file_7,block blk file_7,block blk file_7]","[receiving_28,receiving_28,receiving_28,allocate_4,none_22,writing_23,none_22,writing_23,none_22,writing_23,add_3,add_3,add_3,delete_24,delete_24,delete_24,deleting_34,deleting_34,deleting_34]","[none_40,none_40,none_40,none_4,none_31,none_32,none_31,none_32,none_31,none_32,updated_3,updated_3,updated_3,invalid_34,invalid_34,invalid_34,none_46,none_46,none_46]"
304252,"[1, 1, 7, 1, 3, 4, 2, 3, 4, 3, 4, 2, 2, 6, 6, 6, 5, 5, 5]","[block blk_6,block blk_6,NameSystem_2,block blk_6,blk_4,blk_4,NameSystem_2,blk_4,blk_4,blk_4,blk_4,NameSystem_2,NameSystem_2,blk_4,blk_4,blk_4,block blk file_7,block blk file_7,block blk file_7]","[receiving_28,receiving_28,allocate_4,receiving_28,none_22,writing_23,add_3,none_22,writing_23,none_22,writing_23,add_3,add_3,delete_24,delete_24,delete_24,deleting_34,deleting_34,deleting_34]","[none_40,none_40,none_4,none_40,none_31,none_32,updated_3,none_31,none_32,none_31,none_32,updated_3,updated_3,invalid_34,invalid_34,invalid_34,none_46,none_46,none_46]"
306557,"[1, 1, 1, 7, 3, 4, 3, 4, 3, 4, 2, 2, 2, 6, 6, 6, 5, 5, 5]","[block blk_6,block blk_6,block blk_6,NameSystem_2,blk_4,blk_4,blk_4,blk_4,blk_4,blk_4,NameSystem_2,NameSystem_2,NameSystem_2,blk_4,blk_4,blk_4,block blk file_7,block blk file_7,block blk file_7]","[receiving_28,receiving_28,receiving_28,allocate_4,none_22,writing_23,none_22,writing_23,none_22,writing_23,add_3,add_3,add_3,delete_24,delete_24,delete_24,deleting_34,deleting_34,deleting_34]","[none_40,none_40,none_40,none_4,none_31,none_32,none_31,none_32,none_31,none_32,updated_3,updated_3,updated_3,invalid_34,invalid_34,invalid_34,none_46,none_46,none_46]"
116584,"[7, 1, 1, 1, 2, 2, 2, 3, 4, 3, 4, 3, 4, 9, 9, 9, 9, 9, 9, 9, 9, 9, 9, 9, 9, 9, 9, 9, 8, 10, 6, 6, 6, 5, 5, 5]","[NameSystem_2,block blk_6,block blk_6,block blk_6,NameSystem_2,NameSystem_2,NameSystem_2,blk_4,blk_4,blk_4,blk_4,blk_4,blk_4,blk_4,blk_4,blk_4,blk_4,blk_4,blk_4,blk_4,blk_4,blk_4,blk_4,blk_4,blk_4,blk_4,blk_4,blk_4,/_0,blk_4,blk_4,blk_4,blk_4,block blk file_7,block blk file_7,block blk file_7]","[allocate_4,receiving_28,receiving_28,receiving_28,add_3,add_3,add_3,none_22,writing_23,none_22,writing_23,none_22,writing_23,transfer_13,transfer_13,transfer_13,transfer_13,transfer_13,transfer_13,transfer_13,transfer_13,transfer_13,transfer_13,transfer_13,transfer_13,transfer_13,transfer_13,transfer_13,serving_0,verification_25,delete_24,delete_24,delete_24,deleting_34,deleting_34,deleting_34]","[none_4,none_40,none_40,none_40,updated_3,updated_3,updated_3,none_31,none_32,none_31,none_32,none_31,none_32,exception_21,exception_21,exception_21,exception_21,exception_21,exception_21,exception_21,exception_21,exception_21,exception_21,exception_21,exception_21,exception_21,exception_21,exception_21,none_0,successful_35,invalid_34,invalid_34,invalid_34,none_46,none_46,none_46]"
191345,"[1, 7, 1, 1, 3, 4, 3, 4, 3, 4, 2, 2, 2, 6, 6, 6, 5, 5, 5]","[block blk_6,NameSystem_2,block blk_6,block blk_6,blk_4,blk_4,blk_4,blk_4,blk_4,blk_4,NameSystem_2,NameSystem_2,NameSystem_2,blk_4,blk_4,blk_4,block blk file_7,block blk file_7,block blk file_7]","[receiving_28,allocate_4,receiving_28,receiving_28,none_22,writing_23,none_22,writing_23,none_22,writing_23,add_3,add_3,add_3,delete_24,delete_24,delete_24,deleting_34,deleting_34,deleting_34]","[none_40,none_4,none_40,none_40,none_31,none_32,none_31,none_32,none_31,none_32,updated_3,updated_3,updated_3,invalid_34,invalid_34,invalid_34,none_46,none_46,none_46]"
126866,"[7, 1, 1, 1, 2, 2, 2, 3, 4, 3, 4, 3, 4, 10, 9, 9, 8, 6, 6, 6, 5, 5, 5]","[NameSystem_2,block blk_6,block blk_6,block blk_6,NameSystem_2,NameSystem_2,NameSystem_2,blk_4,blk_4,blk_4,blk_4,blk_4,blk_4,blk_4,blk_4,blk_4,/_0,blk_4,blk_4,blk_4,block blk file_7,block blk file_7,block blk file_7]","[allocate_4,receiving_28,receiving_28,receiving_28,add_3,add_3,add_3,none_22,writing_23,none_22,writing_23,none_22,writing_23,verification_25,transfer_13,transfer_13,serving_0,delete_24,delete_24,delete_24,deleting_34,deleting_34,deleting_34]","[none_4,none_40,none_40,none_40,updated_3,updated_3,updated_3,none_31,none_32,none_31,none_32,none_31,none_32,successful_35,exception_21,exception_21,none_0,invalid_34,invalid_34,invalid_34,none_46,none_46,none_46]"
137985,"[7, 1, 1, 1, 2, 2, 2, 3, 4, 3, 4, 3, 4, 9, 8, 9, 6, 6, 6, 5, 5, 5]","[NameSystem_2,block blk_6,block blk_6,block blk_6,NameSystem_2,NameSystem_2,NameSystem_2,blk_4,blk_4,blk_4,blk_4,blk_4,blk_4,blk_4,/_0,blk_4,blk_4,blk_4,blk_4,block blk file_7,block blk file_7,block blk file_7]","[allocate_4,receiving_28,receiving_28,receiving_28,add_3,add_3,add_3,none_22,writing_23,none_22,writing_23,none_22,writing_23,transfer_13,serving_0,transfer_13,delete_24,delete_24,delete_24,deleting_34,deleting_34,deleting_34]","[none_4,none_40,none_40,none_40,updated_3,updated_3,updated_3,none_31,none_32,none_31,none_32,none_31,none_32,exception_21,none_0,exception_21,invalid_34,invalid_34,invalid_34,none_46,none_46,none_46]"
343932,"[1, 1, 1, 7, 3, 4, 3, 4, 3, 4, 2, 2, 2]","[block blk_6,block blk_6,block blk_6,NameSystem_2,blk_4,blk_4,blk_4,blk_4,blk_4,blk_4,NameSystem_2,NameSystem_2,NameSystem_2]","[receiving_28,receiving_28,receiving_28,allocate_4,none_22,writing_23,none_22,writing_23,none_22,writing_23,add_3,add_3,add_3]","[none_40,none_40,none_40,none_4,none_31,none_32,none_31,none_32,none_31,none_32,updated_3,updated_3,updated_3]"
465891,"[1, 7, 1, 1, 3, 4, 3, 4, 3, 4, 2, 2, 2, 6, 6, 6, 5, 5, 5]","[block blk_6,NameSystem_2,block blk_6,block blk_6,blk_4,blk_4,blk_4,blk_4,blk_4,blk_4,NameSystem_2,NameSystem_2,NameSystem_2,blk_4,blk_4,blk_4,block blk file_7,block blk file_7,block blk file_7]","[receiving_28,allocate_4,receiving_28,receiving_28,none_22,writing_23,none_22,writing_23,none_22,writing_23,add_3,add_3,add_3,delete_24,delete_24,delete_24,deleting_34,deleting_34,deleting_34]","[none_40,none_4,none_40,none_40,none_31,none_32,none_31,none_32,none_31,none_32,updated_3,updated_3,updated_3,invalid_34,invalid_34,invalid_34,none_46,none_46,none_46]"
322660,"[1, 7, 1, 1, 3, 4, 3, 4, 3, 4, 2, 2, 2]","[block blk_6,NameSystem_2,block blk_6,block blk_6,blk_4,blk_4,blk_4,blk_4,blk_4,blk_4,NameSystem_2,NameSystem_2,NameSystem_2]","[receiving_28,allocate_4,receiving_28,receiving_28,none_22,writing_23,none_22,writing_23,none_22,writing_23,add_3,add_3,add_3]","[none_40,none_4,none_40,none_40,none_31,none_32,none_31,none_32,none_31,none_32,updated_3,updated_3,updated_3]"
170201,"[1, 1, 1, 7, 3, 4, 3, 4, 2, 2, 3, 4, 2, 8, 8, 6, 6, 6, 5, 5, 5, 8]","[block blk_6,block blk_6,block blk_6,NameSystem_2,blk_4,blk_4,blk_4,blk_4,NameSystem_2,NameSystem_2,blk_4,blk_4,NameSystem_2,/_0,/_0,blk_4,blk_4,blk_4,block blk file_7,block blk file_7,block blk file_7,/_0]","[receiving_28,receiving_28,receiving_28,allocate_4,none_22,writing_23,none_22,writing_23,add_3,add_3,none_22,writing_23,add_3,serving_0,serving_0,delete_24,delete_24,delete_24,deleting_34,deleting_34,deleting_34,serving_0]","[none_40,none_40,none_40,none_4,none_31,none_32,none_31,none_32,updated_3,updated_3,none_31,none_32,updated_3,none_0,none_0,invalid_34,invalid_34,invalid_34,none_46,none_46,none_46,none_0]"
207495,"[1, 1, 1, 7, 3, 4, 3, 4, 3, 4, 2, 2, 2, 6, 6, 6, 5, 5, 5]","[block blk_6,block blk_6,block blk_6,NameSystem_2,blk_4,blk_4,blk_4,blk_4,blk_4,blk_4,NameSystem_2,NameSystem_2,NameSystem_2,blk_4,blk_4,blk_4,block blk file_7,block blk file_7,block blk file_7]","[receiving_28,receiving_28,receiving_28,allocate_4,none_22,writing_23,none_22,writing_23,none_22,writing_23,add_3,add_3,add_3,delete_24,delete_24,delete_24,deleting_34,deleting_34,deleting_34]","[none_40,none_40,none_40,none_4,none_31,none_32,none_31,none_32,none_31,none_32,updated_3,updated_3,updated_3,invalid_34,invalid_34,invalid_34,none_46,none_46,none_46]"
84506,"[7, 1, 1, 1, 2, 2, 2, 3, 4, 3, 4, 3, 4, 9, 8, 9, 8, 9, 8, 9, 6, 6, 6, 5, 5, 5]","[NameSystem_2,block blk_6,block blk_6,block blk_6,NameSystem_2,NameSystem_2,NameSystem_2,blk_4,blk_4,blk_4,blk_4,blk_4,blk_4,blk_4,/_0,blk_4,/_0,blk_4,/_0,blk_4,blk_4,blk_4,blk_4,block blk file_7,block blk file_7,block blk file_7]","[allocate_4,receiving_28,receiving_28,receiving_28,add_3,add_3,add_3,none_22,writing_23,none_22,writing_23,none_22,writing_23,transfer_13,serving_0,transfer_13,serving_0,transfer_13,serving_0,transfer_13,delete_24,delete_24,delete_24,deleting_34,deleting_34,deleting_34]","[none_4,none_40,none_40,none_40,updated_3,updated_3,updated_3,none_31,none_32,none_31,none_32,none_31,none_32,exception_21,none_0,exception_21,none_0,exception_21,none_0,exception_21,invalid_34,invalid_34,invalid_34,none_46,none_46,none_46]"
484793,"[1, 1, 1, 7, 3, 4, 3, 4, 3, 4, 2, 2, 2]","[block blk_6,block blk_6,block blk_6,NameSystem_2,blk_4,blk_4,blk_4,blk_4,blk_4,blk_4,NameSystem_2,NameSystem_2,NameSystem_2]","[receiving_28,receiving_28,receiving_28,allocate_4,none_22,writing_23,none_22,writing_23,none_22,writing_23,add_3,add_3,add_3]","[none_40,none_40,none_40,none_4,none_31,none_32,none_31,none_32,none_31,none_32,updated_3,updated_3,updated_3]"
95201,"[7, 1, 1, 1, 3, 4, 2, 2, 2, 3, 4, 3, 4, 8, 8, 9, 8, 8, 9, 8, 8, 9, 6, 6, 6, 5, 5, 5]","[NameSystem_2,block blk_6,block blk_6,block blk_6,blk_4,blk_4,NameSystem_2,NameSystem_2,NameSystem_2,blk_4,blk_4,blk_4,blk_4,/_0,/_0,blk_4,/_0,/_0,blk_4,/_0,/_0,blk_4,blk_4,blk_4,blk_4,block blk file_7,block blk file_7,block blk file_7]","[allocate_4,receiving_28,receiving_28,receiving_28,none_22,writing_23,add_3,add_3,add_3,none_22,writing_23,none_22,writing_23,serving_0,serving_0,transfer_13,serving_0,serving_0,transfer_13,serving_0,serving_0,transfer_13,delete_24,delete_24,delete_24,deleting_34,deleting_34,deleting_34]","[none_4,none_40,none_40,none_40,none_31,none_32,updated_3,updated_3,updated_3,none_31,none_32,none_31,none_32,none_0,none_0,exception_21,none_0,none_0,exception_21,none_0,none_0,exception_21,invalid_34,invalid_34,invalid_34,none_46,none_46,none_46]"
59451,"[7, 1, 1, 1, 2, 2, 2, 3, 4, 3, 4, 3, 4, 6, 6, 6, 5, 5, 5]","[NameSystem_2,block blk_6,block blk_6,block blk_6,NameSystem_2,NameSystem_2,NameSystem_2,blk_4,blk_4,blk_4,blk_4,blk_4,blk_4,blk_4,blk_4,blk_4,block blk file_7,block blk file_7,block blk file_7]","[allocate_4,receiving_28,receiving_28,receiving_28,add_3,add_3,add_3,none_22,writing_23,none_22,writing_23,none_22,writing_23,delete_24,delete_24,delete_24,deleting_34,deleting_34,deleting_34]","[none_4,none_40,none_40,none_40,updated_3,updated_3,updated_3,none_31,none_32,none_31,none_32,none_31,none_32,invalid_34,invalid_34,invalid_34,none_46,none_46,none_46]"
54082,"[7, 1, 1, 1, 2, 2, 2, 3, 4, 3, 4, 3, 4, 6, 6, 6, 5, 5, 5]","[NameSystem_2,block blk_6,block blk_6,block blk_6,NameSystem_2,NameSystem_2,NameSystem_2,blk_4,blk_4,blk_4,blk_4,blk_4,blk_4,blk_4,blk_4,blk_4,block blk file_7,block blk file_7,block blk file_7]","[allocate_4,receiving_28,receiving_28,receiving_28,add_3,add_3,add_3,none_22,writing_23,none_22,writing_23,none_22,writing_23,delete_24,delete_24,delete_24,deleting_34,deleting_34,deleting_34]","[none_4,none_40,none_40,none_40,updated_3,updated_3,updated_3,none_31,none_32,none_31,none_32,none_31,none_32,invalid_34,invalid_34,invalid_34,none_46,none_46,none_46]"
16075,"[7, 1, 1, 1, 3, 4, 3, 4, 3, 4, 2, 2, 2, 10, 9, 8, 9, 6, 6, 6, 5, 5, 5]","[NameSystem_2,block blk_6,block blk_6,block blk_6,blk_4,blk_4,blk_4,blk_4,blk_4,blk_4,NameSystem_2,NameSystem_2,NameSystem_2,blk_4,blk_4,/_0,blk_4,blk_4,blk_4,blk_4,block blk file_7,block blk file_7,block blk file_7]","[allocate_4,receiving_28,receiving_28,receiving_28,none_22,writing_23,none_22,writing_23,none_22,writing_23,add_3,add_3,add_3,verification_25,transfer_13,serving_0,transfer_13,delete_24,delete_24,delete_24,deleting_34,deleting_34,deleting_34]","[none_4,none_40,none_40,none_40,none_31,none_32,none_31,none_32,none_31,none_32,updated_3,updated_3,updated_3,successful_35,exception_21,none_0,exception_21,invalid_34,invalid_34,invalid_34,none_46,none_46,none_46]"
438908,"[1, 1, 1, 7, 3, 4, 3, 4, 3, 4, 2, 2, 2, 6, 6, 6, 5, 5, 5]","[block blk_6,block blk_6,block blk_6,NameSystem_2,blk_4,blk_4,blk_4,blk_4,blk_4,blk_4,NameSystem_2,NameSystem_2,NameSystem_2,blk_4,blk_4,blk_4,block blk file_7,block blk file_7,block blk file_7]","[receiving_28,receiving_28,receiving_28,allocate_4,none_22,writing_23,none_22,writing_23,none_22,writing_23,add_3,add_3,add_3,delete_24,delete_24,delete_24,deleting_34,deleting_34,deleting_34]","[none_40,none_40,none_40,none_4,none_31,none_32,none_31,none_32,none_31,none_32,updated_3,updated_3,updated_3,invalid_34,invalid_34,invalid_34,none_46,none_46,none_46]"
245116,"[1, 1, 1, 7, 3, 4, 3, 4, 3, 4, 2, 2, 2, 6, 6, 6, 5, 5, 5]","[block blk_6,block blk_6,block blk_6,NameSystem_2,blk_4,blk_4,blk_4,blk_4,blk_4,blk_4,NameSystem_2,NameSystem_2,NameSystem_2,blk_4,blk_4,blk_4,block blk file_7,block blk file_7,block blk file_7]","[receiving_28,receiving_28,receiving_28,allocate_4,none_22,writing_23,none_22,writing_23,none_22,writing_23,add_3,add_3,add_3,delete_24,delete_24,delete_24,deleting_34,deleting_34,deleting_34]","[none_40,none_40,none_40,none_4,none_31,none_32,none_31,none_32,none_31,none_32,updated_3,updated_3,updated_3,invalid_34,invalid_34,invalid_34,none_46,none_46,none_46]"
199354,"[1, 1, 1, 7, 3, 4, 3, 4, 3, 4, 2, 2, 2, 6, 6, 6, 5, 5, 5]","[block blk_6,block blk_6,block blk_6,NameSystem_2,blk_4,blk_4,blk_4,blk_4,blk_4,blk_4,NameSystem_2,NameSystem_2,NameSystem_2,blk_4,blk_4,blk_4,block blk file_7,block blk file_7,block blk file_7]","[receiving_28,receiving_28,receiving_28,allocate_4,none_22,writing_23,none_22,writing_23,none_22,writing_23,add_3,add_3,add_3,delete_24,delete_24,delete_24,deleting_34,deleting_34,deleting_34]","[none_40,none_40,none_40,none_4,none_31,none_32,none_31,none_32,none_31,none_32,updated_3,updated_3,updated_3,invalid_34,invalid_34,invalid_34,none_46,none_46,none_46]"
351792,"[1, 7, 1, 1, 3, 4, 3, 4, 3, 4, 2, 2, 2]","[block blk_6,NameSystem_2,block blk_6,block blk_6,blk_4,blk_4,blk_4,blk_4,blk_4,blk_4,NameSystem_2,NameSystem_2,NameSystem_2]","[receiving_28,allocate_4,receiving_28,receiving_28,none_22,writing_23,none_22,writing_23,none_22,writing_23,add_3,add_3,add_3]","[none_40,none_4,none_40,none_40,none_31,none_32,none_31,none_32,none_31,none_32,updated_3,updated_3,updated_3]"
71099,"[7, 1, 1, 1, 2, 3, 4, 2, 2, 3, 4, 3, 4, 8, 9, 8, 8, 9, 8, 8, 9, 8, 8, 9, 8, 6, 6, 6, 5, 5, 5]","[NameSystem_2,block blk_6,block blk_6,block blk_6,NameSystem_2,blk_4,blk_4,NameSystem_2,NameSystem_2,blk_4,blk_4,blk_4,blk_4,/_0,blk_4,/_0,/_0,blk_4,/_0,/_0,blk_4,/_0,/_0,blk_4,/_0,blk_4,blk_4,blk_4,block blk file_7,block blk file_7,block blk file_7]","[allocate_4,receiving_28,receiving_28,receiving_28,add_3,none_22,writing_23,add_3,add_3,none_22,writing_23,none_22,writing_23,serving_0,transfer_13,serving_0,serving_0,transfer_13,serving_0,serving_0,transfer_13,serving_0,serving_0,transfer_13,serving_0,delete_24,delete_24,delete_24,deleting_34,deleting_34,deleting_34]","[none_4,none_40,none_40,none_40,updated_3,none_31,none_32,updated_3,updated_3,none_31,none_32,none_31,none_32,none_0,exception_21,none_0,none_0,exception_21,none_0,none_0,exception_21,none_0,none_0,exception_21,none_0,invalid_34,invalid_34,invalid_34,none_46,none_46,none_46]"
305829,"[1, 7, 1, 1, 3, 4, 3, 4, 3, 4, 2, 2, 2, 6, 6, 6, 5, 5, 5]","[block blk_6,NameSystem_2,block blk_6,block blk_6,blk_4,blk_4,blk_4,blk_4,blk_4,blk_4,NameSystem_2,NameSystem_2,NameSystem_2,blk_4,blk_4,blk_4,block blk file_7,block blk file_7,block blk file_7]","[receiving_28,allocate_4,receiving_28,receiving_28,none_22,writing_23,none_22,writing_23,none_22,writing_23,add_3,add_3,add_3,delete_24,delete_24,delete_24,deleting_34,deleting_34,deleting_34]","[none_40,none_4,none_40,none_40,none_31,none_32,none_31,none_32,none_31,none_32,updated_3,updated_3,updated_3,invalid_34,invalid_34,invalid_34,none_46,none_46,none_46]"
247597,"[1, 7, 1, 1, 3, 4, 3, 4, 2, 2, 3, 4, 2, 6, 6, 6, 5, 5, 5]","[block blk_6,NameSystem_2,block blk_6,block blk_6,blk_4,blk_4,blk_4,blk_4,NameSystem_2,NameSystem_2,blk_4,blk_4,NameSystem_2,blk_4,blk_4,blk_4,block blk file_7,block blk file_7,block blk file_7]","[receiving_28,allocate_4,receiving_28,receiving_28,none_22,writing_23,none_22,writing_23,add_3,add_3,none_22,writing_23,add_3,delete_24,delete_24,delete_24,deleting_34,deleting_34,deleting_34]","[none_40,none_4,none_40,none_40,none_31,none_32,none_31,none_32,updated_3,updated_3,none_31,none_32,updated_3,invalid_34,invalid_34,invalid_34,none_46,none_46,none_46]"
491728,"[1, 1, 1, 7, 3, 4, 3, 4, 2, 2, 3, 4, 2]","[block blk_6,block blk_6,block blk_6,NameSystem_2,blk_4,blk_4,blk_4,blk_4,NameSystem_2,NameSystem_2,blk_4,blk_4,NameSystem_2]","[receiving_28,receiving_28,receiving_28,allocate_4,none_22,writing_23,none_22,writing_23,add_3,add_3,none_22,writing_23,add_3]","[none_40,none_40,none_40,none_4,none_31,none_32,none_31,none_32,updated_3,updated_3,none_31,none_32,updated_3]"
567676,"[1, 7, 2, 1, 3, 4, 1, 3, 4, 3, 4, 2, 2, 6, 6, 6, 5, 5, 5]","[block blk_6,NameSystem_2,NameSystem_2,block blk_6,blk_4,blk_4,block blk_6,blk_4,blk_4,blk_4,blk_4,NameSystem_2,NameSystem_2,blk_4,blk_4,blk_4,block blk file_7,block blk file_7,block blk file_7]","[receiving_28,allocate_4,add_3,receiving_28,none_22,writing_23,receiving_28,none_22,writing_23,none_22,writing_23,add_3,add_3,delete_24,delete_24,delete_24,deleting_34,deleting_34,deleting_34]","[none_40,none_4,updated_3,none_40,none_31,none_32,none_40,none_31,none_32,none_31,none_32,updated_3,updated_3,invalid_34,invalid_34,invalid_34,none_46,none_46,none_46]"
443387,"[1, 1, 1, 7, 3, 4, 3, 4, 3, 4, 2, 2, 2, 10, 6, 6, 6, 5, 5, 5]","[block blk_6,block blk_6,block blk_6,NameSystem_2,blk_4,blk_4,blk_4,blk_4,blk_4,blk_4,NameSystem_2,NameSystem_2,NameSystem_2,blk_4,blk_4,blk_4,blk_4,block blk file_7,block blk file_7,block blk file_7]","[receiving_28,receiving_28,receiving_28,allocate_4,none_22,writing_23,none_22,writing_23,none_22,writing_23,add_3,add_3,add_3,verification_25,delete_24,delete_24,delete_24,deleting_34,deleting_34,deleting_34]","[none_40,none_40,none_40,none_4,none_31,none_32,none_31,none_32,none_31,none_32,updated_3,updated_3,updated_3,successful_35,invalid_34,invalid_34,invalid_34,none_46,none_46,none_46]"
20935,"[1, 7, 1, 1, 4, 3, 4, 2, 3, 3, 4, 2, 2, 9, 8, 9, 6, 6, 6, 5, 5, 5]","[block blk_6,NameSystem_2,block blk_6,block blk_6,blk_4,blk_4,blk_4,NameSystem_2,blk_4,blk_4,blk_4,NameSystem_2,NameSystem_2,blk_4,/_0,blk_4,blk_4,blk_4,blk_4,block blk file_7,block blk file_7,block blk file_7]","[receiving_28,allocate_4,receiving_28,receiving_28,writing_23,none_22,writing_23,add_3,none_22,none_22,writing_23,add_3,add_3,transfer_13,serving_0,transfer_13,delete_24,delete_24,delete_24,deleting_34,deleting_34,deleting_34]","[none_40,none_4,none_40,none_40,none_32,none_31,none_32,updated_3,none_31,none_31,none_32,updated_3,updated_3,exception_21,none_0,exception_21,invalid_34,invalid_34,invalid_34,none_46,none_46,none_46]"
189824,"[1, 7, 1, 1, 3, 4, 3, 4, 3, 4, 2, 2, 2, 6, 6, 6, 5, 5, 5]","[block blk_6,NameSystem_2,block blk_6,block blk_6,blk_4,blk_4,blk_4,blk_4,blk_4,blk_4,NameSystem_2,NameSystem_2,NameSystem_2,blk_4,blk_4,blk_4,block blk file_7,block blk file_7,block blk file_7]","[receiving_28,allocate_4,receiving_28,receiving_28,none_22,writing_23,none_22,writing_23,none_22,writing_23,add_3,add_3,add_3,delete_24,delete_24,delete_24,deleting_34,deleting_34,deleting_34]","[none_40,none_4,none_40,none_40,none_31,none_32,none_31,none_32,none_31,none_32,updated_3,updated_3,updated_3,invalid_34,invalid_34,invalid_34,none_46,none_46,none_46]"
569286,"[1, 1, 1, 7, 3, 4, 2, 3, 4, 2, 3, 4, 2, 6, 6, 6, 5, 5, 5]","[block blk_6,block blk_6,block blk_6,NameSystem_2,blk_4,blk_4,NameSystem_2,blk_4,blk_4,NameSystem_2,blk_4,blk_4,NameSystem_2,blk_4,blk_4,blk_4,block blk file_7,block blk file_7,block blk file_7]","[receiving_28,receiving_28,receiving_28,allocate_4,none_22,writing_23,add_3,none_22,writing_23,add_3,none_22,writing_23,add_3,delete_24,delete_24,delete_24,deleting_34,deleting_34,deleting_34]","[none_40,none_40,none_40,none_4,none_31,none_32,updated_3,none_31,none_32,updated_3,none_31,none_32,updated_3,invalid_34,invalid_34,invalid_34,none_46,none_46,none_46]"
188217,"[1, 1, 1, 7, 3, 4, 3, 4, 3, 4, 2, 2, 2, 6, 6, 6, 5, 5, 5]","[block blk_6,block blk_6,block blk_6,NameSystem_2,blk_4,blk_4,blk_4,blk_4,blk_4,blk_4,NameSystem_2,NameSystem_2,NameSystem_2,blk_4,blk_4,blk_4,block blk file_7,block blk file_7,block blk file_7]","[receiving_28,receiving_28,receiving_28,allocate_4,none_22,writing_23,none_22,writing_23,none_22,writing_23,add_3,add_3,add_3,delete_24,delete_24,delete_24,deleting_34,deleting_34,deleting_34]","[none_40,none_40,none_40,none_4,none_31,none_32,none_31,none_32,none_31,none_32,updated_3,updated_3,updated_3,invalid_34,invalid_34,invalid_34,none_46,none_46,none_46]"
93751,"[7, 1, 1, 1, 2, 2, 2, 3, 4, 3, 4, 3, 4, 10, 8, 8, 9, 8, 8, 9, 8, 8, 9, 6, 6, 6, 5, 5, 5]","[NameSystem_2,block blk_6,block blk_6,block blk_6,NameSystem_2,NameSystem_2,NameSystem_2,blk_4,blk_4,blk_4,blk_4,blk_4,blk_4,blk_4,/_0,/_0,blk_4,/_0,/_0,blk_4,/_0,/_0,blk_4,blk_4,blk_4,blk_4,block blk file_7,block blk file_7,block blk file_7]","[allocate_4,receiving_28,receiving_28,receiving_28,add_3,add_3,add_3,none_22,writing_23,none_22,writing_23,none_22,writing_23,verification_25,serving_0,serving_0,transfer_13,serving_0,serving_0,transfer_13,serving_0,serving_0,transfer_13,delete_24,delete_24,delete_24,deleting_34,deleting_34,deleting_34]","[none_4,none_40,none_40,none_40,updated_3,updated_3,updated_3,none_31,none_32,none_31,none_32,none_31,none_32,successful_35,none_0,none_0,exception_21,none_0,none_0,exception_21,none_0,none_0,exception_21,invalid_34,invalid_34,invalid_34,none_46,none_46,none_46]"
142962,"[1, 1, 1, 7, 3, 4, 3, 4, 3, 4, 2, 2, 2, 10, 9, 9, 9, 8, 9, 6, 6, 6, 5, 5, 5]","[block blk_6,block blk_6,block blk_6,NameSystem_2,blk_4,blk_4,blk_4,blk_4,blk_4,blk_4,NameSystem_2,NameSystem_2,NameSystem_2,blk_4,blk_4,blk_4,blk_4,/_0,blk_4,blk_4,blk_4,blk_4,block blk file_7,block blk file_7,block blk file_7]","[receiving_28,receiving_28,receiving_28,allocate_4,none_22,writing_23,none_22,writing_23,none_22,writing_23,add_3,add_3,add_3,verification_25,transfer_13,transfer_13,transfer_13,serving_0,transfer_13,delete_24,delete_24,delete_24,deleting_34,deleting_34,deleting_34]","[none_40,none_40,none_40,none_4,none_31,none_32,none_31,none_32,none_31,none_32,updated_3,updated_3,updated_3,successful_35,exception_21,exception_21,exception_21,none_0,exception_21,invalid_34,invalid_34,invalid_34,none_46,none_46,none_46]"
210662,"[1, 1, 1, 7, 3, 4, 3, 4, 3, 4, 2, 2, 2, 6, 6, 6, 5, 5, 5]","[block blk_6,block blk_6,block blk_6,NameSystem_2,blk_4,blk_4,blk_4,blk_4,blk_4,blk_4,NameSystem_2,NameSystem_2,NameSystem_2,blk_4,blk_4,blk_4,block blk file_7,block blk file_7,block blk file_7]","[receiving_28,receiving_28,receiving_28,allocate_4,none_22,writing_23,none_22,writing_23,none_22,writing_23,add_3,add_3,add_3,delete_24,delete_24,delete_24,deleting_34,deleting_34,deleting_34]","[none_40,none_40,none_40,none_4,none_31,none_32,none_31,none_32,none_31,none_32,updated_3,updated_3,updated_3,invalid_34,invalid_34,invalid_34,none_46,none_46,none_46]"
103245,"[7, 1, 1, 1, 2, 2, 2, 3, 4, 3, 4, 3, 4, 8, 9, 8, 8, 9, 8, 8, 9, 8, 6, 6, 6, 5, 5, 5]","[NameSystem_2,block blk_6,block blk_6,block blk_6,NameSystem_2,NameSystem_2,NameSystem_2,blk_4,blk_4,blk_4,blk_4,blk_4,blk_4,/_0,blk_4,/_0,/_0,blk_4,/_0,/_0,blk_4,/_0,blk_4,blk_4,blk_4,block blk file_7,block blk file_7,block blk file_7]","[allocate_4,receiving_28,receiving_28,receiving_28,add_3,add_3,add_3,none_22,writing_23,none_22,writing_23,none_22,writing_23,serving_0,transfer_13,serving_0,serving_0,transfer_13,serving_0,serving_0,transfer_13,serving_0,delete_24,delete_24,delete_24,deleting_34,deleting_34,deleting_34]","[none_4,none_40,none_40,none_40,updated_3,updated_3,updated_3,none_31,none_32,none_31,none_32,none_31,none_32,none_0,exception_21,none_0,none_0,exception_21,none_0,none_0,exception_21,none_0,invalid_34,invalid_34,invalid_34,none_46,none_46,none_46]"
257953,"[1, 1, 1, 7, 3, 4, 3, 4, 3, 4, 2, 2, 2, 6, 6, 6, 5, 5, 5]","[block blk_6,block blk_6,block blk_6,NameSystem_2,blk_4,blk_4,blk_4,blk_4,blk_4,blk_4,NameSystem_2,NameSystem_2,NameSystem_2,blk_4,blk_4,blk_4,block blk file_7,block blk file_7,block blk file_7]","[receiving_28,receiving_28,receiving_28,allocate_4,none_22,writing_23,none_22,writing_23,none_22,writing_23,add_3,add_3,add_3,delete_24,delete_24,delete_24,deleting_34,deleting_34,deleting_34]","[none_40,none_40,none_40,none_4,none_31,none_32,none_31,none_32,none_31,none_32,updated_3,updated_3,updated_3,invalid_34,invalid_34,invalid_34,none_46,none_46,none_46]"
143702,"[1, 1, 1, 7, 3, 4, 3, 4, 3, 4, 2, 2, 2, 6, 6, 6, 5, 5, 5]","[block blk_6,block blk_6,block blk_6,NameSystem_2,blk_4,blk_4,blk_4,blk_4,blk_4,blk_4,NameSystem_2,NameSystem_2,NameSystem_2,blk_4,blk_4,blk_4,block blk file_7,block blk file_7,block blk file_7]","[receiving_28,receiving_28,receiving_28,allocate_4,none_22,writing_23,none_22,writing_23,none_22,writing_23,add_3,add_3,add_3,delete_24,delete_24,delete_24,deleting_34,deleting_34,deleting_34]","[none_40,none_40,none_40,none_4,none_31,none_32,none_31,none_32,none_31,none_32,updated_3,updated_3,updated_3,invalid_34,invalid_34,invalid_34,none_46,none_46,none_46]"
397279,"[1, 1, 1, 7, 3, 4, 3, 4, 3, 4, 2, 2, 2, 6, 6, 6, 5, 5, 5]","[block blk_6,block blk_6,block blk_6,NameSystem_2,blk_4,blk_4,blk_4,blk_4,blk_4,blk_4,NameSystem_2,NameSystem_2,NameSystem_2,blk_4,blk_4,blk_4,block blk file_7,block blk file_7,block blk file_7]","[receiving_28,receiving_28,receiving_28,allocate_4,none_22,writing_23,none_22,writing_23,none_22,writing_23,add_3,add_3,add_3,delete_24,delete_24,delete_24,deleting_34,deleting_34,deleting_34]","[none_40,none_40,none_40,none_4,none_31,none_32,none_31,none_32,none_31,none_32,updated_3,updated_3,updated_3,invalid_34,invalid_34,invalid_34,none_46,none_46,none_46]"
505802,"[1, 1, 1, 7, 3, 4, 3, 4, 3, 4, 2, 2, 2]","[block blk_6,block blk_6,block blk_6,NameSystem_2,blk_4,blk_4,blk_4,blk_4,blk_4,blk_4,NameSystem_2,NameSystem_2,NameSystem_2]","[receiving_28,receiving_28,receiving_28,allocate_4,none_22,writing_23,none_22,writing_23,none_22,writing_23,add_3,add_3,add_3]","[none_40,none_40,none_40,none_4,none_31,none_32,none_31,none_32,none_31,none_32,updated_3,updated_3,updated_3]"
66801,"[7, 1, 1, 1, 2, 2, 2, 3, 4, 3, 4, 3, 4, 6, 6, 6, 5, 5, 5]","[NameSystem_2,block blk_6,block blk_6,block blk_6,NameSystem_2,NameSystem_2,NameSystem_2,blk_4,blk_4,blk_4,blk_4,blk_4,blk_4,blk_4,blk_4,blk_4,block blk file_7,block blk file_7,block blk file_7]","[allocate_4,receiving_28,receiving_28,receiving_28,add_3,add_3,add_3,none_22,writing_23,none_22,writing_23,none_22,writing_23,delete_24,delete_24,delete_24,deleting_34,deleting_34,deleting_34]","[none_4,none_40,none_40,none_40,updated_3,updated_3,updated_3,none_31,none_32,none_31,none_32,none_31,none_32,invalid_34,invalid_34,invalid_34,none_46,none_46,none_46]"
360597,"[1, 1, 7, 1, 3, 4, 3, 4, 2, 3, 4, 2, 2, 6, 6, 6, 5, 5, 5]","[block blk_6,block blk_6,NameSystem_2,block blk_6,blk_4,blk_4,blk_4,blk_4,NameSystem_2,blk_4,blk_4,NameSystem_2,NameSystem_2,blk_4,blk_4,blk_4,block blk file_7,block blk file_7,block blk file_7]","[receiving_28,receiving_28,allocate_4,receiving_28,none_22,writing_23,none_22,writing_23,add_3,none_22,writing_23,add_3,add_3,delete_24,delete_24,delete_24,deleting_34,deleting_34,deleting_34]","[none_40,none_40,none_4,none_40,none_31,none_32,none_31,none_32,updated_3,none_31,none_32,updated_3,updated_3,invalid_34,invalid_34,invalid_34,none_46,none_46,none_46]"
509988,"[1, 1, 7, 1, 3, 4, 3, 4, 3, 4, 2, 2, 2]","[block blk_6,block blk_6,NameSystem_2,block blk_6,blk_4,blk_4,blk_4,blk_4,blk_4,blk_4,NameSystem_2,NameSystem_2,NameSystem_2]","[receiving_28,receiving_28,allocate_4,receiving_28,none_22,writing_23,none_22,writing_23,none_22,writing_23,add_3,add_3,add_3]","[none_40,none_40,none_4,none_40,none_31,none_32,none_31,none_32,none_31,none_32,updated_3,updated_3,updated_3]"
15016,"[1, 1, 7, 1, 3, 4, 3, 4, 2, 2, 3, 4, 2, 9, 8, 9, 6, 6, 6, 5, 5, 5]","[block blk_6,block blk_6,NameSystem_2,block blk_6,blk_4,blk_4,blk_4,blk_4,NameSystem_2,NameSystem_2,blk_4,blk_4,NameSystem_2,blk_4,/_0,blk_4,blk_4,blk_4,blk_4,block blk file_7,block blk file_7,block blk file_7]","[receiving_28,receiving_28,allocate_4,receiving_28,none_22,writing_23,none_22,writing_23,add_3,add_3,none_22,writing_23,add_3,transfer_13,serving_0,transfer_13,delete_24,delete_24,delete_24,deleting_34,deleting_34,deleting_34]","[none_40,none_40,none_4,none_40,none_31,none_32,none_31,none_32,updated_3,updated_3,none_31,none_32,updated_3,exception_21,none_0,exception_21,invalid_34,invalid_34,invalid_34,none_46,none_46,none_46]"
263860,"[1, 1, 1, 7, 3, 4, 3, 4, 3, 4, 2, 2, 2, 6, 6, 6, 5, 5, 5]","[block blk_6,block blk_6,block blk_6,NameSystem_2,blk_4,blk_4,blk_4,blk_4,blk_4,blk_4,NameSystem_2,NameSystem_2,NameSystem_2,blk_4,blk_4,blk_4,block blk file_7,block blk file_7,block blk file_7]","[receiving_28,receiving_28,receiving_28,allocate_4,none_22,writing_23,none_22,writing_23,none_22,writing_23,add_3,add_3,add_3,delete_24,delete_24,delete_24,deleting_34,deleting_34,deleting_34]","[none_40,none_40,none_40,none_4,none_31,none_32,none_31,none_32,none_31,none_32,updated_3,updated_3,updated_3,invalid_34,invalid_34,invalid_34,none_46,none_46,none_46]"
521393,"[1, 1, 1, 7, 3, 4, 3, 4, 3, 4, 2, 2, 2]","[block blk_6,block blk_6,block blk_6,NameSystem_2,blk_4,blk_4,blk_4,blk_4,blk_4,blk_4,NameSystem_2,NameSystem_2,NameSystem_2]","[receiving_28,receiving_28,receiving_28,allocate_4,none_22,writing_23,none_22,writing_23,none_22,writing_23,add_3,add_3,add_3]","[none_40,none_40,none_40,none_4,none_31,none_32,none_31,none_32,none_31,none_32,updated_3,updated_3,updated_3]"
26491,"[1, 1, 1, 7, 3, 4, 3, 4, 3, 4, 2, 2, 2, 9, 9, 8, 10, 6, 6, 6, 5, 5, 5]","[block blk_6,block blk_6,block blk_6,NameSystem_2,blk_4,blk_4,blk_4,blk_4,blk_4,blk_4,NameSystem_2,NameSystem_2,NameSystem_2,blk_4,blk_4,/_0,blk_4,blk_4,blk_4,blk_4,block blk file_7,block blk file_7,block blk file_7]","[receiving_28,receiving_28,receiving_28,allocate_4,none_22,writing_23,none_22,writing_23,none_22,writing_23,add_3,add_3,add_3,transfer_13,transfer_13,serving_0,verification_25,delete_24,delete_24,delete_24,deleting_34,deleting_34,deleting_34]","[none_40,none_40,none_40,none_4,none_31,none_32,none_31,none_32,none_31,none_32,updated_3,updated_3,updated_3,exception_21,exception_21,none_0,successful_35,invalid_34,invalid_34,invalid_34,none_46,none_46,none_46]"
50183,"[7, 1, 1, 1, 2, 2, 2, 3, 4, 3, 4, 3, 4, 10, 6, 6, 6, 5, 5, 5]","[NameSystem_2,block blk_6,block blk_6,block blk_6,NameSystem_2,NameSystem_2,NameSystem_2,blk_4,blk_4,blk_4,blk_4,blk_4,blk_4,blk_4,blk_4,blk_4,blk_4,block blk file_7,block blk file_7,block blk file_7]","[allocate_4,receiving_28,receiving_28,receiving_28,add_3,add_3,add_3,none_22,writing_23,none_22,writing_23,none_22,writing_23,verification_25,delete_24,delete_24,delete_24,deleting_34,deleting_34,deleting_34]","[none_4,none_40,none_40,none_40,updated_3,updated_3,updated_3,none_31,none_32,none_31,none_32,none_31,none_32,successful_35,invalid_34,invalid_34,invalid_34,none_46,none_46,none_46]"
79649,"[7, 1, 1, 1, 2, 2, 3, 4, 3, 4, 3, 4, 2, 8, 8, 9, 8, 8, 9, 8, 8, 9, 8, 8, 9, 6, 6, 6, 5, 5, 5]","[NameSystem_2,block blk_6,block blk_6,block blk_6,NameSystem_2,NameSystem_2,blk_4,blk_4,blk_4,blk_4,blk_4,blk_4,NameSystem_2,/_0,/_0,blk_4,/_0,/_0,blk_4,/_0,/_0,blk_4,/_0,/_0,blk_4,blk_4,blk_4,blk_4,block blk file_7,block blk file_7,block blk file_7]","[allocate_4,receiving_28,receiving_28,receiving_28,add_3,add_3,none_22,writing_23,none_22,writing_23,none_22,writing_23,add_3,serving_0,serving_0,transfer_13,serving_0,serving_0,transfer_13,serving_0,serving_0,transfer_13,serving_0,serving_0,transfer_13,delete_24,delete_24,delete_24,deleting_34,deleting_34,deleting_34]","[none_4,none_40,none_40,none_40,updated_3,updated_3,none_31,none_32,none_31,none_32,none_31,none_32,updated_3,none_0,none_0,exception_21,none_0,none_0,exception_21,none_0,none_0,exception_21,none_0,none_0,exception_21,invalid_34,invalid_34,invalid_34,none_46,none_46,none_46]"
144335,"[1, 1, 1, 7, 3, 4, 3, 4, 3, 4, 2, 2, 2, 8, 8, 8, 8, 6, 6, 6, 5, 5, 5]","[block blk_6,block blk_6,block blk_6,NameSystem_2,blk_4,blk_4,blk_4,blk_4,blk_4,blk_4,NameSystem_2,NameSystem_2,NameSystem_2,/_0,/_0,/_0,/_0,blk_4,blk_4,blk_4,block blk file_7,block blk file_7,block blk file_7]","[receiving_28,receiving_28,receiving_28,allocate_4,none_22,writing_23,none_22,writing_23,none_22,writing_23,add_3,add_3,add_3,serving_0,serving_0,serving_0,serving_0,delete_24,delete_24,delete_24,deleting_34,deleting_34,deleting_34]","[none_40,none_40,none_40,none_4,none_31,none_32,none_31,none_32,none_31,none_32,updated_3,updated_3,updated_3,none_0,none_0,none_0,none_0,invalid_34,invalid_34,invalid_34,none_46,none_46,none_46]"
530656,"[1, 1, 7, 1, 3, 4, 3, 4, 3, 4, 2, 2, 2]","[block blk_6,block blk_6,NameSystem_2,block blk_6,blk_4,blk_4,blk_4,blk_4,blk_4,blk_4,NameSystem_2,NameSystem_2,NameSystem_2]","[receiving_28,receiving_28,allocate_4,receiving_28,none_22,writing_23,none_22,writing_23,none_22,writing_23,add_3,add_3,add_3]","[none_40,none_40,none_4,none_40,none_31,none_32,none_31,none_32,none_31,none_32,updated_3,updated_3,updated_3]"
312326,"[1, 1, 1, 7, 3, 4, 3, 4, 2, 3, 4, 2, 2, 6, 6, 6, 5, 5, 5]","[block blk_6,block blk_6,block blk_6,NameSystem_2,blk_4,blk_4,blk_4,blk_4,NameSystem_2,blk_4,blk_4,NameSystem_2,NameSystem_2,blk_4,blk_4,blk_4,block blk file_7,block blk file_7,block blk file_7]","[receiving_28,receiving_28,receiving_28,allocate_4,none_22,writing_23,none_22,writing_23,add_3,none_22,writing_23,add_3,add_3,delete_24,delete_24,delete_24,deleting_34,deleting_34,deleting_34]","[none_40,none_40,none_40,none_4,none_31,none_32,none_31,none_32,updated_3,none_31,none_32,updated_3,updated_3,invalid_34,invalid_34,invalid_34,none_46,none_46,none_46]"
375234,"[1, 1, 7, 1, 3, 4, 3, 4, 3, 4, 2, 2, 2, 6, 6, 6, 5, 5, 5]","[block blk_6,block blk_6,NameSystem_2,block blk_6,blk_4,blk_4,blk_4,blk_4,blk_4,blk_4,NameSystem_2,NameSystem_2,NameSystem_2,blk_4,blk_4,blk_4,block blk file_7,block blk file_7,block blk file_7]","[receiving_28,receiving_28,allocate_4,receiving_28,none_22,writing_23,none_22,writing_23,none_22,writing_23,add_3,add_3,add_3,delete_24,delete_24,delete_24,deleting_34,deleting_34,deleting_34]","[none_40,none_40,none_4,none_40,none_31,none_32,none_31,none_32,none_31,none_32,updated_3,updated_3,updated_3,invalid_34,invalid_34,invalid_34,none_46,none_46,none_46]"
499740,"[1, 1, 1, 7, 3, 4, 3, 4, 2, 2, 3, 4, 2]","[block blk_6,block blk_6,block blk_6,NameSystem_2,blk_4,blk_4,blk_4,blk_4,NameSystem_2,NameSystem_2,blk_4,blk_4,NameSystem_2]","[receiving_28,receiving_28,receiving_28,allocate_4,none_22,writing_23,none_22,writing_23,add_3,add_3,none_22,writing_23,add_3]","[none_40,none_40,none_40,none_4,none_31,none_32,none_31,none_32,updated_3,updated_3,none_31,none_32,updated_3]"
20311,"[1, 1, 1, 7, 3, 4, 3, 4, 3, 4, 2, 2, 2, 9, 8, 9, 6, 6, 6, 5, 5, 5]","[block blk_6,block blk_6,block blk_6,NameSystem_2,blk_4,blk_4,blk_4,blk_4,blk_4,blk_4,NameSystem_2,NameSystem_2,NameSystem_2,blk_4,/_0,blk_4,blk_4,blk_4,blk_4,block blk file_7,block blk file_7,block blk file_7]","[receiving_28,receiving_28,receiving_28,allocate_4,none_22,writing_23,none_22,writing_23,none_22,writing_23,add_3,add_3,add_3,transfer_13,serving_0,transfer_13,delete_24,delete_24,delete_24,deleting_34,deleting_34,deleting_34]","[none_40,none_40,none_40,none_4,none_31,none_32,none_31,none_32,none_31,none_32,updated_3,updated_3,updated_3,exception_21,none_0,exception_21,invalid_34,invalid_34,invalid_34,none_46,none_46,none_46]"
189792,"[1, 1, 1, 7, 3, 4, 3, 4, 3, 4, 2, 2, 2, 6, 6, 6, 5, 5, 5]","[block blk_6,block blk_6,block blk_6,NameSystem_2,blk_4,blk_4,blk_4,blk_4,blk_4,blk_4,NameSystem_2,NameSystem_2,NameSystem_2,blk_4,blk_4,blk_4,block blk file_7,block blk file_7,block blk file_7]","[receiving_28,receiving_28,receiving_28,allocate_4,none_22,writing_23,none_22,writing_23,none_22,writing_23,add_3,add_3,add_3,delete_24,delete_24,delete_24,deleting_34,deleting_34,deleting_34]","[none_40,none_40,none_40,none_4,none_31,none_32,none_31,none_32,none_31,none_32,updated_3,updated_3,updated_3,invalid_34,invalid_34,invalid_34,none_46,none_46,none_46]"
35018,"[1, 1, 7, 1, 3, 4, 3, 4, 3, 4, 2, 2, 2, 6, 6, 6, 5, 5, 5]","[block blk_6,block blk_6,NameSystem_2,block blk_6,blk_4,blk_4,blk_4,blk_4,blk_4,blk_4,NameSystem_2,NameSystem_2,NameSystem_2,blk_4,blk_4,blk_4,block blk file_7,block blk file_7,block blk file_7]","[receiving_28,receiving_28,allocate_4,receiving_28,none_22,writing_23,none_22,writing_23,none_22,writing_23,add_3,add_3,add_3,delete_24,delete_24,delete_24,deleting_34,deleting_34,deleting_34]","[none_40,none_40,none_4,none_40,none_31,none_32,none_31,none_32,none_31,none_32,updated_3,updated_3,updated_3,invalid_34,invalid_34,invalid_34,none_46,none_46,none_46]"
338446,"[1, 1, 1, 7, 3, 4, 3, 4, 3, 4, 2, 2, 2]","[block blk_6,block blk_6,block blk_6,NameSystem_2,blk_4,blk_4,blk_4,blk_4,blk_4,blk_4,NameSystem_2,NameSystem_2,NameSystem_2]","[receiving_28,receiving_28,receiving_28,allocate_4,none_22,writing_23,none_22,writing_23,none_22,writing_23,add_3,add_3,add_3]","[none_40,none_40,none_40,none_4,none_31,none_32,none_31,none_32,none_31,none_32,updated_3,updated_3,updated_3]"
101016,"[7, 1, 1, 1, 2, 2, 2, 3, 4, 3, 4, 3, 4, 8, 8, 9, 8, 9, 8, 8, 9, 8, 6, 6, 6, 5, 5, 5]","[NameSystem_2,block blk_6,block blk_6,block blk_6,NameSystem_2,NameSystem_2,NameSystem_2,blk_4,blk_4,blk_4,blk_4,blk_4,blk_4,/_0,/_0,blk_4,/_0,blk_4,/_0,/_0,blk_4,/_0,blk_4,blk_4,blk_4,block blk file_7,block blk file_7,block blk file_7]","[allocate_4,receiving_28,receiving_28,receiving_28,add_3,add_3,add_3,none_22,writing_23,none_22,writing_23,none_22,writing_23,serving_0,serving_0,transfer_13,serving_0,transfer_13,serving_0,serving_0,transfer_13,serving_0,delete_24,delete_24,delete_24,deleting_34,deleting_34,deleting_34]","[none_4,none_40,none_40,none_40,updated_3,updated_3,updated_3,none_31,none_32,none_31,none_32,none_31,none_32,none_0,none_0,exception_21,none_0,exception_21,none_0,none_0,exception_21,none_0,invalid_34,invalid_34,invalid_34,none_46,none_46,none_46]"
343012,"[1, 1, 1, 7, 3, 4, 3, 4, 3, 4, 2, 2, 2]","[block blk_6,block blk_6,block blk_6,NameSystem_2,blk_4,blk_4,blk_4,blk_4,blk_4,blk_4,NameSystem_2,NameSystem_2,NameSystem_2]","[receiving_28,receiving_28,receiving_28,allocate_4,none_22,writing_23,none_22,writing_23,none_22,writing_23,add_3,add_3,add_3]","[none_40,none_40,none_40,none_4,none_31,none_32,none_31,none_32,none_31,none_32,updated_3,updated_3,updated_3]"
339803,"[1, 1, 1, 7, 3, 4, 2, 3, 4, 3, 4, 2, 2]","[block blk_6,block blk_6,block blk_6,NameSystem_2,blk_4,blk_4,NameSystem_2,blk_4,blk_4,blk_4,blk_4,NameSystem_2,NameSystem_2]","[receiving_28,receiving_28,receiving_28,allocate_4,none_22,writing_23,add_3,none_22,writing_23,none_22,writing_23,add_3,add_3]","[none_40,none_40,none_40,none_4,none_31,none_32,updated_3,none_31,none_32,none_31,none_32,updated_3,updated_3]"
254253,"[1, 1, 1, 7, 3, 4, 3, 4, 2, 3, 4, 2, 2, 10, 6, 6, 6, 5, 5, 5]","[block blk_6,block blk_6,block blk_6,NameSystem_2,blk_4,blk_4,blk_4,blk_4,NameSystem_2,blk_4,blk_4,NameSystem_2,NameSystem_2,blk_4,blk_4,blk_4,blk_4,block blk file_7,block blk file_7,block blk file_7]","[receiving_28,receiving_28,receiving_28,allocate_4,none_22,writing_23,none_22,writing_23,add_3,none_22,writing_23,add_3,add_3,verification_25,delete_24,delete_24,delete_24,deleting_34,deleting_34,deleting_34]","[none_40,none_40,none_40,none_4,none_31,none_32,none_31,none_32,updated_3,none_31,none_32,updated_3,updated_3,successful_35,invalid_34,invalid_34,invalid_34,none_46,none_46,none_46]"
105268,"[7, 1, 1, 1, 2, 2, 3, 4, 3, 4, 3, 4, 2, 9, 8, 9, 8, 9, 8, 6, 6, 6, 5, 5, 5]","[NameSystem_2,block blk_6,block blk_6,block blk_6,NameSystem_2,NameSystem_2,blk_4,blk_4,blk_4,blk_4,blk_4,blk_4,NameSystem_2,blk_4,/_0,blk_4,/_0,blk_4,/_0,blk_4,blk_4,blk_4,block blk file_7,block blk file_7,block blk file_7]","[allocate_4,receiving_28,receiving_28,receiving_28,add_3,add_3,none_22,writing_23,none_22,writing_23,none_22,writing_23,add_3,transfer_13,serving_0,transfer_13,serving_0,transfer_13,serving_0,delete_24,delete_24,delete_24,deleting_34,deleting_34,deleting_34]","[none_4,none_40,none_40,none_40,updated_3,updated_3,none_31,none_32,none_31,none_32,none_31,none_32,updated_3,exception_21,none_0,exception_21,none_0,exception_21,none_0,invalid_34,invalid_34,invalid_34,none_46,none_46,none_46]"
154672,"[1, 7, 1, 1, 3, 4, 3, 4, 3, 4, 2, 2, 2, 10, 8, 8, 9, 8, 9, 8, 6, 6, 6, 5, 5, 5]","[block blk_6,NameSystem_2,block blk_6,block blk_6,blk_4,blk_4,blk_4,blk_4,blk_4,blk_4,NameSystem_2,NameSystem_2,NameSystem_2,blk_4,/_0,/_0,blk_4,/_0,blk_4,/_0,blk_4,blk_4,blk_4,block blk file_7,block blk file_7,block blk file_7]","[receiving_28,allocate_4,receiving_28,receiving_28,none_22,writing_23,none_22,writing_23,none_22,writing_23,add_3,add_3,add_3,verification_25,serving_0,serving_0,transfer_13,serving_0,transfer_13,serving_0,delete_24,delete_24,delete_24,deleting_34,deleting_34,deleting_34]","[none_40,none_4,none_40,none_40,none_31,none_32,none_31,none_32,none_31,none_32,updated_3,updated_3,updated_3,successful_35,none_0,none_0,exception_21,none_0,exception_21,none_0,invalid_34,invalid_34,invalid_34,none_46,none_46,none_46]"
296852,"[1, 7, 1, 1, 3, 4, 3, 4, 3, 4, 2, 2, 2, 6, 6, 6, 5, 5, 5]","[block blk_6,NameSystem_2,block blk_6,block blk_6,blk_4,blk_4,blk_4,blk_4,blk_4,blk_4,NameSystem_2,NameSystem_2,NameSystem_2,blk_4,blk_4,blk_4,block blk file_7,block blk file_7,block blk file_7]","[receiving_28,allocate_4,receiving_28,receiving_28,none_22,writing_23,none_22,writing_23,none_22,writing_23,add_3,add_3,add_3,delete_24,delete_24,delete_24,deleting_34,deleting_34,deleting_34]","[none_40,none_4,none_40,none_40,none_31,none_32,none_31,none_32,none_31,none_32,updated_3,updated_3,updated_3,invalid_34,invalid_34,invalid_34,none_46,none_46,none_46]"
478110,"[1, 7, 1, 1, 3, 4, 3, 4, 2, 2, 2, 3, 4]","[block blk_6,NameSystem_2,block blk_6,block blk_6,blk_4,blk_4,blk_4,blk_4,NameSystem_2,NameSystem_2,NameSystem_2,blk_4,blk_4]","[receiving_28,allocate_4,receiving_28,receiving_28,none_22,writing_23,none_22,writing_23,add_3,add_3,add_3,none_22,writing_23]","[none_40,none_4,none_40,none_40,none_31,none_32,none_31,none_32,updated_3,updated_3,updated_3,none_31,none_32]"
557269,"[1, 1, 7, 1, 3, 4, 3, 4, 2, 2, 3, 4, 2, 6, 6, 6, 5, 5, 5]","[block blk_6,block blk_6,NameSystem_2,block blk_6,blk_4,blk_4,blk_4,blk_4,NameSystem_2,NameSystem_2,blk_4,blk_4,NameSystem_2,blk_4,blk_4,blk_4,block blk file_7,block blk file_7,block blk file_7]","[receiving_28,receiving_28,allocate_4,receiving_28,none_22,writing_23,none_22,writing_23,add_3,add_3,none_22,writing_23,add_3,delete_24,delete_24,delete_24,deleting_34,deleting_34,deleting_34]","[none_40,none_40,none_4,none_40,none_31,none_32,none_31,none_32,updated_3,updated_3,none_31,none_32,updated_3,invalid_34,invalid_34,invalid_34,none_46,none_46,none_46]"
302498,"[1, 1, 1, 7, 3, 4, 3, 4, 3, 4, 2, 2, 2, 6, 6, 6, 5, 5, 5]","[block blk_6,block blk_6,block blk_6,NameSystem_2,blk_4,blk_4,blk_4,blk_4,blk_4,blk_4,NameSystem_2,NameSystem_2,NameSystem_2,blk_4,blk_4,blk_4,block blk file_7,block blk file_7,block blk file_7]","[receiving_28,receiving_28,receiving_28,allocate_4,none_22,writing_23,none_22,writing_23,none_22,writing_23,add_3,add_3,add_3,delete_24,delete_24,delete_24,deleting_34,deleting_34,deleting_34]","[none_40,none_40,none_40,none_4,none_31,none_32,none_31,none_32,none_31,none_32,updated_3,updated_3,updated_3,invalid_34,invalid_34,invalid_34,none_46,none_46,none_46]"
202482,"[1, 1, 7, 1, 3, 4, 3, 4, 3, 4, 2, 2, 2, 10, 6, 6, 6, 5, 5, 5]","[block blk_6,block blk_6,NameSystem_2,block blk_6,blk_4,blk_4,blk_4,blk_4,blk_4,blk_4,NameSystem_2,NameSystem_2,NameSystem_2,blk_4,blk_4,blk_4,blk_4,block blk file_7,block blk file_7,block blk file_7]","[receiving_28,receiving_28,allocate_4,receiving_28,none_22,writing_23,none_22,writing_23,none_22,writing_23,add_3,add_3,add_3,verification_25,delete_24,delete_24,delete_24,deleting_34,deleting_34,deleting_34]","[none_40,none_40,none_4,none_40,none_31,none_32,none_31,none_32,none_31,none_32,updated_3,updated_3,updated_3,successful_35,invalid_34,invalid_34,invalid_34,none_46,none_46,none_46]"
354010,"[1, 1, 7, 1, 3, 4, 3, 4, 2, 2, 3, 4, 2]","[block blk_6,block blk_6,NameSystem_2,block blk_6,blk_4,blk_4,blk_4,blk_4,NameSystem_2,NameSystem_2,blk_4,blk_4,NameSystem_2]","[receiving_28,receiving_28,allocate_4,receiving_28,none_22,writing_23,none_22,writing_23,add_3,add_3,none_22,writing_23,add_3]","[none_40,none_40,none_4,none_40,none_31,none_32,none_31,none_32,updated_3,updated_3,none_31,none_32,updated_3]"
260528,"[7, 1, 1, 1, 3, 4, 3, 4, 3, 4, 2, 2, 2, 10, 10, 6, 6, 6, 5, 5, 5]","[NameSystem_2,block blk_6,block blk_6,block blk_6,blk_4,blk_4,blk_4,blk_4,blk_4,blk_4,NameSystem_2,NameSystem_2,NameSystem_2,blk_4,blk_4,blk_4,blk_4,blk_4,block blk file_7,block blk file_7,block blk file_7]","[allocate_4,receiving_28,receiving_28,receiving_28,none_22,writing_23,none_22,writing_23,none_22,writing_23,add_3,add_3,add_3,verification_25,verification_25,delete_24,delete_24,delete_24,deleting_34,deleting_34,deleting_34]","[none_4,none_40,none_40,none_40,none_31,none_32,none_31,none_32,none_31,none_32,updated_3,updated_3,updated_3,successful_35,successful_35,invalid_34,invalid_34,invalid_34,none_46,none_46,none_46]"
436046,"[1, 7, 1, 1, 3, 4, 3, 4, 3, 4, 2, 2, 2, 6, 6, 6, 5, 5, 5]","[block blk_6,NameSystem_2,block blk_6,block blk_6,blk_4,blk_4,blk_4,blk_4,blk_4,blk_4,NameSystem_2,NameSystem_2,NameSystem_2,blk_4,blk_4,blk_4,block blk file_7,block blk file_7,block blk file_7]","[receiving_28,allocate_4,receiving_28,receiving_28,none_22,writing_23,none_22,writing_23,none_22,writing_23,add_3,add_3,add_3,delete_24,delete_24,delete_24,deleting_34,deleting_34,deleting_34]","[none_40,none_4,none_40,none_40,none_31,none_32,none_31,none_32,none_31,none_32,updated_3,updated_3,updated_3,invalid_34,invalid_34,invalid_34,none_46,none_46,none_46]"
400647,"[1, 1, 7, 1, 2, 3, 4, 3, 4, 3, 4, 2, 2, 6, 6, 6, 5, 5, 5]","[block blk_6,block blk_6,NameSystem_2,block blk_6,NameSystem_2,blk_4,blk_4,blk_4,blk_4,blk_4,blk_4,NameSystem_2,NameSystem_2,blk_4,blk_4,blk_4,block blk file_7,block blk file_7,block blk file_7]","[receiving_28,receiving_28,allocate_4,receiving_28,add_3,none_22,writing_23,none_22,writing_23,none_22,writing_23,add_3,add_3,delete_24,delete_24,delete_24,deleting_34,deleting_34,deleting_34]","[none_40,none_40,none_4,none_40,updated_3,none_31,none_32,none_31,none_32,none_31,none_32,updated_3,updated_3,invalid_34,invalid_34,invalid_34,none_46,none_46,none_46]"
434427,"[1, 1, 7, 1, 3, 4, 3, 4, 2, 2, 3, 4, 2, 6, 6, 6, 5, 5, 5]","[block blk_6,block blk_6,NameSystem_2,block blk_6,blk_4,blk_4,blk_4,blk_4,NameSystem_2,NameSystem_2,blk_4,blk_4,NameSystem_2,blk_4,blk_4,blk_4,block blk file_7,block blk file_7,block blk file_7]","[receiving_28,receiving_28,allocate_4,receiving_28,none_22,writing_23,none_22,writing_23,add_3,add_3,none_22,writing_23,add_3,delete_24,delete_24,delete_24,deleting_34,deleting_34,deleting_34]","[none_40,none_40,none_4,none_40,none_31,none_32,none_31,none_32,updated_3,updated_3,none_31,none_32,updated_3,invalid_34,invalid_34,invalid_34,none_46,none_46,none_46]"
504129,"[1, 1, 1, 7, 3, 4, 3, 4, 3, 4, 2, 2, 2]","[block blk_6,block blk_6,block blk_6,NameSystem_2,blk_4,blk_4,blk_4,blk_4,blk_4,blk_4,NameSystem_2,NameSystem_2,NameSystem_2]","[receiving_28,receiving_28,receiving_28,allocate_4,none_22,writing_23,none_22,writing_23,none_22,writing_23,add_3,add_3,add_3]","[none_40,none_40,none_40,none_4,none_31,none_32,none_31,none_32,none_31,none_32,updated_3,updated_3,updated_3]"
139127,"[1, 7, 1, 1, 2, 4, 3, 4, 2, 2, 3, 4, 3, 9, 8, 9, 6, 6, 6, 5, 5, 5]","[block blk_6,NameSystem_2,block blk_6,block blk_6,NameSystem_2,blk_4,blk_4,blk_4,NameSystem_2,NameSystem_2,blk_4,blk_4,blk_4,blk_4,/_0,blk_4,blk_4,blk_4,blk_4,block blk file_7,block blk file_7,block blk file_7]","[receiving_28,allocate_4,receiving_28,receiving_28,add_3,writing_23,none_22,writing_23,add_3,add_3,none_22,writing_23,none_22,transfer_13,serving_0,transfer_13,delete_24,delete_24,delete_24,deleting_34,deleting_34,deleting_34]","[none_40,none_4,none_40,none_40,updated_3,none_32,none_31,none_32,updated_3,updated_3,none_31,none_32,none_31,exception_21,none_0,exception_21,invalid_34,invalid_34,invalid_34,none_46,none_46,none_46]"
180103,"[1, 1, 1, 7, 3, 4, 3, 4, 3, 4, 2, 2, 2, 6, 6, 6, 5, 5, 5]","[block blk_6,block blk_6,block blk_6,NameSystem_2,blk_4,blk_4,blk_4,blk_4,blk_4,blk_4,NameSystem_2,NameSystem_2,NameSystem_2,blk_4,blk_4,blk_4,block blk file_7,block blk file_7,block blk file_7]","[receiving_28,receiving_28,receiving_28,allocate_4,none_22,writing_23,none_22,writing_23,none_22,writing_23,add_3,add_3,add_3,delete_24,delete_24,delete_24,deleting_34,deleting_34,deleting_34]","[none_40,none_40,none_40,none_4,none_31,none_32,none_31,none_32,none_31,none_32,updated_3,updated_3,updated_3,invalid_34,invalid_34,invalid_34,none_46,none_46,none_46]"
230866,"[1, 1, 7, 1, 3, 4, 3, 4, 3, 4, 2, 2, 2, 6, 6, 6, 5, 5, 5]","[block blk_6,block blk_6,NameSystem_2,block blk_6,blk_4,blk_4,blk_4,blk_4,blk_4,blk_4,NameSystem_2,NameSystem_2,NameSystem_2,blk_4,blk_4,blk_4,block blk file_7,block blk file_7,block blk file_7]","[receiving_28,receiving_28,allocate_4,receiving_28,none_22,writing_23,none_22,writing_23,none_22,writing_23,add_3,add_3,add_3,delete_24,delete_24,delete_24,deleting_34,deleting_34,deleting_34]","[none_40,none_40,none_4,none_40,none_31,none_32,none_31,none_32,none_31,none_32,updated_3,updated_3,updated_3,invalid_34,invalid_34,invalid_34,none_46,none_46,none_46]"
482329,"[1, 1, 7, 1, 3, 4, 3, 4, 3, 4, 2, 2, 2]","[block blk_6,block blk_6,NameSystem_2,block blk_6,blk_4,blk_4,blk_4,blk_4,blk_4,blk_4,NameSystem_2,NameSystem_2,NameSystem_2]","[receiving_28,receiving_28,allocate_4,receiving_28,none_22,writing_23,none_22,writing_23,none_22,writing_23,add_3,add_3,add_3]","[none_40,none_40,none_4,none_40,none_31,none_32,none_31,none_32,none_31,none_32,updated_3,updated_3,updated_3]"
447994,"[1, 7, 1, 1, 3, 4, 3, 4, 3, 4, 2, 2, 2, 6, 6, 6, 5, 5, 5]","[block blk_6,NameSystem_2,block blk_6,block blk_6,blk_4,blk_4,blk_4,blk_4,blk_4,blk_4,NameSystem_2,NameSystem_2,NameSystem_2,blk_4,blk_4,blk_4,block blk file_7,block blk file_7,block blk file_7]","[receiving_28,allocate_4,receiving_28,receiving_28,none_22,writing_23,none_22,writing_23,none_22,writing_23,add_3,add_3,add_3,delete_24,delete_24,delete_24,deleting_34,deleting_34,deleting_34]","[none_40,none_4,none_40,none_40,none_31,none_32,none_31,none_32,none_31,none_32,updated_3,updated_3,updated_3,invalid_34,invalid_34,invalid_34,none_46,none_46,none_46]"
190085,"[1, 1, 7, 1, 3, 4, 3, 4, 3, 4, 2, 2, 2, 6, 6, 6, 5, 5, 5]","[block blk_6,block blk_6,NameSystem_2,block blk_6,blk_4,blk_4,blk_4,blk_4,blk_4,blk_4,NameSystem_2,NameSystem_2,NameSystem_2,blk_4,blk_4,blk_4,block blk file_7,block blk file_7,block blk file_7]","[receiving_28,receiving_28,allocate_4,receiving_28,none_22,writing_23,none_22,writing_23,none_22,writing_23,add_3,add_3,add_3,delete_24,delete_24,delete_24,deleting_34,deleting_34,deleting_34]","[none_40,none_40,none_4,none_40,none_31,none_32,none_31,none_32,none_31,none_32,updated_3,updated_3,updated_3,invalid_34,invalid_34,invalid_34,none_46,none_46,none_46]"
28075,"[1, 7, 1, 1, 3, 4, 3, 4, 3, 4, 2, 2, 2, 10, 9, 9, 8, 6, 6, 6, 5, 5, 5]","[block blk_6,NameSystem_2,block blk_6,block blk_6,blk_4,blk_4,blk_4,blk_4,blk_4,blk_4,NameSystem_2,NameSystem_2,NameSystem_2,blk_4,blk_4,blk_4,/_0,blk_4,blk_4,blk_4,block blk file_7,block blk file_7,block blk file_7]","[receiving_28,allocate_4,receiving_28,receiving_28,none_22,writing_23,none_22,writing_23,none_22,writing_23,add_3,add_3,add_3,verification_25,transfer_13,transfer_13,serving_0,delete_24,delete_24,delete_24,deleting_34,deleting_34,deleting_34]","[none_40,none_4,none_40,none_40,none_31,none_32,none_31,none_32,none_31,none_32,updated_3,updated_3,updated_3,successful_35,exception_21,exception_21,none_0,invalid_34,invalid_34,invalid_34,none_46,none_46,none_46]"
291578,"[1, 1, 1, 7, 3, 4, 3, 4, 3, 4, 2, 2, 2, 6, 6, 6, 5, 5, 5]","[block blk_6,block blk_6,block blk_6,NameSystem_2,blk_4,blk_4,blk_4,blk_4,blk_4,blk_4,NameSystem_2,NameSystem_2,NameSystem_2,blk_4,blk_4,blk_4,block blk file_7,block blk file_7,block blk file_7]","[receiving_28,receiving_28,receiving_28,allocate_4,none_22,writing_23,none_22,writing_23,none_22,writing_23,add_3,add_3,add_3,delete_24,delete_24,delete_24,deleting_34,deleting_34,deleting_34]","[none_40,none_40,none_40,none_4,none_31,none_32,none_31,none_32,none_31,none_32,updated_3,updated_3,updated_3,invalid_34,invalid_34,invalid_34,none_46,none_46,none_46]"
566669,"[1, 1, 1, 7, 3, 4, 3, 4, 2, 2, 2, 3, 4, 6, 6, 6, 5, 5, 5]","[block blk_6,block blk_6,block blk_6,NameSystem_2,blk_4,blk_4,blk_4,blk_4,NameSystem_2,NameSystem_2,NameSystem_2,blk_4,blk_4,blk_4,blk_4,blk_4,block blk file_7,block blk file_7,block blk file_7]","[receiving_28,receiving_28,receiving_28,allocate_4,none_22,writing_23,none_22,writing_23,add_3,add_3,add_3,none_22,writing_23,delete_24,delete_24,delete_24,deleting_34,deleting_34,deleting_34]","[none_40,none_40,none_40,none_4,none_31,none_32,none_31,none_32,updated_3,updated_3,updated_3,none_31,none_32,invalid_34,invalid_34,invalid_34,none_46,none_46,none_46]"
558977,"[7, 1, 1, 1, 3, 4, 3, 4, 3, 4, 2, 2, 2, 6, 6, 6, 5, 5, 5]","[NameSystem_2,block blk_6,block blk_6,block blk_6,blk_4,blk_4,blk_4,blk_4,blk_4,blk_4,NameSystem_2,NameSystem_2,NameSystem_2,blk_4,blk_4,blk_4,block blk file_7,block blk file_7,block blk file_7]","[allocate_4,receiving_28,receiving_28,receiving_28,none_22,writing_23,none_22,writing_23,none_22,writing_23,add_3,add_3,add_3,delete_24,delete_24,delete_24,deleting_34,deleting_34,deleting_34]","[none_4,none_40,none_40,none_40,none_31,none_32,none_31,none_32,none_31,none_32,updated_3,updated_3,updated_3,invalid_34,invalid_34,invalid_34,none_46,none_46,none_46]"
399879,"[7, 1, 1, 1, 4, 3, 3, 4, 3, 4, 2, 2, 2, 6, 6, 6, 5, 5, 5]","[NameSystem_2,block blk_6,block blk_6,block blk_6,blk_4,blk_4,blk_4,blk_4,blk_4,blk_4,NameSystem_2,NameSystem_2,NameSystem_2,blk_4,blk_4,blk_4,block blk file_7,block blk file_7,block blk file_7]","[allocate_4,receiving_28,receiving_28,receiving_28,writing_23,none_22,none_22,writing_23,none_22,writing_23,add_3,add_3,add_3,delete_24,delete_24,delete_24,deleting_34,deleting_34,deleting_34]","[none_4,none_40,none_40,none_40,none_32,none_31,none_31,none_32,none_31,none_32,updated_3,updated_3,updated_3,invalid_34,invalid_34,invalid_34,none_46,none_46,none_46]"
266918,"[1, 1, 7, 1, 3, 4, 3, 4, 3, 4, 2, 2, 2, 6, 6, 6, 5, 5, 5]","[block blk_6,block blk_6,NameSystem_2,block blk_6,blk_4,blk_4,blk_4,blk_4,blk_4,blk_4,NameSystem_2,NameSystem_2,NameSystem_2,blk_4,blk_4,blk_4,block blk file_7,block blk file_7,block blk file_7]","[receiving_28,receiving_28,allocate_4,receiving_28,none_22,writing_23,none_22,writing_23,none_22,writing_23,add_3,add_3,add_3,delete_24,delete_24,delete_24,deleting_34,deleting_34,deleting_34]","[none_40,none_40,none_4,none_40,none_31,none_32,none_31,none_32,none_31,none_32,updated_3,updated_3,updated_3,invalid_34,invalid_34,invalid_34,none_46,none_46,none_46]"
561385,"[1, 1, 1, 7, 3, 4, 3, 4, 3, 4, 2, 2, 2, 6, 6, 6, 5, 5, 5]","[block blk_6,block blk_6,block blk_6,NameSystem_2,blk_4,blk_4,blk_4,blk_4,blk_4,blk_4,NameSystem_2,NameSystem_2,NameSystem_2,blk_4,blk_4,blk_4,block blk file_7,block blk file_7,block blk file_7]","[receiving_28,receiving_28,receiving_28,allocate_4,none_22,writing_23,none_22,writing_23,none_22,writing_23,add_3,add_3,add_3,delete_24,delete_24,delete_24,deleting_34,deleting_34,deleting_34]","[none_40,none_40,none_40,none_4,none_31,none_32,none_31,none_32,none_31,none_32,updated_3,updated_3,updated_3,invalid_34,invalid_34,invalid_34,none_46,none_46,none_46]"
516314,"[1, 1, 1, 7, 3, 4, 3, 4, 3, 4, 2, 2, 2]","[block blk_6,block blk_6,block blk_6,NameSystem_2,blk_4,blk_4,blk_4,blk_4,blk_4,blk_4,NameSystem_2,NameSystem_2,NameSystem_2]","[receiving_28,receiving_28,receiving_28,allocate_4,none_22,writing_23,none_22,writing_23,none_22,writing_23,add_3,add_3,add_3]","[none_40,none_40,none_40,none_4,none_31,none_32,none_31,none_32,none_31,none_32,updated_3,updated_3,updated_3]"
559316,"[7, 1, 1, 1, 3, 4, 3, 4, 2, 3, 4, 2, 2, 6, 6, 6, 5, 5, 5]","[NameSystem_2,block blk_6,block blk_6,block blk_6,blk_4,blk_4,blk_4,blk_4,NameSystem_2,blk_4,blk_4,NameSystem_2,NameSystem_2,blk_4,blk_4,blk_4,block blk file_7,block blk file_7,block blk file_7]","[allocate_4,receiving_28,receiving_28,receiving_28,none_22,writing_23,none_22,writing_23,add_3,none_22,writing_23,add_3,add_3,delete_24,delete_24,delete_24,deleting_34,deleting_34,deleting_34]","[none_4,none_40,none_40,none_40,none_31,none_32,none_31,none_32,updated_3,none_31,none_32,updated_3,updated_3,invalid_34,invalid_34,invalid_34,none_46,none_46,none_46]"
521465,"[1, 1, 1, 7, 3, 4, 3, 4, 3, 4, 2, 2, 2]","[block blk_6,block blk_6,block blk_6,NameSystem_2,blk_4,blk_4,blk_4,blk_4,blk_4,blk_4,NameSystem_2,NameSystem_2,NameSystem_2]","[receiving_28,receiving_28,receiving_28,allocate_4,none_22,writing_23,none_22,writing_23,none_22,writing_23,add_3,add_3,add_3]","[none_40,none_40,none_40,none_4,none_31,none_32,none_31,none_32,none_31,none_32,updated_3,updated_3,updated_3]"
447658,"[1, 1, 1, 7, 3, 4, 2, 3, 4, 3, 4, 2, 2, 6, 6, 6, 5, 5, 5]","[block blk_6,block blk_6,block blk_6,NameSystem_2,blk_4,blk_4,NameSystem_2,blk_4,blk_4,blk_4,blk_4,NameSystem_2,NameSystem_2,blk_4,blk_4,blk_4,block blk file_7,block blk file_7,block blk file_7]","[receiving_28,receiving_28,receiving_28,allocate_4,none_22,writing_23,add_3,none_22,writing_23,none_22,writing_23,add_3,add_3,delete_24,delete_24,delete_24,deleting_34,deleting_34,deleting_34]","[none_40,none_40,none_40,none_4,none_31,none_32,updated_3,none_31,none_32,none_31,none_32,updated_3,updated_3,invalid_34,invalid_34,invalid_34,none_46,none_46,none_46]"
482411,"[1, 1, 1, 7, 3, 4, 3, 4, 2, 2, 3, 4, 2]","[block blk_6,block blk_6,block blk_6,NameSystem_2,blk_4,blk_4,blk_4,blk_4,NameSystem_2,NameSystem_2,blk_4,blk_4,NameSystem_2]","[receiving_28,receiving_28,receiving_28,allocate_4,none_22,writing_23,none_22,writing_23,add_3,add_3,none_22,writing_23,add_3]","[none_40,none_40,none_40,none_4,none_31,none_32,none_31,none_32,updated_3,updated_3,none_31,none_32,updated_3]"
111852,"[7, 1, 1, 1, 2, 2, 2, 3, 4, 3, 4, 3, 4, 10, 10, 10, 9, 9, 8, 6, 6, 6, 5, 5, 5]","[NameSystem_2,block blk_6,block blk_6,block blk_6,NameSystem_2,NameSystem_2,NameSystem_2,blk_4,blk_4,blk_4,blk_4,blk_4,blk_4,blk_4,blk_4,blk_4,blk_4,blk_4,/_0,blk_4,blk_4,blk_4,block blk file_7,block blk file_7,block blk file_7]","[allocate_4,receiving_28,receiving_28,receiving_28,add_3,add_3,add_3,none_22,writing_23,none_22,writing_23,none_22,writing_23,verification_25,verification_25,verification_25,transfer_13,transfer_13,serving_0,delete_24,delete_24,delete_24,deleting_34,deleting_34,deleting_34]","[none_4,none_40,none_40,none_40,updated_3,updated_3,updated_3,none_31,none_32,none_31,none_32,none_31,none_32,successful_35,successful_35,successful_35,exception_21,exception_21,none_0,invalid_34,invalid_34,invalid_34,none_46,none_46,none_46]"
445394,"[1, 1, 7, 1, 3, 4, 3, 4, 3, 4, 2, 2, 2, 6, 6, 6, 5, 5, 5]","[block blk_6,block blk_6,NameSystem_2,block blk_6,blk_4,blk_4,blk_4,blk_4,blk_4,blk_4,NameSystem_2,NameSystem_2,NameSystem_2,blk_4,blk_4,blk_4,block blk file_7,block blk file_7,block blk file_7]","[receiving_28,receiving_28,allocate_4,receiving_28,none_22,writing_23,none_22,writing_23,none_22,writing_23,add_3,add_3,add_3,delete_24,delete_24,delete_24,deleting_34,deleting_34,deleting_34]","[none_40,none_40,none_4,none_40,none_31,none_32,none_31,none_32,none_31,none_32,updated_3,updated_3,updated_3,invalid_34,invalid_34,invalid_34,none_46,none_46,none_46]"
519790,"[1, 1, 1, 7, 3, 4, 3, 4, 2, 2, 3, 4, 2]","[block blk_6,block blk_6,block blk_6,NameSystem_2,blk_4,blk_4,blk_4,blk_4,NameSystem_2,NameSystem_2,blk_4,blk_4,NameSystem_2]","[receiving_28,receiving_28,receiving_28,allocate_4,none_22,writing_23,none_22,writing_23,add_3,add_3,none_22,writing_23,add_3]","[none_40,none_40,none_40,none_4,none_31,none_32,none_31,none_32,updated_3,updated_3,none_31,none_32,updated_3]"
335528,"[1, 1, 1, 7, 3, 4, 3, 4, 3, 4, 2, 2, 2]","[block blk_6,block blk_6,block blk_6,NameSystem_2,blk_4,blk_4,blk_4,blk_4,blk_4,blk_4,NameSystem_2,NameSystem_2,NameSystem_2]","[receiving_28,receiving_28,receiving_28,allocate_4,none_22,writing_23,none_22,writing_23,none_22,writing_23,add_3,add_3,add_3]","[none_40,none_40,none_40,none_4,none_31,none_32,none_31,none_32,none_31,none_32,updated_3,updated_3,updated_3]"
532903,"[1, 1, 1, 7, 3, 4, 2, 3, 4, 3, 4, 2, 2]","[block blk_6,block blk_6,block blk_6,NameSystem_2,blk_4,blk_4,NameSystem_2,blk_4,blk_4,blk_4,blk_4,NameSystem_2,NameSystem_2]","[receiving_28,receiving_28,receiving_28,allocate_4,none_22,writing_23,add_3,none_22,writing_23,none_22,writing_23,add_3,add_3]","[none_40,none_40,none_40,none_4,none_31,none_32,updated_3,none_31,none_32,none_31,none_32,updated_3,updated_3]"
365360,"[1, 1, 1, 7, 3, 4, 3, 4, 3, 4, 2, 2, 2, 6, 6, 6, 5, 5, 5]","[block blk_6,block blk_6,block blk_6,NameSystem_2,blk_4,blk_4,blk_4,blk_4,blk_4,blk_4,NameSystem_2,NameSystem_2,NameSystem_2,blk_4,blk_4,blk_4,block blk file_7,block blk file_7,block blk file_7]","[receiving_28,receiving_28,receiving_28,allocate_4,none_22,writing_23,none_22,writing_23,none_22,writing_23,add_3,add_3,add_3,delete_24,delete_24,delete_24,deleting_34,deleting_34,deleting_34]","[none_40,none_40,none_40,none_4,none_31,none_32,none_31,none_32,none_31,none_32,updated_3,updated_3,updated_3,invalid_34,invalid_34,invalid_34,none_46,none_46,none_46]"
405369,"[1, 1, 1, 7, 3, 4, 3, 4, 3, 4, 2, 2, 2, 6, 6, 6, 5, 5, 5]","[block blk_6,block blk_6,block blk_6,NameSystem_2,blk_4,blk_4,blk_4,blk_4,blk_4,blk_4,NameSystem_2,NameSystem_2,NameSystem_2,blk_4,blk_4,blk_4,block blk file_7,block blk file_7,block blk file_7]","[receiving_28,receiving_28,receiving_28,allocate_4,none_22,writing_23,none_22,writing_23,none_22,writing_23,add_3,add_3,add_3,delete_24,delete_24,delete_24,deleting_34,deleting_34,deleting_34]","[none_40,none_40,none_40,none_4,none_31,none_32,none_31,none_32,none_31,none_32,updated_3,updated_3,updated_3,invalid_34,invalid_34,invalid_34,none_46,none_46,none_46]"
428679,"[1, 1, 7, 1, 3, 4, 3, 4, 3, 4, 2, 2, 2, 6, 6, 6, 5, 5, 5]","[block blk_6,block blk_6,NameSystem_2,block blk_6,blk_4,blk_4,blk_4,blk_4,blk_4,blk_4,NameSystem_2,NameSystem_2,NameSystem_2,blk_4,blk_4,blk_4,block blk file_7,block blk file_7,block blk file_7]","[receiving_28,receiving_28,allocate_4,receiving_28,none_22,writing_23,none_22,writing_23,none_22,writing_23,add_3,add_3,add_3,delete_24,delete_24,delete_24,deleting_34,deleting_34,deleting_34]","[none_40,none_40,none_4,none_40,none_31,none_32,none_31,none_32,none_31,none_32,updated_3,updated_3,updated_3,invalid_34,invalid_34,invalid_34,none_46,none_46,none_46]"
309874,"[1, 1, 7, 1, 3, 4, 3, 4, 3, 4, 2, 2, 2, 6, 6, 6, 5, 5, 5]","[block blk_6,block blk_6,NameSystem_2,block blk_6,blk_4,blk_4,blk_4,blk_4,blk_4,blk_4,NameSystem_2,NameSystem_2,NameSystem_2,blk_4,blk_4,blk_4,block blk file_7,block blk file_7,block blk file_7]","[receiving_28,receiving_28,allocate_4,receiving_28,none_22,writing_23,none_22,writing_23,none_22,writing_23,add_3,add_3,add_3,delete_24,delete_24,delete_24,deleting_34,deleting_34,deleting_34]","[none_40,none_40,none_4,none_40,none_31,none_32,none_31,none_32,none_31,none_32,updated_3,updated_3,updated_3,invalid_34,invalid_34,invalid_34,none_46,none_46,none_46]"
105760,"[7, 1, 1, 1, 2, 2, 2, 3, 4, 3, 4, 3, 4, 6, 6, 6, 5, 5, 5]","[NameSystem_2,block blk_6,block blk_6,block blk_6,NameSystem_2,NameSystem_2,NameSystem_2,blk_4,blk_4,blk_4,blk_4,blk_4,blk_4,blk_4,blk_4,blk_4,block blk file_7,block blk file_7,block blk file_7]","[allocate_4,receiving_28,receiving_28,receiving_28,add_3,add_3,add_3,none_22,writing_23,none_22,writing_23,none_22,writing_23,delete_24,delete_24,delete_24,deleting_34,deleting_34,deleting_34]","[none_4,none_40,none_40,none_40,updated_3,updated_3,updated_3,none_31,none_32,none_31,none_32,none_31,none_32,invalid_34,invalid_34,invalid_34,none_46,none_46,none_46]"
564863,"[1, 1, 7, 1, 3, 4, 3, 4, 3, 4, 2, 2, 2, 6, 6, 6, 5, 5, 5]","[block blk_6,block blk_6,NameSystem_2,block blk_6,blk_4,blk_4,blk_4,blk_4,blk_4,blk_4,NameSystem_2,NameSystem_2,NameSystem_2,blk_4,blk_4,blk_4,block blk file_7,block blk file_7,block blk file_7]","[receiving_28,receiving_28,allocate_4,receiving_28,none_22,writing_23,none_22,writing_23,none_22,writing_23,add_3,add_3,add_3,delete_24,delete_24,delete_24,deleting_34,deleting_34,deleting_34]","[none_40,none_40,none_4,none_40,none_31,none_32,none_31,none_32,none_31,none_32,updated_3,updated_3,updated_3,invalid_34,invalid_34,invalid_34,none_46,none_46,none_46]"
533838,"[1, 1, 1, 7, 3, 4, 3, 4, 4, 2, 3, 2, 2]","[block blk_6,block blk_6,block blk_6,NameSystem_2,blk_4,blk_4,blk_4,blk_4,blk_4,NameSystem_2,blk_4,NameSystem_2,NameSystem_2]","[receiving_28,receiving_28,receiving_28,allocate_4,none_22,writing_23,none_22,writing_23,writing_23,add_3,none_22,add_3,add_3]","[none_40,none_40,none_40,none_4,none_31,none_32,none_31,none_32,none_32,updated_3,none_31,updated_3,updated_3]"
235891,"[1, 1, 1, 7, 3, 4, 3, 4, 3, 4, 2, 2, 2, 6, 6, 6, 5, 5, 5]","[block blk_6,block blk_6,block blk_6,NameSystem_2,blk_4,blk_4,blk_4,blk_4,blk_4,blk_4,NameSystem_2,NameSystem_2,NameSystem_2,blk_4,blk_4,blk_4,block blk file_7,block blk file_7,block blk file_7]","[receiving_28,receiving_28,receiving_28,allocate_4,none_22,writing_23,none_22,writing_23,none_22,writing_23,add_3,add_3,add_3,delete_24,delete_24,delete_24,deleting_34,deleting_34,deleting_34]","[none_40,none_40,none_40,none_4,none_31,none_32,none_31,none_32,none_31,none_32,updated_3,updated_3,updated_3,invalid_34,invalid_34,invalid_34,none_46,none_46,none_46]"
444108,"[1, 1, 1, 7, 3, 4, 3, 4, 3, 4, 2, 2, 2, 6, 6, 6, 5, 5, 5]","[block blk_6,block blk_6,block blk_6,NameSystem_2,blk_4,blk_4,blk_4,blk_4,blk_4,blk_4,NameSystem_2,NameSystem_2,NameSystem_2,blk_4,blk_4,blk_4,block blk file_7,block blk file_7,block blk file_7]","[receiving_28,receiving_28,receiving_28,allocate_4,none_22,writing_23,none_22,writing_23,none_22,writing_23,add_3,add_3,add_3,delete_24,delete_24,delete_24,deleting_34,deleting_34,deleting_34]","[none_40,none_40,none_40,none_4,none_31,none_32,none_31,none_32,none_31,none_32,updated_3,updated_3,updated_3,invalid_34,invalid_34,invalid_34,none_46,none_46,none_46]"
215057,"[7, 1, 1, 1, 3, 4, 4, 3, 4, 3, 2, 2, 2, 6, 6, 6, 5, 5, 5]","[NameSystem_2,block blk_6,block blk_6,block blk_6,blk_4,blk_4,blk_4,blk_4,blk_4,blk_4,NameSystem_2,NameSystem_2,NameSystem_2,blk_4,blk_4,blk_4,block blk file_7,block blk file_7,block blk file_7]","[allocate_4,receiving_28,receiving_28,receiving_28,none_22,writing_23,writing_23,none_22,writing_23,none_22,add_3,add_3,add_3,delete_24,delete_24,delete_24,deleting_34,deleting_34,deleting_34]","[none_4,none_40,none_40,none_40,none_31,none_32,none_32,none_31,none_32,none_31,updated_3,updated_3,updated_3,invalid_34,invalid_34,invalid_34,none_46,none_46,none_46]"
433222,"[1, 1, 7, 1, 3, 4, 3, 4, 3, 4, 2, 2, 2, 6, 6, 6, 5, 5, 5]","[block blk_6,block blk_6,NameSystem_2,block blk_6,blk_4,blk_4,blk_4,blk_4,blk_4,blk_4,NameSystem_2,NameSystem_2,NameSystem_2,blk_4,blk_4,blk_4,block blk file_7,block blk file_7,block blk file_7]","[receiving_28,receiving_28,allocate_4,receiving_28,none_22,writing_23,none_22,writing_23,none_22,writing_23,add_3,add_3,add_3,delete_24,delete_24,delete_24,deleting_34,deleting_34,deleting_34]","[none_40,none_40,none_4,none_40,none_31,none_32,none_31,none_32,none_31,none_32,updated_3,updated_3,updated_3,invalid_34,invalid_34,invalid_34,none_46,none_46,none_46]"
209362,"[1, 1, 7, 1, 3, 4, 3, 4, 3, 4, 2, 2, 2, 6, 6, 6, 5, 5, 5]","[block blk_6,block blk_6,NameSystem_2,block blk_6,blk_4,blk_4,blk_4,blk_4,blk_4,blk_4,NameSystem_2,NameSystem_2,NameSystem_2,blk_4,blk_4,blk_4,block blk file_7,block blk file_7,block blk file_7]","[receiving_28,receiving_28,allocate_4,receiving_28,none_22,writing_23,none_22,writing_23,none_22,writing_23,add_3,add_3,add_3,delete_24,delete_24,delete_24,deleting_34,deleting_34,deleting_34]","[none_40,none_40,none_4,none_40,none_31,none_32,none_31,none_32,none_31,none_32,updated_3,updated_3,updated_3,invalid_34,invalid_34,invalid_34,none_46,none_46,none_46]"
227888,"[1, 1, 7, 1, 3, 4, 3, 4, 3, 4, 2, 2, 2, 6, 6, 6, 5, 5, 5]","[block blk_6,block blk_6,NameSystem_2,block blk_6,blk_4,blk_4,blk_4,blk_4,blk_4,blk_4,NameSystem_2,NameSystem_2,NameSystem_2,blk_4,blk_4,blk_4,block blk file_7,block blk file_7,block blk file_7]","[receiving_28,receiving_28,allocate_4,receiving_28,none_22,writing_23,none_22,writing_23,none_22,writing_23,add_3,add_3,add_3,delete_24,delete_24,delete_24,deleting_34,deleting_34,deleting_34]","[none_40,none_40,none_4,none_40,none_31,none_32,none_31,none_32,none_31,none_32,updated_3,updated_3,updated_3,invalid_34,invalid_34,invalid_34,none_46,none_46,none_46]"
386429,"[1, 1, 1, 7, 3, 4, 2, 3, 4, 3, 4, 2, 2, 6, 6, 6, 5, 5, 5]","[block blk_6,block blk_6,block blk_6,NameSystem_2,blk_4,blk_4,NameSystem_2,blk_4,blk_4,blk_4,blk_4,NameSystem_2,NameSystem_2,blk_4,blk_4,blk_4,block blk file_7,block blk file_7,block blk file_7]","[receiving_28,receiving_28,receiving_28,allocate_4,none_22,writing_23,add_3,none_22,writing_23,none_22,writing_23,add_3,add_3,delete_24,delete_24,delete_24,deleting_34,deleting_34,deleting_34]","[none_40,none_40,none_40,none_4,none_31,none_32,updated_3,none_31,none_32,none_31,none_32,updated_3,updated_3,invalid_34,invalid_34,invalid_34,none_46,none_46,none_46]"
273185,"[1, 1, 1, 7, 3, 4, 3, 4, 3, 4, 2, 2, 2, 6, 6, 6, 5, 5, 5]","[block blk_6,block blk_6,block blk_6,NameSystem_2,blk_4,blk_4,blk_4,blk_4,blk_4,blk_4,NameSystem_2,NameSystem_2,NameSystem_2,blk_4,blk_4,blk_4,block blk file_7,block blk file_7,block blk file_7]","[receiving_28,receiving_28,receiving_28,allocate_4,none_22,writing_23,none_22,writing_23,none_22,writing_23,add_3,add_3,add_3,delete_24,delete_24,delete_24,deleting_34,deleting_34,deleting_34]","[none_40,none_40,none_40,none_4,none_31,none_32,none_31,none_32,none_31,none_32,updated_3,updated_3,updated_3,invalid_34,invalid_34,invalid_34,none_46,none_46,none_46]"
360079,"[1, 7, 1, 1, 3, 4, 3, 4, 3, 4, 2, 2, 2, 6, 6, 6, 5, 5, 5]","[block blk_6,NameSystem_2,block blk_6,block blk_6,blk_4,blk_4,blk_4,blk_4,blk_4,blk_4,NameSystem_2,NameSystem_2,NameSystem_2,blk_4,blk_4,blk_4,block blk file_7,block blk file_7,block blk file_7]","[receiving_28,allocate_4,receiving_28,receiving_28,none_22,writing_23,none_22,writing_23,none_22,writing_23,add_3,add_3,add_3,delete_24,delete_24,delete_24,deleting_34,deleting_34,deleting_34]","[none_40,none_4,none_40,none_40,none_31,none_32,none_31,none_32,none_31,none_32,updated_3,updated_3,updated_3,invalid_34,invalid_34,invalid_34,none_46,none_46,none_46]"
521323,"[1, 1, 1, 7, 3, 4, 3, 4, 3, 4, 2, 2, 2]","[block blk_6,block blk_6,block blk_6,NameSystem_2,blk_4,blk_4,blk_4,blk_4,blk_4,blk_4,NameSystem_2,NameSystem_2,NameSystem_2]","[receiving_28,receiving_28,receiving_28,allocate_4,none_22,writing_23,none_22,writing_23,none_22,writing_23,add_3,add_3,add_3]","[none_40,none_40,none_40,none_4,none_31,none_32,none_31,none_32,none_31,none_32,updated_3,updated_3,updated_3]"
292420,"[1, 7, 1, 1, 3, 4, 3, 4, 3, 4, 2, 2, 2, 6, 6, 6, 5, 5, 5]","[block blk_6,NameSystem_2,block blk_6,block blk_6,blk_4,blk_4,blk_4,blk_4,blk_4,blk_4,NameSystem_2,NameSystem_2,NameSystem_2,blk_4,blk_4,blk_4,block blk file_7,block blk file_7,block blk file_7]","[receiving_28,allocate_4,receiving_28,receiving_28,none_22,writing_23,none_22,writing_23,none_22,writing_23,add_3,add_3,add_3,delete_24,delete_24,delete_24,deleting_34,deleting_34,deleting_34]","[none_40,none_4,none_40,none_40,none_31,none_32,none_31,none_32,none_31,none_32,updated_3,updated_3,updated_3,invalid_34,invalid_34,invalid_34,none_46,none_46,none_46]"
406787,"[1, 1, 1, 7, 3, 4, 3, 4, 3, 4, 2, 2, 2, 6, 6, 6, 5, 5, 5]","[block blk_6,block blk_6,block blk_6,NameSystem_2,blk_4,blk_4,blk_4,blk_4,blk_4,blk_4,NameSystem_2,NameSystem_2,NameSystem_2,blk_4,blk_4,blk_4,block blk file_7,block blk file_7,block blk file_7]","[receiving_28,receiving_28,receiving_28,allocate_4,none_22,writing_23,none_22,writing_23,none_22,writing_23,add_3,add_3,add_3,delete_24,delete_24,delete_24,deleting_34,deleting_34,deleting_34]","[none_40,none_40,none_40,none_4,none_31,none_32,none_31,none_32,none_31,none_32,updated_3,updated_3,updated_3,invalid_34,invalid_34,invalid_34,none_46,none_46,none_46]"
59888,"[7, 1, 1, 1, 2, 2, 2, 3, 4, 3, 4, 3, 4, 6, 6, 6, 5, 5, 5]","[NameSystem_2,block blk_6,block blk_6,block blk_6,NameSystem_2,NameSystem_2,NameSystem_2,blk_4,blk_4,blk_4,blk_4,blk_4,blk_4,blk_4,blk_4,blk_4,block blk file_7,block blk file_7,block blk file_7]","[allocate_4,receiving_28,receiving_28,receiving_28,add_3,add_3,add_3,none_22,writing_23,none_22,writing_23,none_22,writing_23,delete_24,delete_24,delete_24,deleting_34,deleting_34,deleting_34]","[none_4,none_40,none_40,none_40,updated_3,updated_3,updated_3,none_31,none_32,none_31,none_32,none_31,none_32,invalid_34,invalid_34,invalid_34,none_46,none_46,none_46]"
378627,"[1, 7, 1, 1, 3, 4, 3, 4, 3, 4, 2, 2, 2, 6, 6, 6, 5, 5, 5]","[block blk_6,NameSystem_2,block blk_6,block blk_6,blk_4,blk_4,blk_4,blk_4,blk_4,blk_4,NameSystem_2,NameSystem_2,NameSystem_2,blk_4,blk_4,blk_4,block blk file_7,block blk file_7,block blk file_7]","[receiving_28,allocate_4,receiving_28,receiving_28,none_22,writing_23,none_22,writing_23,none_22,writing_23,add_3,add_3,add_3,delete_24,delete_24,delete_24,deleting_34,deleting_34,deleting_34]","[none_40,none_4,none_40,none_40,none_31,none_32,none_31,none_32,none_31,none_32,updated_3,updated_3,updated_3,invalid_34,invalid_34,invalid_34,none_46,none_46,none_46]"
538760,"[1, 1, 1, 7, 3, 4, 3, 4, 3, 4, 2, 2, 2, 6, 6, 6, 5, 5, 5]","[block blk_6,block blk_6,block blk_6,NameSystem_2,blk_4,blk_4,blk_4,blk_4,blk_4,blk_4,NameSystem_2,NameSystem_2,NameSystem_2,blk_4,blk_4,blk_4,block blk file_7,block blk file_7,block blk file_7]","[receiving_28,receiving_28,receiving_28,allocate_4,none_22,writing_23,none_22,writing_23,none_22,writing_23,add_3,add_3,add_3,delete_24,delete_24,delete_24,deleting_34,deleting_34,deleting_34]","[none_40,none_40,none_40,none_4,none_31,none_32,none_31,none_32,none_31,none_32,updated_3,updated_3,updated_3,invalid_34,invalid_34,invalid_34,none_46,none_46,none_46]"
81378,"[7, 1, 1, 1, 2, 2, 3, 4, 3, 4, 2, 3, 4, 8, 8, 9, 8, 8, 9, 8, 8, 9, 8, 8, 9, 6, 6, 6, 5, 5, 5]","[NameSystem_2,block blk_6,block blk_6,block blk_6,NameSystem_2,NameSystem_2,blk_4,blk_4,blk_4,blk_4,NameSystem_2,blk_4,blk_4,/_0,/_0,blk_4,/_0,/_0,blk_4,/_0,/_0,blk_4,/_0,/_0,blk_4,blk_4,blk_4,blk_4,block blk file_7,block blk file_7,block blk file_7]","[allocate_4,receiving_28,receiving_28,receiving_28,add_3,add_3,none_22,writing_23,none_22,writing_23,add_3,none_22,writing_23,serving_0,serving_0,transfer_13,serving_0,serving_0,transfer_13,serving_0,serving_0,transfer_13,serving_0,serving_0,transfer_13,delete_24,delete_24,delete_24,deleting_34,deleting_34,deleting_34]","[none_4,none_40,none_40,none_40,updated_3,updated_3,none_31,none_32,none_31,none_32,updated_3,none_31,none_32,none_0,none_0,exception_21,none_0,none_0,exception_21,none_0,none_0,exception_21,none_0,none_0,exception_21,invalid_34,invalid_34,invalid_34,none_46,none_46,none_46]"
68892,"[7, 1, 1, 1, 2, 2, 2, 3, 4, 3, 4, 3, 4, 6, 6, 6, 5, 5, 5]","[NameSystem_2,block blk_6,block blk_6,block blk_6,NameSystem_2,NameSystem_2,NameSystem_2,blk_4,blk_4,blk_4,blk_4,blk_4,blk_4,blk_4,blk_4,blk_4,block blk file_7,block blk file_7,block blk file_7]","[allocate_4,receiving_28,receiving_28,receiving_28,add_3,add_3,add_3,none_22,writing_23,none_22,writing_23,none_22,writing_23,delete_24,delete_24,delete_24,deleting_34,deleting_34,deleting_34]","[none_4,none_40,none_40,none_40,updated_3,updated_3,updated_3,none_31,none_32,none_31,none_32,none_31,none_32,invalid_34,invalid_34,invalid_34,none_46,none_46,none_46]"
19979,"[1, 1, 1, 7, 3, 4, 3, 4, 3, 4, 2, 2, 2, 9, 9, 8, 6, 6, 6, 5, 5, 5]","[block blk_6,block blk_6,block blk_6,NameSystem_2,blk_4,blk_4,blk_4,blk_4,blk_4,blk_4,NameSystem_2,NameSystem_2,NameSystem_2,blk_4,blk_4,/_0,blk_4,blk_4,blk_4,block blk file_7,block blk file_7,block blk file_7]","[receiving_28,receiving_28,receiving_28,allocate_4,none_22,writing_23,none_22,writing_23,none_22,writing_23,add_3,add_3,add_3,transfer_13,transfer_13,serving_0,delete_24,delete_24,delete_24,deleting_34,deleting_34,deleting_34]","[none_40,none_40,none_40,none_4,none_31,none_32,none_31,none_32,none_31,none_32,updated_3,updated_3,updated_3,exception_21,exception_21,none_0,invalid_34,invalid_34,invalid_34,none_46,none_46,none_46]"
469226,"[1, 1, 1, 7, 3, 4, 3, 4, 3, 4, 2, 2, 2]","[block blk_6,block blk_6,block blk_6,NameSystem_2,blk_4,blk_4,blk_4,blk_4,blk_4,blk_4,NameSystem_2,NameSystem_2,NameSystem_2]","[receiving_28,receiving_28,receiving_28,allocate_4,none_22,writing_23,none_22,writing_23,none_22,writing_23,add_3,add_3,add_3]","[none_40,none_40,none_40,none_4,none_31,none_32,none_31,none_32,none_31,none_32,updated_3,updated_3,updated_3]"
218648,"[1, 7, 1, 1, 3, 4, 3, 4, 3, 4, 2, 2, 2, 6, 6, 6, 5, 5, 5]","[block blk_6,NameSystem_2,block blk_6,block blk_6,blk_4,blk_4,blk_4,blk_4,blk_4,blk_4,NameSystem_2,NameSystem_2,NameSystem_2,blk_4,blk_4,blk_4,block blk file_7,block blk file_7,block blk file_7]","[receiving_28,allocate_4,receiving_28,receiving_28,none_22,writing_23,none_22,writing_23,none_22,writing_23,add_3,add_3,add_3,delete_24,delete_24,delete_24,deleting_34,deleting_34,deleting_34]","[none_40,none_4,none_40,none_40,none_31,none_32,none_31,none_32,none_31,none_32,updated_3,updated_3,updated_3,invalid_34,invalid_34,invalid_34,none_46,none_46,none_46]"
323575,"[7, 1, 1, 1, 3, 4, 3, 4, 3, 4, 2, 2, 2]","[NameSystem_2,block blk_6,block blk_6,block blk_6,blk_4,blk_4,blk_4,blk_4,blk_4,blk_4,NameSystem_2,NameSystem_2,NameSystem_2]","[allocate_4,receiving_28,receiving_28,receiving_28,none_22,writing_23,none_22,writing_23,none_22,writing_23,add_3,add_3,add_3]","[none_4,none_40,none_40,none_40,none_31,none_32,none_31,none_32,none_31,none_32,updated_3,updated_3,updated_3]"
270259,"[1, 1, 1, 7, 3, 4, 3, 4, 3, 4, 2, 2, 2, 6, 6, 6, 5, 5, 5]","[block blk_6,block blk_6,block blk_6,NameSystem_2,blk_4,blk_4,blk_4,blk_4,blk_4,blk_4,NameSystem_2,NameSystem_2,NameSystem_2,blk_4,blk_4,blk_4,block blk file_7,block blk file_7,block blk file_7]","[receiving_28,receiving_28,receiving_28,allocate_4,none_22,writing_23,none_22,writing_23,none_22,writing_23,add_3,add_3,add_3,delete_24,delete_24,delete_24,deleting_34,deleting_34,deleting_34]","[none_40,none_40,none_40,none_4,none_31,none_32,none_31,none_32,none_31,none_32,updated_3,updated_3,updated_3,invalid_34,invalid_34,invalid_34,none_46,none_46,none_46]"
159239,"[7, 1, 1, 1, 3, 4, 2, 3, 4, 3, 4, 2, 2, 8, 9, 8, 8, 8, 9, 6, 6, 6, 5, 5, 5]","[NameSystem_2,block blk_6,block blk_6,block blk_6,blk_4,blk_4,NameSystem_2,blk_4,blk_4,blk_4,blk_4,NameSystem_2,NameSystem_2,/_0,blk_4,/_0,/_0,/_0,blk_4,blk_4,blk_4,blk_4,block blk file_7,block blk file_7,block blk file_7]","[allocate_4,receiving_28,receiving_28,receiving_28,none_22,writing_23,add_3,none_22,writing_23,none_22,writing_23,add_3,add_3,serving_0,transfer_13,serving_0,serving_0,serving_0,transfer_13,delete_24,delete_24,delete_24,deleting_34,deleting_34,deleting_34]","[none_4,none_40,none_40,none_40,none_31,none_32,updated_3,none_31,none_32,none_31,none_32,updated_3,updated_3,none_0,exception_21,none_0,none_0,none_0,exception_21,invalid_34,invalid_34,invalid_34,none_46,none_46,none_46]"
522446,"[1, 7, 1, 1, 3, 4, 3, 4, 3, 4, 2, 2, 2]","[block blk_6,NameSystem_2,block blk_6,block blk_6,blk_4,blk_4,blk_4,blk_4,blk_4,blk_4,NameSystem_2,NameSystem_2,NameSystem_2]","[receiving_28,allocate_4,receiving_28,receiving_28,none_22,writing_23,none_22,writing_23,none_22,writing_23,add_3,add_3,add_3]","[none_40,none_4,none_40,none_40,none_31,none_32,none_31,none_32,none_31,none_32,updated_3,updated_3,updated_3]"
415653,"[1, 1, 1, 7, 3, 4, 3, 4, 2, 2, 3, 4, 2, 6, 6, 6, 5, 5, 5]","[block blk_6,block blk_6,block blk_6,NameSystem_2,blk_4,blk_4,blk_4,blk_4,NameSystem_2,NameSystem_2,blk_4,blk_4,NameSystem_2,blk_4,blk_4,blk_4,block blk file_7,block blk file_7,block blk file_7]","[receiving_28,receiving_28,receiving_28,allocate_4,none_22,writing_23,none_22,writing_23,add_3,add_3,none_22,writing_23,add_3,delete_24,delete_24,delete_24,deleting_34,deleting_34,deleting_34]","[none_40,none_40,none_40,none_4,none_31,none_32,none_31,none_32,updated_3,updated_3,none_31,none_32,updated_3,invalid_34,invalid_34,invalid_34,none_46,none_46,none_46]"
202333,"[1, 1, 1, 7, 3, 4, 3, 4, 3, 4, 2, 2, 2, 6, 6, 6, 5, 5, 5]","[block blk_6,block blk_6,block blk_6,NameSystem_2,blk_4,blk_4,blk_4,blk_4,blk_4,blk_4,NameSystem_2,NameSystem_2,NameSystem_2,blk_4,blk_4,blk_4,block blk file_7,block blk file_7,block blk file_7]","[receiving_28,receiving_28,receiving_28,allocate_4,none_22,writing_23,none_22,writing_23,none_22,writing_23,add_3,add_3,add_3,delete_24,delete_24,delete_24,deleting_34,deleting_34,deleting_34]","[none_40,none_40,none_40,none_4,none_31,none_32,none_31,none_32,none_31,none_32,updated_3,updated_3,updated_3,invalid_34,invalid_34,invalid_34,none_46,none_46,none_46]"
519056,"[1, 1, 7, 1, 3, 4, 3, 4, 3, 4, 2, 2, 2]","[block blk_6,block blk_6,NameSystem_2,block blk_6,blk_4,blk_4,blk_4,blk_4,blk_4,blk_4,NameSystem_2,NameSystem_2,NameSystem_2]","[receiving_28,receiving_28,allocate_4,receiving_28,none_22,writing_23,none_22,writing_23,none_22,writing_23,add_3,add_3,add_3]","[none_40,none_40,none_4,none_40,none_31,none_32,none_31,none_32,none_31,none_32,updated_3,updated_3,updated_3]"
427093,"[1, 1, 1, 7, 3, 4, 3, 4, 3, 4, 2, 2, 2, 6, 6, 6, 5, 5, 5]","[block blk_6,block blk_6,block blk_6,NameSystem_2,blk_4,blk_4,blk_4,blk_4,blk_4,blk_4,NameSystem_2,NameSystem_2,NameSystem_2,blk_4,blk_4,blk_4,block blk file_7,block blk file_7,block blk file_7]","[receiving_28,receiving_28,receiving_28,allocate_4,none_22,writing_23,none_22,writing_23,none_22,writing_23,add_3,add_3,add_3,delete_24,delete_24,delete_24,deleting_34,deleting_34,deleting_34]","[none_40,none_40,none_40,none_4,none_31,none_32,none_31,none_32,none_31,none_32,updated_3,updated_3,updated_3,invalid_34,invalid_34,invalid_34,none_46,none_46,none_46]"
506170,"[1, 1, 1, 7, 3, 4, 3, 4, 2, 2, 3, 4, 2]","[block blk_6,block blk_6,block blk_6,NameSystem_2,blk_4,blk_4,blk_4,blk_4,NameSystem_2,NameSystem_2,blk_4,blk_4,NameSystem_2]","[receiving_28,receiving_28,receiving_28,allocate_4,none_22,writing_23,none_22,writing_23,add_3,add_3,none_22,writing_23,add_3]","[none_40,none_40,none_40,none_4,none_31,none_32,none_31,none_32,updated_3,updated_3,none_31,none_32,updated_3]"
471709,"[1, 1, 1, 7, 3, 4, 3, 4, 3, 4, 2, 2, 2]","[block blk_6,block blk_6,block blk_6,NameSystem_2,blk_4,blk_4,blk_4,blk_4,blk_4,blk_4,NameSystem_2,NameSystem_2,NameSystem_2]","[receiving_28,receiving_28,receiving_28,allocate_4,none_22,writing_23,none_22,writing_23,none_22,writing_23,add_3,add_3,add_3]","[none_40,none_40,none_40,none_4,none_31,none_32,none_31,none_32,none_31,none_32,updated_3,updated_3,updated_3]"
36368,"[7, 1, 1, 1, 2, 2, 2, 3, 4, 3, 4, 3, 4, 6, 6, 6, 5, 5, 5]","[NameSystem_2,block blk_6,block blk_6,block blk_6,NameSystem_2,NameSystem_2,NameSystem_2,blk_4,blk_4,blk_4,blk_4,blk_4,blk_4,blk_4,blk_4,blk_4,block blk file_7,block blk file_7,block blk file_7]","[allocate_4,receiving_28,receiving_28,receiving_28,add_3,add_3,add_3,none_22,writing_23,none_22,writing_23,none_22,writing_23,delete_24,delete_24,delete_24,deleting_34,deleting_34,deleting_34]","[none_4,none_40,none_40,none_40,updated_3,updated_3,updated_3,none_31,none_32,none_31,none_32,none_31,none_32,invalid_34,invalid_34,invalid_34,none_46,none_46,none_46]"
157023,"[1, 7, 1, 1, 3, 4, 3, 4, 2, 2, 2, 3, 4, 8, 9, 8, 8, 9, 8, 6, 6, 6, 5, 5, 5]","[block blk_6,NameSystem_2,block blk_6,block blk_6,blk_4,blk_4,blk_4,blk_4,NameSystem_2,NameSystem_2,NameSystem_2,blk_4,blk_4,/_0,blk_4,/_0,/_0,blk_4,/_0,blk_4,blk_4,blk_4,block blk file_7,block blk file_7,block blk file_7]","[receiving_28,allocate_4,receiving_28,receiving_28,none_22,writing_23,none_22,writing_23,add_3,add_3,add_3,none_22,writing_23,serving_0,transfer_13,serving_0,serving_0,transfer_13,serving_0,delete_24,delete_24,delete_24,deleting_34,deleting_34,deleting_34]","[none_40,none_4,none_40,none_40,none_31,none_32,none_31,none_32,updated_3,updated_3,updated_3,none_31,none_32,none_0,exception_21,none_0,none_0,exception_21,none_0,invalid_34,invalid_34,invalid_34,none_46,none_46,none_46]"
329993,"[1, 7, 1, 1, 3, 4, 2, 3, 4, 3, 4, 2, 2]","[block blk_6,NameSystem_2,block blk_6,block blk_6,blk_4,blk_4,NameSystem_2,blk_4,blk_4,blk_4,blk_4,NameSystem_2,NameSystem_2]","[receiving_28,allocate_4,receiving_28,receiving_28,none_22,writing_23,add_3,none_22,writing_23,none_22,writing_23,add_3,add_3]","[none_40,none_4,none_40,none_40,none_31,none_32,updated_3,none_31,none_32,none_31,none_32,updated_3,updated_3]"
138888,"[7, 1, 1, 1, 3, 4, 3, 4, 2, 2, 2, 3, 4, 9, 9, 8, 6, 6, 6, 5, 5, 5]","[NameSystem_2,block blk_6,block blk_6,block blk_6,blk_4,blk_4,blk_4,blk_4,NameSystem_2,NameSystem_2,NameSystem_2,blk_4,blk_4,blk_4,blk_4,/_0,blk_4,blk_4,blk_4,block blk file_7,block blk file_7,block blk file_7]","[allocate_4,receiving_28,receiving_28,receiving_28,none_22,writing_23,none_22,writing_23,add_3,add_3,add_3,none_22,writing_23,transfer_13,transfer_13,serving_0,delete_24,delete_24,delete_24,deleting_34,deleting_34,deleting_34]","[none_4,none_40,none_40,none_40,none_31,none_32,none_31,none_32,updated_3,updated_3,updated_3,none_31,none_32,exception_21,exception_21,none_0,invalid_34,invalid_34,invalid_34,none_46,none_46,none_46]"
497386,"[1, 1, 1, 7, 3, 4, 3, 4, 3, 4, 2, 2, 2]","[block blk_6,block blk_6,block blk_6,NameSystem_2,blk_4,blk_4,blk_4,blk_4,blk_4,blk_4,NameSystem_2,NameSystem_2,NameSystem_2]","[receiving_28,receiving_28,receiving_28,allocate_4,none_22,writing_23,none_22,writing_23,none_22,writing_23,add_3,add_3,add_3]","[none_40,none_40,none_40,none_4,none_31,none_32,none_31,none_32,none_31,none_32,updated_3,updated_3,updated_3]"
270432,"[1, 7, 1, 1, 3, 4, 3, 4, 3, 4, 2, 2, 2, 6, 6, 6, 5, 5, 5]","[block blk_6,NameSystem_2,block blk_6,block blk_6,blk_4,blk_4,blk_4,blk_4,blk_4,blk_4,NameSystem_2,NameSystem_2,NameSystem_2,blk_4,blk_4,blk_4,block blk file_7,block blk file_7,block blk file_7]","[receiving_28,allocate_4,receiving_28,receiving_28,none_22,writing_23,none_22,writing_23,none_22,writing_23,add_3,add_3,add_3,delete_24,delete_24,delete_24,deleting_34,deleting_34,deleting_34]","[none_40,none_4,none_40,none_40,none_31,none_32,none_31,none_32,none_31,none_32,updated_3,updated_3,updated_3,invalid_34,invalid_34,invalid_34,none_46,none_46,none_46]"
185520,"[1, 1, 1, 7, 3, 4, 3, 4, 3, 4, 2, 2, 2, 6, 6, 6, 5, 5, 5]","[block blk_6,block blk_6,block blk_6,NameSystem_2,blk_4,blk_4,blk_4,blk_4,blk_4,blk_4,NameSystem_2,NameSystem_2,NameSystem_2,blk_4,blk_4,blk_4,block blk file_7,block blk file_7,block blk file_7]","[receiving_28,receiving_28,receiving_28,allocate_4,none_22,writing_23,none_22,writing_23,none_22,writing_23,add_3,add_3,add_3,delete_24,delete_24,delete_24,deleting_34,deleting_34,deleting_34]","[none_40,none_40,none_40,none_4,none_31,none_32,none_31,none_32,none_31,none_32,updated_3,updated_3,updated_3,invalid_34,invalid_34,invalid_34,none_46,none_46,none_46]"
562836,"[1, 1, 7, 1, 3, 4, 2, 3, 4, 4, 2, 3, 2, 6, 6, 6, 5, 5, 5]","[block blk_6,block blk_6,NameSystem_2,block blk_6,blk_4,blk_4,NameSystem_2,blk_4,blk_4,blk_4,NameSystem_2,blk_4,NameSystem_2,blk_4,blk_4,blk_4,block blk file_7,block blk file_7,block blk file_7]","[receiving_28,receiving_28,allocate_4,receiving_28,none_22,writing_23,add_3,none_22,writing_23,writing_23,add_3,none_22,add_3,delete_24,delete_24,delete_24,deleting_34,deleting_34,deleting_34]","[none_40,none_40,none_4,none_40,none_31,none_32,updated_3,none_31,none_32,none_32,updated_3,none_31,updated_3,invalid_34,invalid_34,invalid_34,none_46,none_46,none_46]"
332951,"[1, 1, 1, 7, 3, 4, 3, 4, 3, 4, 2, 2, 2]","[block blk_6,block blk_6,block blk_6,NameSystem_2,blk_4,blk_4,blk_4,blk_4,blk_4,blk_4,NameSystem_2,NameSystem_2,NameSystem_2]","[receiving_28,receiving_28,receiving_28,allocate_4,none_22,writing_23,none_22,writing_23,none_22,writing_23,add_3,add_3,add_3]","[none_40,none_40,none_40,none_4,none_31,none_32,none_31,none_32,none_31,none_32,updated_3,updated_3,updated_3]"
538500,"[1, 1, 7, 1, 3, 4, 3, 4, 3, 4, 2, 2, 2, 6, 6, 6, 5, 5, 5]","[block blk_6,block blk_6,NameSystem_2,block blk_6,blk_4,blk_4,blk_4,blk_4,blk_4,blk_4,NameSystem_2,NameSystem_2,NameSystem_2,blk_4,blk_4,blk_4,block blk file_7,block blk file_7,block blk file_7]","[receiving_28,receiving_28,allocate_4,receiving_28,none_22,writing_23,none_22,writing_23,none_22,writing_23,add_3,add_3,add_3,delete_24,delete_24,delete_24,deleting_34,deleting_34,deleting_34]","[none_40,none_40,none_4,none_40,none_31,none_32,none_31,none_32,none_31,none_32,updated_3,updated_3,updated_3,invalid_34,invalid_34,invalid_34,none_46,none_46,none_46]"
26413,"[1, 1, 1, 7, 3, 4, 3, 4, 3, 4, 2, 2, 2, 9, 9, 8, 6, 6, 6, 5, 5, 5]","[block blk_6,block blk_6,block blk_6,NameSystem_2,blk_4,blk_4,blk_4,blk_4,blk_4,blk_4,NameSystem_2,NameSystem_2,NameSystem_2,blk_4,blk_4,/_0,blk_4,blk_4,blk_4,block blk file_7,block blk file_7,block blk file_7]","[receiving_28,receiving_28,receiving_28,allocate_4,none_22,writing_23,none_22,writing_23,none_22,writing_23,add_3,add_3,add_3,transfer_13,transfer_13,serving_0,delete_24,delete_24,delete_24,deleting_34,deleting_34,deleting_34]","[none_40,none_40,none_40,none_4,none_31,none_32,none_31,none_32,none_31,none_32,updated_3,updated_3,updated_3,exception_21,exception_21,none_0,invalid_34,invalid_34,invalid_34,none_46,none_46,none_46]"
236566,"[1, 7, 1, 1, 3, 4, 3, 4, 3, 4, 2, 2, 2, 6, 6, 6, 5, 5, 5]","[block blk_6,NameSystem_2,block blk_6,block blk_6,blk_4,blk_4,blk_4,blk_4,blk_4,blk_4,NameSystem_2,NameSystem_2,NameSystem_2,blk_4,blk_4,blk_4,block blk file_7,block blk file_7,block blk file_7]","[receiving_28,allocate_4,receiving_28,receiving_28,none_22,writing_23,none_22,writing_23,none_22,writing_23,add_3,add_3,add_3,delete_24,delete_24,delete_24,deleting_34,deleting_34,deleting_34]","[none_40,none_4,none_40,none_40,none_31,none_32,none_31,none_32,none_31,none_32,updated_3,updated_3,updated_3,invalid_34,invalid_34,invalid_34,none_46,none_46,none_46]"
150181,"[1, 1, 1, 7, 2, 3, 4, 3, 4, 3, 4, 2, 2, 8, 8, 9, 8, 8, 9, 6, 6, 6, 5, 5, 5]","[block blk_6,block blk_6,block blk_6,NameSystem_2,NameSystem_2,blk_4,blk_4,blk_4,blk_4,blk_4,blk_4,NameSystem_2,NameSystem_2,/_0,/_0,blk_4,/_0,/_0,blk_4,blk_4,blk_4,blk_4,block blk file_7,block blk file_7,block blk file_7]","[receiving_28,receiving_28,receiving_28,allocate_4,add_3,none_22,writing_23,none_22,writing_23,none_22,writing_23,add_3,add_3,serving_0,serving_0,transfer_13,serving_0,serving_0,transfer_13,delete_24,delete_24,delete_24,deleting_34,deleting_34,deleting_34]","[none_40,none_40,none_40,none_4,updated_3,none_31,none_32,none_31,none_32,none_31,none_32,updated_3,updated_3,none_0,none_0,exception_21,none_0,none_0,exception_21,invalid_34,invalid_34,invalid_34,none_46,none_46,none_46]"
276173,"[1, 1, 1, 7, 3, 4, 3, 4, 3, 4, 2, 2, 2, 6, 6, 6, 5, 5, 5]","[block blk_6,block blk_6,block blk_6,NameSystem_2,blk_4,blk_4,blk_4,blk_4,blk_4,blk_4,NameSystem_2,NameSystem_2,NameSystem_2,blk_4,blk_4,blk_4,block blk file_7,block blk file_7,block blk file_7]","[receiving_28,receiving_28,receiving_28,allocate_4,none_22,writing_23,none_22,writing_23,none_22,writing_23,add_3,add_3,add_3,delete_24,delete_24,delete_24,deleting_34,deleting_34,deleting_34]","[none_40,none_40,none_40,none_4,none_31,none_32,none_31,none_32,none_31,none_32,updated_3,updated_3,updated_3,invalid_34,invalid_34,invalid_34,none_46,none_46,none_46]"
19740,"[7, 1, 1, 1, 3, 4, 3, 4, 3, 4, 2, 2, 2, 9, 8, 9, 10, 6, 6, 6, 5, 5, 5]","[NameSystem_2,block blk_6,block blk_6,block blk_6,blk_4,blk_4,blk_4,blk_4,blk_4,blk_4,NameSystem_2,NameSystem_2,NameSystem_2,blk_4,/_0,blk_4,blk_4,blk_4,blk_4,blk_4,block blk file_7,block blk file_7,block blk file_7]","[allocate_4,receiving_28,receiving_28,receiving_28,none_22,writing_23,none_22,writing_23,none_22,writing_23,add_3,add_3,add_3,transfer_13,serving_0,transfer_13,verification_25,delete_24,delete_24,delete_24,deleting_34,deleting_34,deleting_34]","[none_4,none_40,none_40,none_40,none_31,none_32,none_31,none_32,none_31,none_32,updated_3,updated_3,updated_3,exception_21,none_0,exception_21,successful_35,invalid_34,invalid_34,invalid_34,none_46,none_46,none_46]"
123501,"[7, 1, 1, 1, 2, 2, 3, 4, 3, 4, 3, 4, 2, 9, 8, 9, 10, 6, 6, 6, 5, 5, 5]","[NameSystem_2,block blk_6,block blk_6,block blk_6,NameSystem_2,NameSystem_2,blk_4,blk_4,blk_4,blk_4,blk_4,blk_4,NameSystem_2,blk_4,/_0,blk_4,blk_4,blk_4,blk_4,blk_4,block blk file_7,block blk file_7,block blk file_7]","[allocate_4,receiving_28,receiving_28,receiving_28,add_3,add_3,none_22,writing_23,none_22,writing_23,none_22,writing_23,add_3,transfer_13,serving_0,transfer_13,verification_25,delete_24,delete_24,delete_24,deleting_34,deleting_34,deleting_34]","[none_4,none_40,none_40,none_40,updated_3,updated_3,none_31,none_32,none_31,none_32,none_31,none_32,updated_3,exception_21,none_0,exception_21,successful_35,invalid_34,invalid_34,invalid_34,none_46,none_46,none_46]"
448760,"[1, 1, 1, 7, 3, 4, 3, 4, 3, 4, 2, 2, 2, 6, 6, 6, 5, 5, 5]","[block blk_6,block blk_6,block blk_6,NameSystem_2,blk_4,blk_4,blk_4,blk_4,blk_4,blk_4,NameSystem_2,NameSystem_2,NameSystem_2,blk_4,blk_4,blk_4,block blk file_7,block blk file_7,block blk file_7]","[receiving_28,receiving_28,receiving_28,allocate_4,none_22,writing_23,none_22,writing_23,none_22,writing_23,add_3,add_3,add_3,delete_24,delete_24,delete_24,deleting_34,deleting_34,deleting_34]","[none_40,none_40,none_40,none_4,none_31,none_32,none_31,none_32,none_31,none_32,updated_3,updated_3,updated_3,invalid_34,invalid_34,invalid_34,none_46,none_46,none_46]"
568583,"[7, 1, 1, 1, 3, 4, 3, 4, 2, 3, 4, 2, 2, 6, 6, 6, 5, 5, 5]","[NameSystem_2,block blk_6,block blk_6,block blk_6,blk_4,blk_4,blk_4,blk_4,NameSystem_2,blk_4,blk_4,NameSystem_2,NameSystem_2,blk_4,blk_4,blk_4,block blk file_7,block blk file_7,block blk file_7]","[allocate_4,receiving_28,receiving_28,receiving_28,none_22,writing_23,none_22,writing_23,add_3,none_22,writing_23,add_3,add_3,delete_24,delete_24,delete_24,deleting_34,deleting_34,deleting_34]","[none_4,none_40,none_40,none_40,none_31,none_32,none_31,none_32,updated_3,none_31,none_32,updated_3,updated_3,invalid_34,invalid_34,invalid_34,none_46,none_46,none_46]"
165888,"[1, 7, 1, 1, 3, 4, 3, 4, 2, 2, 3, 4, 2, 8, 8, 9, 8, 8, 9, 6, 6, 6, 5, 5, 5]","[block blk_6,NameSystem_2,block blk_6,block blk_6,blk_4,blk_4,blk_4,blk_4,NameSystem_2,NameSystem_2,blk_4,blk_4,NameSystem_2,/_0,/_0,blk_4,/_0,/_0,blk_4,blk_4,blk_4,blk_4,block blk file_7,block blk file_7,block blk file_7]","[receiving_28,allocate_4,receiving_28,receiving_28,none_22,writing_23,none_22,writing_23,add_3,add_3,none_22,writing_23,add_3,serving_0,serving_0,transfer_13,serving_0,serving_0,transfer_13,delete_24,delete_24,delete_24,deleting_34,deleting_34,deleting_34]","[none_40,none_4,none_40,none_40,none_31,none_32,none_31,none_32,updated_3,updated_3,none_31,none_32,updated_3,none_0,none_0,exception_21,none_0,none_0,exception_21,invalid_34,invalid_34,invalid_34,none_46,none_46,none_46]"
427548,"[1, 1, 7, 1, 3, 4, 3, 4, 3, 4, 2, 2, 2, 6, 6, 6, 5, 5, 5]","[block blk_6,block blk_6,NameSystem_2,block blk_6,blk_4,blk_4,blk_4,blk_4,blk_4,blk_4,NameSystem_2,NameSystem_2,NameSystem_2,blk_4,blk_4,blk_4,block blk file_7,block blk file_7,block blk file_7]","[receiving_28,receiving_28,allocate_4,receiving_28,none_22,writing_23,none_22,writing_23,none_22,writing_23,add_3,add_3,add_3,delete_24,delete_24,delete_24,deleting_34,deleting_34,deleting_34]","[none_40,none_40,none_4,none_40,none_31,none_32,none_31,none_32,none_31,none_32,updated_3,updated_3,updated_3,invalid_34,invalid_34,invalid_34,none_46,none_46,none_46]"
440139,"[1, 1, 1, 7, 3, 4, 3, 4, 3, 4, 2, 2, 2, 6, 6, 6, 5, 5, 5]","[block blk_6,block blk_6,block blk_6,NameSystem_2,blk_4,blk_4,blk_4,blk_4,blk_4,blk_4,NameSystem_2,NameSystem_2,NameSystem_2,blk_4,blk_4,blk_4,block blk file_7,block blk file_7,block blk file_7]","[receiving_28,receiving_28,receiving_28,allocate_4,none_22,writing_23,none_22,writing_23,none_22,writing_23,add_3,add_3,add_3,delete_24,delete_24,delete_24,deleting_34,deleting_34,deleting_34]","[none_40,none_40,none_40,none_4,none_31,none_32,none_31,none_32,none_31,none_32,updated_3,updated_3,updated_3,invalid_34,invalid_34,invalid_34,none_46,none_46,none_46]"
2717,"[1, 7, 1, 1, 2, 2, 3, 4, 3, 4, 2, 3, 4, 9, 8, 9, 10, 10, 10, 6, 6, 6, 5, 5, 5]","[block blk_6,NameSystem_2,block blk_6,block blk_6,NameSystem_2,NameSystem_2,blk_4,blk_4,blk_4,blk_4,NameSystem_2,blk_4,blk_4,blk_4,/_0,blk_4,blk_4,blk_4,blk_4,blk_4,blk_4,blk_4,block blk file_7,block blk file_7,block blk file_7]","[receiving_28,allocate_4,receiving_28,receiving_28,add_3,add_3,none_22,writing_23,none_22,writing_23,add_3,none_22,writing_23,transfer_13,serving_0,transfer_13,verification_25,verification_25,verification_25,delete_24,delete_24,delete_24,deleting_34,deleting_34,deleting_34]","[none_40,none_4,none_40,none_40,updated_3,updated_3,none_31,none_32,none_31,none_32,updated_3,none_31,none_32,exception_21,none_0,exception_21,successful_35,successful_35,successful_35,invalid_34,invalid_34,invalid_34,none_46,none_46,none_46]"
345617,"[1, 7, 1, 1, 3, 4, 3, 4, 3, 4, 2, 2, 2]","[block blk_6,NameSystem_2,block blk_6,block blk_6,blk_4,blk_4,blk_4,blk_4,blk_4,blk_4,NameSystem_2,NameSystem_2,NameSystem_2]","[receiving_28,allocate_4,receiving_28,receiving_28,none_22,writing_23,none_22,writing_23,none_22,writing_23,add_3,add_3,add_3]","[none_40,none_4,none_40,none_40,none_31,none_32,none_31,none_32,none_31,none_32,updated_3,updated_3,updated_3]"
142239,"[1, 1, 7, 1, 3, 4, 2, 3, 4, 2, 2, 3, 4, 6, 6, 6, 5, 5, 5]","[block blk_6,block blk_6,NameSystem_2,block blk_6,blk_4,blk_4,NameSystem_2,blk_4,blk_4,NameSystem_2,NameSystem_2,blk_4,blk_4,blk_4,blk_4,blk_4,block blk file_7,block blk file_7,block blk file_7]","[receiving_28,receiving_28,allocate_4,receiving_28,none_22,writing_23,add_3,none_22,writing_23,add_3,add_3,none_22,writing_23,delete_24,delete_24,delete_24,deleting_34,deleting_34,deleting_34]","[none_40,none_40,none_4,none_40,none_31,none_32,updated_3,none_31,none_32,updated_3,updated_3,none_31,none_32,invalid_34,invalid_34,invalid_34,none_46,none_46,none_46]"
396283,"[1, 7, 1, 1, 3, 4, 3, 4, 2, 2, 3, 4, 2, 6, 6, 6, 5, 5, 5]","[block blk_6,NameSystem_2,block blk_6,block blk_6,blk_4,blk_4,blk_4,blk_4,NameSystem_2,NameSystem_2,blk_4,blk_4,NameSystem_2,blk_4,blk_4,blk_4,block blk file_7,block blk file_7,block blk file_7]","[receiving_28,allocate_4,receiving_28,receiving_28,none_22,writing_23,none_22,writing_23,add_3,add_3,none_22,writing_23,add_3,delete_24,delete_24,delete_24,deleting_34,deleting_34,deleting_34]","[none_40,none_4,none_40,none_40,none_31,none_32,none_31,none_32,updated_3,updated_3,none_31,none_32,updated_3,invalid_34,invalid_34,invalid_34,none_46,none_46,none_46]"
277073,"[1, 1, 1, 7, 4, 2, 3, 3, 4, 3, 4, 2, 2, 6, 6, 6, 5, 5, 5]","[block blk_6,block blk_6,block blk_6,NameSystem_2,blk_4,NameSystem_2,blk_4,blk_4,blk_4,blk_4,blk_4,NameSystem_2,NameSystem_2,blk_4,blk_4,blk_4,block blk file_7,block blk file_7,block blk file_7]","[receiving_28,receiving_28,receiving_28,allocate_4,writing_23,add_3,none_22,none_22,writing_23,none_22,writing_23,add_3,add_3,delete_24,delete_24,delete_24,deleting_34,deleting_34,deleting_34]","[none_40,none_40,none_40,none_4,none_32,updated_3,none_31,none_31,none_32,none_31,none_32,updated_3,updated_3,invalid_34,invalid_34,invalid_34,none_46,none_46,none_46]"
78187,"[7, 1, 1, 1, 2, 2, 2, 3, 4, 3, 4, 3, 4, 8, 8, 8, 8, 8, 8, 8, 8, 6, 6, 6, 5, 5, 5]","[NameSystem_2,block blk_6,block blk_6,block blk_6,NameSystem_2,NameSystem_2,NameSystem_2,blk_4,blk_4,blk_4,blk_4,blk_4,blk_4,/_0,/_0,/_0,/_0,/_0,/_0,/_0,/_0,blk_4,blk_4,blk_4,block blk file_7,block blk file_7,block blk file_7]","[allocate_4,receiving_28,receiving_28,receiving_28,add_3,add_3,add_3,none_22,writing_23,none_22,writing_23,none_22,writing_23,serving_0,serving_0,serving_0,serving_0,serving_0,serving_0,serving_0,serving_0,delete_24,delete_24,delete_24,deleting_34,deleting_34,deleting_34]","[none_4,none_40,none_40,none_40,updated_3,updated_3,updated_3,none_31,none_32,none_31,none_32,none_31,none_32,none_0,none_0,none_0,none_0,none_0,none_0,none_0,none_0,invalid_34,invalid_34,invalid_34,none_46,none_46,none_46]"
418652,"[7, 1, 1, 1, 3, 4, 3, 4, 2, 2, 3, 4, 2, 6, 6, 6, 5, 5, 5]","[NameSystem_2,block blk_6,block blk_6,block blk_6,blk_4,blk_4,blk_4,blk_4,NameSystem_2,NameSystem_2,blk_4,blk_4,NameSystem_2,blk_4,blk_4,blk_4,block blk file_7,block blk file_7,block blk file_7]","[allocate_4,receiving_28,receiving_28,receiving_28,none_22,writing_23,none_22,writing_23,add_3,add_3,none_22,writing_23,add_3,delete_24,delete_24,delete_24,deleting_34,deleting_34,deleting_34]","[none_4,none_40,none_40,none_40,none_31,none_32,none_31,none_32,updated_3,updated_3,none_31,none_32,updated_3,invalid_34,invalid_34,invalid_34,none_46,none_46,none_46]"
110014,"[7, 1, 1, 1, 2, 3, 4, 3, 4, 3, 4, 2, 2, 9, 8, 10, 9, 10, 10, 6, 6, 6, 5, 5, 5]","[NameSystem_2,block blk_6,block blk_6,block blk_6,NameSystem_2,blk_4,blk_4,blk_4,blk_4,blk_4,blk_4,NameSystem_2,NameSystem_2,blk_4,/_0,blk_4,blk_4,blk_4,blk_4,blk_4,blk_4,blk_4,block blk file_7,block blk file_7,block blk file_7]","[allocate_4,receiving_28,receiving_28,receiving_28,add_3,none_22,writing_23,none_22,writing_23,none_22,writing_23,add_3,add_3,transfer_13,serving_0,verification_25,transfer_13,verification_25,verification_25,delete_24,delete_24,delete_24,deleting_34,deleting_34,deleting_34]","[none_4,none_40,none_40,none_40,updated_3,none_31,none_32,none_31,none_32,none_31,none_32,updated_3,updated_3,exception_21,none_0,successful_35,exception_21,successful_35,successful_35,invalid_34,invalid_34,invalid_34,none_46,none_46,none_46]"
55025,"[7, 1, 1, 1, 3, 4, 3, 4, 2, 2, 2, 3, 4, 6, 6, 6, 5, 5, 5]","[NameSystem_2,block blk_6,block blk_6,block blk_6,blk_4,blk_4,blk_4,blk_4,NameSystem_2,NameSystem_2,NameSystem_2,blk_4,blk_4,blk_4,blk_4,blk_4,block blk file_7,block blk file_7,block blk file_7]","[allocate_4,receiving_28,receiving_28,receiving_28,none_22,writing_23,none_22,writing_23,add_3,add_3,add_3,none_22,writing_23,delete_24,delete_24,delete_24,deleting_34,deleting_34,deleting_34]","[none_4,none_40,none_40,none_40,none_31,none_32,none_31,none_32,updated_3,updated_3,updated_3,none_31,none_32,invalid_34,invalid_34,invalid_34,none_46,none_46,none_46]"
382713,"[1, 7, 1, 1, 3, 4, 3, 4, 3, 4, 2, 2, 2, 6, 6, 6, 5, 5, 5]","[block blk_6,NameSystem_2,block blk_6,block blk_6,blk_4,blk_4,blk_4,blk_4,blk_4,blk_4,NameSystem_2,NameSystem_2,NameSystem_2,blk_4,blk_4,blk_4,block blk file_7,block blk file_7,block blk file_7]","[receiving_28,allocate_4,receiving_28,receiving_28,none_22,writing_23,none_22,writing_23,none_22,writing_23,add_3,add_3,add_3,delete_24,delete_24,delete_24,deleting_34,deleting_34,deleting_34]","[none_40,none_4,none_40,none_40,none_31,none_32,none_31,none_32,none_31,none_32,updated_3,updated_3,updated_3,invalid_34,invalid_34,invalid_34,none_46,none_46,none_46]"
524107,"[1, 7, 1, 1, 3, 4, 3, 4, 3, 4, 2, 2, 2]","[block blk_6,NameSystem_2,block blk_6,block blk_6,blk_4,blk_4,blk_4,blk_4,blk_4,blk_4,NameSystem_2,NameSystem_2,NameSystem_2]","[receiving_28,allocate_4,receiving_28,receiving_28,none_22,writing_23,none_22,writing_23,none_22,writing_23,add_3,add_3,add_3]","[none_40,none_4,none_40,none_40,none_31,none_32,none_31,none_32,none_31,none_32,updated_3,updated_3,updated_3]"
452011,"[1, 7, 1, 1, 3, 4, 3, 4, 3, 4, 2, 2, 2, 6, 6, 6, 5, 5, 5]","[block blk_6,NameSystem_2,block blk_6,block blk_6,blk_4,blk_4,blk_4,blk_4,blk_4,blk_4,NameSystem_2,NameSystem_2,NameSystem_2,blk_4,blk_4,blk_4,block blk file_7,block blk file_7,block blk file_7]","[receiving_28,allocate_4,receiving_28,receiving_28,none_22,writing_23,none_22,writing_23,none_22,writing_23,add_3,add_3,add_3,delete_24,delete_24,delete_24,deleting_34,deleting_34,deleting_34]","[none_40,none_4,none_40,none_40,none_31,none_32,none_31,none_32,none_31,none_32,updated_3,updated_3,updated_3,invalid_34,invalid_34,invalid_34,none_46,none_46,none_46]"
563259,"[1, 1, 7, 1, 4, 2, 3, 4, 3, 3, 4, 2, 2, 6, 6, 6, 5, 5, 5]","[block blk_6,block blk_6,NameSystem_2,block blk_6,blk_4,NameSystem_2,blk_4,blk_4,blk_4,blk_4,blk_4,NameSystem_2,NameSystem_2,blk_4,blk_4,blk_4,block blk file_7,block blk file_7,block blk file_7]","[receiving_28,receiving_28,allocate_4,receiving_28,writing_23,add_3,none_22,writing_23,none_22,none_22,writing_23,add_3,add_3,delete_24,delete_24,delete_24,deleting_34,deleting_34,deleting_34]","[none_40,none_40,none_4,none_40,none_32,updated_3,none_31,none_32,none_31,none_31,none_32,updated_3,updated_3,invalid_34,invalid_34,invalid_34,none_46,none_46,none_46]"
227582,"[1, 1, 1, 7, 3, 4, 3, 4, 3, 4, 2, 2, 2, 6, 6, 6, 5, 5, 5]","[block blk_6,block blk_6,block blk_6,NameSystem_2,blk_4,blk_4,blk_4,blk_4,blk_4,blk_4,NameSystem_2,NameSystem_2,NameSystem_2,blk_4,blk_4,blk_4,block blk file_7,block blk file_7,block blk file_7]","[receiving_28,receiving_28,receiving_28,allocate_4,none_22,writing_23,none_22,writing_23,none_22,writing_23,add_3,add_3,add_3,delete_24,delete_24,delete_24,deleting_34,deleting_34,deleting_34]","[none_40,none_40,none_40,none_4,none_31,none_32,none_31,none_32,none_31,none_32,updated_3,updated_3,updated_3,invalid_34,invalid_34,invalid_34,none_46,none_46,none_46]"
91475,"[7, 1, 1, 1, 2, 2, 2, 3, 4, 3, 4, 3, 4, 8, 8, 8, 8, 8, 8, 6, 6, 6, 5, 5, 5]","[NameSystem_2,block blk_6,block blk_6,block blk_6,NameSystem_2,NameSystem_2,NameSystem_2,blk_4,blk_4,blk_4,blk_4,blk_4,blk_4,/_0,/_0,/_0,/_0,/_0,/_0,blk_4,blk_4,blk_4,block blk file_7,block blk file_7,block blk file_7]","[allocate_4,receiving_28,receiving_28,receiving_28,add_3,add_3,add_3,none_22,writing_23,none_22,writing_23,none_22,writing_23,serving_0,serving_0,serving_0,serving_0,serving_0,serving_0,delete_24,delete_24,delete_24,deleting_34,deleting_34,deleting_34]","[none_4,none_40,none_40,none_40,updated_3,updated_3,updated_3,none_31,none_32,none_31,none_32,none_31,none_32,none_0,none_0,none_0,none_0,none_0,none_0,invalid_34,invalid_34,invalid_34,none_46,none_46,none_46]"
79778,"[7, 1, 1, 1, 2, 2, 3, 4, 3, 4, 2, 3, 4, 8, 9, 8, 8, 9, 8, 8, 8, 9, 8, 8, 9, 6, 6, 6, 5, 5, 5]","[NameSystem_2,block blk_6,block blk_6,block blk_6,NameSystem_2,NameSystem_2,blk_4,blk_4,blk_4,blk_4,NameSystem_2,blk_4,blk_4,/_0,blk_4,/_0,/_0,blk_4,/_0,/_0,/_0,blk_4,/_0,/_0,blk_4,blk_4,blk_4,blk_4,block blk file_7,block blk file_7,block blk file_7]","[allocate_4,receiving_28,receiving_28,receiving_28,add_3,add_3,none_22,writing_23,none_22,writing_23,add_3,none_22,writing_23,serving_0,transfer_13,serving_0,serving_0,transfer_13,serving_0,serving_0,serving_0,transfer_13,serving_0,serving_0,transfer_13,delete_24,delete_24,delete_24,deleting_34,deleting_34,deleting_34]","[none_4,none_40,none_40,none_40,updated_3,updated_3,none_31,none_32,none_31,none_32,updated_3,none_31,none_32,none_0,exception_21,none_0,none_0,exception_21,none_0,none_0,none_0,exception_21,none_0,none_0,exception_21,invalid_34,invalid_34,invalid_34,none_46,none_46,none_46]"
71220,"[7, 1, 1, 1, 2, 2, 3, 4, 3, 4, 3, 4, 2, 8, 9, 8, 9, 8, 8, 9, 8, 8, 9, 8, 8, 6, 6, 6, 5, 5, 5]","[NameSystem_2,block blk_6,block blk_6,block blk_6,NameSystem_2,NameSystem_2,blk_4,blk_4,blk_4,blk_4,blk_4,blk_4,NameSystem_2,/_0,blk_4,/_0,blk_4,/_0,/_0,blk_4,/_0,/_0,blk_4,/_0,/_0,blk_4,blk_4,blk_4,block blk file_7,block blk file_7,block blk file_7]","[allocate_4,receiving_28,receiving_28,receiving_28,add_3,add_3,none_22,writing_23,none_22,writing_23,none_22,writing_23,add_3,serving_0,transfer_13,serving_0,transfer_13,serving_0,serving_0,transfer_13,serving_0,serving_0,transfer_13,serving_0,serving_0,delete_24,delete_24,delete_24,deleting_34,deleting_34,deleting_34]","[none_4,none_40,none_40,none_40,updated_3,updated_3,none_31,none_32,none_31,none_32,none_31,none_32,updated_3,none_0,exception_21,none_0,exception_21,none_0,none_0,exception_21,none_0,none_0,exception_21,none_0,none_0,invalid_34,invalid_34,invalid_34,none_46,none_46,none_46]"
79107,"[1, 7, 1, 1, 2, 2, 3, 4, 3, 4, 3, 4, 2, 8, 9, 8, 8, 8, 9, 10, 8, 8, 9, 8, 8, 9, 6, 6, 6, 5, 5, 5]","[block blk_6,NameSystem_2,block blk_6,block blk_6,NameSystem_2,NameSystem_2,blk_4,blk_4,blk_4,blk_4,blk_4,blk_4,NameSystem_2,/_0,blk_4,/_0,/_0,/_0,blk_4,blk_4,/_0,/_0,blk_4,/_0,/_0,blk_4,blk_4,blk_4,blk_4,block blk file_7,block blk file_7,block blk file_7]","[receiving_28,allocate_4,receiving_28,receiving_28,add_3,add_3,none_22,writing_23,none_22,writing_23,none_22,writing_23,add_3,serving_0,transfer_13,serving_0,serving_0,serving_0,transfer_13,verification_25,serving_0,serving_0,transfer_13,serving_0,serving_0,transfer_13,delete_24,delete_24,delete_24,deleting_34,deleting_34,deleting_34]","[none_40,none_4,none_40,none_40,updated_3,updated_3,none_31,none_32,none_31,none_32,none_31,none_32,updated_3,none_0,exception_21,none_0,none_0,none_0,exception_21,successful_35,none_0,none_0,exception_21,none_0,none_0,exception_21,invalid_34,invalid_34,invalid_34,none_46,none_46,none_46]"
352673,"[1, 1, 1, 7, 3, 4, 3, 4, 3, 4, 2, 2, 2]","[block blk_6,block blk_6,block blk_6,NameSystem_2,blk_4,blk_4,blk_4,blk_4,blk_4,blk_4,NameSystem_2,NameSystem_2,NameSystem_2]","[receiving_28,receiving_28,receiving_28,allocate_4,none_22,writing_23,none_22,writing_23,none_22,writing_23,add_3,add_3,add_3]","[none_40,none_40,none_40,none_4,none_31,none_32,none_31,none_32,none_31,none_32,updated_3,updated_3,updated_3]"
564617,"[1, 1, 7, 1, 3, 4, 3, 4, 3, 4, 2, 2, 2, 6, 6, 6, 5, 5, 5]","[block blk_6,block blk_6,NameSystem_2,block blk_6,blk_4,blk_4,blk_4,blk_4,blk_4,blk_4,NameSystem_2,NameSystem_2,NameSystem_2,blk_4,blk_4,blk_4,block blk file_7,block blk file_7,block blk file_7]","[receiving_28,receiving_28,allocate_4,receiving_28,none_22,writing_23,none_22,writing_23,none_22,writing_23,add_3,add_3,add_3,delete_24,delete_24,delete_24,deleting_34,deleting_34,deleting_34]","[none_40,none_40,none_4,none_40,none_31,none_32,none_31,none_32,none_31,none_32,updated_3,updated_3,updated_3,invalid_34,invalid_34,invalid_34,none_46,none_46,none_46]"
378780,"[1, 1, 1, 7, 3, 4, 3, 4, 3, 4, 2, 2, 2, 6, 6, 6, 5, 5, 5]","[block blk_6,block blk_6,block blk_6,NameSystem_2,blk_4,blk_4,blk_4,blk_4,blk_4,blk_4,NameSystem_2,NameSystem_2,NameSystem_2,blk_4,blk_4,blk_4,block blk file_7,block blk file_7,block blk file_7]","[receiving_28,receiving_28,receiving_28,allocate_4,none_22,writing_23,none_22,writing_23,none_22,writing_23,add_3,add_3,add_3,delete_24,delete_24,delete_24,deleting_34,deleting_34,deleting_34]","[none_40,none_40,none_40,none_4,none_31,none_32,none_31,none_32,none_31,none_32,updated_3,updated_3,updated_3,invalid_34,invalid_34,invalid_34,none_46,none_46,none_46]"
505238,"[1, 1, 1, 7, 3, 4, 3, 4, 3, 4, 2, 2, 2]","[block blk_6,block blk_6,block blk_6,NameSystem_2,blk_4,blk_4,blk_4,blk_4,blk_4,blk_4,NameSystem_2,NameSystem_2,NameSystem_2]","[receiving_28,receiving_28,receiving_28,allocate_4,none_22,writing_23,none_22,writing_23,none_22,writing_23,add_3,add_3,add_3]","[none_40,none_40,none_40,none_4,none_31,none_32,none_31,none_32,none_31,none_32,updated_3,updated_3,updated_3]"
355408,"[1, 1, 1, 7, 3, 4, 3, 4, 3, 4, 2, 2, 2, 13, 14, 1, 11, 12, 2, 2, 5]","[block blk_6,block blk_6,block blk_6,NameSystem_2,blk_4,blk_4,blk_4,blk_4,blk_4,blk_4,NameSystem_2,NameSystem_2,NameSystem_2,BLOCK*_1,block_5,block blk_6,block blk_6,block blk_6,NameSystem_2,NameSystem_2,block blk file_7]","[receiving_28,receiving_28,receiving_28,allocate_4,none_22,writing_23,none_22,writing_23,none_22,writing_23,add_3,add_3,add_3,replicate_1,transferring_26,receiving_28,receiving_28,transmitted_27,add_3,add_3,deleting_34]","[none_40,none_40,none_40,none_4,none_31,none_32,none_31,none_32,none_31,none_32,updated_3,updated_3,updated_3,none_1,none_36,none_40,none_38,none_37,updated_3,updated_3,none_46]"
330832,"[1, 1, 1, 7, 3, 4, 3, 4, 2, 2, 3, 4, 2]","[block blk_6,block blk_6,block blk_6,NameSystem_2,blk_4,blk_4,blk_4,blk_4,NameSystem_2,NameSystem_2,blk_4,blk_4,NameSystem_2]","[receiving_28,receiving_28,receiving_28,allocate_4,none_22,writing_23,none_22,writing_23,add_3,add_3,none_22,writing_23,add_3]","[none_40,none_40,none_40,none_4,none_31,none_32,none_31,none_32,updated_3,updated_3,none_31,none_32,updated_3]"
487292,"[1, 7, 1, 1, 3, 4, 3, 4, 3, 4, 2, 2, 2]","[block blk_6,NameSystem_2,block blk_6,block blk_6,blk_4,blk_4,blk_4,blk_4,blk_4,blk_4,NameSystem_2,NameSystem_2,NameSystem_2]","[receiving_28,allocate_4,receiving_28,receiving_28,none_22,writing_23,none_22,writing_23,none_22,writing_23,add_3,add_3,add_3]","[none_40,none_4,none_40,none_40,none_31,none_32,none_31,none_32,none_31,none_32,updated_3,updated_3,updated_3]"
2056,"[7, 1, 1, 1, 3, 4, 3, 4, 3, 4, 2, 2, 2, 9, 8, 9, 10, 10, 10, 6, 6, 6, 5, 5, 5]","[NameSystem_2,block blk_6,block blk_6,block blk_6,blk_4,blk_4,blk_4,blk_4,blk_4,blk_4,NameSystem_2,NameSystem_2,NameSystem_2,blk_4,/_0,blk_4,blk_4,blk_4,blk_4,blk_4,blk_4,blk_4,block blk file_7,block blk file_7,block blk file_7]","[allocate_4,receiving_28,receiving_28,receiving_28,none_22,writing_23,none_22,writing_23,none_22,writing_23,add_3,add_3,add_3,transfer_13,serving_0,transfer_13,verification_25,verification_25,verification_25,delete_24,delete_24,delete_24,deleting_34,deleting_34,deleting_34]","[none_4,none_40,none_40,none_40,none_31,none_32,none_31,none_32,none_31,none_32,updated_3,updated_3,updated_3,exception_21,none_0,exception_21,successful_35,successful_35,successful_35,invalid_34,invalid_34,invalid_34,none_46,none_46,none_46]"
546197,"[1, 1, 1, 7, 3, 4, 3, 4, 3, 4, 2, 2, 2, 6, 6, 6, 5, 5, 5]","[block blk_6,block blk_6,block blk_6,NameSystem_2,blk_4,blk_4,blk_4,blk_4,blk_4,blk_4,NameSystem_2,NameSystem_2,NameSystem_2,blk_4,blk_4,blk_4,block blk file_7,block blk file_7,block blk file_7]","[receiving_28,receiving_28,receiving_28,allocate_4,none_22,writing_23,none_22,writing_23,none_22,writing_23,add_3,add_3,add_3,delete_24,delete_24,delete_24,deleting_34,deleting_34,deleting_34]","[none_40,none_40,none_40,none_4,none_31,none_32,none_31,none_32,none_31,none_32,updated_3,updated_3,updated_3,invalid_34,invalid_34,invalid_34,none_46,none_46,none_46]"
43336,"[7, 1, 1, 1, 2, 3, 4, 2, 2, 3, 4, 3, 4, 6, 6, 6, 5, 5, 5]","[NameSystem_2,block blk_6,block blk_6,block blk_6,NameSystem_2,blk_4,blk_4,NameSystem_2,NameSystem_2,blk_4,blk_4,blk_4,blk_4,blk_4,blk_4,blk_4,block blk file_7,block blk file_7,block blk file_7]","[allocate_4,receiving_28,receiving_28,receiving_28,add_3,none_22,writing_23,add_3,add_3,none_22,writing_23,none_22,writing_23,delete_24,delete_24,delete_24,deleting_34,deleting_34,deleting_34]","[none_4,none_40,none_40,none_40,updated_3,none_31,none_32,updated_3,updated_3,none_31,none_32,none_31,none_32,invalid_34,invalid_34,invalid_34,none_46,none_46,none_46]"
544081,"[1, 1, 1, 7, 3, 4, 3, 4, 3, 4, 2, 2, 2, 6, 6, 6, 5, 5, 5]","[block blk_6,block blk_6,block blk_6,NameSystem_2,blk_4,blk_4,blk_4,blk_4,blk_4,blk_4,NameSystem_2,NameSystem_2,NameSystem_2,blk_4,blk_4,blk_4,block blk file_7,block blk file_7,block blk file_7]","[receiving_28,receiving_28,receiving_28,allocate_4,none_22,writing_23,none_22,writing_23,none_22,writing_23,add_3,add_3,add_3,delete_24,delete_24,delete_24,deleting_34,deleting_34,deleting_34]","[none_40,none_40,none_40,none_4,none_31,none_32,none_31,none_32,none_31,none_32,updated_3,updated_3,updated_3,invalid_34,invalid_34,invalid_34,none_46,none_46,none_46]"
399520,"[1, 1, 1, 7, 3, 4, 3, 4, 3, 4, 2, 2, 2, 6, 6, 6, 5, 5, 5]","[block blk_6,block blk_6,block blk_6,NameSystem_2,blk_4,blk_4,blk_4,blk_4,blk_4,blk_4,NameSystem_2,NameSystem_2,NameSystem_2,blk_4,blk_4,blk_4,block blk file_7,block blk file_7,block blk file_7]","[receiving_28,receiving_28,receiving_28,allocate_4,none_22,writing_23,none_22,writing_23,none_22,writing_23,add_3,add_3,add_3,delete_24,delete_24,delete_24,deleting_34,deleting_34,deleting_34]","[none_40,none_40,none_40,none_4,none_31,none_32,none_31,none_32,none_31,none_32,updated_3,updated_3,updated_3,invalid_34,invalid_34,invalid_34,none_46,none_46,none_46]"
202667,"[1, 1, 1, 7, 3, 4, 3, 4, 3, 4, 2, 2, 2, 6, 6, 6, 5, 5, 5]","[block blk_6,block blk_6,block blk_6,NameSystem_2,blk_4,blk_4,blk_4,blk_4,blk_4,blk_4,NameSystem_2,NameSystem_2,NameSystem_2,blk_4,blk_4,blk_4,block blk file_7,block blk file_7,block blk file_7]","[receiving_28,receiving_28,receiving_28,allocate_4,none_22,writing_23,none_22,writing_23,none_22,writing_23,add_3,add_3,add_3,delete_24,delete_24,delete_24,deleting_34,deleting_34,deleting_34]","[none_40,none_40,none_40,none_4,none_31,none_32,none_31,none_32,none_31,none_32,updated_3,updated_3,updated_3,invalid_34,invalid_34,invalid_34,none_46,none_46,none_46]"
31928,"[1, 1, 1, 7, 3, 4, 3, 4, 2, 2, 3, 4, 2, 9, 9, 8, 6, 6, 6, 5, 5, 5]","[block blk_6,block blk_6,block blk_6,NameSystem_2,blk_4,blk_4,blk_4,blk_4,NameSystem_2,NameSystem_2,blk_4,blk_4,NameSystem_2,blk_4,blk_4,/_0,blk_4,blk_4,blk_4,block blk file_7,block blk file_7,block blk file_7]","[receiving_28,receiving_28,receiving_28,allocate_4,none_22,writing_23,none_22,writing_23,add_3,add_3,none_22,writing_23,add_3,transfer_13,transfer_13,serving_0,delete_24,delete_24,delete_24,deleting_34,deleting_34,deleting_34]","[none_40,none_40,none_40,none_4,none_31,none_32,none_31,none_32,updated_3,updated_3,none_31,none_32,updated_3,exception_21,exception_21,none_0,invalid_34,invalid_34,invalid_34,none_46,none_46,none_46]"
556221,"[1, 1, 7, 1, 3, 4, 3, 4, 3, 4, 2, 2, 2, 6, 6, 6, 5, 5, 5]","[block blk_6,block blk_6,NameSystem_2,block blk_6,blk_4,blk_4,blk_4,blk_4,blk_4,blk_4,NameSystem_2,NameSystem_2,NameSystem_2,blk_4,blk_4,blk_4,block blk file_7,block blk file_7,block blk file_7]","[receiving_28,receiving_28,allocate_4,receiving_28,none_22,writing_23,none_22,writing_23,none_22,writing_23,add_3,add_3,add_3,delete_24,delete_24,delete_24,deleting_34,deleting_34,deleting_34]","[none_40,none_40,none_4,none_40,none_31,none_32,none_31,none_32,none_31,none_32,updated_3,updated_3,updated_3,invalid_34,invalid_34,invalid_34,none_46,none_46,none_46]"
530942,"[1, 1, 1, 7, 3, 4, 2, 3, 4, 3, 4, 2, 2]","[block blk_6,block blk_6,block blk_6,NameSystem_2,blk_4,blk_4,NameSystem_2,blk_4,blk_4,blk_4,blk_4,NameSystem_2,NameSystem_2]","[receiving_28,receiving_28,receiving_28,allocate_4,none_22,writing_23,add_3,none_22,writing_23,none_22,writing_23,add_3,add_3]","[none_40,none_40,none_40,none_4,none_31,none_32,updated_3,none_31,none_32,none_31,none_32,updated_3,updated_3]"
485143,"[1, 1, 7, 1, 3, 4, 3, 4, 3, 4, 2, 2, 2]","[block blk_6,block blk_6,NameSystem_2,block blk_6,blk_4,blk_4,blk_4,blk_4,blk_4,blk_4,NameSystem_2,NameSystem_2,NameSystem_2]","[receiving_28,receiving_28,allocate_4,receiving_28,none_22,writing_23,none_22,writing_23,none_22,writing_23,add_3,add_3,add_3]","[none_40,none_40,none_4,none_40,none_31,none_32,none_31,none_32,none_31,none_32,updated_3,updated_3,updated_3]"
132892,"[7, 1, 1, 1, 2, 2, 2, 3, 4, 3, 4, 3, 4, 10, 10, 9, 9, 8, 6, 6, 6, 5, 5, 5]","[NameSystem_2,block blk_6,block blk_6,block blk_6,NameSystem_2,NameSystem_2,NameSystem_2,blk_4,blk_4,blk_4,blk_4,blk_4,blk_4,blk_4,blk_4,blk_4,blk_4,/_0,blk_4,blk_4,blk_4,block blk file_7,block blk file_7,block blk file_7]","[allocate_4,receiving_28,receiving_28,receiving_28,add_3,add_3,add_3,none_22,writing_23,none_22,writing_23,none_22,writing_23,verification_25,verification_25,transfer_13,transfer_13,serving_0,delete_24,delete_24,delete_24,deleting_34,deleting_34,deleting_34]","[none_4,none_40,none_40,none_40,updated_3,updated_3,updated_3,none_31,none_32,none_31,none_32,none_31,none_32,successful_35,successful_35,exception_21,exception_21,none_0,invalid_34,invalid_34,invalid_34,none_46,none_46,none_46]"
476609,"[1, 1, 1, 7, 3, 4, 2, 3, 4, 3, 4, 2, 2]","[block blk_6,block blk_6,block blk_6,NameSystem_2,blk_4,blk_4,NameSystem_2,blk_4,blk_4,blk_4,blk_4,NameSystem_2,NameSystem_2]","[receiving_28,receiving_28,receiving_28,allocate_4,none_22,writing_23,add_3,none_22,writing_23,none_22,writing_23,add_3,add_3]","[none_40,none_40,none_40,none_4,none_31,none_32,updated_3,none_31,none_32,none_31,none_32,updated_3,updated_3]"
99513,"[1, 7, 1, 1, 2, 2, 3, 4, 3, 4, 3, 4, 2, 8, 8, 9, 8, 9, 8, 8, 9, 8, 6, 6, 6, 5, 5, 5]","[block blk_6,NameSystem_2,block blk_6,block blk_6,NameSystem_2,NameSystem_2,blk_4,blk_4,blk_4,blk_4,blk_4,blk_4,NameSystem_2,/_0,/_0,blk_4,/_0,blk_4,/_0,/_0,blk_4,/_0,blk_4,blk_4,blk_4,block blk file_7,block blk file_7,block blk file_7]","[receiving_28,allocate_4,receiving_28,receiving_28,add_3,add_3,none_22,writing_23,none_22,writing_23,none_22,writing_23,add_3,serving_0,serving_0,transfer_13,serving_0,transfer_13,serving_0,serving_0,transfer_13,serving_0,delete_24,delete_24,delete_24,deleting_34,deleting_34,deleting_34]","[none_40,none_4,none_40,none_40,updated_3,updated_3,none_31,none_32,none_31,none_32,none_31,none_32,updated_3,none_0,none_0,exception_21,none_0,exception_21,none_0,none_0,exception_21,none_0,invalid_34,invalid_34,invalid_34,none_46,none_46,none_46]"
77917,"[7, 1, 1, 1, 2, 2, 3, 4, 3, 4, 3, 4, 2, 8, 8, 9, 8, 8, 9, 8, 8, 9, 8, 8, 9, 6, 6, 6, 5, 5, 5]","[NameSystem_2,block blk_6,block blk_6,block blk_6,NameSystem_2,NameSystem_2,blk_4,blk_4,blk_4,blk_4,blk_4,blk_4,NameSystem_2,/_0,/_0,blk_4,/_0,/_0,blk_4,/_0,/_0,blk_4,/_0,/_0,blk_4,blk_4,blk_4,blk_4,block blk file_7,block blk file_7,block blk file_7]","[allocate_4,receiving_28,receiving_28,receiving_28,add_3,add_3,none_22,writing_23,none_22,writing_23,none_22,writing_23,add_3,serving_0,serving_0,transfer_13,serving_0,serving_0,transfer_13,serving_0,serving_0,transfer_13,serving_0,serving_0,transfer_13,delete_24,delete_24,delete_24,deleting_34,deleting_34,deleting_34]","[none_4,none_40,none_40,none_40,updated_3,updated_3,none_31,none_32,none_31,none_32,none_31,none_32,updated_3,none_0,none_0,exception_21,none_0,none_0,exception_21,none_0,none_0,exception_21,none_0,none_0,exception_21,invalid_34,invalid_34,invalid_34,none_46,none_46,none_46]"
62475,"[7, 1, 1, 1, 2, 2, 2, 3, 4, 3, 4, 3, 4, 10, 6, 6, 6, 5, 5, 5]","[NameSystem_2,block blk_6,block blk_6,block blk_6,NameSystem_2,NameSystem_2,NameSystem_2,blk_4,blk_4,blk_4,blk_4,blk_4,blk_4,blk_4,blk_4,blk_4,blk_4,block blk file_7,block blk file_7,block blk file_7]","[allocate_4,receiving_28,receiving_28,receiving_28,add_3,add_3,add_3,none_22,writing_23,none_22,writing_23,none_22,writing_23,verification_25,delete_24,delete_24,delete_24,deleting_34,deleting_34,deleting_34]","[none_4,none_40,none_40,none_40,updated_3,updated_3,updated_3,none_31,none_32,none_31,none_32,none_31,none_32,successful_35,invalid_34,invalid_34,invalid_34,none_46,none_46,none_46]"
29250,"[1, 7, 1, 1, 3, 4, 3, 4, 3, 4, 2, 2, 2, 9, 8, 9, 6, 6, 6, 5, 5, 5]","[block blk_6,NameSystem_2,block blk_6,block blk_6,blk_4,blk_4,blk_4,blk_4,blk_4,blk_4,NameSystem_2,NameSystem_2,NameSystem_2,blk_4,/_0,blk_4,blk_4,blk_4,blk_4,block blk file_7,block blk file_7,block blk file_7]","[receiving_28,allocate_4,receiving_28,receiving_28,none_22,writing_23,none_22,writing_23,none_22,writing_23,add_3,add_3,add_3,transfer_13,serving_0,transfer_13,delete_24,delete_24,delete_24,deleting_34,deleting_34,deleting_34]","[none_40,none_4,none_40,none_40,none_31,none_32,none_31,none_32,none_31,none_32,updated_3,updated_3,updated_3,exception_21,none_0,exception_21,invalid_34,invalid_34,invalid_34,none_46,none_46,none_46]"
49104,"[7, 1, 1, 1, 2, 2, 3, 4, 3, 4, 3, 4, 2, 6, 6, 6, 5, 5, 5]","[NameSystem_2,block blk_6,block blk_6,block blk_6,NameSystem_2,NameSystem_2,blk_4,blk_4,blk_4,blk_4,blk_4,blk_4,NameSystem_2,blk_4,blk_4,blk_4,block blk file_7,block blk file_7,block blk file_7]","[allocate_4,receiving_28,receiving_28,receiving_28,add_3,add_3,none_22,writing_23,none_22,writing_23,none_22,writing_23,add_3,delete_24,delete_24,delete_24,deleting_34,deleting_34,deleting_34]","[none_4,none_40,none_40,none_40,updated_3,updated_3,none_31,none_32,none_31,none_32,none_31,none_32,updated_3,invalid_34,invalid_34,invalid_34,none_46,none_46,none_46]"
74233,"[7, 1, 1, 1, 2, 2, 2, 3, 4, 3, 4, 3, 4, 8, 9, 8, 8, 9, 8, 9, 8, 8, 9, 8, 8, 6, 6, 6, 5, 5, 5]","[NameSystem_2,block blk_6,block blk_6,block blk_6,NameSystem_2,NameSystem_2,NameSystem_2,blk_4,blk_4,blk_4,blk_4,blk_4,blk_4,/_0,blk_4,/_0,/_0,blk_4,/_0,blk_4,/_0,/_0,blk_4,/_0,/_0,blk_4,blk_4,blk_4,block blk file_7,block blk file_7,block blk file_7]","[allocate_4,receiving_28,receiving_28,receiving_28,add_3,add_3,add_3,none_22,writing_23,none_22,writing_23,none_22,writing_23,serving_0,transfer_13,serving_0,serving_0,transfer_13,serving_0,transfer_13,serving_0,serving_0,transfer_13,serving_0,serving_0,delete_24,delete_24,delete_24,deleting_34,deleting_34,deleting_34]","[none_4,none_40,none_40,none_40,updated_3,updated_3,updated_3,none_31,none_32,none_31,none_32,none_31,none_32,none_0,exception_21,none_0,none_0,exception_21,none_0,exception_21,none_0,none_0,exception_21,none_0,none_0,invalid_34,invalid_34,invalid_34,none_46,none_46,none_46]"
412442,"[1, 1, 1, 7, 3, 4, 3, 4, 3, 4, 2, 2, 2, 6, 6, 6, 5, 5, 5]","[block blk_6,block blk_6,block blk_6,NameSystem_2,blk_4,blk_4,blk_4,blk_4,blk_4,blk_4,NameSystem_2,NameSystem_2,NameSystem_2,blk_4,blk_4,blk_4,block blk file_7,block blk file_7,block blk file_7]","[receiving_28,receiving_28,receiving_28,allocate_4,none_22,writing_23,none_22,writing_23,none_22,writing_23,add_3,add_3,add_3,delete_24,delete_24,delete_24,deleting_34,deleting_34,deleting_34]","[none_40,none_40,none_40,none_4,none_31,none_32,none_31,none_32,none_31,none_32,updated_3,updated_3,updated_3,invalid_34,invalid_34,invalid_34,none_46,none_46,none_46]"
491050,"[1, 1, 7, 1, 3, 4, 3, 4, 3, 4, 2, 2, 2]","[block blk_6,block blk_6,NameSystem_2,block blk_6,blk_4,blk_4,blk_4,blk_4,blk_4,blk_4,NameSystem_2,NameSystem_2,NameSystem_2]","[receiving_28,receiving_28,allocate_4,receiving_28,none_22,writing_23,none_22,writing_23,none_22,writing_23,add_3,add_3,add_3]","[none_40,none_40,none_4,none_40,none_31,none_32,none_31,none_32,none_31,none_32,updated_3,updated_3,updated_3]"
138620,"[1, 7, 1, 1, 3, 4, 3, 4, 3, 4, 2, 2, 2, 9, 9, 8, 10, 6, 6, 6, 5, 5, 5]","[block blk_6,NameSystem_2,block blk_6,block blk_6,blk_4,blk_4,blk_4,blk_4,blk_4,blk_4,NameSystem_2,NameSystem_2,NameSystem_2,blk_4,blk_4,/_0,blk_4,blk_4,blk_4,blk_4,block blk file_7,block blk file_7,block blk file_7]","[receiving_28,allocate_4,receiving_28,receiving_28,none_22,writing_23,none_22,writing_23,none_22,writing_23,add_3,add_3,add_3,transfer_13,transfer_13,serving_0,verification_25,delete_24,delete_24,delete_24,deleting_34,deleting_34,deleting_34]","[none_40,none_4,none_40,none_40,none_31,none_32,none_31,none_32,none_31,none_32,updated_3,updated_3,updated_3,exception_21,exception_21,none_0,successful_35,invalid_34,invalid_34,invalid_34,none_46,none_46,none_46]"
422833,"[7, 1, 1, 1, 3, 4, 3, 4, 2, 2, 3, 4, 2, 6, 6, 6, 5, 5, 5]","[NameSystem_2,block blk_6,block blk_6,block blk_6,blk_4,blk_4,blk_4,blk_4,NameSystem_2,NameSystem_2,blk_4,blk_4,NameSystem_2,blk_4,blk_4,blk_4,block blk file_7,block blk file_7,block blk file_7]","[allocate_4,receiving_28,receiving_28,receiving_28,none_22,writing_23,none_22,writing_23,add_3,add_3,none_22,writing_23,add_3,delete_24,delete_24,delete_24,deleting_34,deleting_34,deleting_34]","[none_4,none_40,none_40,none_40,none_31,none_32,none_31,none_32,updated_3,updated_3,none_31,none_32,updated_3,invalid_34,invalid_34,invalid_34,none_46,none_46,none_46]"
175791,"[1, 7, 1, 1, 3, 4, 3, 4, 2, 2, 3, 4, 2, 8, 8, 9, 6, 6, 6, 5, 5, 5]","[block blk_6,NameSystem_2,block blk_6,block blk_6,blk_4,blk_4,blk_4,blk_4,NameSystem_2,NameSystem_2,blk_4,blk_4,NameSystem_2,/_0,/_0,blk_4,blk_4,blk_4,blk_4,block blk file_7,block blk file_7,block blk file_7]","[receiving_28,allocate_4,receiving_28,receiving_28,none_22,writing_23,none_22,writing_23,add_3,add_3,none_22,writing_23,add_3,serving_0,serving_0,transfer_13,delete_24,delete_24,delete_24,deleting_34,deleting_34,deleting_34]","[none_40,none_4,none_40,none_40,none_31,none_32,none_31,none_32,updated_3,updated_3,none_31,none_32,updated_3,none_0,none_0,exception_21,invalid_34,invalid_34,invalid_34,none_46,none_46,none_46]"
183480,"[1, 1, 7, 1, 3, 4, 3, 4, 2, 2, 2, 3, 4, 6, 6, 6, 5, 5, 5]","[block blk_6,block blk_6,NameSystem_2,block blk_6,blk_4,blk_4,blk_4,blk_4,NameSystem_2,NameSystem_2,NameSystem_2,blk_4,blk_4,blk_4,blk_4,blk_4,block blk file_7,block blk file_7,block blk file_7]","[receiving_28,receiving_28,allocate_4,receiving_28,none_22,writing_23,none_22,writing_23,add_3,add_3,add_3,none_22,writing_23,delete_24,delete_24,delete_24,deleting_34,deleting_34,deleting_34]","[none_40,none_40,none_4,none_40,none_31,none_32,none_31,none_32,updated_3,updated_3,updated_3,none_31,none_32,invalid_34,invalid_34,invalid_34,none_46,none_46,none_46]"
360292,"[1, 1, 1, 7, 3, 4, 3, 4, 3, 4, 2, 2, 2, 6, 6, 6, 5, 5, 5]","[block blk_6,block blk_6,block blk_6,NameSystem_2,blk_4,blk_4,blk_4,blk_4,blk_4,blk_4,NameSystem_2,NameSystem_2,NameSystem_2,blk_4,blk_4,blk_4,block blk file_7,block blk file_7,block blk file_7]","[receiving_28,receiving_28,receiving_28,allocate_4,none_22,writing_23,none_22,writing_23,none_22,writing_23,add_3,add_3,add_3,delete_24,delete_24,delete_24,deleting_34,deleting_34,deleting_34]","[none_40,none_40,none_40,none_4,none_31,none_32,none_31,none_32,none_31,none_32,updated_3,updated_3,updated_3,invalid_34,invalid_34,invalid_34,none_46,none_46,none_46]"
27638,"[1, 1, 7, 1, 3, 4, 3, 4, 3, 4, 2, 2, 2, 9, 8, 9, 6, 6, 6, 5, 5, 5]","[block blk_6,block blk_6,NameSystem_2,block blk_6,blk_4,blk_4,blk_4,blk_4,blk_4,blk_4,NameSystem_2,NameSystem_2,NameSystem_2,blk_4,/_0,blk_4,blk_4,blk_4,blk_4,block blk file_7,block blk file_7,block blk file_7]","[receiving_28,receiving_28,allocate_4,receiving_28,none_22,writing_23,none_22,writing_23,none_22,writing_23,add_3,add_3,add_3,transfer_13,serving_0,transfer_13,delete_24,delete_24,delete_24,deleting_34,deleting_34,deleting_34]","[none_40,none_40,none_4,none_40,none_31,none_32,none_31,none_32,none_31,none_32,updated_3,updated_3,updated_3,exception_21,none_0,exception_21,invalid_34,invalid_34,invalid_34,none_46,none_46,none_46]"
151431,"[1, 1, 7, 1, 3, 4, 3, 4, 3, 4, 2, 2, 2, 9, 8, 9, 6, 6, 6, 5, 5, 5]","[block blk_6,block blk_6,NameSystem_2,block blk_6,blk_4,blk_4,blk_4,blk_4,blk_4,blk_4,NameSystem_2,NameSystem_2,NameSystem_2,blk_4,/_0,blk_4,blk_4,blk_4,blk_4,block blk file_7,block blk file_7,block blk file_7]","[receiving_28,receiving_28,allocate_4,receiving_28,none_22,writing_23,none_22,writing_23,none_22,writing_23,add_3,add_3,add_3,transfer_13,serving_0,transfer_13,delete_24,delete_24,delete_24,deleting_34,deleting_34,deleting_34]","[none_40,none_40,none_4,none_40,none_31,none_32,none_31,none_32,none_31,none_32,updated_3,updated_3,updated_3,exception_21,none_0,exception_21,invalid_34,invalid_34,invalid_34,none_46,none_46,none_46]"
385441,"[1, 1, 1, 7, 3, 4, 3, 4, 3, 4, 2, 2, 2, 6, 6, 6, 5, 5, 5]","[block blk_6,block blk_6,block blk_6,NameSystem_2,blk_4,blk_4,blk_4,blk_4,blk_4,blk_4,NameSystem_2,NameSystem_2,NameSystem_2,blk_4,blk_4,blk_4,block blk file_7,block blk file_7,block blk file_7]","[receiving_28,receiving_28,receiving_28,allocate_4,none_22,writing_23,none_22,writing_23,none_22,writing_23,add_3,add_3,add_3,delete_24,delete_24,delete_24,deleting_34,deleting_34,deleting_34]","[none_40,none_40,none_40,none_4,none_31,none_32,none_31,none_32,none_31,none_32,updated_3,updated_3,updated_3,invalid_34,invalid_34,invalid_34,none_46,none_46,none_46]"
273355,"[1, 1, 7, 1, 3, 4, 3, 4, 3, 4, 2, 2, 2, 6, 6, 6, 5, 5, 5]","[block blk_6,block blk_6,NameSystem_2,block blk_6,blk_4,blk_4,blk_4,blk_4,blk_4,blk_4,NameSystem_2,NameSystem_2,NameSystem_2,blk_4,blk_4,blk_4,block blk file_7,block blk file_7,block blk file_7]","[receiving_28,receiving_28,allocate_4,receiving_28,none_22,writing_23,none_22,writing_23,none_22,writing_23,add_3,add_3,add_3,delete_24,delete_24,delete_24,deleting_34,deleting_34,deleting_34]","[none_40,none_40,none_4,none_40,none_31,none_32,none_31,none_32,none_31,none_32,updated_3,updated_3,updated_3,invalid_34,invalid_34,invalid_34,none_46,none_46,none_46]"
390622,"[1, 1, 1, 7, 3, 4, 3, 4, 3, 4, 2, 2, 2, 6, 6, 6, 5, 5, 5]","[block blk_6,block blk_6,block blk_6,NameSystem_2,blk_4,blk_4,blk_4,blk_4,blk_4,blk_4,NameSystem_2,NameSystem_2,NameSystem_2,blk_4,blk_4,blk_4,block blk file_7,block blk file_7,block blk file_7]","[receiving_28,receiving_28,receiving_28,allocate_4,none_22,writing_23,none_22,writing_23,none_22,writing_23,add_3,add_3,add_3,delete_24,delete_24,delete_24,deleting_34,deleting_34,deleting_34]","[none_40,none_40,none_40,none_4,none_31,none_32,none_31,none_32,none_31,none_32,updated_3,updated_3,updated_3,invalid_34,invalid_34,invalid_34,none_46,none_46,none_46]"
559458,"[1, 1, 7, 1, 3, 4, 3, 4, 2, 2, 3, 4, 2, 6, 6, 6, 5, 5, 5]","[block blk_6,block blk_6,NameSystem_2,block blk_6,blk_4,blk_4,blk_4,blk_4,NameSystem_2,NameSystem_2,blk_4,blk_4,NameSystem_2,blk_4,blk_4,blk_4,block blk file_7,block blk file_7,block blk file_7]","[receiving_28,receiving_28,allocate_4,receiving_28,none_22,writing_23,none_22,writing_23,add_3,add_3,none_22,writing_23,add_3,delete_24,delete_24,delete_24,deleting_34,deleting_34,deleting_34]","[none_40,none_40,none_4,none_40,none_31,none_32,none_31,none_32,updated_3,updated_3,none_31,none_32,updated_3,invalid_34,invalid_34,invalid_34,none_46,none_46,none_46]"
533431,"[1, 1, 1, 7, 3, 4, 3, 4, 3, 4, 2, 2, 2]","[block blk_6,block blk_6,block blk_6,NameSystem_2,blk_4,blk_4,blk_4,blk_4,blk_4,blk_4,NameSystem_2,NameSystem_2,NameSystem_2]","[receiving_28,receiving_28,receiving_28,allocate_4,none_22,writing_23,none_22,writing_23,none_22,writing_23,add_3,add_3,add_3]","[none_40,none_40,none_40,none_4,none_31,none_32,none_31,none_32,none_31,none_32,updated_3,updated_3,updated_3]"
494280,"[1, 7, 1, 1, 3, 4, 3, 4, 3, 4, 2, 2, 2]","[block blk_6,NameSystem_2,block blk_6,block blk_6,blk_4,blk_4,blk_4,blk_4,blk_4,blk_4,NameSystem_2,NameSystem_2,NameSystem_2]","[receiving_28,allocate_4,receiving_28,receiving_28,none_22,writing_23,none_22,writing_23,none_22,writing_23,add_3,add_3,add_3]","[none_40,none_4,none_40,none_40,none_31,none_32,none_31,none_32,none_31,none_32,updated_3,updated_3,updated_3]"
352857,"[1, 1, 7, 1, 3, 4, 3, 4, 3, 4, 2, 2, 2]","[block blk_6,block blk_6,NameSystem_2,block blk_6,blk_4,blk_4,blk_4,blk_4,blk_4,blk_4,NameSystem_2,NameSystem_2,NameSystem_2]","[receiving_28,receiving_28,allocate_4,receiving_28,none_22,writing_23,none_22,writing_23,none_22,writing_23,add_3,add_3,add_3]","[none_40,none_40,none_4,none_40,none_31,none_32,none_31,none_32,none_31,none_32,updated_3,updated_3,updated_3]"
77526,"[7, 1, 1, 1, 2, 2, 2, 3, 4, 3, 4, 3, 4, 8, 9, 8, 9, 8, 8, 9, 8, 8, 8, 9, 6, 6, 6, 5, 5, 5]","[NameSystem_2,block blk_6,block blk_6,block blk_6,NameSystem_2,NameSystem_2,NameSystem_2,blk_4,blk_4,blk_4,blk_4,blk_4,blk_4,/_0,blk_4,/_0,blk_4,/_0,/_0,blk_4,/_0,/_0,/_0,blk_4,blk_4,blk_4,blk_4,block blk file_7,block blk file_7,block blk file_7]","[allocate_4,receiving_28,receiving_28,receiving_28,add_3,add_3,add_3,none_22,writing_23,none_22,writing_23,none_22,writing_23,serving_0,transfer_13,serving_0,transfer_13,serving_0,serving_0,transfer_13,serving_0,serving_0,serving_0,transfer_13,delete_24,delete_24,delete_24,deleting_34,deleting_34,deleting_34]","[none_4,none_40,none_40,none_40,updated_3,updated_3,updated_3,none_31,none_32,none_31,none_32,none_31,none_32,none_0,exception_21,none_0,exception_21,none_0,none_0,exception_21,none_0,none_0,none_0,exception_21,invalid_34,invalid_34,invalid_34,none_46,none_46,none_46]"
101618,"[7, 1, 1, 1, 2, 2, 2, 3, 4, 3, 4, 3, 4, 8, 9, 8, 8, 8, 9, 8, 9, 8, 6, 6, 6, 5, 5, 5]","[NameSystem_2,block blk_6,block blk_6,block blk_6,NameSystem_2,NameSystem_2,NameSystem_2,blk_4,blk_4,blk_4,blk_4,blk_4,blk_4,/_0,blk_4,/_0,/_0,/_0,blk_4,/_0,blk_4,/_0,blk_4,blk_4,blk_4,block blk file_7,block blk file_7,block blk file_7]","[allocate_4,receiving_28,receiving_28,receiving_28,add_3,add_3,add_3,none_22,writing_23,none_22,writing_23,none_22,writing_23,serving_0,transfer_13,serving_0,serving_0,serving_0,transfer_13,serving_0,transfer_13,serving_0,delete_24,delete_24,delete_24,deleting_34,deleting_34,deleting_34]","[none_4,none_40,none_40,none_40,updated_3,updated_3,updated_3,none_31,none_32,none_31,none_32,none_31,none_32,none_0,exception_21,none_0,none_0,none_0,exception_21,none_0,exception_21,none_0,invalid_34,invalid_34,invalid_34,none_46,none_46,none_46]"
152033,"[1, 1, 1, 7, 3, 4, 3, 4, 3, 4, 2, 2, 2, 8, 9, 8, 8, 9, 8, 10, 6, 6, 6, 5, 5, 5]","[block blk_6,block blk_6,block blk_6,NameSystem_2,blk_4,blk_4,blk_4,blk_4,blk_4,blk_4,NameSystem_2,NameSystem_2,NameSystem_2,/_0,blk_4,/_0,/_0,blk_4,/_0,blk_4,blk_4,blk_4,blk_4,block blk file_7,block blk file_7,block blk file_7]","[receiving_28,receiving_28,receiving_28,allocate_4,none_22,writing_23,none_22,writing_23,none_22,writing_23,add_3,add_3,add_3,serving_0,transfer_13,serving_0,serving_0,transfer_13,serving_0,verification_25,delete_24,delete_24,delete_24,deleting_34,deleting_34,deleting_34]","[none_40,none_40,none_40,none_4,none_31,none_32,none_31,none_32,none_31,none_32,updated_3,updated_3,updated_3,none_0,exception_21,none_0,none_0,exception_21,none_0,successful_35,invalid_34,invalid_34,invalid_34,none_46,none_46,none_46]"
316649,"[1, 1, 1, 7, 3, 4, 3, 4, 3, 4, 2, 2, 2, 6, 6, 6, 5, 5, 5]","[block blk_6,block blk_6,block blk_6,NameSystem_2,blk_4,blk_4,blk_4,blk_4,blk_4,blk_4,NameSystem_2,NameSystem_2,NameSystem_2,blk_4,blk_4,blk_4,block blk file_7,block blk file_7,block blk file_7]","[receiving_28,receiving_28,receiving_28,allocate_4,none_22,writing_23,none_22,writing_23,none_22,writing_23,add_3,add_3,add_3,delete_24,delete_24,delete_24,deleting_34,deleting_34,deleting_34]","[none_40,none_40,none_40,none_4,none_31,none_32,none_31,none_32,none_31,none_32,updated_3,updated_3,updated_3,invalid_34,invalid_34,invalid_34,none_46,none_46,none_46]"
37484,"[7, 1, 1, 1, 2, 2, 2, 3, 4, 3, 4, 3, 4, 6, 6, 6, 5, 5, 5]","[NameSystem_2,block blk_6,block blk_6,block blk_6,NameSystem_2,NameSystem_2,NameSystem_2,blk_4,blk_4,blk_4,blk_4,blk_4,blk_4,blk_4,blk_4,blk_4,block blk file_7,block blk file_7,block blk file_7]","[allocate_4,receiving_28,receiving_28,receiving_28,add_3,add_3,add_3,none_22,writing_23,none_22,writing_23,none_22,writing_23,delete_24,delete_24,delete_24,deleting_34,deleting_34,deleting_34]","[none_4,none_40,none_40,none_40,updated_3,updated_3,updated_3,none_31,none_32,none_31,none_32,none_31,none_32,invalid_34,invalid_34,invalid_34,none_46,none_46,none_46]"
150779,"[1, 1, 1, 7, 3, 4, 3, 4, 2, 2, 2, 3, 4, 9, 8, 9, 6, 6, 6, 5, 5, 5]","[block blk_6,block blk_6,block blk_6,NameSystem_2,blk_4,blk_4,blk_4,blk_4,NameSystem_2,NameSystem_2,NameSystem_2,blk_4,blk_4,blk_4,/_0,blk_4,blk_4,blk_4,blk_4,block blk file_7,block blk file_7,block blk file_7]","[receiving_28,receiving_28,receiving_28,allocate_4,none_22,writing_23,none_22,writing_23,add_3,add_3,add_3,none_22,writing_23,transfer_13,serving_0,transfer_13,delete_24,delete_24,delete_24,deleting_34,deleting_34,deleting_34]","[none_40,none_40,none_40,none_4,none_31,none_32,none_31,none_32,updated_3,updated_3,updated_3,none_31,none_32,exception_21,none_0,exception_21,invalid_34,invalid_34,invalid_34,none_46,none_46,none_46]"
69248,"[7, 1, 1, 1, 2, 2, 2, 3, 4, 3, 4, 3, 4, 6, 6, 6, 5, 5, 5]","[NameSystem_2,block blk_6,block blk_6,block blk_6,NameSystem_2,NameSystem_2,NameSystem_2,blk_4,blk_4,blk_4,blk_4,blk_4,blk_4,blk_4,blk_4,blk_4,block blk file_7,block blk file_7,block blk file_7]","[allocate_4,receiving_28,receiving_28,receiving_28,add_3,add_3,add_3,none_22,writing_23,none_22,writing_23,none_22,writing_23,delete_24,delete_24,delete_24,deleting_34,deleting_34,deleting_34]","[none_4,none_40,none_40,none_40,updated_3,updated_3,updated_3,none_31,none_32,none_31,none_32,none_31,none_32,invalid_34,invalid_34,invalid_34,none_46,none_46,none_46]"
314156,"[1, 1, 1, 7, 3, 4, 3, 4, 3, 4, 2, 2, 2, 6, 6, 6, 5, 5, 5]","[block blk_6,block blk_6,block blk_6,NameSystem_2,blk_4,blk_4,blk_4,blk_4,blk_4,blk_4,NameSystem_2,NameSystem_2,NameSystem_2,blk_4,blk_4,blk_4,block blk file_7,block blk file_7,block blk file_7]","[receiving_28,receiving_28,receiving_28,allocate_4,none_22,writing_23,none_22,writing_23,none_22,writing_23,add_3,add_3,add_3,delete_24,delete_24,delete_24,deleting_34,deleting_34,deleting_34]","[none_40,none_40,none_40,none_4,none_31,none_32,none_31,none_32,none_31,none_32,updated_3,updated_3,updated_3,invalid_34,invalid_34,invalid_34,none_46,none_46,none_46]"
463896,"[1, 1, 1, 7, 3, 4, 3, 4, 3, 4, 2, 2, 2, 6, 6, 6, 5, 5, 5]","[block blk_6,block blk_6,block blk_6,NameSystem_2,blk_4,blk_4,blk_4,blk_4,blk_4,blk_4,NameSystem_2,NameSystem_2,NameSystem_2,blk_4,blk_4,blk_4,block blk file_7,block blk file_7,block blk file_7]","[receiving_28,receiving_28,receiving_28,allocate_4,none_22,writing_23,none_22,writing_23,none_22,writing_23,add_3,add_3,add_3,delete_24,delete_24,delete_24,deleting_34,deleting_34,deleting_34]","[none_40,none_40,none_40,none_4,none_31,none_32,none_31,none_32,none_31,none_32,updated_3,updated_3,updated_3,invalid_34,invalid_34,invalid_34,none_46,none_46,none_46]"
234891,"[1, 7, 1, 1, 3, 4, 3, 4, 3, 4, 2, 2, 2, 6, 6, 6, 5, 5, 5]","[block blk_6,NameSystem_2,block blk_6,block blk_6,blk_4,blk_4,blk_4,blk_4,blk_4,blk_4,NameSystem_2,NameSystem_2,NameSystem_2,blk_4,blk_4,blk_4,block blk file_7,block blk file_7,block blk file_7]","[receiving_28,allocate_4,receiving_28,receiving_28,none_22,writing_23,none_22,writing_23,none_22,writing_23,add_3,add_3,add_3,delete_24,delete_24,delete_24,deleting_34,deleting_34,deleting_34]","[none_40,none_4,none_40,none_40,none_31,none_32,none_31,none_32,none_31,none_32,updated_3,updated_3,updated_3,invalid_34,invalid_34,invalid_34,none_46,none_46,none_46]"
301345,"[7, 1, 1, 1, 3, 4, 3, 4, 3, 4, 2, 2, 2, 6, 6, 6, 5, 5, 5]","[NameSystem_2,block blk_6,block blk_6,block blk_6,blk_4,blk_4,blk_4,blk_4,blk_4,blk_4,NameSystem_2,NameSystem_2,NameSystem_2,blk_4,blk_4,blk_4,block blk file_7,block blk file_7,block blk file_7]","[allocate_4,receiving_28,receiving_28,receiving_28,none_22,writing_23,none_22,writing_23,none_22,writing_23,add_3,add_3,add_3,delete_24,delete_24,delete_24,deleting_34,deleting_34,deleting_34]","[none_4,none_40,none_40,none_40,none_31,none_32,none_31,none_32,none_31,none_32,updated_3,updated_3,updated_3,invalid_34,invalid_34,invalid_34,none_46,none_46,none_46]"
348279,"[1, 7, 1, 1, 3, 4, 3, 4, 3, 4, 2, 2, 2]","[block blk_6,NameSystem_2,block blk_6,block blk_6,blk_4,blk_4,blk_4,blk_4,blk_4,blk_4,NameSystem_2,NameSystem_2,NameSystem_2]","[receiving_28,allocate_4,receiving_28,receiving_28,none_22,writing_23,none_22,writing_23,none_22,writing_23,add_3,add_3,add_3]","[none_40,none_4,none_40,none_40,none_31,none_32,none_31,none_32,none_31,none_32,updated_3,updated_3,updated_3]"
504947,"[1, 1, 1, 7, 3, 4, 3, 4, 3, 4, 2, 2, 2]","[block blk_6,block blk_6,block blk_6,NameSystem_2,blk_4,blk_4,blk_4,blk_4,blk_4,blk_4,NameSystem_2,NameSystem_2,NameSystem_2]","[receiving_28,receiving_28,receiving_28,allocate_4,none_22,writing_23,none_22,writing_23,none_22,writing_23,add_3,add_3,add_3]","[none_40,none_40,none_40,none_4,none_31,none_32,none_31,none_32,none_31,none_32,updated_3,updated_3,updated_3]"
155447,"[1, 1, 1, 7, 3, 4, 3, 4, 3, 4, 2, 2, 2, 8, 8, 9, 8, 8, 9, 6, 6, 6, 5, 5, 5]","[block blk_6,block blk_6,block blk_6,NameSystem_2,blk_4,blk_4,blk_4,blk_4,blk_4,blk_4,NameSystem_2,NameSystem_2,NameSystem_2,/_0,/_0,blk_4,/_0,/_0,blk_4,blk_4,blk_4,blk_4,block blk file_7,block blk file_7,block blk file_7]","[receiving_28,receiving_28,receiving_28,allocate_4,none_22,writing_23,none_22,writing_23,none_22,writing_23,add_3,add_3,add_3,serving_0,serving_0,transfer_13,serving_0,serving_0,transfer_13,delete_24,delete_24,delete_24,deleting_34,deleting_34,deleting_34]","[none_40,none_40,none_40,none_4,none_31,none_32,none_31,none_32,none_31,none_32,updated_3,updated_3,updated_3,none_0,none_0,exception_21,none_0,none_0,exception_21,invalid_34,invalid_34,invalid_34,none_46,none_46,none_46]"
69441,"[7, 1, 1, 1, 2, 2, 2, 3, 4, 3, 4, 3, 4, 6, 6, 6, 5, 5, 5]","[NameSystem_2,block blk_6,block blk_6,block blk_6,NameSystem_2,NameSystem_2,NameSystem_2,blk_4,blk_4,blk_4,blk_4,blk_4,blk_4,blk_4,blk_4,blk_4,block blk file_7,block blk file_7,block blk file_7]","[allocate_4,receiving_28,receiving_28,receiving_28,add_3,add_3,add_3,none_22,writing_23,none_22,writing_23,none_22,writing_23,delete_24,delete_24,delete_24,deleting_34,deleting_34,deleting_34]","[none_4,none_40,none_40,none_40,updated_3,updated_3,updated_3,none_31,none_32,none_31,none_32,none_31,none_32,invalid_34,invalid_34,invalid_34,none_46,none_46,none_46]"
464499,"[1, 1, 1, 7, 3, 4, 3, 4, 3, 4, 2, 2, 2, 6, 6, 6, 5, 5, 5]","[block blk_6,block blk_6,block blk_6,NameSystem_2,blk_4,blk_4,blk_4,blk_4,blk_4,blk_4,NameSystem_2,NameSystem_2,NameSystem_2,blk_4,blk_4,blk_4,block blk file_7,block blk file_7,block blk file_7]","[receiving_28,receiving_28,receiving_28,allocate_4,none_22,writing_23,none_22,writing_23,none_22,writing_23,add_3,add_3,add_3,delete_24,delete_24,delete_24,deleting_34,deleting_34,deleting_34]","[none_40,none_40,none_40,none_4,none_31,none_32,none_31,none_32,none_31,none_32,updated_3,updated_3,updated_3,invalid_34,invalid_34,invalid_34,none_46,none_46,none_46]"
448474,"[1, 1, 1, 7, 3, 4, 3, 4, 3, 4, 2, 2, 2, 6, 6, 6, 5, 5, 5]","[block blk_6,block blk_6,block blk_6,NameSystem_2,blk_4,blk_4,blk_4,blk_4,blk_4,blk_4,NameSystem_2,NameSystem_2,NameSystem_2,blk_4,blk_4,blk_4,block blk file_7,block blk file_7,block blk file_7]","[receiving_28,receiving_28,receiving_28,allocate_4,none_22,writing_23,none_22,writing_23,none_22,writing_23,add_3,add_3,add_3,delete_24,delete_24,delete_24,deleting_34,deleting_34,deleting_34]","[none_40,none_40,none_40,none_4,none_31,none_32,none_31,none_32,none_31,none_32,updated_3,updated_3,updated_3,invalid_34,invalid_34,invalid_34,none_46,none_46,none_46]"
33956,"[1, 1, 1, 7, 3, 4, 3, 4, 3, 4, 2, 2, 2, 9, 8, 9, 6, 6, 6, 5, 5, 5]","[block blk_6,block blk_6,block blk_6,NameSystem_2,blk_4,blk_4,blk_4,blk_4,blk_4,blk_4,NameSystem_2,NameSystem_2,NameSystem_2,blk_4,/_0,blk_4,blk_4,blk_4,blk_4,block blk file_7,block blk file_7,block blk file_7]","[receiving_28,receiving_28,receiving_28,allocate_4,none_22,writing_23,none_22,writing_23,none_22,writing_23,add_3,add_3,add_3,transfer_13,serving_0,transfer_13,delete_24,delete_24,delete_24,deleting_34,deleting_34,deleting_34]","[none_40,none_40,none_40,none_4,none_31,none_32,none_31,none_32,none_31,none_32,updated_3,updated_3,updated_3,exception_21,none_0,exception_21,invalid_34,invalid_34,invalid_34,none_46,none_46,none_46]"
46831,"[7, 1, 1, 1, 2, 3, 4, 2, 2, 3, 4, 3, 4, 6, 6, 6, 5, 5, 5]","[NameSystem_2,block blk_6,block blk_6,block blk_6,NameSystem_2,blk_4,blk_4,NameSystem_2,NameSystem_2,blk_4,blk_4,blk_4,blk_4,blk_4,blk_4,blk_4,block blk file_7,block blk file_7,block blk file_7]","[allocate_4,receiving_28,receiving_28,receiving_28,add_3,none_22,writing_23,add_3,add_3,none_22,writing_23,none_22,writing_23,delete_24,delete_24,delete_24,deleting_34,deleting_34,deleting_34]","[none_4,none_40,none_40,none_40,updated_3,none_31,none_32,updated_3,updated_3,none_31,none_32,none_31,none_32,invalid_34,invalid_34,invalid_34,none_46,none_46,none_46]"
58044,"[7, 1, 1, 1, 2, 2, 2, 3, 4, 3, 4, 3, 4, 6, 6, 6, 5, 5, 5]","[NameSystem_2,block blk_6,block blk_6,block blk_6,NameSystem_2,NameSystem_2,NameSystem_2,blk_4,blk_4,blk_4,blk_4,blk_4,blk_4,blk_4,blk_4,blk_4,block blk file_7,block blk file_7,block blk file_7]","[allocate_4,receiving_28,receiving_28,receiving_28,add_3,add_3,add_3,none_22,writing_23,none_22,writing_23,none_22,writing_23,delete_24,delete_24,delete_24,deleting_34,deleting_34,deleting_34]","[none_4,none_40,none_40,none_40,updated_3,updated_3,updated_3,none_31,none_32,none_31,none_32,none_31,none_32,invalid_34,invalid_34,invalid_34,none_46,none_46,none_46]"
161099,"[1, 1, 7, 1, 3, 4, 3, 4, 3, 4, 2, 2, 2, 8, 9, 8, 8, 9, 8, 6, 6, 6, 5, 5, 5]","[block blk_6,block blk_6,NameSystem_2,block blk_6,blk_4,blk_4,blk_4,blk_4,blk_4,blk_4,NameSystem_2,NameSystem_2,NameSystem_2,/_0,blk_4,/_0,/_0,blk_4,/_0,blk_4,blk_4,blk_4,block blk file_7,block blk file_7,block blk file_7]","[receiving_28,receiving_28,allocate_4,receiving_28,none_22,writing_23,none_22,writing_23,none_22,writing_23,add_3,add_3,add_3,serving_0,transfer_13,serving_0,serving_0,transfer_13,serving_0,delete_24,delete_24,delete_24,deleting_34,deleting_34,deleting_34]","[none_40,none_40,none_4,none_40,none_31,none_32,none_31,none_32,none_31,none_32,updated_3,updated_3,updated_3,none_0,exception_21,none_0,none_0,exception_21,none_0,invalid_34,invalid_34,invalid_34,none_46,none_46,none_46]"
421570,"[1, 1, 7, 1, 3, 4, 3, 4, 3, 4, 2, 2, 2, 6, 6, 6, 5, 5, 5]","[block blk_6,block blk_6,NameSystem_2,block blk_6,blk_4,blk_4,blk_4,blk_4,blk_4,blk_4,NameSystem_2,NameSystem_2,NameSystem_2,blk_4,blk_4,blk_4,block blk file_7,block blk file_7,block blk file_7]","[receiving_28,receiving_28,allocate_4,receiving_28,none_22,writing_23,none_22,writing_23,none_22,writing_23,add_3,add_3,add_3,delete_24,delete_24,delete_24,deleting_34,deleting_34,deleting_34]","[none_40,none_40,none_4,none_40,none_31,none_32,none_31,none_32,none_31,none_32,updated_3,updated_3,updated_3,invalid_34,invalid_34,invalid_34,none_46,none_46,none_46]"
334545,"[1, 7, 1, 1, 3, 4, 3, 4, 3, 4, 2, 2, 2]","[block blk_6,NameSystem_2,block blk_6,block blk_6,blk_4,blk_4,blk_4,blk_4,blk_4,blk_4,NameSystem_2,NameSystem_2,NameSystem_2]","[receiving_28,allocate_4,receiving_28,receiving_28,none_22,writing_23,none_22,writing_23,none_22,writing_23,add_3,add_3,add_3]","[none_40,none_4,none_40,none_40,none_31,none_32,none_31,none_32,none_31,none_32,updated_3,updated_3,updated_3]"
76167,"[7, 1, 1, 1, 2, 2, 2, 3, 4, 3, 4, 3, 4, 8, 9, 8, 8, 9, 8, 9, 8, 8, 8, 9, 8, 6, 6, 6, 5, 5, 5]","[NameSystem_2,block blk_6,block blk_6,block blk_6,NameSystem_2,NameSystem_2,NameSystem_2,blk_4,blk_4,blk_4,blk_4,blk_4,blk_4,/_0,blk_4,/_0,/_0,blk_4,/_0,blk_4,/_0,/_0,/_0,blk_4,/_0,blk_4,blk_4,blk_4,block blk file_7,block blk file_7,block blk file_7]","[allocate_4,receiving_28,receiving_28,receiving_28,add_3,add_3,add_3,none_22,writing_23,none_22,writing_23,none_22,writing_23,serving_0,transfer_13,serving_0,serving_0,transfer_13,serving_0,transfer_13,serving_0,serving_0,serving_0,transfer_13,serving_0,delete_24,delete_24,delete_24,deleting_34,deleting_34,deleting_34]","[none_4,none_40,none_40,none_40,updated_3,updated_3,updated_3,none_31,none_32,none_31,none_32,none_31,none_32,none_0,exception_21,none_0,none_0,exception_21,none_0,exception_21,none_0,none_0,none_0,exception_21,none_0,invalid_34,invalid_34,invalid_34,none_46,none_46,none_46]"
490378,"[1, 1, 1, 7, 3, 4, 3, 4, 3, 4, 2, 2, 2]","[block blk_6,block blk_6,block blk_6,NameSystem_2,blk_4,blk_4,blk_4,blk_4,blk_4,blk_4,NameSystem_2,NameSystem_2,NameSystem_2]","[receiving_28,receiving_28,receiving_28,allocate_4,none_22,writing_23,none_22,writing_23,none_22,writing_23,add_3,add_3,add_3]","[none_40,none_40,none_40,none_4,none_31,none_32,none_31,none_32,none_31,none_32,updated_3,updated_3,updated_3]"
301406,"[1, 1, 1, 7, 3, 4, 3, 4, 3, 4, 2, 2, 2, 6, 6, 6, 5, 5, 5]","[block blk_6,block blk_6,block blk_6,NameSystem_2,blk_4,blk_4,blk_4,blk_4,blk_4,blk_4,NameSystem_2,NameSystem_2,NameSystem_2,blk_4,blk_4,blk_4,block blk file_7,block blk file_7,block blk file_7]","[receiving_28,receiving_28,receiving_28,allocate_4,none_22,writing_23,none_22,writing_23,none_22,writing_23,add_3,add_3,add_3,delete_24,delete_24,delete_24,deleting_34,deleting_34,deleting_34]","[none_40,none_40,none_40,none_4,none_31,none_32,none_31,none_32,none_31,none_32,updated_3,updated_3,updated_3,invalid_34,invalid_34,invalid_34,none_46,none_46,none_46]"
328576,"[1, 1, 1, 7, 3, 4, 3, 4, 3, 4, 2, 2, 2, 10]","[block blk_6,block blk_6,block blk_6,NameSystem_2,blk_4,blk_4,blk_4,blk_4,blk_4,blk_4,NameSystem_2,NameSystem_2,NameSystem_2,blk_4]","[receiving_28,receiving_28,receiving_28,allocate_4,none_22,writing_23,none_22,writing_23,none_22,writing_23,add_3,add_3,add_3,verification_25]","[none_40,none_40,none_40,none_4,none_31,none_32,none_31,none_32,none_31,none_32,updated_3,updated_3,updated_3,successful_35]"
306373,"[1, 1, 1, 7, 3, 4, 3, 4, 3, 4, 2, 2, 2, 6, 6, 6, 5, 5, 5]","[block blk_6,block blk_6,block blk_6,NameSystem_2,blk_4,blk_4,blk_4,blk_4,blk_4,blk_4,NameSystem_2,NameSystem_2,NameSystem_2,blk_4,blk_4,blk_4,block blk file_7,block blk file_7,block blk file_7]","[receiving_28,receiving_28,receiving_28,allocate_4,none_22,writing_23,none_22,writing_23,none_22,writing_23,add_3,add_3,add_3,delete_24,delete_24,delete_24,deleting_34,deleting_34,deleting_34]","[none_40,none_40,none_40,none_4,none_31,none_32,none_31,none_32,none_31,none_32,updated_3,updated_3,updated_3,invalid_34,invalid_34,invalid_34,none_46,none_46,none_46]"
507062,"[1, 1, 1, 7, 3, 4, 3, 4, 3, 4, 2, 2, 2]","[block blk_6,block blk_6,block blk_6,NameSystem_2,blk_4,blk_4,blk_4,blk_4,blk_4,blk_4,NameSystem_2,NameSystem_2,NameSystem_2]","[receiving_28,receiving_28,receiving_28,allocate_4,none_22,writing_23,none_22,writing_23,none_22,writing_23,add_3,add_3,add_3]","[none_40,none_40,none_40,none_4,none_31,none_32,none_31,none_32,none_31,none_32,updated_3,updated_3,updated_3]"
384338,"[1, 1, 1, 7, 3, 4, 3, 4, 3, 4, 2, 2, 2, 6, 6, 6, 5, 5, 5]","[block blk_6,block blk_6,block blk_6,NameSystem_2,blk_4,blk_4,blk_4,blk_4,blk_4,blk_4,NameSystem_2,NameSystem_2,NameSystem_2,blk_4,blk_4,blk_4,block blk file_7,block blk file_7,block blk file_7]","[receiving_28,receiving_28,receiving_28,allocate_4,none_22,writing_23,none_22,writing_23,none_22,writing_23,add_3,add_3,add_3,delete_24,delete_24,delete_24,deleting_34,deleting_34,deleting_34]","[none_40,none_40,none_40,none_4,none_31,none_32,none_31,none_32,none_31,none_32,updated_3,updated_3,updated_3,invalid_34,invalid_34,invalid_34,none_46,none_46,none_46]"
524538,"[1, 1, 7, 1, 3, 4, 3, 4, 3, 4, 2, 2, 2]","[block blk_6,block blk_6,NameSystem_2,block blk_6,blk_4,blk_4,blk_4,blk_4,blk_4,blk_4,NameSystem_2,NameSystem_2,NameSystem_2]","[receiving_28,receiving_28,allocate_4,receiving_28,none_22,writing_23,none_22,writing_23,none_22,writing_23,add_3,add_3,add_3]","[none_40,none_40,none_4,none_40,none_31,none_32,none_31,none_32,none_31,none_32,updated_3,updated_3,updated_3]"
451254,"[1, 1, 1, 7, 3, 4, 3, 4, 3, 4, 2, 2, 2, 6, 6, 6, 5, 5, 5]","[block blk_6,block blk_6,block blk_6,NameSystem_2,blk_4,blk_4,blk_4,blk_4,blk_4,blk_4,NameSystem_2,NameSystem_2,NameSystem_2,blk_4,blk_4,blk_4,block blk file_7,block blk file_7,block blk file_7]","[receiving_28,receiving_28,receiving_28,allocate_4,none_22,writing_23,none_22,writing_23,none_22,writing_23,add_3,add_3,add_3,delete_24,delete_24,delete_24,deleting_34,deleting_34,deleting_34]","[none_40,none_40,none_40,none_4,none_31,none_32,none_31,none_32,none_31,none_32,updated_3,updated_3,updated_3,invalid_34,invalid_34,invalid_34,none_46,none_46,none_46]"
107550,"[7, 1, 1, 1, 2, 2, 2, 3, 4, 3, 4, 3, 4, 6, 6, 6, 5, 5, 5]","[NameSystem_2,block blk_6,block blk_6,block blk_6,NameSystem_2,NameSystem_2,NameSystem_2,blk_4,blk_4,blk_4,blk_4,blk_4,blk_4,blk_4,blk_4,blk_4,block blk file_7,block blk file_7,block blk file_7]","[allocate_4,receiving_28,receiving_28,receiving_28,add_3,add_3,add_3,none_22,writing_23,none_22,writing_23,none_22,writing_23,delete_24,delete_24,delete_24,deleting_34,deleting_34,deleting_34]","[none_4,none_40,none_40,none_40,updated_3,updated_3,updated_3,none_31,none_32,none_31,none_32,none_31,none_32,invalid_34,invalid_34,invalid_34,none_46,none_46,none_46]"
19246,"[1, 7, 1, 1, 3, 4, 3, 4, 3, 4, 2, 2, 2, 9, 8, 9, 6, 6, 6, 5, 5, 5]","[block blk_6,NameSystem_2,block blk_6,block blk_6,blk_4,blk_4,blk_4,blk_4,blk_4,blk_4,NameSystem_2,NameSystem_2,NameSystem_2,blk_4,/_0,blk_4,blk_4,blk_4,blk_4,block blk file_7,block blk file_7,block blk file_7]","[receiving_28,allocate_4,receiving_28,receiving_28,none_22,writing_23,none_22,writing_23,none_22,writing_23,add_3,add_3,add_3,transfer_13,serving_0,transfer_13,delete_24,delete_24,delete_24,deleting_34,deleting_34,deleting_34]","[none_40,none_4,none_40,none_40,none_31,none_32,none_31,none_32,none_31,none_32,updated_3,updated_3,updated_3,exception_21,none_0,exception_21,invalid_34,invalid_34,invalid_34,none_46,none_46,none_46]"
270230,"[7, 1, 1, 1, 3, 4, 3, 4, 3, 4, 2, 2, 2, 6, 6, 6, 5, 5, 5]","[NameSystem_2,block blk_6,block blk_6,block blk_6,blk_4,blk_4,blk_4,blk_4,blk_4,blk_4,NameSystem_2,NameSystem_2,NameSystem_2,blk_4,blk_4,blk_4,block blk file_7,block blk file_7,block blk file_7]","[allocate_4,receiving_28,receiving_28,receiving_28,none_22,writing_23,none_22,writing_23,none_22,writing_23,add_3,add_3,add_3,delete_24,delete_24,delete_24,deleting_34,deleting_34,deleting_34]","[none_4,none_40,none_40,none_40,none_31,none_32,none_31,none_32,none_31,none_32,updated_3,updated_3,updated_3,invalid_34,invalid_34,invalid_34,none_46,none_46,none_46]"
419318,"[1, 1, 1, 7, 3, 4, 3, 4, 3, 4, 2, 2, 2, 6, 6, 6, 5, 5, 5]","[block blk_6,block blk_6,block blk_6,NameSystem_2,blk_4,blk_4,blk_4,blk_4,blk_4,blk_4,NameSystem_2,NameSystem_2,NameSystem_2,blk_4,blk_4,blk_4,block blk file_7,block blk file_7,block blk file_7]","[receiving_28,receiving_28,receiving_28,allocate_4,none_22,writing_23,none_22,writing_23,none_22,writing_23,add_3,add_3,add_3,delete_24,delete_24,delete_24,deleting_34,deleting_34,deleting_34]","[none_40,none_40,none_40,none_4,none_31,none_32,none_31,none_32,none_31,none_32,updated_3,updated_3,updated_3,invalid_34,invalid_34,invalid_34,none_46,none_46,none_46]"
269182,"[1, 1, 1, 7, 3, 4, 3, 4, 3, 4, 2, 2, 2, 6, 6, 6, 5, 5, 5]","[block blk_6,block blk_6,block blk_6,NameSystem_2,blk_4,blk_4,blk_4,blk_4,blk_4,blk_4,NameSystem_2,NameSystem_2,NameSystem_2,blk_4,blk_4,blk_4,block blk file_7,block blk file_7,block blk file_7]","[receiving_28,receiving_28,receiving_28,allocate_4,none_22,writing_23,none_22,writing_23,none_22,writing_23,add_3,add_3,add_3,delete_24,delete_24,delete_24,deleting_34,deleting_34,deleting_34]","[none_40,none_40,none_40,none_4,none_31,none_32,none_31,none_32,none_31,none_32,updated_3,updated_3,updated_3,invalid_34,invalid_34,invalid_34,none_46,none_46,none_46]"
99731,"[7, 1, 1, 1, 2, 2, 2, 3, 4, 3, 4, 3, 4, 8, 9, 8, 8, 9, 8, 8, 9, 8, 6, 6, 6, 5, 5, 5]","[NameSystem_2,block blk_6,block blk_6,block blk_6,NameSystem_2,NameSystem_2,NameSystem_2,blk_4,blk_4,blk_4,blk_4,blk_4,blk_4,/_0,blk_4,/_0,/_0,blk_4,/_0,/_0,blk_4,/_0,blk_4,blk_4,blk_4,block blk file_7,block blk file_7,block blk file_7]","[allocate_4,receiving_28,receiving_28,receiving_28,add_3,add_3,add_3,none_22,writing_23,none_22,writing_23,none_22,writing_23,serving_0,transfer_13,serving_0,serving_0,transfer_13,serving_0,serving_0,transfer_13,serving_0,delete_24,delete_24,delete_24,deleting_34,deleting_34,deleting_34]","[none_4,none_40,none_40,none_40,updated_3,updated_3,updated_3,none_31,none_32,none_31,none_32,none_31,none_32,none_0,exception_21,none_0,none_0,exception_21,none_0,none_0,exception_21,none_0,invalid_34,invalid_34,invalid_34,none_46,none_46,none_46]"
390090,"[7, 1, 1, 1, 3, 4, 3, 4, 2, 2, 3, 4, 2, 6, 6, 6, 5, 5, 5]","[NameSystem_2,block blk_6,block blk_6,block blk_6,blk_4,blk_4,blk_4,blk_4,NameSystem_2,NameSystem_2,blk_4,blk_4,NameSystem_2,blk_4,blk_4,blk_4,block blk file_7,block blk file_7,block blk file_7]","[allocate_4,receiving_28,receiving_28,receiving_28,none_22,writing_23,none_22,writing_23,add_3,add_3,none_22,writing_23,add_3,delete_24,delete_24,delete_24,deleting_34,deleting_34,deleting_34]","[none_4,none_40,none_40,none_40,none_31,none_32,none_31,none_32,updated_3,updated_3,none_31,none_32,updated_3,invalid_34,invalid_34,invalid_34,none_46,none_46,none_46]"
412851,"[1, 1, 7, 1, 3, 4, 3, 4, 2, 2, 3, 4, 2, 6, 6, 6, 5, 5, 5]","[block blk_6,block blk_6,NameSystem_2,block blk_6,blk_4,blk_4,blk_4,blk_4,NameSystem_2,NameSystem_2,blk_4,blk_4,NameSystem_2,blk_4,blk_4,blk_4,block blk file_7,block blk file_7,block blk file_7]","[receiving_28,receiving_28,allocate_4,receiving_28,none_22,writing_23,none_22,writing_23,add_3,add_3,none_22,writing_23,add_3,delete_24,delete_24,delete_24,deleting_34,deleting_34,deleting_34]","[none_40,none_40,none_4,none_40,none_31,none_32,none_31,none_32,updated_3,updated_3,none_31,none_32,updated_3,invalid_34,invalid_34,invalid_34,none_46,none_46,none_46]"
346624,"[1, 7, 1, 1, 3, 4, 3, 4, 3, 4, 2, 2, 2]","[block blk_6,NameSystem_2,block blk_6,block blk_6,blk_4,blk_4,blk_4,blk_4,blk_4,blk_4,NameSystem_2,NameSystem_2,NameSystem_2]","[receiving_28,allocate_4,receiving_28,receiving_28,none_22,writing_23,none_22,writing_23,none_22,writing_23,add_3,add_3,add_3]","[none_40,none_4,none_40,none_40,none_31,none_32,none_31,none_32,none_31,none_32,updated_3,updated_3,updated_3]"
420761,"[1, 1, 7, 1, 3, 4, 3, 4, 3, 4, 2, 2, 2, 6, 6, 6, 5, 5, 5]","[block blk_6,block blk_6,NameSystem_2,block blk_6,blk_4,blk_4,blk_4,blk_4,blk_4,blk_4,NameSystem_2,NameSystem_2,NameSystem_2,blk_4,blk_4,blk_4,block blk file_7,block blk file_7,block blk file_7]","[receiving_28,receiving_28,allocate_4,receiving_28,none_22,writing_23,none_22,writing_23,none_22,writing_23,add_3,add_3,add_3,delete_24,delete_24,delete_24,deleting_34,deleting_34,deleting_34]","[none_40,none_40,none_4,none_40,none_31,none_32,none_31,none_32,none_31,none_32,updated_3,updated_3,updated_3,invalid_34,invalid_34,invalid_34,none_46,none_46,none_46]"
523680,"[1, 7, 1, 1, 3, 4, 3, 4, 3, 4, 2, 2, 2]","[block blk_6,NameSystem_2,block blk_6,block blk_6,blk_4,blk_4,blk_4,blk_4,blk_4,blk_4,NameSystem_2,NameSystem_2,NameSystem_2]","[receiving_28,allocate_4,receiving_28,receiving_28,none_22,writing_23,none_22,writing_23,none_22,writing_23,add_3,add_3,add_3]","[none_40,none_4,none_40,none_40,none_31,none_32,none_31,none_32,none_31,none_32,updated_3,updated_3,updated_3]"
111723,"[7, 1, 1, 1, 2, 2, 3, 4, 3, 4, 2, 3, 4, 10, 9, 9, 8, 10, 10, 6, 6, 6, 5, 5, 5]","[NameSystem_2,block blk_6,block blk_6,block blk_6,NameSystem_2,NameSystem_2,blk_4,blk_4,blk_4,blk_4,NameSystem_2,blk_4,blk_4,blk_4,blk_4,blk_4,/_0,blk_4,blk_4,blk_4,blk_4,blk_4,block blk file_7,block blk file_7,block blk file_7]","[allocate_4,receiving_28,receiving_28,receiving_28,add_3,add_3,none_22,writing_23,none_22,writing_23,add_3,none_22,writing_23,verification_25,transfer_13,transfer_13,serving_0,verification_25,verification_25,delete_24,delete_24,delete_24,deleting_34,deleting_34,deleting_34]","[none_4,none_40,none_40,none_40,updated_3,updated_3,none_31,none_32,none_31,none_32,updated_3,none_31,none_32,successful_35,exception_21,exception_21,none_0,successful_35,successful_35,invalid_34,invalid_34,invalid_34,none_46,none_46,none_46]"
565317,"[1, 7, 1, 1, 3, 4, 3, 4, 3, 4, 2, 2, 2, 6, 6, 6, 5, 5, 5]","[block blk_6,NameSystem_2,block blk_6,block blk_6,blk_4,blk_4,blk_4,blk_4,blk_4,blk_4,NameSystem_2,NameSystem_2,NameSystem_2,blk_4,blk_4,blk_4,block blk file_7,block blk file_7,block blk file_7]","[receiving_28,allocate_4,receiving_28,receiving_28,none_22,writing_23,none_22,writing_23,none_22,writing_23,add_3,add_3,add_3,delete_24,delete_24,delete_24,deleting_34,deleting_34,deleting_34]","[none_40,none_4,none_40,none_40,none_31,none_32,none_31,none_32,none_31,none_32,updated_3,updated_3,updated_3,invalid_34,invalid_34,invalid_34,none_46,none_46,none_46]"
71427,"[7, 1, 1, 1, 2, 2, 2, 3, 4, 3, 4, 3, 4, 8, 8, 9, 8, 8, 9, 8, 9, 8, 8, 8, 9, 6, 6, 6, 5, 5, 5]","[NameSystem_2,block blk_6,block blk_6,block blk_6,NameSystem_2,NameSystem_2,NameSystem_2,blk_4,blk_4,blk_4,blk_4,blk_4,blk_4,/_0,/_0,blk_4,/_0,/_0,blk_4,/_0,blk_4,/_0,/_0,/_0,blk_4,blk_4,blk_4,blk_4,block blk file_7,block blk file_7,block blk file_7]","[allocate_4,receiving_28,receiving_28,receiving_28,add_3,add_3,add_3,none_22,writing_23,none_22,writing_23,none_22,writing_23,serving_0,serving_0,transfer_13,serving_0,serving_0,transfer_13,serving_0,transfer_13,serving_0,serving_0,serving_0,transfer_13,delete_24,delete_24,delete_24,deleting_34,deleting_34,deleting_34]","[none_4,none_40,none_40,none_40,updated_3,updated_3,updated_3,none_31,none_32,none_31,none_32,none_31,none_32,none_0,none_0,exception_21,none_0,none_0,exception_21,none_0,exception_21,none_0,none_0,none_0,exception_21,invalid_34,invalid_34,invalid_34,none_46,none_46,none_46]"
426819,"[1, 1, 1, 7, 3, 4, 3, 4, 3, 4, 2, 2, 2, 6, 6, 6, 5, 5, 5]","[block blk_6,block blk_6,block blk_6,NameSystem_2,blk_4,blk_4,blk_4,blk_4,blk_4,blk_4,NameSystem_2,NameSystem_2,NameSystem_2,blk_4,blk_4,blk_4,block blk file_7,block blk file_7,block blk file_7]","[receiving_28,receiving_28,receiving_28,allocate_4,none_22,writing_23,none_22,writing_23,none_22,writing_23,add_3,add_3,add_3,delete_24,delete_24,delete_24,deleting_34,deleting_34,deleting_34]","[none_40,none_40,none_40,none_4,none_31,none_32,none_31,none_32,none_31,none_32,updated_3,updated_3,updated_3,invalid_34,invalid_34,invalid_34,none_46,none_46,none_46]"
376936,"[1, 1, 1, 7, 3, 4, 2, 3, 4, 3, 4, 2, 2, 6, 6, 6, 5, 5, 5]","[block blk_6,block blk_6,block blk_6,NameSystem_2,blk_4,blk_4,NameSystem_2,blk_4,blk_4,blk_4,blk_4,NameSystem_2,NameSystem_2,blk_4,blk_4,blk_4,block blk file_7,block blk file_7,block blk file_7]","[receiving_28,receiving_28,receiving_28,allocate_4,none_22,writing_23,add_3,none_22,writing_23,none_22,writing_23,add_3,add_3,delete_24,delete_24,delete_24,deleting_34,deleting_34,deleting_34]","[none_40,none_40,none_40,none_4,none_31,none_32,updated_3,none_31,none_32,none_31,none_32,updated_3,updated_3,invalid_34,invalid_34,invalid_34,none_46,none_46,none_46]"
286709,"[7, 1, 1, 1, 3, 4, 3, 4, 3, 4, 2, 2, 2, 6, 6, 6, 5, 5, 5]","[NameSystem_2,block blk_6,block blk_6,block blk_6,blk_4,blk_4,blk_4,blk_4,blk_4,blk_4,NameSystem_2,NameSystem_2,NameSystem_2,blk_4,blk_4,blk_4,block blk file_7,block blk file_7,block blk file_7]","[allocate_4,receiving_28,receiving_28,receiving_28,none_22,writing_23,none_22,writing_23,none_22,writing_23,add_3,add_3,add_3,delete_24,delete_24,delete_24,deleting_34,deleting_34,deleting_34]","[none_4,none_40,none_40,none_40,none_31,none_32,none_31,none_32,none_31,none_32,updated_3,updated_3,updated_3,invalid_34,invalid_34,invalid_34,none_46,none_46,none_46]"
385158,"[1, 1, 7, 1, 3, 4, 3, 4, 3, 4, 2, 2, 2, 6, 6, 6, 5, 5, 5]","[block blk_6,block blk_6,NameSystem_2,block blk_6,blk_4,blk_4,blk_4,blk_4,blk_4,blk_4,NameSystem_2,NameSystem_2,NameSystem_2,blk_4,blk_4,blk_4,block blk file_7,block blk file_7,block blk file_7]","[receiving_28,receiving_28,allocate_4,receiving_28,none_22,writing_23,none_22,writing_23,none_22,writing_23,add_3,add_3,add_3,delete_24,delete_24,delete_24,deleting_34,deleting_34,deleting_34]","[none_40,none_40,none_4,none_40,none_31,none_32,none_31,none_32,none_31,none_32,updated_3,updated_3,updated_3,invalid_34,invalid_34,invalid_34,none_46,none_46,none_46]"
506108,"[1, 7, 1, 1, 3, 4, 2, 3, 4, 3, 4, 2, 2]","[block blk_6,NameSystem_2,block blk_6,block blk_6,blk_4,blk_4,NameSystem_2,blk_4,blk_4,blk_4,blk_4,NameSystem_2,NameSystem_2]","[receiving_28,allocate_4,receiving_28,receiving_28,none_22,writing_23,add_3,none_22,writing_23,none_22,writing_23,add_3,add_3]","[none_40,none_4,none_40,none_40,none_31,none_32,updated_3,none_31,none_32,none_31,none_32,updated_3,updated_3]"
146410,"[1, 7, 1, 1, 3, 4, 3, 4, 2, 3, 4, 2, 2, 8, 8, 9, 10, 10, 8, 8, 9, 6, 6, 6, 5, 5, 5]","[block blk_6,NameSystem_2,block blk_6,block blk_6,blk_4,blk_4,blk_4,blk_4,NameSystem_2,blk_4,blk_4,NameSystem_2,NameSystem_2,/_0,/_0,blk_4,blk_4,blk_4,/_0,/_0,blk_4,blk_4,blk_4,blk_4,block blk file_7,block blk file_7,block blk file_7]","[receiving_28,allocate_4,receiving_28,receiving_28,none_22,writing_23,none_22,writing_23,add_3,none_22,writing_23,add_3,add_3,serving_0,serving_0,transfer_13,verification_25,verification_25,serving_0,serving_0,transfer_13,delete_24,delete_24,delete_24,deleting_34,deleting_34,deleting_34]","[none_40,none_4,none_40,none_40,none_31,none_32,none_31,none_32,updated_3,none_31,none_32,updated_3,updated_3,none_0,none_0,exception_21,successful_35,successful_35,none_0,none_0,exception_21,invalid_34,invalid_34,invalid_34,none_46,none_46,none_46]"
124181,"[7, 1, 1, 1, 2, 2, 2, 3, 4, 3, 4, 3, 4, 9, 8, 9, 6, 6, 6, 5, 5, 5]","[NameSystem_2,block blk_6,block blk_6,block blk_6,NameSystem_2,NameSystem_2,NameSystem_2,blk_4,blk_4,blk_4,blk_4,blk_4,blk_4,blk_4,/_0,blk_4,blk_4,blk_4,blk_4,block blk file_7,block blk file_7,block blk file_7]","[allocate_4,receiving_28,receiving_28,receiving_28,add_3,add_3,add_3,none_22,writing_23,none_22,writing_23,none_22,writing_23,transfer_13,serving_0,transfer_13,delete_24,delete_24,delete_24,deleting_34,deleting_34,deleting_34]","[none_4,none_40,none_40,none_40,updated_3,updated_3,updated_3,none_31,none_32,none_31,none_32,none_31,none_32,exception_21,none_0,exception_21,invalid_34,invalid_34,invalid_34,none_46,none_46,none_46]"
50982,"[7, 1, 1, 1, 2, 2, 2, 3, 4, 3, 4, 3, 4, 6, 6, 6, 5, 5, 5]","[NameSystem_2,block blk_6,block blk_6,block blk_6,NameSystem_2,NameSystem_2,NameSystem_2,blk_4,blk_4,blk_4,blk_4,blk_4,blk_4,blk_4,blk_4,blk_4,block blk file_7,block blk file_7,block blk file_7]","[allocate_4,receiving_28,receiving_28,receiving_28,add_3,add_3,add_3,none_22,writing_23,none_22,writing_23,none_22,writing_23,delete_24,delete_24,delete_24,deleting_34,deleting_34,deleting_34]","[none_4,none_40,none_40,none_40,updated_3,updated_3,updated_3,none_31,none_32,none_31,none_32,none_31,none_32,invalid_34,invalid_34,invalid_34,none_46,none_46,none_46]"
557291,"[1, 1, 7, 1, 3, 4, 3, 4, 3, 4, 2, 2, 2, 6, 6, 6, 5, 5, 5]","[block blk_6,block blk_6,NameSystem_2,block blk_6,blk_4,blk_4,blk_4,blk_4,blk_4,blk_4,NameSystem_2,NameSystem_2,NameSystem_2,blk_4,blk_4,blk_4,block blk file_7,block blk file_7,block blk file_7]","[receiving_28,receiving_28,allocate_4,receiving_28,none_22,writing_23,none_22,writing_23,none_22,writing_23,add_3,add_3,add_3,delete_24,delete_24,delete_24,deleting_34,deleting_34,deleting_34]","[none_40,none_40,none_4,none_40,none_31,none_32,none_31,none_32,none_31,none_32,updated_3,updated_3,updated_3,invalid_34,invalid_34,invalid_34,none_46,none_46,none_46]"
520075,"[1, 7, 1, 1, 3, 4, 3, 4, 3, 4, 2, 2, 2]","[block blk_6,NameSystem_2,block blk_6,block blk_6,blk_4,blk_4,blk_4,blk_4,blk_4,blk_4,NameSystem_2,NameSystem_2,NameSystem_2]","[receiving_28,allocate_4,receiving_28,receiving_28,none_22,writing_23,none_22,writing_23,none_22,writing_23,add_3,add_3,add_3]","[none_40,none_4,none_40,none_40,none_31,none_32,none_31,none_32,none_31,none_32,updated_3,updated_3,updated_3]"
535048,"[7, 1, 1, 1, 3, 4, 3, 4, 3, 4, 2, 2, 2]","[NameSystem_2,block blk_6,block blk_6,block blk_6,blk_4,blk_4,blk_4,blk_4,blk_4,blk_4,NameSystem_2,NameSystem_2,NameSystem_2]","[allocate_4,receiving_28,receiving_28,receiving_28,none_22,writing_23,none_22,writing_23,none_22,writing_23,add_3,add_3,add_3]","[none_4,none_40,none_40,none_40,none_31,none_32,none_31,none_32,none_31,none_32,updated_3,updated_3,updated_3]"
74403,"[7, 1, 1, 1, 2, 2, 3, 4, 3, 4, 3, 4, 2, 8, 9, 8, 8, 9, 8, 8, 9, 8, 8, 8, 9, 6, 6, 6, 5, 5, 5]","[NameSystem_2,block blk_6,block blk_6,block blk_6,NameSystem_2,NameSystem_2,blk_4,blk_4,blk_4,blk_4,blk_4,blk_4,NameSystem_2,/_0,blk_4,/_0,/_0,blk_4,/_0,/_0,blk_4,/_0,/_0,/_0,blk_4,blk_4,blk_4,blk_4,block blk file_7,block blk file_7,block blk file_7]","[allocate_4,receiving_28,receiving_28,receiving_28,add_3,add_3,none_22,writing_23,none_22,writing_23,none_22,writing_23,add_3,serving_0,transfer_13,serving_0,serving_0,transfer_13,serving_0,serving_0,transfer_13,serving_0,serving_0,serving_0,transfer_13,delete_24,delete_24,delete_24,deleting_34,deleting_34,deleting_34]","[none_4,none_40,none_40,none_40,updated_3,updated_3,none_31,none_32,none_31,none_32,none_31,none_32,updated_3,none_0,exception_21,none_0,none_0,exception_21,none_0,none_0,exception_21,none_0,none_0,none_0,exception_21,invalid_34,invalid_34,invalid_34,none_46,none_46,none_46]"
99184,"[7, 1, 1, 1, 2, 2, 3, 4, 3, 4, 3, 4, 2, 10, 8, 8, 9, 8, 9, 8, 9, 8, 8, 6, 6, 6, 5, 5, 5]","[NameSystem_2,block blk_6,block blk_6,block blk_6,NameSystem_2,NameSystem_2,blk_4,blk_4,blk_4,blk_4,blk_4,blk_4,NameSystem_2,blk_4,/_0,/_0,blk_4,/_0,blk_4,/_0,blk_4,/_0,/_0,blk_4,blk_4,blk_4,block blk file_7,block blk file_7,block blk file_7]","[allocate_4,receiving_28,receiving_28,receiving_28,add_3,add_3,none_22,writing_23,none_22,writing_23,none_22,writing_23,add_3,verification_25,serving_0,serving_0,transfer_13,serving_0,transfer_13,serving_0,transfer_13,serving_0,serving_0,delete_24,delete_24,delete_24,deleting_34,deleting_34,deleting_34]","[none_4,none_40,none_40,none_40,updated_3,updated_3,none_31,none_32,none_31,none_32,none_31,none_32,updated_3,successful_35,none_0,none_0,exception_21,none_0,exception_21,none_0,exception_21,none_0,none_0,invalid_34,invalid_34,invalid_34,none_46,none_46,none_46]"
505692,"[1, 7, 1, 1, 3, 4, 3, 4, 3, 4, 2, 2, 2]","[block blk_6,NameSystem_2,block blk_6,block blk_6,blk_4,blk_4,blk_4,blk_4,blk_4,blk_4,NameSystem_2,NameSystem_2,NameSystem_2]","[receiving_28,allocate_4,receiving_28,receiving_28,none_22,writing_23,none_22,writing_23,none_22,writing_23,add_3,add_3,add_3]","[none_40,none_4,none_40,none_40,none_31,none_32,none_31,none_32,none_31,none_32,updated_3,updated_3,updated_3]"
86301,"[7, 1, 1, 1, 2, 2, 2, 3, 4, 3, 4, 3, 4, 9, 8, 9, 9, 8, 9, 8, 9, 9, 6, 6, 6, 5, 5, 5]","[NameSystem_2,block blk_6,block blk_6,block blk_6,NameSystem_2,NameSystem_2,NameSystem_2,blk_4,blk_4,blk_4,blk_4,blk_4,blk_4,blk_4,/_0,blk_4,blk_4,/_0,blk_4,/_0,blk_4,blk_4,blk_4,blk_4,blk_4,block blk file_7,block blk file_7,block blk file_7]","[allocate_4,receiving_28,receiving_28,receiving_28,add_3,add_3,add_3,none_22,writing_23,none_22,writing_23,none_22,writing_23,transfer_13,serving_0,transfer_13,transfer_13,serving_0,transfer_13,serving_0,transfer_13,transfer_13,delete_24,delete_24,delete_24,deleting_34,deleting_34,deleting_34]","[none_4,none_40,none_40,none_40,updated_3,updated_3,updated_3,none_31,none_32,none_31,none_32,none_31,none_32,exception_21,none_0,exception_21,exception_21,none_0,exception_21,none_0,exception_21,exception_21,invalid_34,invalid_34,invalid_34,none_46,none_46,none_46]"
165124,"[7, 1, 1, 1, 3, 4, 3, 4, 2, 3, 4, 2, 2, 8, 8, 8, 8, 6, 6, 6, 5, 5, 5]","[NameSystem_2,block blk_6,block blk_6,block blk_6,blk_4,blk_4,blk_4,blk_4,NameSystem_2,blk_4,blk_4,NameSystem_2,NameSystem_2,/_0,/_0,/_0,/_0,blk_4,blk_4,blk_4,block blk file_7,block blk file_7,block blk file_7]","[allocate_4,receiving_28,receiving_28,receiving_28,none_22,writing_23,none_22,writing_23,add_3,none_22,writing_23,add_3,add_3,serving_0,serving_0,serving_0,serving_0,delete_24,delete_24,delete_24,deleting_34,deleting_34,deleting_34]","[none_4,none_40,none_40,none_40,none_31,none_32,none_31,none_32,updated_3,none_31,none_32,updated_3,updated_3,none_0,none_0,none_0,none_0,invalid_34,invalid_34,invalid_34,none_46,none_46,none_46]"
471521,"[1, 1, 7, 1, 3, 4, 3, 4, 2, 2, 2, 3, 4]","[block blk_6,block blk_6,NameSystem_2,block blk_6,blk_4,blk_4,blk_4,blk_4,NameSystem_2,NameSystem_2,NameSystem_2,blk_4,blk_4]","[receiving_28,receiving_28,allocate_4,receiving_28,none_22,writing_23,none_22,writing_23,add_3,add_3,add_3,none_22,writing_23]","[none_40,none_40,none_4,none_40,none_31,none_32,none_31,none_32,updated_3,updated_3,updated_3,none_31,none_32]"
260024,"[1, 7, 1, 1, 3, 4, 3, 4, 3, 4, 2, 2, 2, 10, 6, 6, 6, 5, 5, 5]","[block blk_6,NameSystem_2,block blk_6,block blk_6,blk_4,blk_4,blk_4,blk_4,blk_4,blk_4,NameSystem_2,NameSystem_2,NameSystem_2,blk_4,blk_4,blk_4,blk_4,block blk file_7,block blk file_7,block blk file_7]","[receiving_28,allocate_4,receiving_28,receiving_28,none_22,writing_23,none_22,writing_23,none_22,writing_23,add_3,add_3,add_3,verification_25,delete_24,delete_24,delete_24,deleting_34,deleting_34,deleting_34]","[none_40,none_4,none_40,none_40,none_31,none_32,none_31,none_32,none_31,none_32,updated_3,updated_3,updated_3,successful_35,invalid_34,invalid_34,invalid_34,none_46,none_46,none_46]"
361040,"[1, 1, 1, 7, 3, 4, 3, 4, 3, 4, 2, 2, 2, 6, 6, 6, 5, 5, 5]","[block blk_6,block blk_6,block blk_6,NameSystem_2,blk_4,blk_4,blk_4,blk_4,blk_4,blk_4,NameSystem_2,NameSystem_2,NameSystem_2,blk_4,blk_4,blk_4,block blk file_7,block blk file_7,block blk file_7]","[receiving_28,receiving_28,receiving_28,allocate_4,none_22,writing_23,none_22,writing_23,none_22,writing_23,add_3,add_3,add_3,delete_24,delete_24,delete_24,deleting_34,deleting_34,deleting_34]","[none_40,none_40,none_40,none_4,none_31,none_32,none_31,none_32,none_31,none_32,updated_3,updated_3,updated_3,invalid_34,invalid_34,invalid_34,none_46,none_46,none_46]"
537156,"[1, 1, 1, 7, 3, 4, 3, 4, 3, 4, 2, 2, 2, 6, 6, 6, 5, 5, 5]","[block blk_6,block blk_6,block blk_6,NameSystem_2,blk_4,blk_4,blk_4,blk_4,blk_4,blk_4,NameSystem_2,NameSystem_2,NameSystem_2,blk_4,blk_4,blk_4,block blk file_7,block blk file_7,block blk file_7]","[receiving_28,receiving_28,receiving_28,allocate_4,none_22,writing_23,none_22,writing_23,none_22,writing_23,add_3,add_3,add_3,delete_24,delete_24,delete_24,deleting_34,deleting_34,deleting_34]","[none_40,none_40,none_40,none_4,none_31,none_32,none_31,none_32,none_31,none_32,updated_3,updated_3,updated_3,invalid_34,invalid_34,invalid_34,none_46,none_46,none_46]"
408984,"[7, 1, 1, 1, 3, 4, 3, 4, 3, 4, 2, 2, 2, 6, 6, 6, 5, 5, 5]","[NameSystem_2,block blk_6,block blk_6,block blk_6,blk_4,blk_4,blk_4,blk_4,blk_4,blk_4,NameSystem_2,NameSystem_2,NameSystem_2,blk_4,blk_4,blk_4,block blk file_7,block blk file_7,block blk file_7]","[allocate_4,receiving_28,receiving_28,receiving_28,none_22,writing_23,none_22,writing_23,none_22,writing_23,add_3,add_3,add_3,delete_24,delete_24,delete_24,deleting_34,deleting_34,deleting_34]","[none_4,none_40,none_40,none_40,none_31,none_32,none_31,none_32,none_31,none_32,updated_3,updated_3,updated_3,invalid_34,invalid_34,invalid_34,none_46,none_46,none_46]"
349416,"[1, 7, 1, 1, 4, 3, 4, 3, 4, 3, 2, 2, 2, 10]","[block blk_6,NameSystem_2,block blk_6,block blk_6,blk_4,blk_4,blk_4,blk_4,blk_4,blk_4,NameSystem_2,NameSystem_2,NameSystem_2,blk_4]","[receiving_28,allocate_4,receiving_28,receiving_28,writing_23,none_22,writing_23,none_22,writing_23,none_22,add_3,add_3,add_3,verification_25]","[none_40,none_4,none_40,none_40,none_32,none_31,none_32,none_31,none_32,none_31,updated_3,updated_3,updated_3,successful_35]"
50904,"[7, 1, 1, 1, 2, 2, 3, 4, 2, 3, 4, 3, 4, 6, 6, 6, 5, 5, 5]","[NameSystem_2,block blk_6,block blk_6,block blk_6,NameSystem_2,NameSystem_2,blk_4,blk_4,NameSystem_2,blk_4,blk_4,blk_4,blk_4,blk_4,blk_4,blk_4,block blk file_7,block blk file_7,block blk file_7]","[allocate_4,receiving_28,receiving_28,receiving_28,add_3,add_3,none_22,writing_23,add_3,none_22,writing_23,none_22,writing_23,delete_24,delete_24,delete_24,deleting_34,deleting_34,deleting_34]","[none_4,none_40,none_40,none_40,updated_3,updated_3,none_31,none_32,updated_3,none_31,none_32,none_31,none_32,invalid_34,invalid_34,invalid_34,none_46,none_46,none_46]"
147776,"[1, 1, 7, 1, 3, 4, 3, 4, 3, 4, 2, 2, 2, 8, 9, 8, 8, 8, 9, 6, 6, 6, 5, 5, 5]","[block blk_6,block blk_6,NameSystem_2,block blk_6,blk_4,blk_4,blk_4,blk_4,blk_4,blk_4,NameSystem_2,NameSystem_2,NameSystem_2,/_0,blk_4,/_0,/_0,/_0,blk_4,blk_4,blk_4,blk_4,block blk file_7,block blk file_7,block blk file_7]","[receiving_28,receiving_28,allocate_4,receiving_28,none_22,writing_23,none_22,writing_23,none_22,writing_23,add_3,add_3,add_3,serving_0,transfer_13,serving_0,serving_0,serving_0,transfer_13,delete_24,delete_24,delete_24,deleting_34,deleting_34,deleting_34]","[none_40,none_40,none_4,none_40,none_31,none_32,none_31,none_32,none_31,none_32,updated_3,updated_3,updated_3,none_0,exception_21,none_0,none_0,none_0,exception_21,invalid_34,invalid_34,invalid_34,none_46,none_46,none_46]"
299994,"[1, 1, 1, 7, 3, 4, 3, 4, 3, 4, 2, 2, 2, 6, 6, 6, 5, 5, 5]","[block blk_6,block blk_6,block blk_6,NameSystem_2,blk_4,blk_4,blk_4,blk_4,blk_4,blk_4,NameSystem_2,NameSystem_2,NameSystem_2,blk_4,blk_4,blk_4,block blk file_7,block blk file_7,block blk file_7]","[receiving_28,receiving_28,receiving_28,allocate_4,none_22,writing_23,none_22,writing_23,none_22,writing_23,add_3,add_3,add_3,delete_24,delete_24,delete_24,deleting_34,deleting_34,deleting_34]","[none_40,none_40,none_40,none_4,none_31,none_32,none_31,none_32,none_31,none_32,updated_3,updated_3,updated_3,invalid_34,invalid_34,invalid_34,none_46,none_46,none_46]"
540048,"[1, 1, 7, 1, 3, 4, 3, 4, 3, 4, 2, 2, 2, 6, 6, 6, 5, 5, 5]","[block blk_6,block blk_6,NameSystem_2,block blk_6,blk_4,blk_4,blk_4,blk_4,blk_4,blk_4,NameSystem_2,NameSystem_2,NameSystem_2,blk_4,blk_4,blk_4,block blk file_7,block blk file_7,block blk file_7]","[receiving_28,receiving_28,allocate_4,receiving_28,none_22,writing_23,none_22,writing_23,none_22,writing_23,add_3,add_3,add_3,delete_24,delete_24,delete_24,deleting_34,deleting_34,deleting_34]","[none_40,none_40,none_4,none_40,none_31,none_32,none_31,none_32,none_31,none_32,updated_3,updated_3,updated_3,invalid_34,invalid_34,invalid_34,none_46,none_46,none_46]"
486977,"[1, 7, 1, 1, 3, 4, 3, 4, 3, 4, 2, 2, 2]","[block blk_6,NameSystem_2,block blk_6,block blk_6,blk_4,blk_4,blk_4,blk_4,blk_4,blk_4,NameSystem_2,NameSystem_2,NameSystem_2]","[receiving_28,allocate_4,receiving_28,receiving_28,none_22,writing_23,none_22,writing_23,none_22,writing_23,add_3,add_3,add_3]","[none_40,none_4,none_40,none_40,none_31,none_32,none_31,none_32,none_31,none_32,updated_3,updated_3,updated_3]"
235014,"[1, 1, 7, 1, 3, 4, 3, 4, 3, 4, 2, 2, 2, 10, 6, 6, 6, 5, 5, 5]","[block blk_6,block blk_6,NameSystem_2,block blk_6,blk_4,blk_4,blk_4,blk_4,blk_4,blk_4,NameSystem_2,NameSystem_2,NameSystem_2,blk_4,blk_4,blk_4,blk_4,block blk file_7,block blk file_7,block blk file_7]","[receiving_28,receiving_28,allocate_4,receiving_28,none_22,writing_23,none_22,writing_23,none_22,writing_23,add_3,add_3,add_3,verification_25,delete_24,delete_24,delete_24,deleting_34,deleting_34,deleting_34]","[none_40,none_40,none_4,none_40,none_31,none_32,none_31,none_32,none_31,none_32,updated_3,updated_3,updated_3,successful_35,invalid_34,invalid_34,invalid_34,none_46,none_46,none_46]"
180960,"[1, 1, 1, 7, 3, 4, 3, 4, 3, 4, 2, 2, 2, 6, 6, 6, 5, 5, 5]","[block blk_6,block blk_6,block blk_6,NameSystem_2,blk_4,blk_4,blk_4,blk_4,blk_4,blk_4,NameSystem_2,NameSystem_2,NameSystem_2,blk_4,blk_4,blk_4,block blk file_7,block blk file_7,block blk file_7]","[receiving_28,receiving_28,receiving_28,allocate_4,none_22,writing_23,none_22,writing_23,none_22,writing_23,add_3,add_3,add_3,delete_24,delete_24,delete_24,deleting_34,deleting_34,deleting_34]","[none_40,none_40,none_40,none_4,none_31,none_32,none_31,none_32,none_31,none_32,updated_3,updated_3,updated_3,invalid_34,invalid_34,invalid_34,none_46,none_46,none_46]"
506887,"[1, 1, 1, 7, 3, 4, 3, 4, 3, 4, 2, 2, 2]","[block blk_6,block blk_6,block blk_6,NameSystem_2,blk_4,blk_4,blk_4,blk_4,blk_4,blk_4,NameSystem_2,NameSystem_2,NameSystem_2]","[receiving_28,receiving_28,receiving_28,allocate_4,none_22,writing_23,none_22,writing_23,none_22,writing_23,add_3,add_3,add_3]","[none_40,none_40,none_40,none_4,none_31,none_32,none_31,none_32,none_31,none_32,updated_3,updated_3,updated_3]"
25250,"[1, 1, 7, 1, 3, 4, 3, 4, 3, 4, 2, 2, 2, 9, 9, 8, 10, 6, 6, 6, 5, 5, 5]","[block blk_6,block blk_6,NameSystem_2,block blk_6,blk_4,blk_4,blk_4,blk_4,blk_4,blk_4,NameSystem_2,NameSystem_2,NameSystem_2,blk_4,blk_4,/_0,blk_4,blk_4,blk_4,blk_4,block blk file_7,block blk file_7,block blk file_7]","[receiving_28,receiving_28,allocate_4,receiving_28,none_22,writing_23,none_22,writing_23,none_22,writing_23,add_3,add_3,add_3,transfer_13,transfer_13,serving_0,verification_25,delete_24,delete_24,delete_24,deleting_34,deleting_34,deleting_34]","[none_40,none_40,none_4,none_40,none_31,none_32,none_31,none_32,none_31,none_32,updated_3,updated_3,updated_3,exception_21,exception_21,none_0,successful_35,invalid_34,invalid_34,invalid_34,none_46,none_46,none_46]"
137025,"[7, 1, 1, 1, 2, 2, 2, 3, 4, 3, 4, 3, 4, 9, 8, 9, 6, 6, 6, 5, 5, 5]","[NameSystem_2,block blk_6,block blk_6,block blk_6,NameSystem_2,NameSystem_2,NameSystem_2,blk_4,blk_4,blk_4,blk_4,blk_4,blk_4,blk_4,/_0,blk_4,blk_4,blk_4,blk_4,block blk file_7,block blk file_7,block blk file_7]","[allocate_4,receiving_28,receiving_28,receiving_28,add_3,add_3,add_3,none_22,writing_23,none_22,writing_23,none_22,writing_23,transfer_13,serving_0,transfer_13,delete_24,delete_24,delete_24,deleting_34,deleting_34,deleting_34]","[none_4,none_40,none_40,none_40,updated_3,updated_3,updated_3,none_31,none_32,none_31,none_32,none_31,none_32,exception_21,none_0,exception_21,invalid_34,invalid_34,invalid_34,none_46,none_46,none_46]"
236558,"[1, 1, 1, 7, 3, 4, 3, 4, 2, 2, 3, 4, 2, 6, 6, 6, 5, 5, 5]","[block blk_6,block blk_6,block blk_6,NameSystem_2,blk_4,blk_4,blk_4,blk_4,NameSystem_2,NameSystem_2,blk_4,blk_4,NameSystem_2,blk_4,blk_4,blk_4,block blk file_7,block blk file_7,block blk file_7]","[receiving_28,receiving_28,receiving_28,allocate_4,none_22,writing_23,none_22,writing_23,add_3,add_3,none_22,writing_23,add_3,delete_24,delete_24,delete_24,deleting_34,deleting_34,deleting_34]","[none_40,none_40,none_40,none_4,none_31,none_32,none_31,none_32,updated_3,updated_3,none_31,none_32,updated_3,invalid_34,invalid_34,invalid_34,none_46,none_46,none_46]"
456478,"[1, 1, 1, 7, 3, 4, 3, 4, 3, 4, 2, 2, 2, 6, 6, 6, 5, 5, 5]","[block blk_6,block blk_6,block blk_6,NameSystem_2,blk_4,blk_4,blk_4,blk_4,blk_4,blk_4,NameSystem_2,NameSystem_2,NameSystem_2,blk_4,blk_4,blk_4,block blk file_7,block blk file_7,block blk file_7]","[receiving_28,receiving_28,receiving_28,allocate_4,none_22,writing_23,none_22,writing_23,none_22,writing_23,add_3,add_3,add_3,delete_24,delete_24,delete_24,deleting_34,deleting_34,deleting_34]","[none_40,none_40,none_40,none_4,none_31,none_32,none_31,none_32,none_31,none_32,updated_3,updated_3,updated_3,invalid_34,invalid_34,invalid_34,none_46,none_46,none_46]"
247373,"[1, 1, 1, 7, 3, 4, 3, 4, 3, 4, 2, 2, 2, 6, 6, 6, 5, 5, 5]","[block blk_6,block blk_6,block blk_6,NameSystem_2,blk_4,blk_4,blk_4,blk_4,blk_4,blk_4,NameSystem_2,NameSystem_2,NameSystem_2,blk_4,blk_4,blk_4,block blk file_7,block blk file_7,block blk file_7]","[receiving_28,receiving_28,receiving_28,allocate_4,none_22,writing_23,none_22,writing_23,none_22,writing_23,add_3,add_3,add_3,delete_24,delete_24,delete_24,deleting_34,deleting_34,deleting_34]","[none_40,none_40,none_40,none_4,none_31,none_32,none_31,none_32,none_31,none_32,updated_3,updated_3,updated_3,invalid_34,invalid_34,invalid_34,none_46,none_46,none_46]"
448103,"[7, 1, 1, 1, 3, 4, 3, 4, 3, 4, 2, 2, 2, 6, 6, 6, 5, 5, 5]","[NameSystem_2,block blk_6,block blk_6,block blk_6,blk_4,blk_4,blk_4,blk_4,blk_4,blk_4,NameSystem_2,NameSystem_2,NameSystem_2,blk_4,blk_4,blk_4,block blk file_7,block blk file_7,block blk file_7]","[allocate_4,receiving_28,receiving_28,receiving_28,none_22,writing_23,none_22,writing_23,none_22,writing_23,add_3,add_3,add_3,delete_24,delete_24,delete_24,deleting_34,deleting_34,deleting_34]","[none_4,none_40,none_40,none_40,none_31,none_32,none_31,none_32,none_31,none_32,updated_3,updated_3,updated_3,invalid_34,invalid_34,invalid_34,none_46,none_46,none_46]"
518761,"[7, 1, 1, 1, 3, 4, 3, 4, 3, 4, 2, 2, 2]","[NameSystem_2,block blk_6,block blk_6,block blk_6,blk_4,blk_4,blk_4,blk_4,blk_4,blk_4,NameSystem_2,NameSystem_2,NameSystem_2]","[allocate_4,receiving_28,receiving_28,receiving_28,none_22,writing_23,none_22,writing_23,none_22,writing_23,add_3,add_3,add_3]","[none_4,none_40,none_40,none_40,none_31,none_32,none_31,none_32,none_31,none_32,updated_3,updated_3,updated_3]"
469815,"[1, 7, 1, 1, 3, 4, 3, 4, 2, 2, 2, 3, 4]","[block blk_6,NameSystem_2,block blk_6,block blk_6,blk_4,blk_4,blk_4,blk_4,NameSystem_2,NameSystem_2,NameSystem_2,blk_4,blk_4]","[receiving_28,allocate_4,receiving_28,receiving_28,none_22,writing_23,none_22,writing_23,add_3,add_3,add_3,none_22,writing_23]","[none_40,none_4,none_40,none_40,none_31,none_32,none_31,none_32,updated_3,updated_3,updated_3,none_31,none_32]"
400753,"[1, 7, 1, 1, 3, 4, 3, 4, 3, 4, 2, 2, 2, 6, 6, 6, 5, 5, 5]","[block blk_6,NameSystem_2,block blk_6,block blk_6,blk_4,blk_4,blk_4,blk_4,blk_4,blk_4,NameSystem_2,NameSystem_2,NameSystem_2,blk_4,blk_4,blk_4,block blk file_7,block blk file_7,block blk file_7]","[receiving_28,allocate_4,receiving_28,receiving_28,none_22,writing_23,none_22,writing_23,none_22,writing_23,add_3,add_3,add_3,delete_24,delete_24,delete_24,deleting_34,deleting_34,deleting_34]","[none_40,none_4,none_40,none_40,none_31,none_32,none_31,none_32,none_31,none_32,updated_3,updated_3,updated_3,invalid_34,invalid_34,invalid_34,none_46,none_46,none_46]"
544178,"[1, 1, 1, 7, 3, 4, 3, 4, 3, 4, 2, 2, 2, 6, 6, 6, 5, 5, 5]","[block blk_6,block blk_6,block blk_6,NameSystem_2,blk_4,blk_4,blk_4,blk_4,blk_4,blk_4,NameSystem_2,NameSystem_2,NameSystem_2,blk_4,blk_4,blk_4,block blk file_7,block blk file_7,block blk file_7]","[receiving_28,receiving_28,receiving_28,allocate_4,none_22,writing_23,none_22,writing_23,none_22,writing_23,add_3,add_3,add_3,delete_24,delete_24,delete_24,deleting_34,deleting_34,deleting_34]","[none_40,none_40,none_40,none_4,none_31,none_32,none_31,none_32,none_31,none_32,updated_3,updated_3,updated_3,invalid_34,invalid_34,invalid_34,none_46,none_46,none_46]"
6587,"[7, 1, 1, 1, 2, 2, 3, 4, 3, 4, 3, 4, 2, 9, 9, 8, 10, 10, 6, 6, 6, 5, 5, 5]","[NameSystem_2,block blk_6,block blk_6,block blk_6,NameSystem_2,NameSystem_2,blk_4,blk_4,blk_4,blk_4,blk_4,blk_4,NameSystem_2,blk_4,blk_4,/_0,blk_4,blk_4,blk_4,blk_4,blk_4,block blk file_7,block blk file_7,block blk file_7]","[allocate_4,receiving_28,receiving_28,receiving_28,add_3,add_3,none_22,writing_23,none_22,writing_23,none_22,writing_23,add_3,transfer_13,transfer_13,serving_0,verification_25,verification_25,delete_24,delete_24,delete_24,deleting_34,deleting_34,deleting_34]","[none_4,none_40,none_40,none_40,updated_3,updated_3,none_31,none_32,none_31,none_32,none_31,none_32,updated_3,exception_21,exception_21,none_0,successful_35,successful_35,invalid_34,invalid_34,invalid_34,none_46,none_46,none_46]"
500603,"[1, 1, 1, 7, 3, 4, 3, 4, 3, 4, 2, 2, 2]","[block blk_6,block blk_6,block blk_6,NameSystem_2,blk_4,blk_4,blk_4,blk_4,blk_4,blk_4,NameSystem_2,NameSystem_2,NameSystem_2]","[receiving_28,receiving_28,receiving_28,allocate_4,none_22,writing_23,none_22,writing_23,none_22,writing_23,add_3,add_3,add_3]","[none_40,none_40,none_40,none_4,none_31,none_32,none_31,none_32,none_31,none_32,updated_3,updated_3,updated_3]"
388322,"[1, 1, 7, 1, 3, 4, 3, 4, 3, 4, 2, 2, 2, 6, 6, 6, 5, 5, 5]","[block blk_6,block blk_6,NameSystem_2,block blk_6,blk_4,blk_4,blk_4,blk_4,blk_4,blk_4,NameSystem_2,NameSystem_2,NameSystem_2,blk_4,blk_4,blk_4,block blk file_7,block blk file_7,block blk file_7]","[receiving_28,receiving_28,allocate_4,receiving_28,none_22,writing_23,none_22,writing_23,none_22,writing_23,add_3,add_3,add_3,delete_24,delete_24,delete_24,deleting_34,deleting_34,deleting_34]","[none_40,none_40,none_4,none_40,none_31,none_32,none_31,none_32,none_31,none_32,updated_3,updated_3,updated_3,invalid_34,invalid_34,invalid_34,none_46,none_46,none_46]"
192324,"[7, 1, 1, 1, 3, 4, 3, 4, 3, 4, 2, 2, 2, 6, 6, 6, 5, 5, 5]","[NameSystem_2,block blk_6,block blk_6,block blk_6,blk_4,blk_4,blk_4,blk_4,blk_4,blk_4,NameSystem_2,NameSystem_2,NameSystem_2,blk_4,blk_4,blk_4,block blk file_7,block blk file_7,block blk file_7]","[allocate_4,receiving_28,receiving_28,receiving_28,none_22,writing_23,none_22,writing_23,none_22,writing_23,add_3,add_3,add_3,delete_24,delete_24,delete_24,deleting_34,deleting_34,deleting_34]","[none_4,none_40,none_40,none_40,none_31,none_32,none_31,none_32,none_31,none_32,updated_3,updated_3,updated_3,invalid_34,invalid_34,invalid_34,none_46,none_46,none_46]"
142032,"[1, 1, 1, 7, 3, 4, 3, 4, 2, 2, 3, 4, 2, 9, 8, 9, 6, 6, 6, 5, 5, 5]","[block blk_6,block blk_6,block blk_6,NameSystem_2,blk_4,blk_4,blk_4,blk_4,NameSystem_2,NameSystem_2,blk_4,blk_4,NameSystem_2,blk_4,/_0,blk_4,blk_4,blk_4,blk_4,block blk file_7,block blk file_7,block blk file_7]","[receiving_28,receiving_28,receiving_28,allocate_4,none_22,writing_23,none_22,writing_23,add_3,add_3,none_22,writing_23,add_3,transfer_13,serving_0,transfer_13,delete_24,delete_24,delete_24,deleting_34,deleting_34,deleting_34]","[none_40,none_40,none_40,none_4,none_31,none_32,none_31,none_32,updated_3,updated_3,none_31,none_32,updated_3,exception_21,none_0,exception_21,invalid_34,invalid_34,invalid_34,none_46,none_46,none_46]"
360160,"[1, 1, 1, 7, 3, 4, 3, 4, 3, 4, 2, 2, 2, 6, 6, 6, 5, 5, 5]","[block blk_6,block blk_6,block blk_6,NameSystem_2,blk_4,blk_4,blk_4,blk_4,blk_4,blk_4,NameSystem_2,NameSystem_2,NameSystem_2,blk_4,blk_4,blk_4,block blk file_7,block blk file_7,block blk file_7]","[receiving_28,receiving_28,receiving_28,allocate_4,none_22,writing_23,none_22,writing_23,none_22,writing_23,add_3,add_3,add_3,delete_24,delete_24,delete_24,deleting_34,deleting_34,deleting_34]","[none_40,none_40,none_40,none_4,none_31,none_32,none_31,none_32,none_31,none_32,updated_3,updated_3,updated_3,invalid_34,invalid_34,invalid_34,none_46,none_46,none_46]"
276699,"[1, 1, 1, 7, 3, 4, 2, 2, 3, 4, 3, 4, 2, 6, 6, 6, 5, 5, 5]","[block blk_6,block blk_6,block blk_6,NameSystem_2,blk_4,blk_4,NameSystem_2,NameSystem_2,blk_4,blk_4,blk_4,blk_4,NameSystem_2,blk_4,blk_4,blk_4,block blk file_7,block blk file_7,block blk file_7]","[receiving_28,receiving_28,receiving_28,allocate_4,none_22,writing_23,add_3,add_3,none_22,writing_23,none_22,writing_23,add_3,delete_24,delete_24,delete_24,deleting_34,deleting_34,deleting_34]","[none_40,none_40,none_40,none_4,none_31,none_32,updated_3,updated_3,none_31,none_32,none_31,none_32,updated_3,invalid_34,invalid_34,invalid_34,none_46,none_46,none_46]"
205867,"[1, 1, 1, 7, 3, 4, 3, 4, 3, 4, 2, 2, 2, 6, 6, 6, 5, 5, 5]","[block blk_6,block blk_6,block blk_6,NameSystem_2,blk_4,blk_4,blk_4,blk_4,blk_4,blk_4,NameSystem_2,NameSystem_2,NameSystem_2,blk_4,blk_4,blk_4,block blk file_7,block blk file_7,block blk file_7]","[receiving_28,receiving_28,receiving_28,allocate_4,none_22,writing_23,none_22,writing_23,none_22,writing_23,add_3,add_3,add_3,delete_24,delete_24,delete_24,deleting_34,deleting_34,deleting_34]","[none_40,none_40,none_40,none_4,none_31,none_32,none_31,none_32,none_31,none_32,updated_3,updated_3,updated_3,invalid_34,invalid_34,invalid_34,none_46,none_46,none_46]"
143787,"[1, 1, 7, 1, 3, 4, 3, 4, 2, 2, 2, 3, 4, 9, 9, 9, 8, 9, 6, 6, 6, 5, 5, 5]","[block blk_6,block blk_6,NameSystem_2,block blk_6,blk_4,blk_4,blk_4,blk_4,NameSystem_2,NameSystem_2,NameSystem_2,blk_4,blk_4,blk_4,blk_4,blk_4,/_0,blk_4,blk_4,blk_4,blk_4,block blk file_7,block blk file_7,block blk file_7]","[receiving_28,receiving_28,allocate_4,receiving_28,none_22,writing_23,none_22,writing_23,add_3,add_3,add_3,none_22,writing_23,transfer_13,transfer_13,transfer_13,serving_0,transfer_13,delete_24,delete_24,delete_24,deleting_34,deleting_34,deleting_34]","[none_40,none_40,none_4,none_40,none_31,none_32,none_31,none_32,updated_3,updated_3,updated_3,none_31,none_32,exception_21,exception_21,exception_21,none_0,exception_21,invalid_34,invalid_34,invalid_34,none_46,none_46,none_46]"
171733,"[1, 1, 7, 1, 3, 4, 3, 4, 3, 4, 2, 2, 2, 9, 8, 9, 6, 6, 6, 5, 5, 5]","[block blk_6,block blk_6,NameSystem_2,block blk_6,blk_4,blk_4,blk_4,blk_4,blk_4,blk_4,NameSystem_2,NameSystem_2,NameSystem_2,blk_4,/_0,blk_4,blk_4,blk_4,blk_4,block blk file_7,block blk file_7,block blk file_7]","[receiving_28,receiving_28,allocate_4,receiving_28,none_22,writing_23,none_22,writing_23,none_22,writing_23,add_3,add_3,add_3,transfer_13,serving_0,transfer_13,delete_24,delete_24,delete_24,deleting_34,deleting_34,deleting_34]","[none_40,none_40,none_4,none_40,none_31,none_32,none_31,none_32,none_31,none_32,updated_3,updated_3,updated_3,exception_21,none_0,exception_21,invalid_34,invalid_34,invalid_34,none_46,none_46,none_46]"
533742,"[1, 1, 7, 1, 3, 4, 3, 4, 3, 4, 2, 2, 2]","[block blk_6,block blk_6,NameSystem_2,block blk_6,blk_4,blk_4,blk_4,blk_4,blk_4,blk_4,NameSystem_2,NameSystem_2,NameSystem_2]","[receiving_28,receiving_28,allocate_4,receiving_28,none_22,writing_23,none_22,writing_23,none_22,writing_23,add_3,add_3,add_3]","[none_40,none_40,none_4,none_40,none_31,none_32,none_31,none_32,none_31,none_32,updated_3,updated_3,updated_3]"
270603,"[1, 1, 1, 7, 3, 4, 3, 4, 3, 4, 2, 2, 2, 10, 6, 6, 6, 5, 5, 5]","[block blk_6,block blk_6,block blk_6,NameSystem_2,blk_4,blk_4,blk_4,blk_4,blk_4,blk_4,NameSystem_2,NameSystem_2,NameSystem_2,blk_4,blk_4,blk_4,blk_4,block blk file_7,block blk file_7,block blk file_7]","[receiving_28,receiving_28,receiving_28,allocate_4,none_22,writing_23,none_22,writing_23,none_22,writing_23,add_3,add_3,add_3,verification_25,delete_24,delete_24,delete_24,deleting_34,deleting_34,deleting_34]","[none_40,none_40,none_40,none_4,none_31,none_32,none_31,none_32,none_31,none_32,updated_3,updated_3,updated_3,successful_35,invalid_34,invalid_34,invalid_34,none_46,none_46,none_46]"
59078,"[7, 1, 1, 1, 2, 2, 2, 3, 4, 3, 4, 3, 4, 6, 6, 6, 5, 5, 5]","[NameSystem_2,block blk_6,block blk_6,block blk_6,NameSystem_2,NameSystem_2,NameSystem_2,blk_4,blk_4,blk_4,blk_4,blk_4,blk_4,blk_4,blk_4,blk_4,block blk file_7,block blk file_7,block blk file_7]","[allocate_4,receiving_28,receiving_28,receiving_28,add_3,add_3,add_3,none_22,writing_23,none_22,writing_23,none_22,writing_23,delete_24,delete_24,delete_24,deleting_34,deleting_34,deleting_34]","[none_4,none_40,none_40,none_40,updated_3,updated_3,updated_3,none_31,none_32,none_31,none_32,none_31,none_32,invalid_34,invalid_34,invalid_34,none_46,none_46,none_46]"
440451,"[7, 1, 1, 1, 3, 4, 3, 4, 3, 4, 2, 2, 2, 6, 6, 6, 5, 5, 5]","[NameSystem_2,block blk_6,block blk_6,block blk_6,blk_4,blk_4,blk_4,blk_4,blk_4,blk_4,NameSystem_2,NameSystem_2,NameSystem_2,blk_4,blk_4,blk_4,block blk file_7,block blk file_7,block blk file_7]","[allocate_4,receiving_28,receiving_28,receiving_28,none_22,writing_23,none_22,writing_23,none_22,writing_23,add_3,add_3,add_3,delete_24,delete_24,delete_24,deleting_34,deleting_34,deleting_34]","[none_4,none_40,none_40,none_40,none_31,none_32,none_31,none_32,none_31,none_32,updated_3,updated_3,updated_3,invalid_34,invalid_34,invalid_34,none_46,none_46,none_46]"
128789,"[7, 1, 1, 1, 2, 2, 3, 4, 3, 4, 2, 3, 4, 10, 9, 8, 9, 6, 6, 6, 5, 5, 5]","[NameSystem_2,block blk_6,block blk_6,block blk_6,NameSystem_2,NameSystem_2,blk_4,blk_4,blk_4,blk_4,NameSystem_2,blk_4,blk_4,blk_4,blk_4,/_0,blk_4,blk_4,blk_4,blk_4,block blk file_7,block blk file_7,block blk file_7]","[allocate_4,receiving_28,receiving_28,receiving_28,add_3,add_3,none_22,writing_23,none_22,writing_23,add_3,none_22,writing_23,verification_25,transfer_13,serving_0,transfer_13,delete_24,delete_24,delete_24,deleting_34,deleting_34,deleting_34]","[none_4,none_40,none_40,none_40,updated_3,updated_3,none_31,none_32,none_31,none_32,updated_3,none_31,none_32,successful_35,exception_21,none_0,exception_21,invalid_34,invalid_34,invalid_34,none_46,none_46,none_46]"
275377,"[1, 1, 1, 7, 3, 4, 2, 3, 4, 3, 4, 2, 2, 10, 6, 6, 6, 5, 5, 5]","[block blk_6,block blk_6,block blk_6,NameSystem_2,blk_4,blk_4,NameSystem_2,blk_4,blk_4,blk_4,blk_4,NameSystem_2,NameSystem_2,blk_4,blk_4,blk_4,blk_4,block blk file_7,block blk file_7,block blk file_7]","[receiving_28,receiving_28,receiving_28,allocate_4,none_22,writing_23,add_3,none_22,writing_23,none_22,writing_23,add_3,add_3,verification_25,delete_24,delete_24,delete_24,deleting_34,deleting_34,deleting_34]","[none_40,none_40,none_40,none_4,none_31,none_32,updated_3,none_31,none_32,none_31,none_32,updated_3,updated_3,successful_35,invalid_34,invalid_34,invalid_34,none_46,none_46,none_46]"
356385,"[1, 1, 1, 7, 3, 4, 3, 4, 2, 2, 3, 4, 2, 13, 14, 1, 11, 12, 2, 2, 5]","[block blk_6,block blk_6,block blk_6,NameSystem_2,blk_4,blk_4,blk_4,blk_4,NameSystem_2,NameSystem_2,blk_4,blk_4,NameSystem_2,BLOCK*_1,block_5,block blk_6,block blk_6,block blk_6,NameSystem_2,NameSystem_2,block blk file_7]","[receiving_28,receiving_28,receiving_28,allocate_4,none_22,writing_23,none_22,writing_23,add_3,add_3,none_22,writing_23,add_3,replicate_1,transferring_26,receiving_28,receiving_28,transmitted_27,add_3,add_3,deleting_34]","[none_40,none_40,none_40,none_4,none_31,none_32,none_31,none_32,updated_3,updated_3,none_31,none_32,updated_3,none_1,none_36,none_40,none_38,none_37,updated_3,updated_3,none_46]"
506545,"[1, 7, 1, 1, 3, 4, 3, 4, 2, 2, 3, 4, 2]","[block blk_6,NameSystem_2,block blk_6,block blk_6,blk_4,blk_4,blk_4,blk_4,NameSystem_2,NameSystem_2,blk_4,blk_4,NameSystem_2]","[receiving_28,allocate_4,receiving_28,receiving_28,none_22,writing_23,none_22,writing_23,add_3,add_3,none_22,writing_23,add_3]","[none_40,none_4,none_40,none_40,none_31,none_32,none_31,none_32,updated_3,updated_3,none_31,none_32,updated_3]"
429616,"[1, 1, 1, 7, 3, 4, 3, 4, 3, 4, 2, 2, 2, 6, 6, 6, 5, 5, 5]","[block blk_6,block blk_6,block blk_6,NameSystem_2,blk_4,blk_4,blk_4,blk_4,blk_4,blk_4,NameSystem_2,NameSystem_2,NameSystem_2,blk_4,blk_4,blk_4,block blk file_7,block blk file_7,block blk file_7]","[receiving_28,receiving_28,receiving_28,allocate_4,none_22,writing_23,none_22,writing_23,none_22,writing_23,add_3,add_3,add_3,delete_24,delete_24,delete_24,deleting_34,deleting_34,deleting_34]","[none_40,none_40,none_40,none_4,none_31,none_32,none_31,none_32,none_31,none_32,updated_3,updated_3,updated_3,invalid_34,invalid_34,invalid_34,none_46,none_46,none_46]"
56034,"[7, 1, 1, 1, 2, 2, 2, 3, 4, 3, 4, 3, 4, 6, 6, 6, 5, 5, 5]","[NameSystem_2,block blk_6,block blk_6,block blk_6,NameSystem_2,NameSystem_2,NameSystem_2,blk_4,blk_4,blk_4,blk_4,blk_4,blk_4,blk_4,blk_4,blk_4,block blk file_7,block blk file_7,block blk file_7]","[allocate_4,receiving_28,receiving_28,receiving_28,add_3,add_3,add_3,none_22,writing_23,none_22,writing_23,none_22,writing_23,delete_24,delete_24,delete_24,deleting_34,deleting_34,deleting_34]","[none_4,none_40,none_40,none_40,updated_3,updated_3,updated_3,none_31,none_32,none_31,none_32,none_31,none_32,invalid_34,invalid_34,invalid_34,none_46,none_46,none_46]"
243101,"[1, 7, 1, 1, 3, 4, 3, 4, 3, 4, 2, 2, 2, 6, 6, 6, 5, 5, 5]","[block blk_6,NameSystem_2,block blk_6,block blk_6,blk_4,blk_4,blk_4,blk_4,blk_4,blk_4,NameSystem_2,NameSystem_2,NameSystem_2,blk_4,blk_4,blk_4,block blk file_7,block blk file_7,block blk file_7]","[receiving_28,allocate_4,receiving_28,receiving_28,none_22,writing_23,none_22,writing_23,none_22,writing_23,add_3,add_3,add_3,delete_24,delete_24,delete_24,deleting_34,deleting_34,deleting_34]","[none_40,none_4,none_40,none_40,none_31,none_32,none_31,none_32,none_31,none_32,updated_3,updated_3,updated_3,invalid_34,invalid_34,invalid_34,none_46,none_46,none_46]"
184935,"[1, 1, 1, 7, 3, 4, 3, 4, 3, 4, 2, 2, 2, 6, 6, 6, 5, 5, 5]","[block blk_6,block blk_6,block blk_6,NameSystem_2,blk_4,blk_4,blk_4,blk_4,blk_4,blk_4,NameSystem_2,NameSystem_2,NameSystem_2,blk_4,blk_4,blk_4,block blk file_7,block blk file_7,block blk file_7]","[receiving_28,receiving_28,receiving_28,allocate_4,none_22,writing_23,none_22,writing_23,none_22,writing_23,add_3,add_3,add_3,delete_24,delete_24,delete_24,deleting_34,deleting_34,deleting_34]","[none_40,none_40,none_40,none_4,none_31,none_32,none_31,none_32,none_31,none_32,updated_3,updated_3,updated_3,invalid_34,invalid_34,invalid_34,none_46,none_46,none_46]"
410539,"[1, 7, 1, 1, 3, 4, 3, 4, 3, 4, 2, 2, 2, 6, 6, 6, 5, 5, 5]","[block blk_6,NameSystem_2,block blk_6,block blk_6,blk_4,blk_4,blk_4,blk_4,blk_4,blk_4,NameSystem_2,NameSystem_2,NameSystem_2,blk_4,blk_4,blk_4,block blk file_7,block blk file_7,block blk file_7]","[receiving_28,allocate_4,receiving_28,receiving_28,none_22,writing_23,none_22,writing_23,none_22,writing_23,add_3,add_3,add_3,delete_24,delete_24,delete_24,deleting_34,deleting_34,deleting_34]","[none_40,none_4,none_40,none_40,none_31,none_32,none_31,none_32,none_31,none_32,updated_3,updated_3,updated_3,invalid_34,invalid_34,invalid_34,none_46,none_46,none_46]"
482611,"[1, 1, 1, 7, 3, 4, 3, 4, 3, 4, 2, 2, 2]","[block blk_6,block blk_6,block blk_6,NameSystem_2,blk_4,blk_4,blk_4,blk_4,blk_4,blk_4,NameSystem_2,NameSystem_2,NameSystem_2]","[receiving_28,receiving_28,receiving_28,allocate_4,none_22,writing_23,none_22,writing_23,none_22,writing_23,add_3,add_3,add_3]","[none_40,none_40,none_40,none_4,none_31,none_32,none_31,none_32,none_31,none_32,updated_3,updated_3,updated_3]"
69007,"[7, 1, 1, 1, 2, 2, 2, 3, 4, 3, 4, 3, 4, 6, 6, 6, 5, 5, 5]","[NameSystem_2,block blk_6,block blk_6,block blk_6,NameSystem_2,NameSystem_2,NameSystem_2,blk_4,blk_4,blk_4,blk_4,blk_4,blk_4,blk_4,blk_4,blk_4,block blk file_7,block blk file_7,block blk file_7]","[allocate_4,receiving_28,receiving_28,receiving_28,add_3,add_3,add_3,none_22,writing_23,none_22,writing_23,none_22,writing_23,delete_24,delete_24,delete_24,deleting_34,deleting_34,deleting_34]","[none_4,none_40,none_40,none_40,updated_3,updated_3,updated_3,none_31,none_32,none_31,none_32,none_31,none_32,invalid_34,invalid_34,invalid_34,none_46,none_46,none_46]"
533174,"[1, 1, 1, 7, 3, 4, 3, 4, 2, 3, 4, 2, 2]","[block blk_6,block blk_6,block blk_6,NameSystem_2,blk_4,blk_4,blk_4,blk_4,NameSystem_2,blk_4,blk_4,NameSystem_2,NameSystem_2]","[receiving_28,receiving_28,receiving_28,allocate_4,none_22,writing_23,none_22,writing_23,add_3,none_22,writing_23,add_3,add_3]","[none_40,none_40,none_40,none_4,none_31,none_32,none_31,none_32,updated_3,none_31,none_32,updated_3,updated_3]"
177862,"[1, 1, 1, 7, 3, 4, 3, 4, 3, 4, 2, 2, 2, 6, 6, 6, 5, 5, 5]","[block blk_6,block blk_6,block blk_6,NameSystem_2,blk_4,blk_4,blk_4,blk_4,blk_4,blk_4,NameSystem_2,NameSystem_2,NameSystem_2,blk_4,blk_4,blk_4,block blk file_7,block blk file_7,block blk file_7]","[receiving_28,receiving_28,receiving_28,allocate_4,none_22,writing_23,none_22,writing_23,none_22,writing_23,add_3,add_3,add_3,delete_24,delete_24,delete_24,deleting_34,deleting_34,deleting_34]","[none_40,none_40,none_40,none_4,none_31,none_32,none_31,none_32,none_31,none_32,updated_3,updated_3,updated_3,invalid_34,invalid_34,invalid_34,none_46,none_46,none_46]"
250027,"[1, 1, 1, 7, 3, 4, 3, 4, 3, 4, 2, 2, 2, 6, 6, 6, 5, 5, 5]","[block blk_6,block blk_6,block blk_6,NameSystem_2,blk_4,blk_4,blk_4,blk_4,blk_4,blk_4,NameSystem_2,NameSystem_2,NameSystem_2,blk_4,blk_4,blk_4,block blk file_7,block blk file_7,block blk file_7]","[receiving_28,receiving_28,receiving_28,allocate_4,none_22,writing_23,none_22,writing_23,none_22,writing_23,add_3,add_3,add_3,delete_24,delete_24,delete_24,deleting_34,deleting_34,deleting_34]","[none_40,none_40,none_40,none_4,none_31,none_32,none_31,none_32,none_31,none_32,updated_3,updated_3,updated_3,invalid_34,invalid_34,invalid_34,none_46,none_46,none_46]"
516009,"[1, 1, 7, 1, 3, 4, 3, 4, 2, 2, 3, 4, 2]","[block blk_6,block blk_6,NameSystem_2,block blk_6,blk_4,blk_4,blk_4,blk_4,NameSystem_2,NameSystem_2,blk_4,blk_4,NameSystem_2]","[receiving_28,receiving_28,allocate_4,receiving_28,none_22,writing_23,none_22,writing_23,add_3,add_3,none_22,writing_23,add_3]","[none_40,none_40,none_4,none_40,none_31,none_32,none_31,none_32,updated_3,updated_3,none_31,none_32,updated_3]"
106828,"[7, 1, 1, 1, 4, 2, 2, 2, 3, 4, 3, 4, 3, 8, 8, 9, 8, 8, 9, 8, 8, 9, 6, 6, 6, 5, 5, 5]","[NameSystem_2,block blk_6,block blk_6,block blk_6,blk_4,NameSystem_2,NameSystem_2,NameSystem_2,blk_4,blk_4,blk_4,blk_4,blk_4,/_0,/_0,blk_4,/_0,/_0,blk_4,/_0,/_0,blk_4,blk_4,blk_4,blk_4,block blk file_7,block blk file_7,block blk file_7]","[allocate_4,receiving_28,receiving_28,receiving_28,writing_23,add_3,add_3,add_3,none_22,writing_23,none_22,writing_23,none_22,serving_0,serving_0,transfer_13,serving_0,serving_0,transfer_13,serving_0,serving_0,transfer_13,delete_24,delete_24,delete_24,deleting_34,deleting_34,deleting_34]","[none_4,none_40,none_40,none_40,none_32,updated_3,updated_3,updated_3,none_31,none_32,none_31,none_32,none_31,none_0,none_0,exception_21,none_0,none_0,exception_21,none_0,none_0,exception_21,invalid_34,invalid_34,invalid_34,none_46,none_46,none_46]"
51147,"[7, 1, 1, 1, 2, 2, 2, 3, 4, 3, 4, 3, 4, 6, 6, 6, 5, 5, 5]","[NameSystem_2,block blk_6,block blk_6,block blk_6,NameSystem_2,NameSystem_2,NameSystem_2,blk_4,blk_4,blk_4,blk_4,blk_4,blk_4,blk_4,blk_4,blk_4,block blk file_7,block blk file_7,block blk file_7]","[allocate_4,receiving_28,receiving_28,receiving_28,add_3,add_3,add_3,none_22,writing_23,none_22,writing_23,none_22,writing_23,delete_24,delete_24,delete_24,deleting_34,deleting_34,deleting_34]","[none_4,none_40,none_40,none_40,updated_3,updated_3,updated_3,none_31,none_32,none_31,none_32,none_31,none_32,invalid_34,invalid_34,invalid_34,none_46,none_46,none_46]"
77138,"[7, 1, 1, 1, 2, 2, 3, 4, 3, 4, 3, 4, 2, 8, 8, 8, 8, 8, 8, 8, 8, 6, 6, 6, 5, 5, 5]","[NameSystem_2,block blk_6,block blk_6,block blk_6,NameSystem_2,NameSystem_2,blk_4,blk_4,blk_4,blk_4,blk_4,blk_4,NameSystem_2,/_0,/_0,/_0,/_0,/_0,/_0,/_0,/_0,blk_4,blk_4,blk_4,block blk file_7,block blk file_7,block blk file_7]","[allocate_4,receiving_28,receiving_28,receiving_28,add_3,add_3,none_22,writing_23,none_22,writing_23,none_22,writing_23,add_3,serving_0,serving_0,serving_0,serving_0,serving_0,serving_0,serving_0,serving_0,delete_24,delete_24,delete_24,deleting_34,deleting_34,deleting_34]","[none_4,none_40,none_40,none_40,updated_3,updated_3,none_31,none_32,none_31,none_32,none_31,none_32,updated_3,none_0,none_0,none_0,none_0,none_0,none_0,none_0,none_0,invalid_34,invalid_34,invalid_34,none_46,none_46,none_46]"
46312,"[7, 1, 1, 1, 2, 2, 2, 3, 4, 3, 4, 3, 4, 6, 6, 6, 5, 5, 5]","[NameSystem_2,block blk_6,block blk_6,block blk_6,NameSystem_2,NameSystem_2,NameSystem_2,blk_4,blk_4,blk_4,blk_4,blk_4,blk_4,blk_4,blk_4,blk_4,block blk file_7,block blk file_7,block blk file_7]","[allocate_4,receiving_28,receiving_28,receiving_28,add_3,add_3,add_3,none_22,writing_23,none_22,writing_23,none_22,writing_23,delete_24,delete_24,delete_24,deleting_34,deleting_34,deleting_34]","[none_4,none_40,none_40,none_40,updated_3,updated_3,updated_3,none_31,none_32,none_31,none_32,none_31,none_32,invalid_34,invalid_34,invalid_34,none_46,none_46,none_46]"
551108,"[1, 7, 1, 1, 3, 4, 3, 4, 3, 4, 2, 2, 2, 6, 6, 6, 5, 5, 5]","[block blk_6,NameSystem_2,block blk_6,block blk_6,blk_4,blk_4,blk_4,blk_4,blk_4,blk_4,NameSystem_2,NameSystem_2,NameSystem_2,blk_4,blk_4,blk_4,block blk file_7,block blk file_7,block blk file_7]","[receiving_28,allocate_4,receiving_28,receiving_28,none_22,writing_23,none_22,writing_23,none_22,writing_23,add_3,add_3,add_3,delete_24,delete_24,delete_24,deleting_34,deleting_34,deleting_34]","[none_40,none_4,none_40,none_40,none_31,none_32,none_31,none_32,none_31,none_32,updated_3,updated_3,updated_3,invalid_34,invalid_34,invalid_34,none_46,none_46,none_46]"
148622,"[1, 1, 7, 1, 3, 4, 3, 4, 3, 4, 2, 2, 2, 8, 9, 8, 10, 8, 8, 9, 6, 6, 6, 5, 5, 5]","[block blk_6,block blk_6,NameSystem_2,block blk_6,blk_4,blk_4,blk_4,blk_4,blk_4,blk_4,NameSystem_2,NameSystem_2,NameSystem_2,/_0,blk_4,/_0,blk_4,/_0,/_0,blk_4,blk_4,blk_4,blk_4,block blk file_7,block blk file_7,block blk file_7]","[receiving_28,receiving_28,allocate_4,receiving_28,none_22,writing_23,none_22,writing_23,none_22,writing_23,add_3,add_3,add_3,serving_0,transfer_13,serving_0,verification_25,serving_0,serving_0,transfer_13,delete_24,delete_24,delete_24,deleting_34,deleting_34,deleting_34]","[none_40,none_40,none_4,none_40,none_31,none_32,none_31,none_32,none_31,none_32,updated_3,updated_3,updated_3,none_0,exception_21,none_0,successful_35,none_0,none_0,exception_21,invalid_34,invalid_34,invalid_34,none_46,none_46,none_46]"
425860,"[1, 1, 1, 7, 3, 4, 2, 3, 4, 3, 4, 2, 2, 6, 6, 6, 5, 5, 5]","[block blk_6,block blk_6,block blk_6,NameSystem_2,blk_4,blk_4,NameSystem_2,blk_4,blk_4,blk_4,blk_4,NameSystem_2,NameSystem_2,blk_4,blk_4,blk_4,block blk file_7,block blk file_7,block blk file_7]","[receiving_28,receiving_28,receiving_28,allocate_4,none_22,writing_23,add_3,none_22,writing_23,none_22,writing_23,add_3,add_3,delete_24,delete_24,delete_24,deleting_34,deleting_34,deleting_34]","[none_40,none_40,none_40,none_4,none_31,none_32,updated_3,none_31,none_32,none_31,none_32,updated_3,updated_3,invalid_34,invalid_34,invalid_34,none_46,none_46,none_46]"
44922,"[7, 1, 1, 1, 2, 2, 2, 3, 4, 3, 4, 3, 4, 10, 6, 6, 6, 5, 5, 5]","[NameSystem_2,block blk_6,block blk_6,block blk_6,NameSystem_2,NameSystem_2,NameSystem_2,blk_4,blk_4,blk_4,blk_4,blk_4,blk_4,blk_4,blk_4,blk_4,blk_4,block blk file_7,block blk file_7,block blk file_7]","[allocate_4,receiving_28,receiving_28,receiving_28,add_3,add_3,add_3,none_22,writing_23,none_22,writing_23,none_22,writing_23,verification_25,delete_24,delete_24,delete_24,deleting_34,deleting_34,deleting_34]","[none_4,none_40,none_40,none_40,updated_3,updated_3,updated_3,none_31,none_32,none_31,none_32,none_31,none_32,successful_35,invalid_34,invalid_34,invalid_34,none_46,none_46,none_46]"
283827,"[1, 1, 1, 7, 3, 4, 3, 4, 2, 3, 4, 2, 2, 6, 6, 6, 5, 5, 5]","[block blk_6,block blk_6,block blk_6,NameSystem_2,blk_4,blk_4,blk_4,blk_4,NameSystem_2,blk_4,blk_4,NameSystem_2,NameSystem_2,blk_4,blk_4,blk_4,block blk file_7,block blk file_7,block blk file_7]","[receiving_28,receiving_28,receiving_28,allocate_4,none_22,writing_23,none_22,writing_23,add_3,none_22,writing_23,add_3,add_3,delete_24,delete_24,delete_24,deleting_34,deleting_34,deleting_34]","[none_40,none_40,none_40,none_4,none_31,none_32,none_31,none_32,updated_3,none_31,none_32,updated_3,updated_3,invalid_34,invalid_34,invalid_34,none_46,none_46,none_46]"
224297,"[1, 1, 7, 1, 3, 4, 3, 4, 3, 4, 2, 2, 2, 6, 6, 6, 5, 5, 5]","[block blk_6,block blk_6,NameSystem_2,block blk_6,blk_4,blk_4,blk_4,blk_4,blk_4,blk_4,NameSystem_2,NameSystem_2,NameSystem_2,blk_4,blk_4,blk_4,block blk file_7,block blk file_7,block blk file_7]","[receiving_28,receiving_28,allocate_4,receiving_28,none_22,writing_23,none_22,writing_23,none_22,writing_23,add_3,add_3,add_3,delete_24,delete_24,delete_24,deleting_34,deleting_34,deleting_34]","[none_40,none_40,none_4,none_40,none_31,none_32,none_31,none_32,none_31,none_32,updated_3,updated_3,updated_3,invalid_34,invalid_34,invalid_34,none_46,none_46,none_46]"
194088,"[1, 1, 1, 7, 3, 4, 3, 4, 3, 4, 2, 2, 2, 6, 6, 6, 5, 5, 5]","[block blk_6,block blk_6,block blk_6,NameSystem_2,blk_4,blk_4,blk_4,blk_4,blk_4,blk_4,NameSystem_2,NameSystem_2,NameSystem_2,blk_4,blk_4,blk_4,block blk file_7,block blk file_7,block blk file_7]","[receiving_28,receiving_28,receiving_28,allocate_4,none_22,writing_23,none_22,writing_23,none_22,writing_23,add_3,add_3,add_3,delete_24,delete_24,delete_24,deleting_34,deleting_34,deleting_34]","[none_40,none_40,none_40,none_4,none_31,none_32,none_31,none_32,none_31,none_32,updated_3,updated_3,updated_3,invalid_34,invalid_34,invalid_34,none_46,none_46,none_46]"
194733,"[1, 1, 1, 7, 3, 4, 3, 4, 3, 4, 2, 2, 2, 6, 6, 6, 5, 5, 5]","[block blk_6,block blk_6,block blk_6,NameSystem_2,blk_4,blk_4,blk_4,blk_4,blk_4,blk_4,NameSystem_2,NameSystem_2,NameSystem_2,blk_4,blk_4,blk_4,block blk file_7,block blk file_7,block blk file_7]","[receiving_28,receiving_28,receiving_28,allocate_4,none_22,writing_23,none_22,writing_23,none_22,writing_23,add_3,add_3,add_3,delete_24,delete_24,delete_24,deleting_34,deleting_34,deleting_34]","[none_40,none_40,none_40,none_4,none_31,none_32,none_31,none_32,none_31,none_32,updated_3,updated_3,updated_3,invalid_34,invalid_34,invalid_34,none_46,none_46,none_46]"
274710,"[1, 1, 7, 1, 3, 4, 3, 4, 2, 2, 3, 4, 2, 6, 6, 6, 5, 5, 5]","[block blk_6,block blk_6,NameSystem_2,block blk_6,blk_4,blk_4,blk_4,blk_4,NameSystem_2,NameSystem_2,blk_4,blk_4,NameSystem_2,blk_4,blk_4,blk_4,block blk file_7,block blk file_7,block blk file_7]","[receiving_28,receiving_28,allocate_4,receiving_28,none_22,writing_23,none_22,writing_23,add_3,add_3,none_22,writing_23,add_3,delete_24,delete_24,delete_24,deleting_34,deleting_34,deleting_34]","[none_40,none_40,none_4,none_40,none_31,none_32,none_31,none_32,updated_3,updated_3,none_31,none_32,updated_3,invalid_34,invalid_34,invalid_34,none_46,none_46,none_46]"
362109,"[7, 1, 1, 1, 3, 4, 3, 4, 3, 4, 2, 2, 2, 6, 6, 6, 5, 5, 5]","[NameSystem_2,block blk_6,block blk_6,block blk_6,blk_4,blk_4,blk_4,blk_4,blk_4,blk_4,NameSystem_2,NameSystem_2,NameSystem_2,blk_4,blk_4,blk_4,block blk file_7,block blk file_7,block blk file_7]","[allocate_4,receiving_28,receiving_28,receiving_28,none_22,writing_23,none_22,writing_23,none_22,writing_23,add_3,add_3,add_3,delete_24,delete_24,delete_24,deleting_34,deleting_34,deleting_34]","[none_4,none_40,none_40,none_40,none_31,none_32,none_31,none_32,none_31,none_32,updated_3,updated_3,updated_3,invalid_34,invalid_34,invalid_34,none_46,none_46,none_46]"
120305,"[7, 1, 1, 1, 2, 2, 3, 4, 3, 4, 2, 3, 4, 9, 9, 8, 10, 6, 6, 6, 5, 5, 5]","[NameSystem_2,block blk_6,block blk_6,block blk_6,NameSystem_2,NameSystem_2,blk_4,blk_4,blk_4,blk_4,NameSystem_2,blk_4,blk_4,blk_4,blk_4,/_0,blk_4,blk_4,blk_4,blk_4,block blk file_7,block blk file_7,block blk file_7]","[allocate_4,receiving_28,receiving_28,receiving_28,add_3,add_3,none_22,writing_23,none_22,writing_23,add_3,none_22,writing_23,transfer_13,transfer_13,serving_0,verification_25,delete_24,delete_24,delete_24,deleting_34,deleting_34,deleting_34]","[none_4,none_40,none_40,none_40,updated_3,updated_3,none_31,none_32,none_31,none_32,updated_3,none_31,none_32,exception_21,exception_21,none_0,successful_35,invalid_34,invalid_34,invalid_34,none_46,none_46,none_46]"
397590,"[1, 1, 1, 7, 3, 4, 3, 4, 3, 4, 2, 2, 2, 6, 6, 6, 5, 5, 5]","[block blk_6,block blk_6,block blk_6,NameSystem_2,blk_4,blk_4,blk_4,blk_4,blk_4,blk_4,NameSystem_2,NameSystem_2,NameSystem_2,blk_4,blk_4,blk_4,block blk file_7,block blk file_7,block blk file_7]","[receiving_28,receiving_28,receiving_28,allocate_4,none_22,writing_23,none_22,writing_23,none_22,writing_23,add_3,add_3,add_3,delete_24,delete_24,delete_24,deleting_34,deleting_34,deleting_34]","[none_40,none_40,none_40,none_4,none_31,none_32,none_31,none_32,none_31,none_32,updated_3,updated_3,updated_3,invalid_34,invalid_34,invalid_34,none_46,none_46,none_46]"
265816,"[1, 7, 1, 1, 3, 4, 3, 4, 3, 4, 2, 2, 2, 6, 6, 6, 5, 5, 5]","[block blk_6,NameSystem_2,block blk_6,block blk_6,blk_4,blk_4,blk_4,blk_4,blk_4,blk_4,NameSystem_2,NameSystem_2,NameSystem_2,blk_4,blk_4,blk_4,block blk file_7,block blk file_7,block blk file_7]","[receiving_28,allocate_4,receiving_28,receiving_28,none_22,writing_23,none_22,writing_23,none_22,writing_23,add_3,add_3,add_3,delete_24,delete_24,delete_24,deleting_34,deleting_34,deleting_34]","[none_40,none_4,none_40,none_40,none_31,none_32,none_31,none_32,none_31,none_32,updated_3,updated_3,updated_3,invalid_34,invalid_34,invalid_34,none_46,none_46,none_46]"
34139,"[1, 1, 7, 1, 3, 4, 3, 4, 3, 4, 2, 2, 2, 6, 6, 6, 5, 5, 5]","[block blk_6,block blk_6,NameSystem_2,block blk_6,blk_4,blk_4,blk_4,blk_4,blk_4,blk_4,NameSystem_2,NameSystem_2,NameSystem_2,blk_4,blk_4,blk_4,block blk file_7,block blk file_7,block blk file_7]","[receiving_28,receiving_28,allocate_4,receiving_28,none_22,writing_23,none_22,writing_23,none_22,writing_23,add_3,add_3,add_3,delete_24,delete_24,delete_24,deleting_34,deleting_34,deleting_34]","[none_40,none_40,none_4,none_40,none_31,none_32,none_31,none_32,none_31,none_32,updated_3,updated_3,updated_3,invalid_34,invalid_34,invalid_34,none_46,none_46,none_46]"
374070,"[1, 1, 1, 7, 3, 4, 3, 4, 3, 4, 2, 2, 2, 6, 6, 6, 5, 5, 5]","[block blk_6,block blk_6,block blk_6,NameSystem_2,blk_4,blk_4,blk_4,blk_4,blk_4,blk_4,NameSystem_2,NameSystem_2,NameSystem_2,blk_4,blk_4,blk_4,block blk file_7,block blk file_7,block blk file_7]","[receiving_28,receiving_28,receiving_28,allocate_4,none_22,writing_23,none_22,writing_23,none_22,writing_23,add_3,add_3,add_3,delete_24,delete_24,delete_24,deleting_34,deleting_34,deleting_34]","[none_40,none_40,none_40,none_4,none_31,none_32,none_31,none_32,none_31,none_32,updated_3,updated_3,updated_3,invalid_34,invalid_34,invalid_34,none_46,none_46,none_46]"
14413,"[1, 7, 1, 1, 3, 4, 3, 4, 3, 4, 2, 2, 2, 9, 9, 8, 10, 6, 6, 6, 5, 5, 5]","[block blk_6,NameSystem_2,block blk_6,block blk_6,blk_4,blk_4,blk_4,blk_4,blk_4,blk_4,NameSystem_2,NameSystem_2,NameSystem_2,blk_4,blk_4,/_0,blk_4,blk_4,blk_4,blk_4,block blk file_7,block blk file_7,block blk file_7]","[receiving_28,allocate_4,receiving_28,receiving_28,none_22,writing_23,none_22,writing_23,none_22,writing_23,add_3,add_3,add_3,transfer_13,transfer_13,serving_0,verification_25,delete_24,delete_24,delete_24,deleting_34,deleting_34,deleting_34]","[none_40,none_4,none_40,none_40,none_31,none_32,none_31,none_32,none_31,none_32,updated_3,updated_3,updated_3,exception_21,exception_21,none_0,successful_35,invalid_34,invalid_34,invalid_34,none_46,none_46,none_46]"
403177,"[1, 7, 1, 1, 3, 4, 3, 4, 3, 4, 2, 2, 2, 6, 6, 6, 5, 5, 5]","[block blk_6,NameSystem_2,block blk_6,block blk_6,blk_4,blk_4,blk_4,blk_4,blk_4,blk_4,NameSystem_2,NameSystem_2,NameSystem_2,blk_4,blk_4,blk_4,block blk file_7,block blk file_7,block blk file_7]","[receiving_28,allocate_4,receiving_28,receiving_28,none_22,writing_23,none_22,writing_23,none_22,writing_23,add_3,add_3,add_3,delete_24,delete_24,delete_24,deleting_34,deleting_34,deleting_34]","[none_40,none_4,none_40,none_40,none_31,none_32,none_31,none_32,none_31,none_32,updated_3,updated_3,updated_3,invalid_34,invalid_34,invalid_34,none_46,none_46,none_46]"
274339,"[1, 7, 1, 1, 3, 4, 3, 4, 3, 4, 2, 2, 2, 6, 6, 6, 5, 5, 5]","[block blk_6,NameSystem_2,block blk_6,block blk_6,blk_4,blk_4,blk_4,blk_4,blk_4,blk_4,NameSystem_2,NameSystem_2,NameSystem_2,blk_4,blk_4,blk_4,block blk file_7,block blk file_7,block blk file_7]","[receiving_28,allocate_4,receiving_28,receiving_28,none_22,writing_23,none_22,writing_23,none_22,writing_23,add_3,add_3,add_3,delete_24,delete_24,delete_24,deleting_34,deleting_34,deleting_34]","[none_40,none_4,none_40,none_40,none_31,none_32,none_31,none_32,none_31,none_32,updated_3,updated_3,updated_3,invalid_34,invalid_34,invalid_34,none_46,none_46,none_46]"
137535,"[1, 7, 1, 1, 2, 2, 3, 4, 3, 4, 3, 4, 2, 9, 8, 9, 10, 6, 6, 6, 5, 5, 5]","[block blk_6,NameSystem_2,block blk_6,block blk_6,NameSystem_2,NameSystem_2,blk_4,blk_4,blk_4,blk_4,blk_4,blk_4,NameSystem_2,blk_4,/_0,blk_4,blk_4,blk_4,blk_4,blk_4,block blk file_7,block blk file_7,block blk file_7]","[receiving_28,allocate_4,receiving_28,receiving_28,add_3,add_3,none_22,writing_23,none_22,writing_23,none_22,writing_23,add_3,transfer_13,serving_0,transfer_13,verification_25,delete_24,delete_24,delete_24,deleting_34,deleting_34,deleting_34]","[none_40,none_4,none_40,none_40,updated_3,updated_3,none_31,none_32,none_31,none_32,none_31,none_32,updated_3,exception_21,none_0,exception_21,successful_35,invalid_34,invalid_34,invalid_34,none_46,none_46,none_46]"
244070,"[1, 1, 1, 7, 3, 4, 3, 4, 3, 4, 2, 2, 2, 6, 6, 6, 5, 5, 5]","[block blk_6,block blk_6,block blk_6,NameSystem_2,blk_4,blk_4,blk_4,blk_4,blk_4,blk_4,NameSystem_2,NameSystem_2,NameSystem_2,blk_4,blk_4,blk_4,block blk file_7,block blk file_7,block blk file_7]","[receiving_28,receiving_28,receiving_28,allocate_4,none_22,writing_23,none_22,writing_23,none_22,writing_23,add_3,add_3,add_3,delete_24,delete_24,delete_24,deleting_34,deleting_34,deleting_34]","[none_40,none_40,none_40,none_4,none_31,none_32,none_31,none_32,none_31,none_32,updated_3,updated_3,updated_3,invalid_34,invalid_34,invalid_34,none_46,none_46,none_46]"
519327,"[1, 7, 1, 1, 3, 4, 3, 4, 3, 4, 2, 2, 2]","[block blk_6,NameSystem_2,block blk_6,block blk_6,blk_4,blk_4,blk_4,blk_4,blk_4,blk_4,NameSystem_2,NameSystem_2,NameSystem_2]","[receiving_28,allocate_4,receiving_28,receiving_28,none_22,writing_23,none_22,writing_23,none_22,writing_23,add_3,add_3,add_3]","[none_40,none_4,none_40,none_40,none_31,none_32,none_31,none_32,none_31,none_32,updated_3,updated_3,updated_3]"
544055,"[1, 1, 1, 7, 3, 4, 3, 4, 3, 4, 2, 2, 2, 6, 6, 6, 5, 5, 5]","[block blk_6,block blk_6,block blk_6,NameSystem_2,blk_4,blk_4,blk_4,blk_4,blk_4,blk_4,NameSystem_2,NameSystem_2,NameSystem_2,blk_4,blk_4,blk_4,block blk file_7,block blk file_7,block blk file_7]","[receiving_28,receiving_28,receiving_28,allocate_4,none_22,writing_23,none_22,writing_23,none_22,writing_23,add_3,add_3,add_3,delete_24,delete_24,delete_24,deleting_34,deleting_34,deleting_34]","[none_40,none_40,none_40,none_4,none_31,none_32,none_31,none_32,none_31,none_32,updated_3,updated_3,updated_3,invalid_34,invalid_34,invalid_34,none_46,none_46,none_46]"
201669,"[1, 1, 1, 7, 3, 4, 3, 4, 3, 4, 2, 2, 2, 6, 6, 6, 5, 5, 5]","[block blk_6,block blk_6,block blk_6,NameSystem_2,blk_4,blk_4,blk_4,blk_4,blk_4,blk_4,NameSystem_2,NameSystem_2,NameSystem_2,blk_4,blk_4,blk_4,block blk file_7,block blk file_7,block blk file_7]","[receiving_28,receiving_28,receiving_28,allocate_4,none_22,writing_23,none_22,writing_23,none_22,writing_23,add_3,add_3,add_3,delete_24,delete_24,delete_24,deleting_34,deleting_34,deleting_34]","[none_40,none_40,none_40,none_4,none_31,none_32,none_31,none_32,none_31,none_32,updated_3,updated_3,updated_3,invalid_34,invalid_34,invalid_34,none_46,none_46,none_46]"
231649,"[1, 7, 1, 1, 3, 4, 3, 4, 3, 4, 2, 2, 2, 6, 6, 6, 5, 5, 5]","[block blk_6,NameSystem_2,block blk_6,block blk_6,blk_4,blk_4,blk_4,blk_4,blk_4,blk_4,NameSystem_2,NameSystem_2,NameSystem_2,blk_4,blk_4,blk_4,block blk file_7,block blk file_7,block blk file_7]","[receiving_28,allocate_4,receiving_28,receiving_28,none_22,writing_23,none_22,writing_23,none_22,writing_23,add_3,add_3,add_3,delete_24,delete_24,delete_24,deleting_34,deleting_34,deleting_34]","[none_40,none_4,none_40,none_40,none_31,none_32,none_31,none_32,none_31,none_32,updated_3,updated_3,updated_3,invalid_34,invalid_34,invalid_34,none_46,none_46,none_46]"
402372,"[1, 1, 1, 7, 3, 4, 3, 4, 3, 4, 2, 2, 2, 6, 6, 6, 5, 5, 5]","[block blk_6,block blk_6,block blk_6,NameSystem_2,blk_4,blk_4,blk_4,blk_4,blk_4,blk_4,NameSystem_2,NameSystem_2,NameSystem_2,blk_4,blk_4,blk_4,block blk file_7,block blk file_7,block blk file_7]","[receiving_28,receiving_28,receiving_28,allocate_4,none_22,writing_23,none_22,writing_23,none_22,writing_23,add_3,add_3,add_3,delete_24,delete_24,delete_24,deleting_34,deleting_34,deleting_34]","[none_40,none_40,none_40,none_4,none_31,none_32,none_31,none_32,none_31,none_32,updated_3,updated_3,updated_3,invalid_34,invalid_34,invalid_34,none_46,none_46,none_46]"
542802,"[1, 7, 1, 1, 3, 4, 3, 4, 3, 4, 2, 2, 2, 6, 6, 6, 5, 5, 5]","[block blk_6,NameSystem_2,block blk_6,block blk_6,blk_4,blk_4,blk_4,blk_4,blk_4,blk_4,NameSystem_2,NameSystem_2,NameSystem_2,blk_4,blk_4,blk_4,block blk file_7,block blk file_7,block blk file_7]","[receiving_28,allocate_4,receiving_28,receiving_28,none_22,writing_23,none_22,writing_23,none_22,writing_23,add_3,add_3,add_3,delete_24,delete_24,delete_24,deleting_34,deleting_34,deleting_34]","[none_40,none_4,none_40,none_40,none_31,none_32,none_31,none_32,none_31,none_32,updated_3,updated_3,updated_3,invalid_34,invalid_34,invalid_34,none_46,none_46,none_46]"
129966,"[7, 1, 1, 1, 2, 2, 2, 3, 4, 3, 4, 3, 4, 9, 9, 8, 6, 6, 6, 5, 5, 5]","[NameSystem_2,block blk_6,block blk_6,block blk_6,NameSystem_2,NameSystem_2,NameSystem_2,blk_4,blk_4,blk_4,blk_4,blk_4,blk_4,blk_4,blk_4,/_0,blk_4,blk_4,blk_4,block blk file_7,block blk file_7,block blk file_7]","[allocate_4,receiving_28,receiving_28,receiving_28,add_3,add_3,add_3,none_22,writing_23,none_22,writing_23,none_22,writing_23,transfer_13,transfer_13,serving_0,delete_24,delete_24,delete_24,deleting_34,deleting_34,deleting_34]","[none_4,none_40,none_40,none_40,updated_3,updated_3,updated_3,none_31,none_32,none_31,none_32,none_31,none_32,exception_21,exception_21,none_0,invalid_34,invalid_34,invalid_34,none_46,none_46,none_46]"
479663,"[1, 1, 7, 1, 3, 4, 3, 4, 2, 2, 3, 4, 2]","[block blk_6,block blk_6,NameSystem_2,block blk_6,blk_4,blk_4,blk_4,blk_4,NameSystem_2,NameSystem_2,blk_4,blk_4,NameSystem_2]","[receiving_28,receiving_28,allocate_4,receiving_28,none_22,writing_23,none_22,writing_23,add_3,add_3,none_22,writing_23,add_3]","[none_40,none_40,none_4,none_40,none_31,none_32,none_31,none_32,updated_3,updated_3,none_31,none_32,updated_3]"
242553,"[1, 7, 1, 1, 3, 4, 2, 3, 4, 3, 4, 2, 2, 6, 6, 6, 5, 5, 5]","[block blk_6,NameSystem_2,block blk_6,block blk_6,blk_4,blk_4,NameSystem_2,blk_4,blk_4,blk_4,blk_4,NameSystem_2,NameSystem_2,blk_4,blk_4,blk_4,block blk file_7,block blk file_7,block blk file_7]","[receiving_28,allocate_4,receiving_28,receiving_28,none_22,writing_23,add_3,none_22,writing_23,none_22,writing_23,add_3,add_3,delete_24,delete_24,delete_24,deleting_34,deleting_34,deleting_34]","[none_40,none_4,none_40,none_40,none_31,none_32,updated_3,none_31,none_32,none_31,none_32,updated_3,updated_3,invalid_34,invalid_34,invalid_34,none_46,none_46,none_46]"
467217,"[1, 1, 1, 7, 3, 4, 3, 4, 3, 4, 2, 2, 2]","[block blk_6,block blk_6,block blk_6,NameSystem_2,blk_4,blk_4,blk_4,blk_4,blk_4,blk_4,NameSystem_2,NameSystem_2,NameSystem_2]","[receiving_28,receiving_28,receiving_28,allocate_4,none_22,writing_23,none_22,writing_23,none_22,writing_23,add_3,add_3,add_3]","[none_40,none_40,none_40,none_4,none_31,none_32,none_31,none_32,none_31,none_32,updated_3,updated_3,updated_3]"
112066,"[7, 1, 1, 1, 2, 2, 3, 4, 3, 4, 2, 3, 4, 10, 10, 9, 8, 9, 10, 6, 6, 6, 5, 5, 5]","[NameSystem_2,block blk_6,block blk_6,block blk_6,NameSystem_2,NameSystem_2,blk_4,blk_4,blk_4,blk_4,NameSystem_2,blk_4,blk_4,blk_4,blk_4,blk_4,/_0,blk_4,blk_4,blk_4,blk_4,blk_4,block blk file_7,block blk file_7,block blk file_7]","[allocate_4,receiving_28,receiving_28,receiving_28,add_3,add_3,none_22,writing_23,none_22,writing_23,add_3,none_22,writing_23,verification_25,verification_25,transfer_13,serving_0,transfer_13,verification_25,delete_24,delete_24,delete_24,deleting_34,deleting_34,deleting_34]","[none_4,none_40,none_40,none_40,updated_3,updated_3,none_31,none_32,none_31,none_32,updated_3,none_31,none_32,successful_35,successful_35,exception_21,none_0,exception_21,successful_35,invalid_34,invalid_34,invalid_34,none_46,none_46,none_46]"
262412,"[1, 1, 1, 7, 3, 4, 3, 4, 3, 4, 2, 2, 2, 6, 6, 6, 5, 5, 5]","[block blk_6,block blk_6,block blk_6,NameSystem_2,blk_4,blk_4,blk_4,blk_4,blk_4,blk_4,NameSystem_2,NameSystem_2,NameSystem_2,blk_4,blk_4,blk_4,block blk file_7,block blk file_7,block blk file_7]","[receiving_28,receiving_28,receiving_28,allocate_4,none_22,writing_23,none_22,writing_23,none_22,writing_23,add_3,add_3,add_3,delete_24,delete_24,delete_24,deleting_34,deleting_34,deleting_34]","[none_40,none_40,none_40,none_4,none_31,none_32,none_31,none_32,none_31,none_32,updated_3,updated_3,updated_3,invalid_34,invalid_34,invalid_34,none_46,none_46,none_46]"
497643,"[1, 1, 1, 7, 3, 4, 3, 4, 3, 4, 2, 2, 2]","[block blk_6,block blk_6,block blk_6,NameSystem_2,blk_4,blk_4,blk_4,blk_4,blk_4,blk_4,NameSystem_2,NameSystem_2,NameSystem_2]","[receiving_28,receiving_28,receiving_28,allocate_4,none_22,writing_23,none_22,writing_23,none_22,writing_23,add_3,add_3,add_3]","[none_40,none_40,none_40,none_4,none_31,none_32,none_31,none_32,none_31,none_32,updated_3,updated_3,updated_3]"
211494,"[1, 1, 1, 7, 3, 4, 3, 4, 3, 4, 2, 2, 2, 6, 6, 6, 5, 5, 5]","[block blk_6,block blk_6,block blk_6,NameSystem_2,blk_4,blk_4,blk_4,blk_4,blk_4,blk_4,NameSystem_2,NameSystem_2,NameSystem_2,blk_4,blk_4,blk_4,block blk file_7,block blk file_7,block blk file_7]","[receiving_28,receiving_28,receiving_28,allocate_4,none_22,writing_23,none_22,writing_23,none_22,writing_23,add_3,add_3,add_3,delete_24,delete_24,delete_24,deleting_34,deleting_34,deleting_34]","[none_40,none_40,none_40,none_4,none_31,none_32,none_31,none_32,none_31,none_32,updated_3,updated_3,updated_3,invalid_34,invalid_34,invalid_34,none_46,none_46,none_46]"
295060,"[1, 7, 1, 1, 3, 4, 3, 4, 3, 4, 2, 2, 2, 6, 6, 6, 5, 5, 5]","[block blk_6,NameSystem_2,block blk_6,block blk_6,blk_4,blk_4,blk_4,blk_4,blk_4,blk_4,NameSystem_2,NameSystem_2,NameSystem_2,blk_4,blk_4,blk_4,block blk file_7,block blk file_7,block blk file_7]","[receiving_28,allocate_4,receiving_28,receiving_28,none_22,writing_23,none_22,writing_23,none_22,writing_23,add_3,add_3,add_3,delete_24,delete_24,delete_24,deleting_34,deleting_34,deleting_34]","[none_40,none_4,none_40,none_40,none_31,none_32,none_31,none_32,none_31,none_32,updated_3,updated_3,updated_3,invalid_34,invalid_34,invalid_34,none_46,none_46,none_46]"
58709,"[7, 1, 1, 1, 2, 2, 2, 3, 4, 3, 4, 3, 4, 6, 6, 6, 5, 5, 5]","[NameSystem_2,block blk_6,block blk_6,block blk_6,NameSystem_2,NameSystem_2,NameSystem_2,blk_4,blk_4,blk_4,blk_4,blk_4,blk_4,blk_4,blk_4,blk_4,block blk file_7,block blk file_7,block blk file_7]","[allocate_4,receiving_28,receiving_28,receiving_28,add_3,add_3,add_3,none_22,writing_23,none_22,writing_23,none_22,writing_23,delete_24,delete_24,delete_24,deleting_34,deleting_34,deleting_34]","[none_4,none_40,none_40,none_40,updated_3,updated_3,updated_3,none_31,none_32,none_31,none_32,none_31,none_32,invalid_34,invalid_34,invalid_34,none_46,none_46,none_46]"
13195,"[1, 7, 1, 1, 3, 4, 2, 3, 4, 2, 2, 3, 4, 9, 8, 9, 6, 6, 6, 5, 5, 5]","[block blk_6,NameSystem_2,block blk_6,block blk_6,blk_4,blk_4,NameSystem_2,blk_4,blk_4,NameSystem_2,NameSystem_2,blk_4,blk_4,blk_4,/_0,blk_4,blk_4,blk_4,blk_4,block blk file_7,block blk file_7,block blk file_7]","[receiving_28,allocate_4,receiving_28,receiving_28,none_22,writing_23,add_3,none_22,writing_23,add_3,add_3,none_22,writing_23,transfer_13,serving_0,transfer_13,delete_24,delete_24,delete_24,deleting_34,deleting_34,deleting_34]","[none_40,none_4,none_40,none_40,none_31,none_32,updated_3,none_31,none_32,updated_3,updated_3,none_31,none_32,exception_21,none_0,exception_21,invalid_34,invalid_34,invalid_34,none_46,none_46,none_46]"
38757,"[7, 1, 1, 1, 2, 2, 2, 3, 4, 3, 4, 3, 4, 6, 6, 6, 5, 5, 5]","[NameSystem_2,block blk_6,block blk_6,block blk_6,NameSystem_2,NameSystem_2,NameSystem_2,blk_4,blk_4,blk_4,blk_4,blk_4,blk_4,blk_4,blk_4,blk_4,block blk file_7,block blk file_7,block blk file_7]","[allocate_4,receiving_28,receiving_28,receiving_28,add_3,add_3,add_3,none_22,writing_23,none_22,writing_23,none_22,writing_23,delete_24,delete_24,delete_24,deleting_34,deleting_34,deleting_34]","[none_4,none_40,none_40,none_40,updated_3,updated_3,updated_3,none_31,none_32,none_31,none_32,none_31,none_32,invalid_34,invalid_34,invalid_34,none_46,none_46,none_46]"
484949,"[1, 1, 7, 1, 3, 4, 3, 4, 3, 4, 2, 2, 2]","[block blk_6,block blk_6,NameSystem_2,block blk_6,blk_4,blk_4,blk_4,blk_4,blk_4,blk_4,NameSystem_2,NameSystem_2,NameSystem_2]","[receiving_28,receiving_28,allocate_4,receiving_28,none_22,writing_23,none_22,writing_23,none_22,writing_23,add_3,add_3,add_3]","[none_40,none_40,none_4,none_40,none_31,none_32,none_31,none_32,none_31,none_32,updated_3,updated_3,updated_3]"
456340,"[1, 1, 7, 1, 3, 4, 3, 4, 3, 4, 2, 2, 2, 6, 6, 6, 5, 5, 5]","[block blk_6,block blk_6,NameSystem_2,block blk_6,blk_4,blk_4,blk_4,blk_4,blk_4,blk_4,NameSystem_2,NameSystem_2,NameSystem_2,blk_4,blk_4,blk_4,block blk file_7,block blk file_7,block blk file_7]","[receiving_28,receiving_28,allocate_4,receiving_28,none_22,writing_23,none_22,writing_23,none_22,writing_23,add_3,add_3,add_3,delete_24,delete_24,delete_24,deleting_34,deleting_34,deleting_34]","[none_40,none_40,none_4,none_40,none_31,none_32,none_31,none_32,none_31,none_32,updated_3,updated_3,updated_3,invalid_34,invalid_34,invalid_34,none_46,none_46,none_46]"
375136,"[1, 7, 1, 1, 3, 4, 3, 4, 3, 4, 2, 2, 2, 6, 6, 6, 5, 5, 5]","[block blk_6,NameSystem_2,block blk_6,block blk_6,blk_4,blk_4,blk_4,blk_4,blk_4,blk_4,NameSystem_2,NameSystem_2,NameSystem_2,blk_4,blk_4,blk_4,block blk file_7,block blk file_7,block blk file_7]","[receiving_28,allocate_4,receiving_28,receiving_28,none_22,writing_23,none_22,writing_23,none_22,writing_23,add_3,add_3,add_3,delete_24,delete_24,delete_24,deleting_34,deleting_34,deleting_34]","[none_40,none_4,none_40,none_40,none_31,none_32,none_31,none_32,none_31,none_32,updated_3,updated_3,updated_3,invalid_34,invalid_34,invalid_34,none_46,none_46,none_46]"
411643,"[1, 1, 1, 7, 3, 4, 3, 4, 3, 4, 2, 2, 2, 6, 6, 6, 5, 5, 5]","[block blk_6,block blk_6,block blk_6,NameSystem_2,blk_4,blk_4,blk_4,blk_4,blk_4,blk_4,NameSystem_2,NameSystem_2,NameSystem_2,blk_4,blk_4,blk_4,block blk file_7,block blk file_7,block blk file_7]","[receiving_28,receiving_28,receiving_28,allocate_4,none_22,writing_23,none_22,writing_23,none_22,writing_23,add_3,add_3,add_3,delete_24,delete_24,delete_24,deleting_34,deleting_34,deleting_34]","[none_40,none_40,none_40,none_4,none_31,none_32,none_31,none_32,none_31,none_32,updated_3,updated_3,updated_3,invalid_34,invalid_34,invalid_34,none_46,none_46,none_46]"
360277,"[1, 1, 1, 7, 3, 4, 3, 4, 3, 4, 2, 2, 2, 6, 6, 6, 5, 5, 5]","[block blk_6,block blk_6,block blk_6,NameSystem_2,blk_4,blk_4,blk_4,blk_4,blk_4,blk_4,NameSystem_2,NameSystem_2,NameSystem_2,blk_4,blk_4,blk_4,block blk file_7,block blk file_7,block blk file_7]","[receiving_28,receiving_28,receiving_28,allocate_4,none_22,writing_23,none_22,writing_23,none_22,writing_23,add_3,add_3,add_3,delete_24,delete_24,delete_24,deleting_34,deleting_34,deleting_34]","[none_40,none_40,none_40,none_4,none_31,none_32,none_31,none_32,none_31,none_32,updated_3,updated_3,updated_3,invalid_34,invalid_34,invalid_34,none_46,none_46,none_46]"
175034,"[1, 7, 1, 1, 3, 4, 3, 4, 3, 4, 2, 2, 2, 8, 9, 8, 6, 6, 6, 5, 5, 5]","[block blk_6,NameSystem_2,block blk_6,block blk_6,blk_4,blk_4,blk_4,blk_4,blk_4,blk_4,NameSystem_2,NameSystem_2,NameSystem_2,/_0,blk_4,/_0,blk_4,blk_4,blk_4,block blk file_7,block blk file_7,block blk file_7]","[receiving_28,allocate_4,receiving_28,receiving_28,none_22,writing_23,none_22,writing_23,none_22,writing_23,add_3,add_3,add_3,serving_0,transfer_13,serving_0,delete_24,delete_24,delete_24,deleting_34,deleting_34,deleting_34]","[none_40,none_4,none_40,none_40,none_31,none_32,none_31,none_32,none_31,none_32,updated_3,updated_3,updated_3,none_0,exception_21,none_0,invalid_34,invalid_34,invalid_34,none_46,none_46,none_46]"
344458,"[7, 1, 1, 1, 3, 4, 3, 4, 3, 4, 2, 2, 2]","[NameSystem_2,block blk_6,block blk_6,block blk_6,blk_4,blk_4,blk_4,blk_4,blk_4,blk_4,NameSystem_2,NameSystem_2,NameSystem_2]","[allocate_4,receiving_28,receiving_28,receiving_28,none_22,writing_23,none_22,writing_23,none_22,writing_23,add_3,add_3,add_3]","[none_4,none_40,none_40,none_40,none_31,none_32,none_31,none_32,none_31,none_32,updated_3,updated_3,updated_3]"
219643,"[7, 1, 1, 1, 3, 4, 3, 4, 3, 4, 2, 2, 2, 6, 6, 6, 5, 5, 5]","[NameSystem_2,block blk_6,block blk_6,block blk_6,blk_4,blk_4,blk_4,blk_4,blk_4,blk_4,NameSystem_2,NameSystem_2,NameSystem_2,blk_4,blk_4,blk_4,block blk file_7,block blk file_7,block blk file_7]","[allocate_4,receiving_28,receiving_28,receiving_28,none_22,writing_23,none_22,writing_23,none_22,writing_23,add_3,add_3,add_3,delete_24,delete_24,delete_24,deleting_34,deleting_34,deleting_34]","[none_4,none_40,none_40,none_40,none_31,none_32,none_31,none_32,none_31,none_32,updated_3,updated_3,updated_3,invalid_34,invalid_34,invalid_34,none_46,none_46,none_46]"
191360,"[1, 1, 1, 7, 3, 4, 3, 4, 3, 4, 2, 2, 2, 6, 6, 6, 5, 5, 5]","[block blk_6,block blk_6,block blk_6,NameSystem_2,blk_4,blk_4,blk_4,blk_4,blk_4,blk_4,NameSystem_2,NameSystem_2,NameSystem_2,blk_4,blk_4,blk_4,block blk file_7,block blk file_7,block blk file_7]","[receiving_28,receiving_28,receiving_28,allocate_4,none_22,writing_23,none_22,writing_23,none_22,writing_23,add_3,add_3,add_3,delete_24,delete_24,delete_24,deleting_34,deleting_34,deleting_34]","[none_40,none_40,none_40,none_4,none_31,none_32,none_31,none_32,none_31,none_32,updated_3,updated_3,updated_3,invalid_34,invalid_34,invalid_34,none_46,none_46,none_46]"
44907,"[7, 1, 1, 1, 2, 2, 3, 4, 3, 4, 3, 4, 2, 6, 6, 6, 5, 5, 5]","[NameSystem_2,block blk_6,block blk_6,block blk_6,NameSystem_2,NameSystem_2,blk_4,blk_4,blk_4,blk_4,blk_4,blk_4,NameSystem_2,blk_4,blk_4,blk_4,block blk file_7,block blk file_7,block blk file_7]","[allocate_4,receiving_28,receiving_28,receiving_28,add_3,add_3,none_22,writing_23,none_22,writing_23,none_22,writing_23,add_3,delete_24,delete_24,delete_24,deleting_34,deleting_34,deleting_34]","[none_4,none_40,none_40,none_40,updated_3,updated_3,none_31,none_32,none_31,none_32,none_31,none_32,updated_3,invalid_34,invalid_34,invalid_34,none_46,none_46,none_46]"
230523,"[1, 1, 1, 7, 3, 4, 3, 4, 3, 4, 2, 2, 2, 6, 6, 6, 5, 5, 5]","[block blk_6,block blk_6,block blk_6,NameSystem_2,blk_4,blk_4,blk_4,blk_4,blk_4,blk_4,NameSystem_2,NameSystem_2,NameSystem_2,blk_4,blk_4,blk_4,block blk file_7,block blk file_7,block blk file_7]","[receiving_28,receiving_28,receiving_28,allocate_4,none_22,writing_23,none_22,writing_23,none_22,writing_23,add_3,add_3,add_3,delete_24,delete_24,delete_24,deleting_34,deleting_34,deleting_34]","[none_40,none_40,none_40,none_4,none_31,none_32,none_31,none_32,none_31,none_32,updated_3,updated_3,updated_3,invalid_34,invalid_34,invalid_34,none_46,none_46,none_46]"
34915,"[1, 7, 1, 1, 3, 4, 3, 4, 3, 4, 2, 2, 2, 9, 8, 9, 6, 6, 6, 5, 5, 5]","[block blk_6,NameSystem_2,block blk_6,block blk_6,blk_4,blk_4,blk_4,blk_4,blk_4,blk_4,NameSystem_2,NameSystem_2,NameSystem_2,blk_4,/_0,blk_4,blk_4,blk_4,blk_4,block blk file_7,block blk file_7,block blk file_7]","[receiving_28,allocate_4,receiving_28,receiving_28,none_22,writing_23,none_22,writing_23,none_22,writing_23,add_3,add_3,add_3,transfer_13,serving_0,transfer_13,delete_24,delete_24,delete_24,deleting_34,deleting_34,deleting_34]","[none_40,none_4,none_40,none_40,none_31,none_32,none_31,none_32,none_31,none_32,updated_3,updated_3,updated_3,exception_21,none_0,exception_21,invalid_34,invalid_34,invalid_34,none_46,none_46,none_46]"
13869,"[1, 7, 1, 1, 3, 4, 3, 4, 4, 2, 2, 2, 3, 8, 10, 6, 6, 6, 5, 5, 5]","[block blk_6,NameSystem_2,block blk_6,block blk_6,blk_4,blk_4,blk_4,blk_4,blk_4,NameSystem_2,NameSystem_2,NameSystem_2,blk_4,/_0,blk_4,blk_4,blk_4,blk_4,block blk file_7,block blk file_7,block blk file_7]","[receiving_28,allocate_4,receiving_28,receiving_28,none_22,writing_23,none_22,writing_23,writing_23,add_3,add_3,add_3,none_22,serving_0,verification_25,delete_24,delete_24,delete_24,deleting_34,deleting_34,deleting_34]","[none_40,none_4,none_40,none_40,none_31,none_32,none_31,none_32,none_32,updated_3,updated_3,updated_3,none_31,none_0,successful_35,invalid_34,invalid_34,invalid_34,none_46,none_46,none_46]"
75259,"[7, 1, 1, 1, 2, 2, 2, 3, 4, 3, 4, 3, 4, 8, 8, 9, 8, 8, 9, 8, 9, 8, 8, 9, 8, 6, 6, 6, 5, 5, 5]","[NameSystem_2,block blk_6,block blk_6,block blk_6,NameSystem_2,NameSystem_2,NameSystem_2,blk_4,blk_4,blk_4,blk_4,blk_4,blk_4,/_0,/_0,blk_4,/_0,/_0,blk_4,/_0,blk_4,/_0,/_0,blk_4,/_0,blk_4,blk_4,blk_4,block blk file_7,block blk file_7,block blk file_7]","[allocate_4,receiving_28,receiving_28,receiving_28,add_3,add_3,add_3,none_22,writing_23,none_22,writing_23,none_22,writing_23,serving_0,serving_0,transfer_13,serving_0,serving_0,transfer_13,serving_0,transfer_13,serving_0,serving_0,transfer_13,serving_0,delete_24,delete_24,delete_24,deleting_34,deleting_34,deleting_34]","[none_4,none_40,none_40,none_40,updated_3,updated_3,updated_3,none_31,none_32,none_31,none_32,none_31,none_32,none_0,none_0,exception_21,none_0,none_0,exception_21,none_0,exception_21,none_0,none_0,exception_21,none_0,invalid_34,invalid_34,invalid_34,none_46,none_46,none_46]"
558263,"[1, 7, 1, 1, 3, 4, 3, 4, 2, 2, 3, 4, 2, 6, 6, 6, 5, 5, 5]","[block blk_6,NameSystem_2,block blk_6,block blk_6,blk_4,blk_4,blk_4,blk_4,NameSystem_2,NameSystem_2,blk_4,blk_4,NameSystem_2,blk_4,blk_4,blk_4,block blk file_7,block blk file_7,block blk file_7]","[receiving_28,allocate_4,receiving_28,receiving_28,none_22,writing_23,none_22,writing_23,add_3,add_3,none_22,writing_23,add_3,delete_24,delete_24,delete_24,deleting_34,deleting_34,deleting_34]","[none_40,none_4,none_40,none_40,none_31,none_32,none_31,none_32,updated_3,updated_3,none_31,none_32,updated_3,invalid_34,invalid_34,invalid_34,none_46,none_46,none_46]"
73812,"[7, 1, 1, 1, 2, 2, 3, 4, 3, 4, 3, 4, 2, 8, 8, 9, 8, 8, 9, 8, 8, 9, 8, 8, 9, 6, 6, 6, 5, 5, 5]","[NameSystem_2,block blk_6,block blk_6,block blk_6,NameSystem_2,NameSystem_2,blk_4,blk_4,blk_4,blk_4,blk_4,blk_4,NameSystem_2,/_0,/_0,blk_4,/_0,/_0,blk_4,/_0,/_0,blk_4,/_0,/_0,blk_4,blk_4,blk_4,blk_4,block blk file_7,block blk file_7,block blk file_7]","[allocate_4,receiving_28,receiving_28,receiving_28,add_3,add_3,none_22,writing_23,none_22,writing_23,none_22,writing_23,add_3,serving_0,serving_0,transfer_13,serving_0,serving_0,transfer_13,serving_0,serving_0,transfer_13,serving_0,serving_0,transfer_13,delete_24,delete_24,delete_24,deleting_34,deleting_34,deleting_34]","[none_4,none_40,none_40,none_40,updated_3,updated_3,none_31,none_32,none_31,none_32,none_31,none_32,updated_3,none_0,none_0,exception_21,none_0,none_0,exception_21,none_0,none_0,exception_21,none_0,none_0,exception_21,invalid_34,invalid_34,invalid_34,none_46,none_46,none_46]"
442353,"[1, 1, 1, 7, 3, 4, 3, 4, 3, 4, 2, 2, 2, 6, 6, 6, 5, 5, 5]","[block blk_6,block blk_6,block blk_6,NameSystem_2,blk_4,blk_4,blk_4,blk_4,blk_4,blk_4,NameSystem_2,NameSystem_2,NameSystem_2,blk_4,blk_4,blk_4,block blk file_7,block blk file_7,block blk file_7]","[receiving_28,receiving_28,receiving_28,allocate_4,none_22,writing_23,none_22,writing_23,none_22,writing_23,add_3,add_3,add_3,delete_24,delete_24,delete_24,deleting_34,deleting_34,deleting_34]","[none_40,none_40,none_40,none_4,none_31,none_32,none_31,none_32,none_31,none_32,updated_3,updated_3,updated_3,invalid_34,invalid_34,invalid_34,none_46,none_46,none_46]"
405720,"[1, 1, 1, 7, 3, 4, 3, 4, 3, 4, 2, 2, 2, 6, 6, 6, 5, 5, 5]","[block blk_6,block blk_6,block blk_6,NameSystem_2,blk_4,blk_4,blk_4,blk_4,blk_4,blk_4,NameSystem_2,NameSystem_2,NameSystem_2,blk_4,blk_4,blk_4,block blk file_7,block blk file_7,block blk file_7]","[receiving_28,receiving_28,receiving_28,allocate_4,none_22,writing_23,none_22,writing_23,none_22,writing_23,add_3,add_3,add_3,delete_24,delete_24,delete_24,deleting_34,deleting_34,deleting_34]","[none_40,none_40,none_40,none_4,none_31,none_32,none_31,none_32,none_31,none_32,updated_3,updated_3,updated_3,invalid_34,invalid_34,invalid_34,none_46,none_46,none_46]"
321378,"[1, 1, 7, 1, 3, 4, 3, 4, 3, 4, 2, 2, 2, 6, 6, 6, 5, 5, 5]","[block blk_6,block blk_6,NameSystem_2,block blk_6,blk_4,blk_4,blk_4,blk_4,blk_4,blk_4,NameSystem_2,NameSystem_2,NameSystem_2,blk_4,blk_4,blk_4,block blk file_7,block blk file_7,block blk file_7]","[receiving_28,receiving_28,allocate_4,receiving_28,none_22,writing_23,none_22,writing_23,none_22,writing_23,add_3,add_3,add_3,delete_24,delete_24,delete_24,deleting_34,deleting_34,deleting_34]","[none_40,none_40,none_4,none_40,none_31,none_32,none_31,none_32,none_31,none_32,updated_3,updated_3,updated_3,invalid_34,invalid_34,invalid_34,none_46,none_46,none_46]"
23678,"[1, 7, 1, 1, 3, 4, 3, 4, 2, 2, 3, 4, 2, 9, 9, 8, 6, 6, 6, 5, 5, 5]","[block blk_6,NameSystem_2,block blk_6,block blk_6,blk_4,blk_4,blk_4,blk_4,NameSystem_2,NameSystem_2,blk_4,blk_4,NameSystem_2,blk_4,blk_4,/_0,blk_4,blk_4,blk_4,block blk file_7,block blk file_7,block blk file_7]","[receiving_28,allocate_4,receiving_28,receiving_28,none_22,writing_23,none_22,writing_23,add_3,add_3,none_22,writing_23,add_3,transfer_13,transfer_13,serving_0,delete_24,delete_24,delete_24,deleting_34,deleting_34,deleting_34]","[none_40,none_4,none_40,none_40,none_31,none_32,none_31,none_32,updated_3,updated_3,none_31,none_32,updated_3,exception_21,exception_21,none_0,invalid_34,invalid_34,invalid_34,none_46,none_46,none_46]"
70133,"[7, 1, 1, 1, 2, 2, 2, 3, 4, 3, 4, 3, 4, 6, 6, 6, 5, 5, 5]","[NameSystem_2,block blk_6,block blk_6,block blk_6,NameSystem_2,NameSystem_2,NameSystem_2,blk_4,blk_4,blk_4,blk_4,blk_4,blk_4,blk_4,blk_4,blk_4,block blk file_7,block blk file_7,block blk file_7]","[allocate_4,receiving_28,receiving_28,receiving_28,add_3,add_3,add_3,none_22,writing_23,none_22,writing_23,none_22,writing_23,delete_24,delete_24,delete_24,deleting_34,deleting_34,deleting_34]","[none_4,none_40,none_40,none_40,updated_3,updated_3,updated_3,none_31,none_32,none_31,none_32,none_31,none_32,invalid_34,invalid_34,invalid_34,none_46,none_46,none_46]"
294414,"[1, 7, 1, 1, 3, 4, 3, 4, 3, 4, 2, 2, 2, 6, 6, 6, 5, 5, 5]","[block blk_6,NameSystem_2,block blk_6,block blk_6,blk_4,blk_4,blk_4,blk_4,blk_4,blk_4,NameSystem_2,NameSystem_2,NameSystem_2,blk_4,blk_4,blk_4,block blk file_7,block blk file_7,block blk file_7]","[receiving_28,allocate_4,receiving_28,receiving_28,none_22,writing_23,none_22,writing_23,none_22,writing_23,add_3,add_3,add_3,delete_24,delete_24,delete_24,deleting_34,deleting_34,deleting_34]","[none_40,none_4,none_40,none_40,none_31,none_32,none_31,none_32,none_31,none_32,updated_3,updated_3,updated_3,invalid_34,invalid_34,invalid_34,none_46,none_46,none_46]"
343302,"[1, 7, 1, 1, 3, 4, 3, 4, 3, 4, 2, 2, 2]","[block blk_6,NameSystem_2,block blk_6,block blk_6,blk_4,blk_4,blk_4,blk_4,blk_4,blk_4,NameSystem_2,NameSystem_2,NameSystem_2]","[receiving_28,allocate_4,receiving_28,receiving_28,none_22,writing_23,none_22,writing_23,none_22,writing_23,add_3,add_3,add_3]","[none_40,none_4,none_40,none_40,none_31,none_32,none_31,none_32,none_31,none_32,updated_3,updated_3,updated_3]"
157488,"[1, 1, 7, 1, 3, 4, 3, 4, 3, 4, 2, 2, 2, 8, 8, 8, 8, 6, 6, 6, 5, 5, 5]","[block blk_6,block blk_6,NameSystem_2,block blk_6,blk_4,blk_4,blk_4,blk_4,blk_4,blk_4,NameSystem_2,NameSystem_2,NameSystem_2,/_0,/_0,/_0,/_0,blk_4,blk_4,blk_4,block blk file_7,block blk file_7,block blk file_7]","[receiving_28,receiving_28,allocate_4,receiving_28,none_22,writing_23,none_22,writing_23,none_22,writing_23,add_3,add_3,add_3,serving_0,serving_0,serving_0,serving_0,delete_24,delete_24,delete_24,deleting_34,deleting_34,deleting_34]","[none_40,none_40,none_4,none_40,none_31,none_32,none_31,none_32,none_31,none_32,updated_3,updated_3,updated_3,none_0,none_0,none_0,none_0,invalid_34,invalid_34,invalid_34,none_46,none_46,none_46]"
194565,"[1, 7, 1, 1, 3, 4, 3, 4, 3, 4, 2, 2, 2, 6, 6, 6, 5, 5, 5]","[block blk_6,NameSystem_2,block blk_6,block blk_6,blk_4,blk_4,blk_4,blk_4,blk_4,blk_4,NameSystem_2,NameSystem_2,NameSystem_2,blk_4,blk_4,blk_4,block blk file_7,block blk file_7,block blk file_7]","[receiving_28,allocate_4,receiving_28,receiving_28,none_22,writing_23,none_22,writing_23,none_22,writing_23,add_3,add_3,add_3,delete_24,delete_24,delete_24,deleting_34,deleting_34,deleting_34]","[none_40,none_4,none_40,none_40,none_31,none_32,none_31,none_32,none_31,none_32,updated_3,updated_3,updated_3,invalid_34,invalid_34,invalid_34,none_46,none_46,none_46]"
507122,"[1, 7, 1, 1, 3, 4, 2, 3, 4, 3, 4, 2, 2]","[block blk_6,NameSystem_2,block blk_6,block blk_6,blk_4,blk_4,NameSystem_2,blk_4,blk_4,blk_4,blk_4,NameSystem_2,NameSystem_2]","[receiving_28,allocate_4,receiving_28,receiving_28,none_22,writing_23,add_3,none_22,writing_23,none_22,writing_23,add_3,add_3]","[none_40,none_4,none_40,none_40,none_31,none_32,updated_3,none_31,none_32,none_31,none_32,updated_3,updated_3]"
468458,"[1, 1, 1, 7, 3, 4, 3, 4, 3, 4, 2, 2, 2]","[block blk_6,block blk_6,block blk_6,NameSystem_2,blk_4,blk_4,blk_4,blk_4,blk_4,blk_4,NameSystem_2,NameSystem_2,NameSystem_2]","[receiving_28,receiving_28,receiving_28,allocate_4,none_22,writing_23,none_22,writing_23,none_22,writing_23,add_3,add_3,add_3]","[none_40,none_40,none_40,none_4,none_31,none_32,none_31,none_32,none_31,none_32,updated_3,updated_3,updated_3]"
384757,"[7, 1, 1, 1, 3, 4, 3, 4, 3, 4, 2, 2, 2, 6, 6, 6, 5, 5, 5]","[NameSystem_2,block blk_6,block blk_6,block blk_6,blk_4,blk_4,blk_4,blk_4,blk_4,blk_4,NameSystem_2,NameSystem_2,NameSystem_2,blk_4,blk_4,blk_4,block blk file_7,block blk file_7,block blk file_7]","[allocate_4,receiving_28,receiving_28,receiving_28,none_22,writing_23,none_22,writing_23,none_22,writing_23,add_3,add_3,add_3,delete_24,delete_24,delete_24,deleting_34,deleting_34,deleting_34]","[none_4,none_40,none_40,none_40,none_31,none_32,none_31,none_32,none_31,none_32,updated_3,updated_3,updated_3,invalid_34,invalid_34,invalid_34,none_46,none_46,none_46]"
429788,"[7, 1, 1, 1, 3, 4, 3, 4, 3, 4, 2, 2, 2, 6, 6, 6, 5, 5, 5]","[NameSystem_2,block blk_6,block blk_6,block blk_6,blk_4,blk_4,blk_4,blk_4,blk_4,blk_4,NameSystem_2,NameSystem_2,NameSystem_2,blk_4,blk_4,blk_4,block blk file_7,block blk file_7,block blk file_7]","[allocate_4,receiving_28,receiving_28,receiving_28,none_22,writing_23,none_22,writing_23,none_22,writing_23,add_3,add_3,add_3,delete_24,delete_24,delete_24,deleting_34,deleting_34,deleting_34]","[none_4,none_40,none_40,none_40,none_31,none_32,none_31,none_32,none_31,none_32,updated_3,updated_3,updated_3,invalid_34,invalid_34,invalid_34,none_46,none_46,none_46]"
563631,"[1, 1, 7, 1, 3, 4, 3, 4, 3, 4, 2, 2, 2, 6, 6, 6, 5, 5, 5]","[block blk_6,block blk_6,NameSystem_2,block blk_6,blk_4,blk_4,blk_4,blk_4,blk_4,blk_4,NameSystem_2,NameSystem_2,NameSystem_2,blk_4,blk_4,blk_4,block blk file_7,block blk file_7,block blk file_7]","[receiving_28,receiving_28,allocate_4,receiving_28,none_22,writing_23,none_22,writing_23,none_22,writing_23,add_3,add_3,add_3,delete_24,delete_24,delete_24,deleting_34,deleting_34,deleting_34]","[none_40,none_40,none_4,none_40,none_31,none_32,none_31,none_32,none_31,none_32,updated_3,updated_3,updated_3,invalid_34,invalid_34,invalid_34,none_46,none_46,none_46]"
332945,"[1, 1, 1, 7, 3, 4, 3, 4, 3, 4, 2, 2, 2, 10]","[block blk_6,block blk_6,block blk_6,NameSystem_2,blk_4,blk_4,blk_4,blk_4,blk_4,blk_4,NameSystem_2,NameSystem_2,NameSystem_2,blk_4]","[receiving_28,receiving_28,receiving_28,allocate_4,none_22,writing_23,none_22,writing_23,none_22,writing_23,add_3,add_3,add_3,verification_25]","[none_40,none_40,none_40,none_4,none_31,none_32,none_31,none_32,none_31,none_32,updated_3,updated_3,updated_3,successful_35]"
160028,"[1, 1, 1, 7, 4, 3, 3, 4, 3, 4, 2, 2, 2, 8, 9, 8, 8, 9, 8, 6, 6, 6, 5, 5, 5]","[block blk_6,block blk_6,block blk_6,NameSystem_2,blk_4,blk_4,blk_4,blk_4,blk_4,blk_4,NameSystem_2,NameSystem_2,NameSystem_2,/_0,blk_4,/_0,/_0,blk_4,/_0,blk_4,blk_4,blk_4,block blk file_7,block blk file_7,block blk file_7]","[receiving_28,receiving_28,receiving_28,allocate_4,writing_23,none_22,none_22,writing_23,none_22,writing_23,add_3,add_3,add_3,serving_0,transfer_13,serving_0,serving_0,transfer_13,serving_0,delete_24,delete_24,delete_24,deleting_34,deleting_34,deleting_34]","[none_40,none_40,none_40,none_4,none_32,none_31,none_31,none_32,none_31,none_32,updated_3,updated_3,updated_3,none_0,exception_21,none_0,none_0,exception_21,none_0,invalid_34,invalid_34,invalid_34,none_46,none_46,none_46]"
509154,"[1, 1, 7, 1, 3, 4, 3, 4, 3, 4, 2, 2, 2]","[block blk_6,block blk_6,NameSystem_2,block blk_6,blk_4,blk_4,blk_4,blk_4,blk_4,blk_4,NameSystem_2,NameSystem_2,NameSystem_2]","[receiving_28,receiving_28,allocate_4,receiving_28,none_22,writing_23,none_22,writing_23,none_22,writing_23,add_3,add_3,add_3]","[none_40,none_40,none_4,none_40,none_31,none_32,none_31,none_32,none_31,none_32,updated_3,updated_3,updated_3]"
12539,"[7, 1, 1, 1, 2, 2, 3, 4, 3, 4, 2, 3, 4, 9, 9, 8, 10, 10, 6, 6, 6, 5, 5, 5]","[NameSystem_2,block blk_6,block blk_6,block blk_6,NameSystem_2,NameSystem_2,blk_4,blk_4,blk_4,blk_4,NameSystem_2,blk_4,blk_4,blk_4,blk_4,/_0,blk_4,blk_4,blk_4,blk_4,blk_4,block blk file_7,block blk file_7,block blk file_7]","[allocate_4,receiving_28,receiving_28,receiving_28,add_3,add_3,none_22,writing_23,none_22,writing_23,add_3,none_22,writing_23,transfer_13,transfer_13,serving_0,verification_25,verification_25,delete_24,delete_24,delete_24,deleting_34,deleting_34,deleting_34]","[none_4,none_40,none_40,none_40,updated_3,updated_3,none_31,none_32,none_31,none_32,updated_3,none_31,none_32,exception_21,exception_21,none_0,successful_35,successful_35,invalid_34,invalid_34,invalid_34,none_46,none_46,none_46]"
163601,"[1, 1, 1, 7, 3, 4, 3, 4, 3, 4, 2, 2, 2, 10, 8, 8, 9, 8, 9, 8, 6, 6, 6, 5, 5, 5]","[block blk_6,block blk_6,block blk_6,NameSystem_2,blk_4,blk_4,blk_4,blk_4,blk_4,blk_4,NameSystem_2,NameSystem_2,NameSystem_2,blk_4,/_0,/_0,blk_4,/_0,blk_4,/_0,blk_4,blk_4,blk_4,block blk file_7,block blk file_7,block blk file_7]","[receiving_28,receiving_28,receiving_28,allocate_4,none_22,writing_23,none_22,writing_23,none_22,writing_23,add_3,add_3,add_3,verification_25,serving_0,serving_0,transfer_13,serving_0,transfer_13,serving_0,delete_24,delete_24,delete_24,deleting_34,deleting_34,deleting_34]","[none_40,none_40,none_40,none_4,none_31,none_32,none_31,none_32,none_31,none_32,updated_3,updated_3,updated_3,successful_35,none_0,none_0,exception_21,none_0,exception_21,none_0,invalid_34,invalid_34,invalid_34,none_46,none_46,none_46]"
104160,"[7, 1, 1, 1, 2, 3, 4, 2, 3, 4, 3, 4, 2, 8, 9, 8, 8, 9, 8, 8, 8, 9, 6, 6, 6, 5, 5, 5]","[NameSystem_2,block blk_6,block blk_6,block blk_6,NameSystem_2,blk_4,blk_4,NameSystem_2,blk_4,blk_4,blk_4,blk_4,NameSystem_2,/_0,blk_4,/_0,/_0,blk_4,/_0,/_0,/_0,blk_4,blk_4,blk_4,blk_4,block blk file_7,block blk file_7,block blk file_7]","[allocate_4,receiving_28,receiving_28,receiving_28,add_3,none_22,writing_23,add_3,none_22,writing_23,none_22,writing_23,add_3,serving_0,transfer_13,serving_0,serving_0,transfer_13,serving_0,serving_0,serving_0,transfer_13,delete_24,delete_24,delete_24,deleting_34,deleting_34,deleting_34]","[none_4,none_40,none_40,none_40,updated_3,none_31,none_32,updated_3,none_31,none_32,none_31,none_32,updated_3,none_0,exception_21,none_0,none_0,exception_21,none_0,none_0,none_0,exception_21,invalid_34,invalid_34,invalid_34,none_46,none_46,none_46]"
174283,"[1, 1, 1, 7, 3, 4, 3, 4, 3, 4, 2, 2, 2, 10, 8, 8, 9, 6, 6, 6, 5, 5, 5]","[block blk_6,block blk_6,block blk_6,NameSystem_2,blk_4,blk_4,blk_4,blk_4,blk_4,blk_4,NameSystem_2,NameSystem_2,NameSystem_2,blk_4,/_0,/_0,blk_4,blk_4,blk_4,blk_4,block blk file_7,block blk file_7,block blk file_7]","[receiving_28,receiving_28,receiving_28,allocate_4,none_22,writing_23,none_22,writing_23,none_22,writing_23,add_3,add_3,add_3,verification_25,serving_0,serving_0,transfer_13,delete_24,delete_24,delete_24,deleting_34,deleting_34,deleting_34]","[none_40,none_40,none_40,none_4,none_31,none_32,none_31,none_32,none_31,none_32,updated_3,updated_3,updated_3,successful_35,none_0,none_0,exception_21,invalid_34,invalid_34,invalid_34,none_46,none_46,none_46]"
64068,"[7, 1, 1, 1, 2, 3, 4, 2, 2, 3, 4, 3, 4, 6, 6, 6, 5, 5, 5]","[NameSystem_2,block blk_6,block blk_6,block blk_6,NameSystem_2,blk_4,blk_4,NameSystem_2,NameSystem_2,blk_4,blk_4,blk_4,blk_4,blk_4,blk_4,blk_4,block blk file_7,block blk file_7,block blk file_7]","[allocate_4,receiving_28,receiving_28,receiving_28,add_3,none_22,writing_23,add_3,add_3,none_22,writing_23,none_22,writing_23,delete_24,delete_24,delete_24,deleting_34,deleting_34,deleting_34]","[none_4,none_40,none_40,none_40,updated_3,none_31,none_32,updated_3,updated_3,none_31,none_32,none_31,none_32,invalid_34,invalid_34,invalid_34,none_46,none_46,none_46]"
249447,"[1, 1, 1, 7, 3, 4, 3, 4, 3, 4, 2, 2, 2, 6, 6, 6, 5, 5, 5]","[block blk_6,block blk_6,block blk_6,NameSystem_2,blk_4,blk_4,blk_4,blk_4,blk_4,blk_4,NameSystem_2,NameSystem_2,NameSystem_2,blk_4,blk_4,blk_4,block blk file_7,block blk file_7,block blk file_7]","[receiving_28,receiving_28,receiving_28,allocate_4,none_22,writing_23,none_22,writing_23,none_22,writing_23,add_3,add_3,add_3,delete_24,delete_24,delete_24,deleting_34,deleting_34,deleting_34]","[none_40,none_40,none_40,none_4,none_31,none_32,none_31,none_32,none_31,none_32,updated_3,updated_3,updated_3,invalid_34,invalid_34,invalid_34,none_46,none_46,none_46]"
542543,"[1, 1, 1, 7, 3, 4, 3, 4, 3, 4, 2, 2, 2, 6, 6, 6, 5, 5, 5]","[block blk_6,block blk_6,block blk_6,NameSystem_2,blk_4,blk_4,blk_4,blk_4,blk_4,blk_4,NameSystem_2,NameSystem_2,NameSystem_2,blk_4,blk_4,blk_4,block blk file_7,block blk file_7,block blk file_7]","[receiving_28,receiving_28,receiving_28,allocate_4,none_22,writing_23,none_22,writing_23,none_22,writing_23,add_3,add_3,add_3,delete_24,delete_24,delete_24,deleting_34,deleting_34,deleting_34]","[none_40,none_40,none_40,none_4,none_31,none_32,none_31,none_32,none_31,none_32,updated_3,updated_3,updated_3,invalid_34,invalid_34,invalid_34,none_46,none_46,none_46]"
271784,"[1, 1, 7, 1, 3, 4, 3, 4, 3, 4, 2, 2, 2, 6, 6, 6, 5, 5, 5]","[block blk_6,block blk_6,NameSystem_2,block blk_6,blk_4,blk_4,blk_4,blk_4,blk_4,blk_4,NameSystem_2,NameSystem_2,NameSystem_2,blk_4,blk_4,blk_4,block blk file_7,block blk file_7,block blk file_7]","[receiving_28,receiving_28,allocate_4,receiving_28,none_22,writing_23,none_22,writing_23,none_22,writing_23,add_3,add_3,add_3,delete_24,delete_24,delete_24,deleting_34,deleting_34,deleting_34]","[none_40,none_40,none_4,none_40,none_31,none_32,none_31,none_32,none_31,none_32,updated_3,updated_3,updated_3,invalid_34,invalid_34,invalid_34,none_46,none_46,none_46]"
334647,"[1, 1, 7, 1, 3, 4, 3, 4, 3, 4, 2, 2, 2, 10]","[block blk_6,block blk_6,NameSystem_2,block blk_6,blk_4,blk_4,blk_4,blk_4,blk_4,blk_4,NameSystem_2,NameSystem_2,NameSystem_2,blk_4]","[receiving_28,receiving_28,allocate_4,receiving_28,none_22,writing_23,none_22,writing_23,none_22,writing_23,add_3,add_3,add_3,verification_25]","[none_40,none_40,none_4,none_40,none_31,none_32,none_31,none_32,none_31,none_32,updated_3,updated_3,updated_3,successful_35]"
307772,"[1, 7, 1, 1, 3, 4, 3, 4, 3, 4, 2, 2, 2, 6, 6, 6, 5, 5, 5]","[block blk_6,NameSystem_2,block blk_6,block blk_6,blk_4,blk_4,blk_4,blk_4,blk_4,blk_4,NameSystem_2,NameSystem_2,NameSystem_2,blk_4,blk_4,blk_4,block blk file_7,block blk file_7,block blk file_7]","[receiving_28,allocate_4,receiving_28,receiving_28,none_22,writing_23,none_22,writing_23,none_22,writing_23,add_3,add_3,add_3,delete_24,delete_24,delete_24,deleting_34,deleting_34,deleting_34]","[none_40,none_4,none_40,none_40,none_31,none_32,none_31,none_32,none_31,none_32,updated_3,updated_3,updated_3,invalid_34,invalid_34,invalid_34,none_46,none_46,none_46]"
296413,"[1, 1, 1, 7, 3, 4, 3, 4, 3, 4, 2, 2, 2, 6, 6, 6, 5, 5, 5]","[block blk_6,block blk_6,block blk_6,NameSystem_2,blk_4,blk_4,blk_4,blk_4,blk_4,blk_4,NameSystem_2,NameSystem_2,NameSystem_2,blk_4,blk_4,blk_4,block blk file_7,block blk file_7,block blk file_7]","[receiving_28,receiving_28,receiving_28,allocate_4,none_22,writing_23,none_22,writing_23,none_22,writing_23,add_3,add_3,add_3,delete_24,delete_24,delete_24,deleting_34,deleting_34,deleting_34]","[none_40,none_40,none_40,none_4,none_31,none_32,none_31,none_32,none_31,none_32,updated_3,updated_3,updated_3,invalid_34,invalid_34,invalid_34,none_46,none_46,none_46]"
541182,"[1, 1, 7, 1, 3, 4, 3, 4, 3, 4, 2, 2, 2, 6, 6, 6, 5, 5, 5]","[block blk_6,block blk_6,NameSystem_2,block blk_6,blk_4,blk_4,blk_4,blk_4,blk_4,blk_4,NameSystem_2,NameSystem_2,NameSystem_2,blk_4,blk_4,blk_4,block blk file_7,block blk file_7,block blk file_7]","[receiving_28,receiving_28,allocate_4,receiving_28,none_22,writing_23,none_22,writing_23,none_22,writing_23,add_3,add_3,add_3,delete_24,delete_24,delete_24,deleting_34,deleting_34,deleting_34]","[none_40,none_40,none_4,none_40,none_31,none_32,none_31,none_32,none_31,none_32,updated_3,updated_3,updated_3,invalid_34,invalid_34,invalid_34,none_46,none_46,none_46]"
163826,"[1, 1, 7, 1, 3, 4, 3, 4, 2, 2, 3, 4, 2, 8, 8, 8, 8, 6, 6, 6, 5, 5, 5]","[block blk_6,block blk_6,NameSystem_2,block blk_6,blk_4,blk_4,blk_4,blk_4,NameSystem_2,NameSystem_2,blk_4,blk_4,NameSystem_2,/_0,/_0,/_0,/_0,blk_4,blk_4,blk_4,block blk file_7,block blk file_7,block blk file_7]","[receiving_28,receiving_28,allocate_4,receiving_28,none_22,writing_23,none_22,writing_23,add_3,add_3,none_22,writing_23,add_3,serving_0,serving_0,serving_0,serving_0,delete_24,delete_24,delete_24,deleting_34,deleting_34,deleting_34]","[none_40,none_40,none_4,none_40,none_31,none_32,none_31,none_32,updated_3,updated_3,none_31,none_32,updated_3,none_0,none_0,none_0,none_0,invalid_34,invalid_34,invalid_34,none_46,none_46,none_46]"
333227,"[7, 1, 1, 1, 3, 4, 3, 4, 3, 4, 2, 2, 2, 10]","[NameSystem_2,block blk_6,block blk_6,block blk_6,blk_4,blk_4,blk_4,blk_4,blk_4,blk_4,NameSystem_2,NameSystem_2,NameSystem_2,blk_4]","[allocate_4,receiving_28,receiving_28,receiving_28,none_22,writing_23,none_22,writing_23,none_22,writing_23,add_3,add_3,add_3,verification_25]","[none_4,none_40,none_40,none_40,none_31,none_32,none_31,none_32,none_31,none_32,updated_3,updated_3,updated_3,successful_35]"
330461,"[1, 1, 7, 1, 3, 4, 3, 4, 3, 4, 2, 2, 2]","[block blk_6,block blk_6,NameSystem_2,block blk_6,blk_4,blk_4,blk_4,blk_4,blk_4,blk_4,NameSystem_2,NameSystem_2,NameSystem_2]","[receiving_28,receiving_28,allocate_4,receiving_28,none_22,writing_23,none_22,writing_23,none_22,writing_23,add_3,add_3,add_3]","[none_40,none_40,none_4,none_40,none_31,none_32,none_31,none_32,none_31,none_32,updated_3,updated_3,updated_3]"
552804,"[7, 1, 1, 1, 3, 4, 3, 4, 3, 4, 2, 2, 2, 6, 6, 6, 5, 5, 5]","[NameSystem_2,block blk_6,block blk_6,block blk_6,blk_4,blk_4,blk_4,blk_4,blk_4,blk_4,NameSystem_2,NameSystem_2,NameSystem_2,blk_4,blk_4,blk_4,block blk file_7,block blk file_7,block blk file_7]","[allocate_4,receiving_28,receiving_28,receiving_28,none_22,writing_23,none_22,writing_23,none_22,writing_23,add_3,add_3,add_3,delete_24,delete_24,delete_24,deleting_34,deleting_34,deleting_34]","[none_4,none_40,none_40,none_40,none_31,none_32,none_31,none_32,none_31,none_32,updated_3,updated_3,updated_3,invalid_34,invalid_34,invalid_34,none_46,none_46,none_46]"
210529,"[1, 1, 1, 7, 3, 4, 3, 4, 3, 4, 2, 2, 2, 6, 6, 6, 5, 5, 5]","[block blk_6,block blk_6,block blk_6,NameSystem_2,blk_4,blk_4,blk_4,blk_4,blk_4,blk_4,NameSystem_2,NameSystem_2,NameSystem_2,blk_4,blk_4,blk_4,block blk file_7,block blk file_7,block blk file_7]","[receiving_28,receiving_28,receiving_28,allocate_4,none_22,writing_23,none_22,writing_23,none_22,writing_23,add_3,add_3,add_3,delete_24,delete_24,delete_24,deleting_34,deleting_34,deleting_34]","[none_40,none_40,none_40,none_4,none_31,none_32,none_31,none_32,none_31,none_32,updated_3,updated_3,updated_3,invalid_34,invalid_34,invalid_34,none_46,none_46,none_46]"
290848,"[1, 1, 7, 1, 3, 4, 3, 4, 2, 2, 3, 4, 2, 6, 6, 6, 5, 5, 5]","[block blk_6,block blk_6,NameSystem_2,block blk_6,blk_4,blk_4,blk_4,blk_4,NameSystem_2,NameSystem_2,blk_4,blk_4,NameSystem_2,blk_4,blk_4,blk_4,block blk file_7,block blk file_7,block blk file_7]","[receiving_28,receiving_28,allocate_4,receiving_28,none_22,writing_23,none_22,writing_23,add_3,add_3,none_22,writing_23,add_3,delete_24,delete_24,delete_24,deleting_34,deleting_34,deleting_34]","[none_40,none_40,none_4,none_40,none_31,none_32,none_31,none_32,updated_3,updated_3,none_31,none_32,updated_3,invalid_34,invalid_34,invalid_34,none_46,none_46,none_46]"
466302,"[1, 7, 1, 1, 3, 4, 3, 4, 2, 2, 3, 4, 2, 6, 6, 6, 5, 5, 5]","[block blk_6,NameSystem_2,block blk_6,block blk_6,blk_4,blk_4,blk_4,blk_4,NameSystem_2,NameSystem_2,blk_4,blk_4,NameSystem_2,blk_4,blk_4,blk_4,block blk file_7,block blk file_7,block blk file_7]","[receiving_28,allocate_4,receiving_28,receiving_28,none_22,writing_23,none_22,writing_23,add_3,add_3,none_22,writing_23,add_3,delete_24,delete_24,delete_24,deleting_34,deleting_34,deleting_34]","[none_40,none_4,none_40,none_40,none_31,none_32,none_31,none_32,updated_3,updated_3,none_31,none_32,updated_3,invalid_34,invalid_34,invalid_34,none_46,none_46,none_46]"
125659,"[7, 1, 1, 1, 2, 2, 3, 4, 4, 3, 4, 2, 3, 9, 9, 8, 10, 6, 6, 6, 5, 5, 5]","[NameSystem_2,block blk_6,block blk_6,block blk_6,NameSystem_2,NameSystem_2,blk_4,blk_4,blk_4,blk_4,blk_4,NameSystem_2,blk_4,blk_4,blk_4,/_0,blk_4,blk_4,blk_4,blk_4,block blk file_7,block blk file_7,block blk file_7]","[allocate_4,receiving_28,receiving_28,receiving_28,add_3,add_3,none_22,writing_23,writing_23,none_22,writing_23,add_3,none_22,transfer_13,transfer_13,serving_0,verification_25,delete_24,delete_24,delete_24,deleting_34,deleting_34,deleting_34]","[none_4,none_40,none_40,none_40,updated_3,updated_3,none_31,none_32,none_32,none_31,none_32,updated_3,none_31,exception_21,exception_21,none_0,successful_35,invalid_34,invalid_34,invalid_34,none_46,none_46,none_46]"
358825,"[1, 1, 1, 7, 3, 4, 3, 4, 3, 4, 2, 2, 2, 6, 6, 6, 5, 5, 5]","[block blk_6,block blk_6,block blk_6,NameSystem_2,blk_4,blk_4,blk_4,blk_4,blk_4,blk_4,NameSystem_2,NameSystem_2,NameSystem_2,blk_4,blk_4,blk_4,block blk file_7,block blk file_7,block blk file_7]","[receiving_28,receiving_28,receiving_28,allocate_4,none_22,writing_23,none_22,writing_23,none_22,writing_23,add_3,add_3,add_3,delete_24,delete_24,delete_24,deleting_34,deleting_34,deleting_34]","[none_40,none_40,none_40,none_4,none_31,none_32,none_31,none_32,none_31,none_32,updated_3,updated_3,updated_3,invalid_34,invalid_34,invalid_34,none_46,none_46,none_46]"
125089,"[7, 1, 1, 1, 2, 2, 3, 4, 2, 3, 4, 3, 4, 9, 8, 9, 6, 6, 6, 5, 5, 5]","[NameSystem_2,block blk_6,block blk_6,block blk_6,NameSystem_2,NameSystem_2,blk_4,blk_4,NameSystem_2,blk_4,blk_4,blk_4,blk_4,blk_4,/_0,blk_4,blk_4,blk_4,blk_4,block blk file_7,block blk file_7,block blk file_7]","[allocate_4,receiving_28,receiving_28,receiving_28,add_3,add_3,none_22,writing_23,add_3,none_22,writing_23,none_22,writing_23,transfer_13,serving_0,transfer_13,delete_24,delete_24,delete_24,deleting_34,deleting_34,deleting_34]","[none_4,none_40,none_40,none_40,updated_3,updated_3,none_31,none_32,updated_3,none_31,none_32,none_31,none_32,exception_21,none_0,exception_21,invalid_34,invalid_34,invalid_34,none_46,none_46,none_46]"
399178,"[7, 1, 1, 1, 2, 2, 3, 4, 3, 4, 3, 4, 2, 6, 6, 6, 5, 5, 5]","[NameSystem_2,block blk_6,block blk_6,block blk_6,NameSystem_2,NameSystem_2,blk_4,blk_4,blk_4,blk_4,blk_4,blk_4,NameSystem_2,blk_4,blk_4,blk_4,block blk file_7,block blk file_7,block blk file_7]","[allocate_4,receiving_28,receiving_28,receiving_28,add_3,add_3,none_22,writing_23,none_22,writing_23,none_22,writing_23,add_3,delete_24,delete_24,delete_24,deleting_34,deleting_34,deleting_34]","[none_4,none_40,none_40,none_40,updated_3,updated_3,none_31,none_32,none_31,none_32,none_31,none_32,updated_3,invalid_34,invalid_34,invalid_34,none_46,none_46,none_46]"
40036,"[7, 1, 1, 1, 2, 2, 2, 3, 4, 3, 4, 3, 4, 10, 6, 6, 6, 5, 5, 5]","[NameSystem_2,block blk_6,block blk_6,block blk_6,NameSystem_2,NameSystem_2,NameSystem_2,blk_4,blk_4,blk_4,blk_4,blk_4,blk_4,blk_4,blk_4,blk_4,blk_4,block blk file_7,block blk file_7,block blk file_7]","[allocate_4,receiving_28,receiving_28,receiving_28,add_3,add_3,add_3,none_22,writing_23,none_22,writing_23,none_22,writing_23,verification_25,delete_24,delete_24,delete_24,deleting_34,deleting_34,deleting_34]","[none_4,none_40,none_40,none_40,updated_3,updated_3,updated_3,none_31,none_32,none_31,none_32,none_31,none_32,successful_35,invalid_34,invalid_34,invalid_34,none_46,none_46,none_46]"
30304,"[1, 7, 1, 1, 3, 4, 3, 4, 3, 4, 2, 2, 2, 9, 9, 8, 10, 6, 6, 6, 5, 5, 5]","[block blk_6,NameSystem_2,block blk_6,block blk_6,blk_4,blk_4,blk_4,blk_4,blk_4,blk_4,NameSystem_2,NameSystem_2,NameSystem_2,blk_4,blk_4,/_0,blk_4,blk_4,blk_4,blk_4,block blk file_7,block blk file_7,block blk file_7]","[receiving_28,allocate_4,receiving_28,receiving_28,none_22,writing_23,none_22,writing_23,none_22,writing_23,add_3,add_3,add_3,transfer_13,transfer_13,serving_0,verification_25,delete_24,delete_24,delete_24,deleting_34,deleting_34,deleting_34]","[none_40,none_4,none_40,none_40,none_31,none_32,none_31,none_32,none_31,none_32,updated_3,updated_3,updated_3,exception_21,exception_21,none_0,successful_35,invalid_34,invalid_34,invalid_34,none_46,none_46,none_46]"
1176,"[1, 1, 1, 7, 3, 4, 3, 4, 3, 4, 2, 2, 2, 10, 10, 10, 9, 8, 9, 6, 6, 6, 5, 5, 5]","[block blk_6,block blk_6,block blk_6,NameSystem_2,blk_4,blk_4,blk_4,blk_4,blk_4,blk_4,NameSystem_2,NameSystem_2,NameSystem_2,blk_4,blk_4,blk_4,blk_4,/_0,blk_4,blk_4,blk_4,blk_4,block blk file_7,block blk file_7,block blk file_7]","[receiving_28,receiving_28,receiving_28,allocate_4,none_22,writing_23,none_22,writing_23,none_22,writing_23,add_3,add_3,add_3,verification_25,verification_25,verification_25,transfer_13,serving_0,transfer_13,delete_24,delete_24,delete_24,deleting_34,deleting_34,deleting_34]","[none_40,none_40,none_40,none_4,none_31,none_32,none_31,none_32,none_31,none_32,updated_3,updated_3,updated_3,successful_35,successful_35,successful_35,exception_21,none_0,exception_21,invalid_34,invalid_34,invalid_34,none_46,none_46,none_46]"
574768,"[1, 7, 1, 1, 3, 4, 3, 4, 3, 4, 2, 2, 2, 6, 6, 6, 5, 5, 5]","[block blk_6,NameSystem_2,block blk_6,block blk_6,blk_4,blk_4,blk_4,blk_4,blk_4,blk_4,NameSystem_2,NameSystem_2,NameSystem_2,blk_4,blk_4,blk_4,block blk file_7,block blk file_7,block blk file_7]","[receiving_28,allocate_4,receiving_28,receiving_28,none_22,writing_23,none_22,writing_23,none_22,writing_23,add_3,add_3,add_3,delete_24,delete_24,delete_24,deleting_34,deleting_34,deleting_34]","[none_40,none_4,none_40,none_40,none_31,none_32,none_31,none_32,none_31,none_32,updated_3,updated_3,updated_3,invalid_34,invalid_34,invalid_34,none_46,none_46,none_46]"
470148,"[1, 1, 1, 7, 3, 4, 3, 4, 3, 4, 2, 2, 2]","[block blk_6,block blk_6,block blk_6,NameSystem_2,blk_4,blk_4,blk_4,blk_4,blk_4,blk_4,NameSystem_2,NameSystem_2,NameSystem_2]","[receiving_28,receiving_28,receiving_28,allocate_4,none_22,writing_23,none_22,writing_23,none_22,writing_23,add_3,add_3,add_3]","[none_40,none_40,none_40,none_4,none_31,none_32,none_31,none_32,none_31,none_32,updated_3,updated_3,updated_3]"
567409,"[1, 1, 1, 7, 3, 4, 3, 4, 2, 2, 3, 4, 2, 6, 6, 6, 5, 5, 5]","[block blk_6,block blk_6,block blk_6,NameSystem_2,blk_4,blk_4,blk_4,blk_4,NameSystem_2,NameSystem_2,blk_4,blk_4,NameSystem_2,blk_4,blk_4,blk_4,block blk file_7,block blk file_7,block blk file_7]","[receiving_28,receiving_28,receiving_28,allocate_4,none_22,writing_23,none_22,writing_23,add_3,add_3,none_22,writing_23,add_3,delete_24,delete_24,delete_24,deleting_34,deleting_34,deleting_34]","[none_40,none_40,none_40,none_4,none_31,none_32,none_31,none_32,updated_3,updated_3,none_31,none_32,updated_3,invalid_34,invalid_34,invalid_34,none_46,none_46,none_46]"
113252,"[7, 1, 1, 1, 2, 2, 3, 4, 3, 4, 3, 4, 2, 9, 9, 8, 10, 6, 6, 6, 5, 5, 5]","[NameSystem_2,block blk_6,block blk_6,block blk_6,NameSystem_2,NameSystem_2,blk_4,blk_4,blk_4,blk_4,blk_4,blk_4,NameSystem_2,blk_4,blk_4,/_0,blk_4,blk_4,blk_4,blk_4,block blk file_7,block blk file_7,block blk file_7]","[allocate_4,receiving_28,receiving_28,receiving_28,add_3,add_3,none_22,writing_23,none_22,writing_23,none_22,writing_23,add_3,transfer_13,transfer_13,serving_0,verification_25,delete_24,delete_24,delete_24,deleting_34,deleting_34,deleting_34]","[none_4,none_40,none_40,none_40,updated_3,updated_3,none_31,none_32,none_31,none_32,none_31,none_32,updated_3,exception_21,exception_21,none_0,successful_35,invalid_34,invalid_34,invalid_34,none_46,none_46,none_46]"
113548,"[7, 1, 1, 1, 3, 4, 3, 4, 2, 2, 2, 3, 4, 9, 8, 9, 10, 10, 6, 6, 6, 5, 5, 5]","[NameSystem_2,block blk_6,block blk_6,block blk_6,blk_4,blk_4,blk_4,blk_4,NameSystem_2,NameSystem_2,NameSystem_2,blk_4,blk_4,blk_4,/_0,blk_4,blk_4,blk_4,blk_4,blk_4,blk_4,block blk file_7,block blk file_7,block blk file_7]","[allocate_4,receiving_28,receiving_28,receiving_28,none_22,writing_23,none_22,writing_23,add_3,add_3,add_3,none_22,writing_23,transfer_13,serving_0,transfer_13,verification_25,verification_25,delete_24,delete_24,delete_24,deleting_34,deleting_34,deleting_34]","[none_4,none_40,none_40,none_40,none_31,none_32,none_31,none_32,updated_3,updated_3,updated_3,none_31,none_32,exception_21,none_0,exception_21,successful_35,successful_35,invalid_34,invalid_34,invalid_34,none_46,none_46,none_46]"
548542,"[1, 1, 7, 1, 3, 4, 3, 4, 3, 4, 2, 2, 2, 6, 6, 6, 5, 5, 5]","[block blk_6,block blk_6,NameSystem_2,block blk_6,blk_4,blk_4,blk_4,blk_4,blk_4,blk_4,NameSystem_2,NameSystem_2,NameSystem_2,blk_4,blk_4,blk_4,block blk file_7,block blk file_7,block blk file_7]","[receiving_28,receiving_28,allocate_4,receiving_28,none_22,writing_23,none_22,writing_23,none_22,writing_23,add_3,add_3,add_3,delete_24,delete_24,delete_24,deleting_34,deleting_34,deleting_34]","[none_40,none_40,none_4,none_40,none_31,none_32,none_31,none_32,none_31,none_32,updated_3,updated_3,updated_3,invalid_34,invalid_34,invalid_34,none_46,none_46,none_46]"
105853,"[7, 1, 1, 1, 2, 2, 2, 3, 4, 3, 4, 3, 4, 9, 8, 9, 8, 9, 8, 6, 6, 6, 5, 5, 5]","[NameSystem_2,block blk_6,block blk_6,block blk_6,NameSystem_2,NameSystem_2,NameSystem_2,blk_4,blk_4,blk_4,blk_4,blk_4,blk_4,blk_4,/_0,blk_4,/_0,blk_4,/_0,blk_4,blk_4,blk_4,block blk file_7,block blk file_7,block blk file_7]","[allocate_4,receiving_28,receiving_28,receiving_28,add_3,add_3,add_3,none_22,writing_23,none_22,writing_23,none_22,writing_23,transfer_13,serving_0,transfer_13,serving_0,transfer_13,serving_0,delete_24,delete_24,delete_24,deleting_34,deleting_34,deleting_34]","[none_4,none_40,none_40,none_40,updated_3,updated_3,updated_3,none_31,none_32,none_31,none_32,none_31,none_32,exception_21,none_0,exception_21,none_0,exception_21,none_0,invalid_34,invalid_34,invalid_34,none_46,none_46,none_46]"
553857,"[7, 1, 1, 1, 3, 4, 3, 4, 3, 4, 2, 2, 2, 6, 6, 6, 5, 5, 5]","[NameSystem_2,block blk_6,block blk_6,block blk_6,blk_4,blk_4,blk_4,blk_4,blk_4,blk_4,NameSystem_2,NameSystem_2,NameSystem_2,blk_4,blk_4,blk_4,block blk file_7,block blk file_7,block blk file_7]","[allocate_4,receiving_28,receiving_28,receiving_28,none_22,writing_23,none_22,writing_23,none_22,writing_23,add_3,add_3,add_3,delete_24,delete_24,delete_24,deleting_34,deleting_34,deleting_34]","[none_4,none_40,none_40,none_40,none_31,none_32,none_31,none_32,none_31,none_32,updated_3,updated_3,updated_3,invalid_34,invalid_34,invalid_34,none_46,none_46,none_46]"
74546,"[7, 1, 1, 1, 2, 2, 2, 3, 4, 3, 4, 3, 4, 8, 8, 9, 8, 9, 8, 8, 9, 8, 8, 8, 9, 6, 6, 6, 5, 5, 5]","[NameSystem_2,block blk_6,block blk_6,block blk_6,NameSystem_2,NameSystem_2,NameSystem_2,blk_4,blk_4,blk_4,blk_4,blk_4,blk_4,/_0,/_0,blk_4,/_0,blk_4,/_0,/_0,blk_4,/_0,/_0,/_0,blk_4,blk_4,blk_4,blk_4,block blk file_7,block blk file_7,block blk file_7]","[allocate_4,receiving_28,receiving_28,receiving_28,add_3,add_3,add_3,none_22,writing_23,none_22,writing_23,none_22,writing_23,serving_0,serving_0,transfer_13,serving_0,transfer_13,serving_0,serving_0,transfer_13,serving_0,serving_0,serving_0,transfer_13,delete_24,delete_24,delete_24,deleting_34,deleting_34,deleting_34]","[none_4,none_40,none_40,none_40,updated_3,updated_3,updated_3,none_31,none_32,none_31,none_32,none_31,none_32,none_0,none_0,exception_21,none_0,exception_21,none_0,none_0,exception_21,none_0,none_0,none_0,exception_21,invalid_34,invalid_34,invalid_34,none_46,none_46,none_46]"
430899,"[1, 7, 1, 1, 3, 4, 3, 4, 3, 4, 2, 2, 2, 6, 6, 6, 5, 5, 5]","[block blk_6,NameSystem_2,block blk_6,block blk_6,blk_4,blk_4,blk_4,blk_4,blk_4,blk_4,NameSystem_2,NameSystem_2,NameSystem_2,blk_4,blk_4,blk_4,block blk file_7,block blk file_7,block blk file_7]","[receiving_28,allocate_4,receiving_28,receiving_28,none_22,writing_23,none_22,writing_23,none_22,writing_23,add_3,add_3,add_3,delete_24,delete_24,delete_24,deleting_34,deleting_34,deleting_34]","[none_40,none_4,none_40,none_40,none_31,none_32,none_31,none_32,none_31,none_32,updated_3,updated_3,updated_3,invalid_34,invalid_34,invalid_34,none_46,none_46,none_46]"
145368,"[1, 1, 7, 1, 3, 4, 3, 4, 2, 2, 3, 4, 2, 8, 9, 8, 8, 9, 8, 6, 6, 6, 5, 5, 5]","[block blk_6,block blk_6,NameSystem_2,block blk_6,blk_4,blk_4,blk_4,blk_4,NameSystem_2,NameSystem_2,blk_4,blk_4,NameSystem_2,/_0,blk_4,/_0,/_0,blk_4,/_0,blk_4,blk_4,blk_4,block blk file_7,block blk file_7,block blk file_7]","[receiving_28,receiving_28,allocate_4,receiving_28,none_22,writing_23,none_22,writing_23,add_3,add_3,none_22,writing_23,add_3,serving_0,transfer_13,serving_0,serving_0,transfer_13,serving_0,delete_24,delete_24,delete_24,deleting_34,deleting_34,deleting_34]","[none_40,none_40,none_4,none_40,none_31,none_32,none_31,none_32,updated_3,updated_3,none_31,none_32,updated_3,none_0,exception_21,none_0,none_0,exception_21,none_0,invalid_34,invalid_34,invalid_34,none_46,none_46,none_46]"
484103,"[7, 1, 1, 1, 3, 4, 3, 4, 3, 4, 2, 2, 2]","[NameSystem_2,block blk_6,block blk_6,block blk_6,blk_4,blk_4,blk_4,blk_4,blk_4,blk_4,NameSystem_2,NameSystem_2,NameSystem_2]","[allocate_4,receiving_28,receiving_28,receiving_28,none_22,writing_23,none_22,writing_23,none_22,writing_23,add_3,add_3,add_3]","[none_4,none_40,none_40,none_40,none_31,none_32,none_31,none_32,none_31,none_32,updated_3,updated_3,updated_3]"
303813,"[1, 7, 1, 1, 3, 4, 3, 4, 3, 4, 2, 2, 2, 6, 6, 6, 5, 5, 5]","[block blk_6,NameSystem_2,block blk_6,block blk_6,blk_4,blk_4,blk_4,blk_4,blk_4,blk_4,NameSystem_2,NameSystem_2,NameSystem_2,blk_4,blk_4,blk_4,block blk file_7,block blk file_7,block blk file_7]","[receiving_28,allocate_4,receiving_28,receiving_28,none_22,writing_23,none_22,writing_23,none_22,writing_23,add_3,add_3,add_3,delete_24,delete_24,delete_24,deleting_34,deleting_34,deleting_34]","[none_40,none_4,none_40,none_40,none_31,none_32,none_31,none_32,none_31,none_32,updated_3,updated_3,updated_3,invalid_34,invalid_34,invalid_34,none_46,none_46,none_46]"
356087,"[1, 1, 1, 7, 3, 4, 3, 4, 3, 4, 2, 2, 2]","[block blk_6,block blk_6,block blk_6,NameSystem_2,blk_4,blk_4,blk_4,blk_4,blk_4,blk_4,NameSystem_2,NameSystem_2,NameSystem_2]","[receiving_28,receiving_28,receiving_28,allocate_4,none_22,writing_23,none_22,writing_23,none_22,writing_23,add_3,add_3,add_3]","[none_40,none_40,none_40,none_4,none_31,none_32,none_31,none_32,none_31,none_32,updated_3,updated_3,updated_3]"
121788,"[7, 1, 1, 1, 2, 2, 2, 3, 4, 3, 4, 3, 4, 8, 10, 10, 6, 6, 6, 5, 5, 5]","[NameSystem_2,block blk_6,block blk_6,block blk_6,NameSystem_2,NameSystem_2,NameSystem_2,blk_4,blk_4,blk_4,blk_4,blk_4,blk_4,/_0,blk_4,blk_4,blk_4,blk_4,blk_4,block blk file_7,block blk file_7,block blk file_7]","[allocate_4,receiving_28,receiving_28,receiving_28,add_3,add_3,add_3,none_22,writing_23,none_22,writing_23,none_22,writing_23,serving_0,verification_25,verification_25,delete_24,delete_24,delete_24,deleting_34,deleting_34,deleting_34]","[none_4,none_40,none_40,none_40,updated_3,updated_3,updated_3,none_31,none_32,none_31,none_32,none_31,none_32,none_0,successful_35,successful_35,invalid_34,invalid_34,invalid_34,none_46,none_46,none_46]"
425382,"[1, 1, 1, 7, 3, 4, 3, 4, 3, 4, 2, 2, 2, 6, 6, 6, 5, 5, 5]","[block blk_6,block blk_6,block blk_6,NameSystem_2,blk_4,blk_4,blk_4,blk_4,blk_4,blk_4,NameSystem_2,NameSystem_2,NameSystem_2,blk_4,blk_4,blk_4,block blk file_7,block blk file_7,block blk file_7]","[receiving_28,receiving_28,receiving_28,allocate_4,none_22,writing_23,none_22,writing_23,none_22,writing_23,add_3,add_3,add_3,delete_24,delete_24,delete_24,deleting_34,deleting_34,deleting_34]","[none_40,none_40,none_40,none_4,none_31,none_32,none_31,none_32,none_31,none_32,updated_3,updated_3,updated_3,invalid_34,invalid_34,invalid_34,none_46,none_46,none_46]"
256,"[1, 1, 7, 1, 3, 3, 4, 4, 3, 4, 2, 2, 2, 10, 10, 10, 9, 9, 9, 9, 9, 9, 9, 9, 9, 9, 8, 9, 9, 9, 9, 9, 6, 6, 6, 5, 5, 5]","[block blk_6,block blk_6,NameSystem_2,block blk_6,blk_4,blk_4,blk_4,blk_4,blk_4,blk_4,NameSystem_2,NameSystem_2,NameSystem_2,blk_4,blk_4,blk_4,blk_4,blk_4,blk_4,blk_4,blk_4,blk_4,blk_4,blk_4,blk_4,blk_4,/_0,blk_4,blk_4,blk_4,blk_4,blk_4,blk_4,blk_4,blk_4,block blk file_7,block blk file_7,block blk file_7]","[receiving_28,receiving_28,allocate_4,receiving_28,none_22,none_22,writing_23,writing_23,none_22,writing_23,add_3,add_3,add_3,verification_25,verification_25,verification_25,transfer_13,transfer_13,transfer_13,transfer_13,transfer_13,transfer_13,transfer_13,transfer_13,transfer_13,transfer_13,serving_0,transfer_13,transfer_13,transfer_13,transfer_13,transfer_13,delete_24,delete_24,delete_24,deleting_34,deleting_34,deleting_34]","[none_40,none_40,none_4,none_40,none_31,none_31,none_32,none_32,none_31,none_32,updated_3,updated_3,updated_3,successful_35,successful_35,successful_35,exception_21,exception_21,exception_21,exception_21,exception_21,exception_21,exception_21,exception_21,exception_21,exception_21,none_0,exception_21,exception_21,exception_21,exception_21,exception_21,invalid_34,invalid_34,invalid_34,none_46,none_46,none_46]"
58808,"[7, 1, 1, 1, 2, 2, 2, 3, 4, 3, 4, 3, 4, 6, 6, 6, 5, 5, 5]","[NameSystem_2,block blk_6,block blk_6,block blk_6,NameSystem_2,NameSystem_2,NameSystem_2,blk_4,blk_4,blk_4,blk_4,blk_4,blk_4,blk_4,blk_4,blk_4,block blk file_7,block blk file_7,block blk file_7]","[allocate_4,receiving_28,receiving_28,receiving_28,add_3,add_3,add_3,none_22,writing_23,none_22,writing_23,none_22,writing_23,delete_24,delete_24,delete_24,deleting_34,deleting_34,deleting_34]","[none_4,none_40,none_40,none_40,updated_3,updated_3,updated_3,none_31,none_32,none_31,none_32,none_31,none_32,invalid_34,invalid_34,invalid_34,none_46,none_46,none_46]"
44640,"[7, 1, 1, 1, 2, 2, 2, 3, 4, 3, 4, 3, 4, 6, 6, 6, 5, 5, 5]","[NameSystem_2,block blk_6,block blk_6,block blk_6,NameSystem_2,NameSystem_2,NameSystem_2,blk_4,blk_4,blk_4,blk_4,blk_4,blk_4,blk_4,blk_4,blk_4,block blk file_7,block blk file_7,block blk file_7]","[allocate_4,receiving_28,receiving_28,receiving_28,add_3,add_3,add_3,none_22,writing_23,none_22,writing_23,none_22,writing_23,delete_24,delete_24,delete_24,deleting_34,deleting_34,deleting_34]","[none_4,none_40,none_40,none_40,updated_3,updated_3,updated_3,none_31,none_32,none_31,none_32,none_31,none_32,invalid_34,invalid_34,invalid_34,none_46,none_46,none_46]"
495250,"[1, 1, 7, 1, 3, 4, 3, 4, 3, 4, 2, 2, 2]","[block blk_6,block blk_6,NameSystem_2,block blk_6,blk_4,blk_4,blk_4,blk_4,blk_4,blk_4,NameSystem_2,NameSystem_2,NameSystem_2]","[receiving_28,receiving_28,allocate_4,receiving_28,none_22,writing_23,none_22,writing_23,none_22,writing_23,add_3,add_3,add_3]","[none_40,none_40,none_4,none_40,none_31,none_32,none_31,none_32,none_31,none_32,updated_3,updated_3,updated_3]"
532261,"[7, 1, 1, 1, 3, 4, 3, 4, 3, 4, 2, 2, 2]","[NameSystem_2,block blk_6,block blk_6,block blk_6,blk_4,blk_4,blk_4,blk_4,blk_4,blk_4,NameSystem_2,NameSystem_2,NameSystem_2]","[allocate_4,receiving_28,receiving_28,receiving_28,none_22,writing_23,none_22,writing_23,none_22,writing_23,add_3,add_3,add_3]","[none_4,none_40,none_40,none_40,none_31,none_32,none_31,none_32,none_31,none_32,updated_3,updated_3,updated_3]"
266773,"[1, 7, 1, 1, 3, 4, 3, 4, 3, 4, 2, 2, 2, 10, 6, 6, 6, 5, 5, 5]","[block blk_6,NameSystem_2,block blk_6,block blk_6,blk_4,blk_4,blk_4,blk_4,blk_4,blk_4,NameSystem_2,NameSystem_2,NameSystem_2,blk_4,blk_4,blk_4,blk_4,block blk file_7,block blk file_7,block blk file_7]","[receiving_28,allocate_4,receiving_28,receiving_28,none_22,writing_23,none_22,writing_23,none_22,writing_23,add_3,add_3,add_3,verification_25,delete_24,delete_24,delete_24,deleting_34,deleting_34,deleting_34]","[none_40,none_4,none_40,none_40,none_31,none_32,none_31,none_32,none_31,none_32,updated_3,updated_3,updated_3,successful_35,invalid_34,invalid_34,invalid_34,none_46,none_46,none_46]"
18910,"[1, 1, 7, 1, 3, 4, 3, 4, 3, 4, 2, 2, 2, 9, 9, 9, 9, 9, 9, 9, 9, 9, 9, 9, 9, 9, 9, 9, 8, 10, 6, 6, 6, 5, 5, 5]","[block blk_6,block blk_6,NameSystem_2,block blk_6,blk_4,blk_4,blk_4,blk_4,blk_4,blk_4,NameSystem_2,NameSystem_2,NameSystem_2,blk_4,blk_4,blk_4,blk_4,blk_4,blk_4,blk_4,blk_4,blk_4,blk_4,blk_4,blk_4,blk_4,blk_4,blk_4,/_0,blk_4,blk_4,blk_4,blk_4,block blk file_7,block blk file_7,block blk file_7]","[receiving_28,receiving_28,allocate_4,receiving_28,none_22,writing_23,none_22,writing_23,none_22,writing_23,add_3,add_3,add_3,transfer_13,transfer_13,transfer_13,transfer_13,transfer_13,transfer_13,transfer_13,transfer_13,transfer_13,transfer_13,transfer_13,transfer_13,transfer_13,transfer_13,transfer_13,serving_0,verification_25,delete_24,delete_24,delete_24,deleting_34,deleting_34,deleting_34]","[none_40,none_40,none_4,none_40,none_31,none_32,none_31,none_32,none_31,none_32,updated_3,updated_3,updated_3,exception_21,exception_21,exception_21,exception_21,exception_21,exception_21,exception_21,exception_21,exception_21,exception_21,exception_21,exception_21,exception_21,exception_21,exception_21,none_0,successful_35,invalid_34,invalid_34,invalid_34,none_46,none_46,none_46]"
210893,"[1, 1, 1, 7, 3, 4, 3, 4, 3, 4, 2, 2, 2, 6, 6, 6, 5, 5, 5]","[block blk_6,block blk_6,block blk_6,NameSystem_2,blk_4,blk_4,blk_4,blk_4,blk_4,blk_4,NameSystem_2,NameSystem_2,NameSystem_2,blk_4,blk_4,blk_4,block blk file_7,block blk file_7,block blk file_7]","[receiving_28,receiving_28,receiving_28,allocate_4,none_22,writing_23,none_22,writing_23,none_22,writing_23,add_3,add_3,add_3,delete_24,delete_24,delete_24,deleting_34,deleting_34,deleting_34]","[none_40,none_40,none_40,none_4,none_31,none_32,none_31,none_32,none_31,none_32,updated_3,updated_3,updated_3,invalid_34,invalid_34,invalid_34,none_46,none_46,none_46]"
110664,"[7, 1, 1, 1, 2, 2, 3, 4, 3, 4, 3, 4, 2, 10, 10, 9, 8, 9, 10, 6, 6, 6, 5, 5, 5]","[NameSystem_2,block blk_6,block blk_6,block blk_6,NameSystem_2,NameSystem_2,blk_4,blk_4,blk_4,blk_4,blk_4,blk_4,NameSystem_2,blk_4,blk_4,blk_4,/_0,blk_4,blk_4,blk_4,blk_4,blk_4,block blk file_7,block blk file_7,block blk file_7]","[allocate_4,receiving_28,receiving_28,receiving_28,add_3,add_3,none_22,writing_23,none_22,writing_23,none_22,writing_23,add_3,verification_25,verification_25,transfer_13,serving_0,transfer_13,verification_25,delete_24,delete_24,delete_24,deleting_34,deleting_34,deleting_34]","[none_4,none_40,none_40,none_40,updated_3,updated_3,none_31,none_32,none_31,none_32,none_31,none_32,updated_3,successful_35,successful_35,exception_21,none_0,exception_21,successful_35,invalid_34,invalid_34,invalid_34,none_46,none_46,none_46]"
221595,"[1, 7, 1, 1, 3, 4, 3, 4, 3, 4, 2, 2, 2, 6, 6, 6, 5, 5, 5]","[block blk_6,NameSystem_2,block blk_6,block blk_6,blk_4,blk_4,blk_4,blk_4,blk_4,blk_4,NameSystem_2,NameSystem_2,NameSystem_2,blk_4,blk_4,blk_4,block blk file_7,block blk file_7,block blk file_7]","[receiving_28,allocate_4,receiving_28,receiving_28,none_22,writing_23,none_22,writing_23,none_22,writing_23,add_3,add_3,add_3,delete_24,delete_24,delete_24,deleting_34,deleting_34,deleting_34]","[none_40,none_4,none_40,none_40,none_31,none_32,none_31,none_32,none_31,none_32,updated_3,updated_3,updated_3,invalid_34,invalid_34,invalid_34,none_46,none_46,none_46]"
126703,"[7, 1, 1, 1, 2, 2, 2, 3, 4, 3, 4, 3, 4, 9, 9, 8, 10, 6, 6, 6, 5, 5, 5]","[NameSystem_2,block blk_6,block blk_6,block blk_6,NameSystem_2,NameSystem_2,NameSystem_2,blk_4,blk_4,blk_4,blk_4,blk_4,blk_4,blk_4,blk_4,/_0,blk_4,blk_4,blk_4,blk_4,block blk file_7,block blk file_7,block blk file_7]","[allocate_4,receiving_28,receiving_28,receiving_28,add_3,add_3,add_3,none_22,writing_23,none_22,writing_23,none_22,writing_23,transfer_13,transfer_13,serving_0,verification_25,delete_24,delete_24,delete_24,deleting_34,deleting_34,deleting_34]","[none_4,none_40,none_40,none_40,updated_3,updated_3,updated_3,none_31,none_32,none_31,none_32,none_31,none_32,exception_21,exception_21,none_0,successful_35,invalid_34,invalid_34,invalid_34,none_46,none_46,none_46]"
422149,"[1, 1, 7, 1, 3, 4, 3, 4, 3, 4, 2, 2, 2, 6, 6, 6, 5, 5, 5]","[block blk_6,block blk_6,NameSystem_2,block blk_6,blk_4,blk_4,blk_4,blk_4,blk_4,blk_4,NameSystem_2,NameSystem_2,NameSystem_2,blk_4,blk_4,blk_4,block blk file_7,block blk file_7,block blk file_7]","[receiving_28,receiving_28,allocate_4,receiving_28,none_22,writing_23,none_22,writing_23,none_22,writing_23,add_3,add_3,add_3,delete_24,delete_24,delete_24,deleting_34,deleting_34,deleting_34]","[none_40,none_40,none_4,none_40,none_31,none_32,none_31,none_32,none_31,none_32,updated_3,updated_3,updated_3,invalid_34,invalid_34,invalid_34,none_46,none_46,none_46]"
392068,"[1, 1, 1, 7, 3, 4, 3, 4, 2, 3, 4, 2, 2, 6, 6, 6, 5, 5, 5]","[block blk_6,block blk_6,block blk_6,NameSystem_2,blk_4,blk_4,blk_4,blk_4,NameSystem_2,blk_4,blk_4,NameSystem_2,NameSystem_2,blk_4,blk_4,blk_4,block blk file_7,block blk file_7,block blk file_7]","[receiving_28,receiving_28,receiving_28,allocate_4,none_22,writing_23,none_22,writing_23,add_3,none_22,writing_23,add_3,add_3,delete_24,delete_24,delete_24,deleting_34,deleting_34,deleting_34]","[none_40,none_40,none_40,none_4,none_31,none_32,none_31,none_32,updated_3,none_31,none_32,updated_3,updated_3,invalid_34,invalid_34,invalid_34,none_46,none_46,none_46]"
109677,"[7, 1, 1, 1, 3, 4, 3, 4, 3, 4, 2, 2, 2, 9, 9, 8, 10, 10, 10, 6, 6, 6, 5, 5, 5]","[NameSystem_2,block blk_6,block blk_6,block blk_6,blk_4,blk_4,blk_4,blk_4,blk_4,blk_4,NameSystem_2,NameSystem_2,NameSystem_2,blk_4,blk_4,/_0,blk_4,blk_4,blk_4,blk_4,blk_4,blk_4,block blk file_7,block blk file_7,block blk file_7]","[allocate_4,receiving_28,receiving_28,receiving_28,none_22,writing_23,none_22,writing_23,none_22,writing_23,add_3,add_3,add_3,transfer_13,transfer_13,serving_0,verification_25,verification_25,verification_25,delete_24,delete_24,delete_24,deleting_34,deleting_34,deleting_34]","[none_4,none_40,none_40,none_40,none_31,none_32,none_31,none_32,none_31,none_32,updated_3,updated_3,updated_3,exception_21,exception_21,none_0,successful_35,successful_35,successful_35,invalid_34,invalid_34,invalid_34,none_46,none_46,none_46]"
509967,"[1, 7, 1, 1, 3, 4, 3, 4, 3, 4, 2, 2, 2]","[block blk_6,NameSystem_2,block blk_6,block blk_6,blk_4,blk_4,blk_4,blk_4,blk_4,blk_4,NameSystem_2,NameSystem_2,NameSystem_2]","[receiving_28,allocate_4,receiving_28,receiving_28,none_22,writing_23,none_22,writing_23,none_22,writing_23,add_3,add_3,add_3]","[none_40,none_4,none_40,none_40,none_31,none_32,none_31,none_32,none_31,none_32,updated_3,updated_3,updated_3]"
524642,"[1, 7, 1, 1, 3, 4, 3, 4, 3, 4, 2, 2, 2]","[block blk_6,NameSystem_2,block blk_6,block blk_6,blk_4,blk_4,blk_4,blk_4,blk_4,blk_4,NameSystem_2,NameSystem_2,NameSystem_2]","[receiving_28,allocate_4,receiving_28,receiving_28,none_22,writing_23,none_22,writing_23,none_22,writing_23,add_3,add_3,add_3]","[none_40,none_4,none_40,none_40,none_31,none_32,none_31,none_32,none_31,none_32,updated_3,updated_3,updated_3]"
93684,"[7, 1, 1, 1, 2, 2, 3, 4, 3, 4, 2, 3, 4, 8, 8, 9, 9, 8, 8, 8, 9, 8, 6, 6, 6, 5, 5, 5]","[NameSystem_2,block blk_6,block blk_6,block blk_6,NameSystem_2,NameSystem_2,blk_4,blk_4,blk_4,blk_4,NameSystem_2,blk_4,blk_4,/_0,/_0,blk_4,blk_4,/_0,/_0,/_0,blk_4,/_0,blk_4,blk_4,blk_4,block blk file_7,block blk file_7,block blk file_7]","[allocate_4,receiving_28,receiving_28,receiving_28,add_3,add_3,none_22,writing_23,none_22,writing_23,add_3,none_22,writing_23,serving_0,serving_0,transfer_13,transfer_13,serving_0,serving_0,serving_0,transfer_13,serving_0,delete_24,delete_24,delete_24,deleting_34,deleting_34,deleting_34]","[none_4,none_40,none_40,none_40,updated_3,updated_3,none_31,none_32,none_31,none_32,updated_3,none_31,none_32,none_0,none_0,exception_21,exception_21,none_0,none_0,none_0,exception_21,none_0,invalid_34,invalid_34,invalid_34,none_46,none_46,none_46]"
155885,"[1, 1, 1, 7, 3, 4, 3, 4, 3, 4, 2, 2, 2, 8, 8, 9, 8, 8, 9, 6, 6, 6, 5, 5, 5]","[block blk_6,block blk_6,block blk_6,NameSystem_2,blk_4,blk_4,blk_4,blk_4,blk_4,blk_4,NameSystem_2,NameSystem_2,NameSystem_2,/_0,/_0,blk_4,/_0,/_0,blk_4,blk_4,blk_4,blk_4,block blk file_7,block blk file_7,block blk file_7]","[receiving_28,receiving_28,receiving_28,allocate_4,none_22,writing_23,none_22,writing_23,none_22,writing_23,add_3,add_3,add_3,serving_0,serving_0,transfer_13,serving_0,serving_0,transfer_13,delete_24,delete_24,delete_24,deleting_34,deleting_34,deleting_34]","[none_40,none_40,none_40,none_4,none_31,none_32,none_31,none_32,none_31,none_32,updated_3,updated_3,updated_3,none_0,none_0,exception_21,none_0,none_0,exception_21,invalid_34,invalid_34,invalid_34,none_46,none_46,none_46]"
196202,"[1, 1, 1, 7, 3, 4, 3, 4, 3, 4, 2, 2, 2, 6, 6, 6, 5, 5, 5]","[block blk_6,block blk_6,block blk_6,NameSystem_2,blk_4,blk_4,blk_4,blk_4,blk_4,blk_4,NameSystem_2,NameSystem_2,NameSystem_2,blk_4,blk_4,blk_4,block blk file_7,block blk file_7,block blk file_7]","[receiving_28,receiving_28,receiving_28,allocate_4,none_22,writing_23,none_22,writing_23,none_22,writing_23,add_3,add_3,add_3,delete_24,delete_24,delete_24,deleting_34,deleting_34,deleting_34]","[none_40,none_40,none_40,none_4,none_31,none_32,none_31,none_32,none_31,none_32,updated_3,updated_3,updated_3,invalid_34,invalid_34,invalid_34,none_46,none_46,none_46]"
366203,"[1, 7, 1, 1, 3, 4, 3, 4, 3, 4, 2, 2, 2, 6, 6, 6, 5, 5, 5]","[block blk_6,NameSystem_2,block blk_6,block blk_6,blk_4,blk_4,blk_4,blk_4,blk_4,blk_4,NameSystem_2,NameSystem_2,NameSystem_2,blk_4,blk_4,blk_4,block blk file_7,block blk file_7,block blk file_7]","[receiving_28,allocate_4,receiving_28,receiving_28,none_22,writing_23,none_22,writing_23,none_22,writing_23,add_3,add_3,add_3,delete_24,delete_24,delete_24,deleting_34,deleting_34,deleting_34]","[none_40,none_4,none_40,none_40,none_31,none_32,none_31,none_32,none_31,none_32,updated_3,updated_3,updated_3,invalid_34,invalid_34,invalid_34,none_46,none_46,none_46]"
528181,"[1, 1, 1, 7, 3, 4, 3, 4, 3, 4, 2, 2, 2]","[block blk_6,block blk_6,block blk_6,NameSystem_2,blk_4,blk_4,blk_4,blk_4,blk_4,blk_4,NameSystem_2,NameSystem_2,NameSystem_2]","[receiving_28,receiving_28,receiving_28,allocate_4,none_22,writing_23,none_22,writing_23,none_22,writing_23,add_3,add_3,add_3]","[none_40,none_40,none_40,none_4,none_31,none_32,none_31,none_32,none_31,none_32,updated_3,updated_3,updated_3]"
265942,"[1, 1, 1, 7, 3, 4, 3, 4, 3, 4, 2, 2, 2, 6, 6, 6, 5, 5, 5]","[block blk_6,block blk_6,block blk_6,NameSystem_2,blk_4,blk_4,blk_4,blk_4,blk_4,blk_4,NameSystem_2,NameSystem_2,NameSystem_2,blk_4,blk_4,blk_4,block blk file_7,block blk file_7,block blk file_7]","[receiving_28,receiving_28,receiving_28,allocate_4,none_22,writing_23,none_22,writing_23,none_22,writing_23,add_3,add_3,add_3,delete_24,delete_24,delete_24,deleting_34,deleting_34,deleting_34]","[none_40,none_40,none_40,none_4,none_31,none_32,none_31,none_32,none_31,none_32,updated_3,updated_3,updated_3,invalid_34,invalid_34,invalid_34,none_46,none_46,none_46]"
421334,"[1, 1, 1, 7, 3, 4, 3, 4, 3, 4, 2, 2, 2, 6, 6, 6, 5, 5, 5]","[block blk_6,block blk_6,block blk_6,NameSystem_2,blk_4,blk_4,blk_4,blk_4,blk_4,blk_4,NameSystem_2,NameSystem_2,NameSystem_2,blk_4,blk_4,blk_4,block blk file_7,block blk file_7,block blk file_7]","[receiving_28,receiving_28,receiving_28,allocate_4,none_22,writing_23,none_22,writing_23,none_22,writing_23,add_3,add_3,add_3,delete_24,delete_24,delete_24,deleting_34,deleting_34,deleting_34]","[none_40,none_40,none_40,none_4,none_31,none_32,none_31,none_32,none_31,none_32,updated_3,updated_3,updated_3,invalid_34,invalid_34,invalid_34,none_46,none_46,none_46]"
350214,"[1, 7, 1, 1, 3, 4, 3, 4, 2, 2, 3, 4, 2]","[block blk_6,NameSystem_2,block blk_6,block blk_6,blk_4,blk_4,blk_4,blk_4,NameSystem_2,NameSystem_2,blk_4,blk_4,NameSystem_2]","[receiving_28,allocate_4,receiving_28,receiving_28,none_22,writing_23,none_22,writing_23,add_3,add_3,none_22,writing_23,add_3]","[none_40,none_4,none_40,none_40,none_31,none_32,none_31,none_32,updated_3,updated_3,none_31,none_32,updated_3]"
413088,"[1, 7, 1, 1, 3, 4, 3, 4, 3, 4, 2, 2, 2, 6, 6, 6, 5, 5, 5]","[block blk_6,NameSystem_2,block blk_6,block blk_6,blk_4,blk_4,blk_4,blk_4,blk_4,blk_4,NameSystem_2,NameSystem_2,NameSystem_2,blk_4,blk_4,blk_4,block blk file_7,block blk file_7,block blk file_7]","[receiving_28,allocate_4,receiving_28,receiving_28,none_22,writing_23,none_22,writing_23,none_22,writing_23,add_3,add_3,add_3,delete_24,delete_24,delete_24,deleting_34,deleting_34,deleting_34]","[none_40,none_4,none_40,none_40,none_31,none_32,none_31,none_32,none_31,none_32,updated_3,updated_3,updated_3,invalid_34,invalid_34,invalid_34,none_46,none_46,none_46]"
437409,"[1, 1, 7, 1, 3, 4, 3, 4, 2, 2, 3, 4, 2, 6, 6, 6, 5, 5, 5]","[block blk_6,block blk_6,NameSystem_2,block blk_6,blk_4,blk_4,blk_4,blk_4,NameSystem_2,NameSystem_2,blk_4,blk_4,NameSystem_2,blk_4,blk_4,blk_4,block blk file_7,block blk file_7,block blk file_7]","[receiving_28,receiving_28,allocate_4,receiving_28,none_22,writing_23,none_22,writing_23,add_3,add_3,none_22,writing_23,add_3,delete_24,delete_24,delete_24,deleting_34,deleting_34,deleting_34]","[none_40,none_40,none_4,none_40,none_31,none_32,none_31,none_32,updated_3,updated_3,none_31,none_32,updated_3,invalid_34,invalid_34,invalid_34,none_46,none_46,none_46]"
141898,"[1, 1, 7, 1, 3, 4, 3, 4, 3, 4, 2, 2, 2, 9, 8, 9, 6, 6, 6, 5, 5, 5]","[block blk_6,block blk_6,NameSystem_2,block blk_6,blk_4,blk_4,blk_4,blk_4,blk_4,blk_4,NameSystem_2,NameSystem_2,NameSystem_2,blk_4,/_0,blk_4,blk_4,blk_4,blk_4,block blk file_7,block blk file_7,block blk file_7]","[receiving_28,receiving_28,allocate_4,receiving_28,none_22,writing_23,none_22,writing_23,none_22,writing_23,add_3,add_3,add_3,transfer_13,serving_0,transfer_13,delete_24,delete_24,delete_24,deleting_34,deleting_34,deleting_34]","[none_40,none_40,none_4,none_40,none_31,none_32,none_31,none_32,none_31,none_32,updated_3,updated_3,updated_3,exception_21,none_0,exception_21,invalid_34,invalid_34,invalid_34,none_46,none_46,none_46]"
304553,"[1, 1, 7, 1, 3, 4, 3, 4, 3, 4, 2, 2, 2, 6, 6, 6, 5, 5, 5]","[block blk_6,block blk_6,NameSystem_2,block blk_6,blk_4,blk_4,blk_4,blk_4,blk_4,blk_4,NameSystem_2,NameSystem_2,NameSystem_2,blk_4,blk_4,blk_4,block blk file_7,block blk file_7,block blk file_7]","[receiving_28,receiving_28,allocate_4,receiving_28,none_22,writing_23,none_22,writing_23,none_22,writing_23,add_3,add_3,add_3,delete_24,delete_24,delete_24,deleting_34,deleting_34,deleting_34]","[none_40,none_40,none_4,none_40,none_31,none_32,none_31,none_32,none_31,none_32,updated_3,updated_3,updated_3,invalid_34,invalid_34,invalid_34,none_46,none_46,none_46]"
342999,"[1, 1, 7, 1, 3, 4, 3, 4, 3, 4, 2, 2, 2, 10]","[block blk_6,block blk_6,NameSystem_2,block blk_6,blk_4,blk_4,blk_4,blk_4,blk_4,blk_4,NameSystem_2,NameSystem_2,NameSystem_2,blk_4]","[receiving_28,receiving_28,allocate_4,receiving_28,none_22,writing_23,none_22,writing_23,none_22,writing_23,add_3,add_3,add_3,verification_25]","[none_40,none_40,none_4,none_40,none_31,none_32,none_31,none_32,none_31,none_32,updated_3,updated_3,updated_3,successful_35]"
441893,"[1, 7, 1, 1, 3, 4, 3, 4, 3, 4, 2, 2, 2, 6, 6, 6, 5, 5, 5]","[block blk_6,NameSystem_2,block blk_6,block blk_6,blk_4,blk_4,blk_4,blk_4,blk_4,blk_4,NameSystem_2,NameSystem_2,NameSystem_2,blk_4,blk_4,blk_4,block blk file_7,block blk file_7,block blk file_7]","[receiving_28,allocate_4,receiving_28,receiving_28,none_22,writing_23,none_22,writing_23,none_22,writing_23,add_3,add_3,add_3,delete_24,delete_24,delete_24,deleting_34,deleting_34,deleting_34]","[none_40,none_4,none_40,none_40,none_31,none_32,none_31,none_32,none_31,none_32,updated_3,updated_3,updated_3,invalid_34,invalid_34,invalid_34,none_46,none_46,none_46]"
313182,"[1, 1, 7, 1, 3, 4, 3, 4, 3, 4, 2, 2, 2, 6, 6, 6, 5, 5, 5]","[block blk_6,block blk_6,NameSystem_2,block blk_6,blk_4,blk_4,blk_4,blk_4,blk_4,blk_4,NameSystem_2,NameSystem_2,NameSystem_2,blk_4,blk_4,blk_4,block blk file_7,block blk file_7,block blk file_7]","[receiving_28,receiving_28,allocate_4,receiving_28,none_22,writing_23,none_22,writing_23,none_22,writing_23,add_3,add_3,add_3,delete_24,delete_24,delete_24,deleting_34,deleting_34,deleting_34]","[none_40,none_40,none_4,none_40,none_31,none_32,none_31,none_32,none_31,none_32,updated_3,updated_3,updated_3,invalid_34,invalid_34,invalid_34,none_46,none_46,none_46]"
41936,"[7, 1, 1, 1, 2, 2, 2, 3, 4, 3, 4, 3, 4, 10, 6, 6, 6, 5, 5, 5]","[NameSystem_2,block blk_6,block blk_6,block blk_6,NameSystem_2,NameSystem_2,NameSystem_2,blk_4,blk_4,blk_4,blk_4,blk_4,blk_4,blk_4,blk_4,blk_4,blk_4,block blk file_7,block blk file_7,block blk file_7]","[allocate_4,receiving_28,receiving_28,receiving_28,add_3,add_3,add_3,none_22,writing_23,none_22,writing_23,none_22,writing_23,verification_25,delete_24,delete_24,delete_24,deleting_34,deleting_34,deleting_34]","[none_4,none_40,none_40,none_40,updated_3,updated_3,updated_3,none_31,none_32,none_31,none_32,none_31,none_32,successful_35,invalid_34,invalid_34,invalid_34,none_46,none_46,none_46]"
104643,"[7, 1, 1, 1, 2, 2, 3, 4, 3, 4, 2, 3, 4, 6, 6, 6, 5, 5, 5]","[NameSystem_2,block blk_6,block blk_6,block blk_6,NameSystem_2,NameSystem_2,blk_4,blk_4,blk_4,blk_4,NameSystem_2,blk_4,blk_4,blk_4,blk_4,blk_4,block blk file_7,block blk file_7,block blk file_7]","[allocate_4,receiving_28,receiving_28,receiving_28,add_3,add_3,none_22,writing_23,none_22,writing_23,add_3,none_22,writing_23,delete_24,delete_24,delete_24,deleting_34,deleting_34,deleting_34]","[none_4,none_40,none_40,none_40,updated_3,updated_3,none_31,none_32,none_31,none_32,updated_3,none_31,none_32,invalid_34,invalid_34,invalid_34,none_46,none_46,none_46]"
464973,"[1, 1, 1, 7, 3, 4, 3, 4, 3, 4, 2, 2, 2, 6, 6, 6, 5, 5, 5]","[block blk_6,block blk_6,block blk_6,NameSystem_2,blk_4,blk_4,blk_4,blk_4,blk_4,blk_4,NameSystem_2,NameSystem_2,NameSystem_2,blk_4,blk_4,blk_4,block blk file_7,block blk file_7,block blk file_7]","[receiving_28,receiving_28,receiving_28,allocate_4,none_22,writing_23,none_22,writing_23,none_22,writing_23,add_3,add_3,add_3,delete_24,delete_24,delete_24,deleting_34,deleting_34,deleting_34]","[none_40,none_40,none_40,none_4,none_31,none_32,none_31,none_32,none_31,none_32,updated_3,updated_3,updated_3,invalid_34,invalid_34,invalid_34,none_46,none_46,none_46]"
300596,"[1, 1, 7, 1, 3, 4, 3, 4, 3, 4, 2, 2, 2, 6, 6, 6, 5, 5, 5]","[block blk_6,block blk_6,NameSystem_2,block blk_6,blk_4,blk_4,blk_4,blk_4,blk_4,blk_4,NameSystem_2,NameSystem_2,NameSystem_2,blk_4,blk_4,blk_4,block blk file_7,block blk file_7,block blk file_7]","[receiving_28,receiving_28,allocate_4,receiving_28,none_22,writing_23,none_22,writing_23,none_22,writing_23,add_3,add_3,add_3,delete_24,delete_24,delete_24,deleting_34,deleting_34,deleting_34]","[none_40,none_40,none_4,none_40,none_31,none_32,none_31,none_32,none_31,none_32,updated_3,updated_3,updated_3,invalid_34,invalid_34,invalid_34,none_46,none_46,none_46]"
170819,"[1, 1, 1, 7, 3, 4, 3, 4, 3, 4, 2, 2, 2, 9, 8, 8, 10, 8, 9, 8, 6, 6, 6, 5, 5, 5]","[block blk_6,block blk_6,block blk_6,NameSystem_2,blk_4,blk_4,blk_4,blk_4,blk_4,blk_4,NameSystem_2,NameSystem_2,NameSystem_2,blk_4,/_0,/_0,blk_4,/_0,blk_4,/_0,blk_4,blk_4,blk_4,block blk file_7,block blk file_7,block blk file_7]","[receiving_28,receiving_28,receiving_28,allocate_4,none_22,writing_23,none_22,writing_23,none_22,writing_23,add_3,add_3,add_3,transfer_13,serving_0,serving_0,verification_25,serving_0,transfer_13,serving_0,delete_24,delete_24,delete_24,deleting_34,deleting_34,deleting_34]","[none_40,none_40,none_40,none_4,none_31,none_32,none_31,none_32,none_31,none_32,updated_3,updated_3,updated_3,exception_21,none_0,none_0,successful_35,none_0,exception_21,none_0,invalid_34,invalid_34,invalid_34,none_46,none_46,none_46]"
565159,"[1, 7, 1, 1, 3, 4, 3, 4, 2, 3, 4, 2, 2, 6, 6, 6, 5, 5, 5]","[block blk_6,NameSystem_2,block blk_6,block blk_6,blk_4,blk_4,blk_4,blk_4,NameSystem_2,blk_4,blk_4,NameSystem_2,NameSystem_2,blk_4,blk_4,blk_4,block blk file_7,block blk file_7,block blk file_7]","[receiving_28,allocate_4,receiving_28,receiving_28,none_22,writing_23,none_22,writing_23,add_3,none_22,writing_23,add_3,add_3,delete_24,delete_24,delete_24,deleting_34,deleting_34,deleting_34]","[none_40,none_4,none_40,none_40,none_31,none_32,none_31,none_32,updated_3,none_31,none_32,updated_3,updated_3,invalid_34,invalid_34,invalid_34,none_46,none_46,none_46]"
197725,"[1, 1, 1, 7, 3, 4, 3, 4, 3, 4, 2, 2, 2, 6, 6, 6, 5, 5, 5]","[block blk_6,block blk_6,block blk_6,NameSystem_2,blk_4,blk_4,blk_4,blk_4,blk_4,blk_4,NameSystem_2,NameSystem_2,NameSystem_2,blk_4,blk_4,blk_4,block blk file_7,block blk file_7,block blk file_7]","[receiving_28,receiving_28,receiving_28,allocate_4,none_22,writing_23,none_22,writing_23,none_22,writing_23,add_3,add_3,add_3,delete_24,delete_24,delete_24,deleting_34,deleting_34,deleting_34]","[none_40,none_40,none_40,none_4,none_31,none_32,none_31,none_32,none_31,none_32,updated_3,updated_3,updated_3,invalid_34,invalid_34,invalid_34,none_46,none_46,none_46]"
276687,"[7, 1, 1, 1, 3, 4, 3, 4, 3, 4, 2, 2, 2, 6, 6, 6, 5, 5, 5]","[NameSystem_2,block blk_6,block blk_6,block blk_6,blk_4,blk_4,blk_4,blk_4,blk_4,blk_4,NameSystem_2,NameSystem_2,NameSystem_2,blk_4,blk_4,blk_4,block blk file_7,block blk file_7,block blk file_7]","[allocate_4,receiving_28,receiving_28,receiving_28,none_22,writing_23,none_22,writing_23,none_22,writing_23,add_3,add_3,add_3,delete_24,delete_24,delete_24,deleting_34,deleting_34,deleting_34]","[none_4,none_40,none_40,none_40,none_31,none_32,none_31,none_32,none_31,none_32,updated_3,updated_3,updated_3,invalid_34,invalid_34,invalid_34,none_46,none_46,none_46]"
477421,"[1, 1, 7, 1, 3, 4, 3, 4, 2, 2, 2, 3, 4]","[block blk_6,block blk_6,NameSystem_2,block blk_6,blk_4,blk_4,blk_4,blk_4,NameSystem_2,NameSystem_2,NameSystem_2,blk_4,blk_4]","[receiving_28,receiving_28,allocate_4,receiving_28,none_22,writing_23,none_22,writing_23,add_3,add_3,add_3,none_22,writing_23]","[none_40,none_40,none_4,none_40,none_31,none_32,none_31,none_32,updated_3,updated_3,updated_3,none_31,none_32]"
19746,"[1, 1, 1, 7, 3, 4, 3, 4, 3, 4, 2, 2, 2, 9, 9, 8, 10, 6, 6, 6, 5, 5, 5]","[block blk_6,block blk_6,block blk_6,NameSystem_2,blk_4,blk_4,blk_4,blk_4,blk_4,blk_4,NameSystem_2,NameSystem_2,NameSystem_2,blk_4,blk_4,/_0,blk_4,blk_4,blk_4,blk_4,block blk file_7,block blk file_7,block blk file_7]","[receiving_28,receiving_28,receiving_28,allocate_4,none_22,writing_23,none_22,writing_23,none_22,writing_23,add_3,add_3,add_3,transfer_13,transfer_13,serving_0,verification_25,delete_24,delete_24,delete_24,deleting_34,deleting_34,deleting_34]","[none_40,none_40,none_40,none_4,none_31,none_32,none_31,none_32,none_31,none_32,updated_3,updated_3,updated_3,exception_21,exception_21,none_0,successful_35,invalid_34,invalid_34,invalid_34,none_46,none_46,none_46]"
387278,"[1, 1, 1, 7, 3, 4, 3, 4, 3, 4, 2, 2, 2, 6, 6, 6, 5, 5, 5]","[block blk_6,block blk_6,block blk_6,NameSystem_2,blk_4,blk_4,blk_4,blk_4,blk_4,blk_4,NameSystem_2,NameSystem_2,NameSystem_2,blk_4,blk_4,blk_4,block blk file_7,block blk file_7,block blk file_7]","[receiving_28,receiving_28,receiving_28,allocate_4,none_22,writing_23,none_22,writing_23,none_22,writing_23,add_3,add_3,add_3,delete_24,delete_24,delete_24,deleting_34,deleting_34,deleting_34]","[none_40,none_40,none_40,none_4,none_31,none_32,none_31,none_32,none_31,none_32,updated_3,updated_3,updated_3,invalid_34,invalid_34,invalid_34,none_46,none_46,none_46]"
465878,"[1, 1, 1, 7, 3, 4, 3, 4, 3, 4, 2, 2, 2, 6, 6, 6, 5, 5, 5]","[block blk_6,block blk_6,block blk_6,NameSystem_2,blk_4,blk_4,blk_4,blk_4,blk_4,blk_4,NameSystem_2,NameSystem_2,NameSystem_2,blk_4,blk_4,blk_4,block blk file_7,block blk file_7,block blk file_7]","[receiving_28,receiving_28,receiving_28,allocate_4,none_22,writing_23,none_22,writing_23,none_22,writing_23,add_3,add_3,add_3,delete_24,delete_24,delete_24,deleting_34,deleting_34,deleting_34]","[none_40,none_40,none_40,none_4,none_31,none_32,none_31,none_32,none_31,none_32,updated_3,updated_3,updated_3,invalid_34,invalid_34,invalid_34,none_46,none_46,none_46]"
196838,"[1, 1, 7, 1, 3, 4, 3, 4, 3, 4, 2, 2, 2, 6, 6, 6, 5, 5, 5]","[block blk_6,block blk_6,NameSystem_2,block blk_6,blk_4,blk_4,blk_4,blk_4,blk_4,blk_4,NameSystem_2,NameSystem_2,NameSystem_2,blk_4,blk_4,blk_4,block blk file_7,block blk file_7,block blk file_7]","[receiving_28,receiving_28,allocate_4,receiving_28,none_22,writing_23,none_22,writing_23,none_22,writing_23,add_3,add_3,add_3,delete_24,delete_24,delete_24,deleting_34,deleting_34,deleting_34]","[none_40,none_40,none_4,none_40,none_31,none_32,none_31,none_32,none_31,none_32,updated_3,updated_3,updated_3,invalid_34,invalid_34,invalid_34,none_46,none_46,none_46]"
148389,"[1, 7, 1, 1, 3, 4, 3, 4, 3, 4, 2, 2, 2, 8, 8, 9, 8, 8, 9, 6, 6, 6, 5, 5, 5]","[block blk_6,NameSystem_2,block blk_6,block blk_6,blk_4,blk_4,blk_4,blk_4,blk_4,blk_4,NameSystem_2,NameSystem_2,NameSystem_2,/_0,/_0,blk_4,/_0,/_0,blk_4,blk_4,blk_4,blk_4,block blk file_7,block blk file_7,block blk file_7]","[receiving_28,allocate_4,receiving_28,receiving_28,none_22,writing_23,none_22,writing_23,none_22,writing_23,add_3,add_3,add_3,serving_0,serving_0,transfer_13,serving_0,serving_0,transfer_13,delete_24,delete_24,delete_24,deleting_34,deleting_34,deleting_34]","[none_40,none_4,none_40,none_40,none_31,none_32,none_31,none_32,none_31,none_32,updated_3,updated_3,updated_3,none_0,none_0,exception_21,none_0,none_0,exception_21,invalid_34,invalid_34,invalid_34,none_46,none_46,none_46]"
323765,"[1, 7, 1, 1, 3, 4, 3, 4, 3, 4, 2, 2, 2]","[block blk_6,NameSystem_2,block blk_6,block blk_6,blk_4,blk_4,blk_4,blk_4,blk_4,blk_4,NameSystem_2,NameSystem_2,NameSystem_2]","[receiving_28,allocate_4,receiving_28,receiving_28,none_22,writing_23,none_22,writing_23,none_22,writing_23,add_3,add_3,add_3]","[none_40,none_4,none_40,none_40,none_31,none_32,none_31,none_32,none_31,none_32,updated_3,updated_3,updated_3]"
103390,"[7, 1, 1, 1, 2, 3, 4, 3, 4, 2, 2, 3, 4, 8, 8, 9, 8, 8, 9, 8, 8, 9, 6, 6, 6, 5, 5, 5]","[NameSystem_2,block blk_6,block blk_6,block blk_6,NameSystem_2,blk_4,blk_4,blk_4,blk_4,NameSystem_2,NameSystem_2,blk_4,blk_4,/_0,/_0,blk_4,/_0,/_0,blk_4,/_0,/_0,blk_4,blk_4,blk_4,blk_4,block blk file_7,block blk file_7,block blk file_7]","[allocate_4,receiving_28,receiving_28,receiving_28,add_3,none_22,writing_23,none_22,writing_23,add_3,add_3,none_22,writing_23,serving_0,serving_0,transfer_13,serving_0,serving_0,transfer_13,serving_0,serving_0,transfer_13,delete_24,delete_24,delete_24,deleting_34,deleting_34,deleting_34]","[none_4,none_40,none_40,none_40,updated_3,none_31,none_32,none_31,none_32,updated_3,updated_3,none_31,none_32,none_0,none_0,exception_21,none_0,none_0,exception_21,none_0,none_0,exception_21,invalid_34,invalid_34,invalid_34,none_46,none_46,none_46]"
363541,"[1, 1, 1, 7, 3, 4, 3, 4, 3, 4, 2, 2, 2, 6, 6, 6, 5, 5, 5]","[block blk_6,block blk_6,block blk_6,NameSystem_2,blk_4,blk_4,blk_4,blk_4,blk_4,blk_4,NameSystem_2,NameSystem_2,NameSystem_2,blk_4,blk_4,blk_4,block blk file_7,block blk file_7,block blk file_7]","[receiving_28,receiving_28,receiving_28,allocate_4,none_22,writing_23,none_22,writing_23,none_22,writing_23,add_3,add_3,add_3,delete_24,delete_24,delete_24,deleting_34,deleting_34,deleting_34]","[none_40,none_40,none_40,none_4,none_31,none_32,none_31,none_32,none_31,none_32,updated_3,updated_3,updated_3,invalid_34,invalid_34,invalid_34,none_46,none_46,none_46]"
287995,"[1, 7, 1, 1, 3, 4, 3, 4, 3, 4, 2, 2, 2, 10, 6, 6, 6, 5, 5, 5]","[block blk_6,NameSystem_2,block blk_6,block blk_6,blk_4,blk_4,blk_4,blk_4,blk_4,blk_4,NameSystem_2,NameSystem_2,NameSystem_2,blk_4,blk_4,blk_4,blk_4,block blk file_7,block blk file_7,block blk file_7]","[receiving_28,allocate_4,receiving_28,receiving_28,none_22,writing_23,none_22,writing_23,none_22,writing_23,add_3,add_3,add_3,verification_25,delete_24,delete_24,delete_24,deleting_34,deleting_34,deleting_34]","[none_40,none_4,none_40,none_40,none_31,none_32,none_31,none_32,none_31,none_32,updated_3,updated_3,updated_3,successful_35,invalid_34,invalid_34,invalid_34,none_46,none_46,none_46]"
527429,"[1, 1, 7, 1, 3, 4, 3, 4, 3, 4, 2, 2, 2]","[block blk_6,block blk_6,NameSystem_2,block blk_6,blk_4,blk_4,blk_4,blk_4,blk_4,blk_4,NameSystem_2,NameSystem_2,NameSystem_2]","[receiving_28,receiving_28,allocate_4,receiving_28,none_22,writing_23,none_22,writing_23,none_22,writing_23,add_3,add_3,add_3]","[none_40,none_40,none_4,none_40,none_31,none_32,none_31,none_32,none_31,none_32,updated_3,updated_3,updated_3]"
114689,"[7, 1, 1, 1, 2, 2, 2, 3, 4, 3, 4, 3, 4, 9, 9, 9, 9, 9, 9, 9, 9, 9, 8, 9, 9, 9, 9, 9, 9, 10, 10, 6, 6, 6, 5, 5, 5]","[NameSystem_2,block blk_6,block blk_6,block blk_6,NameSystem_2,NameSystem_2,NameSystem_2,blk_4,blk_4,blk_4,blk_4,blk_4,blk_4,blk_4,blk_4,blk_4,blk_4,blk_4,blk_4,blk_4,blk_4,blk_4,/_0,blk_4,blk_4,blk_4,blk_4,blk_4,blk_4,blk_4,blk_4,blk_4,blk_4,blk_4,block blk file_7,block blk file_7,block blk file_7]","[allocate_4,receiving_28,receiving_28,receiving_28,add_3,add_3,add_3,none_22,writing_23,none_22,writing_23,none_22,writing_23,transfer_13,transfer_13,transfer_13,transfer_13,transfer_13,transfer_13,transfer_13,transfer_13,transfer_13,serving_0,transfer_13,transfer_13,transfer_13,transfer_13,transfer_13,transfer_13,verification_25,verification_25,delete_24,delete_24,delete_24,deleting_34,deleting_34,deleting_34]","[none_4,none_40,none_40,none_40,updated_3,updated_3,updated_3,none_31,none_32,none_31,none_32,none_31,none_32,exception_21,exception_21,exception_21,exception_21,exception_21,exception_21,exception_21,exception_21,exception_21,none_0,exception_21,exception_21,exception_21,exception_21,exception_21,exception_21,successful_35,successful_35,invalid_34,invalid_34,invalid_34,none_46,none_46,none_46]"
547160,"[7, 1, 1, 1, 3, 4, 3, 4, 3, 4, 2, 2, 2, 6, 6, 6, 5, 5, 5]","[NameSystem_2,block blk_6,block blk_6,block blk_6,blk_4,blk_4,blk_4,blk_4,blk_4,blk_4,NameSystem_2,NameSystem_2,NameSystem_2,blk_4,blk_4,blk_4,block blk file_7,block blk file_7,block blk file_7]","[allocate_4,receiving_28,receiving_28,receiving_28,none_22,writing_23,none_22,writing_23,none_22,writing_23,add_3,add_3,add_3,delete_24,delete_24,delete_24,deleting_34,deleting_34,deleting_34]","[none_4,none_40,none_40,none_40,none_31,none_32,none_31,none_32,none_31,none_32,updated_3,updated_3,updated_3,invalid_34,invalid_34,invalid_34,none_46,none_46,none_46]"
2285,"[1, 1, 7, 1, 3, 4, 3, 4, 2, 3, 4, 2, 2, 9, 8, 9, 10, 10, 10, 6, 6, 6, 5, 5, 5]","[block blk_6,block blk_6,NameSystem_2,block blk_6,blk_4,blk_4,blk_4,blk_4,NameSystem_2,blk_4,blk_4,NameSystem_2,NameSystem_2,blk_4,/_0,blk_4,blk_4,blk_4,blk_4,blk_4,blk_4,blk_4,block blk file_7,block blk file_7,block blk file_7]","[receiving_28,receiving_28,allocate_4,receiving_28,none_22,writing_23,none_22,writing_23,add_3,none_22,writing_23,add_3,add_3,transfer_13,serving_0,transfer_13,verification_25,verification_25,verification_25,delete_24,delete_24,delete_24,deleting_34,deleting_34,deleting_34]","[none_40,none_40,none_4,none_40,none_31,none_32,none_31,none_32,updated_3,none_31,none_32,updated_3,updated_3,exception_21,none_0,exception_21,successful_35,successful_35,successful_35,invalid_34,invalid_34,invalid_34,none_46,none_46,none_46]"
471772,"[7, 1, 1, 1, 3, 4, 3, 4, 2, 2, 3, 4, 2]","[NameSystem_2,block blk_6,block blk_6,block blk_6,blk_4,blk_4,blk_4,blk_4,NameSystem_2,NameSystem_2,blk_4,blk_4,NameSystem_2]","[allocate_4,receiving_28,receiving_28,receiving_28,none_22,writing_23,none_22,writing_23,add_3,add_3,none_22,writing_23,add_3]","[none_4,none_40,none_40,none_40,none_31,none_32,none_31,none_32,updated_3,updated_3,none_31,none_32,updated_3]"
81154,"[7, 1, 1, 1, 3, 4, 2, 2, 2, 3, 4, 3, 4, 8, 8, 9, 8, 8, 9, 8, 8, 9, 8, 8, 9, 6, 6, 6, 5, 5, 5]","[NameSystem_2,block blk_6,block blk_6,block blk_6,blk_4,blk_4,NameSystem_2,NameSystem_2,NameSystem_2,blk_4,blk_4,blk_4,blk_4,/_0,/_0,blk_4,/_0,/_0,blk_4,/_0,/_0,blk_4,/_0,/_0,blk_4,blk_4,blk_4,blk_4,block blk file_7,block blk file_7,block blk file_7]","[allocate_4,receiving_28,receiving_28,receiving_28,none_22,writing_23,add_3,add_3,add_3,none_22,writing_23,none_22,writing_23,serving_0,serving_0,transfer_13,serving_0,serving_0,transfer_13,serving_0,serving_0,transfer_13,serving_0,serving_0,transfer_13,delete_24,delete_24,delete_24,deleting_34,deleting_34,deleting_34]","[none_4,none_40,none_40,none_40,none_31,none_32,updated_3,updated_3,updated_3,none_31,none_32,none_31,none_32,none_0,none_0,exception_21,none_0,none_0,exception_21,none_0,none_0,exception_21,none_0,none_0,exception_21,invalid_34,invalid_34,invalid_34,none_46,none_46,none_46]"
256936,"[7, 1, 1, 1, 3, 4, 3, 4, 3, 4, 2, 2, 2, 6, 6, 6, 5, 5, 5]","[NameSystem_2,block blk_6,block blk_6,block blk_6,blk_4,blk_4,blk_4,blk_4,blk_4,blk_4,NameSystem_2,NameSystem_2,NameSystem_2,blk_4,blk_4,blk_4,block blk file_7,block blk file_7,block blk file_7]","[allocate_4,receiving_28,receiving_28,receiving_28,none_22,writing_23,none_22,writing_23,none_22,writing_23,add_3,add_3,add_3,delete_24,delete_24,delete_24,deleting_34,deleting_34,deleting_34]","[none_4,none_40,none_40,none_40,none_31,none_32,none_31,none_32,none_31,none_32,updated_3,updated_3,updated_3,invalid_34,invalid_34,invalid_34,none_46,none_46,none_46]"
334273,"[7, 1, 1, 1, 3, 4, 3, 4, 3, 4, 2, 2, 2, 10]","[NameSystem_2,block blk_6,block blk_6,block blk_6,blk_4,blk_4,blk_4,blk_4,blk_4,blk_4,NameSystem_2,NameSystem_2,NameSystem_2,blk_4]","[allocate_4,receiving_28,receiving_28,receiving_28,none_22,writing_23,none_22,writing_23,none_22,writing_23,add_3,add_3,add_3,verification_25]","[none_4,none_40,none_40,none_40,none_31,none_32,none_31,none_32,none_31,none_32,updated_3,updated_3,updated_3,successful_35]"
237009,"[1, 1, 1, 7, 3, 4, 3, 4, 3, 4, 2, 2, 2, 6, 6, 6, 5, 5, 5]","[block blk_6,block blk_6,block blk_6,NameSystem_2,blk_4,blk_4,blk_4,blk_4,blk_4,blk_4,NameSystem_2,NameSystem_2,NameSystem_2,blk_4,blk_4,blk_4,block blk file_7,block blk file_7,block blk file_7]","[receiving_28,receiving_28,receiving_28,allocate_4,none_22,writing_23,none_22,writing_23,none_22,writing_23,add_3,add_3,add_3,delete_24,delete_24,delete_24,deleting_34,deleting_34,deleting_34]","[none_40,none_40,none_40,none_4,none_31,none_32,none_31,none_32,none_31,none_32,updated_3,updated_3,updated_3,invalid_34,invalid_34,invalid_34,none_46,none_46,none_46]"
367893,"[1, 7, 1, 1, 3, 4, 3, 4, 3, 4, 2, 2, 2, 6, 6, 6, 5, 5, 5]","[block blk_6,NameSystem_2,block blk_6,block blk_6,blk_4,blk_4,blk_4,blk_4,blk_4,blk_4,NameSystem_2,NameSystem_2,NameSystem_2,blk_4,blk_4,blk_4,block blk file_7,block blk file_7,block blk file_7]","[receiving_28,allocate_4,receiving_28,receiving_28,none_22,writing_23,none_22,writing_23,none_22,writing_23,add_3,add_3,add_3,delete_24,delete_24,delete_24,deleting_34,deleting_34,deleting_34]","[none_40,none_4,none_40,none_40,none_31,none_32,none_31,none_32,none_31,none_32,updated_3,updated_3,updated_3,invalid_34,invalid_34,invalid_34,none_46,none_46,none_46]"
254594,"[1, 1, 1, 7, 3, 4, 3, 4, 3, 4, 2, 2, 2, 10, 6, 6, 6, 5, 5, 5]","[block blk_6,block blk_6,block blk_6,NameSystem_2,blk_4,blk_4,blk_4,blk_4,blk_4,blk_4,NameSystem_2,NameSystem_2,NameSystem_2,blk_4,blk_4,blk_4,blk_4,block blk file_7,block blk file_7,block blk file_7]","[receiving_28,receiving_28,receiving_28,allocate_4,none_22,writing_23,none_22,writing_23,none_22,writing_23,add_3,add_3,add_3,verification_25,delete_24,delete_24,delete_24,deleting_34,deleting_34,deleting_34]","[none_40,none_40,none_40,none_4,none_31,none_32,none_31,none_32,none_31,none_32,updated_3,updated_3,updated_3,successful_35,invalid_34,invalid_34,invalid_34,none_46,none_46,none_46]"
499309,"[1, 1, 7, 1, 4, 3, 4, 2, 2, 3, 3, 4, 2]","[block blk_6,block blk_6,NameSystem_2,block blk_6,blk_4,blk_4,blk_4,NameSystem_2,NameSystem_2,blk_4,blk_4,blk_4,NameSystem_2]","[receiving_28,receiving_28,allocate_4,receiving_28,writing_23,none_22,writing_23,add_3,add_3,none_22,none_22,writing_23,add_3]","[none_40,none_40,none_4,none_40,none_32,none_31,none_32,updated_3,updated_3,none_31,none_31,none_32,updated_3]"
341146,"[1, 1, 7, 1, 3, 4, 3, 4, 3, 4, 2, 2, 2]","[block blk_6,block blk_6,NameSystem_2,block blk_6,blk_4,blk_4,blk_4,blk_4,blk_4,blk_4,NameSystem_2,NameSystem_2,NameSystem_2]","[receiving_28,receiving_28,allocate_4,receiving_28,none_22,writing_23,none_22,writing_23,none_22,writing_23,add_3,add_3,add_3]","[none_40,none_40,none_4,none_40,none_31,none_32,none_31,none_32,none_31,none_32,updated_3,updated_3,updated_3]"
486293,"[1, 1, 1, 7, 3, 4, 3, 4, 3, 4, 2, 2, 2]","[block blk_6,block blk_6,block blk_6,NameSystem_2,blk_4,blk_4,blk_4,blk_4,blk_4,blk_4,NameSystem_2,NameSystem_2,NameSystem_2]","[receiving_28,receiving_28,receiving_28,allocate_4,none_22,writing_23,none_22,writing_23,none_22,writing_23,add_3,add_3,add_3]","[none_40,none_40,none_40,none_4,none_31,none_32,none_31,none_32,none_31,none_32,updated_3,updated_3,updated_3]"
378698,"[1, 1, 7, 1, 3, 4, 3, 4, 3, 4, 2, 2, 2, 6, 6, 6, 5, 5, 5]","[block blk_6,block blk_6,NameSystem_2,block blk_6,blk_4,blk_4,blk_4,blk_4,blk_4,blk_4,NameSystem_2,NameSystem_2,NameSystem_2,blk_4,blk_4,blk_4,block blk file_7,block blk file_7,block blk file_7]","[receiving_28,receiving_28,allocate_4,receiving_28,none_22,writing_23,none_22,writing_23,none_22,writing_23,add_3,add_3,add_3,delete_24,delete_24,delete_24,deleting_34,deleting_34,deleting_34]","[none_40,none_40,none_4,none_40,none_31,none_32,none_31,none_32,none_31,none_32,updated_3,updated_3,updated_3,invalid_34,invalid_34,invalid_34,none_46,none_46,none_46]"
51158,"[7, 1, 1, 1, 2, 2, 2, 3, 4, 3, 4, 3, 4, 6, 6, 6, 5, 5, 5]","[NameSystem_2,block blk_6,block blk_6,block blk_6,NameSystem_2,NameSystem_2,NameSystem_2,blk_4,blk_4,blk_4,blk_4,blk_4,blk_4,blk_4,blk_4,blk_4,block blk file_7,block blk file_7,block blk file_7]","[allocate_4,receiving_28,receiving_28,receiving_28,add_3,add_3,add_3,none_22,writing_23,none_22,writing_23,none_22,writing_23,delete_24,delete_24,delete_24,deleting_34,deleting_34,deleting_34]","[none_4,none_40,none_40,none_40,updated_3,updated_3,updated_3,none_31,none_32,none_31,none_32,none_31,none_32,invalid_34,invalid_34,invalid_34,none_46,none_46,none_46]"
405266,"[1, 1, 1, 7, 3, 4, 3, 4, 3, 4, 2, 2, 2, 6, 6, 6, 5, 5, 5]","[block blk_6,block blk_6,block blk_6,NameSystem_2,blk_4,blk_4,blk_4,blk_4,blk_4,blk_4,NameSystem_2,NameSystem_2,NameSystem_2,blk_4,blk_4,blk_4,block blk file_7,block blk file_7,block blk file_7]","[receiving_28,receiving_28,receiving_28,allocate_4,none_22,writing_23,none_22,writing_23,none_22,writing_23,add_3,add_3,add_3,delete_24,delete_24,delete_24,deleting_34,deleting_34,deleting_34]","[none_40,none_40,none_40,none_4,none_31,none_32,none_31,none_32,none_31,none_32,updated_3,updated_3,updated_3,invalid_34,invalid_34,invalid_34,none_46,none_46,none_46]"
460850,"[1, 1, 1, 7, 3, 4, 3, 4, 3, 4, 2, 2, 2, 6, 6, 6, 5, 5, 5]","[block blk_6,block blk_6,block blk_6,NameSystem_2,blk_4,blk_4,blk_4,blk_4,blk_4,blk_4,NameSystem_2,NameSystem_2,NameSystem_2,blk_4,blk_4,blk_4,block blk file_7,block blk file_7,block blk file_7]","[receiving_28,receiving_28,receiving_28,allocate_4,none_22,writing_23,none_22,writing_23,none_22,writing_23,add_3,add_3,add_3,delete_24,delete_24,delete_24,deleting_34,deleting_34,deleting_34]","[none_40,none_40,none_40,none_4,none_31,none_32,none_31,none_32,none_31,none_32,updated_3,updated_3,updated_3,invalid_34,invalid_34,invalid_34,none_46,none_46,none_46]"
559446,"[1, 7, 1, 1, 3, 4, 2, 3, 4, 3, 4, 2, 2, 6, 6, 6, 5, 5, 5]","[block blk_6,NameSystem_2,block blk_6,block blk_6,blk_4,blk_4,NameSystem_2,blk_4,blk_4,blk_4,blk_4,NameSystem_2,NameSystem_2,blk_4,blk_4,blk_4,block blk file_7,block blk file_7,block blk file_7]","[receiving_28,allocate_4,receiving_28,receiving_28,none_22,writing_23,add_3,none_22,writing_23,none_22,writing_23,add_3,add_3,delete_24,delete_24,delete_24,deleting_34,deleting_34,deleting_34]","[none_40,none_4,none_40,none_40,none_31,none_32,updated_3,none_31,none_32,none_31,none_32,updated_3,updated_3,invalid_34,invalid_34,invalid_34,none_46,none_46,none_46]"
115010,"[7, 1, 1, 1, 2, 2, 2, 3, 4, 3, 4, 3, 4, 9, 8, 9, 10, 6, 6, 6, 5, 5, 5]","[NameSystem_2,block blk_6,block blk_6,block blk_6,NameSystem_2,NameSystem_2,NameSystem_2,blk_4,blk_4,blk_4,blk_4,blk_4,blk_4,blk_4,/_0,blk_4,blk_4,blk_4,blk_4,blk_4,block blk file_7,block blk file_7,block blk file_7]","[allocate_4,receiving_28,receiving_28,receiving_28,add_3,add_3,add_3,none_22,writing_23,none_22,writing_23,none_22,writing_23,transfer_13,serving_0,transfer_13,verification_25,delete_24,delete_24,delete_24,deleting_34,deleting_34,deleting_34]","[none_4,none_40,none_40,none_40,updated_3,updated_3,updated_3,none_31,none_32,none_31,none_32,none_31,none_32,exception_21,none_0,exception_21,successful_35,invalid_34,invalid_34,invalid_34,none_46,none_46,none_46]"
206006,"[1, 1, 1, 7, 3, 4, 3, 4, 3, 4, 2, 2, 2, 6, 6, 6, 5, 5, 5]","[block blk_6,block blk_6,block blk_6,NameSystem_2,blk_4,blk_4,blk_4,blk_4,blk_4,blk_4,NameSystem_2,NameSystem_2,NameSystem_2,blk_4,blk_4,blk_4,block blk file_7,block blk file_7,block blk file_7]","[receiving_28,receiving_28,receiving_28,allocate_4,none_22,writing_23,none_22,writing_23,none_22,writing_23,add_3,add_3,add_3,delete_24,delete_24,delete_24,deleting_34,deleting_34,deleting_34]","[none_40,none_40,none_40,none_4,none_31,none_32,none_31,none_32,none_31,none_32,updated_3,updated_3,updated_3,invalid_34,invalid_34,invalid_34,none_46,none_46,none_46]"
115159,"[1, 1, 7, 1, 2, 2, 2, 3, 4, 3, 4, 3, 4, 9, 9, 9, 9, 9, 9, 9, 9, 9, 9, 9, 9, 9, 9, 8, 9, 6, 6, 6, 5, 5, 5]","[block blk_6,block blk_6,NameSystem_2,block blk_6,NameSystem_2,NameSystem_2,NameSystem_2,blk_4,blk_4,blk_4,blk_4,blk_4,blk_4,blk_4,blk_4,blk_4,blk_4,blk_4,blk_4,blk_4,blk_4,blk_4,blk_4,blk_4,blk_4,blk_4,blk_4,/_0,blk_4,blk_4,blk_4,blk_4,block blk file_7,block blk file_7,block blk file_7]","[receiving_28,receiving_28,allocate_4,receiving_28,add_3,add_3,add_3,none_22,writing_23,none_22,writing_23,none_22,writing_23,transfer_13,transfer_13,transfer_13,transfer_13,transfer_13,transfer_13,transfer_13,transfer_13,transfer_13,transfer_13,transfer_13,transfer_13,transfer_13,transfer_13,serving_0,transfer_13,delete_24,delete_24,delete_24,deleting_34,deleting_34,deleting_34]","[none_40,none_40,none_4,none_40,updated_3,updated_3,updated_3,none_31,none_32,none_31,none_32,none_31,none_32,exception_21,exception_21,exception_21,exception_21,exception_21,exception_21,exception_21,exception_21,exception_21,exception_21,exception_21,exception_21,exception_21,exception_21,none_0,exception_21,invalid_34,invalid_34,invalid_34,none_46,none_46,none_46]"
13458,"[1, 7, 1, 1, 3, 4, 2, 2, 2, 3, 4, 3, 4, 9, 8, 9, 10, 10, 6, 6, 6, 5, 5, 5]","[block blk_6,NameSystem_2,block blk_6,block blk_6,blk_4,blk_4,NameSystem_2,NameSystem_2,NameSystem_2,blk_4,blk_4,blk_4,blk_4,blk_4,/_0,blk_4,blk_4,blk_4,blk_4,blk_4,blk_4,block blk file_7,block blk file_7,block blk file_7]","[receiving_28,allocate_4,receiving_28,receiving_28,none_22,writing_23,add_3,add_3,add_3,none_22,writing_23,none_22,writing_23,transfer_13,serving_0,transfer_13,verification_25,verification_25,delete_24,delete_24,delete_24,deleting_34,deleting_34,deleting_34]","[none_40,none_4,none_40,none_40,none_31,none_32,updated_3,updated_3,updated_3,none_31,none_32,none_31,none_32,exception_21,none_0,exception_21,successful_35,successful_35,invalid_34,invalid_34,invalid_34,none_46,none_46,none_46]"
81369,"[7, 1, 1, 1, 2, 2, 2, 3, 4, 3, 4, 3, 4, 8, 8, 9, 10, 8, 8, 9, 8, 8, 9, 8, 8, 9, 6, 6, 6, 5, 5, 5]","[NameSystem_2,block blk_6,block blk_6,block blk_6,NameSystem_2,NameSystem_2,NameSystem_2,blk_4,blk_4,blk_4,blk_4,blk_4,blk_4,/_0,/_0,blk_4,blk_4,/_0,/_0,blk_4,/_0,/_0,blk_4,/_0,/_0,blk_4,blk_4,blk_4,blk_4,block blk file_7,block blk file_7,block blk file_7]","[allocate_4,receiving_28,receiving_28,receiving_28,add_3,add_3,add_3,none_22,writing_23,none_22,writing_23,none_22,writing_23,serving_0,serving_0,transfer_13,verification_25,serving_0,serving_0,transfer_13,serving_0,serving_0,transfer_13,serving_0,serving_0,transfer_13,delete_24,delete_24,delete_24,deleting_34,deleting_34,deleting_34]","[none_4,none_40,none_40,none_40,updated_3,updated_3,updated_3,none_31,none_32,none_31,none_32,none_31,none_32,none_0,none_0,exception_21,successful_35,none_0,none_0,exception_21,none_0,none_0,exception_21,none_0,none_0,exception_21,invalid_34,invalid_34,invalid_34,none_46,none_46,none_46]"
168908,"[1, 1, 1, 7, 3, 4, 3, 4, 2, 3, 4, 2, 2, 10, 8, 8, 9, 8, 8, 9, 6, 6, 6, 5, 5, 5]","[block blk_6,block blk_6,block blk_6,NameSystem_2,blk_4,blk_4,blk_4,blk_4,NameSystem_2,blk_4,blk_4,NameSystem_2,NameSystem_2,blk_4,/_0,/_0,blk_4,/_0,/_0,blk_4,blk_4,blk_4,blk_4,block blk file_7,block blk file_7,block blk file_7]","[receiving_28,receiving_28,receiving_28,allocate_4,none_22,writing_23,none_22,writing_23,add_3,none_22,writing_23,add_3,add_3,verification_25,serving_0,serving_0,transfer_13,serving_0,serving_0,transfer_13,delete_24,delete_24,delete_24,deleting_34,deleting_34,deleting_34]","[none_40,none_40,none_40,none_4,none_31,none_32,none_31,none_32,updated_3,none_31,none_32,updated_3,updated_3,successful_35,none_0,none_0,exception_21,none_0,none_0,exception_21,invalid_34,invalid_34,invalid_34,none_46,none_46,none_46]"
430872,"[1, 1, 1, 7, 3, 4, 3, 4, 3, 4, 2, 2, 2, 6, 6, 6, 5, 5, 5]","[block blk_6,block blk_6,block blk_6,NameSystem_2,blk_4,blk_4,blk_4,blk_4,blk_4,blk_4,NameSystem_2,NameSystem_2,NameSystem_2,blk_4,blk_4,blk_4,block blk file_7,block blk file_7,block blk file_7]","[receiving_28,receiving_28,receiving_28,allocate_4,none_22,writing_23,none_22,writing_23,none_22,writing_23,add_3,add_3,add_3,delete_24,delete_24,delete_24,deleting_34,deleting_34,deleting_34]","[none_40,none_40,none_40,none_4,none_31,none_32,none_31,none_32,none_31,none_32,updated_3,updated_3,updated_3,invalid_34,invalid_34,invalid_34,none_46,none_46,none_46]"
527713,"[7, 1, 1, 1, 3, 4, 3, 4, 3, 4, 2, 2, 2]","[NameSystem_2,block blk_6,block blk_6,block blk_6,blk_4,blk_4,blk_4,blk_4,blk_4,blk_4,NameSystem_2,NameSystem_2,NameSystem_2]","[allocate_4,receiving_28,receiving_28,receiving_28,none_22,writing_23,none_22,writing_23,none_22,writing_23,add_3,add_3,add_3]","[none_4,none_40,none_40,none_40,none_31,none_32,none_31,none_32,none_31,none_32,updated_3,updated_3,updated_3]"
170750,"[1, 1, 1, 7, 3, 4, 3, 4, 3, 4, 2, 2, 2, 9, 8, 9, 6, 6, 6, 5, 5, 5]","[block blk_6,block blk_6,block blk_6,NameSystem_2,blk_4,blk_4,blk_4,blk_4,blk_4,blk_4,NameSystem_2,NameSystem_2,NameSystem_2,blk_4,/_0,blk_4,blk_4,blk_4,blk_4,block blk file_7,block blk file_7,block blk file_7]","[receiving_28,receiving_28,receiving_28,allocate_4,none_22,writing_23,none_22,writing_23,none_22,writing_23,add_3,add_3,add_3,transfer_13,serving_0,transfer_13,delete_24,delete_24,delete_24,deleting_34,deleting_34,deleting_34]","[none_40,none_40,none_40,none_4,none_31,none_32,none_31,none_32,none_31,none_32,updated_3,updated_3,updated_3,exception_21,none_0,exception_21,invalid_34,invalid_34,invalid_34,none_46,none_46,none_46]"
265127,"[1, 1, 1, 7, 3, 4, 3, 4, 3, 4, 2, 2, 2, 6, 6, 6, 5, 5, 5]","[block blk_6,block blk_6,block blk_6,NameSystem_2,blk_4,blk_4,blk_4,blk_4,blk_4,blk_4,NameSystem_2,NameSystem_2,NameSystem_2,blk_4,blk_4,blk_4,block blk file_7,block blk file_7,block blk file_7]","[receiving_28,receiving_28,receiving_28,allocate_4,none_22,writing_23,none_22,writing_23,none_22,writing_23,add_3,add_3,add_3,delete_24,delete_24,delete_24,deleting_34,deleting_34,deleting_34]","[none_40,none_40,none_40,none_4,none_31,none_32,none_31,none_32,none_31,none_32,updated_3,updated_3,updated_3,invalid_34,invalid_34,invalid_34,none_46,none_46,none_46]"
72685,"[7, 1, 1, 1, 2, 2, 3, 4, 3, 4, 2, 3, 4, 8, 9, 8, 10, 8, 9, 8, 8, 8, 9, 8, 8, 9, 6, 6, 6, 5, 5, 5]","[NameSystem_2,block blk_6,block blk_6,block blk_6,NameSystem_2,NameSystem_2,blk_4,blk_4,blk_4,blk_4,NameSystem_2,blk_4,blk_4,/_0,blk_4,/_0,blk_4,/_0,blk_4,/_0,/_0,/_0,blk_4,/_0,/_0,blk_4,blk_4,blk_4,blk_4,block blk file_7,block blk file_7,block blk file_7]","[allocate_4,receiving_28,receiving_28,receiving_28,add_3,add_3,none_22,writing_23,none_22,writing_23,add_3,none_22,writing_23,serving_0,transfer_13,serving_0,verification_25,serving_0,transfer_13,serving_0,serving_0,serving_0,transfer_13,serving_0,serving_0,transfer_13,delete_24,delete_24,delete_24,deleting_34,deleting_34,deleting_34]","[none_4,none_40,none_40,none_40,updated_3,updated_3,none_31,none_32,none_31,none_32,updated_3,none_31,none_32,none_0,exception_21,none_0,successful_35,none_0,exception_21,none_0,none_0,none_0,exception_21,none_0,none_0,exception_21,invalid_34,invalid_34,invalid_34,none_46,none_46,none_46]"
299808,"[1, 1, 1, 7, 3, 4, 3, 4, 3, 4, 2, 2, 2, 6, 6, 6, 5, 5, 5]","[block blk_6,block blk_6,block blk_6,NameSystem_2,blk_4,blk_4,blk_4,blk_4,blk_4,blk_4,NameSystem_2,NameSystem_2,NameSystem_2,blk_4,blk_4,blk_4,block blk file_7,block blk file_7,block blk file_7]","[receiving_28,receiving_28,receiving_28,allocate_4,none_22,writing_23,none_22,writing_23,none_22,writing_23,add_3,add_3,add_3,delete_24,delete_24,delete_24,deleting_34,deleting_34,deleting_34]","[none_40,none_40,none_40,none_4,none_31,none_32,none_31,none_32,none_31,none_32,updated_3,updated_3,updated_3,invalid_34,invalid_34,invalid_34,none_46,none_46,none_46]"
4356,"[7, 1, 1, 1, 2, 2, 3, 4, 3, 4, 4, 3, 2, 9, 8, 9, 10, 10, 10, 6, 6, 6, 5, 5, 5]","[NameSystem_2,block blk_6,block blk_6,block blk_6,NameSystem_2,NameSystem_2,blk_4,blk_4,blk_4,blk_4,blk_4,blk_4,NameSystem_2,blk_4,/_0,blk_4,blk_4,blk_4,blk_4,blk_4,blk_4,blk_4,block blk file_7,block blk file_7,block blk file_7]","[allocate_4,receiving_28,receiving_28,receiving_28,add_3,add_3,none_22,writing_23,none_22,writing_23,writing_23,none_22,add_3,transfer_13,serving_0,transfer_13,verification_25,verification_25,verification_25,delete_24,delete_24,delete_24,deleting_34,deleting_34,deleting_34]","[none_4,none_40,none_40,none_40,updated_3,updated_3,none_31,none_32,none_31,none_32,none_32,none_31,updated_3,exception_21,none_0,exception_21,successful_35,successful_35,successful_35,invalid_34,invalid_34,invalid_34,none_46,none_46,none_46]"
281496,"[1, 1, 1, 7, 3, 4, 3, 4, 3, 4, 2, 2, 2, 6, 6, 6, 5, 5, 5]","[block blk_6,block blk_6,block blk_6,NameSystem_2,blk_4,blk_4,blk_4,blk_4,blk_4,blk_4,NameSystem_2,NameSystem_2,NameSystem_2,blk_4,blk_4,blk_4,block blk file_7,block blk file_7,block blk file_7]","[receiving_28,receiving_28,receiving_28,allocate_4,none_22,writing_23,none_22,writing_23,none_22,writing_23,add_3,add_3,add_3,delete_24,delete_24,delete_24,deleting_34,deleting_34,deleting_34]","[none_40,none_40,none_40,none_4,none_31,none_32,none_31,none_32,none_31,none_32,updated_3,updated_3,updated_3,invalid_34,invalid_34,invalid_34,none_46,none_46,none_46]"
411236,"[7, 1, 1, 1, 3, 4, 3, 4, 3, 4, 2, 2, 2, 6, 6, 6, 5, 5, 5]","[NameSystem_2,block blk_6,block blk_6,block blk_6,blk_4,blk_4,blk_4,blk_4,blk_4,blk_4,NameSystem_2,NameSystem_2,NameSystem_2,blk_4,blk_4,blk_4,block blk file_7,block blk file_7,block blk file_7]","[allocate_4,receiving_28,receiving_28,receiving_28,none_22,writing_23,none_22,writing_23,none_22,writing_23,add_3,add_3,add_3,delete_24,delete_24,delete_24,deleting_34,deleting_34,deleting_34]","[none_4,none_40,none_40,none_40,none_31,none_32,none_31,none_32,none_31,none_32,updated_3,updated_3,updated_3,invalid_34,invalid_34,invalid_34,none_46,none_46,none_46]"
352960,"[1, 1, 7, 1, 3, 4, 3, 4, 3, 4, 2, 2, 2]","[block blk_6,block blk_6,NameSystem_2,block blk_6,blk_4,blk_4,blk_4,blk_4,blk_4,blk_4,NameSystem_2,NameSystem_2,NameSystem_2]","[receiving_28,receiving_28,allocate_4,receiving_28,none_22,writing_23,none_22,writing_23,none_22,writing_23,add_3,add_3,add_3]","[none_40,none_40,none_4,none_40,none_31,none_32,none_31,none_32,none_31,none_32,updated_3,updated_3,updated_3]"
314887,"[1, 1, 1, 7, 3, 4, 2, 3, 4, 3, 4, 2, 2, 6, 6, 6, 5, 5, 5]","[block blk_6,block blk_6,block blk_6,NameSystem_2,blk_4,blk_4,NameSystem_2,blk_4,blk_4,blk_4,blk_4,NameSystem_2,NameSystem_2,blk_4,blk_4,blk_4,block blk file_7,block blk file_7,block blk file_7]","[receiving_28,receiving_28,receiving_28,allocate_4,none_22,writing_23,add_3,none_22,writing_23,none_22,writing_23,add_3,add_3,delete_24,delete_24,delete_24,deleting_34,deleting_34,deleting_34]","[none_40,none_40,none_40,none_4,none_31,none_32,updated_3,none_31,none_32,none_31,none_32,updated_3,updated_3,invalid_34,invalid_34,invalid_34,none_46,none_46,none_46]"
565104,"[1, 1, 1, 7, 3, 4, 3, 4, 3, 4, 2, 2, 2, 6, 6, 6, 5, 5, 5]","[block blk_6,block blk_6,block blk_6,NameSystem_2,blk_4,blk_4,blk_4,blk_4,blk_4,blk_4,NameSystem_2,NameSystem_2,NameSystem_2,blk_4,blk_4,blk_4,block blk file_7,block blk file_7,block blk file_7]","[receiving_28,receiving_28,receiving_28,allocate_4,none_22,writing_23,none_22,writing_23,none_22,writing_23,add_3,add_3,add_3,delete_24,delete_24,delete_24,deleting_34,deleting_34,deleting_34]","[none_40,none_40,none_40,none_4,none_31,none_32,none_31,none_32,none_31,none_32,updated_3,updated_3,updated_3,invalid_34,invalid_34,invalid_34,none_46,none_46,none_46]"
76733,"[7, 1, 1, 1, 3, 4, 3, 4, 2, 2, 2, 3, 4, 9, 8, 8, 8, 9, 8, 8, 9, 8, 9, 8, 6, 6, 6, 5, 5, 5]","[NameSystem_2,block blk_6,block blk_6,block blk_6,blk_4,blk_4,blk_4,blk_4,NameSystem_2,NameSystem_2,NameSystem_2,blk_4,blk_4,blk_4,/_0,/_0,/_0,blk_4,/_0,/_0,blk_4,/_0,blk_4,/_0,blk_4,blk_4,blk_4,block blk file_7,block blk file_7,block blk file_7]","[allocate_4,receiving_28,receiving_28,receiving_28,none_22,writing_23,none_22,writing_23,add_3,add_3,add_3,none_22,writing_23,transfer_13,serving_0,serving_0,serving_0,transfer_13,serving_0,serving_0,transfer_13,serving_0,transfer_13,serving_0,delete_24,delete_24,delete_24,deleting_34,deleting_34,deleting_34]","[none_4,none_40,none_40,none_40,none_31,none_32,none_31,none_32,updated_3,updated_3,updated_3,none_31,none_32,exception_21,none_0,none_0,none_0,exception_21,none_0,none_0,exception_21,none_0,exception_21,none_0,invalid_34,invalid_34,invalid_34,none_46,none_46,none_46]"
402341,"[1, 1, 7, 1, 3, 4, 3, 4, 3, 4, 2, 2, 2, 6, 6, 6, 5, 5, 5]","[block blk_6,block blk_6,NameSystem_2,block blk_6,blk_4,blk_4,blk_4,blk_4,blk_4,blk_4,NameSystem_2,NameSystem_2,NameSystem_2,blk_4,blk_4,blk_4,block blk file_7,block blk file_7,block blk file_7]","[receiving_28,receiving_28,allocate_4,receiving_28,none_22,writing_23,none_22,writing_23,none_22,writing_23,add_3,add_3,add_3,delete_24,delete_24,delete_24,deleting_34,deleting_34,deleting_34]","[none_40,none_40,none_4,none_40,none_31,none_32,none_31,none_32,none_31,none_32,updated_3,updated_3,updated_3,invalid_34,invalid_34,invalid_34,none_46,none_46,none_46]"
280765,"[1, 1, 1, 7, 3, 4, 2, 3, 4, 3, 4, 2, 2, 6, 6, 6, 5, 5, 5]","[block blk_6,block blk_6,block blk_6,NameSystem_2,blk_4,blk_4,NameSystem_2,blk_4,blk_4,blk_4,blk_4,NameSystem_2,NameSystem_2,blk_4,blk_4,blk_4,block blk file_7,block blk file_7,block blk file_7]","[receiving_28,receiving_28,receiving_28,allocate_4,none_22,writing_23,add_3,none_22,writing_23,none_22,writing_23,add_3,add_3,delete_24,delete_24,delete_24,deleting_34,deleting_34,deleting_34]","[none_40,none_40,none_40,none_4,none_31,none_32,updated_3,none_31,none_32,none_31,none_32,updated_3,updated_3,invalid_34,invalid_34,invalid_34,none_46,none_46,none_46]"
463556,"[1, 1, 1, 7, 3, 4, 3, 4, 3, 4, 2, 2, 2, 6, 6, 6, 5, 5, 5]","[block blk_6,block blk_6,block blk_6,NameSystem_2,blk_4,blk_4,blk_4,blk_4,blk_4,blk_4,NameSystem_2,NameSystem_2,NameSystem_2,blk_4,blk_4,blk_4,block blk file_7,block blk file_7,block blk file_7]","[receiving_28,receiving_28,receiving_28,allocate_4,none_22,writing_23,none_22,writing_23,none_22,writing_23,add_3,add_3,add_3,delete_24,delete_24,delete_24,deleting_34,deleting_34,deleting_34]","[none_40,none_40,none_40,none_4,none_31,none_32,none_31,none_32,none_31,none_32,updated_3,updated_3,updated_3,invalid_34,invalid_34,invalid_34,none_46,none_46,none_46]"
325649,"[1, 1, 1, 7, 3, 4, 3, 4, 3, 4, 2, 2, 2]","[block blk_6,block blk_6,block blk_6,NameSystem_2,blk_4,blk_4,blk_4,blk_4,blk_4,blk_4,NameSystem_2,NameSystem_2,NameSystem_2]","[receiving_28,receiving_28,receiving_28,allocate_4,none_22,writing_23,none_22,writing_23,none_22,writing_23,add_3,add_3,add_3]","[none_40,none_40,none_40,none_4,none_31,none_32,none_31,none_32,none_31,none_32,updated_3,updated_3,updated_3]"
537585,"[1, 1, 1, 7, 3, 4, 2, 3, 4, 3, 4, 2, 2]","[block blk_6,block blk_6,block blk_6,NameSystem_2,blk_4,blk_4,NameSystem_2,blk_4,blk_4,blk_4,blk_4,NameSystem_2,NameSystem_2]","[receiving_28,receiving_28,receiving_28,allocate_4,none_22,writing_23,add_3,none_22,writing_23,none_22,writing_23,add_3,add_3]","[none_40,none_40,none_40,none_4,none_31,none_32,updated_3,none_31,none_32,none_31,none_32,updated_3,updated_3]"
546345,"[7, 1, 1, 1, 3, 4, 3, 4, 3, 4, 2, 2, 2, 10, 6, 6, 6, 5, 5, 5]","[NameSystem_2,block blk_6,block blk_6,block blk_6,blk_4,blk_4,blk_4,blk_4,blk_4,blk_4,NameSystem_2,NameSystem_2,NameSystem_2,blk_4,blk_4,blk_4,blk_4,block blk file_7,block blk file_7,block blk file_7]","[allocate_4,receiving_28,receiving_28,receiving_28,none_22,writing_23,none_22,writing_23,none_22,writing_23,add_3,add_3,add_3,verification_25,delete_24,delete_24,delete_24,deleting_34,deleting_34,deleting_34]","[none_4,none_40,none_40,none_40,none_31,none_32,none_31,none_32,none_31,none_32,updated_3,updated_3,updated_3,successful_35,invalid_34,invalid_34,invalid_34,none_46,none_46,none_46]"
404218,"[1, 1, 7, 1, 2, 2, 3, 4, 3, 4, 3, 4, 2, 6, 6, 6, 5, 5, 5]","[block blk_6,block blk_6,NameSystem_2,block blk_6,NameSystem_2,NameSystem_2,blk_4,blk_4,blk_4,blk_4,blk_4,blk_4,NameSystem_2,blk_4,blk_4,blk_4,block blk file_7,block blk file_7,block blk file_7]","[receiving_28,receiving_28,allocate_4,receiving_28,add_3,add_3,none_22,writing_23,none_22,writing_23,none_22,writing_23,add_3,delete_24,delete_24,delete_24,deleting_34,deleting_34,deleting_34]","[none_40,none_40,none_4,none_40,updated_3,updated_3,none_31,none_32,none_31,none_32,none_31,none_32,updated_3,invalid_34,invalid_34,invalid_34,none_46,none_46,none_46]"
362399,"[1, 1, 7, 1, 3, 4, 3, 4, 3, 4, 2, 2, 2, 6, 6, 6, 5, 5, 5]","[block blk_6,block blk_6,NameSystem_2,block blk_6,blk_4,blk_4,blk_4,blk_4,blk_4,blk_4,NameSystem_2,NameSystem_2,NameSystem_2,blk_4,blk_4,blk_4,block blk file_7,block blk file_7,block blk file_7]","[receiving_28,receiving_28,allocate_4,receiving_28,none_22,writing_23,none_22,writing_23,none_22,writing_23,add_3,add_3,add_3,delete_24,delete_24,delete_24,deleting_34,deleting_34,deleting_34]","[none_40,none_40,none_4,none_40,none_31,none_32,none_31,none_32,none_31,none_32,updated_3,updated_3,updated_3,invalid_34,invalid_34,invalid_34,none_46,none_46,none_46]"
169140,"[1, 1, 7, 1, 3, 4, 3, 4, 3, 4, 2, 2, 2, 8, 9, 8, 8, 8, 9, 6, 6, 6, 5, 5, 5]","[block blk_6,block blk_6,NameSystem_2,block blk_6,blk_4,blk_4,blk_4,blk_4,blk_4,blk_4,NameSystem_2,NameSystem_2,NameSystem_2,/_0,blk_4,/_0,/_0,/_0,blk_4,blk_4,blk_4,blk_4,block blk file_7,block blk file_7,block blk file_7]","[receiving_28,receiving_28,allocate_4,receiving_28,none_22,writing_23,none_22,writing_23,none_22,writing_23,add_3,add_3,add_3,serving_0,transfer_13,serving_0,serving_0,serving_0,transfer_13,delete_24,delete_24,delete_24,deleting_34,deleting_34,deleting_34]","[none_40,none_40,none_4,none_40,none_31,none_32,none_31,none_32,none_31,none_32,updated_3,updated_3,updated_3,none_0,exception_21,none_0,none_0,none_0,exception_21,invalid_34,invalid_34,invalid_34,none_46,none_46,none_46]"
345878,"[1, 1, 1, 7, 3, 4, 3, 4, 3, 4, 2, 2, 2]","[block blk_6,block blk_6,block blk_6,NameSystem_2,blk_4,blk_4,blk_4,blk_4,blk_4,blk_4,NameSystem_2,NameSystem_2,NameSystem_2]","[receiving_28,receiving_28,receiving_28,allocate_4,none_22,writing_23,none_22,writing_23,none_22,writing_23,add_3,add_3,add_3]","[none_40,none_40,none_40,none_4,none_31,none_32,none_31,none_32,none_31,none_32,updated_3,updated_3,updated_3]"
134547,"[7, 1, 1, 1, 3, 4, 2, 2, 2, 3, 4, 3, 4, 9, 8, 9, 10, 6, 6, 6, 5, 5, 5]","[NameSystem_2,block blk_6,block blk_6,block blk_6,blk_4,blk_4,NameSystem_2,NameSystem_2,NameSystem_2,blk_4,blk_4,blk_4,blk_4,blk_4,/_0,blk_4,blk_4,blk_4,blk_4,blk_4,block blk file_7,block blk file_7,block blk file_7]","[allocate_4,receiving_28,receiving_28,receiving_28,none_22,writing_23,add_3,add_3,add_3,none_22,writing_23,none_22,writing_23,transfer_13,serving_0,transfer_13,verification_25,delete_24,delete_24,delete_24,deleting_34,deleting_34,deleting_34]","[none_4,none_40,none_40,none_40,none_31,none_32,updated_3,updated_3,updated_3,none_31,none_32,none_31,none_32,exception_21,none_0,exception_21,successful_35,invalid_34,invalid_34,invalid_34,none_46,none_46,none_46]"
485933,"[1, 1, 1, 7, 3, 4, 3, 4, 3, 4, 2, 2, 2]","[block blk_6,block blk_6,block blk_6,NameSystem_2,blk_4,blk_4,blk_4,blk_4,blk_4,blk_4,NameSystem_2,NameSystem_2,NameSystem_2]","[receiving_28,receiving_28,receiving_28,allocate_4,none_22,writing_23,none_22,writing_23,none_22,writing_23,add_3,add_3,add_3]","[none_40,none_40,none_40,none_4,none_31,none_32,none_31,none_32,none_31,none_32,updated_3,updated_3,updated_3]"
163958,"[1, 1, 1, 7, 3, 4, 3, 4, 3, 4, 2, 2, 2, 8, 8, 10, 8, 8, 6, 6, 6, 5, 5, 5]","[block blk_6,block blk_6,block blk_6,NameSystem_2,blk_4,blk_4,blk_4,blk_4,blk_4,blk_4,NameSystem_2,NameSystem_2,NameSystem_2,/_0,/_0,blk_4,/_0,/_0,blk_4,blk_4,blk_4,block blk file_7,block blk file_7,block blk file_7]","[receiving_28,receiving_28,receiving_28,allocate_4,none_22,writing_23,none_22,writing_23,none_22,writing_23,add_3,add_3,add_3,serving_0,serving_0,verification_25,serving_0,serving_0,delete_24,delete_24,delete_24,deleting_34,deleting_34,deleting_34]","[none_40,none_40,none_40,none_4,none_31,none_32,none_31,none_32,none_31,none_32,updated_3,updated_3,updated_3,none_0,none_0,successful_35,none_0,none_0,invalid_34,invalid_34,invalid_34,none_46,none_46,none_46]"
435044,"[1, 7, 1, 1, 3, 4, 3, 4, 3, 4, 2, 2, 2, 6, 6, 6, 5, 5, 5]","[block blk_6,NameSystem_2,block blk_6,block blk_6,blk_4,blk_4,blk_4,blk_4,blk_4,blk_4,NameSystem_2,NameSystem_2,NameSystem_2,blk_4,blk_4,blk_4,block blk file_7,block blk file_7,block blk file_7]","[receiving_28,allocate_4,receiving_28,receiving_28,none_22,writing_23,none_22,writing_23,none_22,writing_23,add_3,add_3,add_3,delete_24,delete_24,delete_24,deleting_34,deleting_34,deleting_34]","[none_40,none_4,none_40,none_40,none_31,none_32,none_31,none_32,none_31,none_32,updated_3,updated_3,updated_3,invalid_34,invalid_34,invalid_34,none_46,none_46,none_46]"
272551,"[1, 1, 1, 7, 3, 4, 3, 4, 3, 4, 2, 2, 2, 6, 6, 6, 5, 5, 5]","[block blk_6,block blk_6,block blk_6,NameSystem_2,blk_4,blk_4,blk_4,blk_4,blk_4,blk_4,NameSystem_2,NameSystem_2,NameSystem_2,blk_4,blk_4,blk_4,block blk file_7,block blk file_7,block blk file_7]","[receiving_28,receiving_28,receiving_28,allocate_4,none_22,writing_23,none_22,writing_23,none_22,writing_23,add_3,add_3,add_3,delete_24,delete_24,delete_24,deleting_34,deleting_34,deleting_34]","[none_40,none_40,none_40,none_4,none_31,none_32,none_31,none_32,none_31,none_32,updated_3,updated_3,updated_3,invalid_34,invalid_34,invalid_34,none_46,none_46,none_46]"
403848,"[1, 7, 1, 1, 4, 2, 3, 4, 3, 4, 3, 2, 2, 6, 6, 6, 5, 5, 5]","[block blk_6,NameSystem_2,block blk_6,block blk_6,blk_4,NameSystem_2,blk_4,blk_4,blk_4,blk_4,blk_4,NameSystem_2,NameSystem_2,blk_4,blk_4,blk_4,block blk file_7,block blk file_7,block blk file_7]","[receiving_28,allocate_4,receiving_28,receiving_28,writing_23,add_3,none_22,writing_23,none_22,writing_23,none_22,add_3,add_3,delete_24,delete_24,delete_24,deleting_34,deleting_34,deleting_34]","[none_40,none_4,none_40,none_40,none_32,updated_3,none_31,none_32,none_31,none_32,none_31,updated_3,updated_3,invalid_34,invalid_34,invalid_34,none_46,none_46,none_46]"
362203,"[1, 1, 7, 1, 3, 4, 3, 4, 3, 4, 2, 2, 2, 10, 6, 6, 6, 5, 5, 5]","[block blk_6,block blk_6,NameSystem_2,block blk_6,blk_4,blk_4,blk_4,blk_4,blk_4,blk_4,NameSystem_2,NameSystem_2,NameSystem_2,blk_4,blk_4,blk_4,blk_4,block blk file_7,block blk file_7,block blk file_7]","[receiving_28,receiving_28,allocate_4,receiving_28,none_22,writing_23,none_22,writing_23,none_22,writing_23,add_3,add_3,add_3,verification_25,delete_24,delete_24,delete_24,deleting_34,deleting_34,deleting_34]","[none_40,none_40,none_4,none_40,none_31,none_32,none_31,none_32,none_31,none_32,updated_3,updated_3,updated_3,successful_35,invalid_34,invalid_34,invalid_34,none_46,none_46,none_46]"
60028,"[7, 1, 1, 1, 2, 2, 2, 3, 4, 3, 4, 3, 4, 6, 6, 6, 5, 5, 5]","[NameSystem_2,block blk_6,block blk_6,block blk_6,NameSystem_2,NameSystem_2,NameSystem_2,blk_4,blk_4,blk_4,blk_4,blk_4,blk_4,blk_4,blk_4,blk_4,block blk file_7,block blk file_7,block blk file_7]","[allocate_4,receiving_28,receiving_28,receiving_28,add_3,add_3,add_3,none_22,writing_23,none_22,writing_23,none_22,writing_23,delete_24,delete_24,delete_24,deleting_34,deleting_34,deleting_34]","[none_4,none_40,none_40,none_40,updated_3,updated_3,updated_3,none_31,none_32,none_31,none_32,none_31,none_32,invalid_34,invalid_34,invalid_34,none_46,none_46,none_46]"
133755,"[7, 1, 1, 1, 2, 2, 2, 3, 4, 3, 4, 3, 4, 9, 8, 9, 6, 6, 6, 5, 5, 5]","[NameSystem_2,block blk_6,block blk_6,block blk_6,NameSystem_2,NameSystem_2,NameSystem_2,blk_4,blk_4,blk_4,blk_4,blk_4,blk_4,blk_4,/_0,blk_4,blk_4,blk_4,blk_4,block blk file_7,block blk file_7,block blk file_7]","[allocate_4,receiving_28,receiving_28,receiving_28,add_3,add_3,add_3,none_22,writing_23,none_22,writing_23,none_22,writing_23,transfer_13,serving_0,transfer_13,delete_24,delete_24,delete_24,deleting_34,deleting_34,deleting_34]","[none_4,none_40,none_40,none_40,updated_3,updated_3,updated_3,none_31,none_32,none_31,none_32,none_31,none_32,exception_21,none_0,exception_21,invalid_34,invalid_34,invalid_34,none_46,none_46,none_46]"
287289,"[1, 1, 1, 7, 3, 4, 2, 3, 4, 3, 4, 2, 2, 6, 6, 6, 5, 5, 5]","[block blk_6,block blk_6,block blk_6,NameSystem_2,blk_4,blk_4,NameSystem_2,blk_4,blk_4,blk_4,blk_4,NameSystem_2,NameSystem_2,blk_4,blk_4,blk_4,block blk file_7,block blk file_7,block blk file_7]","[receiving_28,receiving_28,receiving_28,allocate_4,none_22,writing_23,add_3,none_22,writing_23,none_22,writing_23,add_3,add_3,delete_24,delete_24,delete_24,deleting_34,deleting_34,deleting_34]","[none_40,none_40,none_40,none_4,none_31,none_32,updated_3,none_31,none_32,none_31,none_32,updated_3,updated_3,invalid_34,invalid_34,invalid_34,none_46,none_46,none_46]"
504767,"[1, 7, 1, 1, 3, 4, 3, 4, 3, 4, 2, 2, 2]","[block blk_6,NameSystem_2,block blk_6,block blk_6,blk_4,blk_4,blk_4,blk_4,blk_4,blk_4,NameSystem_2,NameSystem_2,NameSystem_2]","[receiving_28,allocate_4,receiving_28,receiving_28,none_22,writing_23,none_22,writing_23,none_22,writing_23,add_3,add_3,add_3]","[none_40,none_4,none_40,none_40,none_31,none_32,none_31,none_32,none_31,none_32,updated_3,updated_3,updated_3]"
917,"[1, 1, 1, 7, 3, 3, 4, 4, 3, 4, 2, 2, 2, 10, 9, 8, 9, 10, 10, 6, 6, 6, 5, 5, 5]","[block blk_6,block blk_6,block blk_6,NameSystem_2,blk_4,blk_4,blk_4,blk_4,blk_4,blk_4,NameSystem_2,NameSystem_2,NameSystem_2,blk_4,blk_4,/_0,blk_4,blk_4,blk_4,blk_4,blk_4,blk_4,block blk file_7,block blk file_7,block blk file_7]","[receiving_28,receiving_28,receiving_28,allocate_4,none_22,none_22,writing_23,writing_23,none_22,writing_23,add_3,add_3,add_3,verification_25,transfer_13,serving_0,transfer_13,verification_25,verification_25,delete_24,delete_24,delete_24,deleting_34,deleting_34,deleting_34]","[none_40,none_40,none_40,none_4,none_31,none_31,none_32,none_32,none_31,none_32,updated_3,updated_3,updated_3,successful_35,exception_21,none_0,exception_21,successful_35,successful_35,invalid_34,invalid_34,invalid_34,none_46,none_46,none_46]"
456724,"[1, 7, 1, 1, 3, 4, 3, 4, 3, 4, 2, 2, 2, 6, 6, 6, 5, 5, 5]","[block blk_6,NameSystem_2,block blk_6,block blk_6,blk_4,blk_4,blk_4,blk_4,blk_4,blk_4,NameSystem_2,NameSystem_2,NameSystem_2,blk_4,blk_4,blk_4,block blk file_7,block blk file_7,block blk file_7]","[receiving_28,allocate_4,receiving_28,receiving_28,none_22,writing_23,none_22,writing_23,none_22,writing_23,add_3,add_3,add_3,delete_24,delete_24,delete_24,deleting_34,deleting_34,deleting_34]","[none_40,none_4,none_40,none_40,none_31,none_32,none_31,none_32,none_31,none_32,updated_3,updated_3,updated_3,invalid_34,invalid_34,invalid_34,none_46,none_46,none_46]"
570578,"[1, 1, 1, 7, 3, 4, 3, 4, 3, 4, 2, 2, 2, 6, 6, 6, 5, 5, 5]","[block blk_6,block blk_6,block blk_6,NameSystem_2,blk_4,blk_4,blk_4,blk_4,blk_4,blk_4,NameSystem_2,NameSystem_2,NameSystem_2,blk_4,blk_4,blk_4,block blk file_7,block blk file_7,block blk file_7]","[receiving_28,receiving_28,receiving_28,allocate_4,none_22,writing_23,none_22,writing_23,none_22,writing_23,add_3,add_3,add_3,delete_24,delete_24,delete_24,deleting_34,deleting_34,deleting_34]","[none_40,none_40,none_40,none_4,none_31,none_32,none_31,none_32,none_31,none_32,updated_3,updated_3,updated_3,invalid_34,invalid_34,invalid_34,none_46,none_46,none_46]"
483863,"[1, 1, 7, 1, 3, 4, 3, 4, 3, 4, 2, 2, 2]","[block blk_6,block blk_6,NameSystem_2,block blk_6,blk_4,blk_4,blk_4,blk_4,blk_4,blk_4,NameSystem_2,NameSystem_2,NameSystem_2]","[receiving_28,receiving_28,allocate_4,receiving_28,none_22,writing_23,none_22,writing_23,none_22,writing_23,add_3,add_3,add_3]","[none_40,none_40,none_4,none_40,none_31,none_32,none_31,none_32,none_31,none_32,updated_3,updated_3,updated_3]"
106919,"[7, 1, 1, 1, 2, 2, 3, 4, 3, 4, 2, 3, 4, 6, 6, 6, 5, 5, 5]","[NameSystem_2,block blk_6,block blk_6,block blk_6,NameSystem_2,NameSystem_2,blk_4,blk_4,blk_4,blk_4,NameSystem_2,blk_4,blk_4,blk_4,blk_4,blk_4,block blk file_7,block blk file_7,block blk file_7]","[allocate_4,receiving_28,receiving_28,receiving_28,add_3,add_3,none_22,writing_23,none_22,writing_23,add_3,none_22,writing_23,delete_24,delete_24,delete_24,deleting_34,deleting_34,deleting_34]","[none_4,none_40,none_40,none_40,updated_3,updated_3,none_31,none_32,none_31,none_32,updated_3,none_31,none_32,invalid_34,invalid_34,invalid_34,none_46,none_46,none_46]"
417301,"[1, 1, 7, 1, 3, 4, 3, 4, 3, 4, 2, 2, 2, 6, 6, 6, 5, 5, 5]","[block blk_6,block blk_6,NameSystem_2,block blk_6,blk_4,blk_4,blk_4,blk_4,blk_4,blk_4,NameSystem_2,NameSystem_2,NameSystem_2,blk_4,blk_4,blk_4,block blk file_7,block blk file_7,block blk file_7]","[receiving_28,receiving_28,allocate_4,receiving_28,none_22,writing_23,none_22,writing_23,none_22,writing_23,add_3,add_3,add_3,delete_24,delete_24,delete_24,deleting_34,deleting_34,deleting_34]","[none_40,none_40,none_4,none_40,none_31,none_32,none_31,none_32,none_31,none_32,updated_3,updated_3,updated_3,invalid_34,invalid_34,invalid_34,none_46,none_46,none_46]"
248082,"[1, 1, 1, 7, 3, 4, 3, 4, 3, 4, 2, 2, 2, 6, 6, 6, 5, 5, 5]","[block blk_6,block blk_6,block blk_6,NameSystem_2,blk_4,blk_4,blk_4,blk_4,blk_4,blk_4,NameSystem_2,NameSystem_2,NameSystem_2,blk_4,blk_4,blk_4,block blk file_7,block blk file_7,block blk file_7]","[receiving_28,receiving_28,receiving_28,allocate_4,none_22,writing_23,none_22,writing_23,none_22,writing_23,add_3,add_3,add_3,delete_24,delete_24,delete_24,deleting_34,deleting_34,deleting_34]","[none_40,none_40,none_40,none_4,none_31,none_32,none_31,none_32,none_31,none_32,updated_3,updated_3,updated_3,invalid_34,invalid_34,invalid_34,none_46,none_46,none_46]"
136185,"[7, 1, 1, 1, 3, 4, 3, 4, 2, 2, 2, 3, 4, 9, 8, 9, 10, 6, 6, 6, 5, 5, 5]","[NameSystem_2,block blk_6,block blk_6,block blk_6,blk_4,blk_4,blk_4,blk_4,NameSystem_2,NameSystem_2,NameSystem_2,blk_4,blk_4,blk_4,/_0,blk_4,blk_4,blk_4,blk_4,blk_4,block blk file_7,block blk file_7,block blk file_7]","[allocate_4,receiving_28,receiving_28,receiving_28,none_22,writing_23,none_22,writing_23,add_3,add_3,add_3,none_22,writing_23,transfer_13,serving_0,transfer_13,verification_25,delete_24,delete_24,delete_24,deleting_34,deleting_34,deleting_34]","[none_4,none_40,none_40,none_40,none_31,none_32,none_31,none_32,updated_3,updated_3,updated_3,none_31,none_32,exception_21,none_0,exception_21,successful_35,invalid_34,invalid_34,invalid_34,none_46,none_46,none_46]"
166770,"[7, 1, 1, 1, 3, 4, 3, 4, 2, 2, 3, 4, 2, 8, 8, 9, 8, 8, 9, 6, 6, 6, 5, 5, 5]","[NameSystem_2,block blk_6,block blk_6,block blk_6,blk_4,blk_4,blk_4,blk_4,NameSystem_2,NameSystem_2,blk_4,blk_4,NameSystem_2,/_0,/_0,blk_4,/_0,/_0,blk_4,blk_4,blk_4,blk_4,block blk file_7,block blk file_7,block blk file_7]","[allocate_4,receiving_28,receiving_28,receiving_28,none_22,writing_23,none_22,writing_23,add_3,add_3,none_22,writing_23,add_3,serving_0,serving_0,transfer_13,serving_0,serving_0,transfer_13,delete_24,delete_24,delete_24,deleting_34,deleting_34,deleting_34]","[none_4,none_40,none_40,none_40,none_31,none_32,none_31,none_32,updated_3,updated_3,none_31,none_32,updated_3,none_0,none_0,exception_21,none_0,none_0,exception_21,invalid_34,invalid_34,invalid_34,none_46,none_46,none_46]"
165274,"[1, 1, 1, 7, 3, 4, 3, 4, 3, 4, 2, 2, 2, 8, 9, 8, 8, 8, 9, 6, 6, 6, 5, 5, 5]","[block blk_6,block blk_6,block blk_6,NameSystem_2,blk_4,blk_4,blk_4,blk_4,blk_4,blk_4,NameSystem_2,NameSystem_2,NameSystem_2,/_0,blk_4,/_0,/_0,/_0,blk_4,blk_4,blk_4,blk_4,block blk file_7,block blk file_7,block blk file_7]","[receiving_28,receiving_28,receiving_28,allocate_4,none_22,writing_23,none_22,writing_23,none_22,writing_23,add_3,add_3,add_3,serving_0,transfer_13,serving_0,serving_0,serving_0,transfer_13,delete_24,delete_24,delete_24,deleting_34,deleting_34,deleting_34]","[none_40,none_40,none_40,none_4,none_31,none_32,none_31,none_32,none_31,none_32,updated_3,updated_3,updated_3,none_0,exception_21,none_0,none_0,none_0,exception_21,invalid_34,invalid_34,invalid_34,none_46,none_46,none_46]"
477853,"[7, 1, 1, 1, 3, 4, 3, 4, 3, 4, 2, 2, 2]","[NameSystem_2,block blk_6,block blk_6,block blk_6,blk_4,blk_4,blk_4,blk_4,blk_4,blk_4,NameSystem_2,NameSystem_2,NameSystem_2]","[allocate_4,receiving_28,receiving_28,receiving_28,none_22,writing_23,none_22,writing_23,none_22,writing_23,add_3,add_3,add_3]","[none_4,none_40,none_40,none_40,none_31,none_32,none_31,none_32,none_31,none_32,updated_3,updated_3,updated_3]"
316185,"[1, 1, 1, 7, 4, 2, 3, 3, 4, 3, 4, 2, 2, 6, 6, 6, 5, 5, 5]","[block blk_6,block blk_6,block blk_6,NameSystem_2,blk_4,NameSystem_2,blk_4,blk_4,blk_4,blk_4,blk_4,NameSystem_2,NameSystem_2,blk_4,blk_4,blk_4,block blk file_7,block blk file_7,block blk file_7]","[receiving_28,receiving_28,receiving_28,allocate_4,writing_23,add_3,none_22,none_22,writing_23,none_22,writing_23,add_3,add_3,delete_24,delete_24,delete_24,deleting_34,deleting_34,deleting_34]","[none_40,none_40,none_40,none_4,none_32,updated_3,none_31,none_31,none_32,none_31,none_32,updated_3,updated_3,invalid_34,invalid_34,invalid_34,none_46,none_46,none_46]"
365819,"[1, 7, 1, 1, 3, 4, 3, 4, 3, 4, 2, 2, 2, 6, 6, 6, 5, 5, 5]","[block blk_6,NameSystem_2,block blk_6,block blk_6,blk_4,blk_4,blk_4,blk_4,blk_4,blk_4,NameSystem_2,NameSystem_2,NameSystem_2,blk_4,blk_4,blk_4,block blk file_7,block blk file_7,block blk file_7]","[receiving_28,allocate_4,receiving_28,receiving_28,none_22,writing_23,none_22,writing_23,none_22,writing_23,add_3,add_3,add_3,delete_24,delete_24,delete_24,deleting_34,deleting_34,deleting_34]","[none_40,none_4,none_40,none_40,none_31,none_32,none_31,none_32,none_31,none_32,updated_3,updated_3,updated_3,invalid_34,invalid_34,invalid_34,none_46,none_46,none_46]"
87362,"[7, 1, 1, 1, 3, 4, 2, 2, 3, 4, 3, 4, 2, 9, 8, 8, 9, 8, 8, 8, 9, 8, 8, 9, 8, 6, 6, 6, 5, 5, 5]","[NameSystem_2,block blk_6,block blk_6,block blk_6,blk_4,blk_4,NameSystem_2,NameSystem_2,blk_4,blk_4,blk_4,blk_4,NameSystem_2,blk_4,/_0,/_0,blk_4,/_0,/_0,/_0,blk_4,/_0,/_0,blk_4,/_0,blk_4,blk_4,blk_4,block blk file_7,block blk file_7,block blk file_7]","[allocate_4,receiving_28,receiving_28,receiving_28,none_22,writing_23,add_3,add_3,none_22,writing_23,none_22,writing_23,add_3,transfer_13,serving_0,serving_0,transfer_13,serving_0,serving_0,serving_0,transfer_13,serving_0,serving_0,transfer_13,serving_0,delete_24,delete_24,delete_24,deleting_34,deleting_34,deleting_34]","[none_4,none_40,none_40,none_40,none_31,none_32,updated_3,updated_3,none_31,none_32,none_31,none_32,updated_3,exception_21,none_0,none_0,exception_21,none_0,none_0,none_0,exception_21,none_0,none_0,exception_21,none_0,invalid_34,invalid_34,invalid_34,none_46,none_46,none_46]"
131377,"[7, 1, 1, 1, 2, 2, 2, 3, 4, 3, 4, 3, 4, 9, 8, 9, 10, 6, 6, 6, 5, 5, 5]","[NameSystem_2,block blk_6,block blk_6,block blk_6,NameSystem_2,NameSystem_2,NameSystem_2,blk_4,blk_4,blk_4,blk_4,blk_4,blk_4,blk_4,/_0,blk_4,blk_4,blk_4,blk_4,blk_4,block blk file_7,block blk file_7,block blk file_7]","[allocate_4,receiving_28,receiving_28,receiving_28,add_3,add_3,add_3,none_22,writing_23,none_22,writing_23,none_22,writing_23,transfer_13,serving_0,transfer_13,verification_25,delete_24,delete_24,delete_24,deleting_34,deleting_34,deleting_34]","[none_4,none_40,none_40,none_40,updated_3,updated_3,updated_3,none_31,none_32,none_31,none_32,none_31,none_32,exception_21,none_0,exception_21,successful_35,invalid_34,invalid_34,invalid_34,none_46,none_46,none_46]"
405128,"[7, 1, 1, 1, 3, 4, 3, 4, 3, 4, 2, 2, 2, 6, 6, 6, 5, 5, 5]","[NameSystem_2,block blk_6,block blk_6,block blk_6,blk_4,blk_4,blk_4,blk_4,blk_4,blk_4,NameSystem_2,NameSystem_2,NameSystem_2,blk_4,blk_4,blk_4,block blk file_7,block blk file_7,block blk file_7]","[allocate_4,receiving_28,receiving_28,receiving_28,none_22,writing_23,none_22,writing_23,none_22,writing_23,add_3,add_3,add_3,delete_24,delete_24,delete_24,deleting_34,deleting_34,deleting_34]","[none_4,none_40,none_40,none_40,none_31,none_32,none_31,none_32,none_31,none_32,updated_3,updated_3,updated_3,invalid_34,invalid_34,invalid_34,none_46,none_46,none_46]"
99842,"[7, 1, 1, 1, 2, 2, 2, 3, 4, 3, 4, 3, 4, 8, 8, 9, 8, 8, 9, 8, 8, 9, 6, 6, 6, 5, 5, 5]","[NameSystem_2,block blk_6,block blk_6,block blk_6,NameSystem_2,NameSystem_2,NameSystem_2,blk_4,blk_4,blk_4,blk_4,blk_4,blk_4,/_0,/_0,blk_4,/_0,/_0,blk_4,/_0,/_0,blk_4,blk_4,blk_4,blk_4,block blk file_7,block blk file_7,block blk file_7]","[allocate_4,receiving_28,receiving_28,receiving_28,add_3,add_3,add_3,none_22,writing_23,none_22,writing_23,none_22,writing_23,serving_0,serving_0,transfer_13,serving_0,serving_0,transfer_13,serving_0,serving_0,transfer_13,delete_24,delete_24,delete_24,deleting_34,deleting_34,deleting_34]","[none_4,none_40,none_40,none_40,updated_3,updated_3,updated_3,none_31,none_32,none_31,none_32,none_31,none_32,none_0,none_0,exception_21,none_0,none_0,exception_21,none_0,none_0,exception_21,invalid_34,invalid_34,invalid_34,none_46,none_46,none_46]"
196648,"[1, 1, 1, 7, 3, 4, 3, 4, 3, 4, 2, 2, 2, 6, 6, 6, 5, 5, 5]","[block blk_6,block blk_6,block blk_6,NameSystem_2,blk_4,blk_4,blk_4,blk_4,blk_4,blk_4,NameSystem_2,NameSystem_2,NameSystem_2,blk_4,blk_4,blk_4,block blk file_7,block blk file_7,block blk file_7]","[receiving_28,receiving_28,receiving_28,allocate_4,none_22,writing_23,none_22,writing_23,none_22,writing_23,add_3,add_3,add_3,delete_24,delete_24,delete_24,deleting_34,deleting_34,deleting_34]","[none_40,none_40,none_40,none_4,none_31,none_32,none_31,none_32,none_31,none_32,updated_3,updated_3,updated_3,invalid_34,invalid_34,invalid_34,none_46,none_46,none_46]"
419930,"[1, 1, 1, 7, 3, 4, 3, 4, 3, 4, 2, 2, 2, 6, 6, 6, 5, 5, 5]","[block blk_6,block blk_6,block blk_6,NameSystem_2,blk_4,blk_4,blk_4,blk_4,blk_4,blk_4,NameSystem_2,NameSystem_2,NameSystem_2,blk_4,blk_4,blk_4,block blk file_7,block blk file_7,block blk file_7]","[receiving_28,receiving_28,receiving_28,allocate_4,none_22,writing_23,none_22,writing_23,none_22,writing_23,add_3,add_3,add_3,delete_24,delete_24,delete_24,deleting_34,deleting_34,deleting_34]","[none_40,none_40,none_40,none_4,none_31,none_32,none_31,none_32,none_31,none_32,updated_3,updated_3,updated_3,invalid_34,invalid_34,invalid_34,none_46,none_46,none_46]"
23034,"[1, 1, 1, 7, 3, 4, 3, 4, 3, 4, 2, 2, 2, 9, 8, 9, 10, 10, 6, 6, 6, 5, 5, 5]","[block blk_6,block blk_6,block blk_6,NameSystem_2,blk_4,blk_4,blk_4,blk_4,blk_4,blk_4,NameSystem_2,NameSystem_2,NameSystem_2,blk_4,/_0,blk_4,blk_4,blk_4,blk_4,blk_4,blk_4,block blk file_7,block blk file_7,block blk file_7]","[receiving_28,receiving_28,receiving_28,allocate_4,none_22,writing_23,none_22,writing_23,none_22,writing_23,add_3,add_3,add_3,transfer_13,serving_0,transfer_13,verification_25,verification_25,delete_24,delete_24,delete_24,deleting_34,deleting_34,deleting_34]","[none_40,none_40,none_40,none_4,none_31,none_32,none_31,none_32,none_31,none_32,updated_3,updated_3,updated_3,exception_21,none_0,exception_21,successful_35,successful_35,invalid_34,invalid_34,invalid_34,none_46,none_46,none_46]"
97765,"[7, 1, 1, 1, 2, 2, 3, 4, 3, 4, 3, 4, 2, 9, 8, 9, 8, 9, 8, 6, 6, 6, 5, 5, 5]","[NameSystem_2,block blk_6,block blk_6,block blk_6,NameSystem_2,NameSystem_2,blk_4,blk_4,blk_4,blk_4,blk_4,blk_4,NameSystem_2,blk_4,/_0,blk_4,/_0,blk_4,/_0,blk_4,blk_4,blk_4,block blk file_7,block blk file_7,block blk file_7]","[allocate_4,receiving_28,receiving_28,receiving_28,add_3,add_3,none_22,writing_23,none_22,writing_23,none_22,writing_23,add_3,transfer_13,serving_0,transfer_13,serving_0,transfer_13,serving_0,delete_24,delete_24,delete_24,deleting_34,deleting_34,deleting_34]","[none_4,none_40,none_40,none_40,updated_3,updated_3,none_31,none_32,none_31,none_32,none_31,none_32,updated_3,exception_21,none_0,exception_21,none_0,exception_21,none_0,invalid_34,invalid_34,invalid_34,none_46,none_46,none_46]"
192315,"[1, 1, 7, 1, 3, 4, 3, 4, 3, 4, 2, 2, 2, 6, 6, 6, 5, 5, 5]","[block blk_6,block blk_6,NameSystem_2,block blk_6,blk_4,blk_4,blk_4,blk_4,blk_4,blk_4,NameSystem_2,NameSystem_2,NameSystem_2,blk_4,blk_4,blk_4,block blk file_7,block blk file_7,block blk file_7]","[receiving_28,receiving_28,allocate_4,receiving_28,none_22,writing_23,none_22,writing_23,none_22,writing_23,add_3,add_3,add_3,delete_24,delete_24,delete_24,deleting_34,deleting_34,deleting_34]","[none_40,none_40,none_4,none_40,none_31,none_32,none_31,none_32,none_31,none_32,updated_3,updated_3,updated_3,invalid_34,invalid_34,invalid_34,none_46,none_46,none_46]"
310930,"[1, 1, 1, 7, 3, 4, 3, 4, 3, 4, 2, 2, 2, 6, 6, 6, 5, 5, 5]","[block blk_6,block blk_6,block blk_6,NameSystem_2,blk_4,blk_4,blk_4,blk_4,blk_4,blk_4,NameSystem_2,NameSystem_2,NameSystem_2,blk_4,blk_4,blk_4,block blk file_7,block blk file_7,block blk file_7]","[receiving_28,receiving_28,receiving_28,allocate_4,none_22,writing_23,none_22,writing_23,none_22,writing_23,add_3,add_3,add_3,delete_24,delete_24,delete_24,deleting_34,deleting_34,deleting_34]","[none_40,none_40,none_40,none_4,none_31,none_32,none_31,none_32,none_31,none_32,updated_3,updated_3,updated_3,invalid_34,invalid_34,invalid_34,none_46,none_46,none_46]"
281225,"[1, 1, 7, 1, 3, 4, 2, 3, 4, 3, 4, 2, 2, 6, 6, 6, 5, 5, 5]","[block blk_6,block blk_6,NameSystem_2,block blk_6,blk_4,blk_4,NameSystem_2,blk_4,blk_4,blk_4,blk_4,NameSystem_2,NameSystem_2,blk_4,blk_4,blk_4,block blk file_7,block blk file_7,block blk file_7]","[receiving_28,receiving_28,allocate_4,receiving_28,none_22,writing_23,add_3,none_22,writing_23,none_22,writing_23,add_3,add_3,delete_24,delete_24,delete_24,deleting_34,deleting_34,deleting_34]","[none_40,none_40,none_4,none_40,none_31,none_32,updated_3,none_31,none_32,none_31,none_32,updated_3,updated_3,invalid_34,invalid_34,invalid_34,none_46,none_46,none_46]"
471593,"[1, 1, 1, 7, 3, 4, 3, 4, 3, 4, 2, 2, 2]","[block blk_6,block blk_6,block blk_6,NameSystem_2,blk_4,blk_4,blk_4,blk_4,blk_4,blk_4,NameSystem_2,NameSystem_2,NameSystem_2]","[receiving_28,receiving_28,receiving_28,allocate_4,none_22,writing_23,none_22,writing_23,none_22,writing_23,add_3,add_3,add_3]","[none_40,none_40,none_40,none_4,none_31,none_32,none_31,none_32,none_31,none_32,updated_3,updated_3,updated_3]"
110646,"[7, 1, 1, 1, 2, 2, 2, 3, 4, 3, 4, 3, 4, 10, 9, 9, 8, 10, 10, 6, 6, 6, 5, 5, 5]","[NameSystem_2,block blk_6,block blk_6,block blk_6,NameSystem_2,NameSystem_2,NameSystem_2,blk_4,blk_4,blk_4,blk_4,blk_4,blk_4,blk_4,blk_4,blk_4,/_0,blk_4,blk_4,blk_4,blk_4,blk_4,block blk file_7,block blk file_7,block blk file_7]","[allocate_4,receiving_28,receiving_28,receiving_28,add_3,add_3,add_3,none_22,writing_23,none_22,writing_23,none_22,writing_23,verification_25,transfer_13,transfer_13,serving_0,verification_25,verification_25,delete_24,delete_24,delete_24,deleting_34,deleting_34,deleting_34]","[none_4,none_40,none_40,none_40,updated_3,updated_3,updated_3,none_31,none_32,none_31,none_32,none_31,none_32,successful_35,exception_21,exception_21,none_0,successful_35,successful_35,invalid_34,invalid_34,invalid_34,none_46,none_46,none_46]"
405909,"[7, 1, 1, 1, 3, 4, 3, 4, 2, 2, 2, 3, 4, 6, 6, 6, 5, 5, 5]","[NameSystem_2,block blk_6,block blk_6,block blk_6,blk_4,blk_4,blk_4,blk_4,NameSystem_2,NameSystem_2,NameSystem_2,blk_4,blk_4,blk_4,blk_4,blk_4,block blk file_7,block blk file_7,block blk file_7]","[allocate_4,receiving_28,receiving_28,receiving_28,none_22,writing_23,none_22,writing_23,add_3,add_3,add_3,none_22,writing_23,delete_24,delete_24,delete_24,deleting_34,deleting_34,deleting_34]","[none_4,none_40,none_40,none_40,none_31,none_32,none_31,none_32,updated_3,updated_3,updated_3,none_31,none_32,invalid_34,invalid_34,invalid_34,none_46,none_46,none_46]"
137676,"[1, 1, 7, 1, 3, 4, 3, 4, 3, 4, 2, 2, 2, 9, 8, 9, 6, 6, 6, 5, 5, 5]","[block blk_6,block blk_6,NameSystem_2,block blk_6,blk_4,blk_4,blk_4,blk_4,blk_4,blk_4,NameSystem_2,NameSystem_2,NameSystem_2,blk_4,/_0,blk_4,blk_4,blk_4,blk_4,block blk file_7,block blk file_7,block blk file_7]","[receiving_28,receiving_28,allocate_4,receiving_28,none_22,writing_23,none_22,writing_23,none_22,writing_23,add_3,add_3,add_3,transfer_13,serving_0,transfer_13,delete_24,delete_24,delete_24,deleting_34,deleting_34,deleting_34]","[none_40,none_40,none_4,none_40,none_31,none_32,none_31,none_32,none_31,none_32,updated_3,updated_3,updated_3,exception_21,none_0,exception_21,invalid_34,invalid_34,invalid_34,none_46,none_46,none_46]"
43924,"[7, 1, 1, 1, 2, 2, 2, 3, 4, 3, 4, 3, 4, 10, 6, 6, 6, 5, 5, 5]","[NameSystem_2,block blk_6,block blk_6,block blk_6,NameSystem_2,NameSystem_2,NameSystem_2,blk_4,blk_4,blk_4,blk_4,blk_4,blk_4,blk_4,blk_4,blk_4,blk_4,block blk file_7,block blk file_7,block blk file_7]","[allocate_4,receiving_28,receiving_28,receiving_28,add_3,add_3,add_3,none_22,writing_23,none_22,writing_23,none_22,writing_23,verification_25,delete_24,delete_24,delete_24,deleting_34,deleting_34,deleting_34]","[none_4,none_40,none_40,none_40,updated_3,updated_3,updated_3,none_31,none_32,none_31,none_32,none_31,none_32,successful_35,invalid_34,invalid_34,invalid_34,none_46,none_46,none_46]"
19182,"[1, 7, 1, 1, 3, 4, 3, 4, 3, 4, 2, 2, 2, 9, 9, 8, 10, 6, 6, 6, 5, 5, 5]","[block blk_6,NameSystem_2,block blk_6,block blk_6,blk_4,blk_4,blk_4,blk_4,blk_4,blk_4,NameSystem_2,NameSystem_2,NameSystem_2,blk_4,blk_4,/_0,blk_4,blk_4,blk_4,blk_4,block blk file_7,block blk file_7,block blk file_7]","[receiving_28,allocate_4,receiving_28,receiving_28,none_22,writing_23,none_22,writing_23,none_22,writing_23,add_3,add_3,add_3,transfer_13,transfer_13,serving_0,verification_25,delete_24,delete_24,delete_24,deleting_34,deleting_34,deleting_34]","[none_40,none_4,none_40,none_40,none_31,none_32,none_31,none_32,none_31,none_32,updated_3,updated_3,updated_3,exception_21,exception_21,none_0,successful_35,invalid_34,invalid_34,invalid_34,none_46,none_46,none_46]"
463353,"[1, 7, 1, 1, 3, 4, 3, 4, 3, 4, 2, 2, 2, 6, 6, 6, 5, 5, 5]","[block blk_6,NameSystem_2,block blk_6,block blk_6,blk_4,blk_4,blk_4,blk_4,blk_4,blk_4,NameSystem_2,NameSystem_2,NameSystem_2,blk_4,blk_4,blk_4,block blk file_7,block blk file_7,block blk file_7]","[receiving_28,allocate_4,receiving_28,receiving_28,none_22,writing_23,none_22,writing_23,none_22,writing_23,add_3,add_3,add_3,delete_24,delete_24,delete_24,deleting_34,deleting_34,deleting_34]","[none_40,none_4,none_40,none_40,none_31,none_32,none_31,none_32,none_31,none_32,updated_3,updated_3,updated_3,invalid_34,invalid_34,invalid_34,none_46,none_46,none_46]"
266975,"[1, 1, 1, 7, 3, 4, 3, 4, 2, 3, 4, 2, 2, 6, 6, 6, 5, 5, 5]","[block blk_6,block blk_6,block blk_6,NameSystem_2,blk_4,blk_4,blk_4,blk_4,NameSystem_2,blk_4,blk_4,NameSystem_2,NameSystem_2,blk_4,blk_4,blk_4,block blk file_7,block blk file_7,block blk file_7]","[receiving_28,receiving_28,receiving_28,allocate_4,none_22,writing_23,none_22,writing_23,add_3,none_22,writing_23,add_3,add_3,delete_24,delete_24,delete_24,deleting_34,deleting_34,deleting_34]","[none_40,none_40,none_40,none_4,none_31,none_32,none_31,none_32,updated_3,none_31,none_32,updated_3,updated_3,invalid_34,invalid_34,invalid_34,none_46,none_46,none_46]"
361712,"[1, 1, 1, 7, 3, 4, 3, 4, 3, 4, 2, 2, 2, 6, 6, 6, 5, 5, 5]","[block blk_6,block blk_6,block blk_6,NameSystem_2,blk_4,blk_4,blk_4,blk_4,blk_4,blk_4,NameSystem_2,NameSystem_2,NameSystem_2,blk_4,blk_4,blk_4,block blk file_7,block blk file_7,block blk file_7]","[receiving_28,receiving_28,receiving_28,allocate_4,none_22,writing_23,none_22,writing_23,none_22,writing_23,add_3,add_3,add_3,delete_24,delete_24,delete_24,deleting_34,deleting_34,deleting_34]","[none_40,none_40,none_40,none_4,none_31,none_32,none_31,none_32,none_31,none_32,updated_3,updated_3,updated_3,invalid_34,invalid_34,invalid_34,none_46,none_46,none_46]"
232748,"[1, 1, 7, 1, 3, 4, 3, 4, 3, 4, 2, 2, 2, 6, 6, 6, 5, 5, 5]","[block blk_6,block blk_6,NameSystem_2,block blk_6,blk_4,blk_4,blk_4,blk_4,blk_4,blk_4,NameSystem_2,NameSystem_2,NameSystem_2,blk_4,blk_4,blk_4,block blk file_7,block blk file_7,block blk file_7]","[receiving_28,receiving_28,allocate_4,receiving_28,none_22,writing_23,none_22,writing_23,none_22,writing_23,add_3,add_3,add_3,delete_24,delete_24,delete_24,deleting_34,deleting_34,deleting_34]","[none_40,none_40,none_4,none_40,none_31,none_32,none_31,none_32,none_31,none_32,updated_3,updated_3,updated_3,invalid_34,invalid_34,invalid_34,none_46,none_46,none_46]"
493857,"[1, 7, 1, 1, 3, 4, 3, 4, 3, 4, 2, 2, 2]","[block blk_6,NameSystem_2,block blk_6,block blk_6,blk_4,blk_4,blk_4,blk_4,blk_4,blk_4,NameSystem_2,NameSystem_2,NameSystem_2]","[receiving_28,allocate_4,receiving_28,receiving_28,none_22,writing_23,none_22,writing_23,none_22,writing_23,add_3,add_3,add_3]","[none_40,none_4,none_40,none_40,none_31,none_32,none_31,none_32,none_31,none_32,updated_3,updated_3,updated_3]"
457726,"[1, 1, 1, 7, 3, 4, 3, 4, 3, 4, 2, 2, 2, 6, 6, 6, 5, 5, 5]","[block blk_6,block blk_6,block blk_6,NameSystem_2,blk_4,blk_4,blk_4,blk_4,blk_4,blk_4,NameSystem_2,NameSystem_2,NameSystem_2,blk_4,blk_4,blk_4,block blk file_7,block blk file_7,block blk file_7]","[receiving_28,receiving_28,receiving_28,allocate_4,none_22,writing_23,none_22,writing_23,none_22,writing_23,add_3,add_3,add_3,delete_24,delete_24,delete_24,deleting_34,deleting_34,deleting_34]","[none_40,none_40,none_40,none_4,none_31,none_32,none_31,none_32,none_31,none_32,updated_3,updated_3,updated_3,invalid_34,invalid_34,invalid_34,none_46,none_46,none_46]"
444348,"[1, 7, 1, 1, 3, 4, 3, 4, 3, 4, 2, 2, 2, 6, 6, 6, 5, 5, 5]","[block blk_6,NameSystem_2,block blk_6,block blk_6,blk_4,blk_4,blk_4,blk_4,blk_4,blk_4,NameSystem_2,NameSystem_2,NameSystem_2,blk_4,blk_4,blk_4,block blk file_7,block blk file_7,block blk file_7]","[receiving_28,allocate_4,receiving_28,receiving_28,none_22,writing_23,none_22,writing_23,none_22,writing_23,add_3,add_3,add_3,delete_24,delete_24,delete_24,deleting_34,deleting_34,deleting_34]","[none_40,none_4,none_40,none_40,none_31,none_32,none_31,none_32,none_31,none_32,updated_3,updated_3,updated_3,invalid_34,invalid_34,invalid_34,none_46,none_46,none_46]"
394773,"[7, 1, 1, 1, 3, 4, 3, 4, 3, 4, 2, 2, 2, 6, 6, 6, 5, 5, 5]","[NameSystem_2,block blk_6,block blk_6,block blk_6,blk_4,blk_4,blk_4,blk_4,blk_4,blk_4,NameSystem_2,NameSystem_2,NameSystem_2,blk_4,blk_4,blk_4,block blk file_7,block blk file_7,block blk file_7]","[allocate_4,receiving_28,receiving_28,receiving_28,none_22,writing_23,none_22,writing_23,none_22,writing_23,add_3,add_3,add_3,delete_24,delete_24,delete_24,deleting_34,deleting_34,deleting_34]","[none_4,none_40,none_40,none_40,none_31,none_32,none_31,none_32,none_31,none_32,updated_3,updated_3,updated_3,invalid_34,invalid_34,invalid_34,none_46,none_46,none_46]"
71488,"[7, 1, 1, 1, 2, 2, 2, 3, 4, 3, 4, 3, 4, 8, 8, 9, 8, 8, 9, 8, 9, 8, 8, 8, 9, 6, 6, 6, 5, 5, 5]","[NameSystem_2,block blk_6,block blk_6,block blk_6,NameSystem_2,NameSystem_2,NameSystem_2,blk_4,blk_4,blk_4,blk_4,blk_4,blk_4,/_0,/_0,blk_4,/_0,/_0,blk_4,/_0,blk_4,/_0,/_0,/_0,blk_4,blk_4,blk_4,blk_4,block blk file_7,block blk file_7,block blk file_7]","[allocate_4,receiving_28,receiving_28,receiving_28,add_3,add_3,add_3,none_22,writing_23,none_22,writing_23,none_22,writing_23,serving_0,serving_0,transfer_13,serving_0,serving_0,transfer_13,serving_0,transfer_13,serving_0,serving_0,serving_0,transfer_13,delete_24,delete_24,delete_24,deleting_34,deleting_34,deleting_34]","[none_4,none_40,none_40,none_40,updated_3,updated_3,updated_3,none_31,none_32,none_31,none_32,none_31,none_32,none_0,none_0,exception_21,none_0,none_0,exception_21,none_0,exception_21,none_0,none_0,none_0,exception_21,invalid_34,invalid_34,invalid_34,none_46,none_46,none_46]"
181799,"[1, 1, 1, 7, 3, 4, 2, 3, 4, 3, 4, 2, 2, 6, 6, 6, 5, 5, 5]","[block blk_6,block blk_6,block blk_6,NameSystem_2,blk_4,blk_4,NameSystem_2,blk_4,blk_4,blk_4,blk_4,NameSystem_2,NameSystem_2,blk_4,blk_4,blk_4,block blk file_7,block blk file_7,block blk file_7]","[receiving_28,receiving_28,receiving_28,allocate_4,none_22,writing_23,add_3,none_22,writing_23,none_22,writing_23,add_3,add_3,delete_24,delete_24,delete_24,deleting_34,deleting_34,deleting_34]","[none_40,none_40,none_40,none_4,none_31,none_32,updated_3,none_31,none_32,none_31,none_32,updated_3,updated_3,invalid_34,invalid_34,invalid_34,none_46,none_46,none_46]"
151198,"[1, 7, 1, 1, 3, 4, 3, 4, 3, 4, 2, 2, 2, 9, 8, 9, 6, 6, 6, 5, 5, 5]","[block blk_6,NameSystem_2,block blk_6,block blk_6,blk_4,blk_4,blk_4,blk_4,blk_4,blk_4,NameSystem_2,NameSystem_2,NameSystem_2,blk_4,/_0,blk_4,blk_4,blk_4,blk_4,block blk file_7,block blk file_7,block blk file_7]","[receiving_28,allocate_4,receiving_28,receiving_28,none_22,writing_23,none_22,writing_23,none_22,writing_23,add_3,add_3,add_3,transfer_13,serving_0,transfer_13,delete_24,delete_24,delete_24,deleting_34,deleting_34,deleting_34]","[none_40,none_4,none_40,none_40,none_31,none_32,none_31,none_32,none_31,none_32,updated_3,updated_3,updated_3,exception_21,none_0,exception_21,invalid_34,invalid_34,invalid_34,none_46,none_46,none_46]"
49953,"[7, 1, 1, 1, 2, 2, 2, 3, 4, 3, 4, 3, 4, 6, 6, 6, 5, 5, 5]","[NameSystem_2,block blk_6,block blk_6,block blk_6,NameSystem_2,NameSystem_2,NameSystem_2,blk_4,blk_4,blk_4,blk_4,blk_4,blk_4,blk_4,blk_4,blk_4,block blk file_7,block blk file_7,block blk file_7]","[allocate_4,receiving_28,receiving_28,receiving_28,add_3,add_3,add_3,none_22,writing_23,none_22,writing_23,none_22,writing_23,delete_24,delete_24,delete_24,deleting_34,deleting_34,deleting_34]","[none_4,none_40,none_40,none_40,updated_3,updated_3,updated_3,none_31,none_32,none_31,none_32,none_31,none_32,invalid_34,invalid_34,invalid_34,none_46,none_46,none_46]"
72386,"[7, 1, 1, 1, 2, 2, 2, 3, 4, 3, 4, 3, 4, 8, 8, 9, 8, 9, 8, 8, 9, 8, 8, 8, 9, 6, 6, 6, 5, 5, 5]","[NameSystem_2,block blk_6,block blk_6,block blk_6,NameSystem_2,NameSystem_2,NameSystem_2,blk_4,blk_4,blk_4,blk_4,blk_4,blk_4,/_0,/_0,blk_4,/_0,blk_4,/_0,/_0,blk_4,/_0,/_0,/_0,blk_4,blk_4,blk_4,blk_4,block blk file_7,block blk file_7,block blk file_7]","[allocate_4,receiving_28,receiving_28,receiving_28,add_3,add_3,add_3,none_22,writing_23,none_22,writing_23,none_22,writing_23,serving_0,serving_0,transfer_13,serving_0,transfer_13,serving_0,serving_0,transfer_13,serving_0,serving_0,serving_0,transfer_13,delete_24,delete_24,delete_24,deleting_34,deleting_34,deleting_34]","[none_4,none_40,none_40,none_40,updated_3,updated_3,updated_3,none_31,none_32,none_31,none_32,none_31,none_32,none_0,none_0,exception_21,none_0,exception_21,none_0,none_0,exception_21,none_0,none_0,none_0,exception_21,invalid_34,invalid_34,invalid_34,none_46,none_46,none_46]"
569059,"[1, 1, 1, 7, 3, 4, 3, 4, 3, 4, 2, 2, 2, 6, 6, 6, 5, 5, 5]","[block blk_6,block blk_6,block blk_6,NameSystem_2,blk_4,blk_4,blk_4,blk_4,blk_4,blk_4,NameSystem_2,NameSystem_2,NameSystem_2,blk_4,blk_4,blk_4,block blk file_7,block blk file_7,block blk file_7]","[receiving_28,receiving_28,receiving_28,allocate_4,none_22,writing_23,none_22,writing_23,none_22,writing_23,add_3,add_3,add_3,delete_24,delete_24,delete_24,deleting_34,deleting_34,deleting_34]","[none_40,none_40,none_40,none_4,none_31,none_32,none_31,none_32,none_31,none_32,updated_3,updated_3,updated_3,invalid_34,invalid_34,invalid_34,none_46,none_46,none_46]"
284693,"[1, 1, 7, 1, 3, 4, 3, 4, 3, 4, 2, 2, 2, 6, 6, 6, 5, 5, 5]","[block blk_6,block blk_6,NameSystem_2,block blk_6,blk_4,blk_4,blk_4,blk_4,blk_4,blk_4,NameSystem_2,NameSystem_2,NameSystem_2,blk_4,blk_4,blk_4,block blk file_7,block blk file_7,block blk file_7]","[receiving_28,receiving_28,allocate_4,receiving_28,none_22,writing_23,none_22,writing_23,none_22,writing_23,add_3,add_3,add_3,delete_24,delete_24,delete_24,deleting_34,deleting_34,deleting_34]","[none_40,none_40,none_4,none_40,none_31,none_32,none_31,none_32,none_31,none_32,updated_3,updated_3,updated_3,invalid_34,invalid_34,invalid_34,none_46,none_46,none_46]"
547399,"[1, 7, 1, 1, 3, 4, 3, 4, 3, 4, 2, 2, 2, 6, 6, 6, 5, 5, 5]","[block blk_6,NameSystem_2,block blk_6,block blk_6,blk_4,blk_4,blk_4,blk_4,blk_4,blk_4,NameSystem_2,NameSystem_2,NameSystem_2,blk_4,blk_4,blk_4,block blk file_7,block blk file_7,block blk file_7]","[receiving_28,allocate_4,receiving_28,receiving_28,none_22,writing_23,none_22,writing_23,none_22,writing_23,add_3,add_3,add_3,delete_24,delete_24,delete_24,deleting_34,deleting_34,deleting_34]","[none_40,none_4,none_40,none_40,none_31,none_32,none_31,none_32,none_31,none_32,updated_3,updated_3,updated_3,invalid_34,invalid_34,invalid_34,none_46,none_46,none_46]"
414974,"[1, 1, 7, 1, 3, 4, 3, 4, 3, 4, 2, 2, 2, 6, 6, 6, 5, 5, 5]","[block blk_6,block blk_6,NameSystem_2,block blk_6,blk_4,blk_4,blk_4,blk_4,blk_4,blk_4,NameSystem_2,NameSystem_2,NameSystem_2,blk_4,blk_4,blk_4,block blk file_7,block blk file_7,block blk file_7]","[receiving_28,receiving_28,allocate_4,receiving_28,none_22,writing_23,none_22,writing_23,none_22,writing_23,add_3,add_3,add_3,delete_24,delete_24,delete_24,deleting_34,deleting_34,deleting_34]","[none_40,none_40,none_4,none_40,none_31,none_32,none_31,none_32,none_31,none_32,updated_3,updated_3,updated_3,invalid_34,invalid_34,invalid_34,none_46,none_46,none_46]"
166574,"[1, 7, 1, 1, 3, 4, 3, 4, 3, 4, 2, 2, 2, 8, 8, 9, 8, 8, 9, 6, 6, 6, 5, 5, 5]","[block blk_6,NameSystem_2,block blk_6,block blk_6,blk_4,blk_4,blk_4,blk_4,blk_4,blk_4,NameSystem_2,NameSystem_2,NameSystem_2,/_0,/_0,blk_4,/_0,/_0,blk_4,blk_4,blk_4,blk_4,block blk file_7,block blk file_7,block blk file_7]","[receiving_28,allocate_4,receiving_28,receiving_28,none_22,writing_23,none_22,writing_23,none_22,writing_23,add_3,add_3,add_3,serving_0,serving_0,transfer_13,serving_0,serving_0,transfer_13,delete_24,delete_24,delete_24,deleting_34,deleting_34,deleting_34]","[none_40,none_4,none_40,none_40,none_31,none_32,none_31,none_32,none_31,none_32,updated_3,updated_3,updated_3,none_0,none_0,exception_21,none_0,none_0,exception_21,invalid_34,invalid_34,invalid_34,none_46,none_46,none_46]"
554808,"[1, 1, 7, 1, 3, 4, 3, 4, 2, 2, 3, 4, 2, 6, 6, 6, 5, 5, 5]","[block blk_6,block blk_6,NameSystem_2,block blk_6,blk_4,blk_4,blk_4,blk_4,NameSystem_2,NameSystem_2,blk_4,blk_4,NameSystem_2,blk_4,blk_4,blk_4,block blk file_7,block blk file_7,block blk file_7]","[receiving_28,receiving_28,allocate_4,receiving_28,none_22,writing_23,none_22,writing_23,add_3,add_3,none_22,writing_23,add_3,delete_24,delete_24,delete_24,deleting_34,deleting_34,deleting_34]","[none_40,none_40,none_4,none_40,none_31,none_32,none_31,none_32,updated_3,updated_3,none_31,none_32,updated_3,invalid_34,invalid_34,invalid_34,none_46,none_46,none_46]"
396272,"[7, 1, 1, 1, 3, 4, 3, 4, 3, 4, 2, 2, 2, 6, 6, 6, 5, 5, 5]","[NameSystem_2,block blk_6,block blk_6,block blk_6,blk_4,blk_4,blk_4,blk_4,blk_4,blk_4,NameSystem_2,NameSystem_2,NameSystem_2,blk_4,blk_4,blk_4,block blk file_7,block blk file_7,block blk file_7]","[allocate_4,receiving_28,receiving_28,receiving_28,none_22,writing_23,none_22,writing_23,none_22,writing_23,add_3,add_3,add_3,delete_24,delete_24,delete_24,deleting_34,deleting_34,deleting_34]","[none_4,none_40,none_40,none_40,none_31,none_32,none_31,none_32,none_31,none_32,updated_3,updated_3,updated_3,invalid_34,invalid_34,invalid_34,none_46,none_46,none_46]"
167111,"[1, 1, 1, 7, 3, 4, 3, 4, 3, 4, 2, 2, 2, 8, 8, 9, 8, 8, 9, 6, 6, 6, 5, 5, 5]","[block blk_6,block blk_6,block blk_6,NameSystem_2,blk_4,blk_4,blk_4,blk_4,blk_4,blk_4,NameSystem_2,NameSystem_2,NameSystem_2,/_0,/_0,blk_4,/_0,/_0,blk_4,blk_4,blk_4,blk_4,block blk file_7,block blk file_7,block blk file_7]","[receiving_28,receiving_28,receiving_28,allocate_4,none_22,writing_23,none_22,writing_23,none_22,writing_23,add_3,add_3,add_3,serving_0,serving_0,transfer_13,serving_0,serving_0,transfer_13,delete_24,delete_24,delete_24,deleting_34,deleting_34,deleting_34]","[none_40,none_40,none_40,none_4,none_31,none_32,none_31,none_32,none_31,none_32,updated_3,updated_3,updated_3,none_0,none_0,exception_21,none_0,none_0,exception_21,invalid_34,invalid_34,invalid_34,none_46,none_46,none_46]"
336907,"[1, 7, 1, 1, 2, 3, 4, 3, 4, 3, 4, 2, 2]","[block blk_6,NameSystem_2,block blk_6,block blk_6,NameSystem_2,blk_4,blk_4,blk_4,blk_4,blk_4,blk_4,NameSystem_2,NameSystem_2]","[receiving_28,allocate_4,receiving_28,receiving_28,add_3,none_22,writing_23,none_22,writing_23,none_22,writing_23,add_3,add_3]","[none_40,none_4,none_40,none_40,updated_3,none_31,none_32,none_31,none_32,none_31,none_32,updated_3,updated_3]"
97101,"[7, 1, 1, 1, 2, 3, 4, 3, 4, 2, 2, 3, 4, 8, 9, 8, 9, 8, 8, 8, 8, 9, 6, 6, 6, 5, 5, 5]","[NameSystem_2,block blk_6,block blk_6,block blk_6,NameSystem_2,blk_4,blk_4,blk_4,blk_4,NameSystem_2,NameSystem_2,blk_4,blk_4,/_0,blk_4,/_0,blk_4,/_0,/_0,/_0,/_0,blk_4,blk_4,blk_4,blk_4,block blk file_7,block blk file_7,block blk file_7]","[allocate_4,receiving_28,receiving_28,receiving_28,add_3,none_22,writing_23,none_22,writing_23,add_3,add_3,none_22,writing_23,serving_0,transfer_13,serving_0,transfer_13,serving_0,serving_0,serving_0,serving_0,transfer_13,delete_24,delete_24,delete_24,deleting_34,deleting_34,deleting_34]","[none_4,none_40,none_40,none_40,updated_3,none_31,none_32,none_31,none_32,updated_3,updated_3,none_31,none_32,none_0,exception_21,none_0,exception_21,none_0,none_0,none_0,none_0,exception_21,invalid_34,invalid_34,invalid_34,none_46,none_46,none_46]"
313721,"[1, 1, 7, 1, 3, 4, 2, 3, 4, 3, 4, 2, 2, 6, 6, 6, 5, 5, 5]","[block blk_6,block blk_6,NameSystem_2,block blk_6,blk_4,blk_4,NameSystem_2,blk_4,blk_4,blk_4,blk_4,NameSystem_2,NameSystem_2,blk_4,blk_4,blk_4,block blk file_7,block blk file_7,block blk file_7]","[receiving_28,receiving_28,allocate_4,receiving_28,none_22,writing_23,add_3,none_22,writing_23,none_22,writing_23,add_3,add_3,delete_24,delete_24,delete_24,deleting_34,deleting_34,deleting_34]","[none_40,none_40,none_4,none_40,none_31,none_32,updated_3,none_31,none_32,none_31,none_32,updated_3,updated_3,invalid_34,invalid_34,invalid_34,none_46,none_46,none_46]"
498497,"[1, 1, 1, 7, 3, 4, 3, 4, 3, 4, 2, 2, 2]","[block blk_6,block blk_6,block blk_6,NameSystem_2,blk_4,blk_4,blk_4,blk_4,blk_4,blk_4,NameSystem_2,NameSystem_2,NameSystem_2]","[receiving_28,receiving_28,receiving_28,allocate_4,none_22,writing_23,none_22,writing_23,none_22,writing_23,add_3,add_3,add_3]","[none_40,none_40,none_40,none_4,none_31,none_32,none_31,none_32,none_31,none_32,updated_3,updated_3,updated_3]"
121083,"[7, 1, 1, 1, 2, 2, 2, 3, 4, 3, 4, 3, 4, 9, 9, 8, 6, 6, 6, 5, 5, 5]","[NameSystem_2,block blk_6,block blk_6,block blk_6,NameSystem_2,NameSystem_2,NameSystem_2,blk_4,blk_4,blk_4,blk_4,blk_4,blk_4,blk_4,blk_4,/_0,blk_4,blk_4,blk_4,block blk file_7,block blk file_7,block blk file_7]","[allocate_4,receiving_28,receiving_28,receiving_28,add_3,add_3,add_3,none_22,writing_23,none_22,writing_23,none_22,writing_23,transfer_13,transfer_13,serving_0,delete_24,delete_24,delete_24,deleting_34,deleting_34,deleting_34]","[none_4,none_40,none_40,none_40,updated_3,updated_3,updated_3,none_31,none_32,none_31,none_32,none_31,none_32,exception_21,exception_21,none_0,invalid_34,invalid_34,invalid_34,none_46,none_46,none_46]"
50174,"[7, 1, 1, 1, 2, 2, 4, 3, 4, 2, 3, 3, 4, 10, 6, 6, 6, 5, 5, 5]","[NameSystem_2,block blk_6,block blk_6,block blk_6,NameSystem_2,NameSystem_2,blk_4,blk_4,blk_4,NameSystem_2,blk_4,blk_4,blk_4,blk_4,blk_4,blk_4,blk_4,block blk file_7,block blk file_7,block blk file_7]","[allocate_4,receiving_28,receiving_28,receiving_28,add_3,add_3,writing_23,none_22,writing_23,add_3,none_22,none_22,writing_23,verification_25,delete_24,delete_24,delete_24,deleting_34,deleting_34,deleting_34]","[none_4,none_40,none_40,none_40,updated_3,updated_3,none_32,none_31,none_32,updated_3,none_31,none_31,none_32,successful_35,invalid_34,invalid_34,invalid_34,none_46,none_46,none_46]"
66975,"[7, 1, 1, 1, 2, 2, 2, 4, 3, 4, 3, 4, 3, 6, 6, 6, 5, 5, 5]","[NameSystem_2,block blk_6,block blk_6,block blk_6,NameSystem_2,NameSystem_2,NameSystem_2,blk_4,blk_4,blk_4,blk_4,blk_4,blk_4,blk_4,blk_4,blk_4,block blk file_7,block blk file_7,block blk file_7]","[allocate_4,receiving_28,receiving_28,receiving_28,add_3,add_3,add_3,writing_23,none_22,writing_23,none_22,writing_23,none_22,delete_24,delete_24,delete_24,deleting_34,deleting_34,deleting_34]","[none_4,none_40,none_40,none_40,updated_3,updated_3,updated_3,none_32,none_31,none_32,none_31,none_32,none_31,invalid_34,invalid_34,invalid_34,none_46,none_46,none_46]"
111699,"[7, 1, 1, 1, 2, 2, 3, 4, 3, 4, 4, 3, 2, 9, 9, 8, 10, 10, 10, 6, 6, 6, 5, 5, 5]","[NameSystem_2,block blk_6,block blk_6,block blk_6,NameSystem_2,NameSystem_2,blk_4,blk_4,blk_4,blk_4,blk_4,blk_4,NameSystem_2,blk_4,blk_4,/_0,blk_4,blk_4,blk_4,blk_4,blk_4,blk_4,block blk file_7,block blk file_7,block blk file_7]","[allocate_4,receiving_28,receiving_28,receiving_28,add_3,add_3,none_22,writing_23,none_22,writing_23,writing_23,none_22,add_3,transfer_13,transfer_13,serving_0,verification_25,verification_25,verification_25,delete_24,delete_24,delete_24,deleting_34,deleting_34,deleting_34]","[none_4,none_40,none_40,none_40,updated_3,updated_3,none_31,none_32,none_31,none_32,none_32,none_31,updated_3,exception_21,exception_21,none_0,successful_35,successful_35,successful_35,invalid_34,invalid_34,invalid_34,none_46,none_46,none_46]"
458776,"[7, 1, 1, 1, 3, 4, 3, 4, 2, 2, 3, 4, 2, 6, 6, 6, 5, 5, 5]","[NameSystem_2,block blk_6,block blk_6,block blk_6,blk_4,blk_4,blk_4,blk_4,NameSystem_2,NameSystem_2,blk_4,blk_4,NameSystem_2,blk_4,blk_4,blk_4,block blk file_7,block blk file_7,block blk file_7]","[allocate_4,receiving_28,receiving_28,receiving_28,none_22,writing_23,none_22,writing_23,add_3,add_3,none_22,writing_23,add_3,delete_24,delete_24,delete_24,deleting_34,deleting_34,deleting_34]","[none_4,none_40,none_40,none_40,none_31,none_32,none_31,none_32,updated_3,updated_3,none_31,none_32,updated_3,invalid_34,invalid_34,invalid_34,none_46,none_46,none_46]"
263540,"[1, 1, 1, 7, 3, 4, 3, 4, 3, 4, 2, 2, 2, 6, 6, 6, 5, 5, 5]","[block blk_6,block blk_6,block blk_6,NameSystem_2,blk_4,blk_4,blk_4,blk_4,blk_4,blk_4,NameSystem_2,NameSystem_2,NameSystem_2,blk_4,blk_4,blk_4,block blk file_7,block blk file_7,block blk file_7]","[receiving_28,receiving_28,receiving_28,allocate_4,none_22,writing_23,none_22,writing_23,none_22,writing_23,add_3,add_3,add_3,delete_24,delete_24,delete_24,deleting_34,deleting_34,deleting_34]","[none_40,none_40,none_40,none_4,none_31,none_32,none_31,none_32,none_31,none_32,updated_3,updated_3,updated_3,invalid_34,invalid_34,invalid_34,none_46,none_46,none_46]"
216396,"[1, 1, 7, 1, 3, 4, 3, 4, 3, 4, 2, 2, 2, 6, 6, 6, 5, 5, 5]","[block blk_6,block blk_6,NameSystem_2,block blk_6,blk_4,blk_4,blk_4,blk_4,blk_4,blk_4,NameSystem_2,NameSystem_2,NameSystem_2,blk_4,blk_4,blk_4,block blk file_7,block blk file_7,block blk file_7]","[receiving_28,receiving_28,allocate_4,receiving_28,none_22,writing_23,none_22,writing_23,none_22,writing_23,add_3,add_3,add_3,delete_24,delete_24,delete_24,deleting_34,deleting_34,deleting_34]","[none_40,none_40,none_4,none_40,none_31,none_32,none_31,none_32,none_31,none_32,updated_3,updated_3,updated_3,invalid_34,invalid_34,invalid_34,none_46,none_46,none_46]"
334511,"[1, 1, 1, 7, 3, 4, 3, 4, 3, 4, 2, 2, 2]","[block blk_6,block blk_6,block blk_6,NameSystem_2,blk_4,blk_4,blk_4,blk_4,blk_4,blk_4,NameSystem_2,NameSystem_2,NameSystem_2]","[receiving_28,receiving_28,receiving_28,allocate_4,none_22,writing_23,none_22,writing_23,none_22,writing_23,add_3,add_3,add_3]","[none_40,none_40,none_40,none_4,none_31,none_32,none_31,none_32,none_31,none_32,updated_3,updated_3,updated_3]"
425718,"[1, 1, 7, 1, 3, 4, 3, 4, 2, 2, 3, 4, 2, 6, 6, 6, 5, 5, 5]","[block blk_6,block blk_6,NameSystem_2,block blk_6,blk_4,blk_4,blk_4,blk_4,NameSystem_2,NameSystem_2,blk_4,blk_4,NameSystem_2,blk_4,blk_4,blk_4,block blk file_7,block blk file_7,block blk file_7]","[receiving_28,receiving_28,allocate_4,receiving_28,none_22,writing_23,none_22,writing_23,add_3,add_3,none_22,writing_23,add_3,delete_24,delete_24,delete_24,deleting_34,deleting_34,deleting_34]","[none_40,none_40,none_4,none_40,none_31,none_32,none_31,none_32,updated_3,updated_3,none_31,none_32,updated_3,invalid_34,invalid_34,invalid_34,none_46,none_46,none_46]"
320686,"[1, 1, 1, 7, 3, 4, 3, 4, 2, 2, 3, 4, 2, 6, 6, 6, 5, 5, 5]","[block blk_6,block blk_6,block blk_6,NameSystem_2,blk_4,blk_4,blk_4,blk_4,NameSystem_2,NameSystem_2,blk_4,blk_4,NameSystem_2,blk_4,blk_4,blk_4,block blk file_7,block blk file_7,block blk file_7]","[receiving_28,receiving_28,receiving_28,allocate_4,none_22,writing_23,none_22,writing_23,add_3,add_3,none_22,writing_23,add_3,delete_24,delete_24,delete_24,deleting_34,deleting_34,deleting_34]","[none_40,none_40,none_40,none_4,none_31,none_32,none_31,none_32,updated_3,updated_3,none_31,none_32,updated_3,invalid_34,invalid_34,invalid_34,none_46,none_46,none_46]"
520629,"[1, 1, 7, 1, 3, 4, 3, 4, 3, 4, 2, 2, 2]","[block blk_6,block blk_6,NameSystem_2,block blk_6,blk_4,blk_4,blk_4,blk_4,blk_4,blk_4,NameSystem_2,NameSystem_2,NameSystem_2]","[receiving_28,receiving_28,allocate_4,receiving_28,none_22,writing_23,none_22,writing_23,none_22,writing_23,add_3,add_3,add_3]","[none_40,none_40,none_4,none_40,none_31,none_32,none_31,none_32,none_31,none_32,updated_3,updated_3,updated_3]"
425725,"[1, 1, 1, 7, 3, 4, 3, 4, 3, 4, 2, 2, 2, 6, 6, 6, 5, 5, 5]","[block blk_6,block blk_6,block blk_6,NameSystem_2,blk_4,blk_4,blk_4,blk_4,blk_4,blk_4,NameSystem_2,NameSystem_2,NameSystem_2,blk_4,blk_4,blk_4,block blk file_7,block blk file_7,block blk file_7]","[receiving_28,receiving_28,receiving_28,allocate_4,none_22,writing_23,none_22,writing_23,none_22,writing_23,add_3,add_3,add_3,delete_24,delete_24,delete_24,deleting_34,deleting_34,deleting_34]","[none_40,none_40,none_40,none_4,none_31,none_32,none_31,none_32,none_31,none_32,updated_3,updated_3,updated_3,invalid_34,invalid_34,invalid_34,none_46,none_46,none_46]"
495955,"[1, 1, 7, 1, 3, 4, 3, 4, 3, 4, 2, 2, 2]","[block blk_6,block blk_6,NameSystem_2,block blk_6,blk_4,blk_4,blk_4,blk_4,blk_4,blk_4,NameSystem_2,NameSystem_2,NameSystem_2]","[receiving_28,receiving_28,allocate_4,receiving_28,none_22,writing_23,none_22,writing_23,none_22,writing_23,add_3,add_3,add_3]","[none_40,none_40,none_4,none_40,none_31,none_32,none_31,none_32,none_31,none_32,updated_3,updated_3,updated_3]"
515297,"[1, 7, 1, 1, 4, 3, 4, 3, 4, 2, 2, 3, 2, 10]","[block blk_6,NameSystem_2,block blk_6,block blk_6,blk_4,blk_4,blk_4,blk_4,blk_4,NameSystem_2,NameSystem_2,blk_4,NameSystem_2,blk_4]","[receiving_28,allocate_4,receiving_28,receiving_28,writing_23,none_22,writing_23,none_22,writing_23,add_3,add_3,none_22,add_3,verification_25]","[none_40,none_4,none_40,none_40,none_32,none_31,none_32,none_31,none_32,updated_3,updated_3,none_31,updated_3,successful_35]"
461664,"[1, 7, 1, 1, 3, 4, 3, 4, 3, 4, 2, 2, 2, 6, 6, 6, 5, 5, 5]","[block blk_6,NameSystem_2,block blk_6,block blk_6,blk_4,blk_4,blk_4,blk_4,blk_4,blk_4,NameSystem_2,NameSystem_2,NameSystem_2,blk_4,blk_4,blk_4,block blk file_7,block blk file_7,block blk file_7]","[receiving_28,allocate_4,receiving_28,receiving_28,none_22,writing_23,none_22,writing_23,none_22,writing_23,add_3,add_3,add_3,delete_24,delete_24,delete_24,deleting_34,deleting_34,deleting_34]","[none_40,none_4,none_40,none_40,none_31,none_32,none_31,none_32,none_31,none_32,updated_3,updated_3,updated_3,invalid_34,invalid_34,invalid_34,none_46,none_46,none_46]"
570395,"[1, 7, 1, 1, 2, 3, 4, 3, 4, 2, 3, 4, 2, 6, 6, 6, 5, 5, 5]","[block blk_6,NameSystem_2,block blk_6,block blk_6,NameSystem_2,blk_4,blk_4,blk_4,blk_4,NameSystem_2,blk_4,blk_4,NameSystem_2,blk_4,blk_4,blk_4,block blk file_7,block blk file_7,block blk file_7]","[receiving_28,allocate_4,receiving_28,receiving_28,add_3,none_22,writing_23,none_22,writing_23,add_3,none_22,writing_23,add_3,delete_24,delete_24,delete_24,deleting_34,deleting_34,deleting_34]","[none_40,none_4,none_40,none_40,updated_3,none_31,none_32,none_31,none_32,updated_3,none_31,none_32,updated_3,invalid_34,invalid_34,invalid_34,none_46,none_46,none_46]"
5230,"[7, 1, 1, 1, 2, 2, 3, 4, 3, 4, 3, 4, 2, 9, 8, 9, 10, 10, 10, 6, 6, 6, 5, 5, 5]","[NameSystem_2,block blk_6,block blk_6,block blk_6,NameSystem_2,NameSystem_2,blk_4,blk_4,blk_4,blk_4,blk_4,blk_4,NameSystem_2,blk_4,/_0,blk_4,blk_4,blk_4,blk_4,blk_4,blk_4,blk_4,block blk file_7,block blk file_7,block blk file_7]","[allocate_4,receiving_28,receiving_28,receiving_28,add_3,add_3,none_22,writing_23,none_22,writing_23,none_22,writing_23,add_3,transfer_13,serving_0,transfer_13,verification_25,verification_25,verification_25,delete_24,delete_24,delete_24,deleting_34,deleting_34,deleting_34]","[none_4,none_40,none_40,none_40,updated_3,updated_3,none_31,none_32,none_31,none_32,none_31,none_32,updated_3,exception_21,none_0,exception_21,successful_35,successful_35,successful_35,invalid_34,invalid_34,invalid_34,none_46,none_46,none_46]"
185849,"[1, 1, 1, 7, 3, 4, 3, 4, 3, 4, 2, 2, 2, 6, 6, 6, 5, 5, 5]","[block blk_6,block blk_6,block blk_6,NameSystem_2,blk_4,blk_4,blk_4,blk_4,blk_4,blk_4,NameSystem_2,NameSystem_2,NameSystem_2,blk_4,blk_4,blk_4,block blk file_7,block blk file_7,block blk file_7]","[receiving_28,receiving_28,receiving_28,allocate_4,none_22,writing_23,none_22,writing_23,none_22,writing_23,add_3,add_3,add_3,delete_24,delete_24,delete_24,deleting_34,deleting_34,deleting_34]","[none_40,none_40,none_40,none_4,none_31,none_32,none_31,none_32,none_31,none_32,updated_3,updated_3,updated_3,invalid_34,invalid_34,invalid_34,none_46,none_46,none_46]"
45341,"[7, 1, 1, 1, 2, 2, 2, 3, 4, 3, 4, 3, 4, 6, 6, 6, 5, 5, 5]","[NameSystem_2,block blk_6,block blk_6,block blk_6,NameSystem_2,NameSystem_2,NameSystem_2,blk_4,blk_4,blk_4,blk_4,blk_4,blk_4,blk_4,blk_4,blk_4,block blk file_7,block blk file_7,block blk file_7]","[allocate_4,receiving_28,receiving_28,receiving_28,add_3,add_3,add_3,none_22,writing_23,none_22,writing_23,none_22,writing_23,delete_24,delete_24,delete_24,deleting_34,deleting_34,deleting_34]","[none_4,none_40,none_40,none_40,updated_3,updated_3,updated_3,none_31,none_32,none_31,none_32,none_31,none_32,invalid_34,invalid_34,invalid_34,none_46,none_46,none_46]"
492085,"[1, 1, 1, 7, 3, 4, 3, 4, 3, 4, 2, 2, 2]","[block blk_6,block blk_6,block blk_6,NameSystem_2,blk_4,blk_4,blk_4,blk_4,blk_4,blk_4,NameSystem_2,NameSystem_2,NameSystem_2]","[receiving_28,receiving_28,receiving_28,allocate_4,none_22,writing_23,none_22,writing_23,none_22,writing_23,add_3,add_3,add_3]","[none_40,none_40,none_40,none_4,none_31,none_32,none_31,none_32,none_31,none_32,updated_3,updated_3,updated_3]"
559781,"[1, 1, 7, 1, 3, 4, 3, 4, 3, 4, 2, 2, 2, 6, 6, 6, 5, 5, 5]","[block blk_6,block blk_6,NameSystem_2,block blk_6,blk_4,blk_4,blk_4,blk_4,blk_4,blk_4,NameSystem_2,NameSystem_2,NameSystem_2,blk_4,blk_4,blk_4,block blk file_7,block blk file_7,block blk file_7]","[receiving_28,receiving_28,allocate_4,receiving_28,none_22,writing_23,none_22,writing_23,none_22,writing_23,add_3,add_3,add_3,delete_24,delete_24,delete_24,deleting_34,deleting_34,deleting_34]","[none_40,none_40,none_4,none_40,none_31,none_32,none_31,none_32,none_31,none_32,updated_3,updated_3,updated_3,invalid_34,invalid_34,invalid_34,none_46,none_46,none_46]"
162767,"[1, 1, 7, 1, 3, 4, 3, 4, 2, 2, 3, 4, 2, 8, 8, 9, 8, 9, 8, 6, 6, 6, 5, 5, 5]","[block blk_6,block blk_6,NameSystem_2,block blk_6,blk_4,blk_4,blk_4,blk_4,NameSystem_2,NameSystem_2,blk_4,blk_4,NameSystem_2,/_0,/_0,blk_4,/_0,blk_4,/_0,blk_4,blk_4,blk_4,block blk file_7,block blk file_7,block blk file_7]","[receiving_28,receiving_28,allocate_4,receiving_28,none_22,writing_23,none_22,writing_23,add_3,add_3,none_22,writing_23,add_3,serving_0,serving_0,transfer_13,serving_0,transfer_13,serving_0,delete_24,delete_24,delete_24,deleting_34,deleting_34,deleting_34]","[none_40,none_40,none_4,none_40,none_31,none_32,none_31,none_32,updated_3,updated_3,none_31,none_32,updated_3,none_0,none_0,exception_21,none_0,exception_21,none_0,invalid_34,invalid_34,invalid_34,none_46,none_46,none_46]"
53044,"[7, 1, 1, 1, 2, 2, 2, 3, 4, 3, 4, 3, 4, 6, 6, 6, 5, 5, 5]","[NameSystem_2,block blk_6,block blk_6,block blk_6,NameSystem_2,NameSystem_2,NameSystem_2,blk_4,blk_4,blk_4,blk_4,blk_4,blk_4,blk_4,blk_4,blk_4,block blk file_7,block blk file_7,block blk file_7]","[allocate_4,receiving_28,receiving_28,receiving_28,add_3,add_3,add_3,none_22,writing_23,none_22,writing_23,none_22,writing_23,delete_24,delete_24,delete_24,deleting_34,deleting_34,deleting_34]","[none_4,none_40,none_40,none_40,updated_3,updated_3,updated_3,none_31,none_32,none_31,none_32,none_31,none_32,invalid_34,invalid_34,invalid_34,none_46,none_46,none_46]"
530685,"[1, 7, 1, 1, 3, 4, 3, 4, 3, 4, 2, 2, 2]","[block blk_6,NameSystem_2,block blk_6,block blk_6,blk_4,blk_4,blk_4,blk_4,blk_4,blk_4,NameSystem_2,NameSystem_2,NameSystem_2]","[receiving_28,allocate_4,receiving_28,receiving_28,none_22,writing_23,none_22,writing_23,none_22,writing_23,add_3,add_3,add_3]","[none_40,none_4,none_40,none_40,none_31,none_32,none_31,none_32,none_31,none_32,updated_3,updated_3,updated_3]"
441559,"[1, 1, 1, 7, 3, 4, 3, 4, 3, 4, 2, 2, 2, 6, 6, 6, 5, 5, 5]","[block blk_6,block blk_6,block blk_6,NameSystem_2,blk_4,blk_4,blk_4,blk_4,blk_4,blk_4,NameSystem_2,NameSystem_2,NameSystem_2,blk_4,blk_4,blk_4,block blk file_7,block blk file_7,block blk file_7]","[receiving_28,receiving_28,receiving_28,allocate_4,none_22,writing_23,none_22,writing_23,none_22,writing_23,add_3,add_3,add_3,delete_24,delete_24,delete_24,deleting_34,deleting_34,deleting_34]","[none_40,none_40,none_40,none_4,none_31,none_32,none_31,none_32,none_31,none_32,updated_3,updated_3,updated_3,invalid_34,invalid_34,invalid_34,none_46,none_46,none_46]"
9379,"[7, 1, 1, 1, 2, 2, 2, 3, 4, 3, 3, 4, 4, 9, 8, 9, 10, 10, 6, 6, 6, 5, 5, 5]","[NameSystem_2,block blk_6,block blk_6,block blk_6,NameSystem_2,NameSystem_2,NameSystem_2,blk_4,blk_4,blk_4,blk_4,blk_4,blk_4,blk_4,/_0,blk_4,blk_4,blk_4,blk_4,blk_4,blk_4,block blk file_7,block blk file_7,block blk file_7]","[allocate_4,receiving_28,receiving_28,receiving_28,add_3,add_3,add_3,none_22,writing_23,none_22,none_22,writing_23,writing_23,transfer_13,serving_0,transfer_13,verification_25,verification_25,delete_24,delete_24,delete_24,deleting_34,deleting_34,deleting_34]","[none_4,none_40,none_40,none_40,updated_3,updated_3,updated_3,none_31,none_32,none_31,none_31,none_32,none_32,exception_21,none_0,exception_21,successful_35,successful_35,invalid_34,invalid_34,invalid_34,none_46,none_46,none_46]"
86484,"[7, 1, 1, 1, 2, 2, 2, 3, 4, 3, 4, 3, 4, 8, 8, 9, 8, 8, 9, 9, 8, 8, 8, 8, 9, 6, 6, 6, 5, 5, 5]","[NameSystem_2,block blk_6,block blk_6,block blk_6,NameSystem_2,NameSystem_2,NameSystem_2,blk_4,blk_4,blk_4,blk_4,blk_4,blk_4,/_0,/_0,blk_4,/_0,/_0,blk_4,blk_4,/_0,/_0,/_0,/_0,blk_4,blk_4,blk_4,blk_4,block blk file_7,block blk file_7,block blk file_7]","[allocate_4,receiving_28,receiving_28,receiving_28,add_3,add_3,add_3,none_22,writing_23,none_22,writing_23,none_22,writing_23,serving_0,serving_0,transfer_13,serving_0,serving_0,transfer_13,transfer_13,serving_0,serving_0,serving_0,serving_0,transfer_13,delete_24,delete_24,delete_24,deleting_34,deleting_34,deleting_34]","[none_4,none_40,none_40,none_40,updated_3,updated_3,updated_3,none_31,none_32,none_31,none_32,none_31,none_32,none_0,none_0,exception_21,none_0,none_0,exception_21,exception_21,none_0,none_0,none_0,none_0,exception_21,invalid_34,invalid_34,invalid_34,none_46,none_46,none_46]"
541850,"[1, 1, 7, 1, 3, 4, 3, 4, 3, 4, 2, 2, 2, 6, 6, 6, 5, 5, 5]","[block blk_6,block blk_6,NameSystem_2,block blk_6,blk_4,blk_4,blk_4,blk_4,blk_4,blk_4,NameSystem_2,NameSystem_2,NameSystem_2,blk_4,blk_4,blk_4,block blk file_7,block blk file_7,block blk file_7]","[receiving_28,receiving_28,allocate_4,receiving_28,none_22,writing_23,none_22,writing_23,none_22,writing_23,add_3,add_3,add_3,delete_24,delete_24,delete_24,deleting_34,deleting_34,deleting_34]","[none_40,none_40,none_4,none_40,none_31,none_32,none_31,none_32,none_31,none_32,updated_3,updated_3,updated_3,invalid_34,invalid_34,invalid_34,none_46,none_46,none_46]"
404597,"[1, 7, 1, 1, 3, 4, 3, 4, 3, 4, 2, 2, 2, 6, 6, 6, 5, 5, 5]","[block blk_6,NameSystem_2,block blk_6,block blk_6,blk_4,blk_4,blk_4,blk_4,blk_4,blk_4,NameSystem_2,NameSystem_2,NameSystem_2,blk_4,blk_4,blk_4,block blk file_7,block blk file_7,block blk file_7]","[receiving_28,allocate_4,receiving_28,receiving_28,none_22,writing_23,none_22,writing_23,none_22,writing_23,add_3,add_3,add_3,delete_24,delete_24,delete_24,deleting_34,deleting_34,deleting_34]","[none_40,none_4,none_40,none_40,none_31,none_32,none_31,none_32,none_31,none_32,updated_3,updated_3,updated_3,invalid_34,invalid_34,invalid_34,none_46,none_46,none_46]"
497139,"[1, 1, 7, 1, 3, 4, 3, 4, 3, 4, 2, 2, 2]","[block blk_6,block blk_6,NameSystem_2,block blk_6,blk_4,blk_4,blk_4,blk_4,blk_4,blk_4,NameSystem_2,NameSystem_2,NameSystem_2]","[receiving_28,receiving_28,allocate_4,receiving_28,none_22,writing_23,none_22,writing_23,none_22,writing_23,add_3,add_3,add_3]","[none_40,none_40,none_4,none_40,none_31,none_32,none_31,none_32,none_31,none_32,updated_3,updated_3,updated_3]"
283552,"[1, 1, 1, 7, 3, 4, 3, 4, 3, 4, 2, 2, 2, 6, 6, 6, 5, 5, 5]","[block blk_6,block blk_6,block blk_6,NameSystem_2,blk_4,blk_4,blk_4,blk_4,blk_4,blk_4,NameSystem_2,NameSystem_2,NameSystem_2,blk_4,blk_4,blk_4,block blk file_7,block blk file_7,block blk file_7]","[receiving_28,receiving_28,receiving_28,allocate_4,none_22,writing_23,none_22,writing_23,none_22,writing_23,add_3,add_3,add_3,delete_24,delete_24,delete_24,deleting_34,deleting_34,deleting_34]","[none_40,none_40,none_40,none_4,none_31,none_32,none_31,none_32,none_31,none_32,updated_3,updated_3,updated_3,invalid_34,invalid_34,invalid_34,none_46,none_46,none_46]"
31355,"[1, 7, 1, 1, 3, 4, 3, 4, 3, 4, 2, 2, 2, 9, 8, 9, 6, 6, 6, 5, 5, 5]","[block blk_6,NameSystem_2,block blk_6,block blk_6,blk_4,blk_4,blk_4,blk_4,blk_4,blk_4,NameSystem_2,NameSystem_2,NameSystem_2,blk_4,/_0,blk_4,blk_4,blk_4,blk_4,block blk file_7,block blk file_7,block blk file_7]","[receiving_28,allocate_4,receiving_28,receiving_28,none_22,writing_23,none_22,writing_23,none_22,writing_23,add_3,add_3,add_3,transfer_13,serving_0,transfer_13,delete_24,delete_24,delete_24,deleting_34,deleting_34,deleting_34]","[none_40,none_4,none_40,none_40,none_31,none_32,none_31,none_32,none_31,none_32,updated_3,updated_3,updated_3,exception_21,none_0,exception_21,invalid_34,invalid_34,invalid_34,none_46,none_46,none_46]"
326815,"[1, 1, 1, 7, 3, 4, 3, 4, 3, 4, 2, 2, 2]","[block blk_6,block blk_6,block blk_6,NameSystem_2,blk_4,blk_4,blk_4,blk_4,blk_4,blk_4,NameSystem_2,NameSystem_2,NameSystem_2]","[receiving_28,receiving_28,receiving_28,allocate_4,none_22,writing_23,none_22,writing_23,none_22,writing_23,add_3,add_3,add_3]","[none_40,none_40,none_40,none_4,none_31,none_32,none_31,none_32,none_31,none_32,updated_3,updated_3,updated_3]"
47489,"[7, 1, 1, 1, 2, 2, 2, 3, 4, 3, 4, 3, 4, 10, 6, 6, 6, 5, 5, 5]","[NameSystem_2,block blk_6,block blk_6,block blk_6,NameSystem_2,NameSystem_2,NameSystem_2,blk_4,blk_4,blk_4,blk_4,blk_4,blk_4,blk_4,blk_4,blk_4,blk_4,block blk file_7,block blk file_7,block blk file_7]","[allocate_4,receiving_28,receiving_28,receiving_28,add_3,add_3,add_3,none_22,writing_23,none_22,writing_23,none_22,writing_23,verification_25,delete_24,delete_24,delete_24,deleting_34,deleting_34,deleting_34]","[none_4,none_40,none_40,none_40,updated_3,updated_3,updated_3,none_31,none_32,none_31,none_32,none_31,none_32,successful_35,invalid_34,invalid_34,invalid_34,none_46,none_46,none_46]"
255225,"[1, 1, 1, 7, 3, 4, 3, 4, 3, 4, 2, 2, 2, 6, 6, 6, 5, 5, 5]","[block blk_6,block blk_6,block blk_6,NameSystem_2,blk_4,blk_4,blk_4,blk_4,blk_4,blk_4,NameSystem_2,NameSystem_2,NameSystem_2,blk_4,blk_4,blk_4,block blk file_7,block blk file_7,block blk file_7]","[receiving_28,receiving_28,receiving_28,allocate_4,none_22,writing_23,none_22,writing_23,none_22,writing_23,add_3,add_3,add_3,delete_24,delete_24,delete_24,deleting_34,deleting_34,deleting_34]","[none_40,none_40,none_40,none_4,none_31,none_32,none_31,none_32,none_31,none_32,updated_3,updated_3,updated_3,invalid_34,invalid_34,invalid_34,none_46,none_46,none_46]"
268472,"[1, 7, 1, 1, 3, 4, 3, 4, 3, 4, 2, 2, 2, 6, 6, 6, 5, 5, 5]","[block blk_6,NameSystem_2,block blk_6,block blk_6,blk_4,blk_4,blk_4,blk_4,blk_4,blk_4,NameSystem_2,NameSystem_2,NameSystem_2,blk_4,blk_4,blk_4,block blk file_7,block blk file_7,block blk file_7]","[receiving_28,allocate_4,receiving_28,receiving_28,none_22,writing_23,none_22,writing_23,none_22,writing_23,add_3,add_3,add_3,delete_24,delete_24,delete_24,deleting_34,deleting_34,deleting_34]","[none_40,none_4,none_40,none_40,none_31,none_32,none_31,none_32,none_31,none_32,updated_3,updated_3,updated_3,invalid_34,invalid_34,invalid_34,none_46,none_46,none_46]"
100220,"[7, 1, 1, 1, 2, 2, 3, 4, 3, 4, 3, 4, 2, 8, 8, 9, 8, 8, 9, 8, 9, 8, 6, 6, 6, 5, 5, 5]","[NameSystem_2,block blk_6,block blk_6,block blk_6,NameSystem_2,NameSystem_2,blk_4,blk_4,blk_4,blk_4,blk_4,blk_4,NameSystem_2,/_0,/_0,blk_4,/_0,/_0,blk_4,/_0,blk_4,/_0,blk_4,blk_4,blk_4,block blk file_7,block blk file_7,block blk file_7]","[allocate_4,receiving_28,receiving_28,receiving_28,add_3,add_3,none_22,writing_23,none_22,writing_23,none_22,writing_23,add_3,serving_0,serving_0,transfer_13,serving_0,serving_0,transfer_13,serving_0,transfer_13,serving_0,delete_24,delete_24,delete_24,deleting_34,deleting_34,deleting_34]","[none_4,none_40,none_40,none_40,updated_3,updated_3,none_31,none_32,none_31,none_32,none_31,none_32,updated_3,none_0,none_0,exception_21,none_0,none_0,exception_21,none_0,exception_21,none_0,invalid_34,invalid_34,invalid_34,none_46,none_46,none_46]"
417880,"[7, 1, 1, 1, 3, 4, 3, 4, 3, 4, 2, 2, 2, 6, 6, 6, 5, 5, 5]","[NameSystem_2,block blk_6,block blk_6,block blk_6,blk_4,blk_4,blk_4,blk_4,blk_4,blk_4,NameSystem_2,NameSystem_2,NameSystem_2,blk_4,blk_4,blk_4,block blk file_7,block blk file_7,block blk file_7]","[allocate_4,receiving_28,receiving_28,receiving_28,none_22,writing_23,none_22,writing_23,none_22,writing_23,add_3,add_3,add_3,delete_24,delete_24,delete_24,deleting_34,deleting_34,deleting_34]","[none_4,none_40,none_40,none_40,none_31,none_32,none_31,none_32,none_31,none_32,updated_3,updated_3,updated_3,invalid_34,invalid_34,invalid_34,none_46,none_46,none_46]"
56996,"[7, 1, 1, 1, 2, 2, 2, 3, 4, 3, 4, 3, 4, 6, 6, 6, 5, 5, 5]","[NameSystem_2,block blk_6,block blk_6,block blk_6,NameSystem_2,NameSystem_2,NameSystem_2,blk_4,blk_4,blk_4,blk_4,blk_4,blk_4,blk_4,blk_4,blk_4,block blk file_7,block blk file_7,block blk file_7]","[allocate_4,receiving_28,receiving_28,receiving_28,add_3,add_3,add_3,none_22,writing_23,none_22,writing_23,none_22,writing_23,delete_24,delete_24,delete_24,deleting_34,deleting_34,deleting_34]","[none_4,none_40,none_40,none_40,updated_3,updated_3,updated_3,none_31,none_32,none_31,none_32,none_31,none_32,invalid_34,invalid_34,invalid_34,none_46,none_46,none_46]"
402750,"[1, 1, 1, 7, 3, 4, 3, 4, 3, 4, 2, 2, 2, 6, 6, 6, 5, 5, 5]","[block blk_6,block blk_6,block blk_6,NameSystem_2,blk_4,blk_4,blk_4,blk_4,blk_4,blk_4,NameSystem_2,NameSystem_2,NameSystem_2,blk_4,blk_4,blk_4,block blk file_7,block blk file_7,block blk file_7]","[receiving_28,receiving_28,receiving_28,allocate_4,none_22,writing_23,none_22,writing_23,none_22,writing_23,add_3,add_3,add_3,delete_24,delete_24,delete_24,deleting_34,deleting_34,deleting_34]","[none_40,none_40,none_40,none_4,none_31,none_32,none_31,none_32,none_31,none_32,updated_3,updated_3,updated_3,invalid_34,invalid_34,invalid_34,none_46,none_46,none_46]"
141587,"[1, 7, 1, 1, 3, 4, 3, 4, 2, 2, 3, 4, 2, 9, 9, 8, 6, 6, 6, 5, 5, 5]","[block blk_6,NameSystem_2,block blk_6,block blk_6,blk_4,blk_4,blk_4,blk_4,NameSystem_2,NameSystem_2,blk_4,blk_4,NameSystem_2,blk_4,blk_4,/_0,blk_4,blk_4,blk_4,block blk file_7,block blk file_7,block blk file_7]","[receiving_28,allocate_4,receiving_28,receiving_28,none_22,writing_23,none_22,writing_23,add_3,add_3,none_22,writing_23,add_3,transfer_13,transfer_13,serving_0,delete_24,delete_24,delete_24,deleting_34,deleting_34,deleting_34]","[none_40,none_4,none_40,none_40,none_31,none_32,none_31,none_32,updated_3,updated_3,none_31,none_32,updated_3,exception_21,exception_21,none_0,invalid_34,invalid_34,invalid_34,none_46,none_46,none_46]"
390491,"[1, 1, 7, 1, 3, 4, 3, 4, 3, 4, 2, 2, 2, 6, 6, 6, 5, 5, 5]","[block blk_6,block blk_6,NameSystem_2,block blk_6,blk_4,blk_4,blk_4,blk_4,blk_4,blk_4,NameSystem_2,NameSystem_2,NameSystem_2,blk_4,blk_4,blk_4,block blk file_7,block blk file_7,block blk file_7]","[receiving_28,receiving_28,allocate_4,receiving_28,none_22,writing_23,none_22,writing_23,none_22,writing_23,add_3,add_3,add_3,delete_24,delete_24,delete_24,deleting_34,deleting_34,deleting_34]","[none_40,none_40,none_4,none_40,none_31,none_32,none_31,none_32,none_31,none_32,updated_3,updated_3,updated_3,invalid_34,invalid_34,invalid_34,none_46,none_46,none_46]"
541086,"[1, 1, 7, 1, 3, 4, 3, 4, 3, 4, 2, 2, 2, 6, 6, 6, 5, 5, 5]","[block blk_6,block blk_6,NameSystem_2,block blk_6,blk_4,blk_4,blk_4,blk_4,blk_4,blk_4,NameSystem_2,NameSystem_2,NameSystem_2,blk_4,blk_4,blk_4,block blk file_7,block blk file_7,block blk file_7]","[receiving_28,receiving_28,allocate_4,receiving_28,none_22,writing_23,none_22,writing_23,none_22,writing_23,add_3,add_3,add_3,delete_24,delete_24,delete_24,deleting_34,deleting_34,deleting_34]","[none_40,none_40,none_4,none_40,none_31,none_32,none_31,none_32,none_31,none_32,updated_3,updated_3,updated_3,invalid_34,invalid_34,invalid_34,none_46,none_46,none_46]"
456247,"[1, 1, 7, 1, 3, 4, 3, 4, 3, 4, 2, 2, 2, 6, 6, 6, 5, 5, 5]","[block blk_6,block blk_6,NameSystem_2,block blk_6,blk_4,blk_4,blk_4,blk_4,blk_4,blk_4,NameSystem_2,NameSystem_2,NameSystem_2,blk_4,blk_4,blk_4,block blk file_7,block blk file_7,block blk file_7]","[receiving_28,receiving_28,allocate_4,receiving_28,none_22,writing_23,none_22,writing_23,none_22,writing_23,add_3,add_3,add_3,delete_24,delete_24,delete_24,deleting_34,deleting_34,deleting_34]","[none_40,none_40,none_4,none_40,none_31,none_32,none_31,none_32,none_31,none_32,updated_3,updated_3,updated_3,invalid_34,invalid_34,invalid_34,none_46,none_46,none_46]"
560690,"[1, 1, 7, 1, 3, 4, 4, 3, 4, 2, 2, 2, 3, 6, 6, 6, 5, 5, 5]","[block blk_6,block blk_6,NameSystem_2,block blk_6,blk_4,blk_4,blk_4,blk_4,blk_4,NameSystem_2,NameSystem_2,NameSystem_2,blk_4,blk_4,blk_4,blk_4,block blk file_7,block blk file_7,block blk file_7]","[receiving_28,receiving_28,allocate_4,receiving_28,none_22,writing_23,writing_23,none_22,writing_23,add_3,add_3,add_3,none_22,delete_24,delete_24,delete_24,deleting_34,deleting_34,deleting_34]","[none_40,none_40,none_4,none_40,none_31,none_32,none_32,none_31,none_32,updated_3,updated_3,updated_3,none_31,invalid_34,invalid_34,invalid_34,none_46,none_46,none_46]"
258577,"[1, 1, 1, 7, 3, 4, 3, 4, 3, 4, 2, 2, 2, 6, 6, 6, 5, 5, 5]","[block blk_6,block blk_6,block blk_6,NameSystem_2,blk_4,blk_4,blk_4,blk_4,blk_4,blk_4,NameSystem_2,NameSystem_2,NameSystem_2,blk_4,blk_4,blk_4,block blk file_7,block blk file_7,block blk file_7]","[receiving_28,receiving_28,receiving_28,allocate_4,none_22,writing_23,none_22,writing_23,none_22,writing_23,add_3,add_3,add_3,delete_24,delete_24,delete_24,deleting_34,deleting_34,deleting_34]","[none_40,none_40,none_40,none_4,none_31,none_32,none_31,none_32,none_31,none_32,updated_3,updated_3,updated_3,invalid_34,invalid_34,invalid_34,none_46,none_46,none_46]"
231412,"[1, 7, 1, 1, 3, 4, 3, 4, 3, 4, 2, 2, 2, 6, 6, 6, 5, 5, 5]","[block blk_6,NameSystem_2,block blk_6,block blk_6,blk_4,blk_4,blk_4,blk_4,blk_4,blk_4,NameSystem_2,NameSystem_2,NameSystem_2,blk_4,blk_4,blk_4,block blk file_7,block blk file_7,block blk file_7]","[receiving_28,allocate_4,receiving_28,receiving_28,none_22,writing_23,none_22,writing_23,none_22,writing_23,add_3,add_3,add_3,delete_24,delete_24,delete_24,deleting_34,deleting_34,deleting_34]","[none_40,none_4,none_40,none_40,none_31,none_32,none_31,none_32,none_31,none_32,updated_3,updated_3,updated_3,invalid_34,invalid_34,invalid_34,none_46,none_46,none_46]"
563106,"[1, 1, 1, 7, 3, 4, 3, 4, 3, 4, 2, 2, 2, 6, 6, 6, 5, 5, 5]","[block blk_6,block blk_6,block blk_6,NameSystem_2,blk_4,blk_4,blk_4,blk_4,blk_4,blk_4,NameSystem_2,NameSystem_2,NameSystem_2,blk_4,blk_4,blk_4,block blk file_7,block blk file_7,block blk file_7]","[receiving_28,receiving_28,receiving_28,allocate_4,none_22,writing_23,none_22,writing_23,none_22,writing_23,add_3,add_3,add_3,delete_24,delete_24,delete_24,deleting_34,deleting_34,deleting_34]","[none_40,none_40,none_40,none_4,none_31,none_32,none_31,none_32,none_31,none_32,updated_3,updated_3,updated_3,invalid_34,invalid_34,invalid_34,none_46,none_46,none_46]"
246154,"[7, 1, 1, 1, 3, 4, 3, 4, 3, 4, 2, 2, 2, 6, 6, 6, 5, 5, 5]","[NameSystem_2,block blk_6,block blk_6,block blk_6,blk_4,blk_4,blk_4,blk_4,blk_4,blk_4,NameSystem_2,NameSystem_2,NameSystem_2,blk_4,blk_4,blk_4,block blk file_7,block blk file_7,block blk file_7]","[allocate_4,receiving_28,receiving_28,receiving_28,none_22,writing_23,none_22,writing_23,none_22,writing_23,add_3,add_3,add_3,delete_24,delete_24,delete_24,deleting_34,deleting_34,deleting_34]","[none_4,none_40,none_40,none_40,none_31,none_32,none_31,none_32,none_31,none_32,updated_3,updated_3,updated_3,invalid_34,invalid_34,invalid_34,none_46,none_46,none_46]"
90414,"[7, 1, 1, 1, 2, 3, 4, 2, 2, 3, 4, 3, 4, 9, 8, 8, 9, 8, 8, 9, 8, 8, 8, 9, 6, 6, 6, 5, 5, 5]","[NameSystem_2,block blk_6,block blk_6,block blk_6,NameSystem_2,blk_4,blk_4,NameSystem_2,NameSystem_2,blk_4,blk_4,blk_4,blk_4,blk_4,/_0,/_0,blk_4,/_0,/_0,blk_4,/_0,/_0,/_0,blk_4,blk_4,blk_4,blk_4,block blk file_7,block blk file_7,block blk file_7]","[allocate_4,receiving_28,receiving_28,receiving_28,add_3,none_22,writing_23,add_3,add_3,none_22,writing_23,none_22,writing_23,transfer_13,serving_0,serving_0,transfer_13,serving_0,serving_0,transfer_13,serving_0,serving_0,serving_0,transfer_13,delete_24,delete_24,delete_24,deleting_34,deleting_34,deleting_34]","[none_4,none_40,none_40,none_40,updated_3,none_31,none_32,updated_3,updated_3,none_31,none_32,none_31,none_32,exception_21,none_0,none_0,exception_21,none_0,none_0,exception_21,none_0,none_0,none_0,exception_21,invalid_34,invalid_34,invalid_34,none_46,none_46,none_46]"
69754,"[7, 1, 1, 1, 2, 2, 2, 3, 4, 3, 4, 3, 4, 6, 6, 6, 5, 5, 5]","[NameSystem_2,block blk_6,block blk_6,block blk_6,NameSystem_2,NameSystem_2,NameSystem_2,blk_4,blk_4,blk_4,blk_4,blk_4,blk_4,blk_4,blk_4,blk_4,block blk file_7,block blk file_7,block blk file_7]","[allocate_4,receiving_28,receiving_28,receiving_28,add_3,add_3,add_3,none_22,writing_23,none_22,writing_23,none_22,writing_23,delete_24,delete_24,delete_24,deleting_34,deleting_34,deleting_34]","[none_4,none_40,none_40,none_40,updated_3,updated_3,updated_3,none_31,none_32,none_31,none_32,none_31,none_32,invalid_34,invalid_34,invalid_34,none_46,none_46,none_46]"
390201,"[1, 1, 1, 7, 3, 4, 3, 4, 2, 2, 3, 4, 2, 6, 6, 6, 5, 5, 5]","[block blk_6,block blk_6,block blk_6,NameSystem_2,blk_4,blk_4,blk_4,blk_4,NameSystem_2,NameSystem_2,blk_4,blk_4,NameSystem_2,blk_4,blk_4,blk_4,block blk file_7,block blk file_7,block blk file_7]","[receiving_28,receiving_28,receiving_28,allocate_4,none_22,writing_23,none_22,writing_23,add_3,add_3,none_22,writing_23,add_3,delete_24,delete_24,delete_24,deleting_34,deleting_34,deleting_34]","[none_40,none_40,none_40,none_4,none_31,none_32,none_31,none_32,updated_3,updated_3,none_31,none_32,updated_3,invalid_34,invalid_34,invalid_34,none_46,none_46,none_46]"
531929,"[1, 1, 1, 7, 3, 4, 3, 4, 3, 4, 2, 2, 2]","[block blk_6,block blk_6,block blk_6,NameSystem_2,blk_4,blk_4,blk_4,blk_4,blk_4,blk_4,NameSystem_2,NameSystem_2,NameSystem_2]","[receiving_28,receiving_28,receiving_28,allocate_4,none_22,writing_23,none_22,writing_23,none_22,writing_23,add_3,add_3,add_3]","[none_40,none_40,none_40,none_4,none_31,none_32,none_31,none_32,none_31,none_32,updated_3,updated_3,updated_3]"
416708,"[1, 1, 7, 1, 3, 4, 3, 4, 3, 4, 2, 2, 2, 6, 6, 6, 5, 5, 5]","[block blk_6,block blk_6,NameSystem_2,block blk_6,blk_4,blk_4,blk_4,blk_4,blk_4,blk_4,NameSystem_2,NameSystem_2,NameSystem_2,blk_4,blk_4,blk_4,block blk file_7,block blk file_7,block blk file_7]","[receiving_28,receiving_28,allocate_4,receiving_28,none_22,writing_23,none_22,writing_23,none_22,writing_23,add_3,add_3,add_3,delete_24,delete_24,delete_24,deleting_34,deleting_34,deleting_34]","[none_40,none_40,none_4,none_40,none_31,none_32,none_31,none_32,none_31,none_32,updated_3,updated_3,updated_3,invalid_34,invalid_34,invalid_34,none_46,none_46,none_46]"
381296,"[1, 1, 7, 1, 3, 4, 3, 4, 3, 4, 2, 2, 2, 6, 6, 6, 5, 5, 5]","[block blk_6,block blk_6,NameSystem_2,block blk_6,blk_4,blk_4,blk_4,blk_4,blk_4,blk_4,NameSystem_2,NameSystem_2,NameSystem_2,blk_4,blk_4,blk_4,block blk file_7,block blk file_7,block blk file_7]","[receiving_28,receiving_28,allocate_4,receiving_28,none_22,writing_23,none_22,writing_23,none_22,writing_23,add_3,add_3,add_3,delete_24,delete_24,delete_24,deleting_34,deleting_34,deleting_34]","[none_40,none_40,none_4,none_40,none_31,none_32,none_31,none_32,none_31,none_32,updated_3,updated_3,updated_3,invalid_34,invalid_34,invalid_34,none_46,none_46,none_46]"
550153,"[1, 1, 7, 1, 3, 4, 3, 4, 3, 4, 2, 2, 2, 6, 6, 6, 5, 5, 5]","[block blk_6,block blk_6,NameSystem_2,block blk_6,blk_4,blk_4,blk_4,blk_4,blk_4,blk_4,NameSystem_2,NameSystem_2,NameSystem_2,blk_4,blk_4,blk_4,block blk file_7,block blk file_7,block blk file_7]","[receiving_28,receiving_28,allocate_4,receiving_28,none_22,writing_23,none_22,writing_23,none_22,writing_23,add_3,add_3,add_3,delete_24,delete_24,delete_24,deleting_34,deleting_34,deleting_34]","[none_40,none_40,none_4,none_40,none_31,none_32,none_31,none_32,none_31,none_32,updated_3,updated_3,updated_3,invalid_34,invalid_34,invalid_34,none_46,none_46,none_46]"
465788,"[1, 7, 1, 1, 3, 4, 3, 4, 3, 4, 2, 2, 2, 6, 6, 6, 5, 5, 5]","[block blk_6,NameSystem_2,block blk_6,block blk_6,blk_4,blk_4,blk_4,blk_4,blk_4,blk_4,NameSystem_2,NameSystem_2,NameSystem_2,blk_4,blk_4,blk_4,block blk file_7,block blk file_7,block blk file_7]","[receiving_28,allocate_4,receiving_28,receiving_28,none_22,writing_23,none_22,writing_23,none_22,writing_23,add_3,add_3,add_3,delete_24,delete_24,delete_24,deleting_34,deleting_34,deleting_34]","[none_40,none_4,none_40,none_40,none_31,none_32,none_31,none_32,none_31,none_32,updated_3,updated_3,updated_3,invalid_34,invalid_34,invalid_34,none_46,none_46,none_46]"
168444,"[1, 1, 1, 7, 3, 4, 3, 4, 3, 4, 2, 2, 2, 8, 8, 9, 8, 8, 9, 6, 6, 6, 5, 5, 5]","[block blk_6,block blk_6,block blk_6,NameSystem_2,blk_4,blk_4,blk_4,blk_4,blk_4,blk_4,NameSystem_2,NameSystem_2,NameSystem_2,/_0,/_0,blk_4,/_0,/_0,blk_4,blk_4,blk_4,blk_4,block blk file_7,block blk file_7,block blk file_7]","[receiving_28,receiving_28,receiving_28,allocate_4,none_22,writing_23,none_22,writing_23,none_22,writing_23,add_3,add_3,add_3,serving_0,serving_0,transfer_13,serving_0,serving_0,transfer_13,delete_24,delete_24,delete_24,deleting_34,deleting_34,deleting_34]","[none_40,none_40,none_40,none_4,none_31,none_32,none_31,none_32,none_31,none_32,updated_3,updated_3,updated_3,none_0,none_0,exception_21,none_0,none_0,exception_21,invalid_34,invalid_34,invalid_34,none_46,none_46,none_46]"
130842,"[7, 1, 1, 1, 2, 2, 3, 4, 3, 4, 3, 4, 2, 9, 9, 9, 9, 9, 9, 9, 8, 9, 9, 9, 9, 9, 9, 9, 9, 6, 6, 6, 5, 5, 5]","[NameSystem_2,block blk_6,block blk_6,block blk_6,NameSystem_2,NameSystem_2,blk_4,blk_4,blk_4,blk_4,blk_4,blk_4,NameSystem_2,blk_4,blk_4,blk_4,blk_4,blk_4,blk_4,blk_4,/_0,blk_4,blk_4,blk_4,blk_4,blk_4,blk_4,blk_4,blk_4,blk_4,blk_4,blk_4,block blk file_7,block blk file_7,block blk file_7]","[allocate_4,receiving_28,receiving_28,receiving_28,add_3,add_3,none_22,writing_23,none_22,writing_23,none_22,writing_23,add_3,transfer_13,transfer_13,transfer_13,transfer_13,transfer_13,transfer_13,transfer_13,serving_0,transfer_13,transfer_13,transfer_13,transfer_13,transfer_13,transfer_13,transfer_13,transfer_13,delete_24,delete_24,delete_24,deleting_34,deleting_34,deleting_34]","[none_4,none_40,none_40,none_40,updated_3,updated_3,none_31,none_32,none_31,none_32,none_31,none_32,updated_3,exception_21,exception_21,exception_21,exception_21,exception_21,exception_21,exception_21,none_0,exception_21,exception_21,exception_21,exception_21,exception_21,exception_21,exception_21,exception_21,invalid_34,invalid_34,invalid_34,none_46,none_46,none_46]"
424661,"[1, 7, 1, 1, 3, 4, 2, 3, 4, 3, 4, 2, 2, 6, 6, 6, 5, 5, 5]","[block blk_6,NameSystem_2,block blk_6,block blk_6,blk_4,blk_4,NameSystem_2,blk_4,blk_4,blk_4,blk_4,NameSystem_2,NameSystem_2,blk_4,blk_4,blk_4,block blk file_7,block blk file_7,block blk file_7]","[receiving_28,allocate_4,receiving_28,receiving_28,none_22,writing_23,add_3,none_22,writing_23,none_22,writing_23,add_3,add_3,delete_24,delete_24,delete_24,deleting_34,deleting_34,deleting_34]","[none_40,none_4,none_40,none_40,none_31,none_32,updated_3,none_31,none_32,none_31,none_32,updated_3,updated_3,invalid_34,invalid_34,invalid_34,none_46,none_46,none_46]"
530353,"[1, 7, 1, 1, 3, 4, 3, 4, 3, 4, 2, 2, 2]","[block blk_6,NameSystem_2,block blk_6,block blk_6,blk_4,blk_4,blk_4,blk_4,blk_4,blk_4,NameSystem_2,NameSystem_2,NameSystem_2]","[receiving_28,allocate_4,receiving_28,receiving_28,none_22,writing_23,none_22,writing_23,none_22,writing_23,add_3,add_3,add_3]","[none_40,none_4,none_40,none_40,none_31,none_32,none_31,none_32,none_31,none_32,updated_3,updated_3,updated_3]"
155782,"[1, 7, 1, 1, 3, 4, 3, 4, 3, 4, 2, 2, 2, 8, 8, 9, 8, 8, 9, 10, 6, 6, 6, 5, 5, 5]","[block blk_6,NameSystem_2,block blk_6,block blk_6,blk_4,blk_4,blk_4,blk_4,blk_4,blk_4,NameSystem_2,NameSystem_2,NameSystem_2,/_0,/_0,blk_4,/_0,/_0,blk_4,blk_4,blk_4,blk_4,blk_4,block blk file_7,block blk file_7,block blk file_7]","[receiving_28,allocate_4,receiving_28,receiving_28,none_22,writing_23,none_22,writing_23,none_22,writing_23,add_3,add_3,add_3,serving_0,serving_0,transfer_13,serving_0,serving_0,transfer_13,verification_25,delete_24,delete_24,delete_24,deleting_34,deleting_34,deleting_34]","[none_40,none_4,none_40,none_40,none_31,none_32,none_31,none_32,none_31,none_32,updated_3,updated_3,updated_3,none_0,none_0,exception_21,none_0,none_0,exception_21,successful_35,invalid_34,invalid_34,invalid_34,none_46,none_46,none_46]"
541946,"[1, 1, 1, 7, 3, 4, 3, 4, 3, 4, 2, 2, 2, 6, 6, 6, 5, 5, 5]","[block blk_6,block blk_6,block blk_6,NameSystem_2,blk_4,blk_4,blk_4,blk_4,blk_4,blk_4,NameSystem_2,NameSystem_2,NameSystem_2,blk_4,blk_4,blk_4,block blk file_7,block blk file_7,block blk file_7]","[receiving_28,receiving_28,receiving_28,allocate_4,none_22,writing_23,none_22,writing_23,none_22,writing_23,add_3,add_3,add_3,delete_24,delete_24,delete_24,deleting_34,deleting_34,deleting_34]","[none_40,none_40,none_40,none_4,none_31,none_32,none_31,none_32,none_31,none_32,updated_3,updated_3,updated_3,invalid_34,invalid_34,invalid_34,none_46,none_46,none_46]"
247461,"[1, 1, 7, 1, 3, 4, 3, 4, 3, 4, 2, 2, 2, 6, 6, 6, 5, 5, 5]","[block blk_6,block blk_6,NameSystem_2,block blk_6,blk_4,blk_4,blk_4,blk_4,blk_4,blk_4,NameSystem_2,NameSystem_2,NameSystem_2,blk_4,blk_4,blk_4,block blk file_7,block blk file_7,block blk file_7]","[receiving_28,receiving_28,allocate_4,receiving_28,none_22,writing_23,none_22,writing_23,none_22,writing_23,add_3,add_3,add_3,delete_24,delete_24,delete_24,deleting_34,deleting_34,deleting_34]","[none_40,none_40,none_4,none_40,none_31,none_32,none_31,none_32,none_31,none_32,updated_3,updated_3,updated_3,invalid_34,invalid_34,invalid_34,none_46,none_46,none_46]"
361589,"[1, 1, 1, 7, 3, 4, 3, 4, 3, 4, 2, 2, 2, 6, 6, 6, 5, 5, 5]","[block blk_6,block blk_6,block blk_6,NameSystem_2,blk_4,blk_4,blk_4,blk_4,blk_4,blk_4,NameSystem_2,NameSystem_2,NameSystem_2,blk_4,blk_4,blk_4,block blk file_7,block blk file_7,block blk file_7]","[receiving_28,receiving_28,receiving_28,allocate_4,none_22,writing_23,none_22,writing_23,none_22,writing_23,add_3,add_3,add_3,delete_24,delete_24,delete_24,deleting_34,deleting_34,deleting_34]","[none_40,none_40,none_40,none_4,none_31,none_32,none_31,none_32,none_31,none_32,updated_3,updated_3,updated_3,invalid_34,invalid_34,invalid_34,none_46,none_46,none_46]"
154456,"[1, 7, 1, 1, 3, 4, 4, 2, 2, 2, 3, 4, 3, 8, 8, 9, 8, 9, 8, 6, 6, 6, 5, 5, 5]","[block blk_6,NameSystem_2,block blk_6,block blk_6,blk_4,blk_4,blk_4,NameSystem_2,NameSystem_2,NameSystem_2,blk_4,blk_4,blk_4,/_0,/_0,blk_4,/_0,blk_4,/_0,blk_4,blk_4,blk_4,block blk file_7,block blk file_7,block blk file_7]","[receiving_28,allocate_4,receiving_28,receiving_28,none_22,writing_23,writing_23,add_3,add_3,add_3,none_22,writing_23,none_22,serving_0,serving_0,transfer_13,serving_0,transfer_13,serving_0,delete_24,delete_24,delete_24,deleting_34,deleting_34,deleting_34]","[none_40,none_4,none_40,none_40,none_31,none_32,none_32,updated_3,updated_3,updated_3,none_31,none_32,none_31,none_0,none_0,exception_21,none_0,exception_21,none_0,invalid_34,invalid_34,invalid_34,none_46,none_46,none_46]"
425995,"[1, 1, 7, 1, 3, 4, 3, 4, 3, 4, 2, 2, 2, 6, 6, 6, 5, 5, 5]","[block blk_6,block blk_6,NameSystem_2,block blk_6,blk_4,blk_4,blk_4,blk_4,blk_4,blk_4,NameSystem_2,NameSystem_2,NameSystem_2,blk_4,blk_4,blk_4,block blk file_7,block blk file_7,block blk file_7]","[receiving_28,receiving_28,allocate_4,receiving_28,none_22,writing_23,none_22,writing_23,none_22,writing_23,add_3,add_3,add_3,delete_24,delete_24,delete_24,deleting_34,deleting_34,deleting_34]","[none_40,none_40,none_4,none_40,none_31,none_32,none_31,none_32,none_31,none_32,updated_3,updated_3,updated_3,invalid_34,invalid_34,invalid_34,none_46,none_46,none_46]"
255511,"[1, 1, 7, 1, 3, 4, 3, 4, 3, 4, 2, 2, 2, 10, 6, 6, 6, 5, 5, 5]","[block blk_6,block blk_6,NameSystem_2,block blk_6,blk_4,blk_4,blk_4,blk_4,blk_4,blk_4,NameSystem_2,NameSystem_2,NameSystem_2,blk_4,blk_4,blk_4,blk_4,block blk file_7,block blk file_7,block blk file_7]","[receiving_28,receiving_28,allocate_4,receiving_28,none_22,writing_23,none_22,writing_23,none_22,writing_23,add_3,add_3,add_3,verification_25,delete_24,delete_24,delete_24,deleting_34,deleting_34,deleting_34]","[none_40,none_40,none_4,none_40,none_31,none_32,none_31,none_32,none_31,none_32,updated_3,updated_3,updated_3,successful_35,invalid_34,invalid_34,invalid_34,none_46,none_46,none_46]"
150671,"[1, 1, 1, 7, 3, 4, 3, 4, 3, 4, 2, 2, 2, 9, 8, 9, 6, 6, 6, 5, 5, 5]","[block blk_6,block blk_6,block blk_6,NameSystem_2,blk_4,blk_4,blk_4,blk_4,blk_4,blk_4,NameSystem_2,NameSystem_2,NameSystem_2,blk_4,/_0,blk_4,blk_4,blk_4,blk_4,block blk file_7,block blk file_7,block blk file_7]","[receiving_28,receiving_28,receiving_28,allocate_4,none_22,writing_23,none_22,writing_23,none_22,writing_23,add_3,add_3,add_3,transfer_13,serving_0,transfer_13,delete_24,delete_24,delete_24,deleting_34,deleting_34,deleting_34]","[none_40,none_40,none_40,none_4,none_31,none_32,none_31,none_32,none_31,none_32,updated_3,updated_3,updated_3,exception_21,none_0,exception_21,invalid_34,invalid_34,invalid_34,none_46,none_46,none_46]"
209045,"[1, 1, 1, 7, 3, 4, 3, 4, 3, 4, 2, 2, 2, 6, 6, 6, 5, 5, 5]","[block blk_6,block blk_6,block blk_6,NameSystem_2,blk_4,blk_4,blk_4,blk_4,blk_4,blk_4,NameSystem_2,NameSystem_2,NameSystem_2,blk_4,blk_4,blk_4,block blk file_7,block blk file_7,block blk file_7]","[receiving_28,receiving_28,receiving_28,allocate_4,none_22,writing_23,none_22,writing_23,none_22,writing_23,add_3,add_3,add_3,delete_24,delete_24,delete_24,deleting_34,deleting_34,deleting_34]","[none_40,none_40,none_40,none_4,none_31,none_32,none_31,none_32,none_31,none_32,updated_3,updated_3,updated_3,invalid_34,invalid_34,invalid_34,none_46,none_46,none_46]"
426620,"[1, 1, 7, 1, 3, 4, 3, 4, 3, 4, 2, 2, 2, 6, 6, 6, 5, 5, 5]","[block blk_6,block blk_6,NameSystem_2,block blk_6,blk_4,blk_4,blk_4,blk_4,blk_4,blk_4,NameSystem_2,NameSystem_2,NameSystem_2,blk_4,blk_4,blk_4,block blk file_7,block blk file_7,block blk file_7]","[receiving_28,receiving_28,allocate_4,receiving_28,none_22,writing_23,none_22,writing_23,none_22,writing_23,add_3,add_3,add_3,delete_24,delete_24,delete_24,deleting_34,deleting_34,deleting_34]","[none_40,none_40,none_4,none_40,none_31,none_32,none_31,none_32,none_31,none_32,updated_3,updated_3,updated_3,invalid_34,invalid_34,invalid_34,none_46,none_46,none_46]"
568606,"[7, 1, 1, 1, 3, 4, 3, 4, 3, 4, 2, 2, 2, 6, 6, 6, 5, 5, 5]","[NameSystem_2,block blk_6,block blk_6,block blk_6,blk_4,blk_4,blk_4,blk_4,blk_4,blk_4,NameSystem_2,NameSystem_2,NameSystem_2,blk_4,blk_4,blk_4,block blk file_7,block blk file_7,block blk file_7]","[allocate_4,receiving_28,receiving_28,receiving_28,none_22,writing_23,none_22,writing_23,none_22,writing_23,add_3,add_3,add_3,delete_24,delete_24,delete_24,deleting_34,deleting_34,deleting_34]","[none_4,none_40,none_40,none_40,none_31,none_32,none_31,none_32,none_31,none_32,updated_3,updated_3,updated_3,invalid_34,invalid_34,invalid_34,none_46,none_46,none_46]"
334366,"[1, 1, 1, 7, 3, 4, 3, 4, 3, 4, 2, 2, 2]","[block blk_6,block blk_6,block blk_6,NameSystem_2,blk_4,blk_4,blk_4,blk_4,blk_4,blk_4,NameSystem_2,NameSystem_2,NameSystem_2]","[receiving_28,receiving_28,receiving_28,allocate_4,none_22,writing_23,none_22,writing_23,none_22,writing_23,add_3,add_3,add_3]","[none_40,none_40,none_40,none_4,none_31,none_32,none_31,none_32,none_31,none_32,updated_3,updated_3,updated_3]"
398864,"[7, 1, 1, 1, 3, 4, 3, 4, 3, 4, 2, 2, 2, 6, 6, 6, 5, 5, 5]","[NameSystem_2,block blk_6,block blk_6,block blk_6,blk_4,blk_4,blk_4,blk_4,blk_4,blk_4,NameSystem_2,NameSystem_2,NameSystem_2,blk_4,blk_4,blk_4,block blk file_7,block blk file_7,block blk file_7]","[allocate_4,receiving_28,receiving_28,receiving_28,none_22,writing_23,none_22,writing_23,none_22,writing_23,add_3,add_3,add_3,delete_24,delete_24,delete_24,deleting_34,deleting_34,deleting_34]","[none_4,none_40,none_40,none_40,none_31,none_32,none_31,none_32,none_31,none_32,updated_3,updated_3,updated_3,invalid_34,invalid_34,invalid_34,none_46,none_46,none_46]"
333879,"[1, 1, 7, 1, 3, 4, 3, 4, 3, 4, 2, 2, 2]","[block blk_6,block blk_6,NameSystem_2,block blk_6,blk_4,blk_4,blk_4,blk_4,blk_4,blk_4,NameSystem_2,NameSystem_2,NameSystem_2]","[receiving_28,receiving_28,allocate_4,receiving_28,none_22,writing_23,none_22,writing_23,none_22,writing_23,add_3,add_3,add_3]","[none_40,none_40,none_4,none_40,none_31,none_32,none_31,none_32,none_31,none_32,updated_3,updated_3,updated_3]"
8931,"[7, 1, 1, 1, 2, 2, 3, 4, 3, 4, 3, 4, 2, 9, 8, 9, 10, 6, 6, 6, 10, 5, 5, 5]","[NameSystem_2,block blk_6,block blk_6,block blk_6,NameSystem_2,NameSystem_2,blk_4,blk_4,blk_4,blk_4,blk_4,blk_4,NameSystem_2,blk_4,/_0,blk_4,blk_4,blk_4,blk_4,blk_4,blk_4,block blk file_7,block blk file_7,block blk file_7]","[allocate_4,receiving_28,receiving_28,receiving_28,add_3,add_3,none_22,writing_23,none_22,writing_23,none_22,writing_23,add_3,transfer_13,serving_0,transfer_13,verification_25,delete_24,delete_24,delete_24,verification_25,deleting_34,deleting_34,deleting_34]","[none_4,none_40,none_40,none_40,updated_3,updated_3,none_31,none_32,none_31,none_32,none_31,none_32,updated_3,exception_21,none_0,exception_21,successful_35,invalid_34,invalid_34,invalid_34,successful_35,none_46,none_46,none_46]"
181501,"[1, 1, 7, 1, 3, 4, 4, 3, 4, 2, 2, 2, 3, 6, 6, 6, 5, 5, 5]","[block blk_6,block blk_6,NameSystem_2,block blk_6,blk_4,blk_4,blk_4,blk_4,blk_4,NameSystem_2,NameSystem_2,NameSystem_2,blk_4,blk_4,blk_4,blk_4,block blk file_7,block blk file_7,block blk file_7]","[receiving_28,receiving_28,allocate_4,receiving_28,none_22,writing_23,writing_23,none_22,writing_23,add_3,add_3,add_3,none_22,delete_24,delete_24,delete_24,deleting_34,deleting_34,deleting_34]","[none_40,none_40,none_4,none_40,none_31,none_32,none_32,none_31,none_32,updated_3,updated_3,updated_3,none_31,invalid_34,invalid_34,invalid_34,none_46,none_46,none_46]"
297592,"[1, 1, 1, 7, 3, 4, 3, 4, 2, 3, 4, 2, 2, 6, 6, 6, 5, 5, 5]","[block blk_6,block blk_6,block blk_6,NameSystem_2,blk_4,blk_4,blk_4,blk_4,NameSystem_2,blk_4,blk_4,NameSystem_2,NameSystem_2,blk_4,blk_4,blk_4,block blk file_7,block blk file_7,block blk file_7]","[receiving_28,receiving_28,receiving_28,allocate_4,none_22,writing_23,none_22,writing_23,add_3,none_22,writing_23,add_3,add_3,delete_24,delete_24,delete_24,deleting_34,deleting_34,deleting_34]","[none_40,none_40,none_40,none_4,none_31,none_32,none_31,none_32,updated_3,none_31,none_32,updated_3,updated_3,invalid_34,invalid_34,invalid_34,none_46,none_46,none_46]"
272917,"[1, 1, 7, 1, 3, 4, 3, 4, 3, 4, 2, 2, 2, 6, 6, 6, 5, 5, 5]","[block blk_6,block blk_6,NameSystem_2,block blk_6,blk_4,blk_4,blk_4,blk_4,blk_4,blk_4,NameSystem_2,NameSystem_2,NameSystem_2,blk_4,blk_4,blk_4,block blk file_7,block blk file_7,block blk file_7]","[receiving_28,receiving_28,allocate_4,receiving_28,none_22,writing_23,none_22,writing_23,none_22,writing_23,add_3,add_3,add_3,delete_24,delete_24,delete_24,deleting_34,deleting_34,deleting_34]","[none_40,none_40,none_4,none_40,none_31,none_32,none_31,none_32,none_31,none_32,updated_3,updated_3,updated_3,invalid_34,invalid_34,invalid_34,none_46,none_46,none_46]"
11377,"[7, 1, 1, 1, 2, 2, 2, 3, 4, 3, 4, 3, 4, 9, 9, 8, 10, 6, 6, 6, 5, 5, 5]","[NameSystem_2,block blk_6,block blk_6,block blk_6,NameSystem_2,NameSystem_2,NameSystem_2,blk_4,blk_4,blk_4,blk_4,blk_4,blk_4,blk_4,blk_4,/_0,blk_4,blk_4,blk_4,blk_4,block blk file_7,block blk file_7,block blk file_7]","[allocate_4,receiving_28,receiving_28,receiving_28,add_3,add_3,add_3,none_22,writing_23,none_22,writing_23,none_22,writing_23,transfer_13,transfer_13,serving_0,verification_25,delete_24,delete_24,delete_24,deleting_34,deleting_34,deleting_34]","[none_4,none_40,none_40,none_40,updated_3,updated_3,updated_3,none_31,none_32,none_31,none_32,none_31,none_32,exception_21,exception_21,none_0,successful_35,invalid_34,invalid_34,invalid_34,none_46,none_46,none_46]"
439910,"[1, 7, 1, 1, 3, 4, 3, 4, 3, 4, 2, 2, 2, 6, 6, 6, 5, 5, 5]","[block blk_6,NameSystem_2,block blk_6,block blk_6,blk_4,blk_4,blk_4,blk_4,blk_4,blk_4,NameSystem_2,NameSystem_2,NameSystem_2,blk_4,blk_4,blk_4,block blk file_7,block blk file_7,block blk file_7]","[receiving_28,allocate_4,receiving_28,receiving_28,none_22,writing_23,none_22,writing_23,none_22,writing_23,add_3,add_3,add_3,delete_24,delete_24,delete_24,deleting_34,deleting_34,deleting_34]","[none_40,none_4,none_40,none_40,none_31,none_32,none_31,none_32,none_31,none_32,updated_3,updated_3,updated_3,invalid_34,invalid_34,invalid_34,none_46,none_46,none_46]"
359680,"[7, 1, 1, 1, 3, 4, 3, 4, 3, 4, 2, 2, 2, 6, 6, 6, 5, 5, 5]","[NameSystem_2,block blk_6,block blk_6,block blk_6,blk_4,blk_4,blk_4,blk_4,blk_4,blk_4,NameSystem_2,NameSystem_2,NameSystem_2,blk_4,blk_4,blk_4,block blk file_7,block blk file_7,block blk file_7]","[allocate_4,receiving_28,receiving_28,receiving_28,none_22,writing_23,none_22,writing_23,none_22,writing_23,add_3,add_3,add_3,delete_24,delete_24,delete_24,deleting_34,deleting_34,deleting_34]","[none_4,none_40,none_40,none_40,none_31,none_32,none_31,none_32,none_31,none_32,updated_3,updated_3,updated_3,invalid_34,invalid_34,invalid_34,none_46,none_46,none_46]"
411307,"[7, 1, 1, 1, 3, 4, 3, 4, 3, 4, 2, 2, 2, 6, 6, 6, 5, 5, 5]","[NameSystem_2,block blk_6,block blk_6,block blk_6,blk_4,blk_4,blk_4,blk_4,blk_4,blk_4,NameSystem_2,NameSystem_2,NameSystem_2,blk_4,blk_4,blk_4,block blk file_7,block blk file_7,block blk file_7]","[allocate_4,receiving_28,receiving_28,receiving_28,none_22,writing_23,none_22,writing_23,none_22,writing_23,add_3,add_3,add_3,delete_24,delete_24,delete_24,deleting_34,deleting_34,deleting_34]","[none_4,none_40,none_40,none_40,none_31,none_32,none_31,none_32,none_31,none_32,updated_3,updated_3,updated_3,invalid_34,invalid_34,invalid_34,none_46,none_46,none_46]"
85186,"[7, 1, 1, 1, 2, 2, 3, 4, 3, 4, 3, 4, 2, 8, 8, 9, 8, 9, 8, 8, 8, 9, 8, 9, 8, 6, 6, 6, 5, 5, 5]","[NameSystem_2,block blk_6,block blk_6,block blk_6,NameSystem_2,NameSystem_2,blk_4,blk_4,blk_4,blk_4,blk_4,blk_4,NameSystem_2,/_0,/_0,blk_4,/_0,blk_4,/_0,/_0,/_0,blk_4,/_0,blk_4,/_0,blk_4,blk_4,blk_4,block blk file_7,block blk file_7,block blk file_7]","[allocate_4,receiving_28,receiving_28,receiving_28,add_3,add_3,none_22,writing_23,none_22,writing_23,none_22,writing_23,add_3,serving_0,serving_0,transfer_13,serving_0,transfer_13,serving_0,serving_0,serving_0,transfer_13,serving_0,transfer_13,serving_0,delete_24,delete_24,delete_24,deleting_34,deleting_34,deleting_34]","[none_4,none_40,none_40,none_40,updated_3,updated_3,none_31,none_32,none_31,none_32,none_31,none_32,updated_3,none_0,none_0,exception_21,none_0,exception_21,none_0,none_0,none_0,exception_21,none_0,exception_21,none_0,invalid_34,invalid_34,invalid_34,none_46,none_46,none_46]"
13925,"[1, 1, 1, 7, 3, 4, 3, 4, 2, 2, 3, 4, 2, 9, 8, 9, 10, 6, 6, 6, 5, 5, 5]","[block blk_6,block blk_6,block blk_6,NameSystem_2,blk_4,blk_4,blk_4,blk_4,NameSystem_2,NameSystem_2,blk_4,blk_4,NameSystem_2,blk_4,/_0,blk_4,blk_4,blk_4,blk_4,blk_4,block blk file_7,block blk file_7,block blk file_7]","[receiving_28,receiving_28,receiving_28,allocate_4,none_22,writing_23,none_22,writing_23,add_3,add_3,none_22,writing_23,add_3,transfer_13,serving_0,transfer_13,verification_25,delete_24,delete_24,delete_24,deleting_34,deleting_34,deleting_34]","[none_40,none_40,none_40,none_4,none_31,none_32,none_31,none_32,updated_3,updated_3,none_31,none_32,updated_3,exception_21,none_0,exception_21,successful_35,invalid_34,invalid_34,invalid_34,none_46,none_46,none_46]"
462211,"[1, 7, 1, 1, 3, 4, 3, 4, 3, 4, 2, 2, 2, 6, 6, 6, 5, 5, 5]","[block blk_6,NameSystem_2,block blk_6,block blk_6,blk_4,blk_4,blk_4,blk_4,blk_4,blk_4,NameSystem_2,NameSystem_2,NameSystem_2,blk_4,blk_4,blk_4,block blk file_7,block blk file_7,block blk file_7]","[receiving_28,allocate_4,receiving_28,receiving_28,none_22,writing_23,none_22,writing_23,none_22,writing_23,add_3,add_3,add_3,delete_24,delete_24,delete_24,deleting_34,deleting_34,deleting_34]","[none_40,none_4,none_40,none_40,none_31,none_32,none_31,none_32,none_31,none_32,updated_3,updated_3,updated_3,invalid_34,invalid_34,invalid_34,none_46,none_46,none_46]"
286687,"[1, 1, 1, 7, 3, 4, 3, 4, 3, 4, 2, 2, 2, 6, 6, 6, 5, 5, 5]","[block blk_6,block blk_6,block blk_6,NameSystem_2,blk_4,blk_4,blk_4,blk_4,blk_4,blk_4,NameSystem_2,NameSystem_2,NameSystem_2,blk_4,blk_4,blk_4,block blk file_7,block blk file_7,block blk file_7]","[receiving_28,receiving_28,receiving_28,allocate_4,none_22,writing_23,none_22,writing_23,none_22,writing_23,add_3,add_3,add_3,delete_24,delete_24,delete_24,deleting_34,deleting_34,deleting_34]","[none_40,none_40,none_40,none_4,none_31,none_32,none_31,none_32,none_31,none_32,updated_3,updated_3,updated_3,invalid_34,invalid_34,invalid_34,none_46,none_46,none_46]"
183081,"[1, 1, 7, 1, 3, 4, 3, 4, 3, 4, 2, 2, 2, 6, 6, 6, 5, 5, 5]","[block blk_6,block blk_6,NameSystem_2,block blk_6,blk_4,blk_4,blk_4,blk_4,blk_4,blk_4,NameSystem_2,NameSystem_2,NameSystem_2,blk_4,blk_4,blk_4,block blk file_7,block blk file_7,block blk file_7]","[receiving_28,receiving_28,allocate_4,receiving_28,none_22,writing_23,none_22,writing_23,none_22,writing_23,add_3,add_3,add_3,delete_24,delete_24,delete_24,deleting_34,deleting_34,deleting_34]","[none_40,none_40,none_4,none_40,none_31,none_32,none_31,none_32,none_31,none_32,updated_3,updated_3,updated_3,invalid_34,invalid_34,invalid_34,none_46,none_46,none_46]"
241166,"[1, 1, 1, 7, 3, 4, 3, 4, 3, 4, 2, 2, 2, 6, 6, 6, 5, 5, 5]","[block blk_6,block blk_6,block blk_6,NameSystem_2,blk_4,blk_4,blk_4,blk_4,blk_4,blk_4,NameSystem_2,NameSystem_2,NameSystem_2,blk_4,blk_4,blk_4,block blk file_7,block blk file_7,block blk file_7]","[receiving_28,receiving_28,receiving_28,allocate_4,none_22,writing_23,none_22,writing_23,none_22,writing_23,add_3,add_3,add_3,delete_24,delete_24,delete_24,deleting_34,deleting_34,deleting_34]","[none_40,none_40,none_40,none_4,none_31,none_32,none_31,none_32,none_31,none_32,updated_3,updated_3,updated_3,invalid_34,invalid_34,invalid_34,none_46,none_46,none_46]"
290487,"[1, 1, 1, 7, 3, 4, 3, 4, 3, 4, 2, 2, 2, 10, 6, 6, 6, 5, 5, 5]","[block blk_6,block blk_6,block blk_6,NameSystem_2,blk_4,blk_4,blk_4,blk_4,blk_4,blk_4,NameSystem_2,NameSystem_2,NameSystem_2,blk_4,blk_4,blk_4,blk_4,block blk file_7,block blk file_7,block blk file_7]","[receiving_28,receiving_28,receiving_28,allocate_4,none_22,writing_23,none_22,writing_23,none_22,writing_23,add_3,add_3,add_3,verification_25,delete_24,delete_24,delete_24,deleting_34,deleting_34,deleting_34]","[none_40,none_40,none_40,none_4,none_31,none_32,none_31,none_32,none_31,none_32,updated_3,updated_3,updated_3,successful_35,invalid_34,invalid_34,invalid_34,none_46,none_46,none_46]"
553372,"[1, 1, 7, 1, 3, 4, 3, 4, 3, 4, 2, 2, 2, 6, 6, 6, 5, 5, 5]","[block blk_6,block blk_6,NameSystem_2,block blk_6,blk_4,blk_4,blk_4,blk_4,blk_4,blk_4,NameSystem_2,NameSystem_2,NameSystem_2,blk_4,blk_4,blk_4,block blk file_7,block blk file_7,block blk file_7]","[receiving_28,receiving_28,allocate_4,receiving_28,none_22,writing_23,none_22,writing_23,none_22,writing_23,add_3,add_3,add_3,delete_24,delete_24,delete_24,deleting_34,deleting_34,deleting_34]","[none_40,none_40,none_4,none_40,none_31,none_32,none_31,none_32,none_31,none_32,updated_3,updated_3,updated_3,invalid_34,invalid_34,invalid_34,none_46,none_46,none_46]"
349103,"[1, 1, 1, 7, 3, 4, 3, 4, 3, 4, 2, 2, 2]","[block blk_6,block blk_6,block blk_6,NameSystem_2,blk_4,blk_4,blk_4,blk_4,blk_4,blk_4,NameSystem_2,NameSystem_2,NameSystem_2]","[receiving_28,receiving_28,receiving_28,allocate_4,none_22,writing_23,none_22,writing_23,none_22,writing_23,add_3,add_3,add_3]","[none_40,none_40,none_40,none_4,none_31,none_32,none_31,none_32,none_31,none_32,updated_3,updated_3,updated_3]"
145350,"[1, 1, 1, 7, 3, 4, 3, 4, 3, 4, 2, 2, 2, 8, 9, 8, 8, 9, 8, 6, 6, 6, 5, 5, 5]","[block blk_6,block blk_6,block blk_6,NameSystem_2,blk_4,blk_4,blk_4,blk_4,blk_4,blk_4,NameSystem_2,NameSystem_2,NameSystem_2,/_0,blk_4,/_0,/_0,blk_4,/_0,blk_4,blk_4,blk_4,block blk file_7,block blk file_7,block blk file_7]","[receiving_28,receiving_28,receiving_28,allocate_4,none_22,writing_23,none_22,writing_23,none_22,writing_23,add_3,add_3,add_3,serving_0,transfer_13,serving_0,serving_0,transfer_13,serving_0,delete_24,delete_24,delete_24,deleting_34,deleting_34,deleting_34]","[none_40,none_40,none_40,none_4,none_31,none_32,none_31,none_32,none_31,none_32,updated_3,updated_3,updated_3,none_0,exception_21,none_0,none_0,exception_21,none_0,invalid_34,invalid_34,invalid_34,none_46,none_46,none_46]"
213876,"[1, 7, 1, 1, 3, 4, 3, 4, 3, 4, 2, 2, 2, 6, 6, 6, 5, 5, 5]","[block blk_6,NameSystem_2,block blk_6,block blk_6,blk_4,blk_4,blk_4,blk_4,blk_4,blk_4,NameSystem_2,NameSystem_2,NameSystem_2,blk_4,blk_4,blk_4,block blk file_7,block blk file_7,block blk file_7]","[receiving_28,allocate_4,receiving_28,receiving_28,none_22,writing_23,none_22,writing_23,none_22,writing_23,add_3,add_3,add_3,delete_24,delete_24,delete_24,deleting_34,deleting_34,deleting_34]","[none_40,none_4,none_40,none_40,none_31,none_32,none_31,none_32,none_31,none_32,updated_3,updated_3,updated_3,invalid_34,invalid_34,invalid_34,none_46,none_46,none_46]"
481355,"[1, 1, 1, 7, 3, 4, 3, 4, 3, 4, 2, 2, 2]","[block blk_6,block blk_6,block blk_6,NameSystem_2,blk_4,blk_4,blk_4,blk_4,blk_4,blk_4,NameSystem_2,NameSystem_2,NameSystem_2]","[receiving_28,receiving_28,receiving_28,allocate_4,none_22,writing_23,none_22,writing_23,none_22,writing_23,add_3,add_3,add_3]","[none_40,none_40,none_40,none_4,none_31,none_32,none_31,none_32,none_31,none_32,updated_3,updated_3,updated_3]"
562619,"[1, 1, 7, 1, 3, 4, 3, 4, 3, 4, 2, 2, 2, 6, 6, 6, 5, 5, 5]","[block blk_6,block blk_6,NameSystem_2,block blk_6,blk_4,blk_4,blk_4,blk_4,blk_4,blk_4,NameSystem_2,NameSystem_2,NameSystem_2,blk_4,blk_4,blk_4,block blk file_7,block blk file_7,block blk file_7]","[receiving_28,receiving_28,allocate_4,receiving_28,none_22,writing_23,none_22,writing_23,none_22,writing_23,add_3,add_3,add_3,delete_24,delete_24,delete_24,deleting_34,deleting_34,deleting_34]","[none_40,none_40,none_4,none_40,none_31,none_32,none_31,none_32,none_31,none_32,updated_3,updated_3,updated_3,invalid_34,invalid_34,invalid_34,none_46,none_46,none_46]"
499899,"[1, 7, 1, 1, 3, 4, 3, 4, 3, 4, 2, 2, 2]","[block blk_6,NameSystem_2,block blk_6,block blk_6,blk_4,blk_4,blk_4,blk_4,blk_4,blk_4,NameSystem_2,NameSystem_2,NameSystem_2]","[receiving_28,allocate_4,receiving_28,receiving_28,none_22,writing_23,none_22,writing_23,none_22,writing_23,add_3,add_3,add_3]","[none_40,none_4,none_40,none_40,none_31,none_32,none_31,none_32,none_31,none_32,updated_3,updated_3,updated_3]"
307079,"[1, 7, 1, 1, 3, 4, 3, 4, 3, 4, 2, 2, 2, 6, 6, 6, 5, 5, 5]","[block blk_6,NameSystem_2,block blk_6,block blk_6,blk_4,blk_4,blk_4,blk_4,blk_4,blk_4,NameSystem_2,NameSystem_2,NameSystem_2,blk_4,blk_4,blk_4,block blk file_7,block blk file_7,block blk file_7]","[receiving_28,allocate_4,receiving_28,receiving_28,none_22,writing_23,none_22,writing_23,none_22,writing_23,add_3,add_3,add_3,delete_24,delete_24,delete_24,deleting_34,deleting_34,deleting_34]","[none_40,none_4,none_40,none_40,none_31,none_32,none_31,none_32,none_31,none_32,updated_3,updated_3,updated_3,invalid_34,invalid_34,invalid_34,none_46,none_46,none_46]"
349538,"[1, 7, 1, 1, 3, 4, 3, 4, 3, 4, 2, 2, 2]","[block blk_6,NameSystem_2,block blk_6,block blk_6,blk_4,blk_4,blk_4,blk_4,blk_4,blk_4,NameSystem_2,NameSystem_2,NameSystem_2]","[receiving_28,allocate_4,receiving_28,receiving_28,none_22,writing_23,none_22,writing_23,none_22,writing_23,add_3,add_3,add_3]","[none_40,none_4,none_40,none_40,none_31,none_32,none_31,none_32,none_31,none_32,updated_3,updated_3,updated_3]"
11986,"[7, 1, 1, 1, 2, 2, 2, 3, 4, 3, 4, 3, 4, 9, 9, 8, 6, 6, 6, 5, 5, 5]","[NameSystem_2,block blk_6,block blk_6,block blk_6,NameSystem_2,NameSystem_2,NameSystem_2,blk_4,blk_4,blk_4,blk_4,blk_4,blk_4,blk_4,blk_4,/_0,blk_4,blk_4,blk_4,block blk file_7,block blk file_7,block blk file_7]","[allocate_4,receiving_28,receiving_28,receiving_28,add_3,add_3,add_3,none_22,writing_23,none_22,writing_23,none_22,writing_23,transfer_13,transfer_13,serving_0,delete_24,delete_24,delete_24,deleting_34,deleting_34,deleting_34]","[none_4,none_40,none_40,none_40,updated_3,updated_3,updated_3,none_31,none_32,none_31,none_32,none_31,none_32,exception_21,exception_21,none_0,invalid_34,invalid_34,invalid_34,none_46,none_46,none_46]"
410207,"[1, 1, 7, 1, 3, 4, 3, 4, 3, 4, 2, 2, 2, 6, 6, 6, 5, 5, 5]","[block blk_6,block blk_6,NameSystem_2,block blk_6,blk_4,blk_4,blk_4,blk_4,blk_4,blk_4,NameSystem_2,NameSystem_2,NameSystem_2,blk_4,blk_4,blk_4,block blk file_7,block blk file_7,block blk file_7]","[receiving_28,receiving_28,allocate_4,receiving_28,none_22,writing_23,none_22,writing_23,none_22,writing_23,add_3,add_3,add_3,delete_24,delete_24,delete_24,deleting_34,deleting_34,deleting_34]","[none_40,none_40,none_4,none_40,none_31,none_32,none_31,none_32,none_31,none_32,updated_3,updated_3,updated_3,invalid_34,invalid_34,invalid_34,none_46,none_46,none_46]"
362313,"[1, 7, 1, 1, 3, 4, 3, 4, 2, 2, 3, 4, 2, 6, 6, 6, 5, 5, 5]","[block blk_6,NameSystem_2,block blk_6,block blk_6,blk_4,blk_4,blk_4,blk_4,NameSystem_2,NameSystem_2,blk_4,blk_4,NameSystem_2,blk_4,blk_4,blk_4,block blk file_7,block blk file_7,block blk file_7]","[receiving_28,allocate_4,receiving_28,receiving_28,none_22,writing_23,none_22,writing_23,add_3,add_3,none_22,writing_23,add_3,delete_24,delete_24,delete_24,deleting_34,deleting_34,deleting_34]","[none_40,none_4,none_40,none_40,none_31,none_32,none_31,none_32,updated_3,updated_3,none_31,none_32,updated_3,invalid_34,invalid_34,invalid_34,none_46,none_46,none_46]"
64024,"[7, 1, 1, 1, 2, 2, 2, 3, 4, 3, 4, 3, 4, 6, 6, 6, 5, 5, 5]","[NameSystem_2,block blk_6,block blk_6,block blk_6,NameSystem_2,NameSystem_2,NameSystem_2,blk_4,blk_4,blk_4,blk_4,blk_4,blk_4,blk_4,blk_4,blk_4,block blk file_7,block blk file_7,block blk file_7]","[allocate_4,receiving_28,receiving_28,receiving_28,add_3,add_3,add_3,none_22,writing_23,none_22,writing_23,none_22,writing_23,delete_24,delete_24,delete_24,deleting_34,deleting_34,deleting_34]","[none_4,none_40,none_40,none_40,updated_3,updated_3,updated_3,none_31,none_32,none_31,none_32,none_31,none_32,invalid_34,invalid_34,invalid_34,none_46,none_46,none_46]"
232300,"[1, 1, 1, 7, 3, 4, 3, 4, 3, 4, 2, 2, 2, 6, 6, 6, 5, 5, 5]","[block blk_6,block blk_6,block blk_6,NameSystem_2,blk_4,blk_4,blk_4,blk_4,blk_4,blk_4,NameSystem_2,NameSystem_2,NameSystem_2,blk_4,blk_4,blk_4,block blk file_7,block blk file_7,block blk file_7]","[receiving_28,receiving_28,receiving_28,allocate_4,none_22,writing_23,none_22,writing_23,none_22,writing_23,add_3,add_3,add_3,delete_24,delete_24,delete_24,deleting_34,deleting_34,deleting_34]","[none_40,none_40,none_40,none_4,none_31,none_32,none_31,none_32,none_31,none_32,updated_3,updated_3,updated_3,invalid_34,invalid_34,invalid_34,none_46,none_46,none_46]"
67881,"[7, 1, 1, 1, 2, 2, 3, 4, 3, 4, 2, 3, 4, 6, 6, 6, 5, 5, 5]","[NameSystem_2,block blk_6,block blk_6,block blk_6,NameSystem_2,NameSystem_2,blk_4,blk_4,blk_4,blk_4,NameSystem_2,blk_4,blk_4,blk_4,blk_4,blk_4,block blk file_7,block blk file_7,block blk file_7]","[allocate_4,receiving_28,receiving_28,receiving_28,add_3,add_3,none_22,writing_23,none_22,writing_23,add_3,none_22,writing_23,delete_24,delete_24,delete_24,deleting_34,deleting_34,deleting_34]","[none_4,none_40,none_40,none_40,updated_3,updated_3,none_31,none_32,none_31,none_32,updated_3,none_31,none_32,invalid_34,invalid_34,invalid_34,none_46,none_46,none_46]"
217304,"[1, 1, 1, 7, 3, 4, 3, 4, 2, 2, 3, 4, 2, 6, 6, 6, 5, 5, 5]","[block blk_6,block blk_6,block blk_6,NameSystem_2,blk_4,blk_4,blk_4,blk_4,NameSystem_2,NameSystem_2,blk_4,blk_4,NameSystem_2,blk_4,blk_4,blk_4,block blk file_7,block blk file_7,block blk file_7]","[receiving_28,receiving_28,receiving_28,allocate_4,none_22,writing_23,none_22,writing_23,add_3,add_3,none_22,writing_23,add_3,delete_24,delete_24,delete_24,deleting_34,deleting_34,deleting_34]","[none_40,none_40,none_40,none_4,none_31,none_32,none_31,none_32,updated_3,updated_3,none_31,none_32,updated_3,invalid_34,invalid_34,invalid_34,none_46,none_46,none_46]"
211902,"[1, 1, 1, 7, 3, 4, 3, 4, 3, 4, 2, 2, 2, 6, 6, 6, 5, 5, 5]","[block blk_6,block blk_6,block blk_6,NameSystem_2,blk_4,blk_4,blk_4,blk_4,blk_4,blk_4,NameSystem_2,NameSystem_2,NameSystem_2,blk_4,blk_4,blk_4,block blk file_7,block blk file_7,block blk file_7]","[receiving_28,receiving_28,receiving_28,allocate_4,none_22,writing_23,none_22,writing_23,none_22,writing_23,add_3,add_3,add_3,delete_24,delete_24,delete_24,deleting_34,deleting_34,deleting_34]","[none_40,none_40,none_40,none_4,none_31,none_32,none_31,none_32,none_31,none_32,updated_3,updated_3,updated_3,invalid_34,invalid_34,invalid_34,none_46,none_46,none_46]"
7575,"[7, 1, 1, 1, 2, 2, 2, 3, 4, 3, 4, 3, 4, 8, 10, 6, 6, 6, 5, 5, 5]","[NameSystem_2,block blk_6,block blk_6,block blk_6,NameSystem_2,NameSystem_2,NameSystem_2,blk_4,blk_4,blk_4,blk_4,blk_4,blk_4,/_0,blk_4,blk_4,blk_4,blk_4,block blk file_7,block blk file_7,block blk file_7]","[allocate_4,receiving_28,receiving_28,receiving_28,add_3,add_3,add_3,none_22,writing_23,none_22,writing_23,none_22,writing_23,serving_0,verification_25,delete_24,delete_24,delete_24,deleting_34,deleting_34,deleting_34]","[none_4,none_40,none_40,none_40,updated_3,updated_3,updated_3,none_31,none_32,none_31,none_32,none_31,none_32,none_0,successful_35,invalid_34,invalid_34,invalid_34,none_46,none_46,none_46]"
561513,"[1, 1, 7, 1, 3, 4, 3, 4, 3, 4, 2, 2, 2, 6, 6, 6, 5, 5, 5]","[block blk_6,block blk_6,NameSystem_2,block blk_6,blk_4,blk_4,blk_4,blk_4,blk_4,blk_4,NameSystem_2,NameSystem_2,NameSystem_2,blk_4,blk_4,blk_4,block blk file_7,block blk file_7,block blk file_7]","[receiving_28,receiving_28,allocate_4,receiving_28,none_22,writing_23,none_22,writing_23,none_22,writing_23,add_3,add_3,add_3,delete_24,delete_24,delete_24,deleting_34,deleting_34,deleting_34]","[none_40,none_40,none_4,none_40,none_31,none_32,none_31,none_32,none_31,none_32,updated_3,updated_3,updated_3,invalid_34,invalid_34,invalid_34,none_46,none_46,none_46]"
468678,"[1, 7, 1, 1, 3, 4, 3, 4, 3, 4, 2, 2, 2]","[block blk_6,NameSystem_2,block blk_6,block blk_6,blk_4,blk_4,blk_4,blk_4,blk_4,blk_4,NameSystem_2,NameSystem_2,NameSystem_2]","[receiving_28,allocate_4,receiving_28,receiving_28,none_22,writing_23,none_22,writing_23,none_22,writing_23,add_3,add_3,add_3]","[none_40,none_4,none_40,none_40,none_31,none_32,none_31,none_32,none_31,none_32,updated_3,updated_3,updated_3]"
13683,"[1, 1, 7, 1, 3, 4, 3, 4, 2, 2, 2, 3, 4, 9, 8, 9, 10, 6, 6, 6, 5, 5, 5]","[block blk_6,block blk_6,NameSystem_2,block blk_6,blk_4,blk_4,blk_4,blk_4,NameSystem_2,NameSystem_2,NameSystem_2,blk_4,blk_4,blk_4,/_0,blk_4,blk_4,blk_4,blk_4,blk_4,block blk file_7,block blk file_7,block blk file_7]","[receiving_28,receiving_28,allocate_4,receiving_28,none_22,writing_23,none_22,writing_23,add_3,add_3,add_3,none_22,writing_23,transfer_13,serving_0,transfer_13,verification_25,delete_24,delete_24,delete_24,deleting_34,deleting_34,deleting_34]","[none_40,none_40,none_4,none_40,none_31,none_32,none_31,none_32,updated_3,updated_3,updated_3,none_31,none_32,exception_21,none_0,exception_21,successful_35,invalid_34,invalid_34,invalid_34,none_46,none_46,none_46]"
510626,"[7, 1, 1, 1, 3, 4, 3, 4, 2, 2, 3, 4, 2]","[NameSystem_2,block blk_6,block blk_6,block blk_6,blk_4,blk_4,blk_4,blk_4,NameSystem_2,NameSystem_2,blk_4,blk_4,NameSystem_2]","[allocate_4,receiving_28,receiving_28,receiving_28,none_22,writing_23,none_22,writing_23,add_3,add_3,none_22,writing_23,add_3]","[none_4,none_40,none_40,none_40,none_31,none_32,none_31,none_32,updated_3,updated_3,none_31,none_32,updated_3]"
158619,"[1, 1, 7, 1, 3, 4, 3, 4, 3, 4, 2, 2, 2, 8, 9, 8, 8, 8, 9, 6, 6, 6, 5, 5, 5]","[block blk_6,block blk_6,NameSystem_2,block blk_6,blk_4,blk_4,blk_4,blk_4,blk_4,blk_4,NameSystem_2,NameSystem_2,NameSystem_2,/_0,blk_4,/_0,/_0,/_0,blk_4,blk_4,blk_4,blk_4,block blk file_7,block blk file_7,block blk file_7]","[receiving_28,receiving_28,allocate_4,receiving_28,none_22,writing_23,none_22,writing_23,none_22,writing_23,add_3,add_3,add_3,serving_0,transfer_13,serving_0,serving_0,serving_0,transfer_13,delete_24,delete_24,delete_24,deleting_34,deleting_34,deleting_34]","[none_40,none_40,none_4,none_40,none_31,none_32,none_31,none_32,none_31,none_32,updated_3,updated_3,updated_3,none_0,exception_21,none_0,none_0,none_0,exception_21,invalid_34,invalid_34,invalid_34,none_46,none_46,none_46]"
476322,"[1, 1, 7, 1, 3, 4, 3, 4, 3, 4, 2, 2, 2]","[block blk_6,block blk_6,NameSystem_2,block blk_6,blk_4,blk_4,blk_4,blk_4,blk_4,blk_4,NameSystem_2,NameSystem_2,NameSystem_2]","[receiving_28,receiving_28,allocate_4,receiving_28,none_22,writing_23,none_22,writing_23,none_22,writing_23,add_3,add_3,add_3]","[none_40,none_40,none_4,none_40,none_31,none_32,none_31,none_32,none_31,none_32,updated_3,updated_3,updated_3]"
404097,"[1, 1, 1, 7, 3, 4, 3, 4, 3, 4, 2, 2, 2, 6, 6, 6, 5, 5, 5]","[block blk_6,block blk_6,block blk_6,NameSystem_2,blk_4,blk_4,blk_4,blk_4,blk_4,blk_4,NameSystem_2,NameSystem_2,NameSystem_2,blk_4,blk_4,blk_4,block blk file_7,block blk file_7,block blk file_7]","[receiving_28,receiving_28,receiving_28,allocate_4,none_22,writing_23,none_22,writing_23,none_22,writing_23,add_3,add_3,add_3,delete_24,delete_24,delete_24,deleting_34,deleting_34,deleting_34]","[none_40,none_40,none_40,none_4,none_31,none_32,none_31,none_32,none_31,none_32,updated_3,updated_3,updated_3,invalid_34,invalid_34,invalid_34,none_46,none_46,none_46]"
108024,"[7, 1, 1, 1, 2, 2, 2, 3, 4, 3, 4, 3, 4, 6, 6, 6, 5, 5, 5]","[NameSystem_2,block blk_6,block blk_6,block blk_6,NameSystem_2,NameSystem_2,NameSystem_2,blk_4,blk_4,blk_4,blk_4,blk_4,blk_4,blk_4,blk_4,blk_4,block blk file_7,block blk file_7,block blk file_7]","[allocate_4,receiving_28,receiving_28,receiving_28,add_3,add_3,add_3,none_22,writing_23,none_22,writing_23,none_22,writing_23,delete_24,delete_24,delete_24,deleting_34,deleting_34,deleting_34]","[none_4,none_40,none_40,none_40,updated_3,updated_3,updated_3,none_31,none_32,none_31,none_32,none_31,none_32,invalid_34,invalid_34,invalid_34,none_46,none_46,none_46]"
239332,"[1, 1, 1, 7, 4, 2, 3, 4, 3, 4, 3, 2, 2, 6, 6, 6, 5, 5, 5]","[block blk_6,block blk_6,block blk_6,NameSystem_2,blk_4,NameSystem_2,blk_4,blk_4,blk_4,blk_4,blk_4,NameSystem_2,NameSystem_2,blk_4,blk_4,blk_4,block blk file_7,block blk file_7,block blk file_7]","[receiving_28,receiving_28,receiving_28,allocate_4,writing_23,add_3,none_22,writing_23,none_22,writing_23,none_22,add_3,add_3,delete_24,delete_24,delete_24,deleting_34,deleting_34,deleting_34]","[none_40,none_40,none_40,none_4,none_32,updated_3,none_31,none_32,none_31,none_32,none_31,updated_3,updated_3,invalid_34,invalid_34,invalid_34,none_46,none_46,none_46]"
167862,"[1, 7, 1, 1, 3, 4, 3, 4, 3, 4, 2, 2, 2, 8, 9, 8, 8, 8, 9, 6, 6, 6, 5, 5, 5]","[block blk_6,NameSystem_2,block blk_6,block blk_6,blk_4,blk_4,blk_4,blk_4,blk_4,blk_4,NameSystem_2,NameSystem_2,NameSystem_2,/_0,blk_4,/_0,/_0,/_0,blk_4,blk_4,blk_4,blk_4,block blk file_7,block blk file_7,block blk file_7]","[receiving_28,allocate_4,receiving_28,receiving_28,none_22,writing_23,none_22,writing_23,none_22,writing_23,add_3,add_3,add_3,serving_0,transfer_13,serving_0,serving_0,serving_0,transfer_13,delete_24,delete_24,delete_24,deleting_34,deleting_34,deleting_34]","[none_40,none_4,none_40,none_40,none_31,none_32,none_31,none_32,none_31,none_32,updated_3,updated_3,updated_3,none_0,exception_21,none_0,none_0,none_0,exception_21,invalid_34,invalid_34,invalid_34,none_46,none_46,none_46]"
160263,"[1, 1, 1, 7, 3, 4, 3, 4, 3, 4, 2, 2, 2, 9, 8, 8, 8, 9, 8, 6, 6, 6, 5, 5, 5]","[block blk_6,block blk_6,block blk_6,NameSystem_2,blk_4,blk_4,blk_4,blk_4,blk_4,blk_4,NameSystem_2,NameSystem_2,NameSystem_2,blk_4,/_0,/_0,/_0,blk_4,/_0,blk_4,blk_4,blk_4,block blk file_7,block blk file_7,block blk file_7]","[receiving_28,receiving_28,receiving_28,allocate_4,none_22,writing_23,none_22,writing_23,none_22,writing_23,add_3,add_3,add_3,transfer_13,serving_0,serving_0,serving_0,transfer_13,serving_0,delete_24,delete_24,delete_24,deleting_34,deleting_34,deleting_34]","[none_40,none_40,none_40,none_4,none_31,none_32,none_31,none_32,none_31,none_32,updated_3,updated_3,updated_3,exception_21,none_0,none_0,none_0,exception_21,none_0,invalid_34,invalid_34,invalid_34,none_46,none_46,none_46]"
573822,"[7, 1, 1, 1, 3, 4, 3, 4, 3, 4, 2, 2, 2, 6, 6, 6, 5, 5, 5]","[NameSystem_2,block blk_6,block blk_6,block blk_6,blk_4,blk_4,blk_4,blk_4,blk_4,blk_4,NameSystem_2,NameSystem_2,NameSystem_2,blk_4,blk_4,blk_4,block blk file_7,block blk file_7,block blk file_7]","[allocate_4,receiving_28,receiving_28,receiving_28,none_22,writing_23,none_22,writing_23,none_22,writing_23,add_3,add_3,add_3,delete_24,delete_24,delete_24,deleting_34,deleting_34,deleting_34]","[none_4,none_40,none_40,none_40,none_31,none_32,none_31,none_32,none_31,none_32,updated_3,updated_3,updated_3,invalid_34,invalid_34,invalid_34,none_46,none_46,none_46]"
102923,"[7, 1, 1, 1, 2, 2, 2, 3, 4, 3, 4, 3, 4, 8, 9, 8, 8, 9, 8, 8, 8, 9, 6, 6, 6, 5, 5, 5]","[NameSystem_2,block blk_6,block blk_6,block blk_6,NameSystem_2,NameSystem_2,NameSystem_2,blk_4,blk_4,blk_4,blk_4,blk_4,blk_4,/_0,blk_4,/_0,/_0,blk_4,/_0,/_0,/_0,blk_4,blk_4,blk_4,blk_4,block blk file_7,block blk file_7,block blk file_7]","[allocate_4,receiving_28,receiving_28,receiving_28,add_3,add_3,add_3,none_22,writing_23,none_22,writing_23,none_22,writing_23,serving_0,transfer_13,serving_0,serving_0,transfer_13,serving_0,serving_0,serving_0,transfer_13,delete_24,delete_24,delete_24,deleting_34,deleting_34,deleting_34]","[none_4,none_40,none_40,none_40,updated_3,updated_3,updated_3,none_31,none_32,none_31,none_32,none_31,none_32,none_0,exception_21,none_0,none_0,exception_21,none_0,none_0,none_0,exception_21,invalid_34,invalid_34,invalid_34,none_46,none_46,none_46]"
133742,"[7, 1, 1, 1, 2, 2, 2, 3, 4, 3, 4, 3, 4, 9, 8, 9, 10, 6, 6, 6, 5, 5, 5]","[NameSystem_2,block blk_6,block blk_6,block blk_6,NameSystem_2,NameSystem_2,NameSystem_2,blk_4,blk_4,blk_4,blk_4,blk_4,blk_4,blk_4,/_0,blk_4,blk_4,blk_4,blk_4,blk_4,block blk file_7,block blk file_7,block blk file_7]","[allocate_4,receiving_28,receiving_28,receiving_28,add_3,add_3,add_3,none_22,writing_23,none_22,writing_23,none_22,writing_23,transfer_13,serving_0,transfer_13,verification_25,delete_24,delete_24,delete_24,deleting_34,deleting_34,deleting_34]","[none_4,none_40,none_40,none_40,updated_3,updated_3,updated_3,none_31,none_32,none_31,none_32,none_31,none_32,exception_21,none_0,exception_21,successful_35,invalid_34,invalid_34,invalid_34,none_46,none_46,none_46]"
183556,"[1, 7, 1, 1, 3, 4, 3, 4, 3, 4, 2, 2, 2, 6, 6, 6, 5, 5, 5]","[block blk_6,NameSystem_2,block blk_6,block blk_6,blk_4,blk_4,blk_4,blk_4,blk_4,blk_4,NameSystem_2,NameSystem_2,NameSystem_2,blk_4,blk_4,blk_4,block blk file_7,block blk file_7,block blk file_7]","[receiving_28,allocate_4,receiving_28,receiving_28,none_22,writing_23,none_22,writing_23,none_22,writing_23,add_3,add_3,add_3,delete_24,delete_24,delete_24,deleting_34,deleting_34,deleting_34]","[none_40,none_4,none_40,none_40,none_31,none_32,none_31,none_32,none_31,none_32,updated_3,updated_3,updated_3,invalid_34,invalid_34,invalid_34,none_46,none_46,none_46]"
395919,"[1, 1, 1, 7, 3, 4, 3, 4, 3, 4, 2, 2, 2, 6, 6, 6, 5, 5, 5]","[block blk_6,block blk_6,block blk_6,NameSystem_2,blk_4,blk_4,blk_4,blk_4,blk_4,blk_4,NameSystem_2,NameSystem_2,NameSystem_2,blk_4,blk_4,blk_4,block blk file_7,block blk file_7,block blk file_7]","[receiving_28,receiving_28,receiving_28,allocate_4,none_22,writing_23,none_22,writing_23,none_22,writing_23,add_3,add_3,add_3,delete_24,delete_24,delete_24,deleting_34,deleting_34,deleting_34]","[none_40,none_40,none_40,none_4,none_31,none_32,none_31,none_32,none_31,none_32,updated_3,updated_3,updated_3,invalid_34,invalid_34,invalid_34,none_46,none_46,none_46]"
256979,"[1, 1, 7, 1, 3, 4, 3, 4, 2, 2, 3, 4, 2, 6, 6, 6, 5, 5, 5]","[block blk_6,block blk_6,NameSystem_2,block blk_6,blk_4,blk_4,blk_4,blk_4,NameSystem_2,NameSystem_2,blk_4,blk_4,NameSystem_2,blk_4,blk_4,blk_4,block blk file_7,block blk file_7,block blk file_7]","[receiving_28,receiving_28,allocate_4,receiving_28,none_22,writing_23,none_22,writing_23,add_3,add_3,none_22,writing_23,add_3,delete_24,delete_24,delete_24,deleting_34,deleting_34,deleting_34]","[none_40,none_40,none_4,none_40,none_31,none_32,none_31,none_32,updated_3,updated_3,none_31,none_32,updated_3,invalid_34,invalid_34,invalid_34,none_46,none_46,none_46]"
538228,"[1, 7, 1, 1, 3, 4, 3, 4, 3, 4, 2, 2, 2, 6, 6, 6, 5, 5, 5]","[block blk_6,NameSystem_2,block blk_6,block blk_6,blk_4,blk_4,blk_4,blk_4,blk_4,blk_4,NameSystem_2,NameSystem_2,NameSystem_2,blk_4,blk_4,blk_4,block blk file_7,block blk file_7,block blk file_7]","[receiving_28,allocate_4,receiving_28,receiving_28,none_22,writing_23,none_22,writing_23,none_22,writing_23,add_3,add_3,add_3,delete_24,delete_24,delete_24,deleting_34,deleting_34,deleting_34]","[none_40,none_4,none_40,none_40,none_31,none_32,none_31,none_32,none_31,none_32,updated_3,updated_3,updated_3,invalid_34,invalid_34,invalid_34,none_46,none_46,none_46]"
89711,"[7, 1, 1, 1, 2, 2, 2, 3, 4, 3, 4, 3, 4, 8, 9, 8, 8, 9, 8, 9, 8, 8, 8, 9, 6, 6, 6, 5, 5, 5]","[NameSystem_2,block blk_6,block blk_6,block blk_6,NameSystem_2,NameSystem_2,NameSystem_2,blk_4,blk_4,blk_4,blk_4,blk_4,blk_4,/_0,blk_4,/_0,/_0,blk_4,/_0,blk_4,/_0,/_0,/_0,blk_4,blk_4,blk_4,blk_4,block blk file_7,block blk file_7,block blk file_7]","[allocate_4,receiving_28,receiving_28,receiving_28,add_3,add_3,add_3,none_22,writing_23,none_22,writing_23,none_22,writing_23,serving_0,transfer_13,serving_0,serving_0,transfer_13,serving_0,transfer_13,serving_0,serving_0,serving_0,transfer_13,delete_24,delete_24,delete_24,deleting_34,deleting_34,deleting_34]","[none_4,none_40,none_40,none_40,updated_3,updated_3,updated_3,none_31,none_32,none_31,none_32,none_31,none_32,none_0,exception_21,none_0,none_0,exception_21,none_0,exception_21,none_0,none_0,none_0,exception_21,invalid_34,invalid_34,invalid_34,none_46,none_46,none_46]"
514417,"[1, 1, 1, 7, 3, 4, 3, 4, 3, 4, 2, 2, 2]","[block blk_6,block blk_6,block blk_6,NameSystem_2,blk_4,blk_4,blk_4,blk_4,blk_4,blk_4,NameSystem_2,NameSystem_2,NameSystem_2]","[receiving_28,receiving_28,receiving_28,allocate_4,none_22,writing_23,none_22,writing_23,none_22,writing_23,add_3,add_3,add_3]","[none_40,none_40,none_40,none_4,none_31,none_32,none_31,none_32,none_31,none_32,updated_3,updated_3,updated_3]"
80420,"[7, 1, 1, 1, 2, 2, 2, 3, 4, 3, 4, 3, 4, 8, 8, 9, 10, 8, 8, 9, 8, 8, 9, 8, 8, 9, 6, 6, 6, 5, 5, 5]","[NameSystem_2,block blk_6,block blk_6,block blk_6,NameSystem_2,NameSystem_2,NameSystem_2,blk_4,blk_4,blk_4,blk_4,blk_4,blk_4,/_0,/_0,blk_4,blk_4,/_0,/_0,blk_4,/_0,/_0,blk_4,/_0,/_0,blk_4,blk_4,blk_4,blk_4,block blk file_7,block blk file_7,block blk file_7]","[allocate_4,receiving_28,receiving_28,receiving_28,add_3,add_3,add_3,none_22,writing_23,none_22,writing_23,none_22,writing_23,serving_0,serving_0,transfer_13,verification_25,serving_0,serving_0,transfer_13,serving_0,serving_0,transfer_13,serving_0,serving_0,transfer_13,delete_24,delete_24,delete_24,deleting_34,deleting_34,deleting_34]","[none_4,none_40,none_40,none_40,updated_3,updated_3,updated_3,none_31,none_32,none_31,none_32,none_31,none_32,none_0,none_0,exception_21,successful_35,none_0,none_0,exception_21,none_0,none_0,exception_21,none_0,none_0,exception_21,invalid_34,invalid_34,invalid_34,none_46,none_46,none_46]"
222891,"[1, 1, 1, 7, 3, 4, 3, 4, 3, 4, 2, 2, 2, 6, 6, 6, 5, 5, 5]","[block blk_6,block blk_6,block blk_6,NameSystem_2,blk_4,blk_4,blk_4,blk_4,blk_4,blk_4,NameSystem_2,NameSystem_2,NameSystem_2,blk_4,blk_4,blk_4,block blk file_7,block blk file_7,block blk file_7]","[receiving_28,receiving_28,receiving_28,allocate_4,none_22,writing_23,none_22,writing_23,none_22,writing_23,add_3,add_3,add_3,delete_24,delete_24,delete_24,deleting_34,deleting_34,deleting_34]","[none_40,none_40,none_40,none_4,none_31,none_32,none_31,none_32,none_31,none_32,updated_3,updated_3,updated_3,invalid_34,invalid_34,invalid_34,none_46,none_46,none_46]"
314661,"[1, 1, 1, 7, 3, 4, 3, 4, 3, 4, 2, 2, 2, 6, 6, 6, 5, 5, 5]","[block blk_6,block blk_6,block blk_6,NameSystem_2,blk_4,blk_4,blk_4,blk_4,blk_4,blk_4,NameSystem_2,NameSystem_2,NameSystem_2,blk_4,blk_4,blk_4,block blk file_7,block blk file_7,block blk file_7]","[receiving_28,receiving_28,receiving_28,allocate_4,none_22,writing_23,none_22,writing_23,none_22,writing_23,add_3,add_3,add_3,delete_24,delete_24,delete_24,deleting_34,deleting_34,deleting_34]","[none_40,none_40,none_40,none_4,none_31,none_32,none_31,none_32,none_31,none_32,updated_3,updated_3,updated_3,invalid_34,invalid_34,invalid_34,none_46,none_46,none_46]"
374015,"[1, 1, 7, 1, 3, 4, 3, 4, 3, 4, 2, 2, 2, 6, 6, 6, 5, 5, 5]","[block blk_6,block blk_6,NameSystem_2,block blk_6,blk_4,blk_4,blk_4,blk_4,blk_4,blk_4,NameSystem_2,NameSystem_2,NameSystem_2,blk_4,blk_4,blk_4,block blk file_7,block blk file_7,block blk file_7]","[receiving_28,receiving_28,allocate_4,receiving_28,none_22,writing_23,none_22,writing_23,none_22,writing_23,add_3,add_3,add_3,delete_24,delete_24,delete_24,deleting_34,deleting_34,deleting_34]","[none_40,none_40,none_4,none_40,none_31,none_32,none_31,none_32,none_31,none_32,updated_3,updated_3,updated_3,invalid_34,invalid_34,invalid_34,none_46,none_46,none_46]"
387535,"[1, 1, 7, 1, 3, 4, 3, 4, 3, 4, 2, 2, 2, 6, 6, 6, 5, 5, 5]","[block blk_6,block blk_6,NameSystem_2,block blk_6,blk_4,blk_4,blk_4,blk_4,blk_4,blk_4,NameSystem_2,NameSystem_2,NameSystem_2,blk_4,blk_4,blk_4,block blk file_7,block blk file_7,block blk file_7]","[receiving_28,receiving_28,allocate_4,receiving_28,none_22,writing_23,none_22,writing_23,none_22,writing_23,add_3,add_3,add_3,delete_24,delete_24,delete_24,deleting_34,deleting_34,deleting_34]","[none_40,none_40,none_4,none_40,none_31,none_32,none_31,none_32,none_31,none_32,updated_3,updated_3,updated_3,invalid_34,invalid_34,invalid_34,none_46,none_46,none_46]"
476156,"[1, 1, 1, 7, 3, 4, 3, 4, 3, 4, 2, 2, 2]","[block blk_6,block blk_6,block blk_6,NameSystem_2,blk_4,blk_4,blk_4,blk_4,blk_4,blk_4,NameSystem_2,NameSystem_2,NameSystem_2]","[receiving_28,receiving_28,receiving_28,allocate_4,none_22,writing_23,none_22,writing_23,none_22,writing_23,add_3,add_3,add_3]","[none_40,none_40,none_40,none_4,none_31,none_32,none_31,none_32,none_31,none_32,updated_3,updated_3,updated_3]"
476822,"[1, 7, 1, 1, 2, 3, 4, 3, 4, 3, 4, 2, 2]","[block blk_6,NameSystem_2,block blk_6,block blk_6,NameSystem_2,blk_4,blk_4,blk_4,blk_4,blk_4,blk_4,NameSystem_2,NameSystem_2]","[receiving_28,allocate_4,receiving_28,receiving_28,add_3,none_22,writing_23,none_22,writing_23,none_22,writing_23,add_3,add_3]","[none_40,none_4,none_40,none_40,updated_3,none_31,none_32,none_31,none_32,none_31,none_32,updated_3,updated_3]"
493202,"[1, 1, 1, 7, 3, 4, 3, 4, 3, 4, 2, 2, 2]","[block blk_6,block blk_6,block blk_6,NameSystem_2,blk_4,blk_4,blk_4,blk_4,blk_4,blk_4,NameSystem_2,NameSystem_2,NameSystem_2]","[receiving_28,receiving_28,receiving_28,allocate_4,none_22,writing_23,none_22,writing_23,none_22,writing_23,add_3,add_3,add_3]","[none_40,none_40,none_40,none_4,none_31,none_32,none_31,none_32,none_31,none_32,updated_3,updated_3,updated_3]"
573408,"[1, 7, 1, 1, 3, 4, 2, 3, 4, 3, 4, 2, 2, 6, 6, 6, 5, 5, 5]","[block blk_6,NameSystem_2,block blk_6,block blk_6,blk_4,blk_4,NameSystem_2,blk_4,blk_4,blk_4,blk_4,NameSystem_2,NameSystem_2,blk_4,blk_4,blk_4,block blk file_7,block blk file_7,block blk file_7]","[receiving_28,allocate_4,receiving_28,receiving_28,none_22,writing_23,add_3,none_22,writing_23,none_22,writing_23,add_3,add_3,delete_24,delete_24,delete_24,deleting_34,deleting_34,deleting_34]","[none_40,none_4,none_40,none_40,none_31,none_32,updated_3,none_31,none_32,none_31,none_32,updated_3,updated_3,invalid_34,invalid_34,invalid_34,none_46,none_46,none_46]"
65,"[1, 1, 7, 1, 3, 4, 3, 4, 3, 4, 2, 2, 2, 10, 10, 10, 9, 9, 9, 9, 9, 9, 9, 9, 9, 9, 9, 9, 9, 9, 8, 9, 6, 6, 6, 5, 5, 5]","[block blk_6,block blk_6,NameSystem_2,block blk_6,blk_4,blk_4,blk_4,blk_4,blk_4,blk_4,NameSystem_2,NameSystem_2,NameSystem_2,blk_4,blk_4,blk_4,blk_4,blk_4,blk_4,blk_4,blk_4,blk_4,blk_4,blk_4,blk_4,blk_4,blk_4,blk_4,blk_4,blk_4,/_0,blk_4,blk_4,blk_4,blk_4,block blk file_7,block blk file_7,block blk file_7]","[receiving_28,receiving_28,allocate_4,receiving_28,none_22,writing_23,none_22,writing_23,none_22,writing_23,add_3,add_3,add_3,verification_25,verification_25,verification_25,transfer_13,transfer_13,transfer_13,transfer_13,transfer_13,transfer_13,transfer_13,transfer_13,transfer_13,transfer_13,transfer_13,transfer_13,transfer_13,transfer_13,serving_0,transfer_13,delete_24,delete_24,delete_24,deleting_34,deleting_34,deleting_34]","[none_40,none_40,none_4,none_40,none_31,none_32,none_31,none_32,none_31,none_32,updated_3,updated_3,updated_3,successful_35,successful_35,successful_35,exception_21,exception_21,exception_21,exception_21,exception_21,exception_21,exception_21,exception_21,exception_21,exception_21,exception_21,exception_21,exception_21,exception_21,none_0,exception_21,invalid_34,invalid_34,invalid_34,none_46,none_46,none_46]"
357627,"[1, 7, 1, 1, 3, 4, 3, 4, 3, 4, 2, 2, 2, 6, 6, 6, 5, 5, 5]","[block blk_6,NameSystem_2,block blk_6,block blk_6,blk_4,blk_4,blk_4,blk_4,blk_4,blk_4,NameSystem_2,NameSystem_2,NameSystem_2,blk_4,blk_4,blk_4,block blk file_7,block blk file_7,block blk file_7]","[receiving_28,allocate_4,receiving_28,receiving_28,none_22,writing_23,none_22,writing_23,none_22,writing_23,add_3,add_3,add_3,delete_24,delete_24,delete_24,deleting_34,deleting_34,deleting_34]","[none_40,none_4,none_40,none_40,none_31,none_32,none_31,none_32,none_31,none_32,updated_3,updated_3,updated_3,invalid_34,invalid_34,invalid_34,none_46,none_46,none_46]"
135271,"[7, 1, 1, 1, 2, 2, 2, 3, 4, 3, 4, 3, 4, 9, 9, 8, 6, 6, 6, 5, 5, 5]","[NameSystem_2,block blk_6,block blk_6,block blk_6,NameSystem_2,NameSystem_2,NameSystem_2,blk_4,blk_4,blk_4,blk_4,blk_4,blk_4,blk_4,blk_4,/_0,blk_4,blk_4,blk_4,block blk file_7,block blk file_7,block blk file_7]","[allocate_4,receiving_28,receiving_28,receiving_28,add_3,add_3,add_3,none_22,writing_23,none_22,writing_23,none_22,writing_23,transfer_13,transfer_13,serving_0,delete_24,delete_24,delete_24,deleting_34,deleting_34,deleting_34]","[none_4,none_40,none_40,none_40,updated_3,updated_3,updated_3,none_31,none_32,none_31,none_32,none_31,none_32,exception_21,exception_21,none_0,invalid_34,invalid_34,invalid_34,none_46,none_46,none_46]"
100013,"[7, 1, 1, 1, 2, 2, 2, 3, 4, 3, 4, 3, 4, 9, 8, 8, 9, 8, 8, 9, 8, 8, 6, 6, 6, 5, 5, 5]","[NameSystem_2,block blk_6,block blk_6,block blk_6,NameSystem_2,NameSystem_2,NameSystem_2,blk_4,blk_4,blk_4,blk_4,blk_4,blk_4,blk_4,/_0,/_0,blk_4,/_0,/_0,blk_4,/_0,/_0,blk_4,blk_4,blk_4,block blk file_7,block blk file_7,block blk file_7]","[allocate_4,receiving_28,receiving_28,receiving_28,add_3,add_3,add_3,none_22,writing_23,none_22,writing_23,none_22,writing_23,transfer_13,serving_0,serving_0,transfer_13,serving_0,serving_0,transfer_13,serving_0,serving_0,delete_24,delete_24,delete_24,deleting_34,deleting_34,deleting_34]","[none_4,none_40,none_40,none_40,updated_3,updated_3,updated_3,none_31,none_32,none_31,none_32,none_31,none_32,exception_21,none_0,none_0,exception_21,none_0,none_0,exception_21,none_0,none_0,invalid_34,invalid_34,invalid_34,none_46,none_46,none_46]"
542574,"[1, 1, 1, 7, 3, 4, 3, 4, 3, 4, 2, 2, 2, 6, 6, 6, 5, 5, 5]","[block blk_6,block blk_6,block blk_6,NameSystem_2,blk_4,blk_4,blk_4,blk_4,blk_4,blk_4,NameSystem_2,NameSystem_2,NameSystem_2,blk_4,blk_4,blk_4,block blk file_7,block blk file_7,block blk file_7]","[receiving_28,receiving_28,receiving_28,allocate_4,none_22,writing_23,none_22,writing_23,none_22,writing_23,add_3,add_3,add_3,delete_24,delete_24,delete_24,deleting_34,deleting_34,deleting_34]","[none_40,none_40,none_40,none_4,none_31,none_32,none_31,none_32,none_31,none_32,updated_3,updated_3,updated_3,invalid_34,invalid_34,invalid_34,none_46,none_46,none_46]"
535488,"[1, 1, 1, 7, 3, 4, 3, 4, 3, 4, 2, 2, 2]","[block blk_6,block blk_6,block blk_6,NameSystem_2,blk_4,blk_4,blk_4,blk_4,blk_4,blk_4,NameSystem_2,NameSystem_2,NameSystem_2]","[receiving_28,receiving_28,receiving_28,allocate_4,none_22,writing_23,none_22,writing_23,none_22,writing_23,add_3,add_3,add_3]","[none_40,none_40,none_40,none_4,none_31,none_32,none_31,none_32,none_31,none_32,updated_3,updated_3,updated_3]"
210660,"[1, 1, 1, 7, 3, 4, 3, 4, 3, 4, 2, 2, 2, 6, 6, 6, 5, 5, 5]","[block blk_6,block blk_6,block blk_6,NameSystem_2,blk_4,blk_4,blk_4,blk_4,blk_4,blk_4,NameSystem_2,NameSystem_2,NameSystem_2,blk_4,blk_4,blk_4,block blk file_7,block blk file_7,block blk file_7]","[receiving_28,receiving_28,receiving_28,allocate_4,none_22,writing_23,none_22,writing_23,none_22,writing_23,add_3,add_3,add_3,delete_24,delete_24,delete_24,deleting_34,deleting_34,deleting_34]","[none_40,none_40,none_40,none_4,none_31,none_32,none_31,none_32,none_31,none_32,updated_3,updated_3,updated_3,invalid_34,invalid_34,invalid_34,none_46,none_46,none_46]"
21937,"[1, 1, 7, 1, 3, 4, 3, 4, 3, 4, 2, 2, 2, 9, 8, 9, 6, 6, 6, 5, 5, 5]","[block blk_6,block blk_6,NameSystem_2,block blk_6,blk_4,blk_4,blk_4,blk_4,blk_4,blk_4,NameSystem_2,NameSystem_2,NameSystem_2,blk_4,/_0,blk_4,blk_4,blk_4,blk_4,block blk file_7,block blk file_7,block blk file_7]","[receiving_28,receiving_28,allocate_4,receiving_28,none_22,writing_23,none_22,writing_23,none_22,writing_23,add_3,add_3,add_3,transfer_13,serving_0,transfer_13,delete_24,delete_24,delete_24,deleting_34,deleting_34,deleting_34]","[none_40,none_40,none_4,none_40,none_31,none_32,none_31,none_32,none_31,none_32,updated_3,updated_3,updated_3,exception_21,none_0,exception_21,invalid_34,invalid_34,invalid_34,none_46,none_46,none_46]"
539850,"[1, 1, 1, 7, 3, 4, 3, 4, 3, 4, 2, 2, 2, 6, 6, 6, 5, 5, 5]","[block blk_6,block blk_6,block blk_6,NameSystem_2,blk_4,blk_4,blk_4,blk_4,blk_4,blk_4,NameSystem_2,NameSystem_2,NameSystem_2,blk_4,blk_4,blk_4,block blk file_7,block blk file_7,block blk file_7]","[receiving_28,receiving_28,receiving_28,allocate_4,none_22,writing_23,none_22,writing_23,none_22,writing_23,add_3,add_3,add_3,delete_24,delete_24,delete_24,deleting_34,deleting_34,deleting_34]","[none_40,none_40,none_40,none_4,none_31,none_32,none_31,none_32,none_31,none_32,updated_3,updated_3,updated_3,invalid_34,invalid_34,invalid_34,none_46,none_46,none_46]"
352575,"[1, 1, 1, 7, 3, 4, 3, 4, 2, 2, 3, 4, 2]","[block blk_6,block blk_6,block blk_6,NameSystem_2,blk_4,blk_4,blk_4,blk_4,NameSystem_2,NameSystem_2,blk_4,blk_4,NameSystem_2]","[receiving_28,receiving_28,receiving_28,allocate_4,none_22,writing_23,none_22,writing_23,add_3,add_3,none_22,writing_23,add_3]","[none_40,none_40,none_40,none_4,none_31,none_32,none_31,none_32,updated_3,updated_3,none_31,none_32,updated_3]"
430573,"[1, 1, 7, 1, 3, 4, 2, 2, 2, 3, 4, 3, 4, 6, 6, 6, 5, 5, 5]","[block blk_6,block blk_6,NameSystem_2,block blk_6,blk_4,blk_4,NameSystem_2,NameSystem_2,NameSystem_2,blk_4,blk_4,blk_4,blk_4,blk_4,blk_4,blk_4,block blk file_7,block blk file_7,block blk file_7]","[receiving_28,receiving_28,allocate_4,receiving_28,none_22,writing_23,add_3,add_3,add_3,none_22,writing_23,none_22,writing_23,delete_24,delete_24,delete_24,deleting_34,deleting_34,deleting_34]","[none_40,none_40,none_4,none_40,none_31,none_32,updated_3,updated_3,updated_3,none_31,none_32,none_31,none_32,invalid_34,invalid_34,invalid_34,none_46,none_46,none_46]"
88684,"[7, 1, 1, 1, 2, 2, 2, 3, 4, 3, 4, 3, 4, 8, 8, 9, 8, 8, 9, 8, 8, 9, 9, 8, 6, 6, 6, 5, 5, 5]","[NameSystem_2,block blk_6,block blk_6,block blk_6,NameSystem_2,NameSystem_2,NameSystem_2,blk_4,blk_4,blk_4,blk_4,blk_4,blk_4,/_0,/_0,blk_4,/_0,/_0,blk_4,/_0,/_0,blk_4,blk_4,/_0,blk_4,blk_4,blk_4,block blk file_7,block blk file_7,block blk file_7]","[allocate_4,receiving_28,receiving_28,receiving_28,add_3,add_3,add_3,none_22,writing_23,none_22,writing_23,none_22,writing_23,serving_0,serving_0,transfer_13,serving_0,serving_0,transfer_13,serving_0,serving_0,transfer_13,transfer_13,serving_0,delete_24,delete_24,delete_24,deleting_34,deleting_34,deleting_34]","[none_4,none_40,none_40,none_40,updated_3,updated_3,updated_3,none_31,none_32,none_31,none_32,none_31,none_32,none_0,none_0,exception_21,none_0,none_0,exception_21,none_0,none_0,exception_21,exception_21,none_0,invalid_34,invalid_34,invalid_34,none_46,none_46,none_46]"
223325,"[1, 7, 1, 1, 3, 4, 3, 4, 3, 4, 2, 2, 2, 6, 6, 6, 5, 5, 5]","[block blk_6,NameSystem_2,block blk_6,block blk_6,blk_4,blk_4,blk_4,blk_4,blk_4,blk_4,NameSystem_2,NameSystem_2,NameSystem_2,blk_4,blk_4,blk_4,block blk file_7,block blk file_7,block blk file_7]","[receiving_28,allocate_4,receiving_28,receiving_28,none_22,writing_23,none_22,writing_23,none_22,writing_23,add_3,add_3,add_3,delete_24,delete_24,delete_24,deleting_34,deleting_34,deleting_34]","[none_40,none_4,none_40,none_40,none_31,none_32,none_31,none_32,none_31,none_32,updated_3,updated_3,updated_3,invalid_34,invalid_34,invalid_34,none_46,none_46,none_46]"
312340,"[1, 1, 1, 7, 4, 3, 4, 3, 4, 2, 2, 3, 2, 6, 6, 6, 5, 5, 5]","[block blk_6,block blk_6,block blk_6,NameSystem_2,blk_4,blk_4,blk_4,blk_4,blk_4,NameSystem_2,NameSystem_2,blk_4,NameSystem_2,blk_4,blk_4,blk_4,block blk file_7,block blk file_7,block blk file_7]","[receiving_28,receiving_28,receiving_28,allocate_4,writing_23,none_22,writing_23,none_22,writing_23,add_3,add_3,none_22,add_3,delete_24,delete_24,delete_24,deleting_34,deleting_34,deleting_34]","[none_40,none_40,none_40,none_4,none_32,none_31,none_32,none_31,none_32,updated_3,updated_3,none_31,updated_3,invalid_34,invalid_34,invalid_34,none_46,none_46,none_46]"
144099,"[1, 1, 1, 7, 3, 4, 3, 4, 3, 4, 2, 2, 2, 8, 6, 6, 6, 5, 5, 5]","[block blk_6,block blk_6,block blk_6,NameSystem_2,blk_4,blk_4,blk_4,blk_4,blk_4,blk_4,NameSystem_2,NameSystem_2,NameSystem_2,/_0,blk_4,blk_4,blk_4,block blk file_7,block blk file_7,block blk file_7]","[receiving_28,receiving_28,receiving_28,allocate_4,none_22,writing_23,none_22,writing_23,none_22,writing_23,add_3,add_3,add_3,serving_0,delete_24,delete_24,delete_24,deleting_34,deleting_34,deleting_34]","[none_40,none_40,none_40,none_4,none_31,none_32,none_31,none_32,none_31,none_32,updated_3,updated_3,updated_3,none_0,invalid_34,invalid_34,invalid_34,none_46,none_46,none_46]"
