seq_id,seq,entity_nodes_for_logkeys,action_nodes_for_logkeys,status_nodes_for_logkeys
23,"['1', '1', '7', '1', '3', '4', '3', '4', '2', '2', '3', '4', '2', '10', '10', '10', '9', '9', '9', '9', '9', '9', '9', '9', '9', '9', '8', '9', '9', '9', '9', '9', '6', '6', '6', '5', '5', '18', '2', '5']","[block blk_6,block blk_6,NameSystem_2,block blk_6,blk_4,blk_4,blk_4,blk_4,NameSystem_2,NameSystem_2,blk_4,blk_4,NameSystem_2,blk_4,blk_4,blk_4,blk_4,blk_4,blk_4,blk_4,blk_4,blk_4,blk_4,blk_4,blk_4,blk_4,/_0,blk_4,blk_4,blk_4,blk_4,blk_4,blk_4,blk_4,blk_4,block blk file_7,block blk file_7,blk_4,NameSystem_2,block blk file_7]","[receiving_28,receiving_28,allocate_4,receiving_28,none_22,writing_23,none_22,writing_23,add_3,add_3,none_22,writing_23,add_3,verification_25,verification_25,verification_25,transfer_13,transfer_13,transfer_13,transfer_13,transfer_13,transfer_13,transfer_13,transfer_13,transfer_13,transfer_13,serving_0,transfer_13,transfer_13,transfer_13,transfer_13,transfer_13,delete_24,delete_24,delete_24,deleting_34,deleting_34,receive_21,add_3,deleting_34]","[none_40,none_40,none_4,none_40,none_31,none_32,none_31,none_32,updated_3,updated_3,none_31,none_32,updated_3,successful_35,successful_35,successful_35,exception_21,exception_21,exception_21,exception_21,exception_21,exception_21,exception_21,exception_21,exception_21,exception_21,none_0,exception_21,exception_21,exception_21,exception_21,exception_21,invalid_34,invalid_34,invalid_34,none_46,none_46,error_30,updated_3,none_46]"
31,"['1', '1', '1', '7', '3', '4', '3', '4', '3', '4', '2', '2', '2', '10', '10', '10', '9', '9', '9', '9', '9', '9', '9', '9', '9', '9', '9', '8', '9', '9', '9', '9', '6', '6', '6', '5', '5', '5']","[block blk_6,block blk_6,block blk_6,NameSystem_2,blk_4,blk_4,blk_4,blk_4,blk_4,blk_4,NameSystem_2,NameSystem_2,NameSystem_2,blk_4,blk_4,blk_4,blk_4,blk_4,blk_4,blk_4,blk_4,blk_4,blk_4,blk_4,blk_4,blk_4,blk_4,/_0,blk_4,blk_4,blk_4,blk_4,blk_4,blk_4,blk_4,block blk file_7,block blk file_7,block blk file_7]","[receiving_28,receiving_28,receiving_28,allocate_4,none_22,writing_23,none_22,writing_23,none_22,writing_23,add_3,add_3,add_3,verification_25,verification_25,verification_25,transfer_13,transfer_13,transfer_13,transfer_13,transfer_13,transfer_13,transfer_13,transfer_13,transfer_13,transfer_13,transfer_13,serving_0,transfer_13,transfer_13,transfer_13,transfer_13,delete_24,delete_24,delete_24,deleting_34,deleting_34,deleting_34]","[none_40,none_40,none_40,none_4,none_31,none_32,none_31,none_32,none_31,none_32,updated_3,updated_3,updated_3,successful_35,successful_35,successful_35,exception_21,exception_21,exception_21,exception_21,exception_21,exception_21,exception_21,exception_21,exception_21,exception_21,exception_21,none_0,exception_21,exception_21,exception_21,exception_21,invalid_34,invalid_34,invalid_34,none_46,none_46,none_46]"
37,"['1', '1', '7', '1', '3', '4', '3', '4', '2', '3', '4', '2', '2', '10', '10', '10', '9', '9', '8', '9', '9', '9', '9', '9', '9', '9', '9', '9', '9', '9', '9', '9', '6', '6', '6', '5', '5', '5']","[block blk_6,block blk_6,NameSystem_2,block blk_6,blk_4,blk_4,blk_4,blk_4,NameSystem_2,blk_4,blk_4,NameSystem_2,NameSystem_2,blk_4,blk_4,blk_4,blk_4,blk_4,/_0,blk_4,blk_4,blk_4,blk_4,blk_4,blk_4,blk_4,blk_4,blk_4,blk_4,blk_4,blk_4,blk_4,blk_4,blk_4,blk_4,block blk file_7,block blk file_7,block blk file_7]","[receiving_28,receiving_28,allocate_4,receiving_28,none_22,writing_23,none_22,writing_23,add_3,none_22,writing_23,add_3,add_3,verification_25,verification_25,verification_25,transfer_13,transfer_13,serving_0,transfer_13,transfer_13,transfer_13,transfer_13,transfer_13,transfer_13,transfer_13,transfer_13,transfer_13,transfer_13,transfer_13,transfer_13,transfer_13,delete_24,delete_24,delete_24,deleting_34,deleting_34,deleting_34]","[none_40,none_40,none_4,none_40,none_31,none_32,none_31,none_32,updated_3,none_31,none_32,updated_3,updated_3,successful_35,successful_35,successful_35,exception_21,exception_21,none_0,exception_21,exception_21,exception_21,exception_21,exception_21,exception_21,exception_21,exception_21,exception_21,exception_21,exception_21,exception_21,exception_21,invalid_34,invalid_34,invalid_34,none_46,none_46,none_46]"
61,"['1', '1', '7', '1', '3', '4', '2', '3', '3', '4', '4', '2', '2', '10', '10', '10', '9', '9', '9', '9', '9', '9', '9', '9', '9', '9', '9', '9', '8', '9', '9', '9', '6', '6', '6', '5', '5', '5']","[block blk_6,block blk_6,NameSystem_2,block blk_6,blk_4,blk_4,NameSystem_2,blk_4,blk_4,blk_4,blk_4,NameSystem_2,NameSystem_2,blk_4,blk_4,blk_4,blk_4,blk_4,blk_4,blk_4,blk_4,blk_4,blk_4,blk_4,blk_4,blk_4,blk_4,blk_4,/_0,blk_4,blk_4,blk_4,blk_4,blk_4,blk_4,block blk file_7,block blk file_7,block blk file_7]","[receiving_28,receiving_28,allocate_4,receiving_28,none_22,writing_23,add_3,none_22,none_22,writing_23,writing_23,add_3,add_3,verification_25,verification_25,verification_25,transfer_13,transfer_13,transfer_13,transfer_13,transfer_13,transfer_13,transfer_13,transfer_13,transfer_13,transfer_13,transfer_13,transfer_13,serving_0,transfer_13,transfer_13,transfer_13,delete_24,delete_24,delete_24,deleting_34,deleting_34,deleting_34]","[none_40,none_40,none_4,none_40,none_31,none_32,updated_3,none_31,none_31,none_32,none_32,updated_3,updated_3,successful_35,successful_35,successful_35,exception_21,exception_21,exception_21,exception_21,exception_21,exception_21,exception_21,exception_21,exception_21,exception_21,exception_21,exception_21,none_0,exception_21,exception_21,exception_21,invalid_34,invalid_34,invalid_34,none_46,none_46,none_46]"
74,"['1', '1', '7', '1', '3', '4', '3', '4', '2', '2', '3', '4', '2', '10', '10', '10', '9', '9', '9', '9', '9', '8', '9', '9', '9', '9', '9', '9', '9', '9', '9', '9', '6', '6', '6', '5', '5', '5']","[block blk_6,block blk_6,NameSystem_2,block blk_6,blk_4,blk_4,blk_4,blk_4,NameSystem_2,NameSystem_2,blk_4,blk_4,NameSystem_2,blk_4,blk_4,blk_4,blk_4,blk_4,blk_4,blk_4,blk_4,/_0,blk_4,blk_4,blk_4,blk_4,blk_4,blk_4,blk_4,blk_4,blk_4,blk_4,blk_4,blk_4,blk_4,block blk file_7,block blk file_7,block blk file_7]","[receiving_28,receiving_28,allocate_4,receiving_28,none_22,writing_23,none_22,writing_23,add_3,add_3,none_22,writing_23,add_3,verification_25,verification_25,verification_25,transfer_13,transfer_13,transfer_13,transfer_13,transfer_13,serving_0,transfer_13,transfer_13,transfer_13,transfer_13,transfer_13,transfer_13,transfer_13,transfer_13,transfer_13,transfer_13,delete_24,delete_24,delete_24,deleting_34,deleting_34,deleting_34]","[none_40,none_40,none_4,none_40,none_31,none_32,none_31,none_32,updated_3,updated_3,none_31,none_32,updated_3,successful_35,successful_35,successful_35,exception_21,exception_21,exception_21,exception_21,exception_21,none_0,exception_21,exception_21,exception_21,exception_21,exception_21,exception_21,exception_21,exception_21,exception_21,exception_21,invalid_34,invalid_34,invalid_34,none_46,none_46,none_46]"
82,"['1', '7', '1', '1', '3', '4', '3', '4', '3', '4', '2', '2', '2', '10', '10', '10', '9', '9', '9', '9', '9', '9', '9', '9', '9', '9', '9', '8', '9', '9', '9', '9', '6', '6', '6', '5', '5', '5']","[block blk_6,NameSystem_2,block blk_6,block blk_6,blk_4,blk_4,blk_4,blk_4,blk_4,blk_4,NameSystem_2,NameSystem_2,NameSystem_2,blk_4,blk_4,blk_4,blk_4,blk_4,blk_4,blk_4,blk_4,blk_4,blk_4,blk_4,blk_4,blk_4,blk_4,/_0,blk_4,blk_4,blk_4,blk_4,blk_4,blk_4,blk_4,block blk file_7,block blk file_7,block blk file_7]","[receiving_28,allocate_4,receiving_28,receiving_28,none_22,writing_23,none_22,writing_23,none_22,writing_23,add_3,add_3,add_3,verification_25,verification_25,verification_25,transfer_13,transfer_13,transfer_13,transfer_13,transfer_13,transfer_13,transfer_13,transfer_13,transfer_13,transfer_13,transfer_13,serving_0,transfer_13,transfer_13,transfer_13,transfer_13,delete_24,delete_24,delete_24,deleting_34,deleting_34,deleting_34]","[none_40,none_4,none_40,none_40,none_31,none_32,none_31,none_32,none_31,none_32,updated_3,updated_3,updated_3,successful_35,successful_35,successful_35,exception_21,exception_21,exception_21,exception_21,exception_21,exception_21,exception_21,exception_21,exception_21,exception_21,exception_21,none_0,exception_21,exception_21,exception_21,exception_21,invalid_34,invalid_34,invalid_34,none_46,none_46,none_46]"
94,"['1', '7', '1', '1', '3', '3', '4', '4', '2', '2', '3', '4', '2', '10', '10', '10', '9', '9', '9', '9', '9', '9', '9', '9', '9', '9', '9', '9', '8', '9', '9', '9', '6', '6', '6', '5', '5', '5']","[block blk_6,NameSystem_2,block blk_6,block blk_6,blk_4,blk_4,blk_4,blk_4,NameSystem_2,NameSystem_2,blk_4,blk_4,NameSystem_2,blk_4,blk_4,blk_4,blk_4,blk_4,blk_4,blk_4,blk_4,blk_4,blk_4,blk_4,blk_4,blk_4,blk_4,blk_4,/_0,blk_4,blk_4,blk_4,blk_4,blk_4,blk_4,block blk file_7,block blk file_7,block blk file_7]","[receiving_28,allocate_4,receiving_28,receiving_28,none_22,none_22,writing_23,writing_23,add_3,add_3,none_22,writing_23,add_3,verification_25,verification_25,verification_25,transfer_13,transfer_13,transfer_13,transfer_13,transfer_13,transfer_13,transfer_13,transfer_13,transfer_13,transfer_13,transfer_13,transfer_13,serving_0,transfer_13,transfer_13,transfer_13,delete_24,delete_24,delete_24,deleting_34,deleting_34,deleting_34]","[none_40,none_4,none_40,none_40,none_31,none_31,none_32,none_32,updated_3,updated_3,none_31,none_32,updated_3,successful_35,successful_35,successful_35,exception_21,exception_21,exception_21,exception_21,exception_21,exception_21,exception_21,exception_21,exception_21,exception_21,exception_21,exception_21,none_0,exception_21,exception_21,exception_21,invalid_34,invalid_34,invalid_34,none_46,none_46,none_46]"
96,"['1', '7', '1', '1', '3', '4', '3', '3', '4', '4', '2', '2', '2', '10', '10', '10', '9', '9', '9', '9', '9', '8', '9', '9', '9', '9', '9', '9', '9', '9', '9', '9', '6', '6', '6', '5', '5', '5']","[block blk_6,NameSystem_2,block blk_6,block blk_6,blk_4,blk_4,blk_4,blk_4,blk_4,blk_4,NameSystem_2,NameSystem_2,NameSystem_2,blk_4,blk_4,blk_4,blk_4,blk_4,blk_4,blk_4,blk_4,/_0,blk_4,blk_4,blk_4,blk_4,blk_4,blk_4,blk_4,blk_4,blk_4,blk_4,blk_4,blk_4,blk_4,block blk file_7,block blk file_7,block blk file_7]","[receiving_28,allocate_4,receiving_28,receiving_28,none_22,writing_23,none_22,none_22,writing_23,writing_23,add_3,add_3,add_3,verification_25,verification_25,verification_25,transfer_13,transfer_13,transfer_13,transfer_13,transfer_13,serving_0,transfer_13,transfer_13,transfer_13,transfer_13,transfer_13,transfer_13,transfer_13,transfer_13,transfer_13,transfer_13,delete_24,delete_24,delete_24,deleting_34,deleting_34,deleting_34]","[none_40,none_4,none_40,none_40,none_31,none_32,none_31,none_31,none_32,none_32,updated_3,updated_3,updated_3,successful_35,successful_35,successful_35,exception_21,exception_21,exception_21,exception_21,exception_21,none_0,exception_21,exception_21,exception_21,exception_21,exception_21,exception_21,exception_21,exception_21,exception_21,exception_21,invalid_34,invalid_34,invalid_34,none_46,none_46,none_46]"
106,"['1', '1', '7', '1', '3', '3', '4', '4', '3', '4', '2', '2', '2', '10', '10', '10', '9', '9', '8', '9', '9', '9', '9', '9', '9', '9', '9', '9', '9', '9', '9', '9', '6', '6', '6', '5', '5', '5']","[block blk_6,block blk_6,NameSystem_2,block blk_6,blk_4,blk_4,blk_4,blk_4,blk_4,blk_4,NameSystem_2,NameSystem_2,NameSystem_2,blk_4,blk_4,blk_4,blk_4,blk_4,/_0,blk_4,blk_4,blk_4,blk_4,blk_4,blk_4,blk_4,blk_4,blk_4,blk_4,blk_4,blk_4,blk_4,blk_4,blk_4,blk_4,block blk file_7,block blk file_7,block blk file_7]","[receiving_28,receiving_28,allocate_4,receiving_28,none_22,none_22,writing_23,writing_23,none_22,writing_23,add_3,add_3,add_3,verification_25,verification_25,verification_25,transfer_13,transfer_13,serving_0,transfer_13,transfer_13,transfer_13,transfer_13,transfer_13,transfer_13,transfer_13,transfer_13,transfer_13,transfer_13,transfer_13,transfer_13,transfer_13,delete_24,delete_24,delete_24,deleting_34,deleting_34,deleting_34]","[none_40,none_40,none_4,none_40,none_31,none_31,none_32,none_32,none_31,none_32,updated_3,updated_3,updated_3,successful_35,successful_35,successful_35,exception_21,exception_21,none_0,exception_21,exception_21,exception_21,exception_21,exception_21,exception_21,exception_21,exception_21,exception_21,exception_21,exception_21,exception_21,exception_21,invalid_34,invalid_34,invalid_34,none_46,none_46,none_46]"
118,"['1', '1', '7', '1', '3', '4', '3', '4', '3', '4', '2', '2', '2', '10', '10', '10', '9', '9', '9', '9', '9', '9', '9', '9', '9', '9', '9', '9', '8', '9', '9', '9', '6', '6', '6', '5', '5', '5']","[block blk_6,block blk_6,NameSystem_2,block blk_6,blk_4,blk_4,blk_4,blk_4,blk_4,blk_4,NameSystem_2,NameSystem_2,NameSystem_2,blk_4,blk_4,blk_4,blk_4,blk_4,blk_4,blk_4,blk_4,blk_4,blk_4,blk_4,blk_4,blk_4,blk_4,blk_4,/_0,blk_4,blk_4,blk_4,blk_4,blk_4,blk_4,block blk file_7,block blk file_7,block blk file_7]","[receiving_28,receiving_28,allocate_4,receiving_28,none_22,writing_23,none_22,writing_23,none_22,writing_23,add_3,add_3,add_3,verification_25,verification_25,verification_25,transfer_13,transfer_13,transfer_13,transfer_13,transfer_13,transfer_13,transfer_13,transfer_13,transfer_13,transfer_13,transfer_13,transfer_13,serving_0,transfer_13,transfer_13,transfer_13,delete_24,delete_24,delete_24,deleting_34,deleting_34,deleting_34]","[none_40,none_40,none_4,none_40,none_31,none_32,none_31,none_32,none_31,none_32,updated_3,updated_3,updated_3,successful_35,successful_35,successful_35,exception_21,exception_21,exception_21,exception_21,exception_21,exception_21,exception_21,exception_21,exception_21,exception_21,exception_21,exception_21,none_0,exception_21,exception_21,exception_21,invalid_34,invalid_34,invalid_34,none_46,none_46,none_46]"
125,"['1', '7', '1', '1', '3', '4', '3', '4', '2', '2', '3', '4', '2', '10', '10', '10', '9', '9', '9', '9', '9', '9', '8', '9', '9', '9', '9', '9', '9', '9', '9', '9', '6', '6', '6', '5', '5', '5']","[block blk_6,NameSystem_2,block blk_6,block blk_6,blk_4,blk_4,blk_4,blk_4,NameSystem_2,NameSystem_2,blk_4,blk_4,NameSystem_2,blk_4,blk_4,blk_4,blk_4,blk_4,blk_4,blk_4,blk_4,blk_4,/_0,blk_4,blk_4,blk_4,blk_4,blk_4,blk_4,blk_4,blk_4,blk_4,blk_4,blk_4,blk_4,block blk file_7,block blk file_7,block blk file_7]","[receiving_28,allocate_4,receiving_28,receiving_28,none_22,writing_23,none_22,writing_23,add_3,add_3,none_22,writing_23,add_3,verification_25,verification_25,verification_25,transfer_13,transfer_13,transfer_13,transfer_13,transfer_13,transfer_13,serving_0,transfer_13,transfer_13,transfer_13,transfer_13,transfer_13,transfer_13,transfer_13,transfer_13,transfer_13,delete_24,delete_24,delete_24,deleting_34,deleting_34,deleting_34]","[none_40,none_4,none_40,none_40,none_31,none_32,none_31,none_32,updated_3,updated_3,none_31,none_32,updated_3,successful_35,successful_35,successful_35,exception_21,exception_21,exception_21,exception_21,exception_21,exception_21,none_0,exception_21,exception_21,exception_21,exception_21,exception_21,exception_21,exception_21,exception_21,exception_21,invalid_34,invalid_34,invalid_34,none_46,none_46,none_46]"
127,"['7', '1', '1', '1', '3', '4', '3', '4', '2', '3', '4', '2', '2', '10', '10', '10', '9', '9', '8', '9', '9', '9', '9', '9', '9', '9', '9', '9', '9', '9', '9', '9', '6', '6', '6', '5', '5', '5']","[NameSystem_2,block blk_6,block blk_6,block blk_6,blk_4,blk_4,blk_4,blk_4,NameSystem_2,blk_4,blk_4,NameSystem_2,NameSystem_2,blk_4,blk_4,blk_4,blk_4,blk_4,/_0,blk_4,blk_4,blk_4,blk_4,blk_4,blk_4,blk_4,blk_4,blk_4,blk_4,blk_4,blk_4,blk_4,blk_4,blk_4,blk_4,block blk file_7,block blk file_7,block blk file_7]","[allocate_4,receiving_28,receiving_28,receiving_28,none_22,writing_23,none_22,writing_23,add_3,none_22,writing_23,add_3,add_3,verification_25,verification_25,verification_25,transfer_13,transfer_13,serving_0,transfer_13,transfer_13,transfer_13,transfer_13,transfer_13,transfer_13,transfer_13,transfer_13,transfer_13,transfer_13,transfer_13,transfer_13,transfer_13,delete_24,delete_24,delete_24,deleting_34,deleting_34,deleting_34]","[none_4,none_40,none_40,none_40,none_31,none_32,none_31,none_32,updated_3,none_31,none_32,updated_3,updated_3,successful_35,successful_35,successful_35,exception_21,exception_21,none_0,exception_21,exception_21,exception_21,exception_21,exception_21,exception_21,exception_21,exception_21,exception_21,exception_21,exception_21,exception_21,exception_21,invalid_34,invalid_34,invalid_34,none_46,none_46,none_46]"
140,"['1', '1', '7', '1', '3', '4', '3', '4', '3', '4', '2', '2', '2', '10', '10', '10', '9', '9', '9', '9', '9', '9', '8', '9', '9', '9', '9', '9', '9', '9', '9', '9', '6', '6', '6', '5', '5', '5']","[block blk_6,block blk_6,NameSystem_2,block blk_6,blk_4,blk_4,blk_4,blk_4,blk_4,blk_4,NameSystem_2,NameSystem_2,NameSystem_2,blk_4,blk_4,blk_4,blk_4,blk_4,blk_4,blk_4,blk_4,blk_4,/_0,blk_4,blk_4,blk_4,blk_4,blk_4,blk_4,blk_4,blk_4,blk_4,blk_4,blk_4,blk_4,block blk file_7,block blk file_7,block blk file_7]","[receiving_28,receiving_28,allocate_4,receiving_28,none_22,writing_23,none_22,writing_23,none_22,writing_23,add_3,add_3,add_3,verification_25,verification_25,verification_25,transfer_13,transfer_13,transfer_13,transfer_13,transfer_13,transfer_13,serving_0,transfer_13,transfer_13,transfer_13,transfer_13,transfer_13,transfer_13,transfer_13,transfer_13,transfer_13,delete_24,delete_24,delete_24,deleting_34,deleting_34,deleting_34]","[none_40,none_40,none_4,none_40,none_31,none_32,none_31,none_32,none_31,none_32,updated_3,updated_3,updated_3,successful_35,successful_35,successful_35,exception_21,exception_21,exception_21,exception_21,exception_21,exception_21,none_0,exception_21,exception_21,exception_21,exception_21,exception_21,exception_21,exception_21,exception_21,exception_21,invalid_34,invalid_34,invalid_34,none_46,none_46,none_46]"
147,"['1', '1', '7', '1', '3', '4', '3', '4', '3', '4', '2', '2', '2', '10', '10', '10', '9', '9', '9', '9', '9', '9', '9', '9', '9', '9', '9', '9', '9', '9', '9', '8', '6', '6', '6', '5', '5', '5']","[block blk_6,block blk_6,NameSystem_2,block blk_6,blk_4,blk_4,blk_4,blk_4,blk_4,blk_4,NameSystem_2,NameSystem_2,NameSystem_2,blk_4,blk_4,blk_4,blk_4,blk_4,blk_4,blk_4,blk_4,blk_4,blk_4,blk_4,blk_4,blk_4,blk_4,blk_4,blk_4,blk_4,blk_4,/_0,blk_4,blk_4,blk_4,block blk file_7,block blk file_7,block blk file_7]","[receiving_28,receiving_28,allocate_4,receiving_28,none_22,writing_23,none_22,writing_23,none_22,writing_23,add_3,add_3,add_3,verification_25,verification_25,verification_25,transfer_13,transfer_13,transfer_13,transfer_13,transfer_13,transfer_13,transfer_13,transfer_13,transfer_13,transfer_13,transfer_13,transfer_13,transfer_13,transfer_13,transfer_13,serving_0,delete_24,delete_24,delete_24,deleting_34,deleting_34,deleting_34]","[none_40,none_40,none_4,none_40,none_31,none_32,none_31,none_32,none_31,none_32,updated_3,updated_3,updated_3,successful_35,successful_35,successful_35,exception_21,exception_21,exception_21,exception_21,exception_21,exception_21,exception_21,exception_21,exception_21,exception_21,exception_21,exception_21,exception_21,exception_21,exception_21,none_0,invalid_34,invalid_34,invalid_34,none_46,none_46,none_46]"
148,"['1', '7', '1', '1', '3', '4', '3', '4', '3', '4', '2', '2', '2', '10', '10', '10', '9', '9', '9', '9', '9', '9', '9', '9', '8', '9', '9', '9', '9', '9', '9', '9', '6', '6', '6', '5', '5', '5']","[block blk_6,NameSystem_2,block blk_6,block blk_6,blk_4,blk_4,blk_4,blk_4,blk_4,blk_4,NameSystem_2,NameSystem_2,NameSystem_2,blk_4,blk_4,blk_4,blk_4,blk_4,blk_4,blk_4,blk_4,blk_4,blk_4,blk_4,/_0,blk_4,blk_4,blk_4,blk_4,blk_4,blk_4,blk_4,blk_4,blk_4,blk_4,block blk file_7,block blk file_7,block blk file_7]","[receiving_28,allocate_4,receiving_28,receiving_28,none_22,writing_23,none_22,writing_23,none_22,writing_23,add_3,add_3,add_3,verification_25,verification_25,verification_25,transfer_13,transfer_13,transfer_13,transfer_13,transfer_13,transfer_13,transfer_13,transfer_13,serving_0,transfer_13,transfer_13,transfer_13,transfer_13,transfer_13,transfer_13,transfer_13,delete_24,delete_24,delete_24,deleting_34,deleting_34,deleting_34]","[none_40,none_4,none_40,none_40,none_31,none_32,none_31,none_32,none_31,none_32,updated_3,updated_3,updated_3,successful_35,successful_35,successful_35,exception_21,exception_21,exception_21,exception_21,exception_21,exception_21,exception_21,exception_21,none_0,exception_21,exception_21,exception_21,exception_21,exception_21,exception_21,exception_21,invalid_34,invalid_34,invalid_34,none_46,none_46,none_46]"
153,"['1', '1', '7', '1', '3', '4', '2', '3', '4', '3', '4', '2', '2', '10', '10', '10', '9', '9', '9', '9', '9', '9', '9', '8', '9', '9', '9', '9', '9', '9', '9', '9', '6', '6', '6', '5', '5', '5']","[block blk_6,block blk_6,NameSystem_2,block blk_6,blk_4,blk_4,NameSystem_2,blk_4,blk_4,blk_4,blk_4,NameSystem_2,NameSystem_2,blk_4,blk_4,blk_4,blk_4,blk_4,blk_4,blk_4,blk_4,blk_4,blk_4,/_0,blk_4,blk_4,blk_4,blk_4,blk_4,blk_4,blk_4,blk_4,blk_4,blk_4,blk_4,block blk file_7,block blk file_7,block blk file_7]","[receiving_28,receiving_28,allocate_4,receiving_28,none_22,writing_23,add_3,none_22,writing_23,none_22,writing_23,add_3,add_3,verification_25,verification_25,verification_25,transfer_13,transfer_13,transfer_13,transfer_13,transfer_13,transfer_13,transfer_13,serving_0,transfer_13,transfer_13,transfer_13,transfer_13,transfer_13,transfer_13,transfer_13,transfer_13,delete_24,delete_24,delete_24,deleting_34,deleting_34,deleting_34]","[none_40,none_40,none_4,none_40,none_31,none_32,updated_3,none_31,none_32,none_31,none_32,updated_3,updated_3,successful_35,successful_35,successful_35,exception_21,exception_21,exception_21,exception_21,exception_21,exception_21,exception_21,none_0,exception_21,exception_21,exception_21,exception_21,exception_21,exception_21,exception_21,exception_21,invalid_34,invalid_34,invalid_34,none_46,none_46,none_46]"
161,"['1', '7', '1', '1', '3', '4', '3', '4', '3', '4', '2', '2', '2', '10', '10', '10', '9', '9', '9', '9', '9', '9', '9', '9', '9', '9', '9', '9', '9', '9', '9', '8', '6', '6', '6', '5', '5', '5']","[block blk_6,NameSystem_2,block blk_6,block blk_6,blk_4,blk_4,blk_4,blk_4,blk_4,blk_4,NameSystem_2,NameSystem_2,NameSystem_2,blk_4,blk_4,blk_4,blk_4,blk_4,blk_4,blk_4,blk_4,blk_4,blk_4,blk_4,blk_4,blk_4,blk_4,blk_4,blk_4,blk_4,blk_4,/_0,blk_4,blk_4,blk_4,block blk file_7,block blk file_7,block blk file_7]","[receiving_28,allocate_4,receiving_28,receiving_28,none_22,writing_23,none_22,writing_23,none_22,writing_23,add_3,add_3,add_3,verification_25,verification_25,verification_25,transfer_13,transfer_13,transfer_13,transfer_13,transfer_13,transfer_13,transfer_13,transfer_13,transfer_13,transfer_13,transfer_13,transfer_13,transfer_13,transfer_13,transfer_13,serving_0,delete_24,delete_24,delete_24,deleting_34,deleting_34,deleting_34]","[none_40,none_4,none_40,none_40,none_31,none_32,none_31,none_32,none_31,none_32,updated_3,updated_3,updated_3,successful_35,successful_35,successful_35,exception_21,exception_21,exception_21,exception_21,exception_21,exception_21,exception_21,exception_21,exception_21,exception_21,exception_21,exception_21,exception_21,exception_21,exception_21,none_0,invalid_34,invalid_34,invalid_34,none_46,none_46,none_46]"
164,"['1', '7', '1', '1', '3', '4', '3', '3', '4', '4', '2', '2', '2', '10', '10', '10', '9', '9', '9', '9', '9', '9', '9', '9', '9', '9', '9', '9', '9', '9', '9', '8', '6', '6', '6', '5', '5', '5']","[block blk_6,NameSystem_2,block blk_6,block blk_6,blk_4,blk_4,blk_4,blk_4,blk_4,blk_4,NameSystem_2,NameSystem_2,NameSystem_2,blk_4,blk_4,blk_4,blk_4,blk_4,blk_4,blk_4,blk_4,blk_4,blk_4,blk_4,blk_4,blk_4,blk_4,blk_4,blk_4,blk_4,blk_4,/_0,blk_4,blk_4,blk_4,block blk file_7,block blk file_7,block blk file_7]","[receiving_28,allocate_4,receiving_28,receiving_28,none_22,writing_23,none_22,none_22,writing_23,writing_23,add_3,add_3,add_3,verification_25,verification_25,verification_25,transfer_13,transfer_13,transfer_13,transfer_13,transfer_13,transfer_13,transfer_13,transfer_13,transfer_13,transfer_13,transfer_13,transfer_13,transfer_13,transfer_13,transfer_13,serving_0,delete_24,delete_24,delete_24,deleting_34,deleting_34,deleting_34]","[none_40,none_4,none_40,none_40,none_31,none_32,none_31,none_31,none_32,none_32,updated_3,updated_3,updated_3,successful_35,successful_35,successful_35,exception_21,exception_21,exception_21,exception_21,exception_21,exception_21,exception_21,exception_21,exception_21,exception_21,exception_21,exception_21,exception_21,exception_21,exception_21,none_0,invalid_34,invalid_34,invalid_34,none_46,none_46,none_46]"
169,"['1', '1', '1', '7', '3', '3', '4', '4', '3', '4', '2', '2', '2', '10', '10', '10', '9', '9', '9', '9', '9', '9', '9', '9', '9', '9', '9', '9', '9', '9', '9', '8', '6', '6', '6', '5', '5', '5']","[block blk_6,block blk_6,block blk_6,NameSystem_2,blk_4,blk_4,blk_4,blk_4,blk_4,blk_4,NameSystem_2,NameSystem_2,NameSystem_2,blk_4,blk_4,blk_4,blk_4,blk_4,blk_4,blk_4,blk_4,blk_4,blk_4,blk_4,blk_4,blk_4,blk_4,blk_4,blk_4,blk_4,blk_4,/_0,blk_4,blk_4,blk_4,block blk file_7,block blk file_7,block blk file_7]","[receiving_28,receiving_28,receiving_28,allocate_4,none_22,none_22,writing_23,writing_23,none_22,writing_23,add_3,add_3,add_3,verification_25,verification_25,verification_25,transfer_13,transfer_13,transfer_13,transfer_13,transfer_13,transfer_13,transfer_13,transfer_13,transfer_13,transfer_13,transfer_13,transfer_13,transfer_13,transfer_13,transfer_13,serving_0,delete_24,delete_24,delete_24,deleting_34,deleting_34,deleting_34]","[none_40,none_40,none_40,none_4,none_31,none_31,none_32,none_32,none_31,none_32,updated_3,updated_3,updated_3,successful_35,successful_35,successful_35,exception_21,exception_21,exception_21,exception_21,exception_21,exception_21,exception_21,exception_21,exception_21,exception_21,exception_21,exception_21,exception_21,exception_21,exception_21,none_0,invalid_34,invalid_34,invalid_34,none_46,none_46,none_46]"
215,"['1', '1', '1', '7', '3', '4', '3', '4', '3', '4', '2', '2', '2', '10', '10', '10', '9', '9', '9', '9', '9', '9', '8', '9', '9', '9', '9', '9', '9', '9', '9', '9', '6', '6', '6', '5', '5', '5']","[block blk_6,block blk_6,block blk_6,NameSystem_2,blk_4,blk_4,blk_4,blk_4,blk_4,blk_4,NameSystem_2,NameSystem_2,NameSystem_2,blk_4,blk_4,blk_4,blk_4,blk_4,blk_4,blk_4,blk_4,blk_4,/_0,blk_4,blk_4,blk_4,blk_4,blk_4,blk_4,blk_4,blk_4,blk_4,blk_4,blk_4,blk_4,block blk file_7,block blk file_7,block blk file_7]","[receiving_28,receiving_28,receiving_28,allocate_4,none_22,writing_23,none_22,writing_23,none_22,writing_23,add_3,add_3,add_3,verification_25,verification_25,verification_25,transfer_13,transfer_13,transfer_13,transfer_13,transfer_13,transfer_13,serving_0,transfer_13,transfer_13,transfer_13,transfer_13,transfer_13,transfer_13,transfer_13,transfer_13,transfer_13,delete_24,delete_24,delete_24,deleting_34,deleting_34,deleting_34]","[none_40,none_40,none_40,none_4,none_31,none_32,none_31,none_32,none_31,none_32,updated_3,updated_3,updated_3,successful_35,successful_35,successful_35,exception_21,exception_21,exception_21,exception_21,exception_21,exception_21,none_0,exception_21,exception_21,exception_21,exception_21,exception_21,exception_21,exception_21,exception_21,exception_21,invalid_34,invalid_34,invalid_34,none_46,none_46,none_46]"
218,"['1', '7', '1', '1', '3', '3', '4', '4', '3', '4', '2', '2', '2', '10', '10', '10', '9', '9', '9', '9', '9', '9', '9', '9', '9', '9', '9', '9', '9', '9', '9', '8', '6', '6', '6', '5', '5', '5']","[block blk_6,NameSystem_2,block blk_6,block blk_6,blk_4,blk_4,blk_4,blk_4,blk_4,blk_4,NameSystem_2,NameSystem_2,NameSystem_2,blk_4,blk_4,blk_4,blk_4,blk_4,blk_4,blk_4,blk_4,blk_4,blk_4,blk_4,blk_4,blk_4,blk_4,blk_4,blk_4,blk_4,blk_4,/_0,blk_4,blk_4,blk_4,block blk file_7,block blk file_7,block blk file_7]","[receiving_28,allocate_4,receiving_28,receiving_28,none_22,none_22,writing_23,writing_23,none_22,writing_23,add_3,add_3,add_3,verification_25,verification_25,verification_25,transfer_13,transfer_13,transfer_13,transfer_13,transfer_13,transfer_13,transfer_13,transfer_13,transfer_13,transfer_13,transfer_13,transfer_13,transfer_13,transfer_13,transfer_13,serving_0,delete_24,delete_24,delete_24,deleting_34,deleting_34,deleting_34]","[none_40,none_4,none_40,none_40,none_31,none_31,none_32,none_32,none_31,none_32,updated_3,updated_3,updated_3,successful_35,successful_35,successful_35,exception_21,exception_21,exception_21,exception_21,exception_21,exception_21,exception_21,exception_21,exception_21,exception_21,exception_21,exception_21,exception_21,exception_21,exception_21,none_0,invalid_34,invalid_34,invalid_34,none_46,none_46,none_46]"
224,"['1', '1', '7', '1', '3', '4', '3', '4', '3', '4', '2', '2', '2', '10', '10', '10', '9', '9', '9', '9', '9', '9', '9', '9', '9', '9', '9', '9', '9', '9', '9', '8', '6', '6', '6', '5', '5', '5']","[block blk_6,block blk_6,NameSystem_2,block blk_6,blk_4,blk_4,blk_4,blk_4,blk_4,blk_4,NameSystem_2,NameSystem_2,NameSystem_2,blk_4,blk_4,blk_4,blk_4,blk_4,blk_4,blk_4,blk_4,blk_4,blk_4,blk_4,blk_4,blk_4,blk_4,blk_4,blk_4,blk_4,blk_4,/_0,blk_4,blk_4,blk_4,block blk file_7,block blk file_7,block blk file_7]","[receiving_28,receiving_28,allocate_4,receiving_28,none_22,writing_23,none_22,writing_23,none_22,writing_23,add_3,add_3,add_3,verification_25,verification_25,verification_25,transfer_13,transfer_13,transfer_13,transfer_13,transfer_13,transfer_13,transfer_13,transfer_13,transfer_13,transfer_13,transfer_13,transfer_13,transfer_13,transfer_13,transfer_13,serving_0,delete_24,delete_24,delete_24,deleting_34,deleting_34,deleting_34]","[none_40,none_40,none_4,none_40,none_31,none_32,none_31,none_32,none_31,none_32,updated_3,updated_3,updated_3,successful_35,successful_35,successful_35,exception_21,exception_21,exception_21,exception_21,exception_21,exception_21,exception_21,exception_21,exception_21,exception_21,exception_21,exception_21,exception_21,exception_21,exception_21,none_0,invalid_34,invalid_34,invalid_34,none_46,none_46,none_46]"
227,"['1', '1', '7', '1', '3', '4', '3', '4', '3', '4', '2', '2', '2', '10', '10', '10', '9', '9', '9', '9', '9', '9', '9', '9', '9', '9', '8', '9', '9', '9', '9', '9', '6', '6', '6', '5', '5', '5']","[block blk_6,block blk_6,NameSystem_2,block blk_6,blk_4,blk_4,blk_4,blk_4,blk_4,blk_4,NameSystem_2,NameSystem_2,NameSystem_2,blk_4,blk_4,blk_4,blk_4,blk_4,blk_4,blk_4,blk_4,blk_4,blk_4,blk_4,blk_4,blk_4,/_0,blk_4,blk_4,blk_4,blk_4,blk_4,blk_4,blk_4,blk_4,block blk file_7,block blk file_7,block blk file_7]","[receiving_28,receiving_28,allocate_4,receiving_28,none_22,writing_23,none_22,writing_23,none_22,writing_23,add_3,add_3,add_3,verification_25,verification_25,verification_25,transfer_13,transfer_13,transfer_13,transfer_13,transfer_13,transfer_13,transfer_13,transfer_13,transfer_13,transfer_13,serving_0,transfer_13,transfer_13,transfer_13,transfer_13,transfer_13,delete_24,delete_24,delete_24,deleting_34,deleting_34,deleting_34]","[none_40,none_40,none_4,none_40,none_31,none_32,none_31,none_32,none_31,none_32,updated_3,updated_3,updated_3,successful_35,successful_35,successful_35,exception_21,exception_21,exception_21,exception_21,exception_21,exception_21,exception_21,exception_21,exception_21,exception_21,none_0,exception_21,exception_21,exception_21,exception_21,exception_21,invalid_34,invalid_34,invalid_34,none_46,none_46,none_46]"
234,"['1', '7', '1', '1', '3', '4', '3', '4', '3', '4', '2', '2', '2', '10', '10', '10', '9', '9', '9', '9', '9', '9', '9', '9', '9', '9', '9', '9', '8', '9', '9', '9', '6', '6', '6', '5', '5', '18', '2', '5']","[block blk_6,NameSystem_2,block blk_6,block blk_6,blk_4,blk_4,blk_4,blk_4,blk_4,blk_4,NameSystem_2,NameSystem_2,NameSystem_2,blk_4,blk_4,blk_4,blk_4,blk_4,blk_4,blk_4,blk_4,blk_4,blk_4,blk_4,blk_4,blk_4,blk_4,blk_4,/_0,blk_4,blk_4,blk_4,blk_4,blk_4,blk_4,block blk file_7,block blk file_7,blk_4,NameSystem_2,block blk file_7]","[receiving_28,allocate_4,receiving_28,receiving_28,none_22,writing_23,none_22,writing_23,none_22,writing_23,add_3,add_3,add_3,verification_25,verification_25,verification_25,transfer_13,transfer_13,transfer_13,transfer_13,transfer_13,transfer_13,transfer_13,transfer_13,transfer_13,transfer_13,transfer_13,transfer_13,serving_0,transfer_13,transfer_13,transfer_13,delete_24,delete_24,delete_24,deleting_34,deleting_34,receive_21,add_3,deleting_34]","[none_40,none_4,none_40,none_40,none_31,none_32,none_31,none_32,none_31,none_32,updated_3,updated_3,updated_3,successful_35,successful_35,successful_35,exception_21,exception_21,exception_21,exception_21,exception_21,exception_21,exception_21,exception_21,exception_21,exception_21,exception_21,exception_21,none_0,exception_21,exception_21,exception_21,invalid_34,invalid_34,invalid_34,none_46,none_46,error_30,updated_3,none_46]"
246,"['1', '7', '1', '1', '3', '4', '3', '4', '3', '4', '2', '2', '2', '10', '10', '10', '9', '9', '9', '9', '9', '9', '9', '9', '9', '9', '9', '9', '9', '8', '9', '9', '6', '6', '6', '5', '5', '5']","[block blk_6,NameSystem_2,block blk_6,block blk_6,blk_4,blk_4,blk_4,blk_4,blk_4,blk_4,NameSystem_2,NameSystem_2,NameSystem_2,blk_4,blk_4,blk_4,blk_4,blk_4,blk_4,blk_4,blk_4,blk_4,blk_4,blk_4,blk_4,blk_4,blk_4,blk_4,blk_4,/_0,blk_4,blk_4,blk_4,blk_4,blk_4,block blk file_7,block blk file_7,block blk file_7]","[receiving_28,allocate_4,receiving_28,receiving_28,none_22,writing_23,none_22,writing_23,none_22,writing_23,add_3,add_3,add_3,verification_25,verification_25,verification_25,transfer_13,transfer_13,transfer_13,transfer_13,transfer_13,transfer_13,transfer_13,transfer_13,transfer_13,transfer_13,transfer_13,transfer_13,transfer_13,serving_0,transfer_13,transfer_13,delete_24,delete_24,delete_24,deleting_34,deleting_34,deleting_34]","[none_40,none_4,none_40,none_40,none_31,none_32,none_31,none_32,none_31,none_32,updated_3,updated_3,updated_3,successful_35,successful_35,successful_35,exception_21,exception_21,exception_21,exception_21,exception_21,exception_21,exception_21,exception_21,exception_21,exception_21,exception_21,exception_21,exception_21,none_0,exception_21,exception_21,invalid_34,invalid_34,invalid_34,none_46,none_46,none_46]"
249,"['1', '1', '7', '1', '3', '4', '3', '4', '3', '4', '2', '2', '2', '10', '10', '10', '9', '9', '9', '9', '9', '9', '9', '9', '9', '8', '9', '9', '9', '9', '9', '9', '6', '6', '6', '5', '5', '5']","[block blk_6,block blk_6,NameSystem_2,block blk_6,blk_4,blk_4,blk_4,blk_4,blk_4,blk_4,NameSystem_2,NameSystem_2,NameSystem_2,blk_4,blk_4,blk_4,blk_4,blk_4,blk_4,blk_4,blk_4,blk_4,blk_4,blk_4,blk_4,/_0,blk_4,blk_4,blk_4,blk_4,blk_4,blk_4,blk_4,blk_4,blk_4,block blk file_7,block blk file_7,block blk file_7]","[receiving_28,receiving_28,allocate_4,receiving_28,none_22,writing_23,none_22,writing_23,none_22,writing_23,add_3,add_3,add_3,verification_25,verification_25,verification_25,transfer_13,transfer_13,transfer_13,transfer_13,transfer_13,transfer_13,transfer_13,transfer_13,transfer_13,serving_0,transfer_13,transfer_13,transfer_13,transfer_13,transfer_13,transfer_13,delete_24,delete_24,delete_24,deleting_34,deleting_34,deleting_34]","[none_40,none_40,none_4,none_40,none_31,none_32,none_31,none_32,none_31,none_32,updated_3,updated_3,updated_3,successful_35,successful_35,successful_35,exception_21,exception_21,exception_21,exception_21,exception_21,exception_21,exception_21,exception_21,exception_21,none_0,exception_21,exception_21,exception_21,exception_21,exception_21,exception_21,invalid_34,invalid_34,invalid_34,none_46,none_46,none_46]"
252,"['1', '1', '1', '7', '3', '4', '3', '4', '2', '3', '4', '2', '2', '10', '10', '10', '9', '9', '9', '9', '8', '9', '9', '9', '9', '9', '9', '9', '9', '9', '9', '9', '6', '6', '6', '5', '5', '5']","[block blk_6,block blk_6,block blk_6,NameSystem_2,blk_4,blk_4,blk_4,blk_4,NameSystem_2,blk_4,blk_4,NameSystem_2,NameSystem_2,blk_4,blk_4,blk_4,blk_4,blk_4,blk_4,blk_4,/_0,blk_4,blk_4,blk_4,blk_4,blk_4,blk_4,blk_4,blk_4,blk_4,blk_4,blk_4,blk_4,blk_4,blk_4,block blk file_7,block blk file_7,block blk file_7]","[receiving_28,receiving_28,receiving_28,allocate_4,none_22,writing_23,none_22,writing_23,add_3,none_22,writing_23,add_3,add_3,verification_25,verification_25,verification_25,transfer_13,transfer_13,transfer_13,transfer_13,serving_0,transfer_13,transfer_13,transfer_13,transfer_13,transfer_13,transfer_13,transfer_13,transfer_13,transfer_13,transfer_13,transfer_13,delete_24,delete_24,delete_24,deleting_34,deleting_34,deleting_34]","[none_40,none_40,none_40,none_4,none_31,none_32,none_31,none_32,updated_3,none_31,none_32,updated_3,updated_3,successful_35,successful_35,successful_35,exception_21,exception_21,exception_21,exception_21,none_0,exception_21,exception_21,exception_21,exception_21,exception_21,exception_21,exception_21,exception_21,exception_21,exception_21,exception_21,invalid_34,invalid_34,invalid_34,none_46,none_46,none_46]"
266,"['1', '1', '1', '7', '3', '4', '3', '4', '3', '4', '2', '2', '2', '10', '10', '10', '9', '9', '9', '9', '9', '8', '9', '9', '9', '9', '9', '9', '9', '9', '9', '9', '6', '6', '6', '5', '5', '5']","[block blk_6,block blk_6,block blk_6,NameSystem_2,blk_4,blk_4,blk_4,blk_4,blk_4,blk_4,NameSystem_2,NameSystem_2,NameSystem_2,blk_4,blk_4,blk_4,blk_4,blk_4,blk_4,blk_4,blk_4,/_0,blk_4,blk_4,blk_4,blk_4,blk_4,blk_4,blk_4,blk_4,blk_4,blk_4,blk_4,blk_4,blk_4,block blk file_7,block blk file_7,block blk file_7]","[receiving_28,receiving_28,receiving_28,allocate_4,none_22,writing_23,none_22,writing_23,none_22,writing_23,add_3,add_3,add_3,verification_25,verification_25,verification_25,transfer_13,transfer_13,transfer_13,transfer_13,transfer_13,serving_0,transfer_13,transfer_13,transfer_13,transfer_13,transfer_13,transfer_13,transfer_13,transfer_13,transfer_13,transfer_13,delete_24,delete_24,delete_24,deleting_34,deleting_34,deleting_34]","[none_40,none_40,none_40,none_4,none_31,none_32,none_31,none_32,none_31,none_32,updated_3,updated_3,updated_3,successful_35,successful_35,successful_35,exception_21,exception_21,exception_21,exception_21,exception_21,none_0,exception_21,exception_21,exception_21,exception_21,exception_21,exception_21,exception_21,exception_21,exception_21,exception_21,invalid_34,invalid_34,invalid_34,none_46,none_46,none_46]"
273,"['1', '1', '7', '1', '3', '4', '3', '4', '3', '4', '2', '2', '2', '10', '10', '10', '9', '9', '9', '9', '9', '9', '9', '9', '9', '9', '9', '9', '9', '8', '9', '9', '6', '6', '6', '5', '5', '5']","[block blk_6,block blk_6,NameSystem_2,block blk_6,blk_4,blk_4,blk_4,blk_4,blk_4,blk_4,NameSystem_2,NameSystem_2,NameSystem_2,blk_4,blk_4,blk_4,blk_4,blk_4,blk_4,blk_4,blk_4,blk_4,blk_4,blk_4,blk_4,blk_4,blk_4,blk_4,blk_4,/_0,blk_4,blk_4,blk_4,blk_4,blk_4,block blk file_7,block blk file_7,block blk file_7]","[receiving_28,receiving_28,allocate_4,receiving_28,none_22,writing_23,none_22,writing_23,none_22,writing_23,add_3,add_3,add_3,verification_25,verification_25,verification_25,transfer_13,transfer_13,transfer_13,transfer_13,transfer_13,transfer_13,transfer_13,transfer_13,transfer_13,transfer_13,transfer_13,transfer_13,transfer_13,serving_0,transfer_13,transfer_13,delete_24,delete_24,delete_24,deleting_34,deleting_34,deleting_34]","[none_40,none_40,none_4,none_40,none_31,none_32,none_31,none_32,none_31,none_32,updated_3,updated_3,updated_3,successful_35,successful_35,successful_35,exception_21,exception_21,exception_21,exception_21,exception_21,exception_21,exception_21,exception_21,exception_21,exception_21,exception_21,exception_21,exception_21,none_0,exception_21,exception_21,invalid_34,invalid_34,invalid_34,none_46,none_46,none_46]"
287,"['1', '7', '1', '1', '3', '4', '3', '4', '3', '4', '2', '2', '2', '10', '10', '10', '9', '9', '9', '9', '9', '9', '8', '9', '9', '9', '9', '9', '9', '9', '9', '9', '6', '6', '6', '5', '5', '5']","[block blk_6,NameSystem_2,block blk_6,block blk_6,blk_4,blk_4,blk_4,blk_4,blk_4,blk_4,NameSystem_2,NameSystem_2,NameSystem_2,blk_4,blk_4,blk_4,blk_4,blk_4,blk_4,blk_4,blk_4,blk_4,/_0,blk_4,blk_4,blk_4,blk_4,blk_4,blk_4,blk_4,blk_4,blk_4,blk_4,blk_4,blk_4,block blk file_7,block blk file_7,block blk file_7]","[receiving_28,allocate_4,receiving_28,receiving_28,none_22,writing_23,none_22,writing_23,none_22,writing_23,add_3,add_3,add_3,verification_25,verification_25,verification_25,transfer_13,transfer_13,transfer_13,transfer_13,transfer_13,transfer_13,serving_0,transfer_13,transfer_13,transfer_13,transfer_13,transfer_13,transfer_13,transfer_13,transfer_13,transfer_13,delete_24,delete_24,delete_24,deleting_34,deleting_34,deleting_34]","[none_40,none_4,none_40,none_40,none_31,none_32,none_31,none_32,none_31,none_32,updated_3,updated_3,updated_3,successful_35,successful_35,successful_35,exception_21,exception_21,exception_21,exception_21,exception_21,exception_21,none_0,exception_21,exception_21,exception_21,exception_21,exception_21,exception_21,exception_21,exception_21,exception_21,invalid_34,invalid_34,invalid_34,none_46,none_46,none_46]"
300,"['1', '7', '1', '1', '3', '4', '3', '4', '3', '4', '2', '2', '2', '10', '10', '10', '9', '9', '8', '9', '9', '9', '9', '9', '9', '9', '9', '9', '9', '9', '9', '9', '6', '6', '6', '5', '5', '5']","[block blk_6,NameSystem_2,block blk_6,block blk_6,blk_4,blk_4,blk_4,blk_4,blk_4,blk_4,NameSystem_2,NameSystem_2,NameSystem_2,blk_4,blk_4,blk_4,blk_4,blk_4,/_0,blk_4,blk_4,blk_4,blk_4,blk_4,blk_4,blk_4,blk_4,blk_4,blk_4,blk_4,blk_4,blk_4,blk_4,blk_4,blk_4,block blk file_7,block blk file_7,block blk file_7]","[receiving_28,allocate_4,receiving_28,receiving_28,none_22,writing_23,none_22,writing_23,none_22,writing_23,add_3,add_3,add_3,verification_25,verification_25,verification_25,transfer_13,transfer_13,serving_0,transfer_13,transfer_13,transfer_13,transfer_13,transfer_13,transfer_13,transfer_13,transfer_13,transfer_13,transfer_13,transfer_13,transfer_13,transfer_13,delete_24,delete_24,delete_24,deleting_34,deleting_34,deleting_34]","[none_40,none_4,none_40,none_40,none_31,none_32,none_31,none_32,none_31,none_32,updated_3,updated_3,updated_3,successful_35,successful_35,successful_35,exception_21,exception_21,none_0,exception_21,exception_21,exception_21,exception_21,exception_21,exception_21,exception_21,exception_21,exception_21,exception_21,exception_21,exception_21,exception_21,invalid_34,invalid_34,invalid_34,none_46,none_46,none_46]"
310,"['1', '7', '1', '1', '3', '3', '4', '4', '3', '4', '2', '2', '2', '10', '10', '10', '9', '8', '9', '9', '9', '9', '9', '9', '9', '9', '9', '9', '9', '9', '9', '9', '6', '6', '6', '5', '5', '5']","[block blk_6,NameSystem_2,block blk_6,block blk_6,blk_4,blk_4,blk_4,blk_4,blk_4,blk_4,NameSystem_2,NameSystem_2,NameSystem_2,blk_4,blk_4,blk_4,blk_4,/_0,blk_4,blk_4,blk_4,blk_4,blk_4,blk_4,blk_4,blk_4,blk_4,blk_4,blk_4,blk_4,blk_4,blk_4,blk_4,blk_4,blk_4,block blk file_7,block blk file_7,block blk file_7]","[receiving_28,allocate_4,receiving_28,receiving_28,none_22,none_22,writing_23,writing_23,none_22,writing_23,add_3,add_3,add_3,verification_25,verification_25,verification_25,transfer_13,serving_0,transfer_13,transfer_13,transfer_13,transfer_13,transfer_13,transfer_13,transfer_13,transfer_13,transfer_13,transfer_13,transfer_13,transfer_13,transfer_13,transfer_13,delete_24,delete_24,delete_24,deleting_34,deleting_34,deleting_34]","[none_40,none_4,none_40,none_40,none_31,none_31,none_32,none_32,none_31,none_32,updated_3,updated_3,updated_3,successful_35,successful_35,successful_35,exception_21,none_0,exception_21,exception_21,exception_21,exception_21,exception_21,exception_21,exception_21,exception_21,exception_21,exception_21,exception_21,exception_21,exception_21,exception_21,invalid_34,invalid_34,invalid_34,none_46,none_46,none_46]"
332,"['1', '1', '7', '1', '3', '4', '3', '4', '3', '4', '2', '2', '2', '10', '10', '10', '9', '9', '9', '9', '9', '9', '9', '9', '9', '8', '9', '9', '9', '9', '9', '9', '6', '6', '6', '5', '5', '5']","[block blk_6,block blk_6,NameSystem_2,block blk_6,blk_4,blk_4,blk_4,blk_4,blk_4,blk_4,NameSystem_2,NameSystem_2,NameSystem_2,blk_4,blk_4,blk_4,blk_4,blk_4,blk_4,blk_4,blk_4,blk_4,blk_4,blk_4,blk_4,/_0,blk_4,blk_4,blk_4,blk_4,blk_4,blk_4,blk_4,blk_4,blk_4,block blk file_7,block blk file_7,block blk file_7]","[receiving_28,receiving_28,allocate_4,receiving_28,none_22,writing_23,none_22,writing_23,none_22,writing_23,add_3,add_3,add_3,verification_25,verification_25,verification_25,transfer_13,transfer_13,transfer_13,transfer_13,transfer_13,transfer_13,transfer_13,transfer_13,transfer_13,serving_0,transfer_13,transfer_13,transfer_13,transfer_13,transfer_13,transfer_13,delete_24,delete_24,delete_24,deleting_34,deleting_34,deleting_34]","[none_40,none_40,none_4,none_40,none_31,none_32,none_31,none_32,none_31,none_32,updated_3,updated_3,updated_3,successful_35,successful_35,successful_35,exception_21,exception_21,exception_21,exception_21,exception_21,exception_21,exception_21,exception_21,exception_21,none_0,exception_21,exception_21,exception_21,exception_21,exception_21,exception_21,invalid_34,invalid_34,invalid_34,none_46,none_46,none_46]"
338,"['1', '7', '1', '1', '3', '4', '3', '4', '2', '2', '3', '4', '2', '10', '10', '9', '10', '9', '9', '9', '9', '9', '9', '9', '8', '9', '9', '9', '9', '9', '9', '9', '6', '6', '6', '5', '5', '5']","[block blk_6,NameSystem_2,block blk_6,block blk_6,blk_4,blk_4,blk_4,blk_4,NameSystem_2,NameSystem_2,blk_4,blk_4,NameSystem_2,blk_4,blk_4,blk_4,blk_4,blk_4,blk_4,blk_4,blk_4,blk_4,blk_4,blk_4,/_0,blk_4,blk_4,blk_4,blk_4,blk_4,blk_4,blk_4,blk_4,blk_4,blk_4,block blk file_7,block blk file_7,block blk file_7]","[receiving_28,allocate_4,receiving_28,receiving_28,none_22,writing_23,none_22,writing_23,add_3,add_3,none_22,writing_23,add_3,verification_25,verification_25,transfer_13,verification_25,transfer_13,transfer_13,transfer_13,transfer_13,transfer_13,transfer_13,transfer_13,serving_0,transfer_13,transfer_13,transfer_13,transfer_13,transfer_13,transfer_13,transfer_13,delete_24,delete_24,delete_24,deleting_34,deleting_34,deleting_34]","[none_40,none_4,none_40,none_40,none_31,none_32,none_31,none_32,updated_3,updated_3,none_31,none_32,updated_3,successful_35,successful_35,exception_21,successful_35,exception_21,exception_21,exception_21,exception_21,exception_21,exception_21,exception_21,none_0,exception_21,exception_21,exception_21,exception_21,exception_21,exception_21,exception_21,invalid_34,invalid_34,invalid_34,none_46,none_46,none_46]"
341,"['1', '1', '1', '7', '3', '4', '3', '4', '3', '4', '2', '2', '2', '10', '10', '10', '9', '9', '9', '9', '8', '9', '9', '9', '9', '9', '9', '9', '9', '9', '9', '9', '6', '6', '6', '5', '5', '5']","[block blk_6,block blk_6,block blk_6,NameSystem_2,blk_4,blk_4,blk_4,blk_4,blk_4,blk_4,NameSystem_2,NameSystem_2,NameSystem_2,blk_4,blk_4,blk_4,blk_4,blk_4,blk_4,blk_4,/_0,blk_4,blk_4,blk_4,blk_4,blk_4,blk_4,blk_4,blk_4,blk_4,blk_4,blk_4,blk_4,blk_4,blk_4,block blk file_7,block blk file_7,block blk file_7]","[receiving_28,receiving_28,receiving_28,allocate_4,none_22,writing_23,none_22,writing_23,none_22,writing_23,add_3,add_3,add_3,verification_25,verification_25,verification_25,transfer_13,transfer_13,transfer_13,transfer_13,serving_0,transfer_13,transfer_13,transfer_13,transfer_13,transfer_13,transfer_13,transfer_13,transfer_13,transfer_13,transfer_13,transfer_13,delete_24,delete_24,delete_24,deleting_34,deleting_34,deleting_34]","[none_40,none_40,none_40,none_4,none_31,none_32,none_31,none_32,none_31,none_32,updated_3,updated_3,updated_3,successful_35,successful_35,successful_35,exception_21,exception_21,exception_21,exception_21,none_0,exception_21,exception_21,exception_21,exception_21,exception_21,exception_21,exception_21,exception_21,exception_21,exception_21,exception_21,invalid_34,invalid_34,invalid_34,none_46,none_46,none_46]"
364,"['1', '7', '1', '1', '3', '4', '3', '4', '3', '4', '2', '2', '2', '10', '10', '10', '9', '9', '9', '9', '9', '9', '9', '9', '8', '9', '9', '9', '9', '9', '9', '9', '6', '6', '6', '5', '5', '5']","[block blk_6,NameSystem_2,block blk_6,block blk_6,blk_4,blk_4,blk_4,blk_4,blk_4,blk_4,NameSystem_2,NameSystem_2,NameSystem_2,blk_4,blk_4,blk_4,blk_4,blk_4,blk_4,blk_4,blk_4,blk_4,blk_4,blk_4,/_0,blk_4,blk_4,blk_4,blk_4,blk_4,blk_4,blk_4,blk_4,blk_4,blk_4,block blk file_7,block blk file_7,block blk file_7]","[receiving_28,allocate_4,receiving_28,receiving_28,none_22,writing_23,none_22,writing_23,none_22,writing_23,add_3,add_3,add_3,verification_25,verification_25,verification_25,transfer_13,transfer_13,transfer_13,transfer_13,transfer_13,transfer_13,transfer_13,transfer_13,serving_0,transfer_13,transfer_13,transfer_13,transfer_13,transfer_13,transfer_13,transfer_13,delete_24,delete_24,delete_24,deleting_34,deleting_34,deleting_34]","[none_40,none_4,none_40,none_40,none_31,none_32,none_31,none_32,none_31,none_32,updated_3,updated_3,updated_3,successful_35,successful_35,successful_35,exception_21,exception_21,exception_21,exception_21,exception_21,exception_21,exception_21,exception_21,none_0,exception_21,exception_21,exception_21,exception_21,exception_21,exception_21,exception_21,invalid_34,invalid_34,invalid_34,none_46,none_46,none_46]"
369,"['1', '1', '1', '7', '3', '4', '3', '4', '3', '4', '2', '2', '2', '10', '10', '10', '9', '9', '8', '9', '9', '9', '9', '9', '9', '9', '9', '9', '9', '9', '9', '9', '6', '6', '6', '5', '5', '5']","[block blk_6,block blk_6,block blk_6,NameSystem_2,blk_4,blk_4,blk_4,blk_4,blk_4,blk_4,NameSystem_2,NameSystem_2,NameSystem_2,blk_4,blk_4,blk_4,blk_4,blk_4,/_0,blk_4,blk_4,blk_4,blk_4,blk_4,blk_4,blk_4,blk_4,blk_4,blk_4,blk_4,blk_4,blk_4,blk_4,blk_4,blk_4,block blk file_7,block blk file_7,block blk file_7]","[receiving_28,receiving_28,receiving_28,allocate_4,none_22,writing_23,none_22,writing_23,none_22,writing_23,add_3,add_3,add_3,verification_25,verification_25,verification_25,transfer_13,transfer_13,serving_0,transfer_13,transfer_13,transfer_13,transfer_13,transfer_13,transfer_13,transfer_13,transfer_13,transfer_13,transfer_13,transfer_13,transfer_13,transfer_13,delete_24,delete_24,delete_24,deleting_34,deleting_34,deleting_34]","[none_40,none_40,none_40,none_4,none_31,none_32,none_31,none_32,none_31,none_32,updated_3,updated_3,updated_3,successful_35,successful_35,successful_35,exception_21,exception_21,none_0,exception_21,exception_21,exception_21,exception_21,exception_21,exception_21,exception_21,exception_21,exception_21,exception_21,exception_21,exception_21,exception_21,invalid_34,invalid_34,invalid_34,none_46,none_46,none_46]"
371,"['1', '1', '7', '1', '3', '4', '3', '4', '3', '4', '2', '2', '2', '10', '10', '10', '9', '9', '9', '8', '9', '9', '9', '9', '9', '9', '9', '9', '9', '9', '9', '9', '6', '6', '6', '5', '5', '5']","[block blk_6,block blk_6,NameSystem_2,block blk_6,blk_4,blk_4,blk_4,blk_4,blk_4,blk_4,NameSystem_2,NameSystem_2,NameSystem_2,blk_4,blk_4,blk_4,blk_4,blk_4,blk_4,/_0,blk_4,blk_4,blk_4,blk_4,blk_4,blk_4,blk_4,blk_4,blk_4,blk_4,blk_4,blk_4,blk_4,blk_4,blk_4,block blk file_7,block blk file_7,block blk file_7]","[receiving_28,receiving_28,allocate_4,receiving_28,none_22,writing_23,none_22,writing_23,none_22,writing_23,add_3,add_3,add_3,verification_25,verification_25,verification_25,transfer_13,transfer_13,transfer_13,serving_0,transfer_13,transfer_13,transfer_13,transfer_13,transfer_13,transfer_13,transfer_13,transfer_13,transfer_13,transfer_13,transfer_13,transfer_13,delete_24,delete_24,delete_24,deleting_34,deleting_34,deleting_34]","[none_40,none_40,none_4,none_40,none_31,none_32,none_31,none_32,none_31,none_32,updated_3,updated_3,updated_3,successful_35,successful_35,successful_35,exception_21,exception_21,exception_21,none_0,exception_21,exception_21,exception_21,exception_21,exception_21,exception_21,exception_21,exception_21,exception_21,exception_21,exception_21,exception_21,invalid_34,invalid_34,invalid_34,none_46,none_46,none_46]"
375,"['1', '7', '1', '1', '3', '4', '3', '4', '3', '4', '2', '2', '2', '10', '10', '9', '9', '9', '9', '9', '9', '9', '8', '9', '9', '9', '9', '9', '9', '9', '9', '10', '6', '6', '6', '5', '5', '5']","[block blk_6,NameSystem_2,block blk_6,block blk_6,blk_4,blk_4,blk_4,blk_4,blk_4,blk_4,NameSystem_2,NameSystem_2,NameSystem_2,blk_4,blk_4,blk_4,blk_4,blk_4,blk_4,blk_4,blk_4,blk_4,/_0,blk_4,blk_4,blk_4,blk_4,blk_4,blk_4,blk_4,blk_4,blk_4,blk_4,blk_4,blk_4,block blk file_7,block blk file_7,block blk file_7]","[receiving_28,allocate_4,receiving_28,receiving_28,none_22,writing_23,none_22,writing_23,none_22,writing_23,add_3,add_3,add_3,verification_25,verification_25,transfer_13,transfer_13,transfer_13,transfer_13,transfer_13,transfer_13,transfer_13,serving_0,transfer_13,transfer_13,transfer_13,transfer_13,transfer_13,transfer_13,transfer_13,transfer_13,verification_25,delete_24,delete_24,delete_24,deleting_34,deleting_34,deleting_34]","[none_40,none_4,none_40,none_40,none_31,none_32,none_31,none_32,none_31,none_32,updated_3,updated_3,updated_3,successful_35,successful_35,exception_21,exception_21,exception_21,exception_21,exception_21,exception_21,exception_21,none_0,exception_21,exception_21,exception_21,exception_21,exception_21,exception_21,exception_21,exception_21,successful_35,invalid_34,invalid_34,invalid_34,none_46,none_46,none_46]"
387,"['1', '7', '1', '1', '3', '4', '3', '4', '3', '4', '2', '2', '2', '10', '10', '10', '9', '9', '9', '9', '9', '9', '8', '9', '9', '9', '9', '9', '9', '9', '9', '9', '6', '6', '6', '5', '5', '5']","[block blk_6,NameSystem_2,block blk_6,block blk_6,blk_4,blk_4,blk_4,blk_4,blk_4,blk_4,NameSystem_2,NameSystem_2,NameSystem_2,blk_4,blk_4,blk_4,blk_4,blk_4,blk_4,blk_4,blk_4,blk_4,/_0,blk_4,blk_4,blk_4,blk_4,blk_4,blk_4,blk_4,blk_4,blk_4,blk_4,blk_4,blk_4,block blk file_7,block blk file_7,block blk file_7]","[receiving_28,allocate_4,receiving_28,receiving_28,none_22,writing_23,none_22,writing_23,none_22,writing_23,add_3,add_3,add_3,verification_25,verification_25,verification_25,transfer_13,transfer_13,transfer_13,transfer_13,transfer_13,transfer_13,serving_0,transfer_13,transfer_13,transfer_13,transfer_13,transfer_13,transfer_13,transfer_13,transfer_13,transfer_13,delete_24,delete_24,delete_24,deleting_34,deleting_34,deleting_34]","[none_40,none_4,none_40,none_40,none_31,none_32,none_31,none_32,none_31,none_32,updated_3,updated_3,updated_3,successful_35,successful_35,successful_35,exception_21,exception_21,exception_21,exception_21,exception_21,exception_21,none_0,exception_21,exception_21,exception_21,exception_21,exception_21,exception_21,exception_21,exception_21,exception_21,invalid_34,invalid_34,invalid_34,none_46,none_46,none_46]"
393,"['1', '7', '1', '1', '3', '4', '2', '3', '4', '3', '4', '2', '2', '10', '10', '10', '9', '9', '9', '9', '9', '9', '9', '9', '9', '9', '9', '9', '9', '9', '9', '8', '6', '6', '6', '5', '5', '5']","[block blk_6,NameSystem_2,block blk_6,block blk_6,blk_4,blk_4,NameSystem_2,blk_4,blk_4,blk_4,blk_4,NameSystem_2,NameSystem_2,blk_4,blk_4,blk_4,blk_4,blk_4,blk_4,blk_4,blk_4,blk_4,blk_4,blk_4,blk_4,blk_4,blk_4,blk_4,blk_4,blk_4,blk_4,/_0,blk_4,blk_4,blk_4,block blk file_7,block blk file_7,block blk file_7]","[receiving_28,allocate_4,receiving_28,receiving_28,none_22,writing_23,add_3,none_22,writing_23,none_22,writing_23,add_3,add_3,verification_25,verification_25,verification_25,transfer_13,transfer_13,transfer_13,transfer_13,transfer_13,transfer_13,transfer_13,transfer_13,transfer_13,transfer_13,transfer_13,transfer_13,transfer_13,transfer_13,transfer_13,serving_0,delete_24,delete_24,delete_24,deleting_34,deleting_34,deleting_34]","[none_40,none_4,none_40,none_40,none_31,none_32,updated_3,none_31,none_32,none_31,none_32,updated_3,updated_3,successful_35,successful_35,successful_35,exception_21,exception_21,exception_21,exception_21,exception_21,exception_21,exception_21,exception_21,exception_21,exception_21,exception_21,exception_21,exception_21,exception_21,exception_21,none_0,invalid_34,invalid_34,invalid_34,none_46,none_46,none_46]"
397,"['1', '7', '1', '1', '3', '4', '2', '3', '4', '3', '4', '2', '2', '10', '10', '10', '9', '9', '9', '9', '9', '9', '9', '9', '9', '9', '9', '9', '9', '8', '9', '9', '6', '6', '6', '5', '5', '5']","[block blk_6,NameSystem_2,block blk_6,block blk_6,blk_4,blk_4,NameSystem_2,blk_4,blk_4,blk_4,blk_4,NameSystem_2,NameSystem_2,blk_4,blk_4,blk_4,blk_4,blk_4,blk_4,blk_4,blk_4,blk_4,blk_4,blk_4,blk_4,blk_4,blk_4,blk_4,blk_4,/_0,blk_4,blk_4,blk_4,blk_4,blk_4,block blk file_7,block blk file_7,block blk file_7]","[receiving_28,allocate_4,receiving_28,receiving_28,none_22,writing_23,add_3,none_22,writing_23,none_22,writing_23,add_3,add_3,verification_25,verification_25,verification_25,transfer_13,transfer_13,transfer_13,transfer_13,transfer_13,transfer_13,transfer_13,transfer_13,transfer_13,transfer_13,transfer_13,transfer_13,transfer_13,serving_0,transfer_13,transfer_13,delete_24,delete_24,delete_24,deleting_34,deleting_34,deleting_34]","[none_40,none_4,none_40,none_40,none_31,none_32,updated_3,none_31,none_32,none_31,none_32,updated_3,updated_3,successful_35,successful_35,successful_35,exception_21,exception_21,exception_21,exception_21,exception_21,exception_21,exception_21,exception_21,exception_21,exception_21,exception_21,exception_21,exception_21,none_0,exception_21,exception_21,invalid_34,invalid_34,invalid_34,none_46,none_46,none_46]"
402,"['1', '7', '1', '1', '3', '4', '3', '4', '2', '2', '3', '4', '2', '10', '10', '10', '9', '8', '9', '6', '6', '6', '5', '5', '5']","[block blk_6,NameSystem_2,block blk_6,block blk_6,blk_4,blk_4,blk_4,blk_4,NameSystem_2,NameSystem_2,blk_4,blk_4,NameSystem_2,blk_4,blk_4,blk_4,blk_4,/_0,blk_4,blk_4,blk_4,blk_4,block blk file_7,block blk file_7,block blk file_7]","[receiving_28,allocate_4,receiving_28,receiving_28,none_22,writing_23,none_22,writing_23,add_3,add_3,none_22,writing_23,add_3,verification_25,verification_25,verification_25,transfer_13,serving_0,transfer_13,delete_24,delete_24,delete_24,deleting_34,deleting_34,deleting_34]","[none_40,none_4,none_40,none_40,none_31,none_32,none_31,none_32,updated_3,updated_3,none_31,none_32,updated_3,successful_35,successful_35,successful_35,exception_21,none_0,exception_21,invalid_34,invalid_34,invalid_34,none_46,none_46,none_46]"
407,"['1', '1', '7', '1', '3', '4', '3', '4', '2', '2', '3', '4', '2', '10', '10', '10', '9', '9', '9', '9', '9', '8', '9', '9', '9', '9', '9', '9', '9', '9', '9', '9', '6', '6', '6', '5', '5', '5']","[block blk_6,block blk_6,NameSystem_2,block blk_6,blk_4,blk_4,blk_4,blk_4,NameSystem_2,NameSystem_2,blk_4,blk_4,NameSystem_2,blk_4,blk_4,blk_4,blk_4,blk_4,blk_4,blk_4,blk_4,/_0,blk_4,blk_4,blk_4,blk_4,blk_4,blk_4,blk_4,blk_4,blk_4,blk_4,blk_4,blk_4,blk_4,block blk file_7,block blk file_7,block blk file_7]","[receiving_28,receiving_28,allocate_4,receiving_28,none_22,writing_23,none_22,writing_23,add_3,add_3,none_22,writing_23,add_3,verification_25,verification_25,verification_25,transfer_13,transfer_13,transfer_13,transfer_13,transfer_13,serving_0,transfer_13,transfer_13,transfer_13,transfer_13,transfer_13,transfer_13,transfer_13,transfer_13,transfer_13,transfer_13,delete_24,delete_24,delete_24,deleting_34,deleting_34,deleting_34]","[none_40,none_40,none_4,none_40,none_31,none_32,none_31,none_32,updated_3,updated_3,none_31,none_32,updated_3,successful_35,successful_35,successful_35,exception_21,exception_21,exception_21,exception_21,exception_21,none_0,exception_21,exception_21,exception_21,exception_21,exception_21,exception_21,exception_21,exception_21,exception_21,exception_21,invalid_34,invalid_34,invalid_34,none_46,none_46,none_46]"
412,"['1', '1', '1', '7', '3', '4', '3', '4', '3', '4', '2', '2', '2', '10', '10', '10', '9', '9', '8', '6', '6', '6', '5', '5', '5']","[block blk_6,block blk_6,block blk_6,NameSystem_2,blk_4,blk_4,blk_4,blk_4,blk_4,blk_4,NameSystem_2,NameSystem_2,NameSystem_2,blk_4,blk_4,blk_4,blk_4,blk_4,/_0,blk_4,blk_4,blk_4,block blk file_7,block blk file_7,block blk file_7]","[receiving_28,receiving_28,receiving_28,allocate_4,none_22,writing_23,none_22,writing_23,none_22,writing_23,add_3,add_3,add_3,verification_25,verification_25,verification_25,transfer_13,transfer_13,serving_0,delete_24,delete_24,delete_24,deleting_34,deleting_34,deleting_34]","[none_40,none_40,none_40,none_4,none_31,none_32,none_31,none_32,none_31,none_32,updated_3,updated_3,updated_3,successful_35,successful_35,successful_35,exception_21,exception_21,none_0,invalid_34,invalid_34,invalid_34,none_46,none_46,none_46]"
413,"['1', '7', '1', '1', '3', '4', '3', '4', '3', '4', '2', '2', '2', '10', '10', '10', '9', '9', '8', '6', '6', '6', '5', '5', '5']","[block blk_6,NameSystem_2,block blk_6,block blk_6,blk_4,blk_4,blk_4,blk_4,blk_4,blk_4,NameSystem_2,NameSystem_2,NameSystem_2,blk_4,blk_4,blk_4,blk_4,blk_4,/_0,blk_4,blk_4,blk_4,block blk file_7,block blk file_7,block blk file_7]","[receiving_28,allocate_4,receiving_28,receiving_28,none_22,writing_23,none_22,writing_23,none_22,writing_23,add_3,add_3,add_3,verification_25,verification_25,verification_25,transfer_13,transfer_13,serving_0,delete_24,delete_24,delete_24,deleting_34,deleting_34,deleting_34]","[none_40,none_4,none_40,none_40,none_31,none_32,none_31,none_32,none_31,none_32,updated_3,updated_3,updated_3,successful_35,successful_35,successful_35,exception_21,exception_21,none_0,invalid_34,invalid_34,invalid_34,none_46,none_46,none_46]"
430,"['7', '1', '1', '1', '3', '4', '3', '4', '3', '4', '2', '2', '2', '10', '10', '10', '9', '9', '8', '6', '6', '6', '5', '5', '5']","[NameSystem_2,block blk_6,block blk_6,block blk_6,blk_4,blk_4,blk_4,blk_4,blk_4,blk_4,NameSystem_2,NameSystem_2,NameSystem_2,blk_4,blk_4,blk_4,blk_4,blk_4,/_0,blk_4,blk_4,blk_4,block blk file_7,block blk file_7,block blk file_7]","[allocate_4,receiving_28,receiving_28,receiving_28,none_22,writing_23,none_22,writing_23,none_22,writing_23,add_3,add_3,add_3,verification_25,verification_25,verification_25,transfer_13,transfer_13,serving_0,delete_24,delete_24,delete_24,deleting_34,deleting_34,deleting_34]","[none_4,none_40,none_40,none_40,none_31,none_32,none_31,none_32,none_31,none_32,updated_3,updated_3,updated_3,successful_35,successful_35,successful_35,exception_21,exception_21,none_0,invalid_34,invalid_34,invalid_34,none_46,none_46,none_46]"
448,"['1', '1', '1', '7', '3', '4', '3', '4', '3', '4', '2', '2', '2', '10', '10', '10', '9', '9', '8', '6', '6', '6', '5', '5', '5']","[block blk_6,block blk_6,block blk_6,NameSystem_2,blk_4,blk_4,blk_4,blk_4,blk_4,blk_4,NameSystem_2,NameSystem_2,NameSystem_2,blk_4,blk_4,blk_4,blk_4,blk_4,/_0,blk_4,blk_4,blk_4,block blk file_7,block blk file_7,block blk file_7]","[receiving_28,receiving_28,receiving_28,allocate_4,none_22,writing_23,none_22,writing_23,none_22,writing_23,add_3,add_3,add_3,verification_25,verification_25,verification_25,transfer_13,transfer_13,serving_0,delete_24,delete_24,delete_24,deleting_34,deleting_34,deleting_34]","[none_40,none_40,none_40,none_4,none_31,none_32,none_31,none_32,none_31,none_32,updated_3,updated_3,updated_3,successful_35,successful_35,successful_35,exception_21,exception_21,none_0,invalid_34,invalid_34,invalid_34,none_46,none_46,none_46]"
461,"['1', '7', '1', '1', '3', '4', '3', '4', '3', '4', '2', '2', '2', '10', '10', '10', '9', '9', '8', '6', '6', '6', '5', '5', '5']","[block blk_6,NameSystem_2,block blk_6,block blk_6,blk_4,blk_4,blk_4,blk_4,blk_4,blk_4,NameSystem_2,NameSystem_2,NameSystem_2,blk_4,blk_4,blk_4,blk_4,blk_4,/_0,blk_4,blk_4,blk_4,block blk file_7,block blk file_7,block blk file_7]","[receiving_28,allocate_4,receiving_28,receiving_28,none_22,writing_23,none_22,writing_23,none_22,writing_23,add_3,add_3,add_3,verification_25,verification_25,verification_25,transfer_13,transfer_13,serving_0,delete_24,delete_24,delete_24,deleting_34,deleting_34,deleting_34]","[none_40,none_4,none_40,none_40,none_31,none_32,none_31,none_32,none_31,none_32,updated_3,updated_3,updated_3,successful_35,successful_35,successful_35,exception_21,exception_21,none_0,invalid_34,invalid_34,invalid_34,none_46,none_46,none_46]"
476,"['1', '1', '7', '1', '3', '4', '4', '3', '4', '2', '2', '3', '2', '10', '10', '10', '9', '9', '8', '6', '6', '6', '5', '5', '5']","[block blk_6,block blk_6,NameSystem_2,block blk_6,blk_4,blk_4,blk_4,blk_4,blk_4,NameSystem_2,NameSystem_2,blk_4,NameSystem_2,blk_4,blk_4,blk_4,blk_4,blk_4,/_0,blk_4,blk_4,blk_4,block blk file_7,block blk file_7,block blk file_7]","[receiving_28,receiving_28,allocate_4,receiving_28,none_22,writing_23,writing_23,none_22,writing_23,add_3,add_3,none_22,add_3,verification_25,verification_25,verification_25,transfer_13,transfer_13,serving_0,delete_24,delete_24,delete_24,deleting_34,deleting_34,deleting_34]","[none_40,none_40,none_4,none_40,none_31,none_32,none_32,none_31,none_32,updated_3,updated_3,none_31,updated_3,successful_35,successful_35,successful_35,exception_21,exception_21,none_0,invalid_34,invalid_34,invalid_34,none_46,none_46,none_46]"
478,"['7', '1', '1', '1', '3', '4', '3', '4', '2', '3', '4', '2', '2', '10', '10', '10', '9', '9', '8', '6', '6', '6', '5', '5', '5']","[NameSystem_2,block blk_6,block blk_6,block blk_6,blk_4,blk_4,blk_4,blk_4,NameSystem_2,blk_4,blk_4,NameSystem_2,NameSystem_2,blk_4,blk_4,blk_4,blk_4,blk_4,/_0,blk_4,blk_4,blk_4,block blk file_7,block blk file_7,block blk file_7]","[allocate_4,receiving_28,receiving_28,receiving_28,none_22,writing_23,none_22,writing_23,add_3,none_22,writing_23,add_3,add_3,verification_25,verification_25,verification_25,transfer_13,transfer_13,serving_0,delete_24,delete_24,delete_24,deleting_34,deleting_34,deleting_34]","[none_4,none_40,none_40,none_40,none_31,none_32,none_31,none_32,updated_3,none_31,none_32,updated_3,updated_3,successful_35,successful_35,successful_35,exception_21,exception_21,none_0,invalid_34,invalid_34,invalid_34,none_46,none_46,none_46]"
504,"['1', '7', '1', '1', '3', '4', '3', '4', '3', '4', '2', '2', '2', '10', '10', '9', '9', '8', '10', '6', '6', '6', '5', '5', '5']","[block blk_6,NameSystem_2,block blk_6,block blk_6,blk_4,blk_4,blk_4,blk_4,blk_4,blk_4,NameSystem_2,NameSystem_2,NameSystem_2,blk_4,blk_4,blk_4,blk_4,/_0,blk_4,blk_4,blk_4,blk_4,block blk file_7,block blk file_7,block blk file_7]","[receiving_28,allocate_4,receiving_28,receiving_28,none_22,writing_23,none_22,writing_23,none_22,writing_23,add_3,add_3,add_3,verification_25,verification_25,transfer_13,transfer_13,serving_0,verification_25,delete_24,delete_24,delete_24,deleting_34,deleting_34,deleting_34]","[none_40,none_4,none_40,none_40,none_31,none_32,none_31,none_32,none_31,none_32,updated_3,updated_3,updated_3,successful_35,successful_35,exception_21,exception_21,none_0,successful_35,invalid_34,invalid_34,invalid_34,none_46,none_46,none_46]"
525,"['1', '7', '1', '1', '3', '4', '3', '4', '3', '4', '2', '2', '2', '10', '10', '10', '9', '9', '8', '6', '6', '6', '5', '5', '5']","[block blk_6,NameSystem_2,block blk_6,block blk_6,blk_4,blk_4,blk_4,blk_4,blk_4,blk_4,NameSystem_2,NameSystem_2,NameSystem_2,blk_4,blk_4,blk_4,blk_4,blk_4,/_0,blk_4,blk_4,blk_4,block blk file_7,block blk file_7,block blk file_7]","[receiving_28,allocate_4,receiving_28,receiving_28,none_22,writing_23,none_22,writing_23,none_22,writing_23,add_3,add_3,add_3,verification_25,verification_25,verification_25,transfer_13,transfer_13,serving_0,delete_24,delete_24,delete_24,deleting_34,deleting_34,deleting_34]","[none_40,none_4,none_40,none_40,none_31,none_32,none_31,none_32,none_31,none_32,updated_3,updated_3,updated_3,successful_35,successful_35,successful_35,exception_21,exception_21,none_0,invalid_34,invalid_34,invalid_34,none_46,none_46,none_46]"
530,"['1', '7', '1', '1', '4', '3', '4', '3', '3', '4', '2', '2', '2', '10', '10', '10', '9', '9', '8', '6', '6', '6', '5', '5', '5']","[block blk_6,NameSystem_2,block blk_6,block blk_6,blk_4,blk_4,blk_4,blk_4,blk_4,blk_4,NameSystem_2,NameSystem_2,NameSystem_2,blk_4,blk_4,blk_4,blk_4,blk_4,/_0,blk_4,blk_4,blk_4,block blk file_7,block blk file_7,block blk file_7]","[receiving_28,allocate_4,receiving_28,receiving_28,writing_23,none_22,writing_23,none_22,none_22,writing_23,add_3,add_3,add_3,verification_25,verification_25,verification_25,transfer_13,transfer_13,serving_0,delete_24,delete_24,delete_24,deleting_34,deleting_34,deleting_34]","[none_40,none_4,none_40,none_40,none_32,none_31,none_32,none_31,none_31,none_32,updated_3,updated_3,updated_3,successful_35,successful_35,successful_35,exception_21,exception_21,none_0,invalid_34,invalid_34,invalid_34,none_46,none_46,none_46]"
555,"['1', '7', '1', '1', '3', '4', '3', '4', '3', '4', '2', '2', '2', '10', '10', '9', '8', '9', '10', '6', '6', '6', '5', '5', '5']","[block blk_6,NameSystem_2,block blk_6,block blk_6,blk_4,blk_4,blk_4,blk_4,blk_4,blk_4,NameSystem_2,NameSystem_2,NameSystem_2,blk_4,blk_4,blk_4,/_0,blk_4,blk_4,blk_4,blk_4,blk_4,block blk file_7,block blk file_7,block blk file_7]","[receiving_28,allocate_4,receiving_28,receiving_28,none_22,writing_23,none_22,writing_23,none_22,writing_23,add_3,add_3,add_3,verification_25,verification_25,transfer_13,serving_0,transfer_13,verification_25,delete_24,delete_24,delete_24,deleting_34,deleting_34,deleting_34]","[none_40,none_4,none_40,none_40,none_31,none_32,none_31,none_32,none_31,none_32,updated_3,updated_3,updated_3,successful_35,successful_35,exception_21,none_0,exception_21,successful_35,invalid_34,invalid_34,invalid_34,none_46,none_46,none_46]"
559,"['1', '1', '7', '1', '3', '4', '3', '4', '3', '4', '2', '2', '2', '10', '10', '10', '9', '9', '8', '6', '6', '6', '5', '5', '5']","[block blk_6,block blk_6,NameSystem_2,block blk_6,blk_4,blk_4,blk_4,blk_4,blk_4,blk_4,NameSystem_2,NameSystem_2,NameSystem_2,blk_4,blk_4,blk_4,blk_4,blk_4,/_0,blk_4,blk_4,blk_4,block blk file_7,block blk file_7,block blk file_7]","[receiving_28,receiving_28,allocate_4,receiving_28,none_22,writing_23,none_22,writing_23,none_22,writing_23,add_3,add_3,add_3,verification_25,verification_25,verification_25,transfer_13,transfer_13,serving_0,delete_24,delete_24,delete_24,deleting_34,deleting_34,deleting_34]","[none_40,none_40,none_4,none_40,none_31,none_32,none_31,none_32,none_31,none_32,updated_3,updated_3,updated_3,successful_35,successful_35,successful_35,exception_21,exception_21,none_0,invalid_34,invalid_34,invalid_34,none_46,none_46,none_46]"
602,"['1', '7', '1', '1', '3', '4', '3', '4', '2', '2', '3', '4', '2', '10', '10', '9', '9', '8', '10', '6', '6', '6', '5', '5', '5']","[block blk_6,NameSystem_2,block blk_6,block blk_6,blk_4,blk_4,blk_4,blk_4,NameSystem_2,NameSystem_2,blk_4,blk_4,NameSystem_2,blk_4,blk_4,blk_4,blk_4,/_0,blk_4,blk_4,blk_4,blk_4,block blk file_7,block blk file_7,block blk file_7]","[receiving_28,allocate_4,receiving_28,receiving_28,none_22,writing_23,none_22,writing_23,add_3,add_3,none_22,writing_23,add_3,verification_25,verification_25,transfer_13,transfer_13,serving_0,verification_25,delete_24,delete_24,delete_24,deleting_34,deleting_34,deleting_34]","[none_40,none_4,none_40,none_40,none_31,none_32,none_31,none_32,updated_3,updated_3,none_31,none_32,updated_3,successful_35,successful_35,exception_21,exception_21,none_0,successful_35,invalid_34,invalid_34,invalid_34,none_46,none_46,none_46]"
631,"['1', '1', '7', '1', '3', '4', '3', '4', '3', '4', '2', '2', '2', '10', '10', '10', '9', '9', '8', '6', '6', '6', '5', '5', '5']","[block blk_6,block blk_6,NameSystem_2,block blk_6,blk_4,blk_4,blk_4,blk_4,blk_4,blk_4,NameSystem_2,NameSystem_2,NameSystem_2,blk_4,blk_4,blk_4,blk_4,blk_4,/_0,blk_4,blk_4,blk_4,block blk file_7,block blk file_7,block blk file_7]","[receiving_28,receiving_28,allocate_4,receiving_28,none_22,writing_23,none_22,writing_23,none_22,writing_23,add_3,add_3,add_3,verification_25,verification_25,verification_25,transfer_13,transfer_13,serving_0,delete_24,delete_24,delete_24,deleting_34,deleting_34,deleting_34]","[none_40,none_40,none_4,none_40,none_31,none_32,none_31,none_32,none_31,none_32,updated_3,updated_3,updated_3,successful_35,successful_35,successful_35,exception_21,exception_21,none_0,invalid_34,invalid_34,invalid_34,none_46,none_46,none_46]"
640,"['1', '1', '1', '7', '3', '4', '3', '4', '3', '4', '2', '2', '2', '10', '10', '10', '9', '9', '8', '6', '6', '6', '5', '5', '5']","[block blk_6,block blk_6,block blk_6,NameSystem_2,blk_4,blk_4,blk_4,blk_4,blk_4,blk_4,NameSystem_2,NameSystem_2,NameSystem_2,blk_4,blk_4,blk_4,blk_4,blk_4,/_0,blk_4,blk_4,blk_4,block blk file_7,block blk file_7,block blk file_7]","[receiving_28,receiving_28,receiving_28,allocate_4,none_22,writing_23,none_22,writing_23,none_22,writing_23,add_3,add_3,add_3,verification_25,verification_25,verification_25,transfer_13,transfer_13,serving_0,delete_24,delete_24,delete_24,deleting_34,deleting_34,deleting_34]","[none_40,none_40,none_40,none_4,none_31,none_32,none_31,none_32,none_31,none_32,updated_3,updated_3,updated_3,successful_35,successful_35,successful_35,exception_21,exception_21,none_0,invalid_34,invalid_34,invalid_34,none_46,none_46,none_46]"
644,"['1', '7', '1', '1', '3', '4', '3', '4', '2', '2', '3', '4', '2', '10', '10', '9', '9', '8', '10', '6', '6', '6', '5', '5', '5']","[block blk_6,NameSystem_2,block blk_6,block blk_6,blk_4,blk_4,blk_4,blk_4,NameSystem_2,NameSystem_2,blk_4,blk_4,NameSystem_2,blk_4,blk_4,blk_4,blk_4,/_0,blk_4,blk_4,blk_4,blk_4,block blk file_7,block blk file_7,block blk file_7]","[receiving_28,allocate_4,receiving_28,receiving_28,none_22,writing_23,none_22,writing_23,add_3,add_3,none_22,writing_23,add_3,verification_25,verification_25,transfer_13,transfer_13,serving_0,verification_25,delete_24,delete_24,delete_24,deleting_34,deleting_34,deleting_34]","[none_40,none_4,none_40,none_40,none_31,none_32,none_31,none_32,updated_3,updated_3,none_31,none_32,updated_3,successful_35,successful_35,exception_21,exception_21,none_0,successful_35,invalid_34,invalid_34,invalid_34,none_46,none_46,none_46]"
660,"['1', '1', '7', '1', '3', '4', '3', '4', '3', '4', '2', '2', '2', '10', '10', '9', '9', '8', '10', '6', '6', '6', '5', '5', '5']","[block blk_6,block blk_6,NameSystem_2,block blk_6,blk_4,blk_4,blk_4,blk_4,blk_4,blk_4,NameSystem_2,NameSystem_2,NameSystem_2,blk_4,blk_4,blk_4,blk_4,/_0,blk_4,blk_4,blk_4,blk_4,block blk file_7,block blk file_7,block blk file_7]","[receiving_28,receiving_28,allocate_4,receiving_28,none_22,writing_23,none_22,writing_23,none_22,writing_23,add_3,add_3,add_3,verification_25,verification_25,transfer_13,transfer_13,serving_0,verification_25,delete_24,delete_24,delete_24,deleting_34,deleting_34,deleting_34]","[none_40,none_40,none_4,none_40,none_31,none_32,none_31,none_32,none_31,none_32,updated_3,updated_3,updated_3,successful_35,successful_35,exception_21,exception_21,none_0,successful_35,invalid_34,invalid_34,invalid_34,none_46,none_46,none_46]"
674,"['1', '7', '1', '1', '3', '4', '3', '4', '3', '4', '2', '2', '2', '10', '10', '9', '8', '9', '10', '6', '6', '6', '5', '5', '5']","[block blk_6,NameSystem_2,block blk_6,block blk_6,blk_4,blk_4,blk_4,blk_4,blk_4,blk_4,NameSystem_2,NameSystem_2,NameSystem_2,blk_4,blk_4,blk_4,/_0,blk_4,blk_4,blk_4,blk_4,blk_4,block blk file_7,block blk file_7,block blk file_7]","[receiving_28,allocate_4,receiving_28,receiving_28,none_22,writing_23,none_22,writing_23,none_22,writing_23,add_3,add_3,add_3,verification_25,verification_25,transfer_13,serving_0,transfer_13,verification_25,delete_24,delete_24,delete_24,deleting_34,deleting_34,deleting_34]","[none_40,none_4,none_40,none_40,none_31,none_32,none_31,none_32,none_31,none_32,updated_3,updated_3,updated_3,successful_35,successful_35,exception_21,none_0,exception_21,successful_35,invalid_34,invalid_34,invalid_34,none_46,none_46,none_46]"
719,"['1', '7', '1', '1', '3', '4', '3', '4', '3', '4', '2', '2', '2', '10', '10', '10', '9', '9', '8', '6', '6', '6', '5', '5', '5']","[block blk_6,NameSystem_2,block blk_6,block blk_6,blk_4,blk_4,blk_4,blk_4,blk_4,blk_4,NameSystem_2,NameSystem_2,NameSystem_2,blk_4,blk_4,blk_4,blk_4,blk_4,/_0,blk_4,blk_4,blk_4,block blk file_7,block blk file_7,block blk file_7]","[receiving_28,allocate_4,receiving_28,receiving_28,none_22,writing_23,none_22,writing_23,none_22,writing_23,add_3,add_3,add_3,verification_25,verification_25,verification_25,transfer_13,transfer_13,serving_0,delete_24,delete_24,delete_24,deleting_34,deleting_34,deleting_34]","[none_40,none_4,none_40,none_40,none_31,none_32,none_31,none_32,none_31,none_32,updated_3,updated_3,updated_3,successful_35,successful_35,successful_35,exception_21,exception_21,none_0,invalid_34,invalid_34,invalid_34,none_46,none_46,none_46]"
738,"['1', '7', '1', '1', '3', '4', '3', '4', '3', '4', '2', '2', '2', '10', '9', '8', '9', '10', '10', '6', '6', '6', '5', '5', '5']","[block blk_6,NameSystem_2,block blk_6,block blk_6,blk_4,blk_4,blk_4,blk_4,blk_4,blk_4,NameSystem_2,NameSystem_2,NameSystem_2,blk_4,blk_4,/_0,blk_4,blk_4,blk_4,blk_4,blk_4,blk_4,block blk file_7,block blk file_7,block blk file_7]","[receiving_28,allocate_4,receiving_28,receiving_28,none_22,writing_23,none_22,writing_23,none_22,writing_23,add_3,add_3,add_3,verification_25,transfer_13,serving_0,transfer_13,verification_25,verification_25,delete_24,delete_24,delete_24,deleting_34,deleting_34,deleting_34]","[none_40,none_4,none_40,none_40,none_31,none_32,none_31,none_32,none_31,none_32,updated_3,updated_3,updated_3,successful_35,exception_21,none_0,exception_21,successful_35,successful_35,invalid_34,invalid_34,invalid_34,none_46,none_46,none_46]"
774,"['1', '1', '1', '7', '3', '4', '3', '4', '2', '2', '3', '4', '2', '10', '10', '9', '9', '8', '10', '6', '6', '6', '5', '5', '5']","[block blk_6,block blk_6,block blk_6,NameSystem_2,blk_4,blk_4,blk_4,blk_4,NameSystem_2,NameSystem_2,blk_4,blk_4,NameSystem_2,blk_4,blk_4,blk_4,blk_4,/_0,blk_4,blk_4,blk_4,blk_4,block blk file_7,block blk file_7,block blk file_7]","[receiving_28,receiving_28,receiving_28,allocate_4,none_22,writing_23,none_22,writing_23,add_3,add_3,none_22,writing_23,add_3,verification_25,verification_25,transfer_13,transfer_13,serving_0,verification_25,delete_24,delete_24,delete_24,deleting_34,deleting_34,deleting_34]","[none_40,none_40,none_40,none_4,none_31,none_32,none_31,none_32,updated_3,updated_3,none_31,none_32,updated_3,successful_35,successful_35,exception_21,exception_21,none_0,successful_35,invalid_34,invalid_34,invalid_34,none_46,none_46,none_46]"
787,"['1', '1', '1', '7', '3', '4', '3', '4', '3', '4', '2', '2', '2', '10', '10', '9', '9', '8', '10', '6', '6', '6', '5', '5', '5']","[block blk_6,block blk_6,block blk_6,NameSystem_2,blk_4,blk_4,blk_4,blk_4,blk_4,blk_4,NameSystem_2,NameSystem_2,NameSystem_2,blk_4,blk_4,blk_4,blk_4,/_0,blk_4,blk_4,blk_4,blk_4,block blk file_7,block blk file_7,block blk file_7]","[receiving_28,receiving_28,receiving_28,allocate_4,none_22,writing_23,none_22,writing_23,none_22,writing_23,add_3,add_3,add_3,verification_25,verification_25,transfer_13,transfer_13,serving_0,verification_25,delete_24,delete_24,delete_24,deleting_34,deleting_34,deleting_34]","[none_40,none_40,none_40,none_4,none_31,none_32,none_31,none_32,none_31,none_32,updated_3,updated_3,updated_3,successful_35,successful_35,exception_21,exception_21,none_0,successful_35,invalid_34,invalid_34,invalid_34,none_46,none_46,none_46]"
792,"['1', '7', '1', '1', '3', '4', '3', '4', '3', '4', '2', '2', '2', '10', '10', '10', '9', '8', '9', '6', '6', '6', '5', '5', '5']","[block blk_6,NameSystem_2,block blk_6,block blk_6,blk_4,blk_4,blk_4,blk_4,blk_4,blk_4,NameSystem_2,NameSystem_2,NameSystem_2,blk_4,blk_4,blk_4,blk_4,/_0,blk_4,blk_4,blk_4,blk_4,block blk file_7,block blk file_7,block blk file_7]","[receiving_28,allocate_4,receiving_28,receiving_28,none_22,writing_23,none_22,writing_23,none_22,writing_23,add_3,add_3,add_3,verification_25,verification_25,verification_25,transfer_13,serving_0,transfer_13,delete_24,delete_24,delete_24,deleting_34,deleting_34,deleting_34]","[none_40,none_4,none_40,none_40,none_31,none_32,none_31,none_32,none_31,none_32,updated_3,updated_3,updated_3,successful_35,successful_35,successful_35,exception_21,none_0,exception_21,invalid_34,invalid_34,invalid_34,none_46,none_46,none_46]"
794,"['1', '7', '1', '1', '3', '4', '3', '4', '3', '4', '2', '2', '2', '10', '9', '9', '8', '10', '10', '6', '6', '6', '5', '5', '5']","[block blk_6,NameSystem_2,block blk_6,block blk_6,blk_4,blk_4,blk_4,blk_4,blk_4,blk_4,NameSystem_2,NameSystem_2,NameSystem_2,blk_4,blk_4,blk_4,/_0,blk_4,blk_4,blk_4,blk_4,blk_4,block blk file_7,block blk file_7,block blk file_7]","[receiving_28,allocate_4,receiving_28,receiving_28,none_22,writing_23,none_22,writing_23,none_22,writing_23,add_3,add_3,add_3,verification_25,transfer_13,transfer_13,serving_0,verification_25,verification_25,delete_24,delete_24,delete_24,deleting_34,deleting_34,deleting_34]","[none_40,none_4,none_40,none_40,none_31,none_32,none_31,none_32,none_31,none_32,updated_3,updated_3,updated_3,successful_35,exception_21,exception_21,none_0,successful_35,successful_35,invalid_34,invalid_34,invalid_34,none_46,none_46,none_46]"
809,"['1', '7', '1', '1', '3', '4', '2', '3', '4', '3', '4', '2', '2', '10', '10', '10', '9', '9', '8', '6', '6', '6', '5', '5', '5']","[block blk_6,NameSystem_2,block blk_6,block blk_6,blk_4,blk_4,NameSystem_2,blk_4,blk_4,blk_4,blk_4,NameSystem_2,NameSystem_2,blk_4,blk_4,blk_4,blk_4,blk_4,/_0,blk_4,blk_4,blk_4,block blk file_7,block blk file_7,block blk file_7]","[receiving_28,allocate_4,receiving_28,receiving_28,none_22,writing_23,add_3,none_22,writing_23,none_22,writing_23,add_3,add_3,verification_25,verification_25,verification_25,transfer_13,transfer_13,serving_0,delete_24,delete_24,delete_24,deleting_34,deleting_34,deleting_34]","[none_40,none_4,none_40,none_40,none_31,none_32,updated_3,none_31,none_32,none_31,none_32,updated_3,updated_3,successful_35,successful_35,successful_35,exception_21,exception_21,none_0,invalid_34,invalid_34,invalid_34,none_46,none_46,none_46]"
825,"['1', '1', '7', '1', '3', '4', '3', '4', '3', '4', '2', '2', '2', '10', '10', '9', '9', '8', '10', '6', '6', '6', '5', '5', '5']","[block blk_6,block blk_6,NameSystem_2,block blk_6,blk_4,blk_4,blk_4,blk_4,blk_4,blk_4,NameSystem_2,NameSystem_2,NameSystem_2,blk_4,blk_4,blk_4,blk_4,/_0,blk_4,blk_4,blk_4,blk_4,block blk file_7,block blk file_7,block blk file_7]","[receiving_28,receiving_28,allocate_4,receiving_28,none_22,writing_23,none_22,writing_23,none_22,writing_23,add_3,add_3,add_3,verification_25,verification_25,transfer_13,transfer_13,serving_0,verification_25,delete_24,delete_24,delete_24,deleting_34,deleting_34,deleting_34]","[none_40,none_40,none_4,none_40,none_31,none_32,none_31,none_32,none_31,none_32,updated_3,updated_3,updated_3,successful_35,successful_35,exception_21,exception_21,none_0,successful_35,invalid_34,invalid_34,invalid_34,none_46,none_46,none_46]"
845,"['1', '1', '1', '7', '3', '4', '3', '4', '3', '4', '2', '2', '2', '10', '10', '9', '8', '9', '10', '6', '6', '6', '5', '5', '5']","[block blk_6,block blk_6,block blk_6,NameSystem_2,blk_4,blk_4,blk_4,blk_4,blk_4,blk_4,NameSystem_2,NameSystem_2,NameSystem_2,blk_4,blk_4,blk_4,/_0,blk_4,blk_4,blk_4,blk_4,blk_4,block blk file_7,block blk file_7,block blk file_7]","[receiving_28,receiving_28,receiving_28,allocate_4,none_22,writing_23,none_22,writing_23,none_22,writing_23,add_3,add_3,add_3,verification_25,verification_25,transfer_13,serving_0,transfer_13,verification_25,delete_24,delete_24,delete_24,deleting_34,deleting_34,deleting_34]","[none_40,none_40,none_40,none_4,none_31,none_32,none_31,none_32,none_31,none_32,updated_3,updated_3,updated_3,successful_35,successful_35,exception_21,none_0,exception_21,successful_35,invalid_34,invalid_34,invalid_34,none_46,none_46,none_46]"
847,"['1', '7', '1', '1', '3', '4', '3', '4', '2', '3', '4', '2', '2', '10', '10', '9', '9', '8', '10', '6', '6', '6', '5', '5', '5']","[block blk_6,NameSystem_2,block blk_6,block blk_6,blk_4,blk_4,blk_4,blk_4,NameSystem_2,blk_4,blk_4,NameSystem_2,NameSystem_2,blk_4,blk_4,blk_4,blk_4,/_0,blk_4,blk_4,blk_4,blk_4,block blk file_7,block blk file_7,block blk file_7]","[receiving_28,allocate_4,receiving_28,receiving_28,none_22,writing_23,none_22,writing_23,add_3,none_22,writing_23,add_3,add_3,verification_25,verification_25,transfer_13,transfer_13,serving_0,verification_25,delete_24,delete_24,delete_24,deleting_34,deleting_34,deleting_34]","[none_40,none_4,none_40,none_40,none_31,none_32,none_31,none_32,updated_3,none_31,none_32,updated_3,updated_3,successful_35,successful_35,exception_21,exception_21,none_0,successful_35,invalid_34,invalid_34,invalid_34,none_46,none_46,none_46]"
851,"['1', '7', '1', '1', '3', '4', '3', '4', '3', '4', '2', '2', '2', '9', '9', '8', '10', '10', '10', '6', '6', '6', '5', '5', '5']","[block blk_6,NameSystem_2,block blk_6,block blk_6,blk_4,blk_4,blk_4,blk_4,blk_4,blk_4,NameSystem_2,NameSystem_2,NameSystem_2,blk_4,blk_4,/_0,blk_4,blk_4,blk_4,blk_4,blk_4,blk_4,block blk file_7,block blk file_7,block blk file_7]","[receiving_28,allocate_4,receiving_28,receiving_28,none_22,writing_23,none_22,writing_23,none_22,writing_23,add_3,add_3,add_3,transfer_13,transfer_13,serving_0,verification_25,verification_25,verification_25,delete_24,delete_24,delete_24,deleting_34,deleting_34,deleting_34]","[none_40,none_4,none_40,none_40,none_31,none_32,none_31,none_32,none_31,none_32,updated_3,updated_3,updated_3,exception_21,exception_21,none_0,successful_35,successful_35,successful_35,invalid_34,invalid_34,invalid_34,none_46,none_46,none_46]"
855,"['1', '1', '7', '1', '3', '4', '3', '4', '3', '4', '2', '2', '2', '10', '10', '9', '8', '9', '10', '6', '6', '6', '5', '5', '5']","[block blk_6,block blk_6,NameSystem_2,block blk_6,blk_4,blk_4,blk_4,blk_4,blk_4,blk_4,NameSystem_2,NameSystem_2,NameSystem_2,blk_4,blk_4,blk_4,/_0,blk_4,blk_4,blk_4,blk_4,blk_4,block blk file_7,block blk file_7,block blk file_7]","[receiving_28,receiving_28,allocate_4,receiving_28,none_22,writing_23,none_22,writing_23,none_22,writing_23,add_3,add_3,add_3,verification_25,verification_25,transfer_13,serving_0,transfer_13,verification_25,delete_24,delete_24,delete_24,deleting_34,deleting_34,deleting_34]","[none_40,none_40,none_4,none_40,none_31,none_32,none_31,none_32,none_31,none_32,updated_3,updated_3,updated_3,successful_35,successful_35,exception_21,none_0,exception_21,successful_35,invalid_34,invalid_34,invalid_34,none_46,none_46,none_46]"
866,"['1', '7', '1', '1', '3', '4', '3', '4', '3', '4', '2', '2', '2', '10', '9', '9', '8', '10', '10', '6', '6', '6', '5', '5', '5']","[block blk_6,NameSystem_2,block blk_6,block blk_6,blk_4,blk_4,blk_4,blk_4,blk_4,blk_4,NameSystem_2,NameSystem_2,NameSystem_2,blk_4,blk_4,blk_4,/_0,blk_4,blk_4,blk_4,blk_4,blk_4,block blk file_7,block blk file_7,block blk file_7]","[receiving_28,allocate_4,receiving_28,receiving_28,none_22,writing_23,none_22,writing_23,none_22,writing_23,add_3,add_3,add_3,verification_25,transfer_13,transfer_13,serving_0,verification_25,verification_25,delete_24,delete_24,delete_24,deleting_34,deleting_34,deleting_34]","[none_40,none_4,none_40,none_40,none_31,none_32,none_31,none_32,none_31,none_32,updated_3,updated_3,updated_3,successful_35,exception_21,exception_21,none_0,successful_35,successful_35,invalid_34,invalid_34,invalid_34,none_46,none_46,none_46]"
881,"['7', '1', '1', '1', '3', '4', '3', '4', '3', '4', '2', '2', '2', '10', '9', '8', '9', '10', '10', '6', '6', '6', '5', '5', '5']","[NameSystem_2,block blk_6,block blk_6,block blk_6,blk_4,blk_4,blk_4,blk_4,blk_4,blk_4,NameSystem_2,NameSystem_2,NameSystem_2,blk_4,blk_4,/_0,blk_4,blk_4,blk_4,blk_4,blk_4,blk_4,block blk file_7,block blk file_7,block blk file_7]","[allocate_4,receiving_28,receiving_28,receiving_28,none_22,writing_23,none_22,writing_23,none_22,writing_23,add_3,add_3,add_3,verification_25,transfer_13,serving_0,transfer_13,verification_25,verification_25,delete_24,delete_24,delete_24,deleting_34,deleting_34,deleting_34]","[none_4,none_40,none_40,none_40,none_31,none_32,none_31,none_32,none_31,none_32,updated_3,updated_3,updated_3,successful_35,exception_21,none_0,exception_21,successful_35,successful_35,invalid_34,invalid_34,invalid_34,none_46,none_46,none_46]"
890,"['1', '7', '1', '1', '3', '4', '3', '4', '3', '4', '2', '2', '2', '10', '9', '9', '8', '10', '10', '6', '6', '6', '5', '5', '5']","[block blk_6,NameSystem_2,block blk_6,block blk_6,blk_4,blk_4,blk_4,blk_4,blk_4,blk_4,NameSystem_2,NameSystem_2,NameSystem_2,blk_4,blk_4,blk_4,/_0,blk_4,blk_4,blk_4,blk_4,blk_4,block blk file_7,block blk file_7,block blk file_7]","[receiving_28,allocate_4,receiving_28,receiving_28,none_22,writing_23,none_22,writing_23,none_22,writing_23,add_3,add_3,add_3,verification_25,transfer_13,transfer_13,serving_0,verification_25,verification_25,delete_24,delete_24,delete_24,deleting_34,deleting_34,deleting_34]","[none_40,none_4,none_40,none_40,none_31,none_32,none_31,none_32,none_31,none_32,updated_3,updated_3,updated_3,successful_35,exception_21,exception_21,none_0,successful_35,successful_35,invalid_34,invalid_34,invalid_34,none_46,none_46,none_46]"
892,"['7', '1', '1', '1', '3', '4', '3', '4', '3', '4', '2', '2', '2', '9', '8', '9', '10', '10', '10', '6', '6', '6', '5', '5', '5']","[NameSystem_2,block blk_6,block blk_6,block blk_6,blk_4,blk_4,blk_4,blk_4,blk_4,blk_4,NameSystem_2,NameSystem_2,NameSystem_2,blk_4,/_0,blk_4,blk_4,blk_4,blk_4,blk_4,blk_4,blk_4,block blk file_7,block blk file_7,block blk file_7]","[allocate_4,receiving_28,receiving_28,receiving_28,none_22,writing_23,none_22,writing_23,none_22,writing_23,add_3,add_3,add_3,transfer_13,serving_0,transfer_13,verification_25,verification_25,verification_25,delete_24,delete_24,delete_24,deleting_34,deleting_34,deleting_34]","[none_4,none_40,none_40,none_40,none_31,none_32,none_31,none_32,none_31,none_32,updated_3,updated_3,updated_3,exception_21,none_0,exception_21,successful_35,successful_35,successful_35,invalid_34,invalid_34,invalid_34,none_46,none_46,none_46]"
899,"['7', '1', '1', '1', '3', '4', '3', '4', '3', '4', '2', '2', '2', '10', '10', '10', '9', '8', '9', '6', '6', '6', '5', '5', '5']","[NameSystem_2,block blk_6,block blk_6,block blk_6,blk_4,blk_4,blk_4,blk_4,blk_4,blk_4,NameSystem_2,NameSystem_2,NameSystem_2,blk_4,blk_4,blk_4,blk_4,/_0,blk_4,blk_4,blk_4,blk_4,block blk file_7,block blk file_7,block blk file_7]","[allocate_4,receiving_28,receiving_28,receiving_28,none_22,writing_23,none_22,writing_23,none_22,writing_23,add_3,add_3,add_3,verification_25,verification_25,verification_25,transfer_13,serving_0,transfer_13,delete_24,delete_24,delete_24,deleting_34,deleting_34,deleting_34]","[none_4,none_40,none_40,none_40,none_31,none_32,none_31,none_32,none_31,none_32,updated_3,updated_3,updated_3,successful_35,successful_35,successful_35,exception_21,none_0,exception_21,invalid_34,invalid_34,invalid_34,none_46,none_46,none_46]"
900,"['1', '7', '1', '1', '3', '4', '3', '4', '3', '4', '2', '2', '2', '10', '10', '10', '9', '9', '8', '6', '6', '6', '5', '5', '5']","[block blk_6,NameSystem_2,block blk_6,block blk_6,blk_4,blk_4,blk_4,blk_4,blk_4,blk_4,NameSystem_2,NameSystem_2,NameSystem_2,blk_4,blk_4,blk_4,blk_4,blk_4,/_0,blk_4,blk_4,blk_4,block blk file_7,block blk file_7,block blk file_7]","[receiving_28,allocate_4,receiving_28,receiving_28,none_22,writing_23,none_22,writing_23,none_22,writing_23,add_3,add_3,add_3,verification_25,verification_25,verification_25,transfer_13,transfer_13,serving_0,delete_24,delete_24,delete_24,deleting_34,deleting_34,deleting_34]","[none_40,none_4,none_40,none_40,none_31,none_32,none_31,none_32,none_31,none_32,updated_3,updated_3,updated_3,successful_35,successful_35,successful_35,exception_21,exception_21,none_0,invalid_34,invalid_34,invalid_34,none_46,none_46,none_46]"
905,"['1', '1', '7', '1', '3', '4', '3', '4', '3', '4', '2', '2', '2', '10', '10', '9', '8', '9', '10', '6', '6', '6', '5', '5', '5']","[block blk_6,block blk_6,NameSystem_2,block blk_6,blk_4,blk_4,blk_4,blk_4,blk_4,blk_4,NameSystem_2,NameSystem_2,NameSystem_2,blk_4,blk_4,blk_4,/_0,blk_4,blk_4,blk_4,blk_4,blk_4,block blk file_7,block blk file_7,block blk file_7]","[receiving_28,receiving_28,allocate_4,receiving_28,none_22,writing_23,none_22,writing_23,none_22,writing_23,add_3,add_3,add_3,verification_25,verification_25,transfer_13,serving_0,transfer_13,verification_25,delete_24,delete_24,delete_24,deleting_34,deleting_34,deleting_34]","[none_40,none_40,none_4,none_40,none_31,none_32,none_31,none_32,none_31,none_32,updated_3,updated_3,updated_3,successful_35,successful_35,exception_21,none_0,exception_21,successful_35,invalid_34,invalid_34,invalid_34,none_46,none_46,none_46]"
907,"['1', '1', '7', '1', '3', '4', '3', '4', '3', '4', '2', '2', '2', '10', '10', '9', '9', '8', '10', '6', '6', '6', '5', '5', '5']","[block blk_6,block blk_6,NameSystem_2,block blk_6,blk_4,blk_4,blk_4,blk_4,blk_4,blk_4,NameSystem_2,NameSystem_2,NameSystem_2,blk_4,blk_4,blk_4,blk_4,/_0,blk_4,blk_4,blk_4,blk_4,block blk file_7,block blk file_7,block blk file_7]","[receiving_28,receiving_28,allocate_4,receiving_28,none_22,writing_23,none_22,writing_23,none_22,writing_23,add_3,add_3,add_3,verification_25,verification_25,transfer_13,transfer_13,serving_0,verification_25,delete_24,delete_24,delete_24,deleting_34,deleting_34,deleting_34]","[none_40,none_40,none_4,none_40,none_31,none_32,none_31,none_32,none_31,none_32,updated_3,updated_3,updated_3,successful_35,successful_35,exception_21,exception_21,none_0,successful_35,invalid_34,invalid_34,invalid_34,none_46,none_46,none_46]"
911,"['1', '7', '1', '1', '4', '2', '3', '3', '4', '3', '4', '2', '2', '10', '9', '9', '8', '10', '10', '6', '6', '6', '5', '5', '5']","[block blk_6,NameSystem_2,block blk_6,block blk_6,blk_4,NameSystem_2,blk_4,blk_4,blk_4,blk_4,blk_4,NameSystem_2,NameSystem_2,blk_4,blk_4,blk_4,/_0,blk_4,blk_4,blk_4,blk_4,blk_4,block blk file_7,block blk file_7,block blk file_7]","[receiving_28,allocate_4,receiving_28,receiving_28,writing_23,add_3,none_22,none_22,writing_23,none_22,writing_23,add_3,add_3,verification_25,transfer_13,transfer_13,serving_0,verification_25,verification_25,delete_24,delete_24,delete_24,deleting_34,deleting_34,deleting_34]","[none_40,none_4,none_40,none_40,none_32,updated_3,none_31,none_31,none_32,none_31,none_32,updated_3,updated_3,successful_35,exception_21,exception_21,none_0,successful_35,successful_35,invalid_34,invalid_34,invalid_34,none_46,none_46,none_46]"
919,"['1', '7', '1', '1', '3', '4', '3', '4', '3', '4', '2', '2', '2', '10', '10', '10', '9', '9', '8', '6', '6', '6', '5', '5', '5']","[block blk_6,NameSystem_2,block blk_6,block blk_6,blk_4,blk_4,blk_4,blk_4,blk_4,blk_4,NameSystem_2,NameSystem_2,NameSystem_2,blk_4,blk_4,blk_4,blk_4,blk_4,/_0,blk_4,blk_4,blk_4,block blk file_7,block blk file_7,block blk file_7]","[receiving_28,allocate_4,receiving_28,receiving_28,none_22,writing_23,none_22,writing_23,none_22,writing_23,add_3,add_3,add_3,verification_25,verification_25,verification_25,transfer_13,transfer_13,serving_0,delete_24,delete_24,delete_24,deleting_34,deleting_34,deleting_34]","[none_40,none_4,none_40,none_40,none_31,none_32,none_31,none_32,none_31,none_32,updated_3,updated_3,updated_3,successful_35,successful_35,successful_35,exception_21,exception_21,none_0,invalid_34,invalid_34,invalid_34,none_46,none_46,none_46]"
931,"['1', '1', '1', '7', '3', '4', '3', '4', '3', '4', '2', '2', '2', '10', '9', '8', '9', '10', '10', '6', '6', '6', '5', '5', '5']","[block blk_6,block blk_6,block blk_6,NameSystem_2,blk_4,blk_4,blk_4,blk_4,blk_4,blk_4,NameSystem_2,NameSystem_2,NameSystem_2,blk_4,blk_4,/_0,blk_4,blk_4,blk_4,blk_4,blk_4,blk_4,block blk file_7,block blk file_7,block blk file_7]","[receiving_28,receiving_28,receiving_28,allocate_4,none_22,writing_23,none_22,writing_23,none_22,writing_23,add_3,add_3,add_3,verification_25,transfer_13,serving_0,transfer_13,verification_25,verification_25,delete_24,delete_24,delete_24,deleting_34,deleting_34,deleting_34]","[none_40,none_40,none_40,none_4,none_31,none_32,none_31,none_32,none_31,none_32,updated_3,updated_3,updated_3,successful_35,exception_21,none_0,exception_21,successful_35,successful_35,invalid_34,invalid_34,invalid_34,none_46,none_46,none_46]"
961,"['1', '7', '1', '1', '3', '4', '3', '4', '3', '4', '2', '2', '2', '10', '10', '9', '8', '9', '10', '6', '6', '6', '5', '5', '5']","[block blk_6,NameSystem_2,block blk_6,block blk_6,blk_4,blk_4,blk_4,blk_4,blk_4,blk_4,NameSystem_2,NameSystem_2,NameSystem_2,blk_4,blk_4,blk_4,/_0,blk_4,blk_4,blk_4,blk_4,blk_4,block blk file_7,block blk file_7,block blk file_7]","[receiving_28,allocate_4,receiving_28,receiving_28,none_22,writing_23,none_22,writing_23,none_22,writing_23,add_3,add_3,add_3,verification_25,verification_25,transfer_13,serving_0,transfer_13,verification_25,delete_24,delete_24,delete_24,deleting_34,deleting_34,deleting_34]","[none_40,none_4,none_40,none_40,none_31,none_32,none_31,none_32,none_31,none_32,updated_3,updated_3,updated_3,successful_35,successful_35,exception_21,none_0,exception_21,successful_35,invalid_34,invalid_34,invalid_34,none_46,none_46,none_46]"
967,"['1', '1', '1', '7', '3', '4', '3', '4', '3', '4', '2', '2', '2', '10', '10', '9', '8', '9', '10', '6', '6', '6', '5', '5', '5']","[block blk_6,block blk_6,block blk_6,NameSystem_2,blk_4,blk_4,blk_4,blk_4,blk_4,blk_4,NameSystem_2,NameSystem_2,NameSystem_2,blk_4,blk_4,blk_4,/_0,blk_4,blk_4,blk_4,blk_4,blk_4,block blk file_7,block blk file_7,block blk file_7]","[receiving_28,receiving_28,receiving_28,allocate_4,none_22,writing_23,none_22,writing_23,none_22,writing_23,add_3,add_3,add_3,verification_25,verification_25,transfer_13,serving_0,transfer_13,verification_25,delete_24,delete_24,delete_24,deleting_34,deleting_34,deleting_34]","[none_40,none_40,none_40,none_4,none_31,none_32,none_31,none_32,none_31,none_32,updated_3,updated_3,updated_3,successful_35,successful_35,exception_21,none_0,exception_21,successful_35,invalid_34,invalid_34,invalid_34,none_46,none_46,none_46]"
1004,"['1', '1', '7', '1', '3', '4', '3', '4', '3', '4', '2', '2', '2', '10', '10', '9', '8', '9', '10', '6', '6', '6', '5', '5', '15', '5']","[block blk_6,block blk_6,NameSystem_2,block blk_6,blk_4,blk_4,blk_4,blk_4,blk_4,blk_4,NameSystem_2,NameSystem_2,NameSystem_2,blk_4,blk_4,blk_4,/_0,blk_4,blk_4,blk_4,blk_4,blk_4,block blk file_7,block blk file_7,block blk_6,block blk file_7]","[receiving_28,receiving_28,allocate_4,receiving_28,none_22,writing_23,none_22,writing_23,none_22,writing_23,add_3,add_3,add_3,verification_25,verification_25,transfer_13,serving_0,transfer_13,verification_25,delete_24,delete_24,delete_24,deleting_34,deleting_34,deleting_30,deleting_34]","[none_40,none_40,none_4,none_40,none_31,none_32,none_31,none_32,none_31,none_32,updated_3,updated_3,updated_3,successful_35,successful_35,exception_21,none_0,exception_21,successful_35,invalid_34,invalid_34,invalid_34,none_46,none_46,error_42,none_46]"
1020,"['1', '1', '1', '7', '3', '4', '3', '4', '3', '4', '2', '2', '2', '10', '10', '9', '8', '9', '10', '6', '6', '6', '5', '5', '5']","[block blk_6,block blk_6,block blk_6,NameSystem_2,blk_4,blk_4,blk_4,blk_4,blk_4,blk_4,NameSystem_2,NameSystem_2,NameSystem_2,blk_4,blk_4,blk_4,/_0,blk_4,blk_4,blk_4,blk_4,blk_4,block blk file_7,block blk file_7,block blk file_7]","[receiving_28,receiving_28,receiving_28,allocate_4,none_22,writing_23,none_22,writing_23,none_22,writing_23,add_3,add_3,add_3,verification_25,verification_25,transfer_13,serving_0,transfer_13,verification_25,delete_24,delete_24,delete_24,deleting_34,deleting_34,deleting_34]","[none_40,none_40,none_40,none_4,none_31,none_32,none_31,none_32,none_31,none_32,updated_3,updated_3,updated_3,successful_35,successful_35,exception_21,none_0,exception_21,successful_35,invalid_34,invalid_34,invalid_34,none_46,none_46,none_46]"
1022,"['1', '1', '1', '7', '3', '4', '3', '4', '3', '4', '2', '2', '2', '9', '9', '8', '10', '10', '10', '6', '6', '6', '5', '5', '5']","[block blk_6,block blk_6,block blk_6,NameSystem_2,blk_4,blk_4,blk_4,blk_4,blk_4,blk_4,NameSystem_2,NameSystem_2,NameSystem_2,blk_4,blk_4,/_0,blk_4,blk_4,blk_4,blk_4,blk_4,blk_4,block blk file_7,block blk file_7,block blk file_7]","[receiving_28,receiving_28,receiving_28,allocate_4,none_22,writing_23,none_22,writing_23,none_22,writing_23,add_3,add_3,add_3,transfer_13,transfer_13,serving_0,verification_25,verification_25,verification_25,delete_24,delete_24,delete_24,deleting_34,deleting_34,deleting_34]","[none_40,none_40,none_40,none_4,none_31,none_32,none_31,none_32,none_31,none_32,updated_3,updated_3,updated_3,exception_21,exception_21,none_0,successful_35,successful_35,successful_35,invalid_34,invalid_34,invalid_34,none_46,none_46,none_46]"
1036,"['1', '7', '1', '1', '3', '4', '3', '3', '4', '4', '2', '2', '2', '10', '10', '10', '9', '9', '8', '6', '6', '6', '5', '5', '5']","[block blk_6,NameSystem_2,block blk_6,block blk_6,blk_4,blk_4,blk_4,blk_4,blk_4,blk_4,NameSystem_2,NameSystem_2,NameSystem_2,blk_4,blk_4,blk_4,blk_4,blk_4,/_0,blk_4,blk_4,blk_4,block blk file_7,block blk file_7,block blk file_7]","[receiving_28,allocate_4,receiving_28,receiving_28,none_22,writing_23,none_22,none_22,writing_23,writing_23,add_3,add_3,add_3,verification_25,verification_25,verification_25,transfer_13,transfer_13,serving_0,delete_24,delete_24,delete_24,deleting_34,deleting_34,deleting_34]","[none_40,none_4,none_40,none_40,none_31,none_32,none_31,none_31,none_32,none_32,updated_3,updated_3,updated_3,successful_35,successful_35,successful_35,exception_21,exception_21,none_0,invalid_34,invalid_34,invalid_34,none_46,none_46,none_46]"
1037,"['1', '1', '1', '7', '3', '4', '3', '3', '4', '4', '2', '2', '2', '10', '9', '9', '8', '10', '10', '6', '6', '6', '5', '5', '5']","[block blk_6,block blk_6,block blk_6,NameSystem_2,blk_4,blk_4,blk_4,blk_4,blk_4,blk_4,NameSystem_2,NameSystem_2,NameSystem_2,blk_4,blk_4,blk_4,/_0,blk_4,blk_4,blk_4,blk_4,blk_4,block blk file_7,block blk file_7,block blk file_7]","[receiving_28,receiving_28,receiving_28,allocate_4,none_22,writing_23,none_22,none_22,writing_23,writing_23,add_3,add_3,add_3,verification_25,transfer_13,transfer_13,serving_0,verification_25,verification_25,delete_24,delete_24,delete_24,deleting_34,deleting_34,deleting_34]","[none_40,none_40,none_40,none_4,none_31,none_32,none_31,none_31,none_32,none_32,updated_3,updated_3,updated_3,successful_35,exception_21,exception_21,none_0,successful_35,successful_35,invalid_34,invalid_34,invalid_34,none_46,none_46,none_46]"
1043,"['1', '7', '1', '1', '3', '4', '3', '4', '3', '4', '2', '2', '2', '9', '8', '9', '10', '10', '10', '6', '6', '6', '5', '5', '5']","[block blk_6,NameSystem_2,block blk_6,block blk_6,blk_4,blk_4,blk_4,blk_4,blk_4,blk_4,NameSystem_2,NameSystem_2,NameSystem_2,blk_4,/_0,blk_4,blk_4,blk_4,blk_4,blk_4,blk_4,blk_4,block blk file_7,block blk file_7,block blk file_7]","[receiving_28,allocate_4,receiving_28,receiving_28,none_22,writing_23,none_22,writing_23,none_22,writing_23,add_3,add_3,add_3,transfer_13,serving_0,transfer_13,verification_25,verification_25,verification_25,delete_24,delete_24,delete_24,deleting_34,deleting_34,deleting_34]","[none_40,none_4,none_40,none_40,none_31,none_32,none_31,none_32,none_31,none_32,updated_3,updated_3,updated_3,exception_21,none_0,exception_21,successful_35,successful_35,successful_35,invalid_34,invalid_34,invalid_34,none_46,none_46,none_46]"
1091,"['1', '7', '1', '1', '3', '4', '3', '4', '3', '4', '2', '2', '2', '10', '10', '9', '9', '8', '10', '6', '6', '6', '5', '5', '5']","[block blk_6,NameSystem_2,block blk_6,block blk_6,blk_4,blk_4,blk_4,blk_4,blk_4,blk_4,NameSystem_2,NameSystem_2,NameSystem_2,blk_4,blk_4,blk_4,blk_4,/_0,blk_4,blk_4,blk_4,blk_4,block blk file_7,block blk file_7,block blk file_7]","[receiving_28,allocate_4,receiving_28,receiving_28,none_22,writing_23,none_22,writing_23,none_22,writing_23,add_3,add_3,add_3,verification_25,verification_25,transfer_13,transfer_13,serving_0,verification_25,delete_24,delete_24,delete_24,deleting_34,deleting_34,deleting_34]","[none_40,none_4,none_40,none_40,none_31,none_32,none_31,none_32,none_31,none_32,updated_3,updated_3,updated_3,successful_35,successful_35,exception_21,exception_21,none_0,successful_35,invalid_34,invalid_34,invalid_34,none_46,none_46,none_46]"
1112,"['1', '1', '1', '7', '3', '4', '3', '4', '3', '4', '2', '2', '2', '10', '10', '9', '8', '9', '10', '6', '6', '6', '5', '5', '5']","[block blk_6,block blk_6,block blk_6,NameSystem_2,blk_4,blk_4,blk_4,blk_4,blk_4,blk_4,NameSystem_2,NameSystem_2,NameSystem_2,blk_4,blk_4,blk_4,/_0,blk_4,blk_4,blk_4,blk_4,blk_4,block blk file_7,block blk file_7,block blk file_7]","[receiving_28,receiving_28,receiving_28,allocate_4,none_22,writing_23,none_22,writing_23,none_22,writing_23,add_3,add_3,add_3,verification_25,verification_25,transfer_13,serving_0,transfer_13,verification_25,delete_24,delete_24,delete_24,deleting_34,deleting_34,deleting_34]","[none_40,none_40,none_40,none_4,none_31,none_32,none_31,none_32,none_31,none_32,updated_3,updated_3,updated_3,successful_35,successful_35,exception_21,none_0,exception_21,successful_35,invalid_34,invalid_34,invalid_34,none_46,none_46,none_46]"
1122,"['1', '7', '1', '1', '3', '4', '3', '4', '3', '4', '2', '2', '2', '9', '9', '8', '10', '10', '10', '6', '6', '6', '5', '5', '5']","[block blk_6,NameSystem_2,block blk_6,block blk_6,blk_4,blk_4,blk_4,blk_4,blk_4,blk_4,NameSystem_2,NameSystem_2,NameSystem_2,blk_4,blk_4,/_0,blk_4,blk_4,blk_4,blk_4,blk_4,blk_4,block blk file_7,block blk file_7,block blk file_7]","[receiving_28,allocate_4,receiving_28,receiving_28,none_22,writing_23,none_22,writing_23,none_22,writing_23,add_3,add_3,add_3,transfer_13,transfer_13,serving_0,verification_25,verification_25,verification_25,delete_24,delete_24,delete_24,deleting_34,deleting_34,deleting_34]","[none_40,none_4,none_40,none_40,none_31,none_32,none_31,none_32,none_31,none_32,updated_3,updated_3,updated_3,exception_21,exception_21,none_0,successful_35,successful_35,successful_35,invalid_34,invalid_34,invalid_34,none_46,none_46,none_46]"
1140,"['1', '1', '7', '1', '3', '4', '3', '4', '3', '4', '2', '2', '2', '10', '10', '10', '9', '8', '9', '6', '6', '6', '5', '5', '5']","[block blk_6,block blk_6,NameSystem_2,block blk_6,blk_4,blk_4,blk_4,blk_4,blk_4,blk_4,NameSystem_2,NameSystem_2,NameSystem_2,blk_4,blk_4,blk_4,blk_4,/_0,blk_4,blk_4,blk_4,blk_4,block blk file_7,block blk file_7,block blk file_7]","[receiving_28,receiving_28,allocate_4,receiving_28,none_22,writing_23,none_22,writing_23,none_22,writing_23,add_3,add_3,add_3,verification_25,verification_25,verification_25,transfer_13,serving_0,transfer_13,delete_24,delete_24,delete_24,deleting_34,deleting_34,deleting_34]","[none_40,none_40,none_4,none_40,none_31,none_32,none_31,none_32,none_31,none_32,updated_3,updated_3,updated_3,successful_35,successful_35,successful_35,exception_21,none_0,exception_21,invalid_34,invalid_34,invalid_34,none_46,none_46,none_46]"
1159,"['1', '7', '1', '1', '3', '4', '3', '4', '3', '4', '2', '2', '2', '10', '10', '9', '8', '9', '10', '6', '6', '6', '5', '5', '5']","[block blk_6,NameSystem_2,block blk_6,block blk_6,blk_4,blk_4,blk_4,blk_4,blk_4,blk_4,NameSystem_2,NameSystem_2,NameSystem_2,blk_4,blk_4,blk_4,/_0,blk_4,blk_4,blk_4,blk_4,blk_4,block blk file_7,block blk file_7,block blk file_7]","[receiving_28,allocate_4,receiving_28,receiving_28,none_22,writing_23,none_22,writing_23,none_22,writing_23,add_3,add_3,add_3,verification_25,verification_25,transfer_13,serving_0,transfer_13,verification_25,delete_24,delete_24,delete_24,deleting_34,deleting_34,deleting_34]","[none_40,none_4,none_40,none_40,none_31,none_32,none_31,none_32,none_31,none_32,updated_3,updated_3,updated_3,successful_35,successful_35,exception_21,none_0,exception_21,successful_35,invalid_34,invalid_34,invalid_34,none_46,none_46,none_46]"
1160,"['1', '1', '7', '1', '3', '4', '3', '4', '3', '4', '2', '2', '2', '10', '10', '10', '9', '8', '9', '6', '6', '6', '5', '5', '5']","[block blk_6,block blk_6,NameSystem_2,block blk_6,blk_4,blk_4,blk_4,blk_4,blk_4,blk_4,NameSystem_2,NameSystem_2,NameSystem_2,blk_4,blk_4,blk_4,blk_4,/_0,blk_4,blk_4,blk_4,blk_4,block blk file_7,block blk file_7,block blk file_7]","[receiving_28,receiving_28,allocate_4,receiving_28,none_22,writing_23,none_22,writing_23,none_22,writing_23,add_3,add_3,add_3,verification_25,verification_25,verification_25,transfer_13,serving_0,transfer_13,delete_24,delete_24,delete_24,deleting_34,deleting_34,deleting_34]","[none_40,none_40,none_4,none_40,none_31,none_32,none_31,none_32,none_31,none_32,updated_3,updated_3,updated_3,successful_35,successful_35,successful_35,exception_21,none_0,exception_21,invalid_34,invalid_34,invalid_34,none_46,none_46,none_46]"
1170,"['1', '1', '7', '1', '3', '4', '3', '4', '3', '4', '2', '2', '2', '10', '10', '9', '9', '8', '10', '6', '6', '6', '5', '5', '5']","[block blk_6,block blk_6,NameSystem_2,block blk_6,blk_4,blk_4,blk_4,blk_4,blk_4,blk_4,NameSystem_2,NameSystem_2,NameSystem_2,blk_4,blk_4,blk_4,blk_4,/_0,blk_4,blk_4,blk_4,blk_4,block blk file_7,block blk file_7,block blk file_7]","[receiving_28,receiving_28,allocate_4,receiving_28,none_22,writing_23,none_22,writing_23,none_22,writing_23,add_3,add_3,add_3,verification_25,verification_25,transfer_13,transfer_13,serving_0,verification_25,delete_24,delete_24,delete_24,deleting_34,deleting_34,deleting_34]","[none_40,none_40,none_4,none_40,none_31,none_32,none_31,none_32,none_31,none_32,updated_3,updated_3,updated_3,successful_35,successful_35,exception_21,exception_21,none_0,successful_35,invalid_34,invalid_34,invalid_34,none_46,none_46,none_46]"
1177,"['1', '1', '1', '7', '3', '4', '3', '4', '3', '4', '2', '2', '2', '10', '9', '8', '9', '10', '10', '6', '6', '6', '5', '5', '5']","[block blk_6,block blk_6,block blk_6,NameSystem_2,blk_4,blk_4,blk_4,blk_4,blk_4,blk_4,NameSystem_2,NameSystem_2,NameSystem_2,blk_4,blk_4,/_0,blk_4,blk_4,blk_4,blk_4,blk_4,blk_4,block blk file_7,block blk file_7,block blk file_7]","[receiving_28,receiving_28,receiving_28,allocate_4,none_22,writing_23,none_22,writing_23,none_22,writing_23,add_3,add_3,add_3,verification_25,transfer_13,serving_0,transfer_13,verification_25,verification_25,delete_24,delete_24,delete_24,deleting_34,deleting_34,deleting_34]","[none_40,none_40,none_40,none_4,none_31,none_32,none_31,none_32,none_31,none_32,updated_3,updated_3,updated_3,successful_35,exception_21,none_0,exception_21,successful_35,successful_35,invalid_34,invalid_34,invalid_34,none_46,none_46,none_46]"
1185,"['1', '1', '7', '1', '3', '4', '3', '4', '2', '2', '3', '4', '2', '9', '9', '8', '10', '10', '10', '6', '6', '6', '5', '5', '5']","[block blk_6,block blk_6,NameSystem_2,block blk_6,blk_4,blk_4,blk_4,blk_4,NameSystem_2,NameSystem_2,blk_4,blk_4,NameSystem_2,blk_4,blk_4,/_0,blk_4,blk_4,blk_4,blk_4,blk_4,blk_4,block blk file_7,block blk file_7,block blk file_7]","[receiving_28,receiving_28,allocate_4,receiving_28,none_22,writing_23,none_22,writing_23,add_3,add_3,none_22,writing_23,add_3,transfer_13,transfer_13,serving_0,verification_25,verification_25,verification_25,delete_24,delete_24,delete_24,deleting_34,deleting_34,deleting_34]","[none_40,none_40,none_4,none_40,none_31,none_32,none_31,none_32,updated_3,updated_3,none_31,none_32,updated_3,exception_21,exception_21,none_0,successful_35,successful_35,successful_35,invalid_34,invalid_34,invalid_34,none_46,none_46,none_46]"
1212,"['1', '1', '1', '7', '3', '4', '3', '4', '3', '4', '2', '2', '2', '10', '10', '9', '8', '9', '10', '6', '6', '6', '5', '5', '5']","[block blk_6,block blk_6,block blk_6,NameSystem_2,blk_4,blk_4,blk_4,blk_4,blk_4,blk_4,NameSystem_2,NameSystem_2,NameSystem_2,blk_4,blk_4,blk_4,/_0,blk_4,blk_4,blk_4,blk_4,blk_4,block blk file_7,block blk file_7,block blk file_7]","[receiving_28,receiving_28,receiving_28,allocate_4,none_22,writing_23,none_22,writing_23,none_22,writing_23,add_3,add_3,add_3,verification_25,verification_25,transfer_13,serving_0,transfer_13,verification_25,delete_24,delete_24,delete_24,deleting_34,deleting_34,deleting_34]","[none_40,none_40,none_40,none_4,none_31,none_32,none_31,none_32,none_31,none_32,updated_3,updated_3,updated_3,successful_35,successful_35,exception_21,none_0,exception_21,successful_35,invalid_34,invalid_34,invalid_34,none_46,none_46,none_46]"
1218,"['1', '7', '1', '1', '3', '4', '3', '4', '3', '4', '2', '2', '2', '10', '9', '8', '9', '10', '10', '6', '6', '6', '5', '5', '5']","[block blk_6,NameSystem_2,block blk_6,block blk_6,blk_4,blk_4,blk_4,blk_4,blk_4,blk_4,NameSystem_2,NameSystem_2,NameSystem_2,blk_4,blk_4,/_0,blk_4,blk_4,blk_4,blk_4,blk_4,blk_4,block blk file_7,block blk file_7,block blk file_7]","[receiving_28,allocate_4,receiving_28,receiving_28,none_22,writing_23,none_22,writing_23,none_22,writing_23,add_3,add_3,add_3,verification_25,transfer_13,serving_0,transfer_13,verification_25,verification_25,delete_24,delete_24,delete_24,deleting_34,deleting_34,deleting_34]","[none_40,none_4,none_40,none_40,none_31,none_32,none_31,none_32,none_31,none_32,updated_3,updated_3,updated_3,successful_35,exception_21,none_0,exception_21,successful_35,successful_35,invalid_34,invalid_34,invalid_34,none_46,none_46,none_46]"
1227,"['1', '1', '7', '1', '3', '4', '3', '4', '2', '2', '3', '4', '2', '10', '10', '9', '9', '8', '10', '6', '6', '6', '5', '5', '5']","[block blk_6,block blk_6,NameSystem_2,block blk_6,blk_4,blk_4,blk_4,blk_4,NameSystem_2,NameSystem_2,blk_4,blk_4,NameSystem_2,blk_4,blk_4,blk_4,blk_4,/_0,blk_4,blk_4,blk_4,blk_4,block blk file_7,block blk file_7,block blk file_7]","[receiving_28,receiving_28,allocate_4,receiving_28,none_22,writing_23,none_22,writing_23,add_3,add_3,none_22,writing_23,add_3,verification_25,verification_25,transfer_13,transfer_13,serving_0,verification_25,delete_24,delete_24,delete_24,deleting_34,deleting_34,deleting_34]","[none_40,none_40,none_4,none_40,none_31,none_32,none_31,none_32,updated_3,updated_3,none_31,none_32,updated_3,successful_35,successful_35,exception_21,exception_21,none_0,successful_35,invalid_34,invalid_34,invalid_34,none_46,none_46,none_46]"
1261,"['1', '7', '1', '1', '3', '4', '3', '4', '3', '4', '2', '2', '2', '10', '10', '9', '8', '9', '10', '6', '6', '6', '5', '5', '5']","[block blk_6,NameSystem_2,block blk_6,block blk_6,blk_4,blk_4,blk_4,blk_4,blk_4,blk_4,NameSystem_2,NameSystem_2,NameSystem_2,blk_4,blk_4,blk_4,/_0,blk_4,blk_4,blk_4,blk_4,blk_4,block blk file_7,block blk file_7,block blk file_7]","[receiving_28,allocate_4,receiving_28,receiving_28,none_22,writing_23,none_22,writing_23,none_22,writing_23,add_3,add_3,add_3,verification_25,verification_25,transfer_13,serving_0,transfer_13,verification_25,delete_24,delete_24,delete_24,deleting_34,deleting_34,deleting_34]","[none_40,none_4,none_40,none_40,none_31,none_32,none_31,none_32,none_31,none_32,updated_3,updated_3,updated_3,successful_35,successful_35,exception_21,none_0,exception_21,successful_35,invalid_34,invalid_34,invalid_34,none_46,none_46,none_46]"
1264,"['1', '7', '1', '1', '3', '4', '3', '4', '3', '4', '2', '2', '2', '9', '9', '8', '10', '10', '10', '6', '6', '6', '5', '5', '5']","[block blk_6,NameSystem_2,block blk_6,block blk_6,blk_4,blk_4,blk_4,blk_4,blk_4,blk_4,NameSystem_2,NameSystem_2,NameSystem_2,blk_4,blk_4,/_0,blk_4,blk_4,blk_4,blk_4,blk_4,blk_4,block blk file_7,block blk file_7,block blk file_7]","[receiving_28,allocate_4,receiving_28,receiving_28,none_22,writing_23,none_22,writing_23,none_22,writing_23,add_3,add_3,add_3,transfer_13,transfer_13,serving_0,verification_25,verification_25,verification_25,delete_24,delete_24,delete_24,deleting_34,deleting_34,deleting_34]","[none_40,none_4,none_40,none_40,none_31,none_32,none_31,none_32,none_31,none_32,updated_3,updated_3,updated_3,exception_21,exception_21,none_0,successful_35,successful_35,successful_35,invalid_34,invalid_34,invalid_34,none_46,none_46,none_46]"
1267,"['7', '1', '1', '1', '3', '4', '3', '4', '2', '2', '3', '4', '2', '10', '10', '9', '8', '9', '10', '6', '6', '6', '5', '5', '5']","[NameSystem_2,block blk_6,block blk_6,block blk_6,blk_4,blk_4,blk_4,blk_4,NameSystem_2,NameSystem_2,blk_4,blk_4,NameSystem_2,blk_4,blk_4,blk_4,/_0,blk_4,blk_4,blk_4,blk_4,blk_4,block blk file_7,block blk file_7,block blk file_7]","[allocate_4,receiving_28,receiving_28,receiving_28,none_22,writing_23,none_22,writing_23,add_3,add_3,none_22,writing_23,add_3,verification_25,verification_25,transfer_13,serving_0,transfer_13,verification_25,delete_24,delete_24,delete_24,deleting_34,deleting_34,deleting_34]","[none_4,none_40,none_40,none_40,none_31,none_32,none_31,none_32,updated_3,updated_3,none_31,none_32,updated_3,successful_35,successful_35,exception_21,none_0,exception_21,successful_35,invalid_34,invalid_34,invalid_34,none_46,none_46,none_46]"
1273,"['1', '1', '1', '7', '3', '3', '4', '4', '3', '4', '2', '2', '2', '10', '9', '8', '9', '10', '10', '6', '6', '6', '5', '5', '5']","[block blk_6,block blk_6,block blk_6,NameSystem_2,blk_4,blk_4,blk_4,blk_4,blk_4,blk_4,NameSystem_2,NameSystem_2,NameSystem_2,blk_4,blk_4,/_0,blk_4,blk_4,blk_4,blk_4,blk_4,blk_4,block blk file_7,block blk file_7,block blk file_7]","[receiving_28,receiving_28,receiving_28,allocate_4,none_22,none_22,writing_23,writing_23,none_22,writing_23,add_3,add_3,add_3,verification_25,transfer_13,serving_0,transfer_13,verification_25,verification_25,delete_24,delete_24,delete_24,deleting_34,deleting_34,deleting_34]","[none_40,none_40,none_40,none_4,none_31,none_31,none_32,none_32,none_31,none_32,updated_3,updated_3,updated_3,successful_35,exception_21,none_0,exception_21,successful_35,successful_35,invalid_34,invalid_34,invalid_34,none_46,none_46,none_46]"
1281,"['1', '7', '1', '1', '3', '4', '3', '4', '3', '4', '2', '2', '2', '10', '9', '8', '9', '10', '10', '6', '6', '6', '5', '5', '5']","[block blk_6,NameSystem_2,block blk_6,block blk_6,blk_4,blk_4,blk_4,blk_4,blk_4,blk_4,NameSystem_2,NameSystem_2,NameSystem_2,blk_4,blk_4,/_0,blk_4,blk_4,blk_4,blk_4,blk_4,blk_4,block blk file_7,block blk file_7,block blk file_7]","[receiving_28,allocate_4,receiving_28,receiving_28,none_22,writing_23,none_22,writing_23,none_22,writing_23,add_3,add_3,add_3,verification_25,transfer_13,serving_0,transfer_13,verification_25,verification_25,delete_24,delete_24,delete_24,deleting_34,deleting_34,deleting_34]","[none_40,none_4,none_40,none_40,none_31,none_32,none_31,none_32,none_31,none_32,updated_3,updated_3,updated_3,successful_35,exception_21,none_0,exception_21,successful_35,successful_35,invalid_34,invalid_34,invalid_34,none_46,none_46,none_46]"
1284,"['1', '1', '1', '7', '3', '4', '3', '4', '3', '4', '2', '2', '2', '10', '10', '9', '8', '9', '10', '6', '6', '6', '5', '5', '5']","[block blk_6,block blk_6,block blk_6,NameSystem_2,blk_4,blk_4,blk_4,blk_4,blk_4,blk_4,NameSystem_2,NameSystem_2,NameSystem_2,blk_4,blk_4,blk_4,/_0,blk_4,blk_4,blk_4,blk_4,blk_4,block blk file_7,block blk file_7,block blk file_7]","[receiving_28,receiving_28,receiving_28,allocate_4,none_22,writing_23,none_22,writing_23,none_22,writing_23,add_3,add_3,add_3,verification_25,verification_25,transfer_13,serving_0,transfer_13,verification_25,delete_24,delete_24,delete_24,deleting_34,deleting_34,deleting_34]","[none_40,none_40,none_40,none_4,none_31,none_32,none_31,none_32,none_31,none_32,updated_3,updated_3,updated_3,successful_35,successful_35,exception_21,none_0,exception_21,successful_35,invalid_34,invalid_34,invalid_34,none_46,none_46,none_46]"
1309,"['1', '1', '1', '7', '3', '4', '3', '4', '3', '4', '2', '2', '2', '9', '8', '9', '10', '10', '10', '6', '6', '6', '5', '5', '5']","[block blk_6,block blk_6,block blk_6,NameSystem_2,blk_4,blk_4,blk_4,blk_4,blk_4,blk_4,NameSystem_2,NameSystem_2,NameSystem_2,blk_4,/_0,blk_4,blk_4,blk_4,blk_4,blk_4,blk_4,blk_4,block blk file_7,block blk file_7,block blk file_7]","[receiving_28,receiving_28,receiving_28,allocate_4,none_22,writing_23,none_22,writing_23,none_22,writing_23,add_3,add_3,add_3,transfer_13,serving_0,transfer_13,verification_25,verification_25,verification_25,delete_24,delete_24,delete_24,deleting_34,deleting_34,deleting_34]","[none_40,none_40,none_40,none_4,none_31,none_32,none_31,none_32,none_31,none_32,updated_3,updated_3,updated_3,exception_21,none_0,exception_21,successful_35,successful_35,successful_35,invalid_34,invalid_34,invalid_34,none_46,none_46,none_46]"
1312,"['1', '1', '1', '7', '3', '4', '3', '4', '3', '4', '2', '2', '2', '10', '9', '8', '9', '10', '10', '6', '6', '6', '5', '5', '5']","[block blk_6,block blk_6,block blk_6,NameSystem_2,blk_4,blk_4,blk_4,blk_4,blk_4,blk_4,NameSystem_2,NameSystem_2,NameSystem_2,blk_4,blk_4,/_0,blk_4,blk_4,blk_4,blk_4,blk_4,blk_4,block blk file_7,block blk file_7,block blk file_7]","[receiving_28,receiving_28,receiving_28,allocate_4,none_22,writing_23,none_22,writing_23,none_22,writing_23,add_3,add_3,add_3,verification_25,transfer_13,serving_0,transfer_13,verification_25,verification_25,delete_24,delete_24,delete_24,deleting_34,deleting_34,deleting_34]","[none_40,none_40,none_40,none_4,none_31,none_32,none_31,none_32,none_31,none_32,updated_3,updated_3,updated_3,successful_35,exception_21,none_0,exception_21,successful_35,successful_35,invalid_34,invalid_34,invalid_34,none_46,none_46,none_46]"
1322,"['1', '1', '1', '7', '3', '4', '3', '4', '3', '4', '2', '2', '2', '9', '9', '8', '10', '10', '10', '6', '6', '6', '5', '5', '5']","[block blk_6,block blk_6,block blk_6,NameSystem_2,blk_4,blk_4,blk_4,blk_4,blk_4,blk_4,NameSystem_2,NameSystem_2,NameSystem_2,blk_4,blk_4,/_0,blk_4,blk_4,blk_4,blk_4,blk_4,blk_4,block blk file_7,block blk file_7,block blk file_7]","[receiving_28,receiving_28,receiving_28,allocate_4,none_22,writing_23,none_22,writing_23,none_22,writing_23,add_3,add_3,add_3,transfer_13,transfer_13,serving_0,verification_25,verification_25,verification_25,delete_24,delete_24,delete_24,deleting_34,deleting_34,deleting_34]","[none_40,none_40,none_40,none_4,none_31,none_32,none_31,none_32,none_31,none_32,updated_3,updated_3,updated_3,exception_21,exception_21,none_0,successful_35,successful_35,successful_35,invalid_34,invalid_34,invalid_34,none_46,none_46,none_46]"
1334,"['1', '1', '7', '1', '3', '4', '2', '3', '4', '3', '4', '2', '2', '10', '9', '8', '9', '10', '10', '6', '6', '6', '5', '5', '5']","[block blk_6,block blk_6,NameSystem_2,block blk_6,blk_4,blk_4,NameSystem_2,blk_4,blk_4,blk_4,blk_4,NameSystem_2,NameSystem_2,blk_4,blk_4,/_0,blk_4,blk_4,blk_4,blk_4,blk_4,blk_4,block blk file_7,block blk file_7,block blk file_7]","[receiving_28,receiving_28,allocate_4,receiving_28,none_22,writing_23,add_3,none_22,writing_23,none_22,writing_23,add_3,add_3,verification_25,transfer_13,serving_0,transfer_13,verification_25,verification_25,delete_24,delete_24,delete_24,deleting_34,deleting_34,deleting_34]","[none_40,none_40,none_4,none_40,none_31,none_32,updated_3,none_31,none_32,none_31,none_32,updated_3,updated_3,successful_35,exception_21,none_0,exception_21,successful_35,successful_35,invalid_34,invalid_34,invalid_34,none_46,none_46,none_46]"
1356,"['1', '1', '7', '1', '3', '4', '3', '4', '3', '4', '2', '2', '2', '10', '9', '9', '8', '10', '10', '6', '6', '6', '5', '5', '5']","[block blk_6,block blk_6,NameSystem_2,block blk_6,blk_4,blk_4,blk_4,blk_4,blk_4,blk_4,NameSystem_2,NameSystem_2,NameSystem_2,blk_4,blk_4,blk_4,/_0,blk_4,blk_4,blk_4,blk_4,blk_4,block blk file_7,block blk file_7,block blk file_7]","[receiving_28,receiving_28,allocate_4,receiving_28,none_22,writing_23,none_22,writing_23,none_22,writing_23,add_3,add_3,add_3,verification_25,transfer_13,transfer_13,serving_0,verification_25,verification_25,delete_24,delete_24,delete_24,deleting_34,deleting_34,deleting_34]","[none_40,none_40,none_4,none_40,none_31,none_32,none_31,none_32,none_31,none_32,updated_3,updated_3,updated_3,successful_35,exception_21,exception_21,none_0,successful_35,successful_35,invalid_34,invalid_34,invalid_34,none_46,none_46,none_46]"
1367,"['1', '1', '7', '1', '3', '4', '3', '4', '3', '4', '2', '2', '2', '10', '9', '9', '8', '10', '10', '6', '6', '6', '5', '5', '5']","[block blk_6,block blk_6,NameSystem_2,block blk_6,blk_4,blk_4,blk_4,blk_4,blk_4,blk_4,NameSystem_2,NameSystem_2,NameSystem_2,blk_4,blk_4,blk_4,/_0,blk_4,blk_4,blk_4,blk_4,blk_4,block blk file_7,block blk file_7,block blk file_7]","[receiving_28,receiving_28,allocate_4,receiving_28,none_22,writing_23,none_22,writing_23,none_22,writing_23,add_3,add_3,add_3,verification_25,transfer_13,transfer_13,serving_0,verification_25,verification_25,delete_24,delete_24,delete_24,deleting_34,deleting_34,deleting_34]","[none_40,none_40,none_4,none_40,none_31,none_32,none_31,none_32,none_31,none_32,updated_3,updated_3,updated_3,successful_35,exception_21,exception_21,none_0,successful_35,successful_35,invalid_34,invalid_34,invalid_34,none_46,none_46,none_46]"
1373,"['1', '1', '1', '7', '3', '4', '3', '4', '3', '4', '2', '2', '2', '10', '10', '9', '9', '8', '10', '6', '6', '6', '5', '5', '5']","[block blk_6,block blk_6,block blk_6,NameSystem_2,blk_4,blk_4,blk_4,blk_4,blk_4,blk_4,NameSystem_2,NameSystem_2,NameSystem_2,blk_4,blk_4,blk_4,blk_4,/_0,blk_4,blk_4,blk_4,blk_4,block blk file_7,block blk file_7,block blk file_7]","[receiving_28,receiving_28,receiving_28,allocate_4,none_22,writing_23,none_22,writing_23,none_22,writing_23,add_3,add_3,add_3,verification_25,verification_25,transfer_13,transfer_13,serving_0,verification_25,delete_24,delete_24,delete_24,deleting_34,deleting_34,deleting_34]","[none_40,none_40,none_40,none_4,none_31,none_32,none_31,none_32,none_31,none_32,updated_3,updated_3,updated_3,successful_35,successful_35,exception_21,exception_21,none_0,successful_35,invalid_34,invalid_34,invalid_34,none_46,none_46,none_46]"
1387,"['1', '7', '1', '1', '3', '4', '3', '4', '2', '3', '4', '2', '2', '10', '9', '8', '9', '10', '10', '6', '6', '6', '5', '5', '5']","[block blk_6,NameSystem_2,block blk_6,block blk_6,blk_4,blk_4,blk_4,blk_4,NameSystem_2,blk_4,blk_4,NameSystem_2,NameSystem_2,blk_4,blk_4,/_0,blk_4,blk_4,blk_4,blk_4,blk_4,blk_4,block blk file_7,block blk file_7,block blk file_7]","[receiving_28,allocate_4,receiving_28,receiving_28,none_22,writing_23,none_22,writing_23,add_3,none_22,writing_23,add_3,add_3,verification_25,transfer_13,serving_0,transfer_13,verification_25,verification_25,delete_24,delete_24,delete_24,deleting_34,deleting_34,deleting_34]","[none_40,none_4,none_40,none_40,none_31,none_32,none_31,none_32,updated_3,none_31,none_32,updated_3,updated_3,successful_35,exception_21,none_0,exception_21,successful_35,successful_35,invalid_34,invalid_34,invalid_34,none_46,none_46,none_46]"
1388,"['1', '1', '1', '7', '3', '3', '4', '4', '3', '4', '2', '2', '2', '10', '9', '8', '9', '10', '10', '6', '6', '6', '5', '5', '5']","[block blk_6,block blk_6,block blk_6,NameSystem_2,blk_4,blk_4,blk_4,blk_4,blk_4,blk_4,NameSystem_2,NameSystem_2,NameSystem_2,blk_4,blk_4,/_0,blk_4,blk_4,blk_4,blk_4,blk_4,blk_4,block blk file_7,block blk file_7,block blk file_7]","[receiving_28,receiving_28,receiving_28,allocate_4,none_22,none_22,writing_23,writing_23,none_22,writing_23,add_3,add_3,add_3,verification_25,transfer_13,serving_0,transfer_13,verification_25,verification_25,delete_24,delete_24,delete_24,deleting_34,deleting_34,deleting_34]","[none_40,none_40,none_40,none_4,none_31,none_31,none_32,none_32,none_31,none_32,updated_3,updated_3,updated_3,successful_35,exception_21,none_0,exception_21,successful_35,successful_35,invalid_34,invalid_34,invalid_34,none_46,none_46,none_46]"
1389,"['1', '1', '7', '1', '3', '4', '3', '4', '3', '4', '2', '2', '2', '10', '9', '8', '9', '10', '10', '6', '6', '6', '5', '5', '5']","[block blk_6,block blk_6,NameSystem_2,block blk_6,blk_4,blk_4,blk_4,blk_4,blk_4,blk_4,NameSystem_2,NameSystem_2,NameSystem_2,blk_4,blk_4,/_0,blk_4,blk_4,blk_4,blk_4,blk_4,blk_4,block blk file_7,block blk file_7,block blk file_7]","[receiving_28,receiving_28,allocate_4,receiving_28,none_22,writing_23,none_22,writing_23,none_22,writing_23,add_3,add_3,add_3,verification_25,transfer_13,serving_0,transfer_13,verification_25,verification_25,delete_24,delete_24,delete_24,deleting_34,deleting_34,deleting_34]","[none_40,none_40,none_4,none_40,none_31,none_32,none_31,none_32,none_31,none_32,updated_3,updated_3,updated_3,successful_35,exception_21,none_0,exception_21,successful_35,successful_35,invalid_34,invalid_34,invalid_34,none_46,none_46,none_46]"
1393,"['1', '1', '7', '1', '3', '4', '3', '4', '3', '4', '2', '2', '2', '10', '9', '8', '9', '10', '10', '6', '6', '6', '5', '5', '5']","[block blk_6,block blk_6,NameSystem_2,block blk_6,blk_4,blk_4,blk_4,blk_4,blk_4,blk_4,NameSystem_2,NameSystem_2,NameSystem_2,blk_4,blk_4,/_0,blk_4,blk_4,blk_4,blk_4,blk_4,blk_4,block blk file_7,block blk file_7,block blk file_7]","[receiving_28,receiving_28,allocate_4,receiving_28,none_22,writing_23,none_22,writing_23,none_22,writing_23,add_3,add_3,add_3,verification_25,transfer_13,serving_0,transfer_13,verification_25,verification_25,delete_24,delete_24,delete_24,deleting_34,deleting_34,deleting_34]","[none_40,none_40,none_4,none_40,none_31,none_32,none_31,none_32,none_31,none_32,updated_3,updated_3,updated_3,successful_35,exception_21,none_0,exception_21,successful_35,successful_35,invalid_34,invalid_34,invalid_34,none_46,none_46,none_46]"
1411,"['1', '1', '1', '7', '3', '4', '3', '4', '3', '4', '2', '2', '2', '9', '9', '8', '10', '10', '10', '6', '6', '6', '5', '5', '5']","[block blk_6,block blk_6,block blk_6,NameSystem_2,blk_4,blk_4,blk_4,blk_4,blk_4,blk_4,NameSystem_2,NameSystem_2,NameSystem_2,blk_4,blk_4,/_0,blk_4,blk_4,blk_4,blk_4,blk_4,blk_4,block blk file_7,block blk file_7,block blk file_7]","[receiving_28,receiving_28,receiving_28,allocate_4,none_22,writing_23,none_22,writing_23,none_22,writing_23,add_3,add_3,add_3,transfer_13,transfer_13,serving_0,verification_25,verification_25,verification_25,delete_24,delete_24,delete_24,deleting_34,deleting_34,deleting_34]","[none_40,none_40,none_40,none_4,none_31,none_32,none_31,none_32,none_31,none_32,updated_3,updated_3,updated_3,exception_21,exception_21,none_0,successful_35,successful_35,successful_35,invalid_34,invalid_34,invalid_34,none_46,none_46,none_46]"
1413,"['1', '7', '1', '1', '3', '4', '3', '4', '2', '2', '3', '4', '2', '9', '8', '9', '10', '10', '10', '6', '6', '6', '5', '5', '5']","[block blk_6,NameSystem_2,block blk_6,block blk_6,blk_4,blk_4,blk_4,blk_4,NameSystem_2,NameSystem_2,blk_4,blk_4,NameSystem_2,blk_4,/_0,blk_4,blk_4,blk_4,blk_4,blk_4,blk_4,blk_4,block blk file_7,block blk file_7,block blk file_7]","[receiving_28,allocate_4,receiving_28,receiving_28,none_22,writing_23,none_22,writing_23,add_3,add_3,none_22,writing_23,add_3,transfer_13,serving_0,transfer_13,verification_25,verification_25,verification_25,delete_24,delete_24,delete_24,deleting_34,deleting_34,deleting_34]","[none_40,none_4,none_40,none_40,none_31,none_32,none_31,none_32,updated_3,updated_3,none_31,none_32,updated_3,exception_21,none_0,exception_21,successful_35,successful_35,successful_35,invalid_34,invalid_34,invalid_34,none_46,none_46,none_46]"
1423,"['1', '1', '7', '1', '3', '4', '3', '4', '3', '4', '2', '2', '2', '10', '10', '9', '8', '9', '10', '6', '6', '6', '5', '5', '5']","[block blk_6,block blk_6,NameSystem_2,block blk_6,blk_4,blk_4,blk_4,blk_4,blk_4,blk_4,NameSystem_2,NameSystem_2,NameSystem_2,blk_4,blk_4,blk_4,/_0,blk_4,blk_4,blk_4,blk_4,blk_4,block blk file_7,block blk file_7,block blk file_7]","[receiving_28,receiving_28,allocate_4,receiving_28,none_22,writing_23,none_22,writing_23,none_22,writing_23,add_3,add_3,add_3,verification_25,verification_25,transfer_13,serving_0,transfer_13,verification_25,delete_24,delete_24,delete_24,deleting_34,deleting_34,deleting_34]","[none_40,none_40,none_4,none_40,none_31,none_32,none_31,none_32,none_31,none_32,updated_3,updated_3,updated_3,successful_35,successful_35,exception_21,none_0,exception_21,successful_35,invalid_34,invalid_34,invalid_34,none_46,none_46,none_46]"
1462,"['1', '1', '7', '1', '3', '4', '3', '4', '3', '4', '2', '2', '2', '10', '9', '8', '9', '10', '10', '6', '6', '6', '5', '5', '5']","[block blk_6,block blk_6,NameSystem_2,block blk_6,blk_4,blk_4,blk_4,blk_4,blk_4,blk_4,NameSystem_2,NameSystem_2,NameSystem_2,blk_4,blk_4,/_0,blk_4,blk_4,blk_4,blk_4,blk_4,blk_4,block blk file_7,block blk file_7,block blk file_7]","[receiving_28,receiving_28,allocate_4,receiving_28,none_22,writing_23,none_22,writing_23,none_22,writing_23,add_3,add_3,add_3,verification_25,transfer_13,serving_0,transfer_13,verification_25,verification_25,delete_24,delete_24,delete_24,deleting_34,deleting_34,deleting_34]","[none_40,none_40,none_4,none_40,none_31,none_32,none_31,none_32,none_31,none_32,updated_3,updated_3,updated_3,successful_35,exception_21,none_0,exception_21,successful_35,successful_35,invalid_34,invalid_34,invalid_34,none_46,none_46,none_46]"
1466,"['1', '1', '1', '7', '3', '4', '3', '4', '3', '4', '2', '2', '2', '9', '8', '9', '10', '10', '10', '6', '6', '6', '5', '5', '5']","[block blk_6,block blk_6,block blk_6,NameSystem_2,blk_4,blk_4,blk_4,blk_4,blk_4,blk_4,NameSystem_2,NameSystem_2,NameSystem_2,blk_4,/_0,blk_4,blk_4,blk_4,blk_4,blk_4,blk_4,blk_4,block blk file_7,block blk file_7,block blk file_7]","[receiving_28,receiving_28,receiving_28,allocate_4,none_22,writing_23,none_22,writing_23,none_22,writing_23,add_3,add_3,add_3,transfer_13,serving_0,transfer_13,verification_25,verification_25,verification_25,delete_24,delete_24,delete_24,deleting_34,deleting_34,deleting_34]","[none_40,none_40,none_40,none_4,none_31,none_32,none_31,none_32,none_31,none_32,updated_3,updated_3,updated_3,exception_21,none_0,exception_21,successful_35,successful_35,successful_35,invalid_34,invalid_34,invalid_34,none_46,none_46,none_46]"
1471,"['1', '1', '7', '1', '3', '4', '3', '4', '3', '4', '2', '2', '2', '10', '10', '9', '8', '9', '10', '6', '6', '6', '5', '5', '5']","[block blk_6,block blk_6,NameSystem_2,block blk_6,blk_4,blk_4,blk_4,blk_4,blk_4,blk_4,NameSystem_2,NameSystem_2,NameSystem_2,blk_4,blk_4,blk_4,/_0,blk_4,blk_4,blk_4,blk_4,blk_4,block blk file_7,block blk file_7,block blk file_7]","[receiving_28,receiving_28,allocate_4,receiving_28,none_22,writing_23,none_22,writing_23,none_22,writing_23,add_3,add_3,add_3,verification_25,verification_25,transfer_13,serving_0,transfer_13,verification_25,delete_24,delete_24,delete_24,deleting_34,deleting_34,deleting_34]","[none_40,none_40,none_4,none_40,none_31,none_32,none_31,none_32,none_31,none_32,updated_3,updated_3,updated_3,successful_35,successful_35,exception_21,none_0,exception_21,successful_35,invalid_34,invalid_34,invalid_34,none_46,none_46,none_46]"
1505,"['1', '7', '1', '1', '3', '4', '3', '4', '3', '4', '2', '2', '2', '10', '10', '9', '10', '8', '9', '6', '6', '6', '5', '5', '5']","[block blk_6,NameSystem_2,block blk_6,block blk_6,blk_4,blk_4,blk_4,blk_4,blk_4,blk_4,NameSystem_2,NameSystem_2,NameSystem_2,blk_4,blk_4,blk_4,blk_4,/_0,blk_4,blk_4,blk_4,blk_4,block blk file_7,block blk file_7,block blk file_7]","[receiving_28,allocate_4,receiving_28,receiving_28,none_22,writing_23,none_22,writing_23,none_22,writing_23,add_3,add_3,add_3,verification_25,verification_25,transfer_13,verification_25,serving_0,transfer_13,delete_24,delete_24,delete_24,deleting_34,deleting_34,deleting_34]","[none_40,none_4,none_40,none_40,none_31,none_32,none_31,none_32,none_31,none_32,updated_3,updated_3,updated_3,successful_35,successful_35,exception_21,successful_35,none_0,exception_21,invalid_34,invalid_34,invalid_34,none_46,none_46,none_46]"
1508,"['1', '1', '1', '7', '3', '4', '3', '4', '2', '2', '3', '4', '2', '10', '9', '8', '9', '10', '10', '6', '6', '6', '5', '5', '5']","[block blk_6,block blk_6,block blk_6,NameSystem_2,blk_4,blk_4,blk_4,blk_4,NameSystem_2,NameSystem_2,blk_4,blk_4,NameSystem_2,blk_4,blk_4,/_0,blk_4,blk_4,blk_4,blk_4,blk_4,blk_4,block blk file_7,block blk file_7,block blk file_7]","[receiving_28,receiving_28,receiving_28,allocate_4,none_22,writing_23,none_22,writing_23,add_3,add_3,none_22,writing_23,add_3,verification_25,transfer_13,serving_0,transfer_13,verification_25,verification_25,delete_24,delete_24,delete_24,deleting_34,deleting_34,deleting_34]","[none_40,none_40,none_40,none_4,none_31,none_32,none_31,none_32,updated_3,updated_3,none_31,none_32,updated_3,successful_35,exception_21,none_0,exception_21,successful_35,successful_35,invalid_34,invalid_34,invalid_34,none_46,none_46,none_46]"
1519,"['1', '1', '7', '1', '3', '4', '2', '3', '4', '3', '4', '2', '2', '10', '9', '8', '9', '10', '6', '6', '6', '5', '5', '5']","[block blk_6,block blk_6,NameSystem_2,block blk_6,blk_4,blk_4,NameSystem_2,blk_4,blk_4,blk_4,blk_4,NameSystem_2,NameSystem_2,blk_4,blk_4,/_0,blk_4,blk_4,blk_4,blk_4,blk_4,block blk file_7,block blk file_7,block blk file_7]","[receiving_28,receiving_28,allocate_4,receiving_28,none_22,writing_23,add_3,none_22,writing_23,none_22,writing_23,add_3,add_3,verification_25,transfer_13,serving_0,transfer_13,verification_25,delete_24,delete_24,delete_24,deleting_34,deleting_34,deleting_34]","[none_40,none_40,none_4,none_40,none_31,none_32,updated_3,none_31,none_32,none_31,none_32,updated_3,updated_3,successful_35,exception_21,none_0,exception_21,successful_35,invalid_34,invalid_34,invalid_34,none_46,none_46,none_46]"
1520,"['1', '7', '1', '1', '3', '4', '3', '4', '3', '4', '2', '2', '2', '10', '9', '9', '8', '10', '10', '6', '6', '6', '5', '5', '5']","[block blk_6,NameSystem_2,block blk_6,block blk_6,blk_4,blk_4,blk_4,blk_4,blk_4,blk_4,NameSystem_2,NameSystem_2,NameSystem_2,blk_4,blk_4,blk_4,/_0,blk_4,blk_4,blk_4,blk_4,blk_4,block blk file_7,block blk file_7,block blk file_7]","[receiving_28,allocate_4,receiving_28,receiving_28,none_22,writing_23,none_22,writing_23,none_22,writing_23,add_3,add_3,add_3,verification_25,transfer_13,transfer_13,serving_0,verification_25,verification_25,delete_24,delete_24,delete_24,deleting_34,deleting_34,deleting_34]","[none_40,none_4,none_40,none_40,none_31,none_32,none_31,none_32,none_31,none_32,updated_3,updated_3,updated_3,successful_35,exception_21,exception_21,none_0,successful_35,successful_35,invalid_34,invalid_34,invalid_34,none_46,none_46,none_46]"
1526,"['1', '1', '7', '1', '3', '3', '4', '4', '3', '4', '2', '2', '2', '10', '10', '10', '9', '8', '9', '6', '6', '6', '5', '5', '5']","[block blk_6,block blk_6,NameSystem_2,block blk_6,blk_4,blk_4,blk_4,blk_4,blk_4,blk_4,NameSystem_2,NameSystem_2,NameSystem_2,blk_4,blk_4,blk_4,blk_4,/_0,blk_4,blk_4,blk_4,blk_4,block blk file_7,block blk file_7,block blk file_7]","[receiving_28,receiving_28,allocate_4,receiving_28,none_22,none_22,writing_23,writing_23,none_22,writing_23,add_3,add_3,add_3,verification_25,verification_25,verification_25,transfer_13,serving_0,transfer_13,delete_24,delete_24,delete_24,deleting_34,deleting_34,deleting_34]","[none_40,none_40,none_4,none_40,none_31,none_31,none_32,none_32,none_31,none_32,updated_3,updated_3,updated_3,successful_35,successful_35,successful_35,exception_21,none_0,exception_21,invalid_34,invalid_34,invalid_34,none_46,none_46,none_46]"
1534,"['1', '1', '7', '1', '3', '4', '3', '4', '3', '4', '2', '2', '2', '10', '9', '8', '9', '10', '10', '6', '6', '6', '5', '5', '5']","[block blk_6,block blk_6,NameSystem_2,block blk_6,blk_4,blk_4,blk_4,blk_4,blk_4,blk_4,NameSystem_2,NameSystem_2,NameSystem_2,blk_4,blk_4,/_0,blk_4,blk_4,blk_4,blk_4,blk_4,blk_4,block blk file_7,block blk file_7,block blk file_7]","[receiving_28,receiving_28,allocate_4,receiving_28,none_22,writing_23,none_22,writing_23,none_22,writing_23,add_3,add_3,add_3,verification_25,transfer_13,serving_0,transfer_13,verification_25,verification_25,delete_24,delete_24,delete_24,deleting_34,deleting_34,deleting_34]","[none_40,none_40,none_4,none_40,none_31,none_32,none_31,none_32,none_31,none_32,updated_3,updated_3,updated_3,successful_35,exception_21,none_0,exception_21,successful_35,successful_35,invalid_34,invalid_34,invalid_34,none_46,none_46,none_46]"
1541,"['1', '7', '1', '1', '3', '4', '3', '4', '3', '4', '2', '2', '2', '10', '10', '9', '8', '9', '10', '6', '6', '6', '5', '5', '5']","[block blk_6,NameSystem_2,block blk_6,block blk_6,blk_4,blk_4,blk_4,blk_4,blk_4,blk_4,NameSystem_2,NameSystem_2,NameSystem_2,blk_4,blk_4,blk_4,/_0,blk_4,blk_4,blk_4,blk_4,blk_4,block blk file_7,block blk file_7,block blk file_7]","[receiving_28,allocate_4,receiving_28,receiving_28,none_22,writing_23,none_22,writing_23,none_22,writing_23,add_3,add_3,add_3,verification_25,verification_25,transfer_13,serving_0,transfer_13,verification_25,delete_24,delete_24,delete_24,deleting_34,deleting_34,deleting_34]","[none_40,none_4,none_40,none_40,none_31,none_32,none_31,none_32,none_31,none_32,updated_3,updated_3,updated_3,successful_35,successful_35,exception_21,none_0,exception_21,successful_35,invalid_34,invalid_34,invalid_34,none_46,none_46,none_46]"
1556,"['7', '1', '1', '1', '3', '4', '3', '4', '3', '4', '2', '2', '2', '10', '9', '9', '8', '10', '10', '6', '6', '6', '5', '5', '5']","[NameSystem_2,block blk_6,block blk_6,block blk_6,blk_4,blk_4,blk_4,blk_4,blk_4,blk_4,NameSystem_2,NameSystem_2,NameSystem_2,blk_4,blk_4,blk_4,/_0,blk_4,blk_4,blk_4,blk_4,blk_4,block blk file_7,block blk file_7,block blk file_7]","[allocate_4,receiving_28,receiving_28,receiving_28,none_22,writing_23,none_22,writing_23,none_22,writing_23,add_3,add_3,add_3,verification_25,transfer_13,transfer_13,serving_0,verification_25,verification_25,delete_24,delete_24,delete_24,deleting_34,deleting_34,deleting_34]","[none_4,none_40,none_40,none_40,none_31,none_32,none_31,none_32,none_31,none_32,updated_3,updated_3,updated_3,successful_35,exception_21,exception_21,none_0,successful_35,successful_35,invalid_34,invalid_34,invalid_34,none_46,none_46,none_46]"
1575,"['1', '1', '7', '1', '3', '4', '3', '4', '3', '4', '2', '2', '2', '10', '9', '8', '9', '10', '10', '6', '6', '6', '5', '5', '5']","[block blk_6,block blk_6,NameSystem_2,block blk_6,blk_4,blk_4,blk_4,blk_4,blk_4,blk_4,NameSystem_2,NameSystem_2,NameSystem_2,blk_4,blk_4,/_0,blk_4,blk_4,blk_4,blk_4,blk_4,blk_4,block blk file_7,block blk file_7,block blk file_7]","[receiving_28,receiving_28,allocate_4,receiving_28,none_22,writing_23,none_22,writing_23,none_22,writing_23,add_3,add_3,add_3,verification_25,transfer_13,serving_0,transfer_13,verification_25,verification_25,delete_24,delete_24,delete_24,deleting_34,deleting_34,deleting_34]","[none_40,none_40,none_4,none_40,none_31,none_32,none_31,none_32,none_31,none_32,updated_3,updated_3,updated_3,successful_35,exception_21,none_0,exception_21,successful_35,successful_35,invalid_34,invalid_34,invalid_34,none_46,none_46,none_46]"
1577,"['1', '7', '1', '1', '3', '4', '3', '4', '3', '4', '2', '2', '2', '9', '9', '8', '10', '10', '10', '6', '6', '6', '5', '5', '5']","[block blk_6,NameSystem_2,block blk_6,block blk_6,blk_4,blk_4,blk_4,blk_4,blk_4,blk_4,NameSystem_2,NameSystem_2,NameSystem_2,blk_4,blk_4,/_0,blk_4,blk_4,blk_4,blk_4,blk_4,blk_4,block blk file_7,block blk file_7,block blk file_7]","[receiving_28,allocate_4,receiving_28,receiving_28,none_22,writing_23,none_22,writing_23,none_22,writing_23,add_3,add_3,add_3,transfer_13,transfer_13,serving_0,verification_25,verification_25,verification_25,delete_24,delete_24,delete_24,deleting_34,deleting_34,deleting_34]","[none_40,none_4,none_40,none_40,none_31,none_32,none_31,none_32,none_31,none_32,updated_3,updated_3,updated_3,exception_21,exception_21,none_0,successful_35,successful_35,successful_35,invalid_34,invalid_34,invalid_34,none_46,none_46,none_46]"
1582,"['1', '1', '1', '7', '3', '4', '3', '4', '3', '4', '2', '2', '2', '10', '9', '9', '8', '10', '10', '6', '6', '6', '5', '5', '5']","[block blk_6,block blk_6,block blk_6,NameSystem_2,blk_4,blk_4,blk_4,blk_4,blk_4,blk_4,NameSystem_2,NameSystem_2,NameSystem_2,blk_4,blk_4,blk_4,/_0,blk_4,blk_4,blk_4,blk_4,blk_4,block blk file_7,block blk file_7,block blk file_7]","[receiving_28,receiving_28,receiving_28,allocate_4,none_22,writing_23,none_22,writing_23,none_22,writing_23,add_3,add_3,add_3,verification_25,transfer_13,transfer_13,serving_0,verification_25,verification_25,delete_24,delete_24,delete_24,deleting_34,deleting_34,deleting_34]","[none_40,none_40,none_40,none_4,none_31,none_32,none_31,none_32,none_31,none_32,updated_3,updated_3,updated_3,successful_35,exception_21,exception_21,none_0,successful_35,successful_35,invalid_34,invalid_34,invalid_34,none_46,none_46,none_46]"
1613,"['1', '7', '1', '1', '3', '4', '3', '4', '2', '2', '3', '4', '2', '10', '9', '8', '9', '10', '10', '6', '6', '6', '5', '5', '5']","[block blk_6,NameSystem_2,block blk_6,block blk_6,blk_4,blk_4,blk_4,blk_4,NameSystem_2,NameSystem_2,blk_4,blk_4,NameSystem_2,blk_4,blk_4,/_0,blk_4,blk_4,blk_4,blk_4,blk_4,blk_4,block blk file_7,block blk file_7,block blk file_7]","[receiving_28,allocate_4,receiving_28,receiving_28,none_22,writing_23,none_22,writing_23,add_3,add_3,none_22,writing_23,add_3,verification_25,transfer_13,serving_0,transfer_13,verification_25,verification_25,delete_24,delete_24,delete_24,deleting_34,deleting_34,deleting_34]","[none_40,none_4,none_40,none_40,none_31,none_32,none_31,none_32,updated_3,updated_3,none_31,none_32,updated_3,successful_35,exception_21,none_0,exception_21,successful_35,successful_35,invalid_34,invalid_34,invalid_34,none_46,none_46,none_46]"
1615,"['1', '1', '1', '7', '3', '4', '3', '4', '3', '4', '2', '2', '2', '10', '10', '10', '9', '9', '8', '6', '6', '6', '5', '5', '5']","[block blk_6,block blk_6,block blk_6,NameSystem_2,blk_4,blk_4,blk_4,blk_4,blk_4,blk_4,NameSystem_2,NameSystem_2,NameSystem_2,blk_4,blk_4,blk_4,blk_4,blk_4,/_0,blk_4,blk_4,blk_4,block blk file_7,block blk file_7,block blk file_7]","[receiving_28,receiving_28,receiving_28,allocate_4,none_22,writing_23,none_22,writing_23,none_22,writing_23,add_3,add_3,add_3,verification_25,verification_25,verification_25,transfer_13,transfer_13,serving_0,delete_24,delete_24,delete_24,deleting_34,deleting_34,deleting_34]","[none_40,none_40,none_40,none_4,none_31,none_32,none_31,none_32,none_31,none_32,updated_3,updated_3,updated_3,successful_35,successful_35,successful_35,exception_21,exception_21,none_0,invalid_34,invalid_34,invalid_34,none_46,none_46,none_46]"
1637,"['1', '1', '1', '7', '3', '4', '3', '4', '3', '4', '2', '2', '2', '9', '8', '9', '10', '10', '10', '6', '6', '6', '5', '5', '18', '2', '5']","[block blk_6,block blk_6,block blk_6,NameSystem_2,blk_4,blk_4,blk_4,blk_4,blk_4,blk_4,NameSystem_2,NameSystem_2,NameSystem_2,blk_4,/_0,blk_4,blk_4,blk_4,blk_4,blk_4,blk_4,blk_4,block blk file_7,block blk file_7,blk_4,NameSystem_2,block blk file_7]","[receiving_28,receiving_28,receiving_28,allocate_4,none_22,writing_23,none_22,writing_23,none_22,writing_23,add_3,add_3,add_3,transfer_13,serving_0,transfer_13,verification_25,verification_25,verification_25,delete_24,delete_24,delete_24,deleting_34,deleting_34,receive_21,add_3,deleting_34]","[none_40,none_40,none_40,none_4,none_31,none_32,none_31,none_32,none_31,none_32,updated_3,updated_3,updated_3,exception_21,none_0,exception_21,successful_35,successful_35,successful_35,invalid_34,invalid_34,invalid_34,none_46,none_46,error_30,updated_3,none_46]"
1648,"['1', '1', '1', '7', '3', '4', '3', '3', '4', '4', '2', '2', '2', '9', '9', '8', '10', '10', '10', '6', '6', '6', '5', '5', '5']","[block blk_6,block blk_6,block blk_6,NameSystem_2,blk_4,blk_4,blk_4,blk_4,blk_4,blk_4,NameSystem_2,NameSystem_2,NameSystem_2,blk_4,blk_4,/_0,blk_4,blk_4,blk_4,blk_4,blk_4,blk_4,block blk file_7,block blk file_7,block blk file_7]","[receiving_28,receiving_28,receiving_28,allocate_4,none_22,writing_23,none_22,none_22,writing_23,writing_23,add_3,add_3,add_3,transfer_13,transfer_13,serving_0,verification_25,verification_25,verification_25,delete_24,delete_24,delete_24,deleting_34,deleting_34,deleting_34]","[none_40,none_40,none_40,none_4,none_31,none_32,none_31,none_31,none_32,none_32,updated_3,updated_3,updated_3,exception_21,exception_21,none_0,successful_35,successful_35,successful_35,invalid_34,invalid_34,invalid_34,none_46,none_46,none_46]"
1650,"['1', '7', '1', '1', '3', '4', '3', '4', '3', '4', '2', '2', '2', '10', '9', '8', '9', '10', '10', '6', '6', '6', '5', '5', '5']","[block blk_6,NameSystem_2,block blk_6,block blk_6,blk_4,blk_4,blk_4,blk_4,blk_4,blk_4,NameSystem_2,NameSystem_2,NameSystem_2,blk_4,blk_4,/_0,blk_4,blk_4,blk_4,blk_4,blk_4,blk_4,block blk file_7,block blk file_7,block blk file_7]","[receiving_28,allocate_4,receiving_28,receiving_28,none_22,writing_23,none_22,writing_23,none_22,writing_23,add_3,add_3,add_3,verification_25,transfer_13,serving_0,transfer_13,verification_25,verification_25,delete_24,delete_24,delete_24,deleting_34,deleting_34,deleting_34]","[none_40,none_4,none_40,none_40,none_31,none_32,none_31,none_32,none_31,none_32,updated_3,updated_3,updated_3,successful_35,exception_21,none_0,exception_21,successful_35,successful_35,invalid_34,invalid_34,invalid_34,none_46,none_46,none_46]"
1657,"['1', '1', '7', '1', '3', '4', '3', '3', '4', '4', '2', '2', '2', '9', '8', '9', '10', '10', '10', '6', '6', '6', '5', '5', '5']","[block blk_6,block blk_6,NameSystem_2,block blk_6,blk_4,blk_4,blk_4,blk_4,blk_4,blk_4,NameSystem_2,NameSystem_2,NameSystem_2,blk_4,/_0,blk_4,blk_4,blk_4,blk_4,blk_4,blk_4,blk_4,block blk file_7,block blk file_7,block blk file_7]","[receiving_28,receiving_28,allocate_4,receiving_28,none_22,writing_23,none_22,none_22,writing_23,writing_23,add_3,add_3,add_3,transfer_13,serving_0,transfer_13,verification_25,verification_25,verification_25,delete_24,delete_24,delete_24,deleting_34,deleting_34,deleting_34]","[none_40,none_40,none_4,none_40,none_31,none_32,none_31,none_31,none_32,none_32,updated_3,updated_3,updated_3,exception_21,none_0,exception_21,successful_35,successful_35,successful_35,invalid_34,invalid_34,invalid_34,none_46,none_46,none_46]"
1665,"['1', '7', '1', '1', '3', '4', '3', '4', '2', '3', '4', '2', '2', '9', '9', '8', '10', '10', '10', '6', '6', '6', '5', '5', '5']","[block blk_6,NameSystem_2,block blk_6,block blk_6,blk_4,blk_4,blk_4,blk_4,NameSystem_2,blk_4,blk_4,NameSystem_2,NameSystem_2,blk_4,blk_4,/_0,blk_4,blk_4,blk_4,blk_4,blk_4,blk_4,block blk file_7,block blk file_7,block blk file_7]","[receiving_28,allocate_4,receiving_28,receiving_28,none_22,writing_23,none_22,writing_23,add_3,none_22,writing_23,add_3,add_3,transfer_13,transfer_13,serving_0,verification_25,verification_25,verification_25,delete_24,delete_24,delete_24,deleting_34,deleting_34,deleting_34]","[none_40,none_4,none_40,none_40,none_31,none_32,none_31,none_32,updated_3,none_31,none_32,updated_3,updated_3,exception_21,exception_21,none_0,successful_35,successful_35,successful_35,invalid_34,invalid_34,invalid_34,none_46,none_46,none_46]"
1693,"['1', '1', '7', '1', '3', '4', '3', '4', '3', '4', '2', '2', '2', '10', '9', '9', '8', '10', '10', '6', '6', '6', '5', '5', '5']","[block blk_6,block blk_6,NameSystem_2,block blk_6,blk_4,blk_4,blk_4,blk_4,blk_4,blk_4,NameSystem_2,NameSystem_2,NameSystem_2,blk_4,blk_4,blk_4,/_0,blk_4,blk_4,blk_4,blk_4,blk_4,block blk file_7,block blk file_7,block blk file_7]","[receiving_28,receiving_28,allocate_4,receiving_28,none_22,writing_23,none_22,writing_23,none_22,writing_23,add_3,add_3,add_3,verification_25,transfer_13,transfer_13,serving_0,verification_25,verification_25,delete_24,delete_24,delete_24,deleting_34,deleting_34,deleting_34]","[none_40,none_40,none_4,none_40,none_31,none_32,none_31,none_32,none_31,none_32,updated_3,updated_3,updated_3,successful_35,exception_21,exception_21,none_0,successful_35,successful_35,invalid_34,invalid_34,invalid_34,none_46,none_46,none_46]"
1699,"['1', '1', '1', '7', '3', '4', '3', '4', '3', '4', '2', '2', '2', '9', '8', '9', '10', '10', '10', '6', '6', '6', '5', '5', '5']","[block blk_6,block blk_6,block blk_6,NameSystem_2,blk_4,blk_4,blk_4,blk_4,blk_4,blk_4,NameSystem_2,NameSystem_2,NameSystem_2,blk_4,/_0,blk_4,blk_4,blk_4,blk_4,blk_4,blk_4,blk_4,block blk file_7,block blk file_7,block blk file_7]","[receiving_28,receiving_28,receiving_28,allocate_4,none_22,writing_23,none_22,writing_23,none_22,writing_23,add_3,add_3,add_3,transfer_13,serving_0,transfer_13,verification_25,verification_25,verification_25,delete_24,delete_24,delete_24,deleting_34,deleting_34,deleting_34]","[none_40,none_40,none_40,none_4,none_31,none_32,none_31,none_32,none_31,none_32,updated_3,updated_3,updated_3,exception_21,none_0,exception_21,successful_35,successful_35,successful_35,invalid_34,invalid_34,invalid_34,none_46,none_46,none_46]"
1700,"['1', '1', '7', '1', '3', '4', '3', '4', '2', '3', '4', '2', '2', '9', '8', '9', '10', '10', '10', '6', '6', '6', '5', '5', '5']","[block blk_6,block blk_6,NameSystem_2,block blk_6,blk_4,blk_4,blk_4,blk_4,NameSystem_2,blk_4,blk_4,NameSystem_2,NameSystem_2,blk_4,/_0,blk_4,blk_4,blk_4,blk_4,blk_4,blk_4,blk_4,block blk file_7,block blk file_7,block blk file_7]","[receiving_28,receiving_28,allocate_4,receiving_28,none_22,writing_23,none_22,writing_23,add_3,none_22,writing_23,add_3,add_3,transfer_13,serving_0,transfer_13,verification_25,verification_25,verification_25,delete_24,delete_24,delete_24,deleting_34,deleting_34,deleting_34]","[none_40,none_40,none_4,none_40,none_31,none_32,none_31,none_32,updated_3,none_31,none_32,updated_3,updated_3,exception_21,none_0,exception_21,successful_35,successful_35,successful_35,invalid_34,invalid_34,invalid_34,none_46,none_46,none_46]"
1711,"['1', '7', '1', '1', '3', '4', '3', '4', '3', '4', '2', '2', '2', '10', '9', '9', '8', '10', '10', '6', '6', '6', '5', '5', '5']","[block blk_6,NameSystem_2,block blk_6,block blk_6,blk_4,blk_4,blk_4,blk_4,blk_4,blk_4,NameSystem_2,NameSystem_2,NameSystem_2,blk_4,blk_4,blk_4,/_0,blk_4,blk_4,blk_4,blk_4,blk_4,block blk file_7,block blk file_7,block blk file_7]","[receiving_28,allocate_4,receiving_28,receiving_28,none_22,writing_23,none_22,writing_23,none_22,writing_23,add_3,add_3,add_3,verification_25,transfer_13,transfer_13,serving_0,verification_25,verification_25,delete_24,delete_24,delete_24,deleting_34,deleting_34,deleting_34]","[none_40,none_4,none_40,none_40,none_31,none_32,none_31,none_32,none_31,none_32,updated_3,updated_3,updated_3,successful_35,exception_21,exception_21,none_0,successful_35,successful_35,invalid_34,invalid_34,invalid_34,none_46,none_46,none_46]"
1736,"['1', '1', '1', '7', '3', '4', '3', '4', '3', '4', '2', '2', '2', '10', '9', '8', '9', '10', '10', '6', '6', '6', '5', '5', '5']","[block blk_6,block blk_6,block blk_6,NameSystem_2,blk_4,blk_4,blk_4,blk_4,blk_4,blk_4,NameSystem_2,NameSystem_2,NameSystem_2,blk_4,blk_4,/_0,blk_4,blk_4,blk_4,blk_4,blk_4,blk_4,block blk file_7,block blk file_7,block blk file_7]","[receiving_28,receiving_28,receiving_28,allocate_4,none_22,writing_23,none_22,writing_23,none_22,writing_23,add_3,add_3,add_3,verification_25,transfer_13,serving_0,transfer_13,verification_25,verification_25,delete_24,delete_24,delete_24,deleting_34,deleting_34,deleting_34]","[none_40,none_40,none_40,none_4,none_31,none_32,none_31,none_32,none_31,none_32,updated_3,updated_3,updated_3,successful_35,exception_21,none_0,exception_21,successful_35,successful_35,invalid_34,invalid_34,invalid_34,none_46,none_46,none_46]"
1738,"['1', '1', '1', '7', '3', '3', '4', '4', '3', '4', '2', '2', '2', '10', '10', '9', '8', '9', '10', '6', '6', '6', '5', '5', '5']","[block blk_6,block blk_6,block blk_6,NameSystem_2,blk_4,blk_4,blk_4,blk_4,blk_4,blk_4,NameSystem_2,NameSystem_2,NameSystem_2,blk_4,blk_4,blk_4,/_0,blk_4,blk_4,blk_4,blk_4,blk_4,block blk file_7,block blk file_7,block blk file_7]","[receiving_28,receiving_28,receiving_28,allocate_4,none_22,none_22,writing_23,writing_23,none_22,writing_23,add_3,add_3,add_3,verification_25,verification_25,transfer_13,serving_0,transfer_13,verification_25,delete_24,delete_24,delete_24,deleting_34,deleting_34,deleting_34]","[none_40,none_40,none_40,none_4,none_31,none_31,none_32,none_32,none_31,none_32,updated_3,updated_3,updated_3,successful_35,successful_35,exception_21,none_0,exception_21,successful_35,invalid_34,invalid_34,invalid_34,none_46,none_46,none_46]"
1759,"['1', '1', '7', '1', '3', '4', '3', '4', '3', '4', '2', '2', '2', '10', '9', '8', '9', '10', '10', '6', '6', '6', '5', '5', '5']","[block blk_6,block blk_6,NameSystem_2,block blk_6,blk_4,blk_4,blk_4,blk_4,blk_4,blk_4,NameSystem_2,NameSystem_2,NameSystem_2,blk_4,blk_4,/_0,blk_4,blk_4,blk_4,blk_4,blk_4,blk_4,block blk file_7,block blk file_7,block blk file_7]","[receiving_28,receiving_28,allocate_4,receiving_28,none_22,writing_23,none_22,writing_23,none_22,writing_23,add_3,add_3,add_3,verification_25,transfer_13,serving_0,transfer_13,verification_25,verification_25,delete_24,delete_24,delete_24,deleting_34,deleting_34,deleting_34]","[none_40,none_40,none_4,none_40,none_31,none_32,none_31,none_32,none_31,none_32,updated_3,updated_3,updated_3,successful_35,exception_21,none_0,exception_21,successful_35,successful_35,invalid_34,invalid_34,invalid_34,none_46,none_46,none_46]"
1785,"['1', '1', '7', '1', '3', '4', '3', '4', '3', '4', '2', '2', '2', '10', '10', '9', '9', '8', '10', '6', '6', '6', '5', '5', '5']","[block blk_6,block blk_6,NameSystem_2,block blk_6,blk_4,blk_4,blk_4,blk_4,blk_4,blk_4,NameSystem_2,NameSystem_2,NameSystem_2,blk_4,blk_4,blk_4,blk_4,/_0,blk_4,blk_4,blk_4,blk_4,block blk file_7,block blk file_7,block blk file_7]","[receiving_28,receiving_28,allocate_4,receiving_28,none_22,writing_23,none_22,writing_23,none_22,writing_23,add_3,add_3,add_3,verification_25,verification_25,transfer_13,transfer_13,serving_0,verification_25,delete_24,delete_24,delete_24,deleting_34,deleting_34,deleting_34]","[none_40,none_40,none_4,none_40,none_31,none_32,none_31,none_32,none_31,none_32,updated_3,updated_3,updated_3,successful_35,successful_35,exception_21,exception_21,none_0,successful_35,invalid_34,invalid_34,invalid_34,none_46,none_46,none_46]"
1792,"['1', '1', '1', '7', '3', '4', '3', '4', '3', '4', '2', '2', '2', '10', '10', '9', '9', '8', '10', '6', '6', '6', '5', '5', '5']","[block blk_6,block blk_6,block blk_6,NameSystem_2,blk_4,blk_4,blk_4,blk_4,blk_4,blk_4,NameSystem_2,NameSystem_2,NameSystem_2,blk_4,blk_4,blk_4,blk_4,/_0,blk_4,blk_4,blk_4,blk_4,block blk file_7,block blk file_7,block blk file_7]","[receiving_28,receiving_28,receiving_28,allocate_4,none_22,writing_23,none_22,writing_23,none_22,writing_23,add_3,add_3,add_3,verification_25,verification_25,transfer_13,transfer_13,serving_0,verification_25,delete_24,delete_24,delete_24,deleting_34,deleting_34,deleting_34]","[none_40,none_40,none_40,none_4,none_31,none_32,none_31,none_32,none_31,none_32,updated_3,updated_3,updated_3,successful_35,successful_35,exception_21,exception_21,none_0,successful_35,invalid_34,invalid_34,invalid_34,none_46,none_46,none_46]"
1798,"['1', '7', '1', '1', '3', '4', '2', '3', '4', '3', '4', '2', '2', '10', '9', '8', '9', '10', '10', '6', '6', '6', '5', '5', '5']","[block blk_6,NameSystem_2,block blk_6,block blk_6,blk_4,blk_4,NameSystem_2,blk_4,blk_4,blk_4,blk_4,NameSystem_2,NameSystem_2,blk_4,blk_4,/_0,blk_4,blk_4,blk_4,blk_4,blk_4,blk_4,block blk file_7,block blk file_7,block blk file_7]","[receiving_28,allocate_4,receiving_28,receiving_28,none_22,writing_23,add_3,none_22,writing_23,none_22,writing_23,add_3,add_3,verification_25,transfer_13,serving_0,transfer_13,verification_25,verification_25,delete_24,delete_24,delete_24,deleting_34,deleting_34,deleting_34]","[none_40,none_4,none_40,none_40,none_31,none_32,updated_3,none_31,none_32,none_31,none_32,updated_3,updated_3,successful_35,exception_21,none_0,exception_21,successful_35,successful_35,invalid_34,invalid_34,invalid_34,none_46,none_46,none_46]"
1806,"['1', '7', '1', '1', '3', '4', '3', '4', '3', '4', '2', '2', '2', '9', '8', '9', '10', '10', '10', '6', '6', '6', '5', '5', '5']","[block blk_6,NameSystem_2,block blk_6,block blk_6,blk_4,blk_4,blk_4,blk_4,blk_4,blk_4,NameSystem_2,NameSystem_2,NameSystem_2,blk_4,/_0,blk_4,blk_4,blk_4,blk_4,blk_4,blk_4,blk_4,block blk file_7,block blk file_7,block blk file_7]","[receiving_28,allocate_4,receiving_28,receiving_28,none_22,writing_23,none_22,writing_23,none_22,writing_23,add_3,add_3,add_3,transfer_13,serving_0,transfer_13,verification_25,verification_25,verification_25,delete_24,delete_24,delete_24,deleting_34,deleting_34,deleting_34]","[none_40,none_4,none_40,none_40,none_31,none_32,none_31,none_32,none_31,none_32,updated_3,updated_3,updated_3,exception_21,none_0,exception_21,successful_35,successful_35,successful_35,invalid_34,invalid_34,invalid_34,none_46,none_46,none_46]"
1815,"['1', '7', '1', '1', '3', '4', '3', '4', '3', '4', '2', '2', '2', '10', '9', '8', '9', '10', '10', '6', '6', '6', '5', '5', '5']","[block blk_6,NameSystem_2,block blk_6,block blk_6,blk_4,blk_4,blk_4,blk_4,blk_4,blk_4,NameSystem_2,NameSystem_2,NameSystem_2,blk_4,blk_4,/_0,blk_4,blk_4,blk_4,blk_4,blk_4,blk_4,block blk file_7,block blk file_7,block blk file_7]","[receiving_28,allocate_4,receiving_28,receiving_28,none_22,writing_23,none_22,writing_23,none_22,writing_23,add_3,add_3,add_3,verification_25,transfer_13,serving_0,transfer_13,verification_25,verification_25,delete_24,delete_24,delete_24,deleting_34,deleting_34,deleting_34]","[none_40,none_4,none_40,none_40,none_31,none_32,none_31,none_32,none_31,none_32,updated_3,updated_3,updated_3,successful_35,exception_21,none_0,exception_21,successful_35,successful_35,invalid_34,invalid_34,invalid_34,none_46,none_46,none_46]"
1820,"['1', '7', '1', '1', '3', '4', '3', '4', '3', '4', '2', '2', '2', '10', '9', '9', '8', '10', '10', '6', '6', '6', '5', '5', '5']","[block blk_6,NameSystem_2,block blk_6,block blk_6,blk_4,blk_4,blk_4,blk_4,blk_4,blk_4,NameSystem_2,NameSystem_2,NameSystem_2,blk_4,blk_4,blk_4,/_0,blk_4,blk_4,blk_4,blk_4,blk_4,block blk file_7,block blk file_7,block blk file_7]","[receiving_28,allocate_4,receiving_28,receiving_28,none_22,writing_23,none_22,writing_23,none_22,writing_23,add_3,add_3,add_3,verification_25,transfer_13,transfer_13,serving_0,verification_25,verification_25,delete_24,delete_24,delete_24,deleting_34,deleting_34,deleting_34]","[none_40,none_4,none_40,none_40,none_31,none_32,none_31,none_32,none_31,none_32,updated_3,updated_3,updated_3,successful_35,exception_21,exception_21,none_0,successful_35,successful_35,invalid_34,invalid_34,invalid_34,none_46,none_46,none_46]"
1829,"['1', '1', '7', '1', '3', '4', '3', '4', '2', '2', '3', '4', '2', '10', '10', '9', '9', '8', '10', '6', '6', '6', '5', '5', '5']","[block blk_6,block blk_6,NameSystem_2,block blk_6,blk_4,blk_4,blk_4,blk_4,NameSystem_2,NameSystem_2,blk_4,blk_4,NameSystem_2,blk_4,blk_4,blk_4,blk_4,/_0,blk_4,blk_4,blk_4,blk_4,block blk file_7,block blk file_7,block blk file_7]","[receiving_28,receiving_28,allocate_4,receiving_28,none_22,writing_23,none_22,writing_23,add_3,add_3,none_22,writing_23,add_3,verification_25,verification_25,transfer_13,transfer_13,serving_0,verification_25,delete_24,delete_24,delete_24,deleting_34,deleting_34,deleting_34]","[none_40,none_40,none_4,none_40,none_31,none_32,none_31,none_32,updated_3,updated_3,none_31,none_32,updated_3,successful_35,successful_35,exception_21,exception_21,none_0,successful_35,invalid_34,invalid_34,invalid_34,none_46,none_46,none_46]"
1870,"['1', '7', '1', '1', '3', '4', '3', '4', '3', '4', '2', '2', '2', '9', '9', '8', '10', '10', '10', '6', '6', '6', '5', '5', '5']","[block blk_6,NameSystem_2,block blk_6,block blk_6,blk_4,blk_4,blk_4,blk_4,blk_4,blk_4,NameSystem_2,NameSystem_2,NameSystem_2,blk_4,blk_4,/_0,blk_4,blk_4,blk_4,blk_4,blk_4,blk_4,block blk file_7,block blk file_7,block blk file_7]","[receiving_28,allocate_4,receiving_28,receiving_28,none_22,writing_23,none_22,writing_23,none_22,writing_23,add_3,add_3,add_3,transfer_13,transfer_13,serving_0,verification_25,verification_25,verification_25,delete_24,delete_24,delete_24,deleting_34,deleting_34,deleting_34]","[none_40,none_4,none_40,none_40,none_31,none_32,none_31,none_32,none_31,none_32,updated_3,updated_3,updated_3,exception_21,exception_21,none_0,successful_35,successful_35,successful_35,invalid_34,invalid_34,invalid_34,none_46,none_46,none_46]"
1885,"['1', '1', '1', '7', '3', '4', '3', '4', '3', '4', '2', '2', '2', '10', '10', '9', '8', '9', '10', '6', '6', '6', '5', '5', '5']","[block blk_6,block blk_6,block blk_6,NameSystem_2,blk_4,blk_4,blk_4,blk_4,blk_4,blk_4,NameSystem_2,NameSystem_2,NameSystem_2,blk_4,blk_4,blk_4,/_0,blk_4,blk_4,blk_4,blk_4,blk_4,block blk file_7,block blk file_7,block blk file_7]","[receiving_28,receiving_28,receiving_28,allocate_4,none_22,writing_23,none_22,writing_23,none_22,writing_23,add_3,add_3,add_3,verification_25,verification_25,transfer_13,serving_0,transfer_13,verification_25,delete_24,delete_24,delete_24,deleting_34,deleting_34,deleting_34]","[none_40,none_40,none_40,none_4,none_31,none_32,none_31,none_32,none_31,none_32,updated_3,updated_3,updated_3,successful_35,successful_35,exception_21,none_0,exception_21,successful_35,invalid_34,invalid_34,invalid_34,none_46,none_46,none_46]"
1892,"['1', '7', '1', '1', '3', '4', '3', '4', '2', '2', '3', '4', '2', '9', '9', '8', '10', '10', '10', '6', '6', '6', '5', '5', '5']","[block blk_6,NameSystem_2,block blk_6,block blk_6,blk_4,blk_4,blk_4,blk_4,NameSystem_2,NameSystem_2,blk_4,blk_4,NameSystem_2,blk_4,blk_4,/_0,blk_4,blk_4,blk_4,blk_4,blk_4,blk_4,block blk file_7,block blk file_7,block blk file_7]","[receiving_28,allocate_4,receiving_28,receiving_28,none_22,writing_23,none_22,writing_23,add_3,add_3,none_22,writing_23,add_3,transfer_13,transfer_13,serving_0,verification_25,verification_25,verification_25,delete_24,delete_24,delete_24,deleting_34,deleting_34,deleting_34]","[none_40,none_4,none_40,none_40,none_31,none_32,none_31,none_32,updated_3,updated_3,none_31,none_32,updated_3,exception_21,exception_21,none_0,successful_35,successful_35,successful_35,invalid_34,invalid_34,invalid_34,none_46,none_46,none_46]"
1902,"['1', '1', '7', '1', '3', '4', '3', '4', '3', '4', '2', '2', '2', '9', '8', '9', '10', '10', '10', '6', '6', '6', '5', '5', '5']","[block blk_6,block blk_6,NameSystem_2,block blk_6,blk_4,blk_4,blk_4,blk_4,blk_4,blk_4,NameSystem_2,NameSystem_2,NameSystem_2,blk_4,/_0,blk_4,blk_4,blk_4,blk_4,blk_4,blk_4,blk_4,block blk file_7,block blk file_7,block blk file_7]","[receiving_28,receiving_28,allocate_4,receiving_28,none_22,writing_23,none_22,writing_23,none_22,writing_23,add_3,add_3,add_3,transfer_13,serving_0,transfer_13,verification_25,verification_25,verification_25,delete_24,delete_24,delete_24,deleting_34,deleting_34,deleting_34]","[none_40,none_40,none_4,none_40,none_31,none_32,none_31,none_32,none_31,none_32,updated_3,updated_3,updated_3,exception_21,none_0,exception_21,successful_35,successful_35,successful_35,invalid_34,invalid_34,invalid_34,none_46,none_46,none_46]"
1909,"['1', '7', '1', '1', '3', '4', '3', '4', '2', '2', '3', '4', '2', '9', '8', '9', '10', '10', '6', '6', '6', '5', '5', '5']","[block blk_6,NameSystem_2,block blk_6,block blk_6,blk_4,blk_4,blk_4,blk_4,NameSystem_2,NameSystem_2,blk_4,blk_4,NameSystem_2,blk_4,/_0,blk_4,blk_4,blk_4,blk_4,blk_4,blk_4,block blk file_7,block blk file_7,block blk file_7]","[receiving_28,allocate_4,receiving_28,receiving_28,none_22,writing_23,none_22,writing_23,add_3,add_3,none_22,writing_23,add_3,transfer_13,serving_0,transfer_13,verification_25,verification_25,delete_24,delete_24,delete_24,deleting_34,deleting_34,deleting_34]","[none_40,none_4,none_40,none_40,none_31,none_32,none_31,none_32,updated_3,updated_3,none_31,none_32,updated_3,exception_21,none_0,exception_21,successful_35,successful_35,invalid_34,invalid_34,invalid_34,none_46,none_46,none_46]"
1914,"['1', '1', '1', '7', '3', '4', '3', '4', '3', '4', '2', '2', '2', '9', '8', '9', '10', '10', '10', '6', '6', '6', '5', '5', '5']","[block blk_6,block blk_6,block blk_6,NameSystem_2,blk_4,blk_4,blk_4,blk_4,blk_4,blk_4,NameSystem_2,NameSystem_2,NameSystem_2,blk_4,/_0,blk_4,blk_4,blk_4,blk_4,blk_4,blk_4,blk_4,block blk file_7,block blk file_7,block blk file_7]","[receiving_28,receiving_28,receiving_28,allocate_4,none_22,writing_23,none_22,writing_23,none_22,writing_23,add_3,add_3,add_3,transfer_13,serving_0,transfer_13,verification_25,verification_25,verification_25,delete_24,delete_24,delete_24,deleting_34,deleting_34,deleting_34]","[none_40,none_40,none_40,none_4,none_31,none_32,none_31,none_32,none_31,none_32,updated_3,updated_3,updated_3,exception_21,none_0,exception_21,successful_35,successful_35,successful_35,invalid_34,invalid_34,invalid_34,none_46,none_46,none_46]"
1915,"['1', '1', '7', '1', '3', '4', '3', '4', '3', '4', '2', '2', '2', '9', '8', '9', '10', '10', '10', '6', '6', '6', '5', '5', '5']","[block blk_6,block blk_6,NameSystem_2,block blk_6,blk_4,blk_4,blk_4,blk_4,blk_4,blk_4,NameSystem_2,NameSystem_2,NameSystem_2,blk_4,/_0,blk_4,blk_4,blk_4,blk_4,blk_4,blk_4,blk_4,block blk file_7,block blk file_7,block blk file_7]","[receiving_28,receiving_28,allocate_4,receiving_28,none_22,writing_23,none_22,writing_23,none_22,writing_23,add_3,add_3,add_3,transfer_13,serving_0,transfer_13,verification_25,verification_25,verification_25,delete_24,delete_24,delete_24,deleting_34,deleting_34,deleting_34]","[none_40,none_40,none_4,none_40,none_31,none_32,none_31,none_32,none_31,none_32,updated_3,updated_3,updated_3,exception_21,none_0,exception_21,successful_35,successful_35,successful_35,invalid_34,invalid_34,invalid_34,none_46,none_46,none_46]"
1918,"['7', '1', '1', '1', '3', '4', '3', '4', '3', '4', '2', '2', '2', '9', '8', '9', '10', '10', '10', '6', '6', '6', '5', '5', '5']","[NameSystem_2,block blk_6,block blk_6,block blk_6,blk_4,blk_4,blk_4,blk_4,blk_4,blk_4,NameSystem_2,NameSystem_2,NameSystem_2,blk_4,/_0,blk_4,blk_4,blk_4,blk_4,blk_4,blk_4,blk_4,block blk file_7,block blk file_7,block blk file_7]","[allocate_4,receiving_28,receiving_28,receiving_28,none_22,writing_23,none_22,writing_23,none_22,writing_23,add_3,add_3,add_3,transfer_13,serving_0,transfer_13,verification_25,verification_25,verification_25,delete_24,delete_24,delete_24,deleting_34,deleting_34,deleting_34]","[none_4,none_40,none_40,none_40,none_31,none_32,none_31,none_32,none_31,none_32,updated_3,updated_3,updated_3,exception_21,none_0,exception_21,successful_35,successful_35,successful_35,invalid_34,invalid_34,invalid_34,none_46,none_46,none_46]"
1919,"['1', '7', '1', '1', '3', '4', '3', '4', '2', '3', '4', '2', '2', '10', '10', '9', '9', '8', '10', '6', '6', '6', '5', '5', '5']","[block blk_6,NameSystem_2,block blk_6,block blk_6,blk_4,blk_4,blk_4,blk_4,NameSystem_2,blk_4,blk_4,NameSystem_2,NameSystem_2,blk_4,blk_4,blk_4,blk_4,/_0,blk_4,blk_4,blk_4,blk_4,block blk file_7,block blk file_7,block blk file_7]","[receiving_28,allocate_4,receiving_28,receiving_28,none_22,writing_23,none_22,writing_23,add_3,none_22,writing_23,add_3,add_3,verification_25,verification_25,transfer_13,transfer_13,serving_0,verification_25,delete_24,delete_24,delete_24,deleting_34,deleting_34,deleting_34]","[none_40,none_4,none_40,none_40,none_31,none_32,none_31,none_32,updated_3,none_31,none_32,updated_3,updated_3,successful_35,successful_35,exception_21,exception_21,none_0,successful_35,invalid_34,invalid_34,invalid_34,none_46,none_46,none_46]"
1934,"['1', '1', '7', '1', '3', '4', '3', '4', '3', '4', '2', '2', '2', '10', '9', '8', '9', '10', '10', '6', '6', '6', '5', '5', '5']","[block blk_6,block blk_6,NameSystem_2,block blk_6,blk_4,blk_4,blk_4,blk_4,blk_4,blk_4,NameSystem_2,NameSystem_2,NameSystem_2,blk_4,blk_4,/_0,blk_4,blk_4,blk_4,blk_4,blk_4,blk_4,block blk file_7,block blk file_7,block blk file_7]","[receiving_28,receiving_28,allocate_4,receiving_28,none_22,writing_23,none_22,writing_23,none_22,writing_23,add_3,add_3,add_3,verification_25,transfer_13,serving_0,transfer_13,verification_25,verification_25,delete_24,delete_24,delete_24,deleting_34,deleting_34,deleting_34]","[none_40,none_40,none_4,none_40,none_31,none_32,none_31,none_32,none_31,none_32,updated_3,updated_3,updated_3,successful_35,exception_21,none_0,exception_21,successful_35,successful_35,invalid_34,invalid_34,invalid_34,none_46,none_46,none_46]"
1986,"['1', '7', '1', '1', '3', '4', '3', '4', '3', '4', '2', '2', '2', '10', '9', '9', '8', '10', '10', '6', '6', '6', '5', '5', '5']","[block blk_6,NameSystem_2,block blk_6,block blk_6,blk_4,blk_4,blk_4,blk_4,blk_4,blk_4,NameSystem_2,NameSystem_2,NameSystem_2,blk_4,blk_4,blk_4,/_0,blk_4,blk_4,blk_4,blk_4,blk_4,block blk file_7,block blk file_7,block blk file_7]","[receiving_28,allocate_4,receiving_28,receiving_28,none_22,writing_23,none_22,writing_23,none_22,writing_23,add_3,add_3,add_3,verification_25,transfer_13,transfer_13,serving_0,verification_25,verification_25,delete_24,delete_24,delete_24,deleting_34,deleting_34,deleting_34]","[none_40,none_4,none_40,none_40,none_31,none_32,none_31,none_32,none_31,none_32,updated_3,updated_3,updated_3,successful_35,exception_21,exception_21,none_0,successful_35,successful_35,invalid_34,invalid_34,invalid_34,none_46,none_46,none_46]"
1988,"['1', '7', '1', '1', '3', '4', '2', '3', '4', '3', '4', '2', '2', '9', '8', '9', '10', '10', '10', '6', '6', '6', '5', '5', '5']","[block blk_6,NameSystem_2,block blk_6,block blk_6,blk_4,blk_4,NameSystem_2,blk_4,blk_4,blk_4,blk_4,NameSystem_2,NameSystem_2,blk_4,/_0,blk_4,blk_4,blk_4,blk_4,blk_4,blk_4,blk_4,block blk file_7,block blk file_7,block blk file_7]","[receiving_28,allocate_4,receiving_28,receiving_28,none_22,writing_23,add_3,none_22,writing_23,none_22,writing_23,add_3,add_3,transfer_13,serving_0,transfer_13,verification_25,verification_25,verification_25,delete_24,delete_24,delete_24,deleting_34,deleting_34,deleting_34]","[none_40,none_4,none_40,none_40,none_31,none_32,updated_3,none_31,none_32,none_31,none_32,updated_3,updated_3,exception_21,none_0,exception_21,successful_35,successful_35,successful_35,invalid_34,invalid_34,invalid_34,none_46,none_46,none_46]"
1992,"['7', '1', '1', '1', '4', '2', '3', '4', '3', '3', '4', '2', '2', '10', '10', '9', '9', '8', '10', '6', '6', '6', '5', '5', '5']","[NameSystem_2,block blk_6,block blk_6,block blk_6,blk_4,NameSystem_2,blk_4,blk_4,blk_4,blk_4,blk_4,NameSystem_2,NameSystem_2,blk_4,blk_4,blk_4,blk_4,/_0,blk_4,blk_4,blk_4,blk_4,block blk file_7,block blk file_7,block blk file_7]","[allocate_4,receiving_28,receiving_28,receiving_28,writing_23,add_3,none_22,writing_23,none_22,none_22,writing_23,add_3,add_3,verification_25,verification_25,transfer_13,transfer_13,serving_0,verification_25,delete_24,delete_24,delete_24,deleting_34,deleting_34,deleting_34]","[none_4,none_40,none_40,none_40,none_32,updated_3,none_31,none_32,none_31,none_31,none_32,updated_3,updated_3,successful_35,successful_35,exception_21,exception_21,none_0,successful_35,invalid_34,invalid_34,invalid_34,none_46,none_46,none_46]"
2027,"['1', '7', '1', '1', '3', '4', '3', '4', '3', '4', '2', '2', '2', '10', '9', '9', '8', '10', '10', '6', '6', '6', '5', '5', '5']","[block blk_6,NameSystem_2,block blk_6,block blk_6,blk_4,blk_4,blk_4,blk_4,blk_4,blk_4,NameSystem_2,NameSystem_2,NameSystem_2,blk_4,blk_4,blk_4,/_0,blk_4,blk_4,blk_4,blk_4,blk_4,block blk file_7,block blk file_7,block blk file_7]","[receiving_28,allocate_4,receiving_28,receiving_28,none_22,writing_23,none_22,writing_23,none_22,writing_23,add_3,add_3,add_3,verification_25,transfer_13,transfer_13,serving_0,verification_25,verification_25,delete_24,delete_24,delete_24,deleting_34,deleting_34,deleting_34]","[none_40,none_4,none_40,none_40,none_31,none_32,none_31,none_32,none_31,none_32,updated_3,updated_3,updated_3,successful_35,exception_21,exception_21,none_0,successful_35,successful_35,invalid_34,invalid_34,invalid_34,none_46,none_46,none_46]"
2037,"['1', '1', '7', '1', '3', '4', '3', '4', '3', '4', '2', '2', '2', '10', '9', '9', '8', '10', '10', '6', '6', '6', '5', '5', '5']","[block blk_6,block blk_6,NameSystem_2,block blk_6,blk_4,blk_4,blk_4,blk_4,blk_4,blk_4,NameSystem_2,NameSystem_2,NameSystem_2,blk_4,blk_4,blk_4,/_0,blk_4,blk_4,blk_4,blk_4,blk_4,block blk file_7,block blk file_7,block blk file_7]","[receiving_28,receiving_28,allocate_4,receiving_28,none_22,writing_23,none_22,writing_23,none_22,writing_23,add_3,add_3,add_3,verification_25,transfer_13,transfer_13,serving_0,verification_25,verification_25,delete_24,delete_24,delete_24,deleting_34,deleting_34,deleting_34]","[none_40,none_40,none_4,none_40,none_31,none_32,none_31,none_32,none_31,none_32,updated_3,updated_3,updated_3,successful_35,exception_21,exception_21,none_0,successful_35,successful_35,invalid_34,invalid_34,invalid_34,none_46,none_46,none_46]"
2044,"['1', '1', '7', '1', '3', '4', '3', '4', '2', '3', '4', '2', '2', '10', '9', '8', '9', '10', '10', '6', '6', '6', '5', '5', '5']","[block blk_6,block blk_6,NameSystem_2,block blk_6,blk_4,blk_4,blk_4,blk_4,NameSystem_2,blk_4,blk_4,NameSystem_2,NameSystem_2,blk_4,blk_4,/_0,blk_4,blk_4,blk_4,blk_4,blk_4,blk_4,block blk file_7,block blk file_7,block blk file_7]","[receiving_28,receiving_28,allocate_4,receiving_28,none_22,writing_23,none_22,writing_23,add_3,none_22,writing_23,add_3,add_3,verification_25,transfer_13,serving_0,transfer_13,verification_25,verification_25,delete_24,delete_24,delete_24,deleting_34,deleting_34,deleting_34]","[none_40,none_40,none_4,none_40,none_31,none_32,none_31,none_32,updated_3,none_31,none_32,updated_3,updated_3,successful_35,exception_21,none_0,exception_21,successful_35,successful_35,invalid_34,invalid_34,invalid_34,none_46,none_46,none_46]"
2055,"['7', '1', '1', '1', '3', '4', '3', '4', '2', '3', '4', '2', '2', '9', '9', '8', '10', '10', '10', '6', '6', '6', '5', '5', '5']","[NameSystem_2,block blk_6,block blk_6,block blk_6,blk_4,blk_4,blk_4,blk_4,NameSystem_2,blk_4,blk_4,NameSystem_2,NameSystem_2,blk_4,blk_4,/_0,blk_4,blk_4,blk_4,blk_4,blk_4,blk_4,block blk file_7,block blk file_7,block blk file_7]","[allocate_4,receiving_28,receiving_28,receiving_28,none_22,writing_23,none_22,writing_23,add_3,none_22,writing_23,add_3,add_3,transfer_13,transfer_13,serving_0,verification_25,verification_25,verification_25,delete_24,delete_24,delete_24,deleting_34,deleting_34,deleting_34]","[none_4,none_40,none_40,none_40,none_31,none_32,none_31,none_32,updated_3,none_31,none_32,updated_3,updated_3,exception_21,exception_21,none_0,successful_35,successful_35,successful_35,invalid_34,invalid_34,invalid_34,none_46,none_46,none_46]"
2073,"['1', '1', '1', '7', '3', '4', '3', '3', '4', '4', '2', '2', '2', '10', '10', '9', '9', '8', '10', '6', '6', '6', '5', '5', '5']","[block blk_6,block blk_6,block blk_6,NameSystem_2,blk_4,blk_4,blk_4,blk_4,blk_4,blk_4,NameSystem_2,NameSystem_2,NameSystem_2,blk_4,blk_4,blk_4,blk_4,/_0,blk_4,blk_4,blk_4,blk_4,block blk file_7,block blk file_7,block blk file_7]","[receiving_28,receiving_28,receiving_28,allocate_4,none_22,writing_23,none_22,none_22,writing_23,writing_23,add_3,add_3,add_3,verification_25,verification_25,transfer_13,transfer_13,serving_0,verification_25,delete_24,delete_24,delete_24,deleting_34,deleting_34,deleting_34]","[none_40,none_40,none_40,none_4,none_31,none_32,none_31,none_31,none_32,none_32,updated_3,updated_3,updated_3,successful_35,successful_35,exception_21,exception_21,none_0,successful_35,invalid_34,invalid_34,invalid_34,none_46,none_46,none_46]"
2078,"['1', '1', '1', '7', '3', '4', '3', '4', '3', '4', '2', '2', '2', '10', '9', '9', '8', '10', '10', '6', '6', '6', '5', '5', '5']","[block blk_6,block blk_6,block blk_6,NameSystem_2,blk_4,blk_4,blk_4,blk_4,blk_4,blk_4,NameSystem_2,NameSystem_2,NameSystem_2,blk_4,blk_4,blk_4,/_0,blk_4,blk_4,blk_4,blk_4,blk_4,block blk file_7,block blk file_7,block blk file_7]","[receiving_28,receiving_28,receiving_28,allocate_4,none_22,writing_23,none_22,writing_23,none_22,writing_23,add_3,add_3,add_3,verification_25,transfer_13,transfer_13,serving_0,verification_25,verification_25,delete_24,delete_24,delete_24,deleting_34,deleting_34,deleting_34]","[none_40,none_40,none_40,none_4,none_31,none_32,none_31,none_32,none_31,none_32,updated_3,updated_3,updated_3,successful_35,exception_21,exception_21,none_0,successful_35,successful_35,invalid_34,invalid_34,invalid_34,none_46,none_46,none_46]"
2083,"['7', '1', '1', '1', '3', '4', '3', '4', '3', '4', '2', '2', '2', '9', '8', '9', '10', '10', '10', '6', '6', '6', '5', '5', '5']","[NameSystem_2,block blk_6,block blk_6,block blk_6,blk_4,blk_4,blk_4,blk_4,blk_4,blk_4,NameSystem_2,NameSystem_2,NameSystem_2,blk_4,/_0,blk_4,blk_4,blk_4,blk_4,blk_4,blk_4,blk_4,block blk file_7,block blk file_7,block blk file_7]","[allocate_4,receiving_28,receiving_28,receiving_28,none_22,writing_23,none_22,writing_23,none_22,writing_23,add_3,add_3,add_3,transfer_13,serving_0,transfer_13,verification_25,verification_25,verification_25,delete_24,delete_24,delete_24,deleting_34,deleting_34,deleting_34]","[none_4,none_40,none_40,none_40,none_31,none_32,none_31,none_32,none_31,none_32,updated_3,updated_3,updated_3,exception_21,none_0,exception_21,successful_35,successful_35,successful_35,invalid_34,invalid_34,invalid_34,none_46,none_46,none_46]"
2094,"['1', '1', '1', '7', '3', '4', '2', '3', '4', '2', '3', '4', '2', '9', '8', '9', '10', '10', '6', '6', '6', '5', '5', '5']","[block blk_6,block blk_6,block blk_6,NameSystem_2,blk_4,blk_4,NameSystem_2,blk_4,blk_4,NameSystem_2,blk_4,blk_4,NameSystem_2,blk_4,/_0,blk_4,blk_4,blk_4,blk_4,blk_4,blk_4,block blk file_7,block blk file_7,block blk file_7]","[receiving_28,receiving_28,receiving_28,allocate_4,none_22,writing_23,add_3,none_22,writing_23,add_3,none_22,writing_23,add_3,transfer_13,serving_0,transfer_13,verification_25,verification_25,delete_24,delete_24,delete_24,deleting_34,deleting_34,deleting_34]","[none_40,none_40,none_40,none_4,none_31,none_32,updated_3,none_31,none_32,updated_3,none_31,none_32,updated_3,exception_21,none_0,exception_21,successful_35,successful_35,invalid_34,invalid_34,invalid_34,none_46,none_46,none_46]"
2098,"['1', '7', '1', '1', '3', '3', '4', '4', '2', '2', '3', '4', '2', '9', '9', '8', '10', '10', '10', '6', '6', '6', '5', '5', '5']","[block blk_6,NameSystem_2,block blk_6,block blk_6,blk_4,blk_4,blk_4,blk_4,NameSystem_2,NameSystem_2,blk_4,blk_4,NameSystem_2,blk_4,blk_4,/_0,blk_4,blk_4,blk_4,blk_4,blk_4,blk_4,block blk file_7,block blk file_7,block blk file_7]","[receiving_28,allocate_4,receiving_28,receiving_28,none_22,none_22,writing_23,writing_23,add_3,add_3,none_22,writing_23,add_3,transfer_13,transfer_13,serving_0,verification_25,verification_25,verification_25,delete_24,delete_24,delete_24,deleting_34,deleting_34,deleting_34]","[none_40,none_4,none_40,none_40,none_31,none_31,none_32,none_32,updated_3,updated_3,none_31,none_32,updated_3,exception_21,exception_21,none_0,successful_35,successful_35,successful_35,invalid_34,invalid_34,invalid_34,none_46,none_46,none_46]"
2117,"['1', '1', '7', '1', '2', '3', '4', '3', '4', '3', '4', '2', '2', '9', '8', '9', '10', '10', '10', '6', '6', '6', '5', '5', '5']","[block blk_6,block blk_6,NameSystem_2,block blk_6,NameSystem_2,blk_4,blk_4,blk_4,blk_4,blk_4,blk_4,NameSystem_2,NameSystem_2,blk_4,/_0,blk_4,blk_4,blk_4,blk_4,blk_4,blk_4,blk_4,block blk file_7,block blk file_7,block blk file_7]","[receiving_28,receiving_28,allocate_4,receiving_28,add_3,none_22,writing_23,none_22,writing_23,none_22,writing_23,add_3,add_3,transfer_13,serving_0,transfer_13,verification_25,verification_25,verification_25,delete_24,delete_24,delete_24,deleting_34,deleting_34,deleting_34]","[none_40,none_40,none_4,none_40,updated_3,none_31,none_32,none_31,none_32,none_31,none_32,updated_3,updated_3,exception_21,none_0,exception_21,successful_35,successful_35,successful_35,invalid_34,invalid_34,invalid_34,none_46,none_46,none_46]"
2149,"['1', '7', '1', '1', '3', '4', '3', '4', '2', '2', '3', '4', '2', '9', '8', '9', '10', '10', '10', '6', '6', '6', '5', '5', '5']","[block blk_6,NameSystem_2,block blk_6,block blk_6,blk_4,blk_4,blk_4,blk_4,NameSystem_2,NameSystem_2,blk_4,blk_4,NameSystem_2,blk_4,/_0,blk_4,blk_4,blk_4,blk_4,blk_4,blk_4,blk_4,block blk file_7,block blk file_7,block blk file_7]","[receiving_28,allocate_4,receiving_28,receiving_28,none_22,writing_23,none_22,writing_23,add_3,add_3,none_22,writing_23,add_3,transfer_13,serving_0,transfer_13,verification_25,verification_25,verification_25,delete_24,delete_24,delete_24,deleting_34,deleting_34,deleting_34]","[none_40,none_4,none_40,none_40,none_31,none_32,none_31,none_32,updated_3,updated_3,none_31,none_32,updated_3,exception_21,none_0,exception_21,successful_35,successful_35,successful_35,invalid_34,invalid_34,invalid_34,none_46,none_46,none_46]"
2177,"['1', '1', '7', '1', '3', '4', '3', '4', '3', '4', '2', '2', '2', '10', '9', '8', '9', '10', '6', '6', '6', '5', '5', '5']","[block blk_6,block blk_6,NameSystem_2,block blk_6,blk_4,blk_4,blk_4,blk_4,blk_4,blk_4,NameSystem_2,NameSystem_2,NameSystem_2,blk_4,blk_4,/_0,blk_4,blk_4,blk_4,blk_4,blk_4,block blk file_7,block blk file_7,block blk file_7]","[receiving_28,receiving_28,allocate_4,receiving_28,none_22,writing_23,none_22,writing_23,none_22,writing_23,add_3,add_3,add_3,verification_25,transfer_13,serving_0,transfer_13,verification_25,delete_24,delete_24,delete_24,deleting_34,deleting_34,deleting_34]","[none_40,none_40,none_4,none_40,none_31,none_32,none_31,none_32,none_31,none_32,updated_3,updated_3,updated_3,successful_35,exception_21,none_0,exception_21,successful_35,invalid_34,invalid_34,invalid_34,none_46,none_46,none_46]"
2179,"['1', '1', '1', '7', '3', '4', '3', '4', '3', '4', '2', '2', '2', '10', '10', '10', '9', '8', '9', '6', '6', '6', '5', '5', '5']","[block blk_6,block blk_6,block blk_6,NameSystem_2,blk_4,blk_4,blk_4,blk_4,blk_4,blk_4,NameSystem_2,NameSystem_2,NameSystem_2,blk_4,blk_4,blk_4,blk_4,/_0,blk_4,blk_4,blk_4,blk_4,block blk file_7,block blk file_7,block blk file_7]","[receiving_28,receiving_28,receiving_28,allocate_4,none_22,writing_23,none_22,writing_23,none_22,writing_23,add_3,add_3,add_3,verification_25,verification_25,verification_25,transfer_13,serving_0,transfer_13,delete_24,delete_24,delete_24,deleting_34,deleting_34,deleting_34]","[none_40,none_40,none_40,none_4,none_31,none_32,none_31,none_32,none_31,none_32,updated_3,updated_3,updated_3,successful_35,successful_35,successful_35,exception_21,none_0,exception_21,invalid_34,invalid_34,invalid_34,none_46,none_46,none_46]"
2182,"['1', '7', '1', '1', '3', '4', '3', '4', '3', '4', '2', '2', '2', '10', '9', '8', '9', '10', '10', '6', '6', '6', '5', '5', '5']","[block blk_6,NameSystem_2,block blk_6,block blk_6,blk_4,blk_4,blk_4,blk_4,blk_4,blk_4,NameSystem_2,NameSystem_2,NameSystem_2,blk_4,blk_4,/_0,blk_4,blk_4,blk_4,blk_4,blk_4,blk_4,block blk file_7,block blk file_7,block blk file_7]","[receiving_28,allocate_4,receiving_28,receiving_28,none_22,writing_23,none_22,writing_23,none_22,writing_23,add_3,add_3,add_3,verification_25,transfer_13,serving_0,transfer_13,verification_25,verification_25,delete_24,delete_24,delete_24,deleting_34,deleting_34,deleting_34]","[none_40,none_4,none_40,none_40,none_31,none_32,none_31,none_32,none_31,none_32,updated_3,updated_3,updated_3,successful_35,exception_21,none_0,exception_21,successful_35,successful_35,invalid_34,invalid_34,invalid_34,none_46,none_46,none_46]"
2187,"['1', '1', '7', '1', '3', '4', '3', '4', '3', '4', '2', '2', '2', '9', '8', '9', '10', '10', '10', '6', '6', '6', '5', '5', '5']","[block blk_6,block blk_6,NameSystem_2,block blk_6,blk_4,blk_4,blk_4,blk_4,blk_4,blk_4,NameSystem_2,NameSystem_2,NameSystem_2,blk_4,/_0,blk_4,blk_4,blk_4,blk_4,blk_4,blk_4,blk_4,block blk file_7,block blk file_7,block blk file_7]","[receiving_28,receiving_28,allocate_4,receiving_28,none_22,writing_23,none_22,writing_23,none_22,writing_23,add_3,add_3,add_3,transfer_13,serving_0,transfer_13,verification_25,verification_25,verification_25,delete_24,delete_24,delete_24,deleting_34,deleting_34,deleting_34]","[none_40,none_40,none_4,none_40,none_31,none_32,none_31,none_32,none_31,none_32,updated_3,updated_3,updated_3,exception_21,none_0,exception_21,successful_35,successful_35,successful_35,invalid_34,invalid_34,invalid_34,none_46,none_46,none_46]"
2191,"['1', '1', '7', '1', '2', '3', '4', '2', '3', '4', '3', '4', '2', '10', '9', '8', '9', '10', '10', '6', '6', '6', '5', '5', '5']","[block blk_6,block blk_6,NameSystem_2,block blk_6,NameSystem_2,blk_4,blk_4,NameSystem_2,blk_4,blk_4,blk_4,blk_4,NameSystem_2,blk_4,blk_4,/_0,blk_4,blk_4,blk_4,blk_4,blk_4,blk_4,block blk file_7,block blk file_7,block blk file_7]","[receiving_28,receiving_28,allocate_4,receiving_28,add_3,none_22,writing_23,add_3,none_22,writing_23,none_22,writing_23,add_3,verification_25,transfer_13,serving_0,transfer_13,verification_25,verification_25,delete_24,delete_24,delete_24,deleting_34,deleting_34,deleting_34]","[none_40,none_40,none_4,none_40,updated_3,none_31,none_32,updated_3,none_31,none_32,none_31,none_32,updated_3,successful_35,exception_21,none_0,exception_21,successful_35,successful_35,invalid_34,invalid_34,invalid_34,none_46,none_46,none_46]"
2195,"['1', '7', '1', '1', '3', '4', '3', '4', '3', '4', '2', '2', '2', '10', '9', '8', '9', '10', '10', '6', '6', '6', '5', '5', '5']","[block blk_6,NameSystem_2,block blk_6,block blk_6,blk_4,blk_4,blk_4,blk_4,blk_4,blk_4,NameSystem_2,NameSystem_2,NameSystem_2,blk_4,blk_4,/_0,blk_4,blk_4,blk_4,blk_4,blk_4,blk_4,block blk file_7,block blk file_7,block blk file_7]","[receiving_28,allocate_4,receiving_28,receiving_28,none_22,writing_23,none_22,writing_23,none_22,writing_23,add_3,add_3,add_3,verification_25,transfer_13,serving_0,transfer_13,verification_25,verification_25,delete_24,delete_24,delete_24,deleting_34,deleting_34,deleting_34]","[none_40,none_4,none_40,none_40,none_31,none_32,none_31,none_32,none_31,none_32,updated_3,updated_3,updated_3,successful_35,exception_21,none_0,exception_21,successful_35,successful_35,invalid_34,invalid_34,invalid_34,none_46,none_46,none_46]"
2198,"['1', '1', '7', '1', '2', '3', '4', '2', '3', '4', '3', '4', '2', '9', '9', '8', '10', '10', '10', '6', '6', '6', '5', '5', '5']","[block blk_6,block blk_6,NameSystem_2,block blk_6,NameSystem_2,blk_4,blk_4,NameSystem_2,blk_4,blk_4,blk_4,blk_4,NameSystem_2,blk_4,blk_4,/_0,blk_4,blk_4,blk_4,blk_4,blk_4,blk_4,block blk file_7,block blk file_7,block blk file_7]","[receiving_28,receiving_28,allocate_4,receiving_28,add_3,none_22,writing_23,add_3,none_22,writing_23,none_22,writing_23,add_3,transfer_13,transfer_13,serving_0,verification_25,verification_25,verification_25,delete_24,delete_24,delete_24,deleting_34,deleting_34,deleting_34]","[none_40,none_40,none_4,none_40,updated_3,none_31,none_32,updated_3,none_31,none_32,none_31,none_32,updated_3,exception_21,exception_21,none_0,successful_35,successful_35,successful_35,invalid_34,invalid_34,invalid_34,none_46,none_46,none_46]"
2211,"['1', '1', '1', '7', '3', '4', '3', '4', '3', '4', '2', '2', '2', '9', '8', '9', '10', '10', '10', '6', '6', '6', '5', '5', '5']","[block blk_6,block blk_6,block blk_6,NameSystem_2,blk_4,blk_4,blk_4,blk_4,blk_4,blk_4,NameSystem_2,NameSystem_2,NameSystem_2,blk_4,/_0,blk_4,blk_4,blk_4,blk_4,blk_4,blk_4,blk_4,block blk file_7,block blk file_7,block blk file_7]","[receiving_28,receiving_28,receiving_28,allocate_4,none_22,writing_23,none_22,writing_23,none_22,writing_23,add_3,add_3,add_3,transfer_13,serving_0,transfer_13,verification_25,verification_25,verification_25,delete_24,delete_24,delete_24,deleting_34,deleting_34,deleting_34]","[none_40,none_40,none_40,none_4,none_31,none_32,none_31,none_32,none_31,none_32,updated_3,updated_3,updated_3,exception_21,none_0,exception_21,successful_35,successful_35,successful_35,invalid_34,invalid_34,invalid_34,none_46,none_46,none_46]"
2213,"['1', '1', '7', '1', '3', '4', '3', '4', '2', '3', '4', '2', '2', '10', '9', '9', '8', '10', '10', '6', '6', '6', '5', '5', '5']","[block blk_6,block blk_6,NameSystem_2,block blk_6,blk_4,blk_4,blk_4,blk_4,NameSystem_2,blk_4,blk_4,NameSystem_2,NameSystem_2,blk_4,blk_4,blk_4,/_0,blk_4,blk_4,blk_4,blk_4,blk_4,block blk file_7,block blk file_7,block blk file_7]","[receiving_28,receiving_28,allocate_4,receiving_28,none_22,writing_23,none_22,writing_23,add_3,none_22,writing_23,add_3,add_3,verification_25,transfer_13,transfer_13,serving_0,verification_25,verification_25,delete_24,delete_24,delete_24,deleting_34,deleting_34,deleting_34]","[none_40,none_40,none_4,none_40,none_31,none_32,none_31,none_32,updated_3,none_31,none_32,updated_3,updated_3,successful_35,exception_21,exception_21,none_0,successful_35,successful_35,invalid_34,invalid_34,invalid_34,none_46,none_46,none_46]"
2220,"['1', '7', '1', '1', '3', '3', '4', '4', '3', '4', '2', '2', '2', '10', '9', '9', '8', '10', '10', '6', '6', '6', '5', '5', '5']","[block blk_6,NameSystem_2,block blk_6,block blk_6,blk_4,blk_4,blk_4,blk_4,blk_4,blk_4,NameSystem_2,NameSystem_2,NameSystem_2,blk_4,blk_4,blk_4,/_0,blk_4,blk_4,blk_4,blk_4,blk_4,block blk file_7,block blk file_7,block blk file_7]","[receiving_28,allocate_4,receiving_28,receiving_28,none_22,none_22,writing_23,writing_23,none_22,writing_23,add_3,add_3,add_3,verification_25,transfer_13,transfer_13,serving_0,verification_25,verification_25,delete_24,delete_24,delete_24,deleting_34,deleting_34,deleting_34]","[none_40,none_4,none_40,none_40,none_31,none_31,none_32,none_32,none_31,none_32,updated_3,updated_3,updated_3,successful_35,exception_21,exception_21,none_0,successful_35,successful_35,invalid_34,invalid_34,invalid_34,none_46,none_46,none_46]"
2229,"['1', '1', '7', '1', '2', '3', '3', '4', '4', '3', '4', '2', '2', '10', '9', '9', '8', '10', '10', '6', '6', '6', '5', '5', '5']","[block blk_6,block blk_6,NameSystem_2,block blk_6,NameSystem_2,blk_4,blk_4,blk_4,blk_4,blk_4,blk_4,NameSystem_2,NameSystem_2,blk_4,blk_4,blk_4,/_0,blk_4,blk_4,blk_4,blk_4,blk_4,block blk file_7,block blk file_7,block blk file_7]","[receiving_28,receiving_28,allocate_4,receiving_28,add_3,none_22,none_22,writing_23,writing_23,none_22,writing_23,add_3,add_3,verification_25,transfer_13,transfer_13,serving_0,verification_25,verification_25,delete_24,delete_24,delete_24,deleting_34,deleting_34,deleting_34]","[none_40,none_40,none_4,none_40,updated_3,none_31,none_31,none_32,none_32,none_31,none_32,updated_3,updated_3,successful_35,exception_21,exception_21,none_0,successful_35,successful_35,invalid_34,invalid_34,invalid_34,none_46,none_46,none_46]"
2231,"['1', '7', '1', '1', '3', '4', '3', '4', '2', '3', '4', '2', '2', '9', '9', '8', '10', '10', '10', '6', '6', '6', '5', '5', '5']","[block blk_6,NameSystem_2,block blk_6,block blk_6,blk_4,blk_4,blk_4,blk_4,NameSystem_2,blk_4,blk_4,NameSystem_2,NameSystem_2,blk_4,blk_4,/_0,blk_4,blk_4,blk_4,blk_4,blk_4,blk_4,block blk file_7,block blk file_7,block blk file_7]","[receiving_28,allocate_4,receiving_28,receiving_28,none_22,writing_23,none_22,writing_23,add_3,none_22,writing_23,add_3,add_3,transfer_13,transfer_13,serving_0,verification_25,verification_25,verification_25,delete_24,delete_24,delete_24,deleting_34,deleting_34,deleting_34]","[none_40,none_4,none_40,none_40,none_31,none_32,none_31,none_32,updated_3,none_31,none_32,updated_3,updated_3,exception_21,exception_21,none_0,successful_35,successful_35,successful_35,invalid_34,invalid_34,invalid_34,none_46,none_46,none_46]"
2243,"['1', '1', '1', '7', '3', '4', '3', '4', '3', '4', '2', '2', '2', '10', '9', '8', '9', '10', '10', '6', '6', '6', '5', '5', '5']","[block blk_6,block blk_6,block blk_6,NameSystem_2,blk_4,blk_4,blk_4,blk_4,blk_4,blk_4,NameSystem_2,NameSystem_2,NameSystem_2,blk_4,blk_4,/_0,blk_4,blk_4,blk_4,blk_4,blk_4,blk_4,block blk file_7,block blk file_7,block blk file_7]","[receiving_28,receiving_28,receiving_28,allocate_4,none_22,writing_23,none_22,writing_23,none_22,writing_23,add_3,add_3,add_3,verification_25,transfer_13,serving_0,transfer_13,verification_25,verification_25,delete_24,delete_24,delete_24,deleting_34,deleting_34,deleting_34]","[none_40,none_40,none_40,none_4,none_31,none_32,none_31,none_32,none_31,none_32,updated_3,updated_3,updated_3,successful_35,exception_21,none_0,exception_21,successful_35,successful_35,invalid_34,invalid_34,invalid_34,none_46,none_46,none_46]"
2251,"['1', '1', '7', '1', '2', '3', '4', '3', '4', '3', '4', '2', '2', '9', '9', '8', '10', '10', '10', '6', '6', '6', '5', '5', '5']","[block blk_6,block blk_6,NameSystem_2,block blk_6,NameSystem_2,blk_4,blk_4,blk_4,blk_4,blk_4,blk_4,NameSystem_2,NameSystem_2,blk_4,blk_4,/_0,blk_4,blk_4,blk_4,blk_4,blk_4,blk_4,block blk file_7,block blk file_7,block blk file_7]","[receiving_28,receiving_28,allocate_4,receiving_28,add_3,none_22,writing_23,none_22,writing_23,none_22,writing_23,add_3,add_3,transfer_13,transfer_13,serving_0,verification_25,verification_25,verification_25,delete_24,delete_24,delete_24,deleting_34,deleting_34,deleting_34]","[none_40,none_40,none_4,none_40,updated_3,none_31,none_32,none_31,none_32,none_31,none_32,updated_3,updated_3,exception_21,exception_21,none_0,successful_35,successful_35,successful_35,invalid_34,invalid_34,invalid_34,none_46,none_46,none_46]"
2254,"['1', '7', '1', '1', '2', '3', '3', '4', '4', '3', '4', '2', '2', '9', '8', '9', '10', '10', '10', '6', '6', '6', '5', '5', '5']","[block blk_6,NameSystem_2,block blk_6,block blk_6,NameSystem_2,blk_4,blk_4,blk_4,blk_4,blk_4,blk_4,NameSystem_2,NameSystem_2,blk_4,/_0,blk_4,blk_4,blk_4,blk_4,blk_4,blk_4,blk_4,block blk file_7,block blk file_7,block blk file_7]","[receiving_28,allocate_4,receiving_28,receiving_28,add_3,none_22,none_22,writing_23,writing_23,none_22,writing_23,add_3,add_3,transfer_13,serving_0,transfer_13,verification_25,verification_25,verification_25,delete_24,delete_24,delete_24,deleting_34,deleting_34,deleting_34]","[none_40,none_4,none_40,none_40,updated_3,none_31,none_31,none_32,none_32,none_31,none_32,updated_3,updated_3,exception_21,none_0,exception_21,successful_35,successful_35,successful_35,invalid_34,invalid_34,invalid_34,none_46,none_46,none_46]"
2273,"['1', '1', '7', '1', '3', '4', '3', '4', '3', '4', '2', '2', '2', '9', '9', '8', '10', '10', '10', '6', '6', '6', '5', '5', '5']","[block blk_6,block blk_6,NameSystem_2,block blk_6,blk_4,blk_4,blk_4,blk_4,blk_4,blk_4,NameSystem_2,NameSystem_2,NameSystem_2,blk_4,blk_4,/_0,blk_4,blk_4,blk_4,blk_4,blk_4,blk_4,block blk file_7,block blk file_7,block blk file_7]","[receiving_28,receiving_28,allocate_4,receiving_28,none_22,writing_23,none_22,writing_23,none_22,writing_23,add_3,add_3,add_3,transfer_13,transfer_13,serving_0,verification_25,verification_25,verification_25,delete_24,delete_24,delete_24,deleting_34,deleting_34,deleting_34]","[none_40,none_40,none_4,none_40,none_31,none_32,none_31,none_32,none_31,none_32,updated_3,updated_3,updated_3,exception_21,exception_21,none_0,successful_35,successful_35,successful_35,invalid_34,invalid_34,invalid_34,none_46,none_46,none_46]"
2275,"['7', '1', '1', '1', '3', '4', '3', '4', '2', '2', '2', '3', '4', '10', '9', '8', '9', '10', '10', '6', '6', '6', '5', '5', '5']","[NameSystem_2,block blk_6,block blk_6,block blk_6,blk_4,blk_4,blk_4,blk_4,NameSystem_2,NameSystem_2,NameSystem_2,blk_4,blk_4,blk_4,blk_4,/_0,blk_4,blk_4,blk_4,blk_4,blk_4,blk_4,block blk file_7,block blk file_7,block blk file_7]","[allocate_4,receiving_28,receiving_28,receiving_28,none_22,writing_23,none_22,writing_23,add_3,add_3,add_3,none_22,writing_23,verification_25,transfer_13,serving_0,transfer_13,verification_25,verification_25,delete_24,delete_24,delete_24,deleting_34,deleting_34,deleting_34]","[none_4,none_40,none_40,none_40,none_31,none_32,none_31,none_32,updated_3,updated_3,updated_3,none_31,none_32,successful_35,exception_21,none_0,exception_21,successful_35,successful_35,invalid_34,invalid_34,invalid_34,none_46,none_46,none_46]"
2289,"['1', '1', '7', '1', '2', '3', '4', '3', '4', '3', '4', '2', '2', '9', '8', '9', '10', '10', '10', '6', '6', '6', '5', '5', '5']","[block blk_6,block blk_6,NameSystem_2,block blk_6,NameSystem_2,blk_4,blk_4,blk_4,blk_4,blk_4,blk_4,NameSystem_2,NameSystem_2,blk_4,/_0,blk_4,blk_4,blk_4,blk_4,blk_4,blk_4,blk_4,block blk file_7,block blk file_7,block blk file_7]","[receiving_28,receiving_28,allocate_4,receiving_28,add_3,none_22,writing_23,none_22,writing_23,none_22,writing_23,add_3,add_3,transfer_13,serving_0,transfer_13,verification_25,verification_25,verification_25,delete_24,delete_24,delete_24,deleting_34,deleting_34,deleting_34]","[none_40,none_40,none_4,none_40,updated_3,none_31,none_32,none_31,none_32,none_31,none_32,updated_3,updated_3,exception_21,none_0,exception_21,successful_35,successful_35,successful_35,invalid_34,invalid_34,invalid_34,none_46,none_46,none_46]"
2297,"['1', '7', '1', '1', '3', '4', '3', '4', '3', '4', '2', '2', '2', '9', '8', '9', '10', '10', '10', '6', '6', '6', '5', '5', '5']","[block blk_6,NameSystem_2,block blk_6,block blk_6,blk_4,blk_4,blk_4,blk_4,blk_4,blk_4,NameSystem_2,NameSystem_2,NameSystem_2,blk_4,/_0,blk_4,blk_4,blk_4,blk_4,blk_4,blk_4,blk_4,block blk file_7,block blk file_7,block blk file_7]","[receiving_28,allocate_4,receiving_28,receiving_28,none_22,writing_23,none_22,writing_23,none_22,writing_23,add_3,add_3,add_3,transfer_13,serving_0,transfer_13,verification_25,verification_25,verification_25,delete_24,delete_24,delete_24,deleting_34,deleting_34,deleting_34]","[none_40,none_4,none_40,none_40,none_31,none_32,none_31,none_32,none_31,none_32,updated_3,updated_3,updated_3,exception_21,none_0,exception_21,successful_35,successful_35,successful_35,invalid_34,invalid_34,invalid_34,none_46,none_46,none_46]"
2309,"['1', '7', '1', '1', '2', '2', '3', '4', '3', '4', '3', '4', '2', '9', '9', '8', '10', '10', '10', '6', '6', '6', '5', '5', '5']","[block blk_6,NameSystem_2,block blk_6,block blk_6,NameSystem_2,NameSystem_2,blk_4,blk_4,blk_4,blk_4,blk_4,blk_4,NameSystem_2,blk_4,blk_4,/_0,blk_4,blk_4,blk_4,blk_4,blk_4,blk_4,block blk file_7,block blk file_7,block blk file_7]","[receiving_28,allocate_4,receiving_28,receiving_28,add_3,add_3,none_22,writing_23,none_22,writing_23,none_22,writing_23,add_3,transfer_13,transfer_13,serving_0,verification_25,verification_25,verification_25,delete_24,delete_24,delete_24,deleting_34,deleting_34,deleting_34]","[none_40,none_4,none_40,none_40,updated_3,updated_3,none_31,none_32,none_31,none_32,none_31,none_32,updated_3,exception_21,exception_21,none_0,successful_35,successful_35,successful_35,invalid_34,invalid_34,invalid_34,none_46,none_46,none_46]"
2320,"['1', '7', '1', '1', '2', '3', '4', '3', '4', '2', '3', '4', '2', '10', '9', '9', '8', '10', '10', '6', '6', '6', '5', '5', '5']","[block blk_6,NameSystem_2,block blk_6,block blk_6,NameSystem_2,blk_4,blk_4,blk_4,blk_4,NameSystem_2,blk_4,blk_4,NameSystem_2,blk_4,blk_4,blk_4,/_0,blk_4,blk_4,blk_4,blk_4,blk_4,block blk file_7,block blk file_7,block blk file_7]","[receiving_28,allocate_4,receiving_28,receiving_28,add_3,none_22,writing_23,none_22,writing_23,add_3,none_22,writing_23,add_3,verification_25,transfer_13,transfer_13,serving_0,verification_25,verification_25,delete_24,delete_24,delete_24,deleting_34,deleting_34,deleting_34]","[none_40,none_4,none_40,none_40,updated_3,none_31,none_32,none_31,none_32,updated_3,none_31,none_32,updated_3,successful_35,exception_21,exception_21,none_0,successful_35,successful_35,invalid_34,invalid_34,invalid_34,none_46,none_46,none_46]"
2322,"['7', '1', '1', '1', '2', '3', '4', '3', '4', '3', '4', '2', '2', '9', '9', '8', '10', '10', '10', '6', '6', '6', '5', '5', '5']","[NameSystem_2,block blk_6,block blk_6,block blk_6,NameSystem_2,blk_4,blk_4,blk_4,blk_4,blk_4,blk_4,NameSystem_2,NameSystem_2,blk_4,blk_4,/_0,blk_4,blk_4,blk_4,blk_4,blk_4,blk_4,block blk file_7,block blk file_7,block blk file_7]","[allocate_4,receiving_28,receiving_28,receiving_28,add_3,none_22,writing_23,none_22,writing_23,none_22,writing_23,add_3,add_3,transfer_13,transfer_13,serving_0,verification_25,verification_25,verification_25,delete_24,delete_24,delete_24,deleting_34,deleting_34,deleting_34]","[none_4,none_40,none_40,none_40,updated_3,none_31,none_32,none_31,none_32,none_31,none_32,updated_3,updated_3,exception_21,exception_21,none_0,successful_35,successful_35,successful_35,invalid_34,invalid_34,invalid_34,none_46,none_46,none_46]"
2324,"['7', '1', '1', '1', '2', '3', '4', '3', '4', '3', '4', '2', '2', '9', '9', '8', '10', '10', '10', '6', '6', '6', '5', '5', '5']","[NameSystem_2,block blk_6,block blk_6,block blk_6,NameSystem_2,blk_4,blk_4,blk_4,blk_4,blk_4,blk_4,NameSystem_2,NameSystem_2,blk_4,blk_4,/_0,blk_4,blk_4,blk_4,blk_4,blk_4,blk_4,block blk file_7,block blk file_7,block blk file_7]","[allocate_4,receiving_28,receiving_28,receiving_28,add_3,none_22,writing_23,none_22,writing_23,none_22,writing_23,add_3,add_3,transfer_13,transfer_13,serving_0,verification_25,verification_25,verification_25,delete_24,delete_24,delete_24,deleting_34,deleting_34,deleting_34]","[none_4,none_40,none_40,none_40,updated_3,none_31,none_32,none_31,none_32,none_31,none_32,updated_3,updated_3,exception_21,exception_21,none_0,successful_35,successful_35,successful_35,invalid_34,invalid_34,invalid_34,none_46,none_46,none_46]"
2328,"['1', '7', '1', '1', '2', '3', '4', '3', '3', '4', '4', '2', '2', '9', '8', '9', '10', '10', '10', '6', '6', '6', '5', '5', '5']","[block blk_6,NameSystem_2,block blk_6,block blk_6,NameSystem_2,blk_4,blk_4,blk_4,blk_4,blk_4,blk_4,NameSystem_2,NameSystem_2,blk_4,/_0,blk_4,blk_4,blk_4,blk_4,blk_4,blk_4,blk_4,block blk file_7,block blk file_7,block blk file_7]","[receiving_28,allocate_4,receiving_28,receiving_28,add_3,none_22,writing_23,none_22,none_22,writing_23,writing_23,add_3,add_3,transfer_13,serving_0,transfer_13,verification_25,verification_25,verification_25,delete_24,delete_24,delete_24,deleting_34,deleting_34,deleting_34]","[none_40,none_4,none_40,none_40,updated_3,none_31,none_32,none_31,none_31,none_32,none_32,updated_3,updated_3,exception_21,none_0,exception_21,successful_35,successful_35,successful_35,invalid_34,invalid_34,invalid_34,none_46,none_46,none_46]"
2331,"['7', '1', '1', '1', '3', '4', '3', '4', '2', '3', '4', '2', '2', '10', '10', '9', '8', '9', '10', '6', '6', '6', '5', '5', '5']","[NameSystem_2,block blk_6,block blk_6,block blk_6,blk_4,blk_4,blk_4,blk_4,NameSystem_2,blk_4,blk_4,NameSystem_2,NameSystem_2,blk_4,blk_4,blk_4,/_0,blk_4,blk_4,blk_4,blk_4,blk_4,block blk file_7,block blk file_7,block blk file_7]","[allocate_4,receiving_28,receiving_28,receiving_28,none_22,writing_23,none_22,writing_23,add_3,none_22,writing_23,add_3,add_3,verification_25,verification_25,transfer_13,serving_0,transfer_13,verification_25,delete_24,delete_24,delete_24,deleting_34,deleting_34,deleting_34]","[none_4,none_40,none_40,none_40,none_31,none_32,none_31,none_32,updated_3,none_31,none_32,updated_3,updated_3,successful_35,successful_35,exception_21,none_0,exception_21,successful_35,invalid_34,invalid_34,invalid_34,none_46,none_46,none_46]"
2358,"['1', '7', '1', '1', '2', '3', '4', '3', '4', '3', '4', '2', '2', '9', '8', '9', '10', '10', '10', '6', '6', '6', '5', '5', '5']","[block blk_6,NameSystem_2,block blk_6,block blk_6,NameSystem_2,blk_4,blk_4,blk_4,blk_4,blk_4,blk_4,NameSystem_2,NameSystem_2,blk_4,/_0,blk_4,blk_4,blk_4,blk_4,blk_4,blk_4,blk_4,block blk file_7,block blk file_7,block blk file_7]","[receiving_28,allocate_4,receiving_28,receiving_28,add_3,none_22,writing_23,none_22,writing_23,none_22,writing_23,add_3,add_3,transfer_13,serving_0,transfer_13,verification_25,verification_25,verification_25,delete_24,delete_24,delete_24,deleting_34,deleting_34,deleting_34]","[none_40,none_4,none_40,none_40,updated_3,none_31,none_32,none_31,none_32,none_31,none_32,updated_3,updated_3,exception_21,none_0,exception_21,successful_35,successful_35,successful_35,invalid_34,invalid_34,invalid_34,none_46,none_46,none_46]"
2363,"['7', '1', '1', '1', '2', '3', '4', '3', '4', '3', '4', '2', '2', '10', '9', '9', '8', '10', '10', '6', '6', '6', '5', '5', '5']","[NameSystem_2,block blk_6,block blk_6,block blk_6,NameSystem_2,blk_4,blk_4,blk_4,blk_4,blk_4,blk_4,NameSystem_2,NameSystem_2,blk_4,blk_4,blk_4,/_0,blk_4,blk_4,blk_4,blk_4,blk_4,block blk file_7,block blk file_7,block blk file_7]","[allocate_4,receiving_28,receiving_28,receiving_28,add_3,none_22,writing_23,none_22,writing_23,none_22,writing_23,add_3,add_3,verification_25,transfer_13,transfer_13,serving_0,verification_25,verification_25,delete_24,delete_24,delete_24,deleting_34,deleting_34,deleting_34]","[none_4,none_40,none_40,none_40,updated_3,none_31,none_32,none_31,none_32,none_31,none_32,updated_3,updated_3,successful_35,exception_21,exception_21,none_0,successful_35,successful_35,invalid_34,invalid_34,invalid_34,none_46,none_46,none_46]"
2370,"['7', '1', '1', '1', '2', '2', '3', '3', '4', '4', '2', '3', '4', '9', '8', '9', '10', '10', '10', '6', '6', '6', '5', '5', '5']","[NameSystem_2,block blk_6,block blk_6,block blk_6,NameSystem_2,NameSystem_2,blk_4,blk_4,blk_4,blk_4,NameSystem_2,blk_4,blk_4,blk_4,/_0,blk_4,blk_4,blk_4,blk_4,blk_4,blk_4,blk_4,block blk file_7,block blk file_7,block blk file_7]","[allocate_4,receiving_28,receiving_28,receiving_28,add_3,add_3,none_22,none_22,writing_23,writing_23,add_3,none_22,writing_23,transfer_13,serving_0,transfer_13,verification_25,verification_25,verification_25,delete_24,delete_24,delete_24,deleting_34,deleting_34,deleting_34]","[none_4,none_40,none_40,none_40,updated_3,updated_3,none_31,none_31,none_32,none_32,updated_3,none_31,none_32,exception_21,none_0,exception_21,successful_35,successful_35,successful_35,invalid_34,invalid_34,invalid_34,none_46,none_46,none_46]"
2375,"['1', '1', '7', '1', '3', '4', '3', '4', '2', '3', '4', '2', '2', '10', '10', '9', '8', '9', '10', '6', '6', '6', '5', '5', '5']","[block blk_6,block blk_6,NameSystem_2,block blk_6,blk_4,blk_4,blk_4,blk_4,NameSystem_2,blk_4,blk_4,NameSystem_2,NameSystem_2,blk_4,blk_4,blk_4,/_0,blk_4,blk_4,blk_4,blk_4,blk_4,block blk file_7,block blk file_7,block blk file_7]","[receiving_28,receiving_28,allocate_4,receiving_28,none_22,writing_23,none_22,writing_23,add_3,none_22,writing_23,add_3,add_3,verification_25,verification_25,transfer_13,serving_0,transfer_13,verification_25,delete_24,delete_24,delete_24,deleting_34,deleting_34,deleting_34]","[none_40,none_40,none_4,none_40,none_31,none_32,none_31,none_32,updated_3,none_31,none_32,updated_3,updated_3,successful_35,successful_35,exception_21,none_0,exception_21,successful_35,invalid_34,invalid_34,invalid_34,none_46,none_46,none_46]"
2376,"['7', '1', '1', '1', '4', '2', '3', '4', '3', '4', '3', '2', '2', '9', '8', '9', '10', '10', '10', '6', '6', '6', '5', '5', '5']","[NameSystem_2,block blk_6,block blk_6,block blk_6,blk_4,NameSystem_2,blk_4,blk_4,blk_4,blk_4,blk_4,NameSystem_2,NameSystem_2,blk_4,/_0,blk_4,blk_4,blk_4,blk_4,blk_4,blk_4,blk_4,block blk file_7,block blk file_7,block blk file_7]","[allocate_4,receiving_28,receiving_28,receiving_28,writing_23,add_3,none_22,writing_23,none_22,writing_23,none_22,add_3,add_3,transfer_13,serving_0,transfer_13,verification_25,verification_25,verification_25,delete_24,delete_24,delete_24,deleting_34,deleting_34,deleting_34]","[none_4,none_40,none_40,none_40,none_32,updated_3,none_31,none_32,none_31,none_32,none_31,updated_3,updated_3,exception_21,none_0,exception_21,successful_35,successful_35,successful_35,invalid_34,invalid_34,invalid_34,none_46,none_46,none_46]"
2406,"['1', '1', '7', '1', '2', '3', '4', '3', '4', '2', '2', '3', '4', '9', '8', '9', '10', '10', '10', '6', '6', '6', '5', '5', '5']","[block blk_6,block blk_6,NameSystem_2,block blk_6,NameSystem_2,blk_4,blk_4,blk_4,blk_4,NameSystem_2,NameSystem_2,blk_4,blk_4,blk_4,/_0,blk_4,blk_4,blk_4,blk_4,blk_4,blk_4,blk_4,block blk file_7,block blk file_7,block blk file_7]","[receiving_28,receiving_28,allocate_4,receiving_28,add_3,none_22,writing_23,none_22,writing_23,add_3,add_3,none_22,writing_23,transfer_13,serving_0,transfer_13,verification_25,verification_25,verification_25,delete_24,delete_24,delete_24,deleting_34,deleting_34,deleting_34]","[none_40,none_40,none_4,none_40,updated_3,none_31,none_32,none_31,none_32,updated_3,updated_3,none_31,none_32,exception_21,none_0,exception_21,successful_35,successful_35,successful_35,invalid_34,invalid_34,invalid_34,none_46,none_46,none_46]"
2407,"['1', '7', '1', '1', '2', '3', '4', '3', '4', '3', '4', '2', '2', '9', '9', '8', '10', '10', '10', '6', '6', '6', '5', '5', '5']","[block blk_6,NameSystem_2,block blk_6,block blk_6,NameSystem_2,blk_4,blk_4,blk_4,blk_4,blk_4,blk_4,NameSystem_2,NameSystem_2,blk_4,blk_4,/_0,blk_4,blk_4,blk_4,blk_4,blk_4,blk_4,block blk file_7,block blk file_7,block blk file_7]","[receiving_28,allocate_4,receiving_28,receiving_28,add_3,none_22,writing_23,none_22,writing_23,none_22,writing_23,add_3,add_3,transfer_13,transfer_13,serving_0,verification_25,verification_25,verification_25,delete_24,delete_24,delete_24,deleting_34,deleting_34,deleting_34]","[none_40,none_4,none_40,none_40,updated_3,none_31,none_32,none_31,none_32,none_31,none_32,updated_3,updated_3,exception_21,exception_21,none_0,successful_35,successful_35,successful_35,invalid_34,invalid_34,invalid_34,none_46,none_46,none_46]"
2408,"['1', '1', '1', '7', '3', '4', '3', '4', '2', '2', '3', '4', '2', '10', '9', '8', '9', '10', '10', '6', '6', '6', '5', '5', '5']","[block blk_6,block blk_6,block blk_6,NameSystem_2,blk_4,blk_4,blk_4,blk_4,NameSystem_2,NameSystem_2,blk_4,blk_4,NameSystem_2,blk_4,blk_4,/_0,blk_4,blk_4,blk_4,blk_4,blk_4,blk_4,block blk file_7,block blk file_7,block blk file_7]","[receiving_28,receiving_28,receiving_28,allocate_4,none_22,writing_23,none_22,writing_23,add_3,add_3,none_22,writing_23,add_3,verification_25,transfer_13,serving_0,transfer_13,verification_25,verification_25,delete_24,delete_24,delete_24,deleting_34,deleting_34,deleting_34]","[none_40,none_40,none_40,none_4,none_31,none_32,none_31,none_32,updated_3,updated_3,none_31,none_32,updated_3,successful_35,exception_21,none_0,exception_21,successful_35,successful_35,invalid_34,invalid_34,invalid_34,none_46,none_46,none_46]"
2410,"['1', '7', '1', '1', '2', '3', '3', '4', '4', '2', '2', '3', '4', '9', '9', '8', '10', '10', '10', '6', '6', '6', '5', '5', '5']","[block blk_6,NameSystem_2,block blk_6,block blk_6,NameSystem_2,blk_4,blk_4,blk_4,blk_4,NameSystem_2,NameSystem_2,blk_4,blk_4,blk_4,blk_4,/_0,blk_4,blk_4,blk_4,blk_4,blk_4,blk_4,block blk file_7,block blk file_7,block blk file_7]","[receiving_28,allocate_4,receiving_28,receiving_28,add_3,none_22,none_22,writing_23,writing_23,add_3,add_3,none_22,writing_23,transfer_13,transfer_13,serving_0,verification_25,verification_25,verification_25,delete_24,delete_24,delete_24,deleting_34,deleting_34,deleting_34]","[none_40,none_4,none_40,none_40,updated_3,none_31,none_31,none_32,none_32,updated_3,updated_3,none_31,none_32,exception_21,exception_21,none_0,successful_35,successful_35,successful_35,invalid_34,invalid_34,invalid_34,none_46,none_46,none_46]"
2418,"['1', '1', '7', '1', '2', '3', '4', '3', '4', '3', '4', '2', '2', '9', '9', '8', '10', '10', '10', '6', '6', '6', '5', '5', '5']","[block blk_6,block blk_6,NameSystem_2,block blk_6,NameSystem_2,blk_4,blk_4,blk_4,blk_4,blk_4,blk_4,NameSystem_2,NameSystem_2,blk_4,blk_4,/_0,blk_4,blk_4,blk_4,blk_4,blk_4,blk_4,block blk file_7,block blk file_7,block blk file_7]","[receiving_28,receiving_28,allocate_4,receiving_28,add_3,none_22,writing_23,none_22,writing_23,none_22,writing_23,add_3,add_3,transfer_13,transfer_13,serving_0,verification_25,verification_25,verification_25,delete_24,delete_24,delete_24,deleting_34,deleting_34,deleting_34]","[none_40,none_40,none_4,none_40,updated_3,none_31,none_32,none_31,none_32,none_31,none_32,updated_3,updated_3,exception_21,exception_21,none_0,successful_35,successful_35,successful_35,invalid_34,invalid_34,invalid_34,none_46,none_46,none_46]"
2419,"['7', '1', '1', '1', '3', '4', '3', '4', '3', '4', '2', '2', '2', '10', '9', '9', '8', '10', '10', '6', '6', '6', '5', '5', '5']","[NameSystem_2,block blk_6,block blk_6,block blk_6,blk_4,blk_4,blk_4,blk_4,blk_4,blk_4,NameSystem_2,NameSystem_2,NameSystem_2,blk_4,blk_4,blk_4,/_0,blk_4,blk_4,blk_4,blk_4,blk_4,block blk file_7,block blk file_7,block blk file_7]","[allocate_4,receiving_28,receiving_28,receiving_28,none_22,writing_23,none_22,writing_23,none_22,writing_23,add_3,add_3,add_3,verification_25,transfer_13,transfer_13,serving_0,verification_25,verification_25,delete_24,delete_24,delete_24,deleting_34,deleting_34,deleting_34]","[none_4,none_40,none_40,none_40,none_31,none_32,none_31,none_32,none_31,none_32,updated_3,updated_3,updated_3,successful_35,exception_21,exception_21,none_0,successful_35,successful_35,invalid_34,invalid_34,invalid_34,none_46,none_46,none_46]"
2437,"['1', '1', '7', '1', '2', '3', '4', '3', '4', '2', '3', '4', '2', '9', '8', '9', '10', '10', '10', '6', '6', '6', '5', '5', '5']","[block blk_6,block blk_6,NameSystem_2,block blk_6,NameSystem_2,blk_4,blk_4,blk_4,blk_4,NameSystem_2,blk_4,blk_4,NameSystem_2,blk_4,/_0,blk_4,blk_4,blk_4,blk_4,blk_4,blk_4,blk_4,block blk file_7,block blk file_7,block blk file_7]","[receiving_28,receiving_28,allocate_4,receiving_28,add_3,none_22,writing_23,none_22,writing_23,add_3,none_22,writing_23,add_3,transfer_13,serving_0,transfer_13,verification_25,verification_25,verification_25,delete_24,delete_24,delete_24,deleting_34,deleting_34,deleting_34]","[none_40,none_40,none_4,none_40,updated_3,none_31,none_32,none_31,none_32,updated_3,none_31,none_32,updated_3,exception_21,none_0,exception_21,successful_35,successful_35,successful_35,invalid_34,invalid_34,invalid_34,none_46,none_46,none_46]"
2441,"['7', '1', '1', '1', '2', '2', '3', '4', '3', '4', '3', '4', '2', '9', '9', '8', '10', '10', '10', '6', '6', '6', '5', '5', '5', '15']","[NameSystem_2,block blk_6,block blk_6,block blk_6,NameSystem_2,NameSystem_2,blk_4,blk_4,blk_4,blk_4,blk_4,blk_4,NameSystem_2,blk_4,blk_4,/_0,blk_4,blk_4,blk_4,blk_4,blk_4,blk_4,block blk file_7,block blk file_7,block blk file_7,block blk_6]","[allocate_4,receiving_28,receiving_28,receiving_28,add_3,add_3,none_22,writing_23,none_22,writing_23,none_22,writing_23,add_3,transfer_13,transfer_13,serving_0,verification_25,verification_25,verification_25,delete_24,delete_24,delete_24,deleting_34,deleting_34,deleting_34,deleting_30]","[none_4,none_40,none_40,none_40,updated_3,updated_3,none_31,none_32,none_31,none_32,none_31,none_32,updated_3,exception_21,exception_21,none_0,successful_35,successful_35,successful_35,invalid_34,invalid_34,invalid_34,none_46,none_46,none_46,error_42]"
2445,"['1', '1', '7', '1', '3', '4', '3', '4', '2', '3', '4', '2', '2', '10', '9', '9', '8', '10', '10', '6', '6', '6', '5', '5', '5', '15']","[block blk_6,block blk_6,NameSystem_2,block blk_6,blk_4,blk_4,blk_4,blk_4,NameSystem_2,blk_4,blk_4,NameSystem_2,NameSystem_2,blk_4,blk_4,blk_4,/_0,blk_4,blk_4,blk_4,blk_4,blk_4,block blk file_7,block blk file_7,block blk file_7,block blk_6]","[receiving_28,receiving_28,allocate_4,receiving_28,none_22,writing_23,none_22,writing_23,add_3,none_22,writing_23,add_3,add_3,verification_25,transfer_13,transfer_13,serving_0,verification_25,verification_25,delete_24,delete_24,delete_24,deleting_34,deleting_34,deleting_34,deleting_30]","[none_40,none_40,none_4,none_40,none_31,none_32,none_31,none_32,updated_3,none_31,none_32,updated_3,updated_3,successful_35,exception_21,exception_21,none_0,successful_35,successful_35,invalid_34,invalid_34,invalid_34,none_46,none_46,none_46,error_42]"
2448,"['1', '7', '1', '1', '3', '4', '2', '3', '4', '2', '3', '4', '2', '10', '9', '8', '9', '10', '10', '6', '6', '6', '5', '5', '5']","[block blk_6,NameSystem_2,block blk_6,block blk_6,blk_4,blk_4,NameSystem_2,blk_4,blk_4,NameSystem_2,blk_4,blk_4,NameSystem_2,blk_4,blk_4,/_0,blk_4,blk_4,blk_4,blk_4,blk_4,blk_4,block blk file_7,block blk file_7,block blk file_7]","[receiving_28,allocate_4,receiving_28,receiving_28,none_22,writing_23,add_3,none_22,writing_23,add_3,none_22,writing_23,add_3,verification_25,transfer_13,serving_0,transfer_13,verification_25,verification_25,delete_24,delete_24,delete_24,deleting_34,deleting_34,deleting_34]","[none_40,none_4,none_40,none_40,none_31,none_32,updated_3,none_31,none_32,updated_3,none_31,none_32,updated_3,successful_35,exception_21,none_0,exception_21,successful_35,successful_35,invalid_34,invalid_34,invalid_34,none_46,none_46,none_46]"
2452,"['7', '1', '1', '1', '2', '3', '4', '3', '4', '2', '3', '4', '2', '9', '9', '8', '10', '10', '10', '6', '6', '6', '5', '5', '5']","[NameSystem_2,block blk_6,block blk_6,block blk_6,NameSystem_2,blk_4,blk_4,blk_4,blk_4,NameSystem_2,blk_4,blk_4,NameSystem_2,blk_4,blk_4,/_0,blk_4,blk_4,blk_4,blk_4,blk_4,blk_4,block blk file_7,block blk file_7,block blk file_7]","[allocate_4,receiving_28,receiving_28,receiving_28,add_3,none_22,writing_23,none_22,writing_23,add_3,none_22,writing_23,add_3,transfer_13,transfer_13,serving_0,verification_25,verification_25,verification_25,delete_24,delete_24,delete_24,deleting_34,deleting_34,deleting_34]","[none_4,none_40,none_40,none_40,updated_3,none_31,none_32,none_31,none_32,updated_3,none_31,none_32,updated_3,exception_21,exception_21,none_0,successful_35,successful_35,successful_35,invalid_34,invalid_34,invalid_34,none_46,none_46,none_46]"
2461,"['1', '7', '1', '1', '2', '3', '4', '3', '4', '3', '4', '2', '2', '9', '8', '9', '10', '10', '10', '6', '6', '6', '5', '5', '5']","[block blk_6,NameSystem_2,block blk_6,block blk_6,NameSystem_2,blk_4,blk_4,blk_4,blk_4,blk_4,blk_4,NameSystem_2,NameSystem_2,blk_4,/_0,blk_4,blk_4,blk_4,blk_4,blk_4,blk_4,blk_4,block blk file_7,block blk file_7,block blk file_7]","[receiving_28,allocate_4,receiving_28,receiving_28,add_3,none_22,writing_23,none_22,writing_23,none_22,writing_23,add_3,add_3,transfer_13,serving_0,transfer_13,verification_25,verification_25,verification_25,delete_24,delete_24,delete_24,deleting_34,deleting_34,deleting_34]","[none_40,none_4,none_40,none_40,updated_3,none_31,none_32,none_31,none_32,none_31,none_32,updated_3,updated_3,exception_21,none_0,exception_21,successful_35,successful_35,successful_35,invalid_34,invalid_34,invalid_34,none_46,none_46,none_46]"
2467,"['1', '7', '1', '1', '3', '4', '2', '3', '4', '3', '4', '2', '2', '10', '9', '9', '8', '10', '6', '6', '6', '5', '5', '5']","[block blk_6,NameSystem_2,block blk_6,block blk_6,blk_4,blk_4,NameSystem_2,blk_4,blk_4,blk_4,blk_4,NameSystem_2,NameSystem_2,blk_4,blk_4,blk_4,/_0,blk_4,blk_4,blk_4,blk_4,block blk file_7,block blk file_7,block blk file_7]","[receiving_28,allocate_4,receiving_28,receiving_28,none_22,writing_23,add_3,none_22,writing_23,none_22,writing_23,add_3,add_3,verification_25,transfer_13,transfer_13,serving_0,verification_25,delete_24,delete_24,delete_24,deleting_34,deleting_34,deleting_34]","[none_40,none_4,none_40,none_40,none_31,none_32,updated_3,none_31,none_32,none_31,none_32,updated_3,updated_3,successful_35,exception_21,exception_21,none_0,successful_35,invalid_34,invalid_34,invalid_34,none_46,none_46,none_46]"
2472,"['7', '1', '1', '1', '2', '3', '4', '3', '4', '3', '4', '2', '2', '10', '9', '9', '8', '10', '10', '6', '6', '6', '5', '5', '5']","[NameSystem_2,block blk_6,block blk_6,block blk_6,NameSystem_2,blk_4,blk_4,blk_4,blk_4,blk_4,blk_4,NameSystem_2,NameSystem_2,blk_4,blk_4,blk_4,/_0,blk_4,blk_4,blk_4,blk_4,blk_4,block blk file_7,block blk file_7,block blk file_7]","[allocate_4,receiving_28,receiving_28,receiving_28,add_3,none_22,writing_23,none_22,writing_23,none_22,writing_23,add_3,add_3,verification_25,transfer_13,transfer_13,serving_0,verification_25,verification_25,delete_24,delete_24,delete_24,deleting_34,deleting_34,deleting_34]","[none_4,none_40,none_40,none_40,updated_3,none_31,none_32,none_31,none_32,none_31,none_32,updated_3,updated_3,successful_35,exception_21,exception_21,none_0,successful_35,successful_35,invalid_34,invalid_34,invalid_34,none_46,none_46,none_46]"
2488,"['7', '1', '1', '1', '3', '4', '3', '4', '3', '4', '2', '2', '2', '10', '9', '8', '9', '10', '10', '6', '6', '6', '5', '5', '5']","[NameSystem_2,block blk_6,block blk_6,block blk_6,blk_4,blk_4,blk_4,blk_4,blk_4,blk_4,NameSystem_2,NameSystem_2,NameSystem_2,blk_4,blk_4,/_0,blk_4,blk_4,blk_4,blk_4,blk_4,blk_4,block blk file_7,block blk file_7,block blk file_7]","[allocate_4,receiving_28,receiving_28,receiving_28,none_22,writing_23,none_22,writing_23,none_22,writing_23,add_3,add_3,add_3,verification_25,transfer_13,serving_0,transfer_13,verification_25,verification_25,delete_24,delete_24,delete_24,deleting_34,deleting_34,deleting_34]","[none_4,none_40,none_40,none_40,none_31,none_32,none_31,none_32,none_31,none_32,updated_3,updated_3,updated_3,successful_35,exception_21,none_0,exception_21,successful_35,successful_35,invalid_34,invalid_34,invalid_34,none_46,none_46,none_46]"
2496,"['7', '1', '1', '1', '2', '3', '4', '3', '4', '3', '4', '2', '2', '9', '8', '10', '9', '10', '10', '6', '6', '6', '5', '5', '5']","[NameSystem_2,block blk_6,block blk_6,block blk_6,NameSystem_2,blk_4,blk_4,blk_4,blk_4,blk_4,blk_4,NameSystem_2,NameSystem_2,blk_4,/_0,blk_4,blk_4,blk_4,blk_4,blk_4,blk_4,blk_4,block blk file_7,block blk file_7,block blk file_7]","[allocate_4,receiving_28,receiving_28,receiving_28,add_3,none_22,writing_23,none_22,writing_23,none_22,writing_23,add_3,add_3,transfer_13,serving_0,verification_25,transfer_13,verification_25,verification_25,delete_24,delete_24,delete_24,deleting_34,deleting_34,deleting_34]","[none_4,none_40,none_40,none_40,updated_3,none_31,none_32,none_31,none_32,none_31,none_32,updated_3,updated_3,exception_21,none_0,successful_35,exception_21,successful_35,successful_35,invalid_34,invalid_34,invalid_34,none_46,none_46,none_46]"
2519,"['1', '1', '7', '1', '2', '3', '4', '3', '4', '3', '4', '2', '2', '9', '8', '9', '10', '10', '10', '6', '6', '6', '5', '5', '5']","[block blk_6,block blk_6,NameSystem_2,block blk_6,NameSystem_2,blk_4,blk_4,blk_4,blk_4,blk_4,blk_4,NameSystem_2,NameSystem_2,blk_4,/_0,blk_4,blk_4,blk_4,blk_4,blk_4,blk_4,blk_4,block blk file_7,block blk file_7,block blk file_7]","[receiving_28,receiving_28,allocate_4,receiving_28,add_3,none_22,writing_23,none_22,writing_23,none_22,writing_23,add_3,add_3,transfer_13,serving_0,transfer_13,verification_25,verification_25,verification_25,delete_24,delete_24,delete_24,deleting_34,deleting_34,deleting_34]","[none_40,none_40,none_4,none_40,updated_3,none_31,none_32,none_31,none_32,none_31,none_32,updated_3,updated_3,exception_21,none_0,exception_21,successful_35,successful_35,successful_35,invalid_34,invalid_34,invalid_34,none_46,none_46,none_46]"
2536,"['1', '1', '7', '1', '2', '3', '4', '3', '4', '2', '2', '3', '4', '9', '9', '8', '10', '10', '10', '6', '6', '6', '5', '5', '5']","[block blk_6,block blk_6,NameSystem_2,block blk_6,NameSystem_2,blk_4,blk_4,blk_4,blk_4,NameSystem_2,NameSystem_2,blk_4,blk_4,blk_4,blk_4,/_0,blk_4,blk_4,blk_4,blk_4,blk_4,blk_4,block blk file_7,block blk file_7,block blk file_7]","[receiving_28,receiving_28,allocate_4,receiving_28,add_3,none_22,writing_23,none_22,writing_23,add_3,add_3,none_22,writing_23,transfer_13,transfer_13,serving_0,verification_25,verification_25,verification_25,delete_24,delete_24,delete_24,deleting_34,deleting_34,deleting_34]","[none_40,none_40,none_4,none_40,updated_3,none_31,none_32,none_31,none_32,updated_3,updated_3,none_31,none_32,exception_21,exception_21,none_0,successful_35,successful_35,successful_35,invalid_34,invalid_34,invalid_34,none_46,none_46,none_46]"
2542,"['1', '7', '1', '1', '2', '2', '3', '4', '3', '4', '3', '4', '2', '10', '9', '8', '9', '10', '10', '6', '6', '6', '5', '5', '5']","[block blk_6,NameSystem_2,block blk_6,block blk_6,NameSystem_2,NameSystem_2,blk_4,blk_4,blk_4,blk_4,blk_4,blk_4,NameSystem_2,blk_4,blk_4,/_0,blk_4,blk_4,blk_4,blk_4,blk_4,blk_4,block blk file_7,block blk file_7,block blk file_7]","[receiving_28,allocate_4,receiving_28,receiving_28,add_3,add_3,none_22,writing_23,none_22,writing_23,none_22,writing_23,add_3,verification_25,transfer_13,serving_0,transfer_13,verification_25,verification_25,delete_24,delete_24,delete_24,deleting_34,deleting_34,deleting_34]","[none_40,none_4,none_40,none_40,updated_3,updated_3,none_31,none_32,none_31,none_32,none_31,none_32,updated_3,successful_35,exception_21,none_0,exception_21,successful_35,successful_35,invalid_34,invalid_34,invalid_34,none_46,none_46,none_46]"
2552,"['1', '7', '1', '1', '2', '3', '4', '3', '4', '3', '4', '2', '2', '10', '9', '8', '9', '10', '6', '6', '6', '5', '5', '5']","[block blk_6,NameSystem_2,block blk_6,block blk_6,NameSystem_2,blk_4,blk_4,blk_4,blk_4,blk_4,blk_4,NameSystem_2,NameSystem_2,blk_4,blk_4,/_0,blk_4,blk_4,blk_4,blk_4,blk_4,block blk file_7,block blk file_7,block blk file_7]","[receiving_28,allocate_4,receiving_28,receiving_28,add_3,none_22,writing_23,none_22,writing_23,none_22,writing_23,add_3,add_3,verification_25,transfer_13,serving_0,transfer_13,verification_25,delete_24,delete_24,delete_24,deleting_34,deleting_34,deleting_34]","[none_40,none_4,none_40,none_40,updated_3,none_31,none_32,none_31,none_32,none_31,none_32,updated_3,updated_3,successful_35,exception_21,none_0,exception_21,successful_35,invalid_34,invalid_34,invalid_34,none_46,none_46,none_46]"
2564,"['7', '1', '1', '1', '3', '4', '3', '4', '2', '2', '2', '3', '4', '9', '8', '9', '10', '10', '10', '6', '6', '6', '5', '5', '5']","[NameSystem_2,block blk_6,block blk_6,block blk_6,blk_4,blk_4,blk_4,blk_4,NameSystem_2,NameSystem_2,NameSystem_2,blk_4,blk_4,blk_4,/_0,blk_4,blk_4,blk_4,blk_4,blk_4,blk_4,blk_4,block blk file_7,block blk file_7,block blk file_7]","[allocate_4,receiving_28,receiving_28,receiving_28,none_22,writing_23,none_22,writing_23,add_3,add_3,add_3,none_22,writing_23,transfer_13,serving_0,transfer_13,verification_25,verification_25,verification_25,delete_24,delete_24,delete_24,deleting_34,deleting_34,deleting_34]","[none_4,none_40,none_40,none_40,none_31,none_32,none_31,none_32,updated_3,updated_3,updated_3,none_31,none_32,exception_21,none_0,exception_21,successful_35,successful_35,successful_35,invalid_34,invalid_34,invalid_34,none_46,none_46,none_46]"
2579,"['7', '1', '1', '1', '3', '4', '3', '4', '3', '4', '2', '2', '2', '9', '9', '8', '10', '10', '10', '6', '6', '6', '5', '5', '5']","[NameSystem_2,block blk_6,block blk_6,block blk_6,blk_4,blk_4,blk_4,blk_4,blk_4,blk_4,NameSystem_2,NameSystem_2,NameSystem_2,blk_4,blk_4,/_0,blk_4,blk_4,blk_4,blk_4,blk_4,blk_4,block blk file_7,block blk file_7,block blk file_7]","[allocate_4,receiving_28,receiving_28,receiving_28,none_22,writing_23,none_22,writing_23,none_22,writing_23,add_3,add_3,add_3,transfer_13,transfer_13,serving_0,verification_25,verification_25,verification_25,delete_24,delete_24,delete_24,deleting_34,deleting_34,deleting_34]","[none_4,none_40,none_40,none_40,none_31,none_32,none_31,none_32,none_31,none_32,updated_3,updated_3,updated_3,exception_21,exception_21,none_0,successful_35,successful_35,successful_35,invalid_34,invalid_34,invalid_34,none_46,none_46,none_46]"
2585,"['1', '1', '7', '1', '2', '2', '3', '4', '3', '4', '3', '4', '2', '10', '9', '8', '9', '10', '10', '6', '6', '6', '5', '5', '5']","[block blk_6,block blk_6,NameSystem_2,block blk_6,NameSystem_2,NameSystem_2,blk_4,blk_4,blk_4,blk_4,blk_4,blk_4,NameSystem_2,blk_4,blk_4,/_0,blk_4,blk_4,blk_4,blk_4,blk_4,blk_4,block blk file_7,block blk file_7,block blk file_7]","[receiving_28,receiving_28,allocate_4,receiving_28,add_3,add_3,none_22,writing_23,none_22,writing_23,none_22,writing_23,add_3,verification_25,transfer_13,serving_0,transfer_13,verification_25,verification_25,delete_24,delete_24,delete_24,deleting_34,deleting_34,deleting_34]","[none_40,none_40,none_4,none_40,updated_3,updated_3,none_31,none_32,none_31,none_32,none_31,none_32,updated_3,successful_35,exception_21,none_0,exception_21,successful_35,successful_35,invalid_34,invalid_34,invalid_34,none_46,none_46,none_46]"
2598,"['7', '1', '1', '1', '2', '3', '4', '3', '4', '3', '4', '2', '2', '9', '9', '8', '10', '10', '6', '6', '6', '5', '5', '5']","[NameSystem_2,block blk_6,block blk_6,block blk_6,NameSystem_2,blk_4,blk_4,blk_4,blk_4,blk_4,blk_4,NameSystem_2,NameSystem_2,blk_4,blk_4,/_0,blk_4,blk_4,blk_4,blk_4,blk_4,block blk file_7,block blk file_7,block blk file_7]","[allocate_4,receiving_28,receiving_28,receiving_28,add_3,none_22,writing_23,none_22,writing_23,none_22,writing_23,add_3,add_3,transfer_13,transfer_13,serving_0,verification_25,verification_25,delete_24,delete_24,delete_24,deleting_34,deleting_34,deleting_34]","[none_4,none_40,none_40,none_40,updated_3,none_31,none_32,none_31,none_32,none_31,none_32,updated_3,updated_3,exception_21,exception_21,none_0,successful_35,successful_35,invalid_34,invalid_34,invalid_34,none_46,none_46,none_46]"
2601,"['1', '7', '1', '1', '3', '4', '3', '4', '2', '3', '4', '2', '2', '10', '9', '9', '8', '10', '10', '6', '6', '6', '5', '5', '5']","[block blk_6,NameSystem_2,block blk_6,block blk_6,blk_4,blk_4,blk_4,blk_4,NameSystem_2,blk_4,blk_4,NameSystem_2,NameSystem_2,blk_4,blk_4,blk_4,/_0,blk_4,blk_4,blk_4,blk_4,blk_4,block blk file_7,block blk file_7,block blk file_7]","[receiving_28,allocate_4,receiving_28,receiving_28,none_22,writing_23,none_22,writing_23,add_3,none_22,writing_23,add_3,add_3,verification_25,transfer_13,transfer_13,serving_0,verification_25,verification_25,delete_24,delete_24,delete_24,deleting_34,deleting_34,deleting_34]","[none_40,none_4,none_40,none_40,none_31,none_32,none_31,none_32,updated_3,none_31,none_32,updated_3,updated_3,successful_35,exception_21,exception_21,none_0,successful_35,successful_35,invalid_34,invalid_34,invalid_34,none_46,none_46,none_46]"
2619,"['1', '1', '1', '7', '2', '2', '3', '4', '3', '4', '3', '4', '2', '9', '8', '9', '10', '10', '10', '6', '6', '6', '5', '5', '18', '2', '5']","[block blk_6,block blk_6,block blk_6,NameSystem_2,NameSystem_2,NameSystem_2,blk_4,blk_4,blk_4,blk_4,blk_4,blk_4,NameSystem_2,blk_4,/_0,blk_4,blk_4,blk_4,blk_4,blk_4,blk_4,blk_4,block blk file_7,block blk file_7,blk_4,NameSystem_2,block blk file_7]","[receiving_28,receiving_28,receiving_28,allocate_4,add_3,add_3,none_22,writing_23,none_22,writing_23,none_22,writing_23,add_3,transfer_13,serving_0,transfer_13,verification_25,verification_25,verification_25,delete_24,delete_24,delete_24,deleting_34,deleting_34,receive_21,add_3,deleting_34]","[none_40,none_40,none_40,none_4,updated_3,updated_3,none_31,none_32,none_31,none_32,none_31,none_32,updated_3,exception_21,none_0,exception_21,successful_35,successful_35,successful_35,invalid_34,invalid_34,invalid_34,none_46,none_46,error_30,updated_3,none_46]"
2636,"['7', '1', '1', '1', '2', '2', '3', '4', '3', '4', '3', '4', '2', '10', '9', '8', '9', '10', '10', '6', '6', '6', '5', '5', '5']","[NameSystem_2,block blk_6,block blk_6,block blk_6,NameSystem_2,NameSystem_2,blk_4,blk_4,blk_4,blk_4,blk_4,blk_4,NameSystem_2,blk_4,blk_4,/_0,blk_4,blk_4,blk_4,blk_4,blk_4,blk_4,block blk file_7,block blk file_7,block blk file_7]","[allocate_4,receiving_28,receiving_28,receiving_28,add_3,add_3,none_22,writing_23,none_22,writing_23,none_22,writing_23,add_3,verification_25,transfer_13,serving_0,transfer_13,verification_25,verification_25,delete_24,delete_24,delete_24,deleting_34,deleting_34,deleting_34]","[none_4,none_40,none_40,none_40,updated_3,updated_3,none_31,none_32,none_31,none_32,none_31,none_32,updated_3,successful_35,exception_21,none_0,exception_21,successful_35,successful_35,invalid_34,invalid_34,invalid_34,none_46,none_46,none_46]"
2648,"['7', '1', '1', '1', '2', '3', '4', '3', '4', '2', '2', '3', '4', '10', '10', '9', '8', '9', '10', '6', '6', '6', '5', '5', '5']","[NameSystem_2,block blk_6,block blk_6,block blk_6,NameSystem_2,blk_4,blk_4,blk_4,blk_4,NameSystem_2,NameSystem_2,blk_4,blk_4,blk_4,blk_4,blk_4,/_0,blk_4,blk_4,blk_4,blk_4,blk_4,block blk file_7,block blk file_7,block blk file_7]","[allocate_4,receiving_28,receiving_28,receiving_28,add_3,none_22,writing_23,none_22,writing_23,add_3,add_3,none_22,writing_23,verification_25,verification_25,transfer_13,serving_0,transfer_13,verification_25,delete_24,delete_24,delete_24,deleting_34,deleting_34,deleting_34]","[none_4,none_40,none_40,none_40,updated_3,none_31,none_32,none_31,none_32,updated_3,updated_3,none_31,none_32,successful_35,successful_35,exception_21,none_0,exception_21,successful_35,invalid_34,invalid_34,invalid_34,none_46,none_46,none_46]"
2668,"['7', '1', '1', '1', '2', '2', '3', '4', '3', '4', '3', '4', '2', '9', '10', '8', '9', '10', '10', '6', '6', '6', '5', '5', '5']","[NameSystem_2,block blk_6,block blk_6,block blk_6,NameSystem_2,NameSystem_2,blk_4,blk_4,blk_4,blk_4,blk_4,blk_4,NameSystem_2,blk_4,blk_4,/_0,blk_4,blk_4,blk_4,blk_4,blk_4,blk_4,block blk file_7,block blk file_7,block blk file_7]","[allocate_4,receiving_28,receiving_28,receiving_28,add_3,add_3,none_22,writing_23,none_22,writing_23,none_22,writing_23,add_3,transfer_13,verification_25,serving_0,transfer_13,verification_25,verification_25,delete_24,delete_24,delete_24,deleting_34,deleting_34,deleting_34]","[none_4,none_40,none_40,none_40,updated_3,updated_3,none_31,none_32,none_31,none_32,none_31,none_32,updated_3,exception_21,successful_35,none_0,exception_21,successful_35,successful_35,invalid_34,invalid_34,invalid_34,none_46,none_46,none_46]"
2673,"['1', '1', '7', '1', '3', '4', '2', '3', '4', '3', '4', '2', '2', '9', '9', '8', '10', '10', '10', '6', '6', '6', '5', '5', '5']","[block blk_6,block blk_6,NameSystem_2,block blk_6,blk_4,blk_4,NameSystem_2,blk_4,blk_4,blk_4,blk_4,NameSystem_2,NameSystem_2,blk_4,blk_4,/_0,blk_4,blk_4,blk_4,blk_4,blk_4,blk_4,block blk file_7,block blk file_7,block blk file_7]","[receiving_28,receiving_28,allocate_4,receiving_28,none_22,writing_23,add_3,none_22,writing_23,none_22,writing_23,add_3,add_3,transfer_13,transfer_13,serving_0,verification_25,verification_25,verification_25,delete_24,delete_24,delete_24,deleting_34,deleting_34,deleting_34]","[none_40,none_40,none_4,none_40,none_31,none_32,updated_3,none_31,none_32,none_31,none_32,updated_3,updated_3,exception_21,exception_21,none_0,successful_35,successful_35,successful_35,invalid_34,invalid_34,invalid_34,none_46,none_46,none_46]"
2674,"['1', '1', '1', '7', '3', '4', '3', '4', '2', '2', '2', '3', '4', '9', '9', '8', '10', '10', '10', '6', '6', '6', '5', '5', '5']","[block blk_6,block blk_6,block blk_6,NameSystem_2,blk_4,blk_4,blk_4,blk_4,NameSystem_2,NameSystem_2,NameSystem_2,blk_4,blk_4,blk_4,blk_4,/_0,blk_4,blk_4,blk_4,blk_4,blk_4,blk_4,block blk file_7,block blk file_7,block blk file_7]","[receiving_28,receiving_28,receiving_28,allocate_4,none_22,writing_23,none_22,writing_23,add_3,add_3,add_3,none_22,writing_23,transfer_13,transfer_13,serving_0,verification_25,verification_25,verification_25,delete_24,delete_24,delete_24,deleting_34,deleting_34,deleting_34]","[none_40,none_40,none_40,none_4,none_31,none_32,none_31,none_32,updated_3,updated_3,updated_3,none_31,none_32,exception_21,exception_21,none_0,successful_35,successful_35,successful_35,invalid_34,invalid_34,invalid_34,none_46,none_46,none_46]"
2686,"['7', '1', '1', '1', '2', '3', '4', '2', '2', '3', '4', '3', '4', '9', '9', '8', '10', '10', '10', '6', '6', '6', '5', '5', '5']","[NameSystem_2,block blk_6,block blk_6,block blk_6,NameSystem_2,blk_4,blk_4,NameSystem_2,NameSystem_2,blk_4,blk_4,blk_4,blk_4,blk_4,blk_4,/_0,blk_4,blk_4,blk_4,blk_4,blk_4,blk_4,block blk file_7,block blk file_7,block blk file_7]","[allocate_4,receiving_28,receiving_28,receiving_28,add_3,none_22,writing_23,add_3,add_3,none_22,writing_23,none_22,writing_23,transfer_13,transfer_13,serving_0,verification_25,verification_25,verification_25,delete_24,delete_24,delete_24,deleting_34,deleting_34,deleting_34]","[none_4,none_40,none_40,none_40,updated_3,none_31,none_32,updated_3,updated_3,none_31,none_32,none_31,none_32,exception_21,exception_21,none_0,successful_35,successful_35,successful_35,invalid_34,invalid_34,invalid_34,none_46,none_46,none_46]"
2692,"['1', '1', '7', '1', '2', '3', '4', '3', '4', '3', '4', '2', '2', '10', '9', '8', '9', '10', '10', '6', '6', '6', '5', '5', '5']","[block blk_6,block blk_6,NameSystem_2,block blk_6,NameSystem_2,blk_4,blk_4,blk_4,blk_4,blk_4,blk_4,NameSystem_2,NameSystem_2,blk_4,blk_4,/_0,blk_4,blk_4,blk_4,blk_4,blk_4,blk_4,block blk file_7,block blk file_7,block blk file_7]","[receiving_28,receiving_28,allocate_4,receiving_28,add_3,none_22,writing_23,none_22,writing_23,none_22,writing_23,add_3,add_3,verification_25,transfer_13,serving_0,transfer_13,verification_25,verification_25,delete_24,delete_24,delete_24,deleting_34,deleting_34,deleting_34]","[none_40,none_40,none_4,none_40,updated_3,none_31,none_32,none_31,none_32,none_31,none_32,updated_3,updated_3,successful_35,exception_21,none_0,exception_21,successful_35,successful_35,invalid_34,invalid_34,invalid_34,none_46,none_46,none_46]"
2753,"['1', '7', '1', '1', '2', '3', '4', '3', '4', '3', '4', '2', '2', '9', '8', '9', '10', '10', '10', '6', '6', '6', '5', '5', '5']","[block blk_6,NameSystem_2,block blk_6,block blk_6,NameSystem_2,blk_4,blk_4,blk_4,blk_4,blk_4,blk_4,NameSystem_2,NameSystem_2,blk_4,/_0,blk_4,blk_4,blk_4,blk_4,blk_4,blk_4,blk_4,block blk file_7,block blk file_7,block blk file_7]","[receiving_28,allocate_4,receiving_28,receiving_28,add_3,none_22,writing_23,none_22,writing_23,none_22,writing_23,add_3,add_3,transfer_13,serving_0,transfer_13,verification_25,verification_25,verification_25,delete_24,delete_24,delete_24,deleting_34,deleting_34,deleting_34]","[none_40,none_4,none_40,none_40,updated_3,none_31,none_32,none_31,none_32,none_31,none_32,updated_3,updated_3,exception_21,none_0,exception_21,successful_35,successful_35,successful_35,invalid_34,invalid_34,invalid_34,none_46,none_46,none_46]"
2774,"['7', '1', '1', '1', '3', '4', '3', '4', '2', '2', '3', '4', '2', '9', '9', '8', '10', '10', '10', '6', '6', '6', '5', '5', '5']","[NameSystem_2,block blk_6,block blk_6,block blk_6,blk_4,blk_4,blk_4,blk_4,NameSystem_2,NameSystem_2,blk_4,blk_4,NameSystem_2,blk_4,blk_4,/_0,blk_4,blk_4,blk_4,blk_4,blk_4,blk_4,block blk file_7,block blk file_7,block blk file_7]","[allocate_4,receiving_28,receiving_28,receiving_28,none_22,writing_23,none_22,writing_23,add_3,add_3,none_22,writing_23,add_3,transfer_13,transfer_13,serving_0,verification_25,verification_25,verification_25,delete_24,delete_24,delete_24,deleting_34,deleting_34,deleting_34]","[none_4,none_40,none_40,none_40,none_31,none_32,none_31,none_32,updated_3,updated_3,none_31,none_32,updated_3,exception_21,exception_21,none_0,successful_35,successful_35,successful_35,invalid_34,invalid_34,invalid_34,none_46,none_46,none_46]"
2779,"['7', '1', '1', '1', '3', '4', '2', '2', '3', '4', '3', '4', '2', '9', '9', '8', '10', '10', '6', '6', '6', '5', '5', '18', '2', '5']","[NameSystem_2,block blk_6,block blk_6,block blk_6,blk_4,blk_4,NameSystem_2,NameSystem_2,blk_4,blk_4,blk_4,blk_4,NameSystem_2,blk_4,blk_4,/_0,blk_4,blk_4,blk_4,blk_4,blk_4,block blk file_7,block blk file_7,blk_4,NameSystem_2,block blk file_7]","[allocate_4,receiving_28,receiving_28,receiving_28,none_22,writing_23,add_3,add_3,none_22,writing_23,none_22,writing_23,add_3,transfer_13,transfer_13,serving_0,verification_25,verification_25,delete_24,delete_24,delete_24,deleting_34,deleting_34,receive_21,add_3,deleting_34]","[none_4,none_40,none_40,none_40,none_31,none_32,updated_3,updated_3,none_31,none_32,none_31,none_32,updated_3,exception_21,exception_21,none_0,successful_35,successful_35,invalid_34,invalid_34,invalid_34,none_46,none_46,error_30,updated_3,none_46]"
2781,"['7', '1', '1', '1', '2', '3', '4', '3', '4', '2', '2', '3', '4', '10', '9', '8', '9', '10', '10', '6', '6', '6', '5', '5', '5']","[NameSystem_2,block blk_6,block blk_6,block blk_6,NameSystem_2,blk_4,blk_4,blk_4,blk_4,NameSystem_2,NameSystem_2,blk_4,blk_4,blk_4,blk_4,/_0,blk_4,blk_4,blk_4,blk_4,blk_4,blk_4,block blk file_7,block blk file_7,block blk file_7]","[allocate_4,receiving_28,receiving_28,receiving_28,add_3,none_22,writing_23,none_22,writing_23,add_3,add_3,none_22,writing_23,verification_25,transfer_13,serving_0,transfer_13,verification_25,verification_25,delete_24,delete_24,delete_24,deleting_34,deleting_34,deleting_34]","[none_4,none_40,none_40,none_40,updated_3,none_31,none_32,none_31,none_32,updated_3,updated_3,none_31,none_32,successful_35,exception_21,none_0,exception_21,successful_35,successful_35,invalid_34,invalid_34,invalid_34,none_46,none_46,none_46]"
2786,"['1', '7', '1', '1', '2', '2', '2', '3', '4', '3', '3', '4', '4', '10', '9', '8', '9', '10', '10', '6', '6', '6', '5', '5', '5']","[block blk_6,NameSystem_2,block blk_6,block blk_6,NameSystem_2,NameSystem_2,NameSystem_2,blk_4,blk_4,blk_4,blk_4,blk_4,blk_4,blk_4,blk_4,/_0,blk_4,blk_4,blk_4,blk_4,blk_4,blk_4,block blk file_7,block blk file_7,block blk file_7]","[receiving_28,allocate_4,receiving_28,receiving_28,add_3,add_3,add_3,none_22,writing_23,none_22,none_22,writing_23,writing_23,verification_25,transfer_13,serving_0,transfer_13,verification_25,verification_25,delete_24,delete_24,delete_24,deleting_34,deleting_34,deleting_34]","[none_40,none_4,none_40,none_40,updated_3,updated_3,updated_3,none_31,none_32,none_31,none_31,none_32,none_32,successful_35,exception_21,none_0,exception_21,successful_35,successful_35,invalid_34,invalid_34,invalid_34,none_46,none_46,none_46]"
2802,"['7', '1', '1', '1', '2', '3', '4', '2', '3', '4', '3', '4', '2', '9', '9', '8', '10', '10', '10', '6', '6', '6', '5', '5', '5']","[NameSystem_2,block blk_6,block blk_6,block blk_6,NameSystem_2,blk_4,blk_4,NameSystem_2,blk_4,blk_4,blk_4,blk_4,NameSystem_2,blk_4,blk_4,/_0,blk_4,blk_4,blk_4,blk_4,blk_4,blk_4,block blk file_7,block blk file_7,block blk file_7]","[allocate_4,receiving_28,receiving_28,receiving_28,add_3,none_22,writing_23,add_3,none_22,writing_23,none_22,writing_23,add_3,transfer_13,transfer_13,serving_0,verification_25,verification_25,verification_25,delete_24,delete_24,delete_24,deleting_34,deleting_34,deleting_34]","[none_4,none_40,none_40,none_40,updated_3,none_31,none_32,updated_3,none_31,none_32,none_31,none_32,updated_3,exception_21,exception_21,none_0,successful_35,successful_35,successful_35,invalid_34,invalid_34,invalid_34,none_46,none_46,none_46]"
2807,"['1', '7', '1', '1', '4', '3', '4', '2', '2', '3', '4', '2', '3', '10', '9', '9', '8', '10', '10', '6', '6', '6', '5', '5', '5']","[block blk_6,NameSystem_2,block blk_6,block blk_6,blk_4,blk_4,blk_4,NameSystem_2,NameSystem_2,blk_4,blk_4,NameSystem_2,blk_4,blk_4,blk_4,blk_4,/_0,blk_4,blk_4,blk_4,blk_4,blk_4,block blk file_7,block blk file_7,block blk file_7]","[receiving_28,allocate_4,receiving_28,receiving_28,writing_23,none_22,writing_23,add_3,add_3,none_22,writing_23,add_3,none_22,verification_25,transfer_13,transfer_13,serving_0,verification_25,verification_25,delete_24,delete_24,delete_24,deleting_34,deleting_34,deleting_34]","[none_40,none_4,none_40,none_40,none_32,none_31,none_32,updated_3,updated_3,none_31,none_32,updated_3,none_31,successful_35,exception_21,exception_21,none_0,successful_35,successful_35,invalid_34,invalid_34,invalid_34,none_46,none_46,none_46]"
2812,"['1', '7', '1', '1', '3', '4', '3', '4', '2', '2', '2', '3', '4', '9', '9', '8', '10', '10', '10', '6', '6', '6', '5', '5', '5']","[block blk_6,NameSystem_2,block blk_6,block blk_6,blk_4,blk_4,blk_4,blk_4,NameSystem_2,NameSystem_2,NameSystem_2,blk_4,blk_4,blk_4,blk_4,/_0,blk_4,blk_4,blk_4,blk_4,blk_4,blk_4,block blk file_7,block blk file_7,block blk file_7]","[receiving_28,allocate_4,receiving_28,receiving_28,none_22,writing_23,none_22,writing_23,add_3,add_3,add_3,none_22,writing_23,transfer_13,transfer_13,serving_0,verification_25,verification_25,verification_25,delete_24,delete_24,delete_24,deleting_34,deleting_34,deleting_34]","[none_40,none_4,none_40,none_40,none_31,none_32,none_31,none_32,updated_3,updated_3,updated_3,none_31,none_32,exception_21,exception_21,none_0,successful_35,successful_35,successful_35,invalid_34,invalid_34,invalid_34,none_46,none_46,none_46]"
2815,"['1', '1', '7', '1', '2', '2', '2', '3', '4', '3', '4', '3', '4', '9', '8', '9', '10', '10', '10', '6', '6', '6', '5', '5', '5']","[block blk_6,block blk_6,NameSystem_2,block blk_6,NameSystem_2,NameSystem_2,NameSystem_2,blk_4,blk_4,blk_4,blk_4,blk_4,blk_4,blk_4,/_0,blk_4,blk_4,blk_4,blk_4,blk_4,blk_4,blk_4,block blk file_7,block blk file_7,block blk file_7]","[receiving_28,receiving_28,allocate_4,receiving_28,add_3,add_3,add_3,none_22,writing_23,none_22,writing_23,none_22,writing_23,transfer_13,serving_0,transfer_13,verification_25,verification_25,verification_25,delete_24,delete_24,delete_24,deleting_34,deleting_34,deleting_34]","[none_40,none_40,none_4,none_40,updated_3,updated_3,updated_3,none_31,none_32,none_31,none_32,none_31,none_32,exception_21,none_0,exception_21,successful_35,successful_35,successful_35,invalid_34,invalid_34,invalid_34,none_46,none_46,none_46]"
2824,"['1', '1', '7', '1', '3', '4', '2', '3', '4', '2', '2', '3', '4', '10', '9', '8', '9', '10', '10', '6', '6', '6', '5', '5', '5']","[block blk_6,block blk_6,NameSystem_2,block blk_6,blk_4,blk_4,NameSystem_2,blk_4,blk_4,NameSystem_2,NameSystem_2,blk_4,blk_4,blk_4,blk_4,/_0,blk_4,blk_4,blk_4,blk_4,blk_4,blk_4,block blk file_7,block blk file_7,block blk file_7]","[receiving_28,receiving_28,allocate_4,receiving_28,none_22,writing_23,add_3,none_22,writing_23,add_3,add_3,none_22,writing_23,verification_25,transfer_13,serving_0,transfer_13,verification_25,verification_25,delete_24,delete_24,delete_24,deleting_34,deleting_34,deleting_34]","[none_40,none_40,none_4,none_40,none_31,none_32,updated_3,none_31,none_32,updated_3,updated_3,none_31,none_32,successful_35,exception_21,none_0,exception_21,successful_35,successful_35,invalid_34,invalid_34,invalid_34,none_46,none_46,none_46]"
2825,"['1', '7', '1', '1', '3', '4', '3', '4', '3', '4', '2', '2', '2', '9', '8', '9', '10', '10', '10', '6', '6', '6', '5', '5', '5']","[block blk_6,NameSystem_2,block blk_6,block blk_6,blk_4,blk_4,blk_4,blk_4,blk_4,blk_4,NameSystem_2,NameSystem_2,NameSystem_2,blk_4,/_0,blk_4,blk_4,blk_4,blk_4,blk_4,blk_4,blk_4,block blk file_7,block blk file_7,block blk file_7]","[receiving_28,allocate_4,receiving_28,receiving_28,none_22,writing_23,none_22,writing_23,none_22,writing_23,add_3,add_3,add_3,transfer_13,serving_0,transfer_13,verification_25,verification_25,verification_25,delete_24,delete_24,delete_24,deleting_34,deleting_34,deleting_34]","[none_40,none_4,none_40,none_40,none_31,none_32,none_31,none_32,none_31,none_32,updated_3,updated_3,updated_3,exception_21,none_0,exception_21,successful_35,successful_35,successful_35,invalid_34,invalid_34,invalid_34,none_46,none_46,none_46]"
2857,"['1', '7', '1', '1', '3', '4', '3', '4', '2', '3', '4', '2', '2', '9', '8', '9', '10', '10', '6', '6', '6', '5', '5', '5']","[block blk_6,NameSystem_2,block blk_6,block blk_6,blk_4,blk_4,blk_4,blk_4,NameSystem_2,blk_4,blk_4,NameSystem_2,NameSystem_2,blk_4,/_0,blk_4,blk_4,blk_4,blk_4,blk_4,blk_4,block blk file_7,block blk file_7,block blk file_7]","[receiving_28,allocate_4,receiving_28,receiving_28,none_22,writing_23,none_22,writing_23,add_3,none_22,writing_23,add_3,add_3,transfer_13,serving_0,transfer_13,verification_25,verification_25,delete_24,delete_24,delete_24,deleting_34,deleting_34,deleting_34]","[none_40,none_4,none_40,none_40,none_31,none_32,none_31,none_32,updated_3,none_31,none_32,updated_3,updated_3,exception_21,none_0,exception_21,successful_35,successful_35,invalid_34,invalid_34,invalid_34,none_46,none_46,none_46]"
2858,"['1', '1', '7', '1', '2', '3', '4', '3', '4', '2', '3', '4', '2', '10', '9', '9', '8', '10', '10', '6', '6', '6', '5', '5', '5']","[block blk_6,block blk_6,NameSystem_2,block blk_6,NameSystem_2,blk_4,blk_4,blk_4,blk_4,NameSystem_2,blk_4,blk_4,NameSystem_2,blk_4,blk_4,blk_4,/_0,blk_4,blk_4,blk_4,blk_4,blk_4,block blk file_7,block blk file_7,block blk file_7]","[receiving_28,receiving_28,allocate_4,receiving_28,add_3,none_22,writing_23,none_22,writing_23,add_3,none_22,writing_23,add_3,verification_25,transfer_13,transfer_13,serving_0,verification_25,verification_25,delete_24,delete_24,delete_24,deleting_34,deleting_34,deleting_34]","[none_40,none_40,none_4,none_40,updated_3,none_31,none_32,none_31,none_32,updated_3,none_31,none_32,updated_3,successful_35,exception_21,exception_21,none_0,successful_35,successful_35,invalid_34,invalid_34,invalid_34,none_46,none_46,none_46]"
2878,"['1', '1', '7', '1', '3', '4', '3', '4', '3', '4', '2', '2', '2', '10', '9', '9', '8', '10', '10', '6', '6', '6', '5', '5', '5']","[block blk_6,block blk_6,NameSystem_2,block blk_6,blk_4,blk_4,blk_4,blk_4,blk_4,blk_4,NameSystem_2,NameSystem_2,NameSystem_2,blk_4,blk_4,blk_4,/_0,blk_4,blk_4,blk_4,blk_4,blk_4,block blk file_7,block blk file_7,block blk file_7]","[receiving_28,receiving_28,allocate_4,receiving_28,none_22,writing_23,none_22,writing_23,none_22,writing_23,add_3,add_3,add_3,verification_25,transfer_13,transfer_13,serving_0,verification_25,verification_25,delete_24,delete_24,delete_24,deleting_34,deleting_34,deleting_34]","[none_40,none_40,none_4,none_40,none_31,none_32,none_31,none_32,none_31,none_32,updated_3,updated_3,updated_3,successful_35,exception_21,exception_21,none_0,successful_35,successful_35,invalid_34,invalid_34,invalid_34,none_46,none_46,none_46]"
2879,"['7', '1', '1', '1', '3', '4', '3', '4', '2', '2', '2', '3', '4', '9', '9', '8', '10', '10', '10', '6', '6', '6', '5', '5', '5']","[NameSystem_2,block blk_6,block blk_6,block blk_6,blk_4,blk_4,blk_4,blk_4,NameSystem_2,NameSystem_2,NameSystem_2,blk_4,blk_4,blk_4,blk_4,/_0,blk_4,blk_4,blk_4,blk_4,blk_4,blk_4,block blk file_7,block blk file_7,block blk file_7]","[allocate_4,receiving_28,receiving_28,receiving_28,none_22,writing_23,none_22,writing_23,add_3,add_3,add_3,none_22,writing_23,transfer_13,transfer_13,serving_0,verification_25,verification_25,verification_25,delete_24,delete_24,delete_24,deleting_34,deleting_34,deleting_34]","[none_4,none_40,none_40,none_40,none_31,none_32,none_31,none_32,updated_3,updated_3,updated_3,none_31,none_32,exception_21,exception_21,none_0,successful_35,successful_35,successful_35,invalid_34,invalid_34,invalid_34,none_46,none_46,none_46]"
2880,"['7', '1', '1', '1', '2', '3', '4', '3', '4', '3', '4', '2', '2', '9', '9', '8', '10', '10', '10', '6', '6', '6', '5', '5', '5']","[NameSystem_2,block blk_6,block blk_6,block blk_6,NameSystem_2,blk_4,blk_4,blk_4,blk_4,blk_4,blk_4,NameSystem_2,NameSystem_2,blk_4,blk_4,/_0,blk_4,blk_4,blk_4,blk_4,blk_4,blk_4,block blk file_7,block blk file_7,block blk file_7]","[allocate_4,receiving_28,receiving_28,receiving_28,add_3,none_22,writing_23,none_22,writing_23,none_22,writing_23,add_3,add_3,transfer_13,transfer_13,serving_0,verification_25,verification_25,verification_25,delete_24,delete_24,delete_24,deleting_34,deleting_34,deleting_34]","[none_4,none_40,none_40,none_40,updated_3,none_31,none_32,none_31,none_32,none_31,none_32,updated_3,updated_3,exception_21,exception_21,none_0,successful_35,successful_35,successful_35,invalid_34,invalid_34,invalid_34,none_46,none_46,none_46]"
2889,"['7', '1', '1', '1', '2', '3', '4', '3', '3', '4', '4', '2', '2', '9', '8', '9', '10', '10', '10', '6', '6', '6', '5', '5', '5']","[NameSystem_2,block blk_6,block blk_6,block blk_6,NameSystem_2,blk_4,blk_4,blk_4,blk_4,blk_4,blk_4,NameSystem_2,NameSystem_2,blk_4,/_0,blk_4,blk_4,blk_4,blk_4,blk_4,blk_4,blk_4,block blk file_7,block blk file_7,block blk file_7]","[allocate_4,receiving_28,receiving_28,receiving_28,add_3,none_22,writing_23,none_22,none_22,writing_23,writing_23,add_3,add_3,transfer_13,serving_0,transfer_13,verification_25,verification_25,verification_25,delete_24,delete_24,delete_24,deleting_34,deleting_34,deleting_34]","[none_4,none_40,none_40,none_40,updated_3,none_31,none_32,none_31,none_31,none_32,none_32,updated_3,updated_3,exception_21,none_0,exception_21,successful_35,successful_35,successful_35,invalid_34,invalid_34,invalid_34,none_46,none_46,none_46]"
2896,"['7', '1', '1', '1', '3', '4', '2', '3', '4', '2', '3', '4', '2', '9', '9', '8', '10', '10', '10', '6', '6', '6', '5', '5', '5']","[NameSystem_2,block blk_6,block blk_6,block blk_6,blk_4,blk_4,NameSystem_2,blk_4,blk_4,NameSystem_2,blk_4,blk_4,NameSystem_2,blk_4,blk_4,/_0,blk_4,blk_4,blk_4,blk_4,blk_4,blk_4,block blk file_7,block blk file_7,block blk file_7]","[allocate_4,receiving_28,receiving_28,receiving_28,none_22,writing_23,add_3,none_22,writing_23,add_3,none_22,writing_23,add_3,transfer_13,transfer_13,serving_0,verification_25,verification_25,verification_25,delete_24,delete_24,delete_24,deleting_34,deleting_34,deleting_34]","[none_4,none_40,none_40,none_40,none_31,none_32,updated_3,none_31,none_32,updated_3,none_31,none_32,updated_3,exception_21,exception_21,none_0,successful_35,successful_35,successful_35,invalid_34,invalid_34,invalid_34,none_46,none_46,none_46]"
2911,"['1', '1', '7', '1', '2', '3', '4', '3', '4', '3', '4', '2', '2', '10', '10', '9', '8', '9', '10', '6', '6', '6', '5', '5', '5']","[block blk_6,block blk_6,NameSystem_2,block blk_6,NameSystem_2,blk_4,blk_4,blk_4,blk_4,blk_4,blk_4,NameSystem_2,NameSystem_2,blk_4,blk_4,blk_4,/_0,blk_4,blk_4,blk_4,blk_4,blk_4,block blk file_7,block blk file_7,block blk file_7]","[receiving_28,receiving_28,allocate_4,receiving_28,add_3,none_22,writing_23,none_22,writing_23,none_22,writing_23,add_3,add_3,verification_25,verification_25,transfer_13,serving_0,transfer_13,verification_25,delete_24,delete_24,delete_24,deleting_34,deleting_34,deleting_34]","[none_40,none_40,none_4,none_40,updated_3,none_31,none_32,none_31,none_32,none_31,none_32,updated_3,updated_3,successful_35,successful_35,exception_21,none_0,exception_21,successful_35,invalid_34,invalid_34,invalid_34,none_46,none_46,none_46]"
2915,"['1', '7', '1', '1', '2', '3', '4', '3', '4', '3', '4', '2', '2', '9', '8', '9', '10', '10', '10', '6', '6', '6', '5', '5', '5']","[block blk_6,NameSystem_2,block blk_6,block blk_6,NameSystem_2,blk_4,blk_4,blk_4,blk_4,blk_4,blk_4,NameSystem_2,NameSystem_2,blk_4,/_0,blk_4,blk_4,blk_4,blk_4,blk_4,blk_4,blk_4,block blk file_7,block blk file_7,block blk file_7]","[receiving_28,allocate_4,receiving_28,receiving_28,add_3,none_22,writing_23,none_22,writing_23,none_22,writing_23,add_3,add_3,transfer_13,serving_0,transfer_13,verification_25,verification_25,verification_25,delete_24,delete_24,delete_24,deleting_34,deleting_34,deleting_34]","[none_40,none_4,none_40,none_40,updated_3,none_31,none_32,none_31,none_32,none_31,none_32,updated_3,updated_3,exception_21,none_0,exception_21,successful_35,successful_35,successful_35,invalid_34,invalid_34,invalid_34,none_46,none_46,none_46]"
2916,"['1', '7', '1', '1', '3', '4', '2', '3', '4', '2', '2', '3', '4', '9', '8', '9', '10', '10', '10', '6', '6', '6', '5', '5', '5']","[block blk_6,NameSystem_2,block blk_6,block blk_6,blk_4,blk_4,NameSystem_2,blk_4,blk_4,NameSystem_2,NameSystem_2,blk_4,blk_4,blk_4,/_0,blk_4,blk_4,blk_4,blk_4,blk_4,blk_4,blk_4,block blk file_7,block blk file_7,block blk file_7]","[receiving_28,allocate_4,receiving_28,receiving_28,none_22,writing_23,add_3,none_22,writing_23,add_3,add_3,none_22,writing_23,transfer_13,serving_0,transfer_13,verification_25,verification_25,verification_25,delete_24,delete_24,delete_24,deleting_34,deleting_34,deleting_34]","[none_40,none_4,none_40,none_40,none_31,none_32,updated_3,none_31,none_32,updated_3,updated_3,none_31,none_32,exception_21,none_0,exception_21,successful_35,successful_35,successful_35,invalid_34,invalid_34,invalid_34,none_46,none_46,none_46]"
2933,"['7', '1', '1', '1', '2', '2', '2', '3', '4', '3', '4', '3', '4', '10', '9', '9', '8', '10', '10', '6', '6', '6', '5', '5', '5']","[NameSystem_2,block blk_6,block blk_6,block blk_6,NameSystem_2,NameSystem_2,NameSystem_2,blk_4,blk_4,blk_4,blk_4,blk_4,blk_4,blk_4,blk_4,blk_4,/_0,blk_4,blk_4,blk_4,blk_4,blk_4,block blk file_7,block blk file_7,block blk file_7]","[allocate_4,receiving_28,receiving_28,receiving_28,add_3,add_3,add_3,none_22,writing_23,none_22,writing_23,none_22,writing_23,verification_25,transfer_13,transfer_13,serving_0,verification_25,verification_25,delete_24,delete_24,delete_24,deleting_34,deleting_34,deleting_34]","[none_4,none_40,none_40,none_40,updated_3,updated_3,updated_3,none_31,none_32,none_31,none_32,none_31,none_32,successful_35,exception_21,exception_21,none_0,successful_35,successful_35,invalid_34,invalid_34,invalid_34,none_46,none_46,none_46]"
2946,"['7', '1', '1', '1', '3', '4', '2', '2', '3', '4', '2', '3', '4', '9', '8', '9', '10', '10', '10', '6', '6', '6', '5', '5', '5']","[NameSystem_2,block blk_6,block blk_6,block blk_6,blk_4,blk_4,NameSystem_2,NameSystem_2,blk_4,blk_4,NameSystem_2,blk_4,blk_4,blk_4,/_0,blk_4,blk_4,blk_4,blk_4,blk_4,blk_4,blk_4,block blk file_7,block blk file_7,block blk file_7]","[allocate_4,receiving_28,receiving_28,receiving_28,none_22,writing_23,add_3,add_3,none_22,writing_23,add_3,none_22,writing_23,transfer_13,serving_0,transfer_13,verification_25,verification_25,verification_25,delete_24,delete_24,delete_24,deleting_34,deleting_34,deleting_34]","[none_4,none_40,none_40,none_40,none_31,none_32,updated_3,updated_3,none_31,none_32,updated_3,none_31,none_32,exception_21,none_0,exception_21,successful_35,successful_35,successful_35,invalid_34,invalid_34,invalid_34,none_46,none_46,none_46]"
2947,"['7', '1', '1', '1', '3', '4', '2', '3', '4', '2', '3', '4', '2', '9', '8', '9', '10', '10', '10', '6', '6', '6', '5', '5', '5']","[NameSystem_2,block blk_6,block blk_6,block blk_6,blk_4,blk_4,NameSystem_2,blk_4,blk_4,NameSystem_2,blk_4,blk_4,NameSystem_2,blk_4,/_0,blk_4,blk_4,blk_4,blk_4,blk_4,blk_4,blk_4,block blk file_7,block blk file_7,block blk file_7]","[allocate_4,receiving_28,receiving_28,receiving_28,none_22,writing_23,add_3,none_22,writing_23,add_3,none_22,writing_23,add_3,transfer_13,serving_0,transfer_13,verification_25,verification_25,verification_25,delete_24,delete_24,delete_24,deleting_34,deleting_34,deleting_34]","[none_4,none_40,none_40,none_40,none_31,none_32,updated_3,none_31,none_32,updated_3,none_31,none_32,updated_3,exception_21,none_0,exception_21,successful_35,successful_35,successful_35,invalid_34,invalid_34,invalid_34,none_46,none_46,none_46]"
2968,"['1', '1', '1', '7', '2', '3', '3', '4', '4', '3', '4', '2', '2', '9', '8', '9', '10', '10', '10', '6', '6', '6', '5', '5', '5']","[block blk_6,block blk_6,block blk_6,NameSystem_2,NameSystem_2,blk_4,blk_4,blk_4,blk_4,blk_4,blk_4,NameSystem_2,NameSystem_2,blk_4,/_0,blk_4,blk_4,blk_4,blk_4,blk_4,blk_4,blk_4,block blk file_7,block blk file_7,block blk file_7]","[receiving_28,receiving_28,receiving_28,allocate_4,add_3,none_22,none_22,writing_23,writing_23,none_22,writing_23,add_3,add_3,transfer_13,serving_0,transfer_13,verification_25,verification_25,verification_25,delete_24,delete_24,delete_24,deleting_34,deleting_34,deleting_34]","[none_40,none_40,none_40,none_4,updated_3,none_31,none_31,none_32,none_32,none_31,none_32,updated_3,updated_3,exception_21,none_0,exception_21,successful_35,successful_35,successful_35,invalid_34,invalid_34,invalid_34,none_46,none_46,none_46]"
2969,"['1', '7', '1', '1', '3', '4', '3', '4', '2', '2', '2', '3', '4', '9', '8', '9', '10', '10', '10', '6', '6', '6', '5', '5', '5']","[block blk_6,NameSystem_2,block blk_6,block blk_6,blk_4,blk_4,blk_4,blk_4,NameSystem_2,NameSystem_2,NameSystem_2,blk_4,blk_4,blk_4,/_0,blk_4,blk_4,blk_4,blk_4,blk_4,blk_4,blk_4,block blk file_7,block blk file_7,block blk file_7]","[receiving_28,allocate_4,receiving_28,receiving_28,none_22,writing_23,none_22,writing_23,add_3,add_3,add_3,none_22,writing_23,transfer_13,serving_0,transfer_13,verification_25,verification_25,verification_25,delete_24,delete_24,delete_24,deleting_34,deleting_34,deleting_34]","[none_40,none_4,none_40,none_40,none_31,none_32,none_31,none_32,updated_3,updated_3,updated_3,none_31,none_32,exception_21,none_0,exception_21,successful_35,successful_35,successful_35,invalid_34,invalid_34,invalid_34,none_46,none_46,none_46]"
2987,"['7', '1', '1', '1', '2', '2', '3', '4', '3', '4', '3', '4', '2', '9', '8', '9', '10', '10', '10', '6', '6', '6', '5', '5', '5']","[NameSystem_2,block blk_6,block blk_6,block blk_6,NameSystem_2,NameSystem_2,blk_4,blk_4,blk_4,blk_4,blk_4,blk_4,NameSystem_2,blk_4,/_0,blk_4,blk_4,blk_4,blk_4,blk_4,blk_4,blk_4,block blk file_7,block blk file_7,block blk file_7]","[allocate_4,receiving_28,receiving_28,receiving_28,add_3,add_3,none_22,writing_23,none_22,writing_23,none_22,writing_23,add_3,transfer_13,serving_0,transfer_13,verification_25,verification_25,verification_25,delete_24,delete_24,delete_24,deleting_34,deleting_34,deleting_34]","[none_4,none_40,none_40,none_40,updated_3,updated_3,none_31,none_32,none_31,none_32,none_31,none_32,updated_3,exception_21,none_0,exception_21,successful_35,successful_35,successful_35,invalid_34,invalid_34,invalid_34,none_46,none_46,none_46]"
2989,"['1', '1', '7', '1', '2', '3', '4', '3', '4', '2', '3', '4', '2', '10', '9', '9', '8', '10', '10', '6', '6', '6', '5', '5', '5']","[block blk_6,block blk_6,NameSystem_2,block blk_6,NameSystem_2,blk_4,blk_4,blk_4,blk_4,NameSystem_2,blk_4,blk_4,NameSystem_2,blk_4,blk_4,blk_4,/_0,blk_4,blk_4,blk_4,blk_4,blk_4,block blk file_7,block blk file_7,block blk file_7]","[receiving_28,receiving_28,allocate_4,receiving_28,add_3,none_22,writing_23,none_22,writing_23,add_3,none_22,writing_23,add_3,verification_25,transfer_13,transfer_13,serving_0,verification_25,verification_25,delete_24,delete_24,delete_24,deleting_34,deleting_34,deleting_34]","[none_40,none_40,none_4,none_40,updated_3,none_31,none_32,none_31,none_32,updated_3,none_31,none_32,updated_3,successful_35,exception_21,exception_21,none_0,successful_35,successful_35,invalid_34,invalid_34,invalid_34,none_46,none_46,none_46]"
2990,"['1', '1', '1', '7', '2', '3', '4', '3', '4', '2', '3', '4', '2', '10', '9', '9', '8', '10', '10', '6', '6', '6', '5', '5', '5']","[block blk_6,block blk_6,block blk_6,NameSystem_2,NameSystem_2,blk_4,blk_4,blk_4,blk_4,NameSystem_2,blk_4,blk_4,NameSystem_2,blk_4,blk_4,blk_4,/_0,blk_4,blk_4,blk_4,blk_4,blk_4,block blk file_7,block blk file_7,block blk file_7]","[receiving_28,receiving_28,receiving_28,allocate_4,add_3,none_22,writing_23,none_22,writing_23,add_3,none_22,writing_23,add_3,verification_25,transfer_13,transfer_13,serving_0,verification_25,verification_25,delete_24,delete_24,delete_24,deleting_34,deleting_34,deleting_34]","[none_40,none_40,none_40,none_4,updated_3,none_31,none_32,none_31,none_32,updated_3,none_31,none_32,updated_3,successful_35,exception_21,exception_21,none_0,successful_35,successful_35,invalid_34,invalid_34,invalid_34,none_46,none_46,none_46]"
2992,"['1', '7', '1', '1', '2', '3', '4', '2', '3', '4', '3', '4', '2', '10', '9', '8', '9', '10', '10', '6', '6', '6', '5', '5', '5']","[block blk_6,NameSystem_2,block blk_6,block blk_6,NameSystem_2,blk_4,blk_4,NameSystem_2,blk_4,blk_4,blk_4,blk_4,NameSystem_2,blk_4,blk_4,/_0,blk_4,blk_4,blk_4,blk_4,blk_4,blk_4,block blk file_7,block blk file_7,block blk file_7]","[receiving_28,allocate_4,receiving_28,receiving_28,add_3,none_22,writing_23,add_3,none_22,writing_23,none_22,writing_23,add_3,verification_25,transfer_13,serving_0,transfer_13,verification_25,verification_25,delete_24,delete_24,delete_24,deleting_34,deleting_34,deleting_34]","[none_40,none_4,none_40,none_40,updated_3,none_31,none_32,updated_3,none_31,none_32,none_31,none_32,updated_3,successful_35,exception_21,none_0,exception_21,successful_35,successful_35,invalid_34,invalid_34,invalid_34,none_46,none_46,none_46]"
3003,"['7', '1', '1', '1', '2', '2', '3', '4', '3', '4', '2', '3', '4', '9', '8', '9', '10', '10', '10', '6', '6', '6', '5', '5', '5']","[NameSystem_2,block blk_6,block blk_6,block blk_6,NameSystem_2,NameSystem_2,blk_4,blk_4,blk_4,blk_4,NameSystem_2,blk_4,blk_4,blk_4,/_0,blk_4,blk_4,blk_4,blk_4,blk_4,blk_4,blk_4,block blk file_7,block blk file_7,block blk file_7]","[allocate_4,receiving_28,receiving_28,receiving_28,add_3,add_3,none_22,writing_23,none_22,writing_23,add_3,none_22,writing_23,transfer_13,serving_0,transfer_13,verification_25,verification_25,verification_25,delete_24,delete_24,delete_24,deleting_34,deleting_34,deleting_34]","[none_4,none_40,none_40,none_40,updated_3,updated_3,none_31,none_32,none_31,none_32,updated_3,none_31,none_32,exception_21,none_0,exception_21,successful_35,successful_35,successful_35,invalid_34,invalid_34,invalid_34,none_46,none_46,none_46]"
3015,"['7', '1', '1', '1', '2', '3', '4', '3', '4', '2', '3', '4', '2', '9', '8', '9', '10', '10', '10', '6', '6', '6', '5', '5', '5']","[NameSystem_2,block blk_6,block blk_6,block blk_6,NameSystem_2,blk_4,blk_4,blk_4,blk_4,NameSystem_2,blk_4,blk_4,NameSystem_2,blk_4,/_0,blk_4,blk_4,blk_4,blk_4,blk_4,blk_4,blk_4,block blk file_7,block blk file_7,block blk file_7]","[allocate_4,receiving_28,receiving_28,receiving_28,add_3,none_22,writing_23,none_22,writing_23,add_3,none_22,writing_23,add_3,transfer_13,serving_0,transfer_13,verification_25,verification_25,verification_25,delete_24,delete_24,delete_24,deleting_34,deleting_34,deleting_34]","[none_4,none_40,none_40,none_40,updated_3,none_31,none_32,none_31,none_32,updated_3,none_31,none_32,updated_3,exception_21,none_0,exception_21,successful_35,successful_35,successful_35,invalid_34,invalid_34,invalid_34,none_46,none_46,none_46]"
3028,"['7', '1', '1', '1', '2', '3', '4', '3', '4', '3', '4', '2', '2', '9', '8', '9', '10', '10', '10', '6', '6', '6', '5', '5', '5']","[NameSystem_2,block blk_6,block blk_6,block blk_6,NameSystem_2,blk_4,blk_4,blk_4,blk_4,blk_4,blk_4,NameSystem_2,NameSystem_2,blk_4,/_0,blk_4,blk_4,blk_4,blk_4,blk_4,blk_4,blk_4,block blk file_7,block blk file_7,block blk file_7]","[allocate_4,receiving_28,receiving_28,receiving_28,add_3,none_22,writing_23,none_22,writing_23,none_22,writing_23,add_3,add_3,transfer_13,serving_0,transfer_13,verification_25,verification_25,verification_25,delete_24,delete_24,delete_24,deleting_34,deleting_34,deleting_34]","[none_4,none_40,none_40,none_40,updated_3,none_31,none_32,none_31,none_32,none_31,none_32,updated_3,updated_3,exception_21,none_0,exception_21,successful_35,successful_35,successful_35,invalid_34,invalid_34,invalid_34,none_46,none_46,none_46]"
3033,"['7', '1', '1', '1', '2', '2', '3', '4', '3', '4', '3', '4', '2', '9', '8', '9', '10', '10', '10', '6', '6', '6', '5', '5', '5']","[NameSystem_2,block blk_6,block blk_6,block blk_6,NameSystem_2,NameSystem_2,blk_4,blk_4,blk_4,blk_4,blk_4,blk_4,NameSystem_2,blk_4,/_0,blk_4,blk_4,blk_4,blk_4,blk_4,blk_4,blk_4,block blk file_7,block blk file_7,block blk file_7]","[allocate_4,receiving_28,receiving_28,receiving_28,add_3,add_3,none_22,writing_23,none_22,writing_23,none_22,writing_23,add_3,transfer_13,serving_0,transfer_13,verification_25,verification_25,verification_25,delete_24,delete_24,delete_24,deleting_34,deleting_34,deleting_34]","[none_4,none_40,none_40,none_40,updated_3,updated_3,none_31,none_32,none_31,none_32,none_31,none_32,updated_3,exception_21,none_0,exception_21,successful_35,successful_35,successful_35,invalid_34,invalid_34,invalid_34,none_46,none_46,none_46]"
3105,"['7', '1', '1', '1', '2', '2', '3', '4', '3', '4', '3', '4', '2', '9', '9', '8', '10', '10', '10', '6', '6', '6', '5', '5', '5', '15']","[NameSystem_2,block blk_6,block blk_6,block blk_6,NameSystem_2,NameSystem_2,blk_4,blk_4,blk_4,blk_4,blk_4,blk_4,NameSystem_2,blk_4,blk_4,/_0,blk_4,blk_4,blk_4,blk_4,blk_4,blk_4,block blk file_7,block blk file_7,block blk file_7,block blk_6]","[allocate_4,receiving_28,receiving_28,receiving_28,add_3,add_3,none_22,writing_23,none_22,writing_23,none_22,writing_23,add_3,transfer_13,transfer_13,serving_0,verification_25,verification_25,verification_25,delete_24,delete_24,delete_24,deleting_34,deleting_34,deleting_34,deleting_30]","[none_4,none_40,none_40,none_40,updated_3,updated_3,none_31,none_32,none_31,none_32,none_31,none_32,updated_3,exception_21,exception_21,none_0,successful_35,successful_35,successful_35,invalid_34,invalid_34,invalid_34,none_46,none_46,none_46,error_42]"
3108,"['7', '1', '1', '1', '4', '3', '4', '3', '4', '2', '2', '3', '2', '10', '9', '8', '9', '10', '10', '6', '6', '6', '5', '5', '5']","[NameSystem_2,block blk_6,block blk_6,block blk_6,blk_4,blk_4,blk_4,blk_4,blk_4,NameSystem_2,NameSystem_2,blk_4,NameSystem_2,blk_4,blk_4,/_0,blk_4,blk_4,blk_4,blk_4,blk_4,blk_4,block blk file_7,block blk file_7,block blk file_7]","[allocate_4,receiving_28,receiving_28,receiving_28,writing_23,none_22,writing_23,none_22,writing_23,add_3,add_3,none_22,add_3,verification_25,transfer_13,serving_0,transfer_13,verification_25,verification_25,delete_24,delete_24,delete_24,deleting_34,deleting_34,deleting_34]","[none_4,none_40,none_40,none_40,none_32,none_31,none_32,none_31,none_32,updated_3,updated_3,none_31,updated_3,successful_35,exception_21,none_0,exception_21,successful_35,successful_35,invalid_34,invalid_34,invalid_34,none_46,none_46,none_46]"
3129,"['7', '1', '1', '1', '3', '4', '2', '3', '4', '3', '4', '2', '2', '9', '8', '9', '10', '10', '6', '6', '6', '5', '5', '5']","[NameSystem_2,block blk_6,block blk_6,block blk_6,blk_4,blk_4,NameSystem_2,blk_4,blk_4,blk_4,blk_4,NameSystem_2,NameSystem_2,blk_4,/_0,blk_4,blk_4,blk_4,blk_4,blk_4,blk_4,block blk file_7,block blk file_7,block blk file_7]","[allocate_4,receiving_28,receiving_28,receiving_28,none_22,writing_23,add_3,none_22,writing_23,none_22,writing_23,add_3,add_3,transfer_13,serving_0,transfer_13,verification_25,verification_25,delete_24,delete_24,delete_24,deleting_34,deleting_34,deleting_34]","[none_4,none_40,none_40,none_40,none_31,none_32,updated_3,none_31,none_32,none_31,none_32,updated_3,updated_3,exception_21,none_0,exception_21,successful_35,successful_35,invalid_34,invalid_34,invalid_34,none_46,none_46,none_46]"
3130,"['7', '1', '1', '1', '2', '3', '4', '2', '2', '3', '4', '3', '4', '9', '8', '9', '10', '10', '10', '6', '6', '6', '5', '5', '5', '15']","[NameSystem_2,block blk_6,block blk_6,block blk_6,NameSystem_2,blk_4,blk_4,NameSystem_2,NameSystem_2,blk_4,blk_4,blk_4,blk_4,blk_4,/_0,blk_4,blk_4,blk_4,blk_4,blk_4,blk_4,blk_4,block blk file_7,block blk file_7,block blk file_7,block blk_6]","[allocate_4,receiving_28,receiving_28,receiving_28,add_3,none_22,writing_23,add_3,add_3,none_22,writing_23,none_22,writing_23,transfer_13,serving_0,transfer_13,verification_25,verification_25,verification_25,delete_24,delete_24,delete_24,deleting_34,deleting_34,deleting_34,deleting_30]","[none_4,none_40,none_40,none_40,updated_3,none_31,none_32,updated_3,updated_3,none_31,none_32,none_31,none_32,exception_21,none_0,exception_21,successful_35,successful_35,successful_35,invalid_34,invalid_34,invalid_34,none_46,none_46,none_46,error_42]"
3146,"['7', '1', '1', '1', '2', '2', '2', '3', '4', '3', '4', '3', '4', '9', '8', '9', '10', '10', '10', '6', '6', '6', '5', '5', '5']","[NameSystem_2,block blk_6,block blk_6,block blk_6,NameSystem_2,NameSystem_2,NameSystem_2,blk_4,blk_4,blk_4,blk_4,blk_4,blk_4,blk_4,/_0,blk_4,blk_4,blk_4,blk_4,blk_4,blk_4,blk_4,block blk file_7,block blk file_7,block blk file_7]","[allocate_4,receiving_28,receiving_28,receiving_28,add_3,add_3,add_3,none_22,writing_23,none_22,writing_23,none_22,writing_23,transfer_13,serving_0,transfer_13,verification_25,verification_25,verification_25,delete_24,delete_24,delete_24,deleting_34,deleting_34,deleting_34]","[none_4,none_40,none_40,none_40,updated_3,updated_3,updated_3,none_31,none_32,none_31,none_32,none_31,none_32,exception_21,none_0,exception_21,successful_35,successful_35,successful_35,invalid_34,invalid_34,invalid_34,none_46,none_46,none_46]"
3150,"['1', '7', '1', '1', '2', '2', '2', '3', '4', '3', '4', '3', '4', '9', '8', '9', '10', '10', '10', '6', '6', '6', '5', '5', '5']","[block blk_6,NameSystem_2,block blk_6,block blk_6,NameSystem_2,NameSystem_2,NameSystem_2,blk_4,blk_4,blk_4,blk_4,blk_4,blk_4,blk_4,/_0,blk_4,blk_4,blk_4,blk_4,blk_4,blk_4,blk_4,block blk file_7,block blk file_7,block blk file_7]","[receiving_28,allocate_4,receiving_28,receiving_28,add_3,add_3,add_3,none_22,writing_23,none_22,writing_23,none_22,writing_23,transfer_13,serving_0,transfer_13,verification_25,verification_25,verification_25,delete_24,delete_24,delete_24,deleting_34,deleting_34,deleting_34]","[none_40,none_4,none_40,none_40,updated_3,updated_3,updated_3,none_31,none_32,none_31,none_32,none_31,none_32,exception_21,none_0,exception_21,successful_35,successful_35,successful_35,invalid_34,invalid_34,invalid_34,none_46,none_46,none_46]"
3159,"['7', '1', '1', '1', '2', '2', '2', '3', '4', '3', '4', '3', '4', '9', '8', '9', '10', '10', '10', '6', '6', '6', '5', '5', '5']","[NameSystem_2,block blk_6,block blk_6,block blk_6,NameSystem_2,NameSystem_2,NameSystem_2,blk_4,blk_4,blk_4,blk_4,blk_4,blk_4,blk_4,/_0,blk_4,blk_4,blk_4,blk_4,blk_4,blk_4,blk_4,block blk file_7,block blk file_7,block blk file_7]","[allocate_4,receiving_28,receiving_28,receiving_28,add_3,add_3,add_3,none_22,writing_23,none_22,writing_23,none_22,writing_23,transfer_13,serving_0,transfer_13,verification_25,verification_25,verification_25,delete_24,delete_24,delete_24,deleting_34,deleting_34,deleting_34]","[none_4,none_40,none_40,none_40,updated_3,updated_3,updated_3,none_31,none_32,none_31,none_32,none_31,none_32,exception_21,none_0,exception_21,successful_35,successful_35,successful_35,invalid_34,invalid_34,invalid_34,none_46,none_46,none_46]"
3172,"['7', '1', '1', '1', '3', '4', '2', '3', '4', '2', '3', '4', '2', '9', '8', '9', '10', '10', '10', '6', '6', '6', '5', '5', '5']","[NameSystem_2,block blk_6,block blk_6,block blk_6,blk_4,blk_4,NameSystem_2,blk_4,blk_4,NameSystem_2,blk_4,blk_4,NameSystem_2,blk_4,/_0,blk_4,blk_4,blk_4,blk_4,blk_4,blk_4,blk_4,block blk file_7,block blk file_7,block blk file_7]","[allocate_4,receiving_28,receiving_28,receiving_28,none_22,writing_23,add_3,none_22,writing_23,add_3,none_22,writing_23,add_3,transfer_13,serving_0,transfer_13,verification_25,verification_25,verification_25,delete_24,delete_24,delete_24,deleting_34,deleting_34,deleting_34]","[none_4,none_40,none_40,none_40,none_31,none_32,updated_3,none_31,none_32,updated_3,none_31,none_32,updated_3,exception_21,none_0,exception_21,successful_35,successful_35,successful_35,invalid_34,invalid_34,invalid_34,none_46,none_46,none_46]"
3176,"['7', '1', '1', '1', '2', '2', '3', '4', '3', '4', '2', '3', '4', '9', '8', '9', '10', '10', '10', '6', '6', '6', '5', '5', '5']","[NameSystem_2,block blk_6,block blk_6,block blk_6,NameSystem_2,NameSystem_2,blk_4,blk_4,blk_4,blk_4,NameSystem_2,blk_4,blk_4,blk_4,/_0,blk_4,blk_4,blk_4,blk_4,blk_4,blk_4,blk_4,block blk file_7,block blk file_7,block blk file_7]","[allocate_4,receiving_28,receiving_28,receiving_28,add_3,add_3,none_22,writing_23,none_22,writing_23,add_3,none_22,writing_23,transfer_13,serving_0,transfer_13,verification_25,verification_25,verification_25,delete_24,delete_24,delete_24,deleting_34,deleting_34,deleting_34]","[none_4,none_40,none_40,none_40,updated_3,updated_3,none_31,none_32,none_31,none_32,updated_3,none_31,none_32,exception_21,none_0,exception_21,successful_35,successful_35,successful_35,invalid_34,invalid_34,invalid_34,none_46,none_46,none_46]"
3185,"['7', '1', '1', '1', '2', '3', '4', '2', '3', '4', '3', '4', '2', '10', '9', '9', '8', '10', '10', '6', '6', '6', '5', '5', '5']","[NameSystem_2,block blk_6,block blk_6,block blk_6,NameSystem_2,blk_4,blk_4,NameSystem_2,blk_4,blk_4,blk_4,blk_4,NameSystem_2,blk_4,blk_4,blk_4,/_0,blk_4,blk_4,blk_4,blk_4,blk_4,block blk file_7,block blk file_7,block blk file_7]","[allocate_4,receiving_28,receiving_28,receiving_28,add_3,none_22,writing_23,add_3,none_22,writing_23,none_22,writing_23,add_3,verification_25,transfer_13,transfer_13,serving_0,verification_25,verification_25,delete_24,delete_24,delete_24,deleting_34,deleting_34,deleting_34]","[none_4,none_40,none_40,none_40,updated_3,none_31,none_32,updated_3,none_31,none_32,none_31,none_32,updated_3,successful_35,exception_21,exception_21,none_0,successful_35,successful_35,invalid_34,invalid_34,invalid_34,none_46,none_46,none_46]"
3187,"['1', '7', '1', '1', '3', '4', '3', '4', '2', '2', '2', '3', '4', '10', '9', '8', '9', '10', '10', '6', '6', '6', '5', '5', '5']","[block blk_6,NameSystem_2,block blk_6,block blk_6,blk_4,blk_4,blk_4,blk_4,NameSystem_2,NameSystem_2,NameSystem_2,blk_4,blk_4,blk_4,blk_4,/_0,blk_4,blk_4,blk_4,blk_4,blk_4,blk_4,block blk file_7,block blk file_7,block blk file_7]","[receiving_28,allocate_4,receiving_28,receiving_28,none_22,writing_23,none_22,writing_23,add_3,add_3,add_3,none_22,writing_23,verification_25,transfer_13,serving_0,transfer_13,verification_25,verification_25,delete_24,delete_24,delete_24,deleting_34,deleting_34,deleting_34]","[none_40,none_4,none_40,none_40,none_31,none_32,none_31,none_32,updated_3,updated_3,updated_3,none_31,none_32,successful_35,exception_21,none_0,exception_21,successful_35,successful_35,invalid_34,invalid_34,invalid_34,none_46,none_46,none_46]"
3194,"['7', '1', '1', '1', '2', '2', '3', '3', '3', '4', '4', '4', '2', '10', '9', '8', '9', '10', '10', '6', '6', '6', '5', '5', '5']","[NameSystem_2,block blk_6,block blk_6,block blk_6,NameSystem_2,NameSystem_2,blk_4,blk_4,blk_4,blk_4,blk_4,blk_4,NameSystem_2,blk_4,blk_4,/_0,blk_4,blk_4,blk_4,blk_4,blk_4,blk_4,block blk file_7,block blk file_7,block blk file_7]","[allocate_4,receiving_28,receiving_28,receiving_28,add_3,add_3,none_22,none_22,none_22,writing_23,writing_23,writing_23,add_3,verification_25,transfer_13,serving_0,transfer_13,verification_25,verification_25,delete_24,delete_24,delete_24,deleting_34,deleting_34,deleting_34]","[none_4,none_40,none_40,none_40,updated_3,updated_3,none_31,none_31,none_31,none_32,none_32,none_32,updated_3,successful_35,exception_21,none_0,exception_21,successful_35,successful_35,invalid_34,invalid_34,invalid_34,none_46,none_46,none_46]"
3195,"['7', '1', '1', '1', '2', '3', '4', '2', '3', '4', '3', '4', '2', '9', '8', '9', '10', '10', '10', '6', '6', '6', '5', '5', '5']","[NameSystem_2,block blk_6,block blk_6,block blk_6,NameSystem_2,blk_4,blk_4,NameSystem_2,blk_4,blk_4,blk_4,blk_4,NameSystem_2,blk_4,/_0,blk_4,blk_4,blk_4,blk_4,blk_4,blk_4,blk_4,block blk file_7,block blk file_7,block blk file_7]","[allocate_4,receiving_28,receiving_28,receiving_28,add_3,none_22,writing_23,add_3,none_22,writing_23,none_22,writing_23,add_3,transfer_13,serving_0,transfer_13,verification_25,verification_25,verification_25,delete_24,delete_24,delete_24,deleting_34,deleting_34,deleting_34]","[none_4,none_40,none_40,none_40,updated_3,none_31,none_32,updated_3,none_31,none_32,none_31,none_32,updated_3,exception_21,none_0,exception_21,successful_35,successful_35,successful_35,invalid_34,invalid_34,invalid_34,none_46,none_46,none_46]"
3203,"['7', '1', '1', '1', '3', '4', '3', '4', '3', '4', '2', '2', '2', '9', '8', '9', '10', '10', '10', '6', '6', '6', '5', '5', '5']","[NameSystem_2,block blk_6,block blk_6,block blk_6,blk_4,blk_4,blk_4,blk_4,blk_4,blk_4,NameSystem_2,NameSystem_2,NameSystem_2,blk_4,/_0,blk_4,blk_4,blk_4,blk_4,blk_4,blk_4,blk_4,block blk file_7,block blk file_7,block blk file_7]","[allocate_4,receiving_28,receiving_28,receiving_28,none_22,writing_23,none_22,writing_23,none_22,writing_23,add_3,add_3,add_3,transfer_13,serving_0,transfer_13,verification_25,verification_25,verification_25,delete_24,delete_24,delete_24,deleting_34,deleting_34,deleting_34]","[none_4,none_40,none_40,none_40,none_31,none_32,none_31,none_32,none_31,none_32,updated_3,updated_3,updated_3,exception_21,none_0,exception_21,successful_35,successful_35,successful_35,invalid_34,invalid_34,invalid_34,none_46,none_46,none_46]"
3221,"['1', '7', '1', '1', '3', '4', '2', '2', '3', '4', '3', '4', '2', '9', '8', '9', '10', '10', '10', '6', '6', '6', '5', '5', '5']","[block blk_6,NameSystem_2,block blk_6,block blk_6,blk_4,blk_4,NameSystem_2,NameSystem_2,blk_4,blk_4,blk_4,blk_4,NameSystem_2,blk_4,/_0,blk_4,blk_4,blk_4,blk_4,blk_4,blk_4,blk_4,block blk file_7,block blk file_7,block blk file_7]","[receiving_28,allocate_4,receiving_28,receiving_28,none_22,writing_23,add_3,add_3,none_22,writing_23,none_22,writing_23,add_3,transfer_13,serving_0,transfer_13,verification_25,verification_25,verification_25,delete_24,delete_24,delete_24,deleting_34,deleting_34,deleting_34]","[none_40,none_4,none_40,none_40,none_31,none_32,updated_3,updated_3,none_31,none_32,none_31,none_32,updated_3,exception_21,none_0,exception_21,successful_35,successful_35,successful_35,invalid_34,invalid_34,invalid_34,none_46,none_46,none_46]"
3239,"['7', '1', '1', '1', '2', '3', '4', '3', '4', '3', '4', '2', '2', '9', '8', '9', '10', '10', '10', '6', '6', '6', '5', '5', '5']","[NameSystem_2,block blk_6,block blk_6,block blk_6,NameSystem_2,blk_4,blk_4,blk_4,blk_4,blk_4,blk_4,NameSystem_2,NameSystem_2,blk_4,/_0,blk_4,blk_4,blk_4,blk_4,blk_4,blk_4,blk_4,block blk file_7,block blk file_7,block blk file_7]","[allocate_4,receiving_28,receiving_28,receiving_28,add_3,none_22,writing_23,none_22,writing_23,none_22,writing_23,add_3,add_3,transfer_13,serving_0,transfer_13,verification_25,verification_25,verification_25,delete_24,delete_24,delete_24,deleting_34,deleting_34,deleting_34]","[none_4,none_40,none_40,none_40,updated_3,none_31,none_32,none_31,none_32,none_31,none_32,updated_3,updated_3,exception_21,none_0,exception_21,successful_35,successful_35,successful_35,invalid_34,invalid_34,invalid_34,none_46,none_46,none_46]"
3268,"['7', '1', '1', '1', '2', '2', '3', '4', '3', '4', '3', '4', '2', '9', '9', '8', '10', '10', '10', '6', '6', '6', '5', '5', '5']","[NameSystem_2,block blk_6,block blk_6,block blk_6,NameSystem_2,NameSystem_2,blk_4,blk_4,blk_4,blk_4,blk_4,blk_4,NameSystem_2,blk_4,blk_4,/_0,blk_4,blk_4,blk_4,blk_4,blk_4,blk_4,block blk file_7,block blk file_7,block blk file_7]","[allocate_4,receiving_28,receiving_28,receiving_28,add_3,add_3,none_22,writing_23,none_22,writing_23,none_22,writing_23,add_3,transfer_13,transfer_13,serving_0,verification_25,verification_25,verification_25,delete_24,delete_24,delete_24,deleting_34,deleting_34,deleting_34]","[none_4,none_40,none_40,none_40,updated_3,updated_3,none_31,none_32,none_31,none_32,none_31,none_32,updated_3,exception_21,exception_21,none_0,successful_35,successful_35,successful_35,invalid_34,invalid_34,invalid_34,none_46,none_46,none_46]"
3269,"['7', '1', '1', '1', '2', '2', '3', '4', '2', '3', '4', '3', '4', '10', '9', '8', '9', '10', '10', '6', '6', '6', '5', '5', '5']","[NameSystem_2,block blk_6,block blk_6,block blk_6,NameSystem_2,NameSystem_2,blk_4,blk_4,NameSystem_2,blk_4,blk_4,blk_4,blk_4,blk_4,blk_4,/_0,blk_4,blk_4,blk_4,blk_4,blk_4,blk_4,block blk file_7,block blk file_7,block blk file_7]","[allocate_4,receiving_28,receiving_28,receiving_28,add_3,add_3,none_22,writing_23,add_3,none_22,writing_23,none_22,writing_23,verification_25,transfer_13,serving_0,transfer_13,verification_25,verification_25,delete_24,delete_24,delete_24,deleting_34,deleting_34,deleting_34]","[none_4,none_40,none_40,none_40,updated_3,updated_3,none_31,none_32,updated_3,none_31,none_32,none_31,none_32,successful_35,exception_21,none_0,exception_21,successful_35,successful_35,invalid_34,invalid_34,invalid_34,none_46,none_46,none_46]"
3276,"['7', '1', '1', '1', '2', '2', '2', '3', '4', '3', '4', '3', '4', '10', '10', '9', '8', '9', '10', '6', '6', '6', '5', '5', '5']","[NameSystem_2,block blk_6,block blk_6,block blk_6,NameSystem_2,NameSystem_2,NameSystem_2,blk_4,blk_4,blk_4,blk_4,blk_4,blk_4,blk_4,blk_4,blk_4,/_0,blk_4,blk_4,blk_4,blk_4,blk_4,block blk file_7,block blk file_7,block blk file_7]","[allocate_4,receiving_28,receiving_28,receiving_28,add_3,add_3,add_3,none_22,writing_23,none_22,writing_23,none_22,writing_23,verification_25,verification_25,transfer_13,serving_0,transfer_13,verification_25,delete_24,delete_24,delete_24,deleting_34,deleting_34,deleting_34]","[none_4,none_40,none_40,none_40,updated_3,updated_3,updated_3,none_31,none_32,none_31,none_32,none_31,none_32,successful_35,successful_35,exception_21,none_0,exception_21,successful_35,invalid_34,invalid_34,invalid_34,none_46,none_46,none_46]"
3289,"['7', '1', '1', '1', '2', '2', '2', '3', '4', '3', '4', '3', '4', '9', '8', '9', '10', '10', '10', '6', '6', '6', '5', '5', '5']","[NameSystem_2,block blk_6,block blk_6,block blk_6,NameSystem_2,NameSystem_2,NameSystem_2,blk_4,blk_4,blk_4,blk_4,blk_4,blk_4,blk_4,/_0,blk_4,blk_4,blk_4,blk_4,blk_4,blk_4,blk_4,block blk file_7,block blk file_7,block blk file_7]","[allocate_4,receiving_28,receiving_28,receiving_28,add_3,add_3,add_3,none_22,writing_23,none_22,writing_23,none_22,writing_23,transfer_13,serving_0,transfer_13,verification_25,verification_25,verification_25,delete_24,delete_24,delete_24,deleting_34,deleting_34,deleting_34]","[none_4,none_40,none_40,none_40,updated_3,updated_3,updated_3,none_31,none_32,none_31,none_32,none_31,none_32,exception_21,none_0,exception_21,successful_35,successful_35,successful_35,invalid_34,invalid_34,invalid_34,none_46,none_46,none_46]"
3293,"['1', '7', '1', '1', '2', '2', '2', '3', '4', '3', '4', '3', '4', '9', '8', '9', '10', '10', '10', '6', '6', '6', '5', '5', '5']","[block blk_6,NameSystem_2,block blk_6,block blk_6,NameSystem_2,NameSystem_2,NameSystem_2,blk_4,blk_4,blk_4,blk_4,blk_4,blk_4,blk_4,/_0,blk_4,blk_4,blk_4,blk_4,blk_4,blk_4,blk_4,block blk file_7,block blk file_7,block blk file_7]","[receiving_28,allocate_4,receiving_28,receiving_28,add_3,add_3,add_3,none_22,writing_23,none_22,writing_23,none_22,writing_23,transfer_13,serving_0,transfer_13,verification_25,verification_25,verification_25,delete_24,delete_24,delete_24,deleting_34,deleting_34,deleting_34]","[none_40,none_4,none_40,none_40,updated_3,updated_3,updated_3,none_31,none_32,none_31,none_32,none_31,none_32,exception_21,none_0,exception_21,successful_35,successful_35,successful_35,invalid_34,invalid_34,invalid_34,none_46,none_46,none_46]"
3309,"['7', '1', '1', '1', '2', '2', '2', '3', '4', '3', '4', '3', '4', '10', '9', '8', '9', '10', '10', '6', '6', '6', '5', '5', '5']","[NameSystem_2,block blk_6,block blk_6,block blk_6,NameSystem_2,NameSystem_2,NameSystem_2,blk_4,blk_4,blk_4,blk_4,blk_4,blk_4,blk_4,blk_4,/_0,blk_4,blk_4,blk_4,blk_4,blk_4,blk_4,block blk file_7,block blk file_7,block blk file_7]","[allocate_4,receiving_28,receiving_28,receiving_28,add_3,add_3,add_3,none_22,writing_23,none_22,writing_23,none_22,writing_23,verification_25,transfer_13,serving_0,transfer_13,verification_25,verification_25,delete_24,delete_24,delete_24,deleting_34,deleting_34,deleting_34]","[none_4,none_40,none_40,none_40,updated_3,updated_3,updated_3,none_31,none_32,none_31,none_32,none_31,none_32,successful_35,exception_21,none_0,exception_21,successful_35,successful_35,invalid_34,invalid_34,invalid_34,none_46,none_46,none_46]"
3311,"['7', '1', '1', '1', '2', '3', '4', '3', '4', '3', '4', '2', '2', '9', '8', '9', '10', '10', '10', '6', '6', '6', '5', '5', '5']","[NameSystem_2,block blk_6,block blk_6,block blk_6,NameSystem_2,blk_4,blk_4,blk_4,blk_4,blk_4,blk_4,NameSystem_2,NameSystem_2,blk_4,/_0,blk_4,blk_4,blk_4,blk_4,blk_4,blk_4,blk_4,block blk file_7,block blk file_7,block blk file_7]","[allocate_4,receiving_28,receiving_28,receiving_28,add_3,none_22,writing_23,none_22,writing_23,none_22,writing_23,add_3,add_3,transfer_13,serving_0,transfer_13,verification_25,verification_25,verification_25,delete_24,delete_24,delete_24,deleting_34,deleting_34,deleting_34]","[none_4,none_40,none_40,none_40,updated_3,none_31,none_32,none_31,none_32,none_31,none_32,updated_3,updated_3,exception_21,none_0,exception_21,successful_35,successful_35,successful_35,invalid_34,invalid_34,invalid_34,none_46,none_46,none_46]"
3323,"['1', '7']","[block blk_6,NameSystem_2]","[receiving_28,allocate_4]","[none_40,none_4]"
3347,"['7', '1', '1', '1', '2', '2', '2', '3', '4', '3', '4', '3', '4', '10', '10', '9', '9', '8', '10', '6', '6', '6', '5', '5', '5']","[NameSystem_2,block blk_6,block blk_6,block blk_6,NameSystem_2,NameSystem_2,NameSystem_2,blk_4,blk_4,blk_4,blk_4,blk_4,blk_4,blk_4,blk_4,blk_4,blk_4,/_0,blk_4,blk_4,blk_4,blk_4,block blk file_7,block blk file_7,block blk file_7]","[allocate_4,receiving_28,receiving_28,receiving_28,add_3,add_3,add_3,none_22,writing_23,none_22,writing_23,none_22,writing_23,verification_25,verification_25,transfer_13,transfer_13,serving_0,verification_25,delete_24,delete_24,delete_24,deleting_34,deleting_34,deleting_34]","[none_4,none_40,none_40,none_40,updated_3,updated_3,updated_3,none_31,none_32,none_31,none_32,none_31,none_32,successful_35,successful_35,exception_21,exception_21,none_0,successful_35,invalid_34,invalid_34,invalid_34,none_46,none_46,none_46]"
3351,"['7', '1', '1', '1', '2', '3', '4', '2', '3', '4', '3', '4', '2', '10', '9', '9', '8', '10', '10', '6', '6', '6', '5', '5', '5']","[NameSystem_2,block blk_6,block blk_6,block blk_6,NameSystem_2,blk_4,blk_4,NameSystem_2,blk_4,blk_4,blk_4,blk_4,NameSystem_2,blk_4,blk_4,blk_4,/_0,blk_4,blk_4,blk_4,blk_4,blk_4,block blk file_7,block blk file_7,block blk file_7]","[allocate_4,receiving_28,receiving_28,receiving_28,add_3,none_22,writing_23,add_3,none_22,writing_23,none_22,writing_23,add_3,verification_25,transfer_13,transfer_13,serving_0,verification_25,verification_25,delete_24,delete_24,delete_24,deleting_34,deleting_34,deleting_34]","[none_4,none_40,none_40,none_40,updated_3,none_31,none_32,updated_3,none_31,none_32,none_31,none_32,updated_3,successful_35,exception_21,exception_21,none_0,successful_35,successful_35,invalid_34,invalid_34,invalid_34,none_46,none_46,none_46]"
3359,"['7', '1', '1', '1', '2', '2', '2', '3', '4', '3', '4', '3', '4', '10', '9', '8', '9', '10', '10', '6', '6', '6', '5', '5', '5']","[NameSystem_2,block blk_6,block blk_6,block blk_6,NameSystem_2,NameSystem_2,NameSystem_2,blk_4,blk_4,blk_4,blk_4,blk_4,blk_4,blk_4,blk_4,/_0,blk_4,blk_4,blk_4,blk_4,blk_4,blk_4,block blk file_7,block blk file_7,block blk file_7]","[allocate_4,receiving_28,receiving_28,receiving_28,add_3,add_3,add_3,none_22,writing_23,none_22,writing_23,none_22,writing_23,verification_25,transfer_13,serving_0,transfer_13,verification_25,verification_25,delete_24,delete_24,delete_24,deleting_34,deleting_34,deleting_34]","[none_4,none_40,none_40,none_40,updated_3,updated_3,updated_3,none_31,none_32,none_31,none_32,none_31,none_32,successful_35,exception_21,none_0,exception_21,successful_35,successful_35,invalid_34,invalid_34,invalid_34,none_46,none_46,none_46]"
3367,"['7', '1', '1', '1', '2', '2', '3', '4', '3', '4', '3', '4', '2', '9', '8', '9', '10', '10', '10', '6', '6', '6', '5', '5', '5']","[NameSystem_2,block blk_6,block blk_6,block blk_6,NameSystem_2,NameSystem_2,blk_4,blk_4,blk_4,blk_4,blk_4,blk_4,NameSystem_2,blk_4,/_0,blk_4,blk_4,blk_4,blk_4,blk_4,blk_4,blk_4,block blk file_7,block blk file_7,block blk file_7]","[allocate_4,receiving_28,receiving_28,receiving_28,add_3,add_3,none_22,writing_23,none_22,writing_23,none_22,writing_23,add_3,transfer_13,serving_0,transfer_13,verification_25,verification_25,verification_25,delete_24,delete_24,delete_24,deleting_34,deleting_34,deleting_34]","[none_4,none_40,none_40,none_40,updated_3,updated_3,none_31,none_32,none_31,none_32,none_31,none_32,updated_3,exception_21,none_0,exception_21,successful_35,successful_35,successful_35,invalid_34,invalid_34,invalid_34,none_46,none_46,none_46]"
3372,"['7', '1', '1', '1', '2', '2', '3', '4', '3', '4', '2', '3', '4', '9', '8', '9', '10', '10', '10', '6', '6', '6', '5', '5', '5']","[NameSystem_2,block blk_6,block blk_6,block blk_6,NameSystem_2,NameSystem_2,blk_4,blk_4,blk_4,blk_4,NameSystem_2,blk_4,blk_4,blk_4,/_0,blk_4,blk_4,blk_4,blk_4,blk_4,blk_4,blk_4,block blk file_7,block blk file_7,block blk file_7]","[allocate_4,receiving_28,receiving_28,receiving_28,add_3,add_3,none_22,writing_23,none_22,writing_23,add_3,none_22,writing_23,transfer_13,serving_0,transfer_13,verification_25,verification_25,verification_25,delete_24,delete_24,delete_24,deleting_34,deleting_34,deleting_34]","[none_4,none_40,none_40,none_40,updated_3,updated_3,none_31,none_32,none_31,none_32,updated_3,none_31,none_32,exception_21,none_0,exception_21,successful_35,successful_35,successful_35,invalid_34,invalid_34,invalid_34,none_46,none_46,none_46]"
3384,"['7', '1', '1', '1', '2', '2', '2', '3', '4', '3', '3', '4', '4', '10', '9', '9', '8', '10', '10', '6', '6', '6', '5', '5', '5']","[NameSystem_2,block blk_6,block blk_6,block blk_6,NameSystem_2,NameSystem_2,NameSystem_2,blk_4,blk_4,blk_4,blk_4,blk_4,blk_4,blk_4,blk_4,blk_4,/_0,blk_4,blk_4,blk_4,blk_4,blk_4,block blk file_7,block blk file_7,block blk file_7]","[allocate_4,receiving_28,receiving_28,receiving_28,add_3,add_3,add_3,none_22,writing_23,none_22,none_22,writing_23,writing_23,verification_25,transfer_13,transfer_13,serving_0,verification_25,verification_25,delete_24,delete_24,delete_24,deleting_34,deleting_34,deleting_34]","[none_4,none_40,none_40,none_40,updated_3,updated_3,updated_3,none_31,none_32,none_31,none_31,none_32,none_32,successful_35,exception_21,exception_21,none_0,successful_35,successful_35,invalid_34,invalid_34,invalid_34,none_46,none_46,none_46]"
3391,"['7', '1', '1', '1', '2', '2', '2', '3', '4', '3', '4', '3', '4', '10', '9', '9', '8', '10', '10', '6', '6', '6', '5', '5', '5']","[NameSystem_2,block blk_6,block blk_6,block blk_6,NameSystem_2,NameSystem_2,NameSystem_2,blk_4,blk_4,blk_4,blk_4,blk_4,blk_4,blk_4,blk_4,blk_4,/_0,blk_4,blk_4,blk_4,blk_4,blk_4,block blk file_7,block blk file_7,block blk file_7]","[allocate_4,receiving_28,receiving_28,receiving_28,add_3,add_3,add_3,none_22,writing_23,none_22,writing_23,none_22,writing_23,verification_25,transfer_13,transfer_13,serving_0,verification_25,verification_25,delete_24,delete_24,delete_24,deleting_34,deleting_34,deleting_34]","[none_4,none_40,none_40,none_40,updated_3,updated_3,updated_3,none_31,none_32,none_31,none_32,none_31,none_32,successful_35,exception_21,exception_21,none_0,successful_35,successful_35,invalid_34,invalid_34,invalid_34,none_46,none_46,none_46]"
3393,"['1', '7', '1', '1', '2', '2', '3', '4', '3', '4', '2', '3', '4', '10', '9', '8', '9', '10', '10', '6', '6', '6', '5', '5', '5']","[block blk_6,NameSystem_2,block blk_6,block blk_6,NameSystem_2,NameSystem_2,blk_4,blk_4,blk_4,blk_4,NameSystem_2,blk_4,blk_4,blk_4,blk_4,/_0,blk_4,blk_4,blk_4,blk_4,blk_4,blk_4,block blk file_7,block blk file_7,block blk file_7]","[receiving_28,allocate_4,receiving_28,receiving_28,add_3,add_3,none_22,writing_23,none_22,writing_23,add_3,none_22,writing_23,verification_25,transfer_13,serving_0,transfer_13,verification_25,verification_25,delete_24,delete_24,delete_24,deleting_34,deleting_34,deleting_34]","[none_40,none_4,none_40,none_40,updated_3,updated_3,none_31,none_32,none_31,none_32,updated_3,none_31,none_32,successful_35,exception_21,none_0,exception_21,successful_35,successful_35,invalid_34,invalid_34,invalid_34,none_46,none_46,none_46]"
3399,"['7', '1', '1', '1', '3', '4', '2', '2', '2', '3', '4', '3', '4', '9', '9', '8', '10', '10', '10', '6', '6', '6', '5', '5', '5']","[NameSystem_2,block blk_6,block blk_6,block blk_6,blk_4,blk_4,NameSystem_2,NameSystem_2,NameSystem_2,blk_4,blk_4,blk_4,blk_4,blk_4,blk_4,/_0,blk_4,blk_4,blk_4,blk_4,blk_4,blk_4,block blk file_7,block blk file_7,block blk file_7]","[allocate_4,receiving_28,receiving_28,receiving_28,none_22,writing_23,add_3,add_3,add_3,none_22,writing_23,none_22,writing_23,transfer_13,transfer_13,serving_0,verification_25,verification_25,verification_25,delete_24,delete_24,delete_24,deleting_34,deleting_34,deleting_34]","[none_4,none_40,none_40,none_40,none_31,none_32,updated_3,updated_3,updated_3,none_31,none_32,none_31,none_32,exception_21,exception_21,none_0,successful_35,successful_35,successful_35,invalid_34,invalid_34,invalid_34,none_46,none_46,none_46]"
3430,"['7', '1', '1', '1', '2', '2', '3', '4', '3', '4', '3', '4', '2', '9', '9', '8', '10', '10', '10', '6', '6', '6', '5', '5', '5']","[NameSystem_2,block blk_6,block blk_6,block blk_6,NameSystem_2,NameSystem_2,blk_4,blk_4,blk_4,blk_4,blk_4,blk_4,NameSystem_2,blk_4,blk_4,/_0,blk_4,blk_4,blk_4,blk_4,blk_4,blk_4,block blk file_7,block blk file_7,block blk file_7]","[allocate_4,receiving_28,receiving_28,receiving_28,add_3,add_3,none_22,writing_23,none_22,writing_23,none_22,writing_23,add_3,transfer_13,transfer_13,serving_0,verification_25,verification_25,verification_25,delete_24,delete_24,delete_24,deleting_34,deleting_34,deleting_34]","[none_4,none_40,none_40,none_40,updated_3,updated_3,none_31,none_32,none_31,none_32,none_31,none_32,updated_3,exception_21,exception_21,none_0,successful_35,successful_35,successful_35,invalid_34,invalid_34,invalid_34,none_46,none_46,none_46]"
3439,"['1', '7', '1', '1', '2', '3', '4', '2', '2', '3', '4', '3', '4', '9', '9', '8', '10', '10', '10', '6', '6', '6', '5', '5', '5']","[block blk_6,NameSystem_2,block blk_6,block blk_6,NameSystem_2,blk_4,blk_4,NameSystem_2,NameSystem_2,blk_4,blk_4,blk_4,blk_4,blk_4,blk_4,/_0,blk_4,blk_4,blk_4,blk_4,blk_4,blk_4,block blk file_7,block blk file_7,block blk file_7]","[receiving_28,allocate_4,receiving_28,receiving_28,add_3,none_22,writing_23,add_3,add_3,none_22,writing_23,none_22,writing_23,transfer_13,transfer_13,serving_0,verification_25,verification_25,verification_25,delete_24,delete_24,delete_24,deleting_34,deleting_34,deleting_34]","[none_40,none_4,none_40,none_40,updated_3,none_31,none_32,updated_3,updated_3,none_31,none_32,none_31,none_32,exception_21,exception_21,none_0,successful_35,successful_35,successful_35,invalid_34,invalid_34,invalid_34,none_46,none_46,none_46]"
3444,"['7', '1', '1', '1', '2', '2', '3', '4', '3', '4', '3', '4', '2', '9', '8', '9', '10', '10', '10', '6', '6', '6', '5', '5', '5']","[NameSystem_2,block blk_6,block blk_6,block blk_6,NameSystem_2,NameSystem_2,blk_4,blk_4,blk_4,blk_4,blk_4,blk_4,NameSystem_2,blk_4,/_0,blk_4,blk_4,blk_4,blk_4,blk_4,blk_4,blk_4,block blk file_7,block blk file_7,block blk file_7]","[allocate_4,receiving_28,receiving_28,receiving_28,add_3,add_3,none_22,writing_23,none_22,writing_23,none_22,writing_23,add_3,transfer_13,serving_0,transfer_13,verification_25,verification_25,verification_25,delete_24,delete_24,delete_24,deleting_34,deleting_34,deleting_34]","[none_4,none_40,none_40,none_40,updated_3,updated_3,none_31,none_32,none_31,none_32,none_31,none_32,updated_3,exception_21,none_0,exception_21,successful_35,successful_35,successful_35,invalid_34,invalid_34,invalid_34,none_46,none_46,none_46]"
3447,"['1', '7', '1', '1', '2', '2', '3', '4', '3', '4', '2', '3', '4', '9', '8', '9', '10', '10', '10', '6', '6', '6', '5', '5', '5']","[block blk_6,NameSystem_2,block blk_6,block blk_6,NameSystem_2,NameSystem_2,blk_4,blk_4,blk_4,blk_4,NameSystem_2,blk_4,blk_4,blk_4,/_0,blk_4,blk_4,blk_4,blk_4,blk_4,blk_4,blk_4,block blk file_7,block blk file_7,block blk file_7]","[receiving_28,allocate_4,receiving_28,receiving_28,add_3,add_3,none_22,writing_23,none_22,writing_23,add_3,none_22,writing_23,transfer_13,serving_0,transfer_13,verification_25,verification_25,verification_25,delete_24,delete_24,delete_24,deleting_34,deleting_34,deleting_34]","[none_40,none_4,none_40,none_40,updated_3,updated_3,none_31,none_32,none_31,none_32,updated_3,none_31,none_32,exception_21,none_0,exception_21,successful_35,successful_35,successful_35,invalid_34,invalid_34,invalid_34,none_46,none_46,none_46]"
3506,"['7', '1', '1', '1', '2', '2', '2', '3', '4', '3', '4', '3', '4', '10', '9', '8', '9', '10', '10', '6', '6', '6', '5', '5', '5']","[NameSystem_2,block blk_6,block blk_6,block blk_6,NameSystem_2,NameSystem_2,NameSystem_2,blk_4,blk_4,blk_4,blk_4,blk_4,blk_4,blk_4,blk_4,/_0,blk_4,blk_4,blk_4,blk_4,blk_4,blk_4,block blk file_7,block blk file_7,block blk file_7]","[allocate_4,receiving_28,receiving_28,receiving_28,add_3,add_3,add_3,none_22,writing_23,none_22,writing_23,none_22,writing_23,verification_25,transfer_13,serving_0,transfer_13,verification_25,verification_25,delete_24,delete_24,delete_24,deleting_34,deleting_34,deleting_34]","[none_4,none_40,none_40,none_40,updated_3,updated_3,updated_3,none_31,none_32,none_31,none_32,none_31,none_32,successful_35,exception_21,none_0,exception_21,successful_35,successful_35,invalid_34,invalid_34,invalid_34,none_46,none_46,none_46]"
3529,"['7', '1', '1', '1', '2', '3', '4', '3', '4', '2', '2', '3', '4', '10', '9', '8', '9', '10', '10', '6', '6', '6', '5', '5', '5']","[NameSystem_2,block blk_6,block blk_6,block blk_6,NameSystem_2,blk_4,blk_4,blk_4,blk_4,NameSystem_2,NameSystem_2,blk_4,blk_4,blk_4,blk_4,/_0,blk_4,blk_4,blk_4,blk_4,blk_4,blk_4,block blk file_7,block blk file_7,block blk file_7]","[allocate_4,receiving_28,receiving_28,receiving_28,add_3,none_22,writing_23,none_22,writing_23,add_3,add_3,none_22,writing_23,verification_25,transfer_13,serving_0,transfer_13,verification_25,verification_25,delete_24,delete_24,delete_24,deleting_34,deleting_34,deleting_34]","[none_4,none_40,none_40,none_40,updated_3,none_31,none_32,none_31,none_32,updated_3,updated_3,none_31,none_32,successful_35,exception_21,none_0,exception_21,successful_35,successful_35,invalid_34,invalid_34,invalid_34,none_46,none_46,none_46]"
3535,"['7', '1', '1', '1', '2', '2', '2', '3', '4', '3', '4', '3', '4', '10', '9', '9', '8', '10', '10', '6', '6', '6', '5', '5', '5']","[NameSystem_2,block blk_6,block blk_6,block blk_6,NameSystem_2,NameSystem_2,NameSystem_2,blk_4,blk_4,blk_4,blk_4,blk_4,blk_4,blk_4,blk_4,blk_4,/_0,blk_4,blk_4,blk_4,blk_4,blk_4,block blk file_7,block blk file_7,block blk file_7]","[allocate_4,receiving_28,receiving_28,receiving_28,add_3,add_3,add_3,none_22,writing_23,none_22,writing_23,none_22,writing_23,verification_25,transfer_13,transfer_13,serving_0,verification_25,verification_25,delete_24,delete_24,delete_24,deleting_34,deleting_34,deleting_34]","[none_4,none_40,none_40,none_40,updated_3,updated_3,updated_3,none_31,none_32,none_31,none_32,none_31,none_32,successful_35,exception_21,exception_21,none_0,successful_35,successful_35,invalid_34,invalid_34,invalid_34,none_46,none_46,none_46]"
3552,"['7', '1', '1', '1', '2', '3', '4', '3', '4', '3', '4', '2', '2', '9', '8', '9', '10', '10', '10', '6', '6', '6', '5', '5', '5']","[NameSystem_2,block blk_6,block blk_6,block blk_6,NameSystem_2,blk_4,blk_4,blk_4,blk_4,blk_4,blk_4,NameSystem_2,NameSystem_2,blk_4,/_0,blk_4,blk_4,blk_4,blk_4,blk_4,blk_4,blk_4,block blk file_7,block blk file_7,block blk file_7]","[allocate_4,receiving_28,receiving_28,receiving_28,add_3,none_22,writing_23,none_22,writing_23,none_22,writing_23,add_3,add_3,transfer_13,serving_0,transfer_13,verification_25,verification_25,verification_25,delete_24,delete_24,delete_24,deleting_34,deleting_34,deleting_34]","[none_4,none_40,none_40,none_40,updated_3,none_31,none_32,none_31,none_32,none_31,none_32,updated_3,updated_3,exception_21,none_0,exception_21,successful_35,successful_35,successful_35,invalid_34,invalid_34,invalid_34,none_46,none_46,none_46]"
3587,"['7', '1', '1', '1', '2', '2', '3', '4', '3', '4', '2', '3', '4', '9', '8', '9', '10', '10', '10', '6', '6', '6', '5', '5', '5']","[NameSystem_2,block blk_6,block blk_6,block blk_6,NameSystem_2,NameSystem_2,blk_4,blk_4,blk_4,blk_4,NameSystem_2,blk_4,blk_4,blk_4,/_0,blk_4,blk_4,blk_4,blk_4,blk_4,blk_4,blk_4,block blk file_7,block blk file_7,block blk file_7]","[allocate_4,receiving_28,receiving_28,receiving_28,add_3,add_3,none_22,writing_23,none_22,writing_23,add_3,none_22,writing_23,transfer_13,serving_0,transfer_13,verification_25,verification_25,verification_25,delete_24,delete_24,delete_24,deleting_34,deleting_34,deleting_34]","[none_4,none_40,none_40,none_40,updated_3,updated_3,none_31,none_32,none_31,none_32,updated_3,none_31,none_32,exception_21,none_0,exception_21,successful_35,successful_35,successful_35,invalid_34,invalid_34,invalid_34,none_46,none_46,none_46]"
3590,"['7', '1', '1', '1', '2', '2', '3', '4', '3', '4', '3', '4', '2', '9', '9', '8', '10', '10', '10', '6', '6', '6', '5', '5', '5']","[NameSystem_2,block blk_6,block blk_6,block blk_6,NameSystem_2,NameSystem_2,blk_4,blk_4,blk_4,blk_4,blk_4,blk_4,NameSystem_2,blk_4,blk_4,/_0,blk_4,blk_4,blk_4,blk_4,blk_4,blk_4,block blk file_7,block blk file_7,block blk file_7]","[allocate_4,receiving_28,receiving_28,receiving_28,add_3,add_3,none_22,writing_23,none_22,writing_23,none_22,writing_23,add_3,transfer_13,transfer_13,serving_0,verification_25,verification_25,verification_25,delete_24,delete_24,delete_24,deleting_34,deleting_34,deleting_34]","[none_4,none_40,none_40,none_40,updated_3,updated_3,none_31,none_32,none_31,none_32,none_31,none_32,updated_3,exception_21,exception_21,none_0,successful_35,successful_35,successful_35,invalid_34,invalid_34,invalid_34,none_46,none_46,none_46]"
3596,"['7', '1', '1', '1', '2', '2', '2', '3', '4', '3', '4', '3', '4', '9', '8', '9', '10', '10', '10', '6', '6', '6', '5', '5', '5']","[NameSystem_2,block blk_6,block blk_6,block blk_6,NameSystem_2,NameSystem_2,NameSystem_2,blk_4,blk_4,blk_4,blk_4,blk_4,blk_4,blk_4,/_0,blk_4,blk_4,blk_4,blk_4,blk_4,blk_4,blk_4,block blk file_7,block blk file_7,block blk file_7]","[allocate_4,receiving_28,receiving_28,receiving_28,add_3,add_3,add_3,none_22,writing_23,none_22,writing_23,none_22,writing_23,transfer_13,serving_0,transfer_13,verification_25,verification_25,verification_25,delete_24,delete_24,delete_24,deleting_34,deleting_34,deleting_34]","[none_4,none_40,none_40,none_40,updated_3,updated_3,updated_3,none_31,none_32,none_31,none_32,none_31,none_32,exception_21,none_0,exception_21,successful_35,successful_35,successful_35,invalid_34,invalid_34,invalid_34,none_46,none_46,none_46]"
3599,"['7', '1', '1', '1', '3', '4', '3', '4', '3', '4', '2', '2', '2', '9', '9', '8', '10', '10', '10', '6', '6', '6', '5', '5', '5']","[NameSystem_2,block blk_6,block blk_6,block blk_6,blk_4,blk_4,blk_4,blk_4,blk_4,blk_4,NameSystem_2,NameSystem_2,NameSystem_2,blk_4,blk_4,/_0,blk_4,blk_4,blk_4,blk_4,blk_4,blk_4,block blk file_7,block blk file_7,block blk file_7]","[allocate_4,receiving_28,receiving_28,receiving_28,none_22,writing_23,none_22,writing_23,none_22,writing_23,add_3,add_3,add_3,transfer_13,transfer_13,serving_0,verification_25,verification_25,verification_25,delete_24,delete_24,delete_24,deleting_34,deleting_34,deleting_34]","[none_4,none_40,none_40,none_40,none_31,none_32,none_31,none_32,none_31,none_32,updated_3,updated_3,updated_3,exception_21,exception_21,none_0,successful_35,successful_35,successful_35,invalid_34,invalid_34,invalid_34,none_46,none_46,none_46]"
3607,"['7', '1', '1', '1', '2', '2', '3', '4', '3', '4', '3', '4', '2', '10', '9', '8', '9', '10', '10', '6', '6', '6', '5', '5', '5']","[NameSystem_2,block blk_6,block blk_6,block blk_6,NameSystem_2,NameSystem_2,blk_4,blk_4,blk_4,blk_4,blk_4,blk_4,NameSystem_2,blk_4,blk_4,/_0,blk_4,blk_4,blk_4,blk_4,blk_4,blk_4,block blk file_7,block blk file_7,block blk file_7]","[allocate_4,receiving_28,receiving_28,receiving_28,add_3,add_3,none_22,writing_23,none_22,writing_23,none_22,writing_23,add_3,verification_25,transfer_13,serving_0,transfer_13,verification_25,verification_25,delete_24,delete_24,delete_24,deleting_34,deleting_34,deleting_34]","[none_4,none_40,none_40,none_40,updated_3,updated_3,none_31,none_32,none_31,none_32,none_31,none_32,updated_3,successful_35,exception_21,none_0,exception_21,successful_35,successful_35,invalid_34,invalid_34,invalid_34,none_46,none_46,none_46]"
3608,"['7', '1', '1', '1', '2', '3', '4', '3', '4', '2', '2', '3', '4', '9', '9', '8', '10', '10', '10', '6', '6', '6', '5', '5', '5']","[NameSystem_2,block blk_6,block blk_6,block blk_6,NameSystem_2,blk_4,blk_4,blk_4,blk_4,NameSystem_2,NameSystem_2,blk_4,blk_4,blk_4,blk_4,/_0,blk_4,blk_4,blk_4,blk_4,blk_4,blk_4,block blk file_7,block blk file_7,block blk file_7]","[allocate_4,receiving_28,receiving_28,receiving_28,add_3,none_22,writing_23,none_22,writing_23,add_3,add_3,none_22,writing_23,transfer_13,transfer_13,serving_0,verification_25,verification_25,verification_25,delete_24,delete_24,delete_24,deleting_34,deleting_34,deleting_34]","[none_4,none_40,none_40,none_40,updated_3,none_31,none_32,none_31,none_32,updated_3,updated_3,none_31,none_32,exception_21,exception_21,none_0,successful_35,successful_35,successful_35,invalid_34,invalid_34,invalid_34,none_46,none_46,none_46]"
3615,"['7', '1', '1', '1', '2', '2', '4', '3', '4', '3', '4', '2', '3', '10', '9', '8', '9', '10', '10', '6', '6', '6', '5', '5', '5']","[NameSystem_2,block blk_6,block blk_6,block blk_6,NameSystem_2,NameSystem_2,blk_4,blk_4,blk_4,blk_4,blk_4,NameSystem_2,blk_4,blk_4,blk_4,/_0,blk_4,blk_4,blk_4,blk_4,blk_4,blk_4,block blk file_7,block blk file_7,block blk file_7]","[allocate_4,receiving_28,receiving_28,receiving_28,add_3,add_3,writing_23,none_22,writing_23,none_22,writing_23,add_3,none_22,verification_25,transfer_13,serving_0,transfer_13,verification_25,verification_25,delete_24,delete_24,delete_24,deleting_34,deleting_34,deleting_34]","[none_4,none_40,none_40,none_40,updated_3,updated_3,none_32,none_31,none_32,none_31,none_32,updated_3,none_31,successful_35,exception_21,none_0,exception_21,successful_35,successful_35,invalid_34,invalid_34,invalid_34,none_46,none_46,none_46]"
3618,"['7', '1', '1', '1', '2', '2', '3', '4', '2', '3', '4', '3', '4', '9', '9', '8', '10', '10', '10', '6', '6', '6', '5', '5', '5']","[NameSystem_2,block blk_6,block blk_6,block blk_6,NameSystem_2,NameSystem_2,blk_4,blk_4,NameSystem_2,blk_4,blk_4,blk_4,blk_4,blk_4,blk_4,/_0,blk_4,blk_4,blk_4,blk_4,blk_4,blk_4,block blk file_7,block blk file_7,block blk file_7]","[allocate_4,receiving_28,receiving_28,receiving_28,add_3,add_3,none_22,writing_23,add_3,none_22,writing_23,none_22,writing_23,transfer_13,transfer_13,serving_0,verification_25,verification_25,verification_25,delete_24,delete_24,delete_24,deleting_34,deleting_34,deleting_34]","[none_4,none_40,none_40,none_40,updated_3,updated_3,none_31,none_32,updated_3,none_31,none_32,none_31,none_32,exception_21,exception_21,none_0,successful_35,successful_35,successful_35,invalid_34,invalid_34,invalid_34,none_46,none_46,none_46]"
3633,"['7', '1', '1', '1', '2', '2', '3', '4', '3', '4', '2', '3', '4', '9', '8', '9', '10', '10', '10', '6', '6', '6', '5', '5', '5']","[NameSystem_2,block blk_6,block blk_6,block blk_6,NameSystem_2,NameSystem_2,blk_4,blk_4,blk_4,blk_4,NameSystem_2,blk_4,blk_4,blk_4,/_0,blk_4,blk_4,blk_4,blk_4,blk_4,blk_4,blk_4,block blk file_7,block blk file_7,block blk file_7]","[allocate_4,receiving_28,receiving_28,receiving_28,add_3,add_3,none_22,writing_23,none_22,writing_23,add_3,none_22,writing_23,transfer_13,serving_0,transfer_13,verification_25,verification_25,verification_25,delete_24,delete_24,delete_24,deleting_34,deleting_34,deleting_34]","[none_4,none_40,none_40,none_40,updated_3,updated_3,none_31,none_32,none_31,none_32,updated_3,none_31,none_32,exception_21,none_0,exception_21,successful_35,successful_35,successful_35,invalid_34,invalid_34,invalid_34,none_46,none_46,none_46]"
3634,"['7', '1', '1', '1', '2', '3', '4', '3', '4', '2', '2', '3', '4', '9', '9', '8', '10', '10', '10', '6', '6', '6', '5', '5', '5']","[NameSystem_2,block blk_6,block blk_6,block blk_6,NameSystem_2,blk_4,blk_4,blk_4,blk_4,NameSystem_2,NameSystem_2,blk_4,blk_4,blk_4,blk_4,/_0,blk_4,blk_4,blk_4,blk_4,blk_4,blk_4,block blk file_7,block blk file_7,block blk file_7]","[allocate_4,receiving_28,receiving_28,receiving_28,add_3,none_22,writing_23,none_22,writing_23,add_3,add_3,none_22,writing_23,transfer_13,transfer_13,serving_0,verification_25,verification_25,verification_25,delete_24,delete_24,delete_24,deleting_34,deleting_34,deleting_34]","[none_4,none_40,none_40,none_40,updated_3,none_31,none_32,none_31,none_32,updated_3,updated_3,none_31,none_32,exception_21,exception_21,none_0,successful_35,successful_35,successful_35,invalid_34,invalid_34,invalid_34,none_46,none_46,none_46]"
3640,"['7', '1', '1', '1', '3', '4', '3', '4', '2', '2', '2', '3', '4', '9', '9', '8', '10', '10', '10', '6', '6', '6', '5', '5', '5']","[NameSystem_2,block blk_6,block blk_6,block blk_6,blk_4,blk_4,blk_4,blk_4,NameSystem_2,NameSystem_2,NameSystem_2,blk_4,blk_4,blk_4,blk_4,/_0,blk_4,blk_4,blk_4,blk_4,blk_4,blk_4,block blk file_7,block blk file_7,block blk file_7]","[allocate_4,receiving_28,receiving_28,receiving_28,none_22,writing_23,none_22,writing_23,add_3,add_3,add_3,none_22,writing_23,transfer_13,transfer_13,serving_0,verification_25,verification_25,verification_25,delete_24,delete_24,delete_24,deleting_34,deleting_34,deleting_34]","[none_4,none_40,none_40,none_40,none_31,none_32,none_31,none_32,updated_3,updated_3,updated_3,none_31,none_32,exception_21,exception_21,none_0,successful_35,successful_35,successful_35,invalid_34,invalid_34,invalid_34,none_46,none_46,none_46]"
3685,"['7', '1', '1', '1', '2', '2', '2', '3', '4', '3', '4', '3', '4', '9', '9', '8', '10', '10', '10', '6', '6', '6', '5', '5', '5']","[NameSystem_2,block blk_6,block blk_6,block blk_6,NameSystem_2,NameSystem_2,NameSystem_2,blk_4,blk_4,blk_4,blk_4,blk_4,blk_4,blk_4,blk_4,/_0,blk_4,blk_4,blk_4,blk_4,blk_4,blk_4,block blk file_7,block blk file_7,block blk file_7]","[allocate_4,receiving_28,receiving_28,receiving_28,add_3,add_3,add_3,none_22,writing_23,none_22,writing_23,none_22,writing_23,transfer_13,transfer_13,serving_0,verification_25,verification_25,verification_25,delete_24,delete_24,delete_24,deleting_34,deleting_34,deleting_34]","[none_4,none_40,none_40,none_40,updated_3,updated_3,updated_3,none_31,none_32,none_31,none_32,none_31,none_32,exception_21,exception_21,none_0,successful_35,successful_35,successful_35,invalid_34,invalid_34,invalid_34,none_46,none_46,none_46]"
3686,"['7', '1', '1', '1', '2', '2', '3', '4', '3', '4', '3', '4', '2', '9', '8', '9', '10', '10', '10', '6', '6', '6', '5', '5', '5']","[NameSystem_2,block blk_6,block blk_6,block blk_6,NameSystem_2,NameSystem_2,blk_4,blk_4,blk_4,blk_4,blk_4,blk_4,NameSystem_2,blk_4,/_0,blk_4,blk_4,blk_4,blk_4,blk_4,blk_4,blk_4,block blk file_7,block blk file_7,block blk file_7]","[allocate_4,receiving_28,receiving_28,receiving_28,add_3,add_3,none_22,writing_23,none_22,writing_23,none_22,writing_23,add_3,transfer_13,serving_0,transfer_13,verification_25,verification_25,verification_25,delete_24,delete_24,delete_24,deleting_34,deleting_34,deleting_34]","[none_4,none_40,none_40,none_40,updated_3,updated_3,none_31,none_32,none_31,none_32,none_31,none_32,updated_3,exception_21,none_0,exception_21,successful_35,successful_35,successful_35,invalid_34,invalid_34,invalid_34,none_46,none_46,none_46]"
3695,"['7', '1', '1', '1', '2', '2', '3', '4', '3', '4', '3', '4', '2', '10', '9', '8', '9', '10', '10', '6', '6', '6', '5', '5', '5']","[NameSystem_2,block blk_6,block blk_6,block blk_6,NameSystem_2,NameSystem_2,blk_4,blk_4,blk_4,blk_4,blk_4,blk_4,NameSystem_2,blk_4,blk_4,/_0,blk_4,blk_4,blk_4,blk_4,blk_4,blk_4,block blk file_7,block blk file_7,block blk file_7]","[allocate_4,receiving_28,receiving_28,receiving_28,add_3,add_3,none_22,writing_23,none_22,writing_23,none_22,writing_23,add_3,verification_25,transfer_13,serving_0,transfer_13,verification_25,verification_25,delete_24,delete_24,delete_24,deleting_34,deleting_34,deleting_34]","[none_4,none_40,none_40,none_40,updated_3,updated_3,none_31,none_32,none_31,none_32,none_31,none_32,updated_3,successful_35,exception_21,none_0,exception_21,successful_35,successful_35,invalid_34,invalid_34,invalid_34,none_46,none_46,none_46]"
3699,"['7', '1', '1', '1', '2', '2', '2', '3', '4', '3', '4', '3', '4', '9', '8', '9', '10', '10', '10', '6', '6', '6', '5', '5', '5']","[NameSystem_2,block blk_6,block blk_6,block blk_6,NameSystem_2,NameSystem_2,NameSystem_2,blk_4,blk_4,blk_4,blk_4,blk_4,blk_4,blk_4,/_0,blk_4,blk_4,blk_4,blk_4,blk_4,blk_4,blk_4,block blk file_7,block blk file_7,block blk file_7]","[allocate_4,receiving_28,receiving_28,receiving_28,add_3,add_3,add_3,none_22,writing_23,none_22,writing_23,none_22,writing_23,transfer_13,serving_0,transfer_13,verification_25,verification_25,verification_25,delete_24,delete_24,delete_24,deleting_34,deleting_34,deleting_34]","[none_4,none_40,none_40,none_40,updated_3,updated_3,updated_3,none_31,none_32,none_31,none_32,none_31,none_32,exception_21,none_0,exception_21,successful_35,successful_35,successful_35,invalid_34,invalid_34,invalid_34,none_46,none_46,none_46]"
3701,"['7', '1', '1', '1', '2', '2', '2', '3', '4', '3', '4', '3', '4', '10', '9', '9', '8', '10', '10', '6', '6', '6', '5', '5', '5']","[NameSystem_2,block blk_6,block blk_6,block blk_6,NameSystem_2,NameSystem_2,NameSystem_2,blk_4,blk_4,blk_4,blk_4,blk_4,blk_4,blk_4,blk_4,blk_4,/_0,blk_4,blk_4,blk_4,blk_4,blk_4,block blk file_7,block blk file_7,block blk file_7]","[allocate_4,receiving_28,receiving_28,receiving_28,add_3,add_3,add_3,none_22,writing_23,none_22,writing_23,none_22,writing_23,verification_25,transfer_13,transfer_13,serving_0,verification_25,verification_25,delete_24,delete_24,delete_24,deleting_34,deleting_34,deleting_34]","[none_4,none_40,none_40,none_40,updated_3,updated_3,updated_3,none_31,none_32,none_31,none_32,none_31,none_32,successful_35,exception_21,exception_21,none_0,successful_35,successful_35,invalid_34,invalid_34,invalid_34,none_46,none_46,none_46]"
3703,"['7', '1', '1', '1', '2', '3', '4', '2', '2', '3', '4', '3', '4', '9', '8', '9', '10', '10', '10', '6', '6', '6', '5', '5', '5']","[NameSystem_2,block blk_6,block blk_6,block blk_6,NameSystem_2,blk_4,blk_4,NameSystem_2,NameSystem_2,blk_4,blk_4,blk_4,blk_4,blk_4,/_0,blk_4,blk_4,blk_4,blk_4,blk_4,blk_4,blk_4,block blk file_7,block blk file_7,block blk file_7]","[allocate_4,receiving_28,receiving_28,receiving_28,add_3,none_22,writing_23,add_3,add_3,none_22,writing_23,none_22,writing_23,transfer_13,serving_0,transfer_13,verification_25,verification_25,verification_25,delete_24,delete_24,delete_24,deleting_34,deleting_34,deleting_34]","[none_4,none_40,none_40,none_40,updated_3,none_31,none_32,updated_3,updated_3,none_31,none_32,none_31,none_32,exception_21,none_0,exception_21,successful_35,successful_35,successful_35,invalid_34,invalid_34,invalid_34,none_46,none_46,none_46]"
3706,"['7', '1', '1', '1', '2', '3', '4', '3', '4', '3', '4', '2', '2', '10', '9', '9', '8', '10', '10', '6', '6', '6', '5', '5', '5']","[NameSystem_2,block blk_6,block blk_6,block blk_6,NameSystem_2,blk_4,blk_4,blk_4,blk_4,blk_4,blk_4,NameSystem_2,NameSystem_2,blk_4,blk_4,blk_4,/_0,blk_4,blk_4,blk_4,blk_4,blk_4,block blk file_7,block blk file_7,block blk file_7]","[allocate_4,receiving_28,receiving_28,receiving_28,add_3,none_22,writing_23,none_22,writing_23,none_22,writing_23,add_3,add_3,verification_25,transfer_13,transfer_13,serving_0,verification_25,verification_25,delete_24,delete_24,delete_24,deleting_34,deleting_34,deleting_34]","[none_4,none_40,none_40,none_40,updated_3,none_31,none_32,none_31,none_32,none_31,none_32,updated_3,updated_3,successful_35,exception_21,exception_21,none_0,successful_35,successful_35,invalid_34,invalid_34,invalid_34,none_46,none_46,none_46]"
3710,"['7', '1', '1', '1', '2', '2', '2', '3', '4', '3', '4', '3', '4', '10', '10', '9', '8', '9', '10', '6', '6', '6', '5', '5', '5']","[NameSystem_2,block blk_6,block blk_6,block blk_6,NameSystem_2,NameSystem_2,NameSystem_2,blk_4,blk_4,blk_4,blk_4,blk_4,blk_4,blk_4,blk_4,blk_4,/_0,blk_4,blk_4,blk_4,blk_4,blk_4,block blk file_7,block blk file_7,block blk file_7]","[allocate_4,receiving_28,receiving_28,receiving_28,add_3,add_3,add_3,none_22,writing_23,none_22,writing_23,none_22,writing_23,verification_25,verification_25,transfer_13,serving_0,transfer_13,verification_25,delete_24,delete_24,delete_24,deleting_34,deleting_34,deleting_34]","[none_4,none_40,none_40,none_40,updated_3,updated_3,updated_3,none_31,none_32,none_31,none_32,none_31,none_32,successful_35,successful_35,exception_21,none_0,exception_21,successful_35,invalid_34,invalid_34,invalid_34,none_46,none_46,none_46]"
3722,"['7', '1', '1', '1', '2', '2', '2', '3', '4', '3', '3', '4', '4', '9', '9', '8', '10', '10', '10', '6', '6', '6', '5', '5', '5']","[NameSystem_2,block blk_6,block blk_6,block blk_6,NameSystem_2,NameSystem_2,NameSystem_2,blk_4,blk_4,blk_4,blk_4,blk_4,blk_4,blk_4,blk_4,/_0,blk_4,blk_4,blk_4,blk_4,blk_4,blk_4,block blk file_7,block blk file_7,block blk file_7]","[allocate_4,receiving_28,receiving_28,receiving_28,add_3,add_3,add_3,none_22,writing_23,none_22,none_22,writing_23,writing_23,transfer_13,transfer_13,serving_0,verification_25,verification_25,verification_25,delete_24,delete_24,delete_24,deleting_34,deleting_34,deleting_34]","[none_4,none_40,none_40,none_40,updated_3,updated_3,updated_3,none_31,none_32,none_31,none_31,none_32,none_32,exception_21,exception_21,none_0,successful_35,successful_35,successful_35,invalid_34,invalid_34,invalid_34,none_46,none_46,none_46]"
3734,"['7', '1', '1', '1', '2', '2', '3', '4', '3', '4', '3', '4', '2', '9', '9', '8', '10', '10', '10', '6', '6', '6', '5', '5', '5']","[NameSystem_2,block blk_6,block blk_6,block blk_6,NameSystem_2,NameSystem_2,blk_4,blk_4,blk_4,blk_4,blk_4,blk_4,NameSystem_2,blk_4,blk_4,/_0,blk_4,blk_4,blk_4,blk_4,blk_4,blk_4,block blk file_7,block blk file_7,block blk file_7]","[allocate_4,receiving_28,receiving_28,receiving_28,add_3,add_3,none_22,writing_23,none_22,writing_23,none_22,writing_23,add_3,transfer_13,transfer_13,serving_0,verification_25,verification_25,verification_25,delete_24,delete_24,delete_24,deleting_34,deleting_34,deleting_34]","[none_4,none_40,none_40,none_40,updated_3,updated_3,none_31,none_32,none_31,none_32,none_31,none_32,updated_3,exception_21,exception_21,none_0,successful_35,successful_35,successful_35,invalid_34,invalid_34,invalid_34,none_46,none_46,none_46]"
3743,"['7', '1', '1', '1', '2', '2', '2', '3', '4', '3', '4', '3', '4', '9', '8', '9', '10', '10', '10', '6', '6', '6', '5', '5', '5']","[NameSystem_2,block blk_6,block blk_6,block blk_6,NameSystem_2,NameSystem_2,NameSystem_2,blk_4,blk_4,blk_4,blk_4,blk_4,blk_4,blk_4,/_0,blk_4,blk_4,blk_4,blk_4,blk_4,blk_4,blk_4,block blk file_7,block blk file_7,block blk file_7]","[allocate_4,receiving_28,receiving_28,receiving_28,add_3,add_3,add_3,none_22,writing_23,none_22,writing_23,none_22,writing_23,transfer_13,serving_0,transfer_13,verification_25,verification_25,verification_25,delete_24,delete_24,delete_24,deleting_34,deleting_34,deleting_34]","[none_4,none_40,none_40,none_40,updated_3,updated_3,updated_3,none_31,none_32,none_31,none_32,none_31,none_32,exception_21,none_0,exception_21,successful_35,successful_35,successful_35,invalid_34,invalid_34,invalid_34,none_46,none_46,none_46]"
3760,"['7', '1', '1', '1', '2', '2', '2', '3', '4', '3', '4', '3', '4', '9', '9', '8', '10', '10', '6', '6', '6', '5', '5', '5']","[NameSystem_2,block blk_6,block blk_6,block blk_6,NameSystem_2,NameSystem_2,NameSystem_2,blk_4,blk_4,blk_4,blk_4,blk_4,blk_4,blk_4,blk_4,/_0,blk_4,blk_4,blk_4,blk_4,blk_4,block blk file_7,block blk file_7,block blk file_7]","[allocate_4,receiving_28,receiving_28,receiving_28,add_3,add_3,add_3,none_22,writing_23,none_22,writing_23,none_22,writing_23,transfer_13,transfer_13,serving_0,verification_25,verification_25,delete_24,delete_24,delete_24,deleting_34,deleting_34,deleting_34]","[none_4,none_40,none_40,none_40,updated_3,updated_3,updated_3,none_31,none_32,none_31,none_32,none_31,none_32,exception_21,exception_21,none_0,successful_35,successful_35,invalid_34,invalid_34,invalid_34,none_46,none_46,none_46]"
3761,"['7', '1', '1', '1', '2', '2', '2', '3', '4', '3', '4', '3', '4', '9', '8', '9', '10', '10', '10', '6', '6', '6', '5', '5', '5']","[NameSystem_2,block blk_6,block blk_6,block blk_6,NameSystem_2,NameSystem_2,NameSystem_2,blk_4,blk_4,blk_4,blk_4,blk_4,blk_4,blk_4,/_0,blk_4,blk_4,blk_4,blk_4,blk_4,blk_4,blk_4,block blk file_7,block blk file_7,block blk file_7]","[allocate_4,receiving_28,receiving_28,receiving_28,add_3,add_3,add_3,none_22,writing_23,none_22,writing_23,none_22,writing_23,transfer_13,serving_0,transfer_13,verification_25,verification_25,verification_25,delete_24,delete_24,delete_24,deleting_34,deleting_34,deleting_34]","[none_4,none_40,none_40,none_40,updated_3,updated_3,updated_3,none_31,none_32,none_31,none_32,none_31,none_32,exception_21,none_0,exception_21,successful_35,successful_35,successful_35,invalid_34,invalid_34,invalid_34,none_46,none_46,none_46]"
3762,"['7', '1', '1', '1', '2', '2', '2', '3', '4', '3', '4', '3', '4', '9', '9', '8', '10', '10', '10', '6', '6', '6', '5', '5', '5']","[NameSystem_2,block blk_6,block blk_6,block blk_6,NameSystem_2,NameSystem_2,NameSystem_2,blk_4,blk_4,blk_4,blk_4,blk_4,blk_4,blk_4,blk_4,/_0,blk_4,blk_4,blk_4,blk_4,blk_4,blk_4,block blk file_7,block blk file_7,block blk file_7]","[allocate_4,receiving_28,receiving_28,receiving_28,add_3,add_3,add_3,none_22,writing_23,none_22,writing_23,none_22,writing_23,transfer_13,transfer_13,serving_0,verification_25,verification_25,verification_25,delete_24,delete_24,delete_24,deleting_34,deleting_34,deleting_34]","[none_4,none_40,none_40,none_40,updated_3,updated_3,updated_3,none_31,none_32,none_31,none_32,none_31,none_32,exception_21,exception_21,none_0,successful_35,successful_35,successful_35,invalid_34,invalid_34,invalid_34,none_46,none_46,none_46]"
3766,"['7', '1', '1', '1', '2', '3', '4', '3', '4', '3', '4', '2', '2', '10', '9', '9', '8', '10', '10', '6', '6', '6', '5', '5', '5']","[NameSystem_2,block blk_6,block blk_6,block blk_6,NameSystem_2,blk_4,blk_4,blk_4,blk_4,blk_4,blk_4,NameSystem_2,NameSystem_2,blk_4,blk_4,blk_4,/_0,blk_4,blk_4,blk_4,blk_4,blk_4,block blk file_7,block blk file_7,block blk file_7]","[allocate_4,receiving_28,receiving_28,receiving_28,add_3,none_22,writing_23,none_22,writing_23,none_22,writing_23,add_3,add_3,verification_25,transfer_13,transfer_13,serving_0,verification_25,verification_25,delete_24,delete_24,delete_24,deleting_34,deleting_34,deleting_34]","[none_4,none_40,none_40,none_40,updated_3,none_31,none_32,none_31,none_32,none_31,none_32,updated_3,updated_3,successful_35,exception_21,exception_21,none_0,successful_35,successful_35,invalid_34,invalid_34,invalid_34,none_46,none_46,none_46]"
3769,"['7', '1', '1', '1', '2', '2', '3', '4', '3', '4', '3', '4', '2', '9', '9', '8', '10', '10', '10', '6', '6', '6', '5', '5', '5']","[NameSystem_2,block blk_6,block blk_6,block blk_6,NameSystem_2,NameSystem_2,blk_4,blk_4,blk_4,blk_4,blk_4,blk_4,NameSystem_2,blk_4,blk_4,/_0,blk_4,blk_4,blk_4,blk_4,blk_4,blk_4,block blk file_7,block blk file_7,block blk file_7]","[allocate_4,receiving_28,receiving_28,receiving_28,add_3,add_3,none_22,writing_23,none_22,writing_23,none_22,writing_23,add_3,transfer_13,transfer_13,serving_0,verification_25,verification_25,verification_25,delete_24,delete_24,delete_24,deleting_34,deleting_34,deleting_34]","[none_4,none_40,none_40,none_40,updated_3,updated_3,none_31,none_32,none_31,none_32,none_31,none_32,updated_3,exception_21,exception_21,none_0,successful_35,successful_35,successful_35,invalid_34,invalid_34,invalid_34,none_46,none_46,none_46]"
3773,"['7', '1', '1', '1', '2', '2', '2', '3', '4', '3', '4', '3', '4', '9', '8', '9', '10', '10', '10', '6', '6', '6', '5', '5', '5']","[NameSystem_2,block blk_6,block blk_6,block blk_6,NameSystem_2,NameSystem_2,NameSystem_2,blk_4,blk_4,blk_4,blk_4,blk_4,blk_4,blk_4,/_0,blk_4,blk_4,blk_4,blk_4,blk_4,blk_4,blk_4,block blk file_7,block blk file_7,block blk file_7]","[allocate_4,receiving_28,receiving_28,receiving_28,add_3,add_3,add_3,none_22,writing_23,none_22,writing_23,none_22,writing_23,transfer_13,serving_0,transfer_13,verification_25,verification_25,verification_25,delete_24,delete_24,delete_24,deleting_34,deleting_34,deleting_34]","[none_4,none_40,none_40,none_40,updated_3,updated_3,updated_3,none_31,none_32,none_31,none_32,none_31,none_32,exception_21,none_0,exception_21,successful_35,successful_35,successful_35,invalid_34,invalid_34,invalid_34,none_46,none_46,none_46]"
3781,"['7', '1', '1', '1', '2', '2', '2', '3', '4', '3', '4', '3', '4', '9', '8', '9', '10', '10', '10', '6', '6', '6', '5', '5', '5']","[NameSystem_2,block blk_6,block blk_6,block blk_6,NameSystem_2,NameSystem_2,NameSystem_2,blk_4,blk_4,blk_4,blk_4,blk_4,blk_4,blk_4,/_0,blk_4,blk_4,blk_4,blk_4,blk_4,blk_4,blk_4,block blk file_7,block blk file_7,block blk file_7]","[allocate_4,receiving_28,receiving_28,receiving_28,add_3,add_3,add_3,none_22,writing_23,none_22,writing_23,none_22,writing_23,transfer_13,serving_0,transfer_13,verification_25,verification_25,verification_25,delete_24,delete_24,delete_24,deleting_34,deleting_34,deleting_34]","[none_4,none_40,none_40,none_40,updated_3,updated_3,updated_3,none_31,none_32,none_31,none_32,none_31,none_32,exception_21,none_0,exception_21,successful_35,successful_35,successful_35,invalid_34,invalid_34,invalid_34,none_46,none_46,none_46]"
3785,"['7', '1', '1', '1', '2', '2', '2', '3', '4', '3', '4', '3', '4', '9', '9', '8', '10', '10', '10', '6', '6', '6', '5', '5', '5']","[NameSystem_2,block blk_6,block blk_6,block blk_6,NameSystem_2,NameSystem_2,NameSystem_2,blk_4,blk_4,blk_4,blk_4,blk_4,blk_4,blk_4,blk_4,/_0,blk_4,blk_4,blk_4,blk_4,blk_4,blk_4,block blk file_7,block blk file_7,block blk file_7]","[allocate_4,receiving_28,receiving_28,receiving_28,add_3,add_3,add_3,none_22,writing_23,none_22,writing_23,none_22,writing_23,transfer_13,transfer_13,serving_0,verification_25,verification_25,verification_25,delete_24,delete_24,delete_24,deleting_34,deleting_34,deleting_34]","[none_4,none_40,none_40,none_40,updated_3,updated_3,updated_3,none_31,none_32,none_31,none_32,none_31,none_32,exception_21,exception_21,none_0,successful_35,successful_35,successful_35,invalid_34,invalid_34,invalid_34,none_46,none_46,none_46]"
3799,"['7', '1', '1', '1', '2', '3', '4', '3', '4', '2', '2', '3', '4', '9', '8', '9', '10', '10', '10', '6', '6', '6', '5', '5', '5']","[NameSystem_2,block blk_6,block blk_6,block blk_6,NameSystem_2,blk_4,blk_4,blk_4,blk_4,NameSystem_2,NameSystem_2,blk_4,blk_4,blk_4,/_0,blk_4,blk_4,blk_4,blk_4,blk_4,blk_4,blk_4,block blk file_7,block blk file_7,block blk file_7]","[allocate_4,receiving_28,receiving_28,receiving_28,add_3,none_22,writing_23,none_22,writing_23,add_3,add_3,none_22,writing_23,transfer_13,serving_0,transfer_13,verification_25,verification_25,verification_25,delete_24,delete_24,delete_24,deleting_34,deleting_34,deleting_34]","[none_4,none_40,none_40,none_40,updated_3,none_31,none_32,none_31,none_32,updated_3,updated_3,none_31,none_32,exception_21,none_0,exception_21,successful_35,successful_35,successful_35,invalid_34,invalid_34,invalid_34,none_46,none_46,none_46]"
3805,"['7', '1', '1', '1', '2', '2', '3', '4', '3', '4', '3', '4', '2', '9', '8', '9', '10', '10', '10', '6', '6', '6', '5', '5', '5']","[NameSystem_2,block blk_6,block blk_6,block blk_6,NameSystem_2,NameSystem_2,blk_4,blk_4,blk_4,blk_4,blk_4,blk_4,NameSystem_2,blk_4,/_0,blk_4,blk_4,blk_4,blk_4,blk_4,blk_4,blk_4,block blk file_7,block blk file_7,block blk file_7]","[allocate_4,receiving_28,receiving_28,receiving_28,add_3,add_3,none_22,writing_23,none_22,writing_23,none_22,writing_23,add_3,transfer_13,serving_0,transfer_13,verification_25,verification_25,verification_25,delete_24,delete_24,delete_24,deleting_34,deleting_34,deleting_34]","[none_4,none_40,none_40,none_40,updated_3,updated_3,none_31,none_32,none_31,none_32,none_31,none_32,updated_3,exception_21,none_0,exception_21,successful_35,successful_35,successful_35,invalid_34,invalid_34,invalid_34,none_46,none_46,none_46]"
3811,"['7', '1', '1', '1', '2', '2', '3', '4', '3', '4', '3', '4', '2', '9', '8', '9', '10', '10', '10', '6', '6', '6', '5', '5', '5']","[NameSystem_2,block blk_6,block blk_6,block blk_6,NameSystem_2,NameSystem_2,blk_4,blk_4,blk_4,blk_4,blk_4,blk_4,NameSystem_2,blk_4,/_0,blk_4,blk_4,blk_4,blk_4,blk_4,blk_4,blk_4,block blk file_7,block blk file_7,block blk file_7]","[allocate_4,receiving_28,receiving_28,receiving_28,add_3,add_3,none_22,writing_23,none_22,writing_23,none_22,writing_23,add_3,transfer_13,serving_0,transfer_13,verification_25,verification_25,verification_25,delete_24,delete_24,delete_24,deleting_34,deleting_34,deleting_34]","[none_4,none_40,none_40,none_40,updated_3,updated_3,none_31,none_32,none_31,none_32,none_31,none_32,updated_3,exception_21,none_0,exception_21,successful_35,successful_35,successful_35,invalid_34,invalid_34,invalid_34,none_46,none_46,none_46]"
3813,"['7', '1', '1', '1', '2', '2', '3', '4', '3', '4', '3', '4', '2', '9', '9', '8', '10', '10', '6', '6', '6', '5', '5', '5']","[NameSystem_2,block blk_6,block blk_6,block blk_6,NameSystem_2,NameSystem_2,blk_4,blk_4,blk_4,blk_4,blk_4,blk_4,NameSystem_2,blk_4,blk_4,/_0,blk_4,blk_4,blk_4,blk_4,blk_4,block blk file_7,block blk file_7,block blk file_7]","[allocate_4,receiving_28,receiving_28,receiving_28,add_3,add_3,none_22,writing_23,none_22,writing_23,none_22,writing_23,add_3,transfer_13,transfer_13,serving_0,verification_25,verification_25,delete_24,delete_24,delete_24,deleting_34,deleting_34,deleting_34]","[none_4,none_40,none_40,none_40,updated_3,updated_3,none_31,none_32,none_31,none_32,none_31,none_32,updated_3,exception_21,exception_21,none_0,successful_35,successful_35,invalid_34,invalid_34,invalid_34,none_46,none_46,none_46]"
3822,"['7', '1', '1', '1', '2', '2', '3', '4', '3', '4', '2', '3', '4', '9', '8', '9', '10', '10', '6', '6', '6', '5', '5', '5']","[NameSystem_2,block blk_6,block blk_6,block blk_6,NameSystem_2,NameSystem_2,blk_4,blk_4,blk_4,blk_4,NameSystem_2,blk_4,blk_4,blk_4,/_0,blk_4,blk_4,blk_4,blk_4,blk_4,blk_4,block blk file_7,block blk file_7,block blk file_7]","[allocate_4,receiving_28,receiving_28,receiving_28,add_3,add_3,none_22,writing_23,none_22,writing_23,add_3,none_22,writing_23,transfer_13,serving_0,transfer_13,verification_25,verification_25,delete_24,delete_24,delete_24,deleting_34,deleting_34,deleting_34]","[none_4,none_40,none_40,none_40,updated_3,updated_3,none_31,none_32,none_31,none_32,updated_3,none_31,none_32,exception_21,none_0,exception_21,successful_35,successful_35,invalid_34,invalid_34,invalid_34,none_46,none_46,none_46]"
3824,"['7', '1', '1', '1', '2', '3', '4', '3', '4', '3', '4', '2', '2', '10', '9', '9', '8', '10', '10', '6', '6', '6', '5', '5', '5']","[NameSystem_2,block blk_6,block blk_6,block blk_6,NameSystem_2,blk_4,blk_4,blk_4,blk_4,blk_4,blk_4,NameSystem_2,NameSystem_2,blk_4,blk_4,blk_4,/_0,blk_4,blk_4,blk_4,blk_4,blk_4,block blk file_7,block blk file_7,block blk file_7]","[allocate_4,receiving_28,receiving_28,receiving_28,add_3,none_22,writing_23,none_22,writing_23,none_22,writing_23,add_3,add_3,verification_25,transfer_13,transfer_13,serving_0,verification_25,verification_25,delete_24,delete_24,delete_24,deleting_34,deleting_34,deleting_34]","[none_4,none_40,none_40,none_40,updated_3,none_31,none_32,none_31,none_32,none_31,none_32,updated_3,updated_3,successful_35,exception_21,exception_21,none_0,successful_35,successful_35,invalid_34,invalid_34,invalid_34,none_46,none_46,none_46]"
3835,"['7', '1', '1', '1', '2', '2', '2', '3', '4', '3', '4', '3', '4', '9', '8', '9', '10', '10', '10', '6', '6', '6', '5', '5', '5']","[NameSystem_2,block blk_6,block blk_6,block blk_6,NameSystem_2,NameSystem_2,NameSystem_2,blk_4,blk_4,blk_4,blk_4,blk_4,blk_4,blk_4,/_0,blk_4,blk_4,blk_4,blk_4,blk_4,blk_4,blk_4,block blk file_7,block blk file_7,block blk file_7]","[allocate_4,receiving_28,receiving_28,receiving_28,add_3,add_3,add_3,none_22,writing_23,none_22,writing_23,none_22,writing_23,transfer_13,serving_0,transfer_13,verification_25,verification_25,verification_25,delete_24,delete_24,delete_24,deleting_34,deleting_34,deleting_34]","[none_4,none_40,none_40,none_40,updated_3,updated_3,updated_3,none_31,none_32,none_31,none_32,none_31,none_32,exception_21,none_0,exception_21,successful_35,successful_35,successful_35,invalid_34,invalid_34,invalid_34,none_46,none_46,none_46]"
3850,"['7', '1', '1', '1', '2', '2', '2', '3', '4', '3', '4', '3', '4', '9', '8', '9', '10', '10', '10', '6', '6', '6', '5', '5', '5']","[NameSystem_2,block blk_6,block blk_6,block blk_6,NameSystem_2,NameSystem_2,NameSystem_2,blk_4,blk_4,blk_4,blk_4,blk_4,blk_4,blk_4,/_0,blk_4,blk_4,blk_4,blk_4,blk_4,blk_4,blk_4,block blk file_7,block blk file_7,block blk file_7]","[allocate_4,receiving_28,receiving_28,receiving_28,add_3,add_3,add_3,none_22,writing_23,none_22,writing_23,none_22,writing_23,transfer_13,serving_0,transfer_13,verification_25,verification_25,verification_25,delete_24,delete_24,delete_24,deleting_34,deleting_34,deleting_34]","[none_4,none_40,none_40,none_40,updated_3,updated_3,updated_3,none_31,none_32,none_31,none_32,none_31,none_32,exception_21,none_0,exception_21,successful_35,successful_35,successful_35,invalid_34,invalid_34,invalid_34,none_46,none_46,none_46]"
3851,"['7', '1', '1', '1', '2', '2', '3', '4', '3', '4', '3', '4', '2', '9', '9', '8', '10', '10', '10', '6', '6', '6', '5', '5', '5']","[NameSystem_2,block blk_6,block blk_6,block blk_6,NameSystem_2,NameSystem_2,blk_4,blk_4,blk_4,blk_4,blk_4,blk_4,NameSystem_2,blk_4,blk_4,/_0,blk_4,blk_4,blk_4,blk_4,blk_4,blk_4,block blk file_7,block blk file_7,block blk file_7]","[allocate_4,receiving_28,receiving_28,receiving_28,add_3,add_3,none_22,writing_23,none_22,writing_23,none_22,writing_23,add_3,transfer_13,transfer_13,serving_0,verification_25,verification_25,verification_25,delete_24,delete_24,delete_24,deleting_34,deleting_34,deleting_34]","[none_4,none_40,none_40,none_40,updated_3,updated_3,none_31,none_32,none_31,none_32,none_31,none_32,updated_3,exception_21,exception_21,none_0,successful_35,successful_35,successful_35,invalid_34,invalid_34,invalid_34,none_46,none_46,none_46]"
3854,"['7', '1', '1', '1', '2', '2', '2', '3', '4', '3', '4', '3', '4', '9', '8', '9', '10', '10', '10', '6', '6', '6', '5', '5', '5']","[NameSystem_2,block blk_6,block blk_6,block blk_6,NameSystem_2,NameSystem_2,NameSystem_2,blk_4,blk_4,blk_4,blk_4,blk_4,blk_4,blk_4,/_0,blk_4,blk_4,blk_4,blk_4,blk_4,blk_4,blk_4,block blk file_7,block blk file_7,block blk file_7]","[allocate_4,receiving_28,receiving_28,receiving_28,add_3,add_3,add_3,none_22,writing_23,none_22,writing_23,none_22,writing_23,transfer_13,serving_0,transfer_13,verification_25,verification_25,verification_25,delete_24,delete_24,delete_24,deleting_34,deleting_34,deleting_34]","[none_4,none_40,none_40,none_40,updated_3,updated_3,updated_3,none_31,none_32,none_31,none_32,none_31,none_32,exception_21,none_0,exception_21,successful_35,successful_35,successful_35,invalid_34,invalid_34,invalid_34,none_46,none_46,none_46]"
3855,"['7', '1', '1', '1', '2', '2', '2', '3', '4', '3', '4', '3', '4', '9', '8', '9', '10', '10', '10', '6', '6', '6', '5', '5', '5']","[NameSystem_2,block blk_6,block blk_6,block blk_6,NameSystem_2,NameSystem_2,NameSystem_2,blk_4,blk_4,blk_4,blk_4,blk_4,blk_4,blk_4,/_0,blk_4,blk_4,blk_4,blk_4,blk_4,blk_4,blk_4,block blk file_7,block blk file_7,block blk file_7]","[allocate_4,receiving_28,receiving_28,receiving_28,add_3,add_3,add_3,none_22,writing_23,none_22,writing_23,none_22,writing_23,transfer_13,serving_0,transfer_13,verification_25,verification_25,verification_25,delete_24,delete_24,delete_24,deleting_34,deleting_34,deleting_34]","[none_4,none_40,none_40,none_40,updated_3,updated_3,updated_3,none_31,none_32,none_31,none_32,none_31,none_32,exception_21,none_0,exception_21,successful_35,successful_35,successful_35,invalid_34,invalid_34,invalid_34,none_46,none_46,none_46]"
3880,"['7', '1', '1', '1', '2', '2', '2', '3', '4', '3', '4', '3', '4', '9', '9', '8', '10', '10', '10', '6', '6', '6', '5', '5', '5']","[NameSystem_2,block blk_6,block blk_6,block blk_6,NameSystem_2,NameSystem_2,NameSystem_2,blk_4,blk_4,blk_4,blk_4,blk_4,blk_4,blk_4,blk_4,/_0,blk_4,blk_4,blk_4,blk_4,blk_4,blk_4,block blk file_7,block blk file_7,block blk file_7]","[allocate_4,receiving_28,receiving_28,receiving_28,add_3,add_3,add_3,none_22,writing_23,none_22,writing_23,none_22,writing_23,transfer_13,transfer_13,serving_0,verification_25,verification_25,verification_25,delete_24,delete_24,delete_24,deleting_34,deleting_34,deleting_34]","[none_4,none_40,none_40,none_40,updated_3,updated_3,updated_3,none_31,none_32,none_31,none_32,none_31,none_32,exception_21,exception_21,none_0,successful_35,successful_35,successful_35,invalid_34,invalid_34,invalid_34,none_46,none_46,none_46]"
3893,"['7', '1', '1', '1', '2', '2', '2', '3', '4', '3', '4', '3', '4', '9', '8', '9', '10', '10', '10', '6', '6', '6', '5', '5', '5']","[NameSystem_2,block blk_6,block blk_6,block blk_6,NameSystem_2,NameSystem_2,NameSystem_2,blk_4,blk_4,blk_4,blk_4,blk_4,blk_4,blk_4,/_0,blk_4,blk_4,blk_4,blk_4,blk_4,blk_4,blk_4,block blk file_7,block blk file_7,block blk file_7]","[allocate_4,receiving_28,receiving_28,receiving_28,add_3,add_3,add_3,none_22,writing_23,none_22,writing_23,none_22,writing_23,transfer_13,serving_0,transfer_13,verification_25,verification_25,verification_25,delete_24,delete_24,delete_24,deleting_34,deleting_34,deleting_34]","[none_4,none_40,none_40,none_40,updated_3,updated_3,updated_3,none_31,none_32,none_31,none_32,none_31,none_32,exception_21,none_0,exception_21,successful_35,successful_35,successful_35,invalid_34,invalid_34,invalid_34,none_46,none_46,none_46]"
3894,"['7', '1', '1', '1', '2', '2', '2', '3', '4', '3', '4', '3', '4', '9', '8', '9', '10', '10', '10', '6', '6', '6', '5', '5', '5']","[NameSystem_2,block blk_6,block blk_6,block blk_6,NameSystem_2,NameSystem_2,NameSystem_2,blk_4,blk_4,blk_4,blk_4,blk_4,blk_4,blk_4,/_0,blk_4,blk_4,blk_4,blk_4,blk_4,blk_4,blk_4,block blk file_7,block blk file_7,block blk file_7]","[allocate_4,receiving_28,receiving_28,receiving_28,add_3,add_3,add_3,none_22,writing_23,none_22,writing_23,none_22,writing_23,transfer_13,serving_0,transfer_13,verification_25,verification_25,verification_25,delete_24,delete_24,delete_24,deleting_34,deleting_34,deleting_34]","[none_4,none_40,none_40,none_40,updated_3,updated_3,updated_3,none_31,none_32,none_31,none_32,none_31,none_32,exception_21,none_0,exception_21,successful_35,successful_35,successful_35,invalid_34,invalid_34,invalid_34,none_46,none_46,none_46]"
3900,"['7', '1', '1', '1', '2', '2', '2', '3', '4', '3', '4', '3', '4', '9', '9', '8', '10', '10', '10', '6', '6', '6', '5', '5', '5']","[NameSystem_2,block blk_6,block blk_6,block blk_6,NameSystem_2,NameSystem_2,NameSystem_2,blk_4,blk_4,blk_4,blk_4,blk_4,blk_4,blk_4,blk_4,/_0,blk_4,blk_4,blk_4,blk_4,blk_4,blk_4,block blk file_7,block blk file_7,block blk file_7]","[allocate_4,receiving_28,receiving_28,receiving_28,add_3,add_3,add_3,none_22,writing_23,none_22,writing_23,none_22,writing_23,transfer_13,transfer_13,serving_0,verification_25,verification_25,verification_25,delete_24,delete_24,delete_24,deleting_34,deleting_34,deleting_34]","[none_4,none_40,none_40,none_40,updated_3,updated_3,updated_3,none_31,none_32,none_31,none_32,none_31,none_32,exception_21,exception_21,none_0,successful_35,successful_35,successful_35,invalid_34,invalid_34,invalid_34,none_46,none_46,none_46]"
3901,"['7', '1', '1', '1', '2', '3', '4', '2', '2', '3', '4', '3', '4', '9', '8', '9', '10', '10', '10', '6', '6', '6', '5', '5', '5']","[NameSystem_2,block blk_6,block blk_6,block blk_6,NameSystem_2,blk_4,blk_4,NameSystem_2,NameSystem_2,blk_4,blk_4,blk_4,blk_4,blk_4,/_0,blk_4,blk_4,blk_4,blk_4,blk_4,blk_4,blk_4,block blk file_7,block blk file_7,block blk file_7]","[allocate_4,receiving_28,receiving_28,receiving_28,add_3,none_22,writing_23,add_3,add_3,none_22,writing_23,none_22,writing_23,transfer_13,serving_0,transfer_13,verification_25,verification_25,verification_25,delete_24,delete_24,delete_24,deleting_34,deleting_34,deleting_34]","[none_4,none_40,none_40,none_40,updated_3,none_31,none_32,updated_3,updated_3,none_31,none_32,none_31,none_32,exception_21,none_0,exception_21,successful_35,successful_35,successful_35,invalid_34,invalid_34,invalid_34,none_46,none_46,none_46]"
3902,"['7', '1', '1', '1', '2', '2', '2', '3', '4', '3', '4', '3', '4', '10', '9', '8', '9', '10', '10', '6', '6', '6', '5', '5', '5']","[NameSystem_2,block blk_6,block blk_6,block blk_6,NameSystem_2,NameSystem_2,NameSystem_2,blk_4,blk_4,blk_4,blk_4,blk_4,blk_4,blk_4,blk_4,/_0,blk_4,blk_4,blk_4,blk_4,blk_4,blk_4,block blk file_7,block blk file_7,block blk file_7]","[allocate_4,receiving_28,receiving_28,receiving_28,add_3,add_3,add_3,none_22,writing_23,none_22,writing_23,none_22,writing_23,verification_25,transfer_13,serving_0,transfer_13,verification_25,verification_25,delete_24,delete_24,delete_24,deleting_34,deleting_34,deleting_34]","[none_4,none_40,none_40,none_40,updated_3,updated_3,updated_3,none_31,none_32,none_31,none_32,none_31,none_32,successful_35,exception_21,none_0,exception_21,successful_35,successful_35,invalid_34,invalid_34,invalid_34,none_46,none_46,none_46]"
3909,"['7', '1', '1', '1', '2', '2', '2', '3', '4', '3', '4', '3', '4', '9', '8', '9', '10', '10', '10', '6', '6', '6', '5', '5', '5']","[NameSystem_2,block blk_6,block blk_6,block blk_6,NameSystem_2,NameSystem_2,NameSystem_2,blk_4,blk_4,blk_4,blk_4,blk_4,blk_4,blk_4,/_0,blk_4,blk_4,blk_4,blk_4,blk_4,blk_4,blk_4,block blk file_7,block blk file_7,block blk file_7]","[allocate_4,receiving_28,receiving_28,receiving_28,add_3,add_3,add_3,none_22,writing_23,none_22,writing_23,none_22,writing_23,transfer_13,serving_0,transfer_13,verification_25,verification_25,verification_25,delete_24,delete_24,delete_24,deleting_34,deleting_34,deleting_34]","[none_4,none_40,none_40,none_40,updated_3,updated_3,updated_3,none_31,none_32,none_31,none_32,none_31,none_32,exception_21,none_0,exception_21,successful_35,successful_35,successful_35,invalid_34,invalid_34,invalid_34,none_46,none_46,none_46]"
3911,"['7', '1', '1', '1', '2', '2', '2', '3', '4', '3', '4', '3', '4', '9', '9', '8', '10', '10', '10', '6', '6', '6', '5', '5', '5']","[NameSystem_2,block blk_6,block blk_6,block blk_6,NameSystem_2,NameSystem_2,NameSystem_2,blk_4,blk_4,blk_4,blk_4,blk_4,blk_4,blk_4,blk_4,/_0,blk_4,blk_4,blk_4,blk_4,blk_4,blk_4,block blk file_7,block blk file_7,block blk file_7]","[allocate_4,receiving_28,receiving_28,receiving_28,add_3,add_3,add_3,none_22,writing_23,none_22,writing_23,none_22,writing_23,transfer_13,transfer_13,serving_0,verification_25,verification_25,verification_25,delete_24,delete_24,delete_24,deleting_34,deleting_34,deleting_34]","[none_4,none_40,none_40,none_40,updated_3,updated_3,updated_3,none_31,none_32,none_31,none_32,none_31,none_32,exception_21,exception_21,none_0,successful_35,successful_35,successful_35,invalid_34,invalid_34,invalid_34,none_46,none_46,none_46]"
3969,"['7', '1', '1', '1', '2', '2', '3', '4', '3', '4', '2', '3', '4', '9', '9', '8', '10', '10', '10', '6', '6', '6', '5', '5', '5']","[NameSystem_2,block blk_6,block blk_6,block blk_6,NameSystem_2,NameSystem_2,blk_4,blk_4,blk_4,blk_4,NameSystem_2,blk_4,blk_4,blk_4,blk_4,/_0,blk_4,blk_4,blk_4,blk_4,blk_4,blk_4,block blk file_7,block blk file_7,block blk file_7]","[allocate_4,receiving_28,receiving_28,receiving_28,add_3,add_3,none_22,writing_23,none_22,writing_23,add_3,none_22,writing_23,transfer_13,transfer_13,serving_0,verification_25,verification_25,verification_25,delete_24,delete_24,delete_24,deleting_34,deleting_34,deleting_34]","[none_4,none_40,none_40,none_40,updated_3,updated_3,none_31,none_32,none_31,none_32,updated_3,none_31,none_32,exception_21,exception_21,none_0,successful_35,successful_35,successful_35,invalid_34,invalid_34,invalid_34,none_46,none_46,none_46]"
3986,"['7', '1', '1', '1', '2', '2', '2', '3', '4', '3', '4', '3', '4', '9', '9', '8', '10', '10', '10', '6', '6', '6', '5', '5', '5']","[NameSystem_2,block blk_6,block blk_6,block blk_6,NameSystem_2,NameSystem_2,NameSystem_2,blk_4,blk_4,blk_4,blk_4,blk_4,blk_4,blk_4,blk_4,/_0,blk_4,blk_4,blk_4,blk_4,blk_4,blk_4,block blk file_7,block blk file_7,block blk file_7]","[allocate_4,receiving_28,receiving_28,receiving_28,add_3,add_3,add_3,none_22,writing_23,none_22,writing_23,none_22,writing_23,transfer_13,transfer_13,serving_0,verification_25,verification_25,verification_25,delete_24,delete_24,delete_24,deleting_34,deleting_34,deleting_34]","[none_4,none_40,none_40,none_40,updated_3,updated_3,updated_3,none_31,none_32,none_31,none_32,none_31,none_32,exception_21,exception_21,none_0,successful_35,successful_35,successful_35,invalid_34,invalid_34,invalid_34,none_46,none_46,none_46]"
3993,"['7', '1', '1', '1', '2', '2', '3', '4', '3', '4', '3', '4', '2', '9', '9', '8', '10', '10', '10', '6', '6', '6', '5', '5', '5']","[NameSystem_2,block blk_6,block blk_6,block blk_6,NameSystem_2,NameSystem_2,blk_4,blk_4,blk_4,blk_4,blk_4,blk_4,NameSystem_2,blk_4,blk_4,/_0,blk_4,blk_4,blk_4,blk_4,blk_4,blk_4,block blk file_7,block blk file_7,block blk file_7]","[allocate_4,receiving_28,receiving_28,receiving_28,add_3,add_3,none_22,writing_23,none_22,writing_23,none_22,writing_23,add_3,transfer_13,transfer_13,serving_0,verification_25,verification_25,verification_25,delete_24,delete_24,delete_24,deleting_34,deleting_34,deleting_34]","[none_4,none_40,none_40,none_40,updated_3,updated_3,none_31,none_32,none_31,none_32,none_31,none_32,updated_3,exception_21,exception_21,none_0,successful_35,successful_35,successful_35,invalid_34,invalid_34,invalid_34,none_46,none_46,none_46]"
4010,"['7', '1', '1', '1', '2', '2', '2', '3', '4', '3', '3', '4', '4', '10', '9', '8', '9', '10', '10', '6', '6', '6', '5', '5', '5']","[NameSystem_2,block blk_6,block blk_6,block blk_6,NameSystem_2,NameSystem_2,NameSystem_2,blk_4,blk_4,blk_4,blk_4,blk_4,blk_4,blk_4,blk_4,/_0,blk_4,blk_4,blk_4,blk_4,blk_4,blk_4,block blk file_7,block blk file_7,block blk file_7]","[allocate_4,receiving_28,receiving_28,receiving_28,add_3,add_3,add_3,none_22,writing_23,none_22,none_22,writing_23,writing_23,verification_25,transfer_13,serving_0,transfer_13,verification_25,verification_25,delete_24,delete_24,delete_24,deleting_34,deleting_34,deleting_34]","[none_4,none_40,none_40,none_40,updated_3,updated_3,updated_3,none_31,none_32,none_31,none_31,none_32,none_32,successful_35,exception_21,none_0,exception_21,successful_35,successful_35,invalid_34,invalid_34,invalid_34,none_46,none_46,none_46]"
4020,"['7', '1', '1', '1', '2', '2', '2', '3', '4', '3', '4', '3', '4', '9', '9', '8', '10', '10', '10', '6', '6', '6', '5', '5', '5']","[NameSystem_2,block blk_6,block blk_6,block blk_6,NameSystem_2,NameSystem_2,NameSystem_2,blk_4,blk_4,blk_4,blk_4,blk_4,blk_4,blk_4,blk_4,/_0,blk_4,blk_4,blk_4,blk_4,blk_4,blk_4,block blk file_7,block blk file_7,block blk file_7]","[allocate_4,receiving_28,receiving_28,receiving_28,add_3,add_3,add_3,none_22,writing_23,none_22,writing_23,none_22,writing_23,transfer_13,transfer_13,serving_0,verification_25,verification_25,verification_25,delete_24,delete_24,delete_24,deleting_34,deleting_34,deleting_34]","[none_4,none_40,none_40,none_40,updated_3,updated_3,updated_3,none_31,none_32,none_31,none_32,none_31,none_32,exception_21,exception_21,none_0,successful_35,successful_35,successful_35,invalid_34,invalid_34,invalid_34,none_46,none_46,none_46]"
4029,"['7', '1', '1', '1', '2', '2', '2', '3', '4', '3', '4', '3', '4', '9', '8', '9', '10', '10', '10', '6', '6', '6', '5', '5', '5']","[NameSystem_2,block blk_6,block blk_6,block blk_6,NameSystem_2,NameSystem_2,NameSystem_2,blk_4,blk_4,blk_4,blk_4,blk_4,blk_4,blk_4,/_0,blk_4,blk_4,blk_4,blk_4,blk_4,blk_4,blk_4,block blk file_7,block blk file_7,block blk file_7]","[allocate_4,receiving_28,receiving_28,receiving_28,add_3,add_3,add_3,none_22,writing_23,none_22,writing_23,none_22,writing_23,transfer_13,serving_0,transfer_13,verification_25,verification_25,verification_25,delete_24,delete_24,delete_24,deleting_34,deleting_34,deleting_34]","[none_4,none_40,none_40,none_40,updated_3,updated_3,updated_3,none_31,none_32,none_31,none_32,none_31,none_32,exception_21,none_0,exception_21,successful_35,successful_35,successful_35,invalid_34,invalid_34,invalid_34,none_46,none_46,none_46]"
4046,"['7', '1', '1', '1', '2', '2', '2', '3', '4', '3', '4', '3', '4', '10', '10', '9', '9', '8', '10', '6', '6', '6', '5', '5', '5']","[NameSystem_2,block blk_6,block blk_6,block blk_6,NameSystem_2,NameSystem_2,NameSystem_2,blk_4,blk_4,blk_4,blk_4,blk_4,blk_4,blk_4,blk_4,blk_4,blk_4,/_0,blk_4,blk_4,blk_4,blk_4,block blk file_7,block blk file_7,block blk file_7]","[allocate_4,receiving_28,receiving_28,receiving_28,add_3,add_3,add_3,none_22,writing_23,none_22,writing_23,none_22,writing_23,verification_25,verification_25,transfer_13,transfer_13,serving_0,verification_25,delete_24,delete_24,delete_24,deleting_34,deleting_34,deleting_34]","[none_4,none_40,none_40,none_40,updated_3,updated_3,updated_3,none_31,none_32,none_31,none_32,none_31,none_32,successful_35,successful_35,exception_21,exception_21,none_0,successful_35,invalid_34,invalid_34,invalid_34,none_46,none_46,none_46]"
4056,"['7', '1', '1', '1', '2', '2', '2', '3', '4', '3', '3', '4', '4', '10', '9', '8', '9', '10', '10', '6', '6', '6', '5', '5', '5']","[NameSystem_2,block blk_6,block blk_6,block blk_6,NameSystem_2,NameSystem_2,NameSystem_2,blk_4,blk_4,blk_4,blk_4,blk_4,blk_4,blk_4,blk_4,/_0,blk_4,blk_4,blk_4,blk_4,blk_4,blk_4,block blk file_7,block blk file_7,block blk file_7]","[allocate_4,receiving_28,receiving_28,receiving_28,add_3,add_3,add_3,none_22,writing_23,none_22,none_22,writing_23,writing_23,verification_25,transfer_13,serving_0,transfer_13,verification_25,verification_25,delete_24,delete_24,delete_24,deleting_34,deleting_34,deleting_34]","[none_4,none_40,none_40,none_40,updated_3,updated_3,updated_3,none_31,none_32,none_31,none_31,none_32,none_32,successful_35,exception_21,none_0,exception_21,successful_35,successful_35,invalid_34,invalid_34,invalid_34,none_46,none_46,none_46]"
4057,"['7', '1', '1', '1', '2', '2', '3', '4', '3', '4', '3', '4', '2', '9', '9', '8', '10', '10', '10', '6', '6', '6', '5', '5', '5']","[NameSystem_2,block blk_6,block blk_6,block blk_6,NameSystem_2,NameSystem_2,blk_4,blk_4,blk_4,blk_4,blk_4,blk_4,NameSystem_2,blk_4,blk_4,/_0,blk_4,blk_4,blk_4,blk_4,blk_4,blk_4,block blk file_7,block blk file_7,block blk file_7]","[allocate_4,receiving_28,receiving_28,receiving_28,add_3,add_3,none_22,writing_23,none_22,writing_23,none_22,writing_23,add_3,transfer_13,transfer_13,serving_0,verification_25,verification_25,verification_25,delete_24,delete_24,delete_24,deleting_34,deleting_34,deleting_34]","[none_4,none_40,none_40,none_40,updated_3,updated_3,none_31,none_32,none_31,none_32,none_31,none_32,updated_3,exception_21,exception_21,none_0,successful_35,successful_35,successful_35,invalid_34,invalid_34,invalid_34,none_46,none_46,none_46]"
4079,"['7', '1', '1', '1', '2', '2', '2', '3', '4', '3', '4', '3', '4', '10', '9', '8', '9', '10', '10', '6', '6', '6', '5', '5', '5']","[NameSystem_2,block blk_6,block blk_6,block blk_6,NameSystem_2,NameSystem_2,NameSystem_2,blk_4,blk_4,blk_4,blk_4,blk_4,blk_4,blk_4,blk_4,/_0,blk_4,blk_4,blk_4,blk_4,blk_4,blk_4,block blk file_7,block blk file_7,block blk file_7]","[allocate_4,receiving_28,receiving_28,receiving_28,add_3,add_3,add_3,none_22,writing_23,none_22,writing_23,none_22,writing_23,verification_25,transfer_13,serving_0,transfer_13,verification_25,verification_25,delete_24,delete_24,delete_24,deleting_34,deleting_34,deleting_34]","[none_4,none_40,none_40,none_40,updated_3,updated_3,updated_3,none_31,none_32,none_31,none_32,none_31,none_32,successful_35,exception_21,none_0,exception_21,successful_35,successful_35,invalid_34,invalid_34,invalid_34,none_46,none_46,none_46]"
4093,"['7', '1', '1', '1', '2', '2', '2', '3', '4', '3', '3', '4', '4', '9', '8', '9', '10', '10', '10', '6', '6', '6', '5', '5', '5']","[NameSystem_2,block blk_6,block blk_6,block blk_6,NameSystem_2,NameSystem_2,NameSystem_2,blk_4,blk_4,blk_4,blk_4,blk_4,blk_4,blk_4,/_0,blk_4,blk_4,blk_4,blk_4,blk_4,blk_4,blk_4,block blk file_7,block blk file_7,block blk file_7]","[allocate_4,receiving_28,receiving_28,receiving_28,add_3,add_3,add_3,none_22,writing_23,none_22,none_22,writing_23,writing_23,transfer_13,serving_0,transfer_13,verification_25,verification_25,verification_25,delete_24,delete_24,delete_24,deleting_34,deleting_34,deleting_34]","[none_4,none_40,none_40,none_40,updated_3,updated_3,updated_3,none_31,none_32,none_31,none_31,none_32,none_32,exception_21,none_0,exception_21,successful_35,successful_35,successful_35,invalid_34,invalid_34,invalid_34,none_46,none_46,none_46]"
4096,"['7', '1', '1', '1', '2', '2', '2', '3', '4', '3', '4', '3', '4', '9', '8', '9', '10', '10', '10', '6', '6', '6', '5', '5', '5']","[NameSystem_2,block blk_6,block blk_6,block blk_6,NameSystem_2,NameSystem_2,NameSystem_2,blk_4,blk_4,blk_4,blk_4,blk_4,blk_4,blk_4,/_0,blk_4,blk_4,blk_4,blk_4,blk_4,blk_4,blk_4,block blk file_7,block blk file_7,block blk file_7]","[allocate_4,receiving_28,receiving_28,receiving_28,add_3,add_3,add_3,none_22,writing_23,none_22,writing_23,none_22,writing_23,transfer_13,serving_0,transfer_13,verification_25,verification_25,verification_25,delete_24,delete_24,delete_24,deleting_34,deleting_34,deleting_34]","[none_4,none_40,none_40,none_40,updated_3,updated_3,updated_3,none_31,none_32,none_31,none_32,none_31,none_32,exception_21,none_0,exception_21,successful_35,successful_35,successful_35,invalid_34,invalid_34,invalid_34,none_46,none_46,none_46]"
4107,"['7', '1', '1', '1', '2', '2', '2', '3', '4', '3', '4', '3', '4', '9', '9', '8', '10', '10', '10', '6', '6', '6', '5', '5', '5']","[NameSystem_2,block blk_6,block blk_6,block blk_6,NameSystem_2,NameSystem_2,NameSystem_2,blk_4,blk_4,blk_4,blk_4,blk_4,blk_4,blk_4,blk_4,/_0,blk_4,blk_4,blk_4,blk_4,blk_4,blk_4,block blk file_7,block blk file_7,block blk file_7]","[allocate_4,receiving_28,receiving_28,receiving_28,add_3,add_3,add_3,none_22,writing_23,none_22,writing_23,none_22,writing_23,transfer_13,transfer_13,serving_0,verification_25,verification_25,verification_25,delete_24,delete_24,delete_24,deleting_34,deleting_34,deleting_34]","[none_4,none_40,none_40,none_40,updated_3,updated_3,updated_3,none_31,none_32,none_31,none_32,none_31,none_32,exception_21,exception_21,none_0,successful_35,successful_35,successful_35,invalid_34,invalid_34,invalid_34,none_46,none_46,none_46]"
4108,"['7', '1', '1', '1', '2', '3', '4', '3', '4', '3', '4', '2', '2', '10', '10', '10', '9', '9', '8', '6', '6', '6', '5', '5', '5']","[NameSystem_2,block blk_6,block blk_6,block blk_6,NameSystem_2,blk_4,blk_4,blk_4,blk_4,blk_4,blk_4,NameSystem_2,NameSystem_2,blk_4,blk_4,blk_4,blk_4,blk_4,/_0,blk_4,blk_4,blk_4,block blk file_7,block blk file_7,block blk file_7]","[allocate_4,receiving_28,receiving_28,receiving_28,add_3,none_22,writing_23,none_22,writing_23,none_22,writing_23,add_3,add_3,verification_25,verification_25,verification_25,transfer_13,transfer_13,serving_0,delete_24,delete_24,delete_24,deleting_34,deleting_34,deleting_34]","[none_4,none_40,none_40,none_40,updated_3,none_31,none_32,none_31,none_32,none_31,none_32,updated_3,updated_3,successful_35,successful_35,successful_35,exception_21,exception_21,none_0,invalid_34,invalid_34,invalid_34,none_46,none_46,none_46]"
4112,"['7', '1', '1', '1', '2', '2', '3', '3', '4', '4', '4', '2', '3', '9', '8', '9', '10', '10', '6', '6', '6', '5', '5', '5']","[NameSystem_2,block blk_6,block blk_6,block blk_6,NameSystem_2,NameSystem_2,blk_4,blk_4,blk_4,blk_4,blk_4,NameSystem_2,blk_4,blk_4,/_0,blk_4,blk_4,blk_4,blk_4,blk_4,blk_4,block blk file_7,block blk file_7,block blk file_7]","[allocate_4,receiving_28,receiving_28,receiving_28,add_3,add_3,none_22,none_22,writing_23,writing_23,writing_23,add_3,none_22,transfer_13,serving_0,transfer_13,verification_25,verification_25,delete_24,delete_24,delete_24,deleting_34,deleting_34,deleting_34]","[none_4,none_40,none_40,none_40,updated_3,updated_3,none_31,none_31,none_32,none_32,none_32,updated_3,none_31,exception_21,none_0,exception_21,successful_35,successful_35,invalid_34,invalid_34,invalid_34,none_46,none_46,none_46]"
4117,"['7', '1', '1', '1', '2', '2', '2', '3', '4', '3', '4', '3', '4', '9', '9', '8', '10', '10', '10', '6', '6', '6', '5', '5', '5']","[NameSystem_2,block blk_6,block blk_6,block blk_6,NameSystem_2,NameSystem_2,NameSystem_2,blk_4,blk_4,blk_4,blk_4,blk_4,blk_4,blk_4,blk_4,/_0,blk_4,blk_4,blk_4,blk_4,blk_4,blk_4,block blk file_7,block blk file_7,block blk file_7]","[allocate_4,receiving_28,receiving_28,receiving_28,add_3,add_3,add_3,none_22,writing_23,none_22,writing_23,none_22,writing_23,transfer_13,transfer_13,serving_0,verification_25,verification_25,verification_25,delete_24,delete_24,delete_24,deleting_34,deleting_34,deleting_34]","[none_4,none_40,none_40,none_40,updated_3,updated_3,updated_3,none_31,none_32,none_31,none_32,none_31,none_32,exception_21,exception_21,none_0,successful_35,successful_35,successful_35,invalid_34,invalid_34,invalid_34,none_46,none_46,none_46]"
4152,"['7', '1', '1', '1', '2', '2', '3', '4', '3', '4', '3', '4', '2', '10', '9', '8', '9', '10', '10', '6', '6', '6', '5', '5', '5']","[NameSystem_2,block blk_6,block blk_6,block blk_6,NameSystem_2,NameSystem_2,blk_4,blk_4,blk_4,blk_4,blk_4,blk_4,NameSystem_2,blk_4,blk_4,/_0,blk_4,blk_4,blk_4,blk_4,blk_4,blk_4,block blk file_7,block blk file_7,block blk file_7]","[allocate_4,receiving_28,receiving_28,receiving_28,add_3,add_3,none_22,writing_23,none_22,writing_23,none_22,writing_23,add_3,verification_25,transfer_13,serving_0,transfer_13,verification_25,verification_25,delete_24,delete_24,delete_24,deleting_34,deleting_34,deleting_34]","[none_4,none_40,none_40,none_40,updated_3,updated_3,none_31,none_32,none_31,none_32,none_31,none_32,updated_3,successful_35,exception_21,none_0,exception_21,successful_35,successful_35,invalid_34,invalid_34,invalid_34,none_46,none_46,none_46]"
4172,"['7', '1', '1', '1', '2', '2', '2', '3', '4', '3', '4', '3', '4', '9', '8', '9', '10', '10', '10', '6', '6', '6', '5', '5', '5']","[NameSystem_2,block blk_6,block blk_6,block blk_6,NameSystem_2,NameSystem_2,NameSystem_2,blk_4,blk_4,blk_4,blk_4,blk_4,blk_4,blk_4,/_0,blk_4,blk_4,blk_4,blk_4,blk_4,blk_4,blk_4,block blk file_7,block blk file_7,block blk file_7]","[allocate_4,receiving_28,receiving_28,receiving_28,add_3,add_3,add_3,none_22,writing_23,none_22,writing_23,none_22,writing_23,transfer_13,serving_0,transfer_13,verification_25,verification_25,verification_25,delete_24,delete_24,delete_24,deleting_34,deleting_34,deleting_34]","[none_4,none_40,none_40,none_40,updated_3,updated_3,updated_3,none_31,none_32,none_31,none_32,none_31,none_32,exception_21,none_0,exception_21,successful_35,successful_35,successful_35,invalid_34,invalid_34,invalid_34,none_46,none_46,none_46]"
4205,"['7', '1', '1', '1', '2', '2', '2', '3', '4', '3', '4', '3', '4', '9', '8', '9', '10', '10', '10', '6', '6', '6', '5', '5', '5']","[NameSystem_2,block blk_6,block blk_6,block blk_6,NameSystem_2,NameSystem_2,NameSystem_2,blk_4,blk_4,blk_4,blk_4,blk_4,blk_4,blk_4,/_0,blk_4,blk_4,blk_4,blk_4,blk_4,blk_4,blk_4,block blk file_7,block blk file_7,block blk file_7]","[allocate_4,receiving_28,receiving_28,receiving_28,add_3,add_3,add_3,none_22,writing_23,none_22,writing_23,none_22,writing_23,transfer_13,serving_0,transfer_13,verification_25,verification_25,verification_25,delete_24,delete_24,delete_24,deleting_34,deleting_34,deleting_34]","[none_4,none_40,none_40,none_40,updated_3,updated_3,updated_3,none_31,none_32,none_31,none_32,none_31,none_32,exception_21,none_0,exception_21,successful_35,successful_35,successful_35,invalid_34,invalid_34,invalid_34,none_46,none_46,none_46]"
4218,"['7', '1', '1', '1', '2', '2', '2', '3', '4', '3', '4', '3', '4', '9', '8', '9', '10', '10', '10', '6', '6', '6', '5', '5', '5']","[NameSystem_2,block blk_6,block blk_6,block blk_6,NameSystem_2,NameSystem_2,NameSystem_2,blk_4,blk_4,blk_4,blk_4,blk_4,blk_4,blk_4,/_0,blk_4,blk_4,blk_4,blk_4,blk_4,blk_4,blk_4,block blk file_7,block blk file_7,block blk file_7]","[allocate_4,receiving_28,receiving_28,receiving_28,add_3,add_3,add_3,none_22,writing_23,none_22,writing_23,none_22,writing_23,transfer_13,serving_0,transfer_13,verification_25,verification_25,verification_25,delete_24,delete_24,delete_24,deleting_34,deleting_34,deleting_34]","[none_4,none_40,none_40,none_40,updated_3,updated_3,updated_3,none_31,none_32,none_31,none_32,none_31,none_32,exception_21,none_0,exception_21,successful_35,successful_35,successful_35,invalid_34,invalid_34,invalid_34,none_46,none_46,none_46]"
4223,"['7', '1', '1', '1', '2', '2', '2', '3', '4', '3', '4', '3', '4', '9', '9', '8', '10', '10', '10', '6', '6', '6', '5', '5', '5']","[NameSystem_2,block blk_6,block blk_6,block blk_6,NameSystem_2,NameSystem_2,NameSystem_2,blk_4,blk_4,blk_4,blk_4,blk_4,blk_4,blk_4,blk_4,/_0,blk_4,blk_4,blk_4,blk_4,blk_4,blk_4,block blk file_7,block blk file_7,block blk file_7]","[allocate_4,receiving_28,receiving_28,receiving_28,add_3,add_3,add_3,none_22,writing_23,none_22,writing_23,none_22,writing_23,transfer_13,transfer_13,serving_0,verification_25,verification_25,verification_25,delete_24,delete_24,delete_24,deleting_34,deleting_34,deleting_34]","[none_4,none_40,none_40,none_40,updated_3,updated_3,updated_3,none_31,none_32,none_31,none_32,none_31,none_32,exception_21,exception_21,none_0,successful_35,successful_35,successful_35,invalid_34,invalid_34,invalid_34,none_46,none_46,none_46]"
4232,"['7', '1', '1', '1', '2', '3', '4', '3', '4', '3', '4', '2', '2', '9', '8', '9', '10', '10', '10', '6', '6', '6', '5', '5', '5']","[NameSystem_2,block blk_6,block blk_6,block blk_6,NameSystem_2,blk_4,blk_4,blk_4,blk_4,blk_4,blk_4,NameSystem_2,NameSystem_2,blk_4,/_0,blk_4,blk_4,blk_4,blk_4,blk_4,blk_4,blk_4,block blk file_7,block blk file_7,block blk file_7]","[allocate_4,receiving_28,receiving_28,receiving_28,add_3,none_22,writing_23,none_22,writing_23,none_22,writing_23,add_3,add_3,transfer_13,serving_0,transfer_13,verification_25,verification_25,verification_25,delete_24,delete_24,delete_24,deleting_34,deleting_34,deleting_34]","[none_4,none_40,none_40,none_40,updated_3,none_31,none_32,none_31,none_32,none_31,none_32,updated_3,updated_3,exception_21,none_0,exception_21,successful_35,successful_35,successful_35,invalid_34,invalid_34,invalid_34,none_46,none_46,none_46]"
4234,"['7', '1', '1', '1', '2', '2', '2', '3', '4', '3', '4', '3', '4', '9', '8', '9', '10', '10', '10', '6', '6', '6', '5', '5', '5']","[NameSystem_2,block blk_6,block blk_6,block blk_6,NameSystem_2,NameSystem_2,NameSystem_2,blk_4,blk_4,blk_4,blk_4,blk_4,blk_4,blk_4,/_0,blk_4,blk_4,blk_4,blk_4,blk_4,blk_4,blk_4,block blk file_7,block blk file_7,block blk file_7]","[allocate_4,receiving_28,receiving_28,receiving_28,add_3,add_3,add_3,none_22,writing_23,none_22,writing_23,none_22,writing_23,transfer_13,serving_0,transfer_13,verification_25,verification_25,verification_25,delete_24,delete_24,delete_24,deleting_34,deleting_34,deleting_34]","[none_4,none_40,none_40,none_40,updated_3,updated_3,updated_3,none_31,none_32,none_31,none_32,none_31,none_32,exception_21,none_0,exception_21,successful_35,successful_35,successful_35,invalid_34,invalid_34,invalid_34,none_46,none_46,none_46]"
4237,"['7', '1', '1', '1', '2', '3', '4', '2', '2', '3', '4', '3', '4', '9', '9', '8', '10', '10', '10', '6', '6', '6', '5', '5', '5']","[NameSystem_2,block blk_6,block blk_6,block blk_6,NameSystem_2,blk_4,blk_4,NameSystem_2,NameSystem_2,blk_4,blk_4,blk_4,blk_4,blk_4,blk_4,/_0,blk_4,blk_4,blk_4,blk_4,blk_4,blk_4,block blk file_7,block blk file_7,block blk file_7]","[allocate_4,receiving_28,receiving_28,receiving_28,add_3,none_22,writing_23,add_3,add_3,none_22,writing_23,none_22,writing_23,transfer_13,transfer_13,serving_0,verification_25,verification_25,verification_25,delete_24,delete_24,delete_24,deleting_34,deleting_34,deleting_34]","[none_4,none_40,none_40,none_40,updated_3,none_31,none_32,updated_3,updated_3,none_31,none_32,none_31,none_32,exception_21,exception_21,none_0,successful_35,successful_35,successful_35,invalid_34,invalid_34,invalid_34,none_46,none_46,none_46]"
4261,"['7', '1', '1', '1', '2', '2', '2', '3', '4', '3', '4', '3', '4', '10', '9', '8', '9', '10', '10', '6', '6', '6', '5', '5', '5']","[NameSystem_2,block blk_6,block blk_6,block blk_6,NameSystem_2,NameSystem_2,NameSystem_2,blk_4,blk_4,blk_4,blk_4,blk_4,blk_4,blk_4,blk_4,/_0,blk_4,blk_4,blk_4,blk_4,blk_4,blk_4,block blk file_7,block blk file_7,block blk file_7]","[allocate_4,receiving_28,receiving_28,receiving_28,add_3,add_3,add_3,none_22,writing_23,none_22,writing_23,none_22,writing_23,verification_25,transfer_13,serving_0,transfer_13,verification_25,verification_25,delete_24,delete_24,delete_24,deleting_34,deleting_34,deleting_34]","[none_4,none_40,none_40,none_40,updated_3,updated_3,updated_3,none_31,none_32,none_31,none_32,none_31,none_32,successful_35,exception_21,none_0,exception_21,successful_35,successful_35,invalid_34,invalid_34,invalid_34,none_46,none_46,none_46]"
4262,"['7', '1', '1', '1', '2', '2', '2', '3', '4', '3', '4', '3', '4', '9', '8', '9', '10', '10', '10', '6', '6', '6', '5', '5', '5']","[NameSystem_2,block blk_6,block blk_6,block blk_6,NameSystem_2,NameSystem_2,NameSystem_2,blk_4,blk_4,blk_4,blk_4,blk_4,blk_4,blk_4,/_0,blk_4,blk_4,blk_4,blk_4,blk_4,blk_4,blk_4,block blk file_7,block blk file_7,block blk file_7]","[allocate_4,receiving_28,receiving_28,receiving_28,add_3,add_3,add_3,none_22,writing_23,none_22,writing_23,none_22,writing_23,transfer_13,serving_0,transfer_13,verification_25,verification_25,verification_25,delete_24,delete_24,delete_24,deleting_34,deleting_34,deleting_34]","[none_4,none_40,none_40,none_40,updated_3,updated_3,updated_3,none_31,none_32,none_31,none_32,none_31,none_32,exception_21,none_0,exception_21,successful_35,successful_35,successful_35,invalid_34,invalid_34,invalid_34,none_46,none_46,none_46]"
4277,"['7', '1', '1', '1', '2', '2', '3', '4', '3', '4', '3', '4', '2', '9', '8', '9', '10', '10', '10', '6', '6', '6', '5', '5', '5']","[NameSystem_2,block blk_6,block blk_6,block blk_6,NameSystem_2,NameSystem_2,blk_4,blk_4,blk_4,blk_4,blk_4,blk_4,NameSystem_2,blk_4,/_0,blk_4,blk_4,blk_4,blk_4,blk_4,blk_4,blk_4,block blk file_7,block blk file_7,block blk file_7]","[allocate_4,receiving_28,receiving_28,receiving_28,add_3,add_3,none_22,writing_23,none_22,writing_23,none_22,writing_23,add_3,transfer_13,serving_0,transfer_13,verification_25,verification_25,verification_25,delete_24,delete_24,delete_24,deleting_34,deleting_34,deleting_34]","[none_4,none_40,none_40,none_40,updated_3,updated_3,none_31,none_32,none_31,none_32,none_31,none_32,updated_3,exception_21,none_0,exception_21,successful_35,successful_35,successful_35,invalid_34,invalid_34,invalid_34,none_46,none_46,none_46]"
4284,"['7', '1', '1', '1', '2', '2', '2', '3', '4', '3', '4', '3', '4', '9', '8', '9', '10', '10', '10', '6', '6', '6', '5', '5', '5']","[NameSystem_2,block blk_6,block blk_6,block blk_6,NameSystem_2,NameSystem_2,NameSystem_2,blk_4,blk_4,blk_4,blk_4,blk_4,blk_4,blk_4,/_0,blk_4,blk_4,blk_4,blk_4,blk_4,blk_4,blk_4,block blk file_7,block blk file_7,block blk file_7]","[allocate_4,receiving_28,receiving_28,receiving_28,add_3,add_3,add_3,none_22,writing_23,none_22,writing_23,none_22,writing_23,transfer_13,serving_0,transfer_13,verification_25,verification_25,verification_25,delete_24,delete_24,delete_24,deleting_34,deleting_34,deleting_34]","[none_4,none_40,none_40,none_40,updated_3,updated_3,updated_3,none_31,none_32,none_31,none_32,none_31,none_32,exception_21,none_0,exception_21,successful_35,successful_35,successful_35,invalid_34,invalid_34,invalid_34,none_46,none_46,none_46]"
4312,"['7', '1', '1', '1', '2', '2', '2', '3', '4', '3', '4', '3', '4', '9', '8', '9', '10', '10', '10', '6', '6', '6', '5', '5', '5']","[NameSystem_2,block blk_6,block blk_6,block blk_6,NameSystem_2,NameSystem_2,NameSystem_2,blk_4,blk_4,blk_4,blk_4,blk_4,blk_4,blk_4,/_0,blk_4,blk_4,blk_4,blk_4,blk_4,blk_4,blk_4,block blk file_7,block blk file_7,block blk file_7]","[allocate_4,receiving_28,receiving_28,receiving_28,add_3,add_3,add_3,none_22,writing_23,none_22,writing_23,none_22,writing_23,transfer_13,serving_0,transfer_13,verification_25,verification_25,verification_25,delete_24,delete_24,delete_24,deleting_34,deleting_34,deleting_34]","[none_4,none_40,none_40,none_40,updated_3,updated_3,updated_3,none_31,none_32,none_31,none_32,none_31,none_32,exception_21,none_0,exception_21,successful_35,successful_35,successful_35,invalid_34,invalid_34,invalid_34,none_46,none_46,none_46]"
4313,"['7', '1', '1', '1', '2', '2', '2', '3', '4', '3', '4', '3', '4', '9', '8', '9', '10', '10', '10', '6', '6', '6', '5', '5', '5']","[NameSystem_2,block blk_6,block blk_6,block blk_6,NameSystem_2,NameSystem_2,NameSystem_2,blk_4,blk_4,blk_4,blk_4,blk_4,blk_4,blk_4,/_0,blk_4,blk_4,blk_4,blk_4,blk_4,blk_4,blk_4,block blk file_7,block blk file_7,block blk file_7]","[allocate_4,receiving_28,receiving_28,receiving_28,add_3,add_3,add_3,none_22,writing_23,none_22,writing_23,none_22,writing_23,transfer_13,serving_0,transfer_13,verification_25,verification_25,verification_25,delete_24,delete_24,delete_24,deleting_34,deleting_34,deleting_34]","[none_4,none_40,none_40,none_40,updated_3,updated_3,updated_3,none_31,none_32,none_31,none_32,none_31,none_32,exception_21,none_0,exception_21,successful_35,successful_35,successful_35,invalid_34,invalid_34,invalid_34,none_46,none_46,none_46]"
4329,"['7', '1', '1', '1', '2', '2', '2', '3', '4', '3', '4', '3', '4', '9', '8', '9', '10', '10', '10', '6', '6', '6', '5', '5', '5']","[NameSystem_2,block blk_6,block blk_6,block blk_6,NameSystem_2,NameSystem_2,NameSystem_2,blk_4,blk_4,blk_4,blk_4,blk_4,blk_4,blk_4,/_0,blk_4,blk_4,blk_4,blk_4,blk_4,blk_4,blk_4,block blk file_7,block blk file_7,block blk file_7]","[allocate_4,receiving_28,receiving_28,receiving_28,add_3,add_3,add_3,none_22,writing_23,none_22,writing_23,none_22,writing_23,transfer_13,serving_0,transfer_13,verification_25,verification_25,verification_25,delete_24,delete_24,delete_24,deleting_34,deleting_34,deleting_34]","[none_4,none_40,none_40,none_40,updated_3,updated_3,updated_3,none_31,none_32,none_31,none_32,none_31,none_32,exception_21,none_0,exception_21,successful_35,successful_35,successful_35,invalid_34,invalid_34,invalid_34,none_46,none_46,none_46]"
4346,"['7', '1', '1', '1', '2', '2', '2', '3', '4', '3', '4', '3', '4', '9', '8', '9', '10', '10', '10', '6', '6', '6', '5', '5', '5']","[NameSystem_2,block blk_6,block blk_6,block blk_6,NameSystem_2,NameSystem_2,NameSystem_2,blk_4,blk_4,blk_4,blk_4,blk_4,blk_4,blk_4,/_0,blk_4,blk_4,blk_4,blk_4,blk_4,blk_4,blk_4,block blk file_7,block blk file_7,block blk file_7]","[allocate_4,receiving_28,receiving_28,receiving_28,add_3,add_3,add_3,none_22,writing_23,none_22,writing_23,none_22,writing_23,transfer_13,serving_0,transfer_13,verification_25,verification_25,verification_25,delete_24,delete_24,delete_24,deleting_34,deleting_34,deleting_34]","[none_4,none_40,none_40,none_40,updated_3,updated_3,updated_3,none_31,none_32,none_31,none_32,none_31,none_32,exception_21,none_0,exception_21,successful_35,successful_35,successful_35,invalid_34,invalid_34,invalid_34,none_46,none_46,none_46]"
4347,"['7', '1', '1', '1', '2', '2', '2', '3', '4', '3', '4', '3', '4', '9', '9', '8', '10', '10', '10', '6', '6', '6', '5', '5', '5']","[NameSystem_2,block blk_6,block blk_6,block blk_6,NameSystem_2,NameSystem_2,NameSystem_2,blk_4,blk_4,blk_4,blk_4,blk_4,blk_4,blk_4,blk_4,/_0,blk_4,blk_4,blk_4,blk_4,blk_4,blk_4,block blk file_7,block blk file_7,block blk file_7]","[allocate_4,receiving_28,receiving_28,receiving_28,add_3,add_3,add_3,none_22,writing_23,none_22,writing_23,none_22,writing_23,transfer_13,transfer_13,serving_0,verification_25,verification_25,verification_25,delete_24,delete_24,delete_24,deleting_34,deleting_34,deleting_34]","[none_4,none_40,none_40,none_40,updated_3,updated_3,updated_3,none_31,none_32,none_31,none_32,none_31,none_32,exception_21,exception_21,none_0,successful_35,successful_35,successful_35,invalid_34,invalid_34,invalid_34,none_46,none_46,none_46]"
4348,"['7', '1', '1', '1', '2', '2', '2', '3', '3', '4', '4', '3', '4', '9', '8', '9', '10', '10', '10', '6', '6', '6', '5', '5', '5']","[NameSystem_2,block blk_6,block blk_6,block blk_6,NameSystem_2,NameSystem_2,NameSystem_2,blk_4,blk_4,blk_4,blk_4,blk_4,blk_4,blk_4,/_0,blk_4,blk_4,blk_4,blk_4,blk_4,blk_4,blk_4,block blk file_7,block blk file_7,block blk file_7]","[allocate_4,receiving_28,receiving_28,receiving_28,add_3,add_3,add_3,none_22,none_22,writing_23,writing_23,none_22,writing_23,transfer_13,serving_0,transfer_13,verification_25,verification_25,verification_25,delete_24,delete_24,delete_24,deleting_34,deleting_34,deleting_34]","[none_4,none_40,none_40,none_40,updated_3,updated_3,updated_3,none_31,none_31,none_32,none_32,none_31,none_32,exception_21,none_0,exception_21,successful_35,successful_35,successful_35,invalid_34,invalid_34,invalid_34,none_46,none_46,none_46]"
4371,"['7', '1', '1', '1', '2', '2', '3', '4', '3', '4', '2', '3', '4', '10', '9', '9', '8', '10', '10', '6', '6', '6', '5', '5', '5']","[NameSystem_2,block blk_6,block blk_6,block blk_6,NameSystem_2,NameSystem_2,blk_4,blk_4,blk_4,blk_4,NameSystem_2,blk_4,blk_4,blk_4,blk_4,blk_4,/_0,blk_4,blk_4,blk_4,blk_4,blk_4,block blk file_7,block blk file_7,block blk file_7]","[allocate_4,receiving_28,receiving_28,receiving_28,add_3,add_3,none_22,writing_23,none_22,writing_23,add_3,none_22,writing_23,verification_25,transfer_13,transfer_13,serving_0,verification_25,verification_25,delete_24,delete_24,delete_24,deleting_34,deleting_34,deleting_34]","[none_4,none_40,none_40,none_40,updated_3,updated_3,none_31,none_32,none_31,none_32,updated_3,none_31,none_32,successful_35,exception_21,exception_21,none_0,successful_35,successful_35,invalid_34,invalid_34,invalid_34,none_46,none_46,none_46]"
4382,"['7', '1', '1', '1', '2', '2', '2', '3', '3', '4', '4', '3', '4', '9', '9', '8', '10', '10', '10', '6', '6', '6', '5', '5', '5']","[NameSystem_2,block blk_6,block blk_6,block blk_6,NameSystem_2,NameSystem_2,NameSystem_2,blk_4,blk_4,blk_4,blk_4,blk_4,blk_4,blk_4,blk_4,/_0,blk_4,blk_4,blk_4,blk_4,blk_4,blk_4,block blk file_7,block blk file_7,block blk file_7]","[allocate_4,receiving_28,receiving_28,receiving_28,add_3,add_3,add_3,none_22,none_22,writing_23,writing_23,none_22,writing_23,transfer_13,transfer_13,serving_0,verification_25,verification_25,verification_25,delete_24,delete_24,delete_24,deleting_34,deleting_34,deleting_34]","[none_4,none_40,none_40,none_40,updated_3,updated_3,updated_3,none_31,none_31,none_32,none_32,none_31,none_32,exception_21,exception_21,none_0,successful_35,successful_35,successful_35,invalid_34,invalid_34,invalid_34,none_46,none_46,none_46]"
4383,"['7', '1', '1', '1', '2', '2', '2', '3', '4', '3', '4', '3', '4', '9', '8', '9', '10', '10', '10', '6', '6', '6', '5', '5', '5']","[NameSystem_2,block blk_6,block blk_6,block blk_6,NameSystem_2,NameSystem_2,NameSystem_2,blk_4,blk_4,blk_4,blk_4,blk_4,blk_4,blk_4,/_0,blk_4,blk_4,blk_4,blk_4,blk_4,blk_4,blk_4,block blk file_7,block blk file_7,block blk file_7]","[allocate_4,receiving_28,receiving_28,receiving_28,add_3,add_3,add_3,none_22,writing_23,none_22,writing_23,none_22,writing_23,transfer_13,serving_0,transfer_13,verification_25,verification_25,verification_25,delete_24,delete_24,delete_24,deleting_34,deleting_34,deleting_34]","[none_4,none_40,none_40,none_40,updated_3,updated_3,updated_3,none_31,none_32,none_31,none_32,none_31,none_32,exception_21,none_0,exception_21,successful_35,successful_35,successful_35,invalid_34,invalid_34,invalid_34,none_46,none_46,none_46]"
4408,"['7', '1', '1', '1', '2', '2', '2', '3', '4', '3', '4', '3', '4', '9', '9', '8', '10', '10', '10', '6', '6', '6', '5', '5', '5']","[NameSystem_2,block blk_6,block blk_6,block blk_6,NameSystem_2,NameSystem_2,NameSystem_2,blk_4,blk_4,blk_4,blk_4,blk_4,blk_4,blk_4,blk_4,/_0,blk_4,blk_4,blk_4,blk_4,blk_4,blk_4,block blk file_7,block blk file_7,block blk file_7]","[allocate_4,receiving_28,receiving_28,receiving_28,add_3,add_3,add_3,none_22,writing_23,none_22,writing_23,none_22,writing_23,transfer_13,transfer_13,serving_0,verification_25,verification_25,verification_25,delete_24,delete_24,delete_24,deleting_34,deleting_34,deleting_34]","[none_4,none_40,none_40,none_40,updated_3,updated_3,updated_3,none_31,none_32,none_31,none_32,none_31,none_32,exception_21,exception_21,none_0,successful_35,successful_35,successful_35,invalid_34,invalid_34,invalid_34,none_46,none_46,none_46]"
4415,"['7', '1', '1', '1', '2', '2', '3', '4', '3', '4', '2', '3', '4', '9', '8', '9', '10', '10', '10', '6', '6', '6', '5', '5', '5']","[NameSystem_2,block blk_6,block blk_6,block blk_6,NameSystem_2,NameSystem_2,blk_4,blk_4,blk_4,blk_4,NameSystem_2,blk_4,blk_4,blk_4,/_0,blk_4,blk_4,blk_4,blk_4,blk_4,blk_4,blk_4,block blk file_7,block blk file_7,block blk file_7]","[allocate_4,receiving_28,receiving_28,receiving_28,add_3,add_3,none_22,writing_23,none_22,writing_23,add_3,none_22,writing_23,transfer_13,serving_0,transfer_13,verification_25,verification_25,verification_25,delete_24,delete_24,delete_24,deleting_34,deleting_34,deleting_34]","[none_4,none_40,none_40,none_40,updated_3,updated_3,none_31,none_32,none_31,none_32,updated_3,none_31,none_32,exception_21,none_0,exception_21,successful_35,successful_35,successful_35,invalid_34,invalid_34,invalid_34,none_46,none_46,none_46]"
4420,"['7', '1', '1', '1', '2', '2', '2', '3', '4', '3', '4', '3', '4', '9', '9', '8', '10', '10', '10', '6', '6', '6', '5', '5', '5']","[NameSystem_2,block blk_6,block blk_6,block blk_6,NameSystem_2,NameSystem_2,NameSystem_2,blk_4,blk_4,blk_4,blk_4,blk_4,blk_4,blk_4,blk_4,/_0,blk_4,blk_4,blk_4,blk_4,blk_4,blk_4,block blk file_7,block blk file_7,block blk file_7]","[allocate_4,receiving_28,receiving_28,receiving_28,add_3,add_3,add_3,none_22,writing_23,none_22,writing_23,none_22,writing_23,transfer_13,transfer_13,serving_0,verification_25,verification_25,verification_25,delete_24,delete_24,delete_24,deleting_34,deleting_34,deleting_34]","[none_4,none_40,none_40,none_40,updated_3,updated_3,updated_3,none_31,none_32,none_31,none_32,none_31,none_32,exception_21,exception_21,none_0,successful_35,successful_35,successful_35,invalid_34,invalid_34,invalid_34,none_46,none_46,none_46]"
4432,"['7', '1', '1', '1', '2', '2', '2', '3', '4', '3', '3', '4', '4', '10', '9', '8', '9', '10', '10', '6', '6', '6', '5', '5', '5']","[NameSystem_2,block blk_6,block blk_6,block blk_6,NameSystem_2,NameSystem_2,NameSystem_2,blk_4,blk_4,blk_4,blk_4,blk_4,blk_4,blk_4,blk_4,/_0,blk_4,blk_4,blk_4,blk_4,blk_4,blk_4,block blk file_7,block blk file_7,block blk file_7]","[allocate_4,receiving_28,receiving_28,receiving_28,add_3,add_3,add_3,none_22,writing_23,none_22,none_22,writing_23,writing_23,verification_25,transfer_13,serving_0,transfer_13,verification_25,verification_25,delete_24,delete_24,delete_24,deleting_34,deleting_34,deleting_34]","[none_4,none_40,none_40,none_40,updated_3,updated_3,updated_3,none_31,none_32,none_31,none_31,none_32,none_32,successful_35,exception_21,none_0,exception_21,successful_35,successful_35,invalid_34,invalid_34,invalid_34,none_46,none_46,none_46]"
4463,"['7', '1', '1', '1', '2', '2', '2', '3', '4', '3', '4', '3', '4', '10', '9', '8', '9', '10', '10', '6', '6', '6', '5', '5', '5']","[NameSystem_2,block blk_6,block blk_6,block blk_6,NameSystem_2,NameSystem_2,NameSystem_2,blk_4,blk_4,blk_4,blk_4,blk_4,blk_4,blk_4,blk_4,/_0,blk_4,blk_4,blk_4,blk_4,blk_4,blk_4,block blk file_7,block blk file_7,block blk file_7]","[allocate_4,receiving_28,receiving_28,receiving_28,add_3,add_3,add_3,none_22,writing_23,none_22,writing_23,none_22,writing_23,verification_25,transfer_13,serving_0,transfer_13,verification_25,verification_25,delete_24,delete_24,delete_24,deleting_34,deleting_34,deleting_34]","[none_4,none_40,none_40,none_40,updated_3,updated_3,updated_3,none_31,none_32,none_31,none_32,none_31,none_32,successful_35,exception_21,none_0,exception_21,successful_35,successful_35,invalid_34,invalid_34,invalid_34,none_46,none_46,none_46]"
4473,"['7', '1', '1', '1', '2', '2', '2', '3', '4', '3', '4', '3', '4', '10', '9', '8', '9', '10', '10', '6', '6', '6', '5', '15', '5', '5']","[NameSystem_2,block blk_6,block blk_6,block blk_6,NameSystem_2,NameSystem_2,NameSystem_2,blk_4,blk_4,blk_4,blk_4,blk_4,blk_4,blk_4,blk_4,/_0,blk_4,blk_4,blk_4,blk_4,blk_4,blk_4,block blk file_7,block blk_6,block blk file_7,block blk file_7]","[allocate_4,receiving_28,receiving_28,receiving_28,add_3,add_3,add_3,none_22,writing_23,none_22,writing_23,none_22,writing_23,verification_25,transfer_13,serving_0,transfer_13,verification_25,verification_25,delete_24,delete_24,delete_24,deleting_34,deleting_30,deleting_34,deleting_34]","[none_4,none_40,none_40,none_40,updated_3,updated_3,updated_3,none_31,none_32,none_31,none_32,none_31,none_32,successful_35,exception_21,none_0,exception_21,successful_35,successful_35,invalid_34,invalid_34,invalid_34,none_46,error_42,none_46,none_46]"
4480,"['7', '1', '1', '1', '2', '2', '3', '4', '3', '4', '2', '3', '4', '9', '8', '9', '10', '10', '10', '6', '6', '6', '5', '5', '5']","[NameSystem_2,block blk_6,block blk_6,block blk_6,NameSystem_2,NameSystem_2,blk_4,blk_4,blk_4,blk_4,NameSystem_2,blk_4,blk_4,blk_4,/_0,blk_4,blk_4,blk_4,blk_4,blk_4,blk_4,blk_4,block blk file_7,block blk file_7,block blk file_7]","[allocate_4,receiving_28,receiving_28,receiving_28,add_3,add_3,none_22,writing_23,none_22,writing_23,add_3,none_22,writing_23,transfer_13,serving_0,transfer_13,verification_25,verification_25,verification_25,delete_24,delete_24,delete_24,deleting_34,deleting_34,deleting_34]","[none_4,none_40,none_40,none_40,updated_3,updated_3,none_31,none_32,none_31,none_32,updated_3,none_31,none_32,exception_21,none_0,exception_21,successful_35,successful_35,successful_35,invalid_34,invalid_34,invalid_34,none_46,none_46,none_46]"
4486,"['7', '1', '1', '1', '2', '2', '2', '3', '4', '3', '3', '4', '4', '9', '9', '8', '10', '10', '10', '6', '6', '6', '5', '5', '5']","[NameSystem_2,block blk_6,block blk_6,block blk_6,NameSystem_2,NameSystem_2,NameSystem_2,blk_4,blk_4,blk_4,blk_4,blk_4,blk_4,blk_4,blk_4,/_0,blk_4,blk_4,blk_4,blk_4,blk_4,blk_4,block blk file_7,block blk file_7,block blk file_7]","[allocate_4,receiving_28,receiving_28,receiving_28,add_3,add_3,add_3,none_22,writing_23,none_22,none_22,writing_23,writing_23,transfer_13,transfer_13,serving_0,verification_25,verification_25,verification_25,delete_24,delete_24,delete_24,deleting_34,deleting_34,deleting_34]","[none_4,none_40,none_40,none_40,updated_3,updated_3,updated_3,none_31,none_32,none_31,none_31,none_32,none_32,exception_21,exception_21,none_0,successful_35,successful_35,successful_35,invalid_34,invalid_34,invalid_34,none_46,none_46,none_46]"
4492,"['7', '1', '1', '1', '2', '2', '3', '4', '3', '4', '2', '3', '4', '9', '8', '9', '10', '10', '10', '6', '6', '6', '5', '5', '5']","[NameSystem_2,block blk_6,block blk_6,block blk_6,NameSystem_2,NameSystem_2,blk_4,blk_4,blk_4,blk_4,NameSystem_2,blk_4,blk_4,blk_4,/_0,blk_4,blk_4,blk_4,blk_4,blk_4,blk_4,blk_4,block blk file_7,block blk file_7,block blk file_7]","[allocate_4,receiving_28,receiving_28,receiving_28,add_3,add_3,none_22,writing_23,none_22,writing_23,add_3,none_22,writing_23,transfer_13,serving_0,transfer_13,verification_25,verification_25,verification_25,delete_24,delete_24,delete_24,deleting_34,deleting_34,deleting_34]","[none_4,none_40,none_40,none_40,updated_3,updated_3,none_31,none_32,none_31,none_32,updated_3,none_31,none_32,exception_21,none_0,exception_21,successful_35,successful_35,successful_35,invalid_34,invalid_34,invalid_34,none_46,none_46,none_46]"
4496,"['7', '1', '1', '1', '2', '2', '2', '3', '4', '3', '4', '3', '4', '9', '8', '9', '10', '10', '10', '6', '6', '6', '5', '5', '5']","[NameSystem_2,block blk_6,block blk_6,block blk_6,NameSystem_2,NameSystem_2,NameSystem_2,blk_4,blk_4,blk_4,blk_4,blk_4,blk_4,blk_4,/_0,blk_4,blk_4,blk_4,blk_4,blk_4,blk_4,blk_4,block blk file_7,block blk file_7,block blk file_7]","[allocate_4,receiving_28,receiving_28,receiving_28,add_3,add_3,add_3,none_22,writing_23,none_22,writing_23,none_22,writing_23,transfer_13,serving_0,transfer_13,verification_25,verification_25,verification_25,delete_24,delete_24,delete_24,deleting_34,deleting_34,deleting_34]","[none_4,none_40,none_40,none_40,updated_3,updated_3,updated_3,none_31,none_32,none_31,none_32,none_31,none_32,exception_21,none_0,exception_21,successful_35,successful_35,successful_35,invalid_34,invalid_34,invalid_34,none_46,none_46,none_46]"
4500,"['7', '1', '1', '1', '2', '3', '4', '2', '2', '3', '4', '3', '4', '9', '8', '9', '10', '10', '10', '6', '6', '6', '5', '5', '5']","[NameSystem_2,block blk_6,block blk_6,block blk_6,NameSystem_2,blk_4,blk_4,NameSystem_2,NameSystem_2,blk_4,blk_4,blk_4,blk_4,blk_4,/_0,blk_4,blk_4,blk_4,blk_4,blk_4,blk_4,blk_4,block blk file_7,block blk file_7,block blk file_7]","[allocate_4,receiving_28,receiving_28,receiving_28,add_3,none_22,writing_23,add_3,add_3,none_22,writing_23,none_22,writing_23,transfer_13,serving_0,transfer_13,verification_25,verification_25,verification_25,delete_24,delete_24,delete_24,deleting_34,deleting_34,deleting_34]","[none_4,none_40,none_40,none_40,updated_3,none_31,none_32,updated_3,updated_3,none_31,none_32,none_31,none_32,exception_21,none_0,exception_21,successful_35,successful_35,successful_35,invalid_34,invalid_34,invalid_34,none_46,none_46,none_46]"
4522,"['7', '1', '1', '1', '2', '2', '2', '3', '4', '3', '4', '3', '4', '9', '8', '9', '10', '10', '10', '6', '6', '6', '5', '5', '5']","[NameSystem_2,block blk_6,block blk_6,block blk_6,NameSystem_2,NameSystem_2,NameSystem_2,blk_4,blk_4,blk_4,blk_4,blk_4,blk_4,blk_4,/_0,blk_4,blk_4,blk_4,blk_4,blk_4,blk_4,blk_4,block blk file_7,block blk file_7,block blk file_7]","[allocate_4,receiving_28,receiving_28,receiving_28,add_3,add_3,add_3,none_22,writing_23,none_22,writing_23,none_22,writing_23,transfer_13,serving_0,transfer_13,verification_25,verification_25,verification_25,delete_24,delete_24,delete_24,deleting_34,deleting_34,deleting_34]","[none_4,none_40,none_40,none_40,updated_3,updated_3,updated_3,none_31,none_32,none_31,none_32,none_31,none_32,exception_21,none_0,exception_21,successful_35,successful_35,successful_35,invalid_34,invalid_34,invalid_34,none_46,none_46,none_46]"
4524,"['7', '1', '1', '1', '2', '2', '3', '4', '2', '3', '4', '3', '4', '9', '8', '9', '10', '10', '10', '6', '6', '6', '5', '5', '5']","[NameSystem_2,block blk_6,block blk_6,block blk_6,NameSystem_2,NameSystem_2,blk_4,blk_4,NameSystem_2,blk_4,blk_4,blk_4,blk_4,blk_4,/_0,blk_4,blk_4,blk_4,blk_4,blk_4,blk_4,blk_4,block blk file_7,block blk file_7,block blk file_7]","[allocate_4,receiving_28,receiving_28,receiving_28,add_3,add_3,none_22,writing_23,add_3,none_22,writing_23,none_22,writing_23,transfer_13,serving_0,transfer_13,verification_25,verification_25,verification_25,delete_24,delete_24,delete_24,deleting_34,deleting_34,deleting_34]","[none_4,none_40,none_40,none_40,updated_3,updated_3,none_31,none_32,updated_3,none_31,none_32,none_31,none_32,exception_21,none_0,exception_21,successful_35,successful_35,successful_35,invalid_34,invalid_34,invalid_34,none_46,none_46,none_46]"
4546,"['7', '1']","[NameSystem_2,block blk_6]","[allocate_4,receiving_28]","[none_4,none_40]"
4559,"['7', '1', '1', '1', '2', '4', '2', '2', '3', '3', '4', '3', '4', '9', '8', '9', '10', '10', '10', '6', '6', '6', '5', '5', '5']","[NameSystem_2,block blk_6,block blk_6,block blk_6,NameSystem_2,blk_4,NameSystem_2,NameSystem_2,blk_4,blk_4,blk_4,blk_4,blk_4,blk_4,/_0,blk_4,blk_4,blk_4,blk_4,blk_4,blk_4,blk_4,block blk file_7,block blk file_7,block blk file_7]","[allocate_4,receiving_28,receiving_28,receiving_28,add_3,writing_23,add_3,add_3,none_22,none_22,writing_23,none_22,writing_23,transfer_13,serving_0,transfer_13,verification_25,verification_25,verification_25,delete_24,delete_24,delete_24,deleting_34,deleting_34,deleting_34]","[none_4,none_40,none_40,none_40,updated_3,none_32,updated_3,updated_3,none_31,none_31,none_32,none_31,none_32,exception_21,none_0,exception_21,successful_35,successful_35,successful_35,invalid_34,invalid_34,invalid_34,none_46,none_46,none_46]"
4569,"['7', '1', '1', '1', '2', '2', '2', '3', '4', '3', '4', '3', '4', '10', '9', '9', '8', '10', '10', '6', '6', '6', '5', '5', '5']","[NameSystem_2,block blk_6,block blk_6,block blk_6,NameSystem_2,NameSystem_2,NameSystem_2,blk_4,blk_4,blk_4,blk_4,blk_4,blk_4,blk_4,blk_4,blk_4,/_0,blk_4,blk_4,blk_4,blk_4,blk_4,block blk file_7,block blk file_7,block blk file_7]","[allocate_4,receiving_28,receiving_28,receiving_28,add_3,add_3,add_3,none_22,writing_23,none_22,writing_23,none_22,writing_23,verification_25,transfer_13,transfer_13,serving_0,verification_25,verification_25,delete_24,delete_24,delete_24,deleting_34,deleting_34,deleting_34]","[none_4,none_40,none_40,none_40,updated_3,updated_3,updated_3,none_31,none_32,none_31,none_32,none_31,none_32,successful_35,exception_21,exception_21,none_0,successful_35,successful_35,invalid_34,invalid_34,invalid_34,none_46,none_46,none_46]"
4589,"['7', '1', '1', '1', '2', '2', '2', '3', '4', '3', '3', '4', '4', '9', '9', '8', '10', '10', '10', '6', '6', '6', '5', '5', '5']","[NameSystem_2,block blk_6,block blk_6,block blk_6,NameSystem_2,NameSystem_2,NameSystem_2,blk_4,blk_4,blk_4,blk_4,blk_4,blk_4,blk_4,blk_4,/_0,blk_4,blk_4,blk_4,blk_4,blk_4,blk_4,block blk file_7,block blk file_7,block blk file_7]","[allocate_4,receiving_28,receiving_28,receiving_28,add_3,add_3,add_3,none_22,writing_23,none_22,none_22,writing_23,writing_23,transfer_13,transfer_13,serving_0,verification_25,verification_25,verification_25,delete_24,delete_24,delete_24,deleting_34,deleting_34,deleting_34]","[none_4,none_40,none_40,none_40,updated_3,updated_3,updated_3,none_31,none_32,none_31,none_31,none_32,none_32,exception_21,exception_21,none_0,successful_35,successful_35,successful_35,invalid_34,invalid_34,invalid_34,none_46,none_46,none_46]"
4591,"['7', '1', '1', '1', '2', '2', '2', '3', '4', '3', '4', '3', '4', '9', '9', '8', '10', '10', '10', '6', '6', '6', '5', '5', '5']","[NameSystem_2,block blk_6,block blk_6,block blk_6,NameSystem_2,NameSystem_2,NameSystem_2,blk_4,blk_4,blk_4,blk_4,blk_4,blk_4,blk_4,blk_4,/_0,blk_4,blk_4,blk_4,blk_4,blk_4,blk_4,block blk file_7,block blk file_7,block blk file_7]","[allocate_4,receiving_28,receiving_28,receiving_28,add_3,add_3,add_3,none_22,writing_23,none_22,writing_23,none_22,writing_23,transfer_13,transfer_13,serving_0,verification_25,verification_25,verification_25,delete_24,delete_24,delete_24,deleting_34,deleting_34,deleting_34]","[none_4,none_40,none_40,none_40,updated_3,updated_3,updated_3,none_31,none_32,none_31,none_32,none_31,none_32,exception_21,exception_21,none_0,successful_35,successful_35,successful_35,invalid_34,invalid_34,invalid_34,none_46,none_46,none_46]"
4599,"['7', '1', '1', '1', '2', '2', '2', '3', '3', '4', '4', '3', '4', '9', '8', '9', '10', '10', '10', '6', '6', '6', '5', '5', '5']","[NameSystem_2,block blk_6,block blk_6,block blk_6,NameSystem_2,NameSystem_2,NameSystem_2,blk_4,blk_4,blk_4,blk_4,blk_4,blk_4,blk_4,/_0,blk_4,blk_4,blk_4,blk_4,blk_4,blk_4,blk_4,block blk file_7,block blk file_7,block blk file_7]","[allocate_4,receiving_28,receiving_28,receiving_28,add_3,add_3,add_3,none_22,none_22,writing_23,writing_23,none_22,writing_23,transfer_13,serving_0,transfer_13,verification_25,verification_25,verification_25,delete_24,delete_24,delete_24,deleting_34,deleting_34,deleting_34]","[none_4,none_40,none_40,none_40,updated_3,updated_3,updated_3,none_31,none_31,none_32,none_32,none_31,none_32,exception_21,none_0,exception_21,successful_35,successful_35,successful_35,invalid_34,invalid_34,invalid_34,none_46,none_46,none_46]"
4603,"['7', '1', '1', '1', '2', '2', '2', '3', '4', '3', '4', '3', '4', '9', '8', '9', '10', '10', '10', '6', '6', '6', '5', '5', '5']","[NameSystem_2,block blk_6,block blk_6,block blk_6,NameSystem_2,NameSystem_2,NameSystem_2,blk_4,blk_4,blk_4,blk_4,blk_4,blk_4,blk_4,/_0,blk_4,blk_4,blk_4,blk_4,blk_4,blk_4,blk_4,block blk file_7,block blk file_7,block blk file_7]","[allocate_4,receiving_28,receiving_28,receiving_28,add_3,add_3,add_3,none_22,writing_23,none_22,writing_23,none_22,writing_23,transfer_13,serving_0,transfer_13,verification_25,verification_25,verification_25,delete_24,delete_24,delete_24,deleting_34,deleting_34,deleting_34]","[none_4,none_40,none_40,none_40,updated_3,updated_3,updated_3,none_31,none_32,none_31,none_32,none_31,none_32,exception_21,none_0,exception_21,successful_35,successful_35,successful_35,invalid_34,invalid_34,invalid_34,none_46,none_46,none_46]"
4604,"['7', '1', '1', '1', '2', '2', '2', '3', '4', '3', '4', '3', '4', '9', '9', '8', '10', '10', '10', '6', '6', '6', '5', '5', '5']","[NameSystem_2,block blk_6,block blk_6,block blk_6,NameSystem_2,NameSystem_2,NameSystem_2,blk_4,blk_4,blk_4,blk_4,blk_4,blk_4,blk_4,blk_4,/_0,blk_4,blk_4,blk_4,blk_4,blk_4,blk_4,block blk file_7,block blk file_7,block blk file_7]","[allocate_4,receiving_28,receiving_28,receiving_28,add_3,add_3,add_3,none_22,writing_23,none_22,writing_23,none_22,writing_23,transfer_13,transfer_13,serving_0,verification_25,verification_25,verification_25,delete_24,delete_24,delete_24,deleting_34,deleting_34,deleting_34]","[none_4,none_40,none_40,none_40,updated_3,updated_3,updated_3,none_31,none_32,none_31,none_32,none_31,none_32,exception_21,exception_21,none_0,successful_35,successful_35,successful_35,invalid_34,invalid_34,invalid_34,none_46,none_46,none_46]"
4633,"['7', '1', '1', '1', '2', '2', '3', '4', '3', '4', '3', '4', '2', '9', '9', '8', '10', '10', '10', '6', '6', '6', '5', '5', '5']","[NameSystem_2,block blk_6,block blk_6,block blk_6,NameSystem_2,NameSystem_2,blk_4,blk_4,blk_4,blk_4,blk_4,blk_4,NameSystem_2,blk_4,blk_4,/_0,blk_4,blk_4,blk_4,blk_4,blk_4,blk_4,block blk file_7,block blk file_7,block blk file_7]","[allocate_4,receiving_28,receiving_28,receiving_28,add_3,add_3,none_22,writing_23,none_22,writing_23,none_22,writing_23,add_3,transfer_13,transfer_13,serving_0,verification_25,verification_25,verification_25,delete_24,delete_24,delete_24,deleting_34,deleting_34,deleting_34]","[none_4,none_40,none_40,none_40,updated_3,updated_3,none_31,none_32,none_31,none_32,none_31,none_32,updated_3,exception_21,exception_21,none_0,successful_35,successful_35,successful_35,invalid_34,invalid_34,invalid_34,none_46,none_46,none_46]"
4637,"['7', '1', '1', '1', '2', '2', '3', '4', '3', '4', '3', '4', '2', '10', '9', '9', '8', '10', '10', '6', '6', '6', '5', '5', '5']","[NameSystem_2,block blk_6,block blk_6,block blk_6,NameSystem_2,NameSystem_2,blk_4,blk_4,blk_4,blk_4,blk_4,blk_4,NameSystem_2,blk_4,blk_4,blk_4,/_0,blk_4,blk_4,blk_4,blk_4,blk_4,block blk file_7,block blk file_7,block blk file_7]","[allocate_4,receiving_28,receiving_28,receiving_28,add_3,add_3,none_22,writing_23,none_22,writing_23,none_22,writing_23,add_3,verification_25,transfer_13,transfer_13,serving_0,verification_25,verification_25,delete_24,delete_24,delete_24,deleting_34,deleting_34,deleting_34]","[none_4,none_40,none_40,none_40,updated_3,updated_3,none_31,none_32,none_31,none_32,none_31,none_32,updated_3,successful_35,exception_21,exception_21,none_0,successful_35,successful_35,invalid_34,invalid_34,invalid_34,none_46,none_46,none_46]"
4639,"['7', '1', '1', '1', '2', '2', '2', '3', '4', '3', '4', '3', '4', '9', '8', '9', '10', '10', '10', '6', '6', '6', '5', '5', '5']","[NameSystem_2,block blk_6,block blk_6,block blk_6,NameSystem_2,NameSystem_2,NameSystem_2,blk_4,blk_4,blk_4,blk_4,blk_4,blk_4,blk_4,/_0,blk_4,blk_4,blk_4,blk_4,blk_4,blk_4,blk_4,block blk file_7,block blk file_7,block blk file_7]","[allocate_4,receiving_28,receiving_28,receiving_28,add_3,add_3,add_3,none_22,writing_23,none_22,writing_23,none_22,writing_23,transfer_13,serving_0,transfer_13,verification_25,verification_25,verification_25,delete_24,delete_24,delete_24,deleting_34,deleting_34,deleting_34]","[none_4,none_40,none_40,none_40,updated_3,updated_3,updated_3,none_31,none_32,none_31,none_32,none_31,none_32,exception_21,none_0,exception_21,successful_35,successful_35,successful_35,invalid_34,invalid_34,invalid_34,none_46,none_46,none_46]"
4642,"['7', '1', '1', '1', '2', '2', '3', '4', '3', '4', '3', '4', '2', '9', '8', '9', '10', '10', '10', '6', '6', '6', '5', '5', '5']","[NameSystem_2,block blk_6,block blk_6,block blk_6,NameSystem_2,NameSystem_2,blk_4,blk_4,blk_4,blk_4,blk_4,blk_4,NameSystem_2,blk_4,/_0,blk_4,blk_4,blk_4,blk_4,blk_4,blk_4,blk_4,block blk file_7,block blk file_7,block blk file_7]","[allocate_4,receiving_28,receiving_28,receiving_28,add_3,add_3,none_22,writing_23,none_22,writing_23,none_22,writing_23,add_3,transfer_13,serving_0,transfer_13,verification_25,verification_25,verification_25,delete_24,delete_24,delete_24,deleting_34,deleting_34,deleting_34]","[none_4,none_40,none_40,none_40,updated_3,updated_3,none_31,none_32,none_31,none_32,none_31,none_32,updated_3,exception_21,none_0,exception_21,successful_35,successful_35,successful_35,invalid_34,invalid_34,invalid_34,none_46,none_46,none_46]"
4644,"['7', '1', '1', '1', '2', '2', '3', '4', '3', '4', '3', '4', '2', '9', '9', '8', '10', '10', '10', '6', '6', '6', '5', '5', '5']","[NameSystem_2,block blk_6,block blk_6,block blk_6,NameSystem_2,NameSystem_2,blk_4,blk_4,blk_4,blk_4,blk_4,blk_4,NameSystem_2,blk_4,blk_4,/_0,blk_4,blk_4,blk_4,blk_4,blk_4,blk_4,block blk file_7,block blk file_7,block blk file_7]","[allocate_4,receiving_28,receiving_28,receiving_28,add_3,add_3,none_22,writing_23,none_22,writing_23,none_22,writing_23,add_3,transfer_13,transfer_13,serving_0,verification_25,verification_25,verification_25,delete_24,delete_24,delete_24,deleting_34,deleting_34,deleting_34]","[none_4,none_40,none_40,none_40,updated_3,updated_3,none_31,none_32,none_31,none_32,none_31,none_32,updated_3,exception_21,exception_21,none_0,successful_35,successful_35,successful_35,invalid_34,invalid_34,invalid_34,none_46,none_46,none_46]"
4658,"['7', '1', '1', '1', '2', '2', '2', '3', '4', '3', '4', '3', '4', '9', '9', '8', '10', '10', '10', '6', '6', '6', '5', '5', '5']","[NameSystem_2,block blk_6,block blk_6,block blk_6,NameSystem_2,NameSystem_2,NameSystem_2,blk_4,blk_4,blk_4,blk_4,blk_4,blk_4,blk_4,blk_4,/_0,blk_4,blk_4,blk_4,blk_4,blk_4,blk_4,block blk file_7,block blk file_7,block blk file_7]","[allocate_4,receiving_28,receiving_28,receiving_28,add_3,add_3,add_3,none_22,writing_23,none_22,writing_23,none_22,writing_23,transfer_13,transfer_13,serving_0,verification_25,verification_25,verification_25,delete_24,delete_24,delete_24,deleting_34,deleting_34,deleting_34]","[none_4,none_40,none_40,none_40,updated_3,updated_3,updated_3,none_31,none_32,none_31,none_32,none_31,none_32,exception_21,exception_21,none_0,successful_35,successful_35,successful_35,invalid_34,invalid_34,invalid_34,none_46,none_46,none_46]"
4662,"['7', '1', '1', '1', '2', '2', '3', '4', '3', '4', '3', '4', '2', '9', '8', '9', '10', '10', '10', '6', '6', '6', '5', '5', '5']","[NameSystem_2,block blk_6,block blk_6,block blk_6,NameSystem_2,NameSystem_2,blk_4,blk_4,blk_4,blk_4,blk_4,blk_4,NameSystem_2,blk_4,/_0,blk_4,blk_4,blk_4,blk_4,blk_4,blk_4,blk_4,block blk file_7,block blk file_7,block blk file_7]","[allocate_4,receiving_28,receiving_28,receiving_28,add_3,add_3,none_22,writing_23,none_22,writing_23,none_22,writing_23,add_3,transfer_13,serving_0,transfer_13,verification_25,verification_25,verification_25,delete_24,delete_24,delete_24,deleting_34,deleting_34,deleting_34]","[none_4,none_40,none_40,none_40,updated_3,updated_3,none_31,none_32,none_31,none_32,none_31,none_32,updated_3,exception_21,none_0,exception_21,successful_35,successful_35,successful_35,invalid_34,invalid_34,invalid_34,none_46,none_46,none_46]"
4671,"['7', '1', '1', '1', '2', '2', '3', '4', '3', '4', '2', '3', '4', '9', '8', '9', '10', '10', '10', '6', '6', '6', '5', '5', '5']","[NameSystem_2,block blk_6,block blk_6,block blk_6,NameSystem_2,NameSystem_2,blk_4,blk_4,blk_4,blk_4,NameSystem_2,blk_4,blk_4,blk_4,/_0,blk_4,blk_4,blk_4,blk_4,blk_4,blk_4,blk_4,block blk file_7,block blk file_7,block blk file_7]","[allocate_4,receiving_28,receiving_28,receiving_28,add_3,add_3,none_22,writing_23,none_22,writing_23,add_3,none_22,writing_23,transfer_13,serving_0,transfer_13,verification_25,verification_25,verification_25,delete_24,delete_24,delete_24,deleting_34,deleting_34,deleting_34]","[none_4,none_40,none_40,none_40,updated_3,updated_3,none_31,none_32,none_31,none_32,updated_3,none_31,none_32,exception_21,none_0,exception_21,successful_35,successful_35,successful_35,invalid_34,invalid_34,invalid_34,none_46,none_46,none_46]"
4676,"['7', '1', '1', '1', '2', '2', '3', '4', '3', '4', '3', '4', '2', '9', '8', '9', '10', '10', '10', '6', '6', '6', '5', '5', '5']","[NameSystem_2,block blk_6,block blk_6,block blk_6,NameSystem_2,NameSystem_2,blk_4,blk_4,blk_4,blk_4,blk_4,blk_4,NameSystem_2,blk_4,/_0,blk_4,blk_4,blk_4,blk_4,blk_4,blk_4,blk_4,block blk file_7,block blk file_7,block blk file_7]","[allocate_4,receiving_28,receiving_28,receiving_28,add_3,add_3,none_22,writing_23,none_22,writing_23,none_22,writing_23,add_3,transfer_13,serving_0,transfer_13,verification_25,verification_25,verification_25,delete_24,delete_24,delete_24,deleting_34,deleting_34,deleting_34]","[none_4,none_40,none_40,none_40,updated_3,updated_3,none_31,none_32,none_31,none_32,none_31,none_32,updated_3,exception_21,none_0,exception_21,successful_35,successful_35,successful_35,invalid_34,invalid_34,invalid_34,none_46,none_46,none_46]"
4698,"['7', '1', '1', '1', '2', '2', '2', '3', '4', '3', '4', '3', '4', '9', '8', '9', '10', '10', '10', '6', '6', '6', '5', '5', '5']","[NameSystem_2,block blk_6,block blk_6,block blk_6,NameSystem_2,NameSystem_2,NameSystem_2,blk_4,blk_4,blk_4,blk_4,blk_4,blk_4,blk_4,/_0,blk_4,blk_4,blk_4,blk_4,blk_4,blk_4,blk_4,block blk file_7,block blk file_7,block blk file_7]","[allocate_4,receiving_28,receiving_28,receiving_28,add_3,add_3,add_3,none_22,writing_23,none_22,writing_23,none_22,writing_23,transfer_13,serving_0,transfer_13,verification_25,verification_25,verification_25,delete_24,delete_24,delete_24,deleting_34,deleting_34,deleting_34]","[none_4,none_40,none_40,none_40,updated_3,updated_3,updated_3,none_31,none_32,none_31,none_32,none_31,none_32,exception_21,none_0,exception_21,successful_35,successful_35,successful_35,invalid_34,invalid_34,invalid_34,none_46,none_46,none_46]"
4706,"['7', '1', '1', '1', '2', '2', '3', '4', '3', '4', '2', '3', '4', '9', '8', '9', '10', '10', '10', '6', '6', '6', '5', '5', '5']","[NameSystem_2,block blk_6,block blk_6,block blk_6,NameSystem_2,NameSystem_2,blk_4,blk_4,blk_4,blk_4,NameSystem_2,blk_4,blk_4,blk_4,/_0,blk_4,blk_4,blk_4,blk_4,blk_4,blk_4,blk_4,block blk file_7,block blk file_7,block blk file_7]","[allocate_4,receiving_28,receiving_28,receiving_28,add_3,add_3,none_22,writing_23,none_22,writing_23,add_3,none_22,writing_23,transfer_13,serving_0,transfer_13,verification_25,verification_25,verification_25,delete_24,delete_24,delete_24,deleting_34,deleting_34,deleting_34]","[none_4,none_40,none_40,none_40,updated_3,updated_3,none_31,none_32,none_31,none_32,updated_3,none_31,none_32,exception_21,none_0,exception_21,successful_35,successful_35,successful_35,invalid_34,invalid_34,invalid_34,none_46,none_46,none_46]"
4725,"['7', '1', '1', '1', '2', '2', '3', '4', '3', '4', '2', '3', '4', '9', '8', '9', '10', '10', '10', '6', '6', '6', '5', '5', '5']","[NameSystem_2,block blk_6,block blk_6,block blk_6,NameSystem_2,NameSystem_2,blk_4,blk_4,blk_4,blk_4,NameSystem_2,blk_4,blk_4,blk_4,/_0,blk_4,blk_4,blk_4,blk_4,blk_4,blk_4,blk_4,block blk file_7,block blk file_7,block blk file_7]","[allocate_4,receiving_28,receiving_28,receiving_28,add_3,add_3,none_22,writing_23,none_22,writing_23,add_3,none_22,writing_23,transfer_13,serving_0,transfer_13,verification_25,verification_25,verification_25,delete_24,delete_24,delete_24,deleting_34,deleting_34,deleting_34]","[none_4,none_40,none_40,none_40,updated_3,updated_3,none_31,none_32,none_31,none_32,updated_3,none_31,none_32,exception_21,none_0,exception_21,successful_35,successful_35,successful_35,invalid_34,invalid_34,invalid_34,none_46,none_46,none_46]"
4739,"['7', '1', '1', '1', '2', '2', '2', '3', '4', '3', '4', '3', '4', '9', '8', '9', '10', '10', '10', '6', '6', '6', '5', '5', '5']","[NameSystem_2,block blk_6,block blk_6,block blk_6,NameSystem_2,NameSystem_2,NameSystem_2,blk_4,blk_4,blk_4,blk_4,blk_4,blk_4,blk_4,/_0,blk_4,blk_4,blk_4,blk_4,blk_4,blk_4,blk_4,block blk file_7,block blk file_7,block blk file_7]","[allocate_4,receiving_28,receiving_28,receiving_28,add_3,add_3,add_3,none_22,writing_23,none_22,writing_23,none_22,writing_23,transfer_13,serving_0,transfer_13,verification_25,verification_25,verification_25,delete_24,delete_24,delete_24,deleting_34,deleting_34,deleting_34]","[none_4,none_40,none_40,none_40,updated_3,updated_3,updated_3,none_31,none_32,none_31,none_32,none_31,none_32,exception_21,none_0,exception_21,successful_35,successful_35,successful_35,invalid_34,invalid_34,invalid_34,none_46,none_46,none_46]"
4756,"['7', '1', '1', '1', '2', '2', '2', '3', '4', '3', '4', '3', '4', '9', '8', '9', '10', '10', '10', '6', '6', '6', '5', '5', '5']","[NameSystem_2,block blk_6,block blk_6,block blk_6,NameSystem_2,NameSystem_2,NameSystem_2,blk_4,blk_4,blk_4,blk_4,blk_4,blk_4,blk_4,/_0,blk_4,blk_4,blk_4,blk_4,blk_4,blk_4,blk_4,block blk file_7,block blk file_7,block blk file_7]","[allocate_4,receiving_28,receiving_28,receiving_28,add_3,add_3,add_3,none_22,writing_23,none_22,writing_23,none_22,writing_23,transfer_13,serving_0,transfer_13,verification_25,verification_25,verification_25,delete_24,delete_24,delete_24,deleting_34,deleting_34,deleting_34]","[none_4,none_40,none_40,none_40,updated_3,updated_3,updated_3,none_31,none_32,none_31,none_32,none_31,none_32,exception_21,none_0,exception_21,successful_35,successful_35,successful_35,invalid_34,invalid_34,invalid_34,none_46,none_46,none_46]"
4800,"['7', '1', '1', '1', '2', '2', '3', '4', '3', '4', '3', '4', '2', '9', '8', '9', '10', '10', '10', '6', '6', '6', '5', '5', '5']","[NameSystem_2,block blk_6,block blk_6,block blk_6,NameSystem_2,NameSystem_2,blk_4,blk_4,blk_4,blk_4,blk_4,blk_4,NameSystem_2,blk_4,/_0,blk_4,blk_4,blk_4,blk_4,blk_4,blk_4,blk_4,block blk file_7,block blk file_7,block blk file_7]","[allocate_4,receiving_28,receiving_28,receiving_28,add_3,add_3,none_22,writing_23,none_22,writing_23,none_22,writing_23,add_3,transfer_13,serving_0,transfer_13,verification_25,verification_25,verification_25,delete_24,delete_24,delete_24,deleting_34,deleting_34,deleting_34]","[none_4,none_40,none_40,none_40,updated_3,updated_3,none_31,none_32,none_31,none_32,none_31,none_32,updated_3,exception_21,none_0,exception_21,successful_35,successful_35,successful_35,invalid_34,invalid_34,invalid_34,none_46,none_46,none_46]"
4820,"['7', '1', '1', '1', '2', '2', '2', '3', '4', '3', '4', '3', '4', '9', '8', '9', '10', '10', '10', '6', '6', '6', '5', '5', '5']","[NameSystem_2,block blk_6,block blk_6,block blk_6,NameSystem_2,NameSystem_2,NameSystem_2,blk_4,blk_4,blk_4,blk_4,blk_4,blk_4,blk_4,/_0,blk_4,blk_4,blk_4,blk_4,blk_4,blk_4,blk_4,block blk file_7,block blk file_7,block blk file_7]","[allocate_4,receiving_28,receiving_28,receiving_28,add_3,add_3,add_3,none_22,writing_23,none_22,writing_23,none_22,writing_23,transfer_13,serving_0,transfer_13,verification_25,verification_25,verification_25,delete_24,delete_24,delete_24,deleting_34,deleting_34,deleting_34]","[none_4,none_40,none_40,none_40,updated_3,updated_3,updated_3,none_31,none_32,none_31,none_32,none_31,none_32,exception_21,none_0,exception_21,successful_35,successful_35,successful_35,invalid_34,invalid_34,invalid_34,none_46,none_46,none_46]"
4821,"['7', '1', '1', '1', '2', '2', '3', '4', '3', '4', '2', '3', '4', '9', '9', '8', '10', '10', '10', '6', '6', '6', '5', '5', '5']","[NameSystem_2,block blk_6,block blk_6,block blk_6,NameSystem_2,NameSystem_2,blk_4,blk_4,blk_4,blk_4,NameSystem_2,blk_4,blk_4,blk_4,blk_4,/_0,blk_4,blk_4,blk_4,blk_4,blk_4,blk_4,block blk file_7,block blk file_7,block blk file_7]","[allocate_4,receiving_28,receiving_28,receiving_28,add_3,add_3,none_22,writing_23,none_22,writing_23,add_3,none_22,writing_23,transfer_13,transfer_13,serving_0,verification_25,verification_25,verification_25,delete_24,delete_24,delete_24,deleting_34,deleting_34,deleting_34]","[none_4,none_40,none_40,none_40,updated_3,updated_3,none_31,none_32,none_31,none_32,updated_3,none_31,none_32,exception_21,exception_21,none_0,successful_35,successful_35,successful_35,invalid_34,invalid_34,invalid_34,none_46,none_46,none_46]"
4842,"['7', '1', '1', '1', '2', '3', '4', '2', '2', '3', '4', '3', '4', '9', '8', '9', '10', '10', '10', '6', '6', '6', '5', '5', '5']","[NameSystem_2,block blk_6,block blk_6,block blk_6,NameSystem_2,blk_4,blk_4,NameSystem_2,NameSystem_2,blk_4,blk_4,blk_4,blk_4,blk_4,/_0,blk_4,blk_4,blk_4,blk_4,blk_4,blk_4,blk_4,block blk file_7,block blk file_7,block blk file_7]","[allocate_4,receiving_28,receiving_28,receiving_28,add_3,none_22,writing_23,add_3,add_3,none_22,writing_23,none_22,writing_23,transfer_13,serving_0,transfer_13,verification_25,verification_25,verification_25,delete_24,delete_24,delete_24,deleting_34,deleting_34,deleting_34]","[none_4,none_40,none_40,none_40,updated_3,none_31,none_32,updated_3,updated_3,none_31,none_32,none_31,none_32,exception_21,none_0,exception_21,successful_35,successful_35,successful_35,invalid_34,invalid_34,invalid_34,none_46,none_46,none_46]"
4849,"['7', '1', '1', '1', '2', '3', '4', '2', '2', '3', '4', '3', '4', '9', '8', '9', '10', '10', '10', '6', '6', '6', '5', '5', '5']","[NameSystem_2,block blk_6,block blk_6,block blk_6,NameSystem_2,blk_4,blk_4,NameSystem_2,NameSystem_2,blk_4,blk_4,blk_4,blk_4,blk_4,/_0,blk_4,blk_4,blk_4,blk_4,blk_4,blk_4,blk_4,block blk file_7,block blk file_7,block blk file_7]","[allocate_4,receiving_28,receiving_28,receiving_28,add_3,none_22,writing_23,add_3,add_3,none_22,writing_23,none_22,writing_23,transfer_13,serving_0,transfer_13,verification_25,verification_25,verification_25,delete_24,delete_24,delete_24,deleting_34,deleting_34,deleting_34]","[none_4,none_40,none_40,none_40,updated_3,none_31,none_32,updated_3,updated_3,none_31,none_32,none_31,none_32,exception_21,none_0,exception_21,successful_35,successful_35,successful_35,invalid_34,invalid_34,invalid_34,none_46,none_46,none_46]"
4853,"['7', '1', '1', '1', '3', '4', '2', '2', '2', '3', '4', '3', '4', '9', '8', '9', '10', '10', '10', '6', '6', '6', '5', '5', '5']","[NameSystem_2,block blk_6,block blk_6,block blk_6,blk_4,blk_4,NameSystem_2,NameSystem_2,NameSystem_2,blk_4,blk_4,blk_4,blk_4,blk_4,/_0,blk_4,blk_4,blk_4,blk_4,blk_4,blk_4,blk_4,block blk file_7,block blk file_7,block blk file_7]","[allocate_4,receiving_28,receiving_28,receiving_28,none_22,writing_23,add_3,add_3,add_3,none_22,writing_23,none_22,writing_23,transfer_13,serving_0,transfer_13,verification_25,verification_25,verification_25,delete_24,delete_24,delete_24,deleting_34,deleting_34,deleting_34]","[none_4,none_40,none_40,none_40,none_31,none_32,updated_3,updated_3,updated_3,none_31,none_32,none_31,none_32,exception_21,none_0,exception_21,successful_35,successful_35,successful_35,invalid_34,invalid_34,invalid_34,none_46,none_46,none_46]"
4859,"['7', '1', '1', '1', '2', '2', '3', '4', '3', '4', '2', '3', '4', '9', '9', '8', '10', '10', '10', '6', '6', '6', '5', '5', '5']","[NameSystem_2,block blk_6,block blk_6,block blk_6,NameSystem_2,NameSystem_2,blk_4,blk_4,blk_4,blk_4,NameSystem_2,blk_4,blk_4,blk_4,blk_4,/_0,blk_4,blk_4,blk_4,blk_4,blk_4,blk_4,block blk file_7,block blk file_7,block blk file_7]","[allocate_4,receiving_28,receiving_28,receiving_28,add_3,add_3,none_22,writing_23,none_22,writing_23,add_3,none_22,writing_23,transfer_13,transfer_13,serving_0,verification_25,verification_25,verification_25,delete_24,delete_24,delete_24,deleting_34,deleting_34,deleting_34]","[none_4,none_40,none_40,none_40,updated_3,updated_3,none_31,none_32,none_31,none_32,updated_3,none_31,none_32,exception_21,exception_21,none_0,successful_35,successful_35,successful_35,invalid_34,invalid_34,invalid_34,none_46,none_46,none_46]"
4866,"['7', '1', '1', '1', '2', '2', '2', '3', '4', '3', '4', '3', '4', '9', '8', '9', '10', '10', '10', '6', '6', '6', '5', '5', '5']","[NameSystem_2,block blk_6,block blk_6,block blk_6,NameSystem_2,NameSystem_2,NameSystem_2,blk_4,blk_4,blk_4,blk_4,blk_4,blk_4,blk_4,/_0,blk_4,blk_4,blk_4,blk_4,blk_4,blk_4,blk_4,block blk file_7,block blk file_7,block blk file_7]","[allocate_4,receiving_28,receiving_28,receiving_28,add_3,add_3,add_3,none_22,writing_23,none_22,writing_23,none_22,writing_23,transfer_13,serving_0,transfer_13,verification_25,verification_25,verification_25,delete_24,delete_24,delete_24,deleting_34,deleting_34,deleting_34]","[none_4,none_40,none_40,none_40,updated_3,updated_3,updated_3,none_31,none_32,none_31,none_32,none_31,none_32,exception_21,none_0,exception_21,successful_35,successful_35,successful_35,invalid_34,invalid_34,invalid_34,none_46,none_46,none_46]"
4878,"['7', '1', '1', '1', '2', '2', '3', '4', '3', '4', '2', '3', '4', '9', '8', '9', '10', '10', '10', '6', '6', '6', '5', '5', '5']","[NameSystem_2,block blk_6,block blk_6,block blk_6,NameSystem_2,NameSystem_2,blk_4,blk_4,blk_4,blk_4,NameSystem_2,blk_4,blk_4,blk_4,/_0,blk_4,blk_4,blk_4,blk_4,blk_4,blk_4,blk_4,block blk file_7,block blk file_7,block blk file_7]","[allocate_4,receiving_28,receiving_28,receiving_28,add_3,add_3,none_22,writing_23,none_22,writing_23,add_3,none_22,writing_23,transfer_13,serving_0,transfer_13,verification_25,verification_25,verification_25,delete_24,delete_24,delete_24,deleting_34,deleting_34,deleting_34]","[none_4,none_40,none_40,none_40,updated_3,updated_3,none_31,none_32,none_31,none_32,updated_3,none_31,none_32,exception_21,none_0,exception_21,successful_35,successful_35,successful_35,invalid_34,invalid_34,invalid_34,none_46,none_46,none_46]"
4887,"['7', '1', '1', '1', '2', '2', '3', '4', '3', '4', '2', '3', '4', '9', '9', '8', '10', '10', '10', '6', '6', '6', '5', '5', '5']","[NameSystem_2,block blk_6,block blk_6,block blk_6,NameSystem_2,NameSystem_2,blk_4,blk_4,blk_4,blk_4,NameSystem_2,blk_4,blk_4,blk_4,blk_4,/_0,blk_4,blk_4,blk_4,blk_4,blk_4,blk_4,block blk file_7,block blk file_7,block blk file_7]","[allocate_4,receiving_28,receiving_28,receiving_28,add_3,add_3,none_22,writing_23,none_22,writing_23,add_3,none_22,writing_23,transfer_13,transfer_13,serving_0,verification_25,verification_25,verification_25,delete_24,delete_24,delete_24,deleting_34,deleting_34,deleting_34]","[none_4,none_40,none_40,none_40,updated_3,updated_3,none_31,none_32,none_31,none_32,updated_3,none_31,none_32,exception_21,exception_21,none_0,successful_35,successful_35,successful_35,invalid_34,invalid_34,invalid_34,none_46,none_46,none_46]"
4889,"['7', '1', '1', '1', '2', '2', '2', '3', '4', '3', '4', '3', '4', '9', '9', '8', '10', '10', '10', '6', '6', '6', '5', '5', '5']","[NameSystem_2,block blk_6,block blk_6,block blk_6,NameSystem_2,NameSystem_2,NameSystem_2,blk_4,blk_4,blk_4,blk_4,blk_4,blk_4,blk_4,blk_4,/_0,blk_4,blk_4,blk_4,blk_4,blk_4,blk_4,block blk file_7,block blk file_7,block blk file_7]","[allocate_4,receiving_28,receiving_28,receiving_28,add_3,add_3,add_3,none_22,writing_23,none_22,writing_23,none_22,writing_23,transfer_13,transfer_13,serving_0,verification_25,verification_25,verification_25,delete_24,delete_24,delete_24,deleting_34,deleting_34,deleting_34]","[none_4,none_40,none_40,none_40,updated_3,updated_3,updated_3,none_31,none_32,none_31,none_32,none_31,none_32,exception_21,exception_21,none_0,successful_35,successful_35,successful_35,invalid_34,invalid_34,invalid_34,none_46,none_46,none_46]"
4890,"['7', '1', '1', '1', '2', '2', '2', '3', '4', '3', '4', '3', '4', '10', '10', '9', '8', '9', '10', '6', '6', '6', '5', '5', '5']","[NameSystem_2,block blk_6,block blk_6,block blk_6,NameSystem_2,NameSystem_2,NameSystem_2,blk_4,blk_4,blk_4,blk_4,blk_4,blk_4,blk_4,blk_4,blk_4,/_0,blk_4,blk_4,blk_4,blk_4,blk_4,block blk file_7,block blk file_7,block blk file_7]","[allocate_4,receiving_28,receiving_28,receiving_28,add_3,add_3,add_3,none_22,writing_23,none_22,writing_23,none_22,writing_23,verification_25,verification_25,transfer_13,serving_0,transfer_13,verification_25,delete_24,delete_24,delete_24,deleting_34,deleting_34,deleting_34]","[none_4,none_40,none_40,none_40,updated_3,updated_3,updated_3,none_31,none_32,none_31,none_32,none_31,none_32,successful_35,successful_35,exception_21,none_0,exception_21,successful_35,invalid_34,invalid_34,invalid_34,none_46,none_46,none_46]"
4898,"['7', '1', '1', '1', '2', '2', '2', '3', '4', '3', '4', '3', '4', '9', '9', '8', '10', '10', '10', '6', '6', '6', '5', '5', '5']","[NameSystem_2,block blk_6,block blk_6,block blk_6,NameSystem_2,NameSystem_2,NameSystem_2,blk_4,blk_4,blk_4,blk_4,blk_4,blk_4,blk_4,blk_4,/_0,blk_4,blk_4,blk_4,blk_4,blk_4,blk_4,block blk file_7,block blk file_7,block blk file_7]","[allocate_4,receiving_28,receiving_28,receiving_28,add_3,add_3,add_3,none_22,writing_23,none_22,writing_23,none_22,writing_23,transfer_13,transfer_13,serving_0,verification_25,verification_25,verification_25,delete_24,delete_24,delete_24,deleting_34,deleting_34,deleting_34]","[none_4,none_40,none_40,none_40,updated_3,updated_3,updated_3,none_31,none_32,none_31,none_32,none_31,none_32,exception_21,exception_21,none_0,successful_35,successful_35,successful_35,invalid_34,invalid_34,invalid_34,none_46,none_46,none_46]"
4923,"['7', '1', '1', '1', '2', '2', '2', '3', '4', '3', '4', '3', '4', '9', '9', '8', '10', '10', '10', '6', '6', '6', '5', '5', '5']","[NameSystem_2,block blk_6,block blk_6,block blk_6,NameSystem_2,NameSystem_2,NameSystem_2,blk_4,blk_4,blk_4,blk_4,blk_4,blk_4,blk_4,blk_4,/_0,blk_4,blk_4,blk_4,blk_4,blk_4,blk_4,block blk file_7,block blk file_7,block blk file_7]","[allocate_4,receiving_28,receiving_28,receiving_28,add_3,add_3,add_3,none_22,writing_23,none_22,writing_23,none_22,writing_23,transfer_13,transfer_13,serving_0,verification_25,verification_25,verification_25,delete_24,delete_24,delete_24,deleting_34,deleting_34,deleting_34]","[none_4,none_40,none_40,none_40,updated_3,updated_3,updated_3,none_31,none_32,none_31,none_32,none_31,none_32,exception_21,exception_21,none_0,successful_35,successful_35,successful_35,invalid_34,invalid_34,invalid_34,none_46,none_46,none_46]"
4931,"['7', '1', '1', '1', '2', '2', '3', '4', '3', '4', '3', '4', '2', '10', '9', '9', '8', '10', '10', '6', '6', '6', '5', '5', '5']","[NameSystem_2,block blk_6,block blk_6,block blk_6,NameSystem_2,NameSystem_2,blk_4,blk_4,blk_4,blk_4,blk_4,blk_4,NameSystem_2,blk_4,blk_4,blk_4,/_0,blk_4,blk_4,blk_4,blk_4,blk_4,block blk file_7,block blk file_7,block blk file_7]","[allocate_4,receiving_28,receiving_28,receiving_28,add_3,add_3,none_22,writing_23,none_22,writing_23,none_22,writing_23,add_3,verification_25,transfer_13,transfer_13,serving_0,verification_25,verification_25,delete_24,delete_24,delete_24,deleting_34,deleting_34,deleting_34]","[none_4,none_40,none_40,none_40,updated_3,updated_3,none_31,none_32,none_31,none_32,none_31,none_32,updated_3,successful_35,exception_21,exception_21,none_0,successful_35,successful_35,invalid_34,invalid_34,invalid_34,none_46,none_46,none_46]"
4937,"['7', '1', '1', '1', '2', '2', '3', '4', '3', '4', '4', '2', '3', '9', '8', '9', '10', '10', '10', '6', '6', '6', '5', '5', '5']","[NameSystem_2,block blk_6,block blk_6,block blk_6,NameSystem_2,NameSystem_2,blk_4,blk_4,blk_4,blk_4,blk_4,NameSystem_2,blk_4,blk_4,/_0,blk_4,blk_4,blk_4,blk_4,blk_4,blk_4,blk_4,block blk file_7,block blk file_7,block blk file_7]","[allocate_4,receiving_28,receiving_28,receiving_28,add_3,add_3,none_22,writing_23,none_22,writing_23,writing_23,add_3,none_22,transfer_13,serving_0,transfer_13,verification_25,verification_25,verification_25,delete_24,delete_24,delete_24,deleting_34,deleting_34,deleting_34]","[none_4,none_40,none_40,none_40,updated_3,updated_3,none_31,none_32,none_31,none_32,none_32,updated_3,none_31,exception_21,none_0,exception_21,successful_35,successful_35,successful_35,invalid_34,invalid_34,invalid_34,none_46,none_46,none_46]"
4940,"['7', '1', '1', '1', '2', '2', '2', '3', '4', '3', '3', '4', '4', '9', '9', '8', '10', '10', '10', '6', '6', '6', '5', '5', '5']","[NameSystem_2,block blk_6,block blk_6,block blk_6,NameSystem_2,NameSystem_2,NameSystem_2,blk_4,blk_4,blk_4,blk_4,blk_4,blk_4,blk_4,blk_4,/_0,blk_4,blk_4,blk_4,blk_4,blk_4,blk_4,block blk file_7,block blk file_7,block blk file_7]","[allocate_4,receiving_28,receiving_28,receiving_28,add_3,add_3,add_3,none_22,writing_23,none_22,none_22,writing_23,writing_23,transfer_13,transfer_13,serving_0,verification_25,verification_25,verification_25,delete_24,delete_24,delete_24,deleting_34,deleting_34,deleting_34]","[none_4,none_40,none_40,none_40,updated_3,updated_3,updated_3,none_31,none_32,none_31,none_31,none_32,none_32,exception_21,exception_21,none_0,successful_35,successful_35,successful_35,invalid_34,invalid_34,invalid_34,none_46,none_46,none_46]"
4963,"['7', '1', '1', '1', '2', '3', '4', '3', '4', '3', '4', '2', '2', '9', '8', '9', '10', '10', '10', '6', '6', '6', '5', '5', '5']","[NameSystem_2,block blk_6,block blk_6,block blk_6,NameSystem_2,blk_4,blk_4,blk_4,blk_4,blk_4,blk_4,NameSystem_2,NameSystem_2,blk_4,/_0,blk_4,blk_4,blk_4,blk_4,blk_4,blk_4,blk_4,block blk file_7,block blk file_7,block blk file_7]","[allocate_4,receiving_28,receiving_28,receiving_28,add_3,none_22,writing_23,none_22,writing_23,none_22,writing_23,add_3,add_3,transfer_13,serving_0,transfer_13,verification_25,verification_25,verification_25,delete_24,delete_24,delete_24,deleting_34,deleting_34,deleting_34]","[none_4,none_40,none_40,none_40,updated_3,none_31,none_32,none_31,none_32,none_31,none_32,updated_3,updated_3,exception_21,none_0,exception_21,successful_35,successful_35,successful_35,invalid_34,invalid_34,invalid_34,none_46,none_46,none_46]"
4981,"['7', '1']","[NameSystem_2,block blk_6]","[allocate_4,receiving_28]","[none_4,none_40]"
4989,"['7', '1', '1', '1', '2', '2', '2', '3', '4', '3', '4', '3', '4', '10', '10', '9', '9', '8', '6', '6', '6', '5', '5', '5']","[NameSystem_2,block blk_6,block blk_6,block blk_6,NameSystem_2,NameSystem_2,NameSystem_2,blk_4,blk_4,blk_4,blk_4,blk_4,blk_4,blk_4,blk_4,blk_4,blk_4,/_0,blk_4,blk_4,blk_4,block blk file_7,block blk file_7,block blk file_7]","[allocate_4,receiving_28,receiving_28,receiving_28,add_3,add_3,add_3,none_22,writing_23,none_22,writing_23,none_22,writing_23,verification_25,verification_25,transfer_13,transfer_13,serving_0,delete_24,delete_24,delete_24,deleting_34,deleting_34,deleting_34]","[none_4,none_40,none_40,none_40,updated_3,updated_3,updated_3,none_31,none_32,none_31,none_32,none_31,none_32,successful_35,successful_35,exception_21,exception_21,none_0,invalid_34,invalid_34,invalid_34,none_46,none_46,none_46]"
4998,"['7', '1', '1', '1', '2', '2', '2', '3', '4', '3', '4', '3', '4', '9', '8', '9', '10', '10', '10', '6', '6', '6', '5', '5', '5']","[NameSystem_2,block blk_6,block blk_6,block blk_6,NameSystem_2,NameSystem_2,NameSystem_2,blk_4,blk_4,blk_4,blk_4,blk_4,blk_4,blk_4,/_0,blk_4,blk_4,blk_4,blk_4,blk_4,blk_4,blk_4,block blk file_7,block blk file_7,block blk file_7]","[allocate_4,receiving_28,receiving_28,receiving_28,add_3,add_3,add_3,none_22,writing_23,none_22,writing_23,none_22,writing_23,transfer_13,serving_0,transfer_13,verification_25,verification_25,verification_25,delete_24,delete_24,delete_24,deleting_34,deleting_34,deleting_34]","[none_4,none_40,none_40,none_40,updated_3,updated_3,updated_3,none_31,none_32,none_31,none_32,none_31,none_32,exception_21,none_0,exception_21,successful_35,successful_35,successful_35,invalid_34,invalid_34,invalid_34,none_46,none_46,none_46]"
5001,"['7', '1', '1', '1', '2', '2', '2', '3', '4', '3', '4', '3', '4', '10', '9', '8', '9', '10', '10', '6', '6', '6', '5', '5', '5']","[NameSystem_2,block blk_6,block blk_6,block blk_6,NameSystem_2,NameSystem_2,NameSystem_2,blk_4,blk_4,blk_4,blk_4,blk_4,blk_4,blk_4,blk_4,/_0,blk_4,blk_4,blk_4,blk_4,blk_4,blk_4,block blk file_7,block blk file_7,block blk file_7]","[allocate_4,receiving_28,receiving_28,receiving_28,add_3,add_3,add_3,none_22,writing_23,none_22,writing_23,none_22,writing_23,verification_25,transfer_13,serving_0,transfer_13,verification_25,verification_25,delete_24,delete_24,delete_24,deleting_34,deleting_34,deleting_34]","[none_4,none_40,none_40,none_40,updated_3,updated_3,updated_3,none_31,none_32,none_31,none_32,none_31,none_32,successful_35,exception_21,none_0,exception_21,successful_35,successful_35,invalid_34,invalid_34,invalid_34,none_46,none_46,none_46]"
5025,"['7', '1', '1', '1', '2', '2', '3', '4', '3', '4', '2', '3', '4', '9', '8', '9', '10', '10', '10', '6', '6', '6', '5', '5', '5']","[NameSystem_2,block blk_6,block blk_6,block blk_6,NameSystem_2,NameSystem_2,blk_4,blk_4,blk_4,blk_4,NameSystem_2,blk_4,blk_4,blk_4,/_0,blk_4,blk_4,blk_4,blk_4,blk_4,blk_4,blk_4,block blk file_7,block blk file_7,block blk file_7]","[allocate_4,receiving_28,receiving_28,receiving_28,add_3,add_3,none_22,writing_23,none_22,writing_23,add_3,none_22,writing_23,transfer_13,serving_0,transfer_13,verification_25,verification_25,verification_25,delete_24,delete_24,delete_24,deleting_34,deleting_34,deleting_34]","[none_4,none_40,none_40,none_40,updated_3,updated_3,none_31,none_32,none_31,none_32,updated_3,none_31,none_32,exception_21,none_0,exception_21,successful_35,successful_35,successful_35,invalid_34,invalid_34,invalid_34,none_46,none_46,none_46]"
5036,"['7', '1', '1', '1', '2', '2', '2', '3', '4', '3', '4', '3', '4', '9', '8', '9', '10', '10', '10', '6', '6', '6', '5', '5', '5']","[NameSystem_2,block blk_6,block blk_6,block blk_6,NameSystem_2,NameSystem_2,NameSystem_2,blk_4,blk_4,blk_4,blk_4,blk_4,blk_4,blk_4,/_0,blk_4,blk_4,blk_4,blk_4,blk_4,blk_4,blk_4,block blk file_7,block blk file_7,block blk file_7]","[allocate_4,receiving_28,receiving_28,receiving_28,add_3,add_3,add_3,none_22,writing_23,none_22,writing_23,none_22,writing_23,transfer_13,serving_0,transfer_13,verification_25,verification_25,verification_25,delete_24,delete_24,delete_24,deleting_34,deleting_34,deleting_34]","[none_4,none_40,none_40,none_40,updated_3,updated_3,updated_3,none_31,none_32,none_31,none_32,none_31,none_32,exception_21,none_0,exception_21,successful_35,successful_35,successful_35,invalid_34,invalid_34,invalid_34,none_46,none_46,none_46]"
5044,"['7', '1', '1', '1', '2', '2', '3', '4', '3', '4', '3', '4', '2', '9', '9', '8', '10', '10', '10', '6', '6', '6', '5', '5', '5']","[NameSystem_2,block blk_6,block blk_6,block blk_6,NameSystem_2,NameSystem_2,blk_4,blk_4,blk_4,blk_4,blk_4,blk_4,NameSystem_2,blk_4,blk_4,/_0,blk_4,blk_4,blk_4,blk_4,blk_4,blk_4,block blk file_7,block blk file_7,block blk file_7]","[allocate_4,receiving_28,receiving_28,receiving_28,add_3,add_3,none_22,writing_23,none_22,writing_23,none_22,writing_23,add_3,transfer_13,transfer_13,serving_0,verification_25,verification_25,verification_25,delete_24,delete_24,delete_24,deleting_34,deleting_34,deleting_34]","[none_4,none_40,none_40,none_40,updated_3,updated_3,none_31,none_32,none_31,none_32,none_31,none_32,updated_3,exception_21,exception_21,none_0,successful_35,successful_35,successful_35,invalid_34,invalid_34,invalid_34,none_46,none_46,none_46]"
5049,"['7', '1']","[NameSystem_2,block blk_6]","[allocate_4,receiving_28]","[none_4,none_40]"
5068,"['7', '1', '1', '1', '2', '2', '2', '3', '4', '3', '4', '3', '4', '9', '8', '9', '10', '10', '10', '6', '6', '6', '5', '5', '5']","[NameSystem_2,block blk_6,block blk_6,block blk_6,NameSystem_2,NameSystem_2,NameSystem_2,blk_4,blk_4,blk_4,blk_4,blk_4,blk_4,blk_4,/_0,blk_4,blk_4,blk_4,blk_4,blk_4,blk_4,blk_4,block blk file_7,block blk file_7,block blk file_7]","[allocate_4,receiving_28,receiving_28,receiving_28,add_3,add_3,add_3,none_22,writing_23,none_22,writing_23,none_22,writing_23,transfer_13,serving_0,transfer_13,verification_25,verification_25,verification_25,delete_24,delete_24,delete_24,deleting_34,deleting_34,deleting_34]","[none_4,none_40,none_40,none_40,updated_3,updated_3,updated_3,none_31,none_32,none_31,none_32,none_31,none_32,exception_21,none_0,exception_21,successful_35,successful_35,successful_35,invalid_34,invalid_34,invalid_34,none_46,none_46,none_46]"
5081,"['7', '1', '1', '1', '2', '2', '2', '3', '4', '3', '4', '3', '4', '10', '9', '8', '9', '10', '10', '6', '6', '6', '5', '5', '5']","[NameSystem_2,block blk_6,block blk_6,block blk_6,NameSystem_2,NameSystem_2,NameSystem_2,blk_4,blk_4,blk_4,blk_4,blk_4,blk_4,blk_4,blk_4,/_0,blk_4,blk_4,blk_4,blk_4,blk_4,blk_4,block blk file_7,block blk file_7,block blk file_7]","[allocate_4,receiving_28,receiving_28,receiving_28,add_3,add_3,add_3,none_22,writing_23,none_22,writing_23,none_22,writing_23,verification_25,transfer_13,serving_0,transfer_13,verification_25,verification_25,delete_24,delete_24,delete_24,deleting_34,deleting_34,deleting_34]","[none_4,none_40,none_40,none_40,updated_3,updated_3,updated_3,none_31,none_32,none_31,none_32,none_31,none_32,successful_35,exception_21,none_0,exception_21,successful_35,successful_35,invalid_34,invalid_34,invalid_34,none_46,none_46,none_46]"
5084,"['7', '1', '1', '1', '2', '2', '2', '3', '4', '3', '4', '3', '4', '9', '8', '9', '10', '10', '10', '6', '6', '6', '5', '5', '5']","[NameSystem_2,block blk_6,block blk_6,block blk_6,NameSystem_2,NameSystem_2,NameSystem_2,blk_4,blk_4,blk_4,blk_4,blk_4,blk_4,blk_4,/_0,blk_4,blk_4,blk_4,blk_4,blk_4,blk_4,blk_4,block blk file_7,block blk file_7,block blk file_7]","[allocate_4,receiving_28,receiving_28,receiving_28,add_3,add_3,add_3,none_22,writing_23,none_22,writing_23,none_22,writing_23,transfer_13,serving_0,transfer_13,verification_25,verification_25,verification_25,delete_24,delete_24,delete_24,deleting_34,deleting_34,deleting_34]","[none_4,none_40,none_40,none_40,updated_3,updated_3,updated_3,none_31,none_32,none_31,none_32,none_31,none_32,exception_21,none_0,exception_21,successful_35,successful_35,successful_35,invalid_34,invalid_34,invalid_34,none_46,none_46,none_46]"
5103,"['7', '1', '1', '1', '2', '2', '2', '3', '3', '4', '4', '3', '4', '9', '8', '9', '10', '10', '10', '6', '6', '6', '5', '5', '5']","[NameSystem_2,block blk_6,block blk_6,block blk_6,NameSystem_2,NameSystem_2,NameSystem_2,blk_4,blk_4,blk_4,blk_4,blk_4,blk_4,blk_4,/_0,blk_4,blk_4,blk_4,blk_4,blk_4,blk_4,blk_4,block blk file_7,block blk file_7,block blk file_7]","[allocate_4,receiving_28,receiving_28,receiving_28,add_3,add_3,add_3,none_22,none_22,writing_23,writing_23,none_22,writing_23,transfer_13,serving_0,transfer_13,verification_25,verification_25,verification_25,delete_24,delete_24,delete_24,deleting_34,deleting_34,deleting_34]","[none_4,none_40,none_40,none_40,updated_3,updated_3,updated_3,none_31,none_31,none_32,none_32,none_31,none_32,exception_21,none_0,exception_21,successful_35,successful_35,successful_35,invalid_34,invalid_34,invalid_34,none_46,none_46,none_46]"
5106,"['7', '1', '1', '1', '2', '2', '2', '3', '4', '3', '4', '3', '4', '10', '9', '8', '9', '10', '10', '6', '6', '6', '5', '5', '5']","[NameSystem_2,block blk_6,block blk_6,block blk_6,NameSystem_2,NameSystem_2,NameSystem_2,blk_4,blk_4,blk_4,blk_4,blk_4,blk_4,blk_4,blk_4,/_0,blk_4,blk_4,blk_4,blk_4,blk_4,blk_4,block blk file_7,block blk file_7,block blk file_7]","[allocate_4,receiving_28,receiving_28,receiving_28,add_3,add_3,add_3,none_22,writing_23,none_22,writing_23,none_22,writing_23,verification_25,transfer_13,serving_0,transfer_13,verification_25,verification_25,delete_24,delete_24,delete_24,deleting_34,deleting_34,deleting_34]","[none_4,none_40,none_40,none_40,updated_3,updated_3,updated_3,none_31,none_32,none_31,none_32,none_31,none_32,successful_35,exception_21,none_0,exception_21,successful_35,successful_35,invalid_34,invalid_34,invalid_34,none_46,none_46,none_46]"
5110,"['7', '1', '1', '1', '2', '2', '2', '3', '4', '3', '4', '3', '4', '9', '9', '8', '10', '10', '10', '6', '6', '6', '5', '5', '5']","[NameSystem_2,block blk_6,block blk_6,block blk_6,NameSystem_2,NameSystem_2,NameSystem_2,blk_4,blk_4,blk_4,blk_4,blk_4,blk_4,blk_4,blk_4,/_0,blk_4,blk_4,blk_4,blk_4,blk_4,blk_4,block blk file_7,block blk file_7,block blk file_7]","[allocate_4,receiving_28,receiving_28,receiving_28,add_3,add_3,add_3,none_22,writing_23,none_22,writing_23,none_22,writing_23,transfer_13,transfer_13,serving_0,verification_25,verification_25,verification_25,delete_24,delete_24,delete_24,deleting_34,deleting_34,deleting_34]","[none_4,none_40,none_40,none_40,updated_3,updated_3,updated_3,none_31,none_32,none_31,none_32,none_31,none_32,exception_21,exception_21,none_0,successful_35,successful_35,successful_35,invalid_34,invalid_34,invalid_34,none_46,none_46,none_46]"
5112,"['7', '1', '1', '1', '2', '2', '2', '3', '4', '3', '4', '3', '4', '9', '9', '8', '10', '10', '10', '6', '6', '6', '5', '5', '5']","[NameSystem_2,block blk_6,block blk_6,block blk_6,NameSystem_2,NameSystem_2,NameSystem_2,blk_4,blk_4,blk_4,blk_4,blk_4,blk_4,blk_4,blk_4,/_0,blk_4,blk_4,blk_4,blk_4,blk_4,blk_4,block blk file_7,block blk file_7,block blk file_7]","[allocate_4,receiving_28,receiving_28,receiving_28,add_3,add_3,add_3,none_22,writing_23,none_22,writing_23,none_22,writing_23,transfer_13,transfer_13,serving_0,verification_25,verification_25,verification_25,delete_24,delete_24,delete_24,deleting_34,deleting_34,deleting_34]","[none_4,none_40,none_40,none_40,updated_3,updated_3,updated_3,none_31,none_32,none_31,none_32,none_31,none_32,exception_21,exception_21,none_0,successful_35,successful_35,successful_35,invalid_34,invalid_34,invalid_34,none_46,none_46,none_46]"
5139,"['7', '1', '1', '1', '2', '3', '4', '2', '2', '3', '4', '3', '4', '9', '9', '8', '10', '10', '10', '6', '6', '6', '5', '5', '5']","[NameSystem_2,block blk_6,block blk_6,block blk_6,NameSystem_2,blk_4,blk_4,NameSystem_2,NameSystem_2,blk_4,blk_4,blk_4,blk_4,blk_4,blk_4,/_0,blk_4,blk_4,blk_4,blk_4,blk_4,blk_4,block blk file_7,block blk file_7,block blk file_7]","[allocate_4,receiving_28,receiving_28,receiving_28,add_3,none_22,writing_23,add_3,add_3,none_22,writing_23,none_22,writing_23,transfer_13,transfer_13,serving_0,verification_25,verification_25,verification_25,delete_24,delete_24,delete_24,deleting_34,deleting_34,deleting_34]","[none_4,none_40,none_40,none_40,updated_3,none_31,none_32,updated_3,updated_3,none_31,none_32,none_31,none_32,exception_21,exception_21,none_0,successful_35,successful_35,successful_35,invalid_34,invalid_34,invalid_34,none_46,none_46,none_46]"
5166,"['7', '1', '1', '1', '3', '4', '2', '2', '2', '3', '4', '3', '4', '9', '8', '9', '10', '10', '10', '6', '6', '6', '5', '5', '5']","[NameSystem_2,block blk_6,block blk_6,block blk_6,blk_4,blk_4,NameSystem_2,NameSystem_2,NameSystem_2,blk_4,blk_4,blk_4,blk_4,blk_4,/_0,blk_4,blk_4,blk_4,blk_4,blk_4,blk_4,blk_4,block blk file_7,block blk file_7,block blk file_7]","[allocate_4,receiving_28,receiving_28,receiving_28,none_22,writing_23,add_3,add_3,add_3,none_22,writing_23,none_22,writing_23,transfer_13,serving_0,transfer_13,verification_25,verification_25,verification_25,delete_24,delete_24,delete_24,deleting_34,deleting_34,deleting_34]","[none_4,none_40,none_40,none_40,none_31,none_32,updated_3,updated_3,updated_3,none_31,none_32,none_31,none_32,exception_21,none_0,exception_21,successful_35,successful_35,successful_35,invalid_34,invalid_34,invalid_34,none_46,none_46,none_46]"
5186,"['7', '1', '1', '1', '2', '2', '2', '3', '4', '3', '4', '3', '4', '9', '9', '8', '10', '10', '10', '6', '6', '6', '5', '5', '5']","[NameSystem_2,block blk_6,block blk_6,block blk_6,NameSystem_2,NameSystem_2,NameSystem_2,blk_4,blk_4,blk_4,blk_4,blk_4,blk_4,blk_4,blk_4,/_0,blk_4,blk_4,blk_4,blk_4,blk_4,blk_4,block blk file_7,block blk file_7,block blk file_7]","[allocate_4,receiving_28,receiving_28,receiving_28,add_3,add_3,add_3,none_22,writing_23,none_22,writing_23,none_22,writing_23,transfer_13,transfer_13,serving_0,verification_25,verification_25,verification_25,delete_24,delete_24,delete_24,deleting_34,deleting_34,deleting_34]","[none_4,none_40,none_40,none_40,updated_3,updated_3,updated_3,none_31,none_32,none_31,none_32,none_31,none_32,exception_21,exception_21,none_0,successful_35,successful_35,successful_35,invalid_34,invalid_34,invalid_34,none_46,none_46,none_46]"
5215,"['7', '1', '1', '1', '2', '2', '3', '4', '3', '4', '3', '4', '2', '9', '8', '9', '10', '10', '10', '6', '6', '6', '5', '5', '5']","[NameSystem_2,block blk_6,block blk_6,block blk_6,NameSystem_2,NameSystem_2,blk_4,blk_4,blk_4,blk_4,blk_4,blk_4,NameSystem_2,blk_4,/_0,blk_4,blk_4,blk_4,blk_4,blk_4,blk_4,blk_4,block blk file_7,block blk file_7,block blk file_7]","[allocate_4,receiving_28,receiving_28,receiving_28,add_3,add_3,none_22,writing_23,none_22,writing_23,none_22,writing_23,add_3,transfer_13,serving_0,transfer_13,verification_25,verification_25,verification_25,delete_24,delete_24,delete_24,deleting_34,deleting_34,deleting_34]","[none_4,none_40,none_40,none_40,updated_3,updated_3,none_31,none_32,none_31,none_32,none_31,none_32,updated_3,exception_21,none_0,exception_21,successful_35,successful_35,successful_35,invalid_34,invalid_34,invalid_34,none_46,none_46,none_46]"
5224,"['7', '1', '1', '1', '2', '2', '2', '3', '4', '3', '4', '3', '4', '9', '8', '9', '10', '10', '10', '6', '6', '6', '5', '5', '5']","[NameSystem_2,block blk_6,block blk_6,block blk_6,NameSystem_2,NameSystem_2,NameSystem_2,blk_4,blk_4,blk_4,blk_4,blk_4,blk_4,blk_4,/_0,blk_4,blk_4,blk_4,blk_4,blk_4,blk_4,blk_4,block blk file_7,block blk file_7,block blk file_7]","[allocate_4,receiving_28,receiving_28,receiving_28,add_3,add_3,add_3,none_22,writing_23,none_22,writing_23,none_22,writing_23,transfer_13,serving_0,transfer_13,verification_25,verification_25,verification_25,delete_24,delete_24,delete_24,deleting_34,deleting_34,deleting_34]","[none_4,none_40,none_40,none_40,updated_3,updated_3,updated_3,none_31,none_32,none_31,none_32,none_31,none_32,exception_21,none_0,exception_21,successful_35,successful_35,successful_35,invalid_34,invalid_34,invalid_34,none_46,none_46,none_46]"
5232,"['7', '1', '1', '1', '2', '3', '4', '3', '4', '3', '4', '2', '2', '9', '9', '8', '10', '10', '10', '6', '6', '6', '5', '5', '5']","[NameSystem_2,block blk_6,block blk_6,block blk_6,NameSystem_2,blk_4,blk_4,blk_4,blk_4,blk_4,blk_4,NameSystem_2,NameSystem_2,blk_4,blk_4,/_0,blk_4,blk_4,blk_4,blk_4,blk_4,blk_4,block blk file_7,block blk file_7,block blk file_7]","[allocate_4,receiving_28,receiving_28,receiving_28,add_3,none_22,writing_23,none_22,writing_23,none_22,writing_23,add_3,add_3,transfer_13,transfer_13,serving_0,verification_25,verification_25,verification_25,delete_24,delete_24,delete_24,deleting_34,deleting_34,deleting_34]","[none_4,none_40,none_40,none_40,updated_3,none_31,none_32,none_31,none_32,none_31,none_32,updated_3,updated_3,exception_21,exception_21,none_0,successful_35,successful_35,successful_35,invalid_34,invalid_34,invalid_34,none_46,none_46,none_46]"
5244,"['7', '1', '1', '1', '2', '2', '2', '3', '4', '3', '4', '3', '4', '9', '8', '9', '10', '10', '10', '6', '6', '6', '5', '5', '5']","[NameSystem_2,block blk_6,block blk_6,block blk_6,NameSystem_2,NameSystem_2,NameSystem_2,blk_4,blk_4,blk_4,blk_4,blk_4,blk_4,blk_4,/_0,blk_4,blk_4,blk_4,blk_4,blk_4,blk_4,blk_4,block blk file_7,block blk file_7,block blk file_7]","[allocate_4,receiving_28,receiving_28,receiving_28,add_3,add_3,add_3,none_22,writing_23,none_22,writing_23,none_22,writing_23,transfer_13,serving_0,transfer_13,verification_25,verification_25,verification_25,delete_24,delete_24,delete_24,deleting_34,deleting_34,deleting_34]","[none_4,none_40,none_40,none_40,updated_3,updated_3,updated_3,none_31,none_32,none_31,none_32,none_31,none_32,exception_21,none_0,exception_21,successful_35,successful_35,successful_35,invalid_34,invalid_34,invalid_34,none_46,none_46,none_46]"
5253,"['7', '1', '1', '1', '2', '3', '4', '3', '4', '2', '2', '3', '4', '9', '8', '9', '10', '10', '10', '6', '6', '6', '5', '5', '5']","[NameSystem_2,block blk_6,block blk_6,block blk_6,NameSystem_2,blk_4,blk_4,blk_4,blk_4,NameSystem_2,NameSystem_2,blk_4,blk_4,blk_4,/_0,blk_4,blk_4,blk_4,blk_4,blk_4,blk_4,blk_4,block blk file_7,block blk file_7,block blk file_7]","[allocate_4,receiving_28,receiving_28,receiving_28,add_3,none_22,writing_23,none_22,writing_23,add_3,add_3,none_22,writing_23,transfer_13,serving_0,transfer_13,verification_25,verification_25,verification_25,delete_24,delete_24,delete_24,deleting_34,deleting_34,deleting_34]","[none_4,none_40,none_40,none_40,updated_3,none_31,none_32,none_31,none_32,updated_3,updated_3,none_31,none_32,exception_21,none_0,exception_21,successful_35,successful_35,successful_35,invalid_34,invalid_34,invalid_34,none_46,none_46,none_46]"
5257,"['7', '1']","[NameSystem_2,block blk_6]","[allocate_4,receiving_28]","[none_4,none_40]"
5261,"['7', '1', '1', '1', '2', '2', '2', '3', '4', '3', '3', '4', '4', '10', '9', '8', '9', '10', '10', '6', '6', '6', '5', '5', '5']","[NameSystem_2,block blk_6,block blk_6,block blk_6,NameSystem_2,NameSystem_2,NameSystem_2,blk_4,blk_4,blk_4,blk_4,blk_4,blk_4,blk_4,blk_4,/_0,blk_4,blk_4,blk_4,blk_4,blk_4,blk_4,block blk file_7,block blk file_7,block blk file_7]","[allocate_4,receiving_28,receiving_28,receiving_28,add_3,add_3,add_3,none_22,writing_23,none_22,none_22,writing_23,writing_23,verification_25,transfer_13,serving_0,transfer_13,verification_25,verification_25,delete_24,delete_24,delete_24,deleting_34,deleting_34,deleting_34]","[none_4,none_40,none_40,none_40,updated_3,updated_3,updated_3,none_31,none_32,none_31,none_31,none_32,none_32,successful_35,exception_21,none_0,exception_21,successful_35,successful_35,invalid_34,invalid_34,invalid_34,none_46,none_46,none_46]"
5262,"['7', '1', '1', '1', '4', '2', '3', '3', '4', '3', '4', '2', '2', '10', '9', '8', '9', '10', '10', '6', '6', '6', '5', '5', '5']","[NameSystem_2,block blk_6,block blk_6,block blk_6,blk_4,NameSystem_2,blk_4,blk_4,blk_4,blk_4,blk_4,NameSystem_2,NameSystem_2,blk_4,blk_4,/_0,blk_4,blk_4,blk_4,blk_4,blk_4,blk_4,block blk file_7,block blk file_7,block blk file_7]","[allocate_4,receiving_28,receiving_28,receiving_28,writing_23,add_3,none_22,none_22,writing_23,none_22,writing_23,add_3,add_3,verification_25,transfer_13,serving_0,transfer_13,verification_25,verification_25,delete_24,delete_24,delete_24,deleting_34,deleting_34,deleting_34]","[none_4,none_40,none_40,none_40,none_32,updated_3,none_31,none_31,none_32,none_31,none_32,updated_3,updated_3,successful_35,exception_21,none_0,exception_21,successful_35,successful_35,invalid_34,invalid_34,invalid_34,none_46,none_46,none_46]"
5282,"['7', '1', '1', '1', '2', '2', '2', '3', '4', '3', '4', '3', '4', '10', '9', '8', '9', '10', '10', '6', '6', '6', '5', '5', '5']","[NameSystem_2,block blk_6,block blk_6,block blk_6,NameSystem_2,NameSystem_2,NameSystem_2,blk_4,blk_4,blk_4,blk_4,blk_4,blk_4,blk_4,blk_4,/_0,blk_4,blk_4,blk_4,blk_4,blk_4,blk_4,block blk file_7,block blk file_7,block blk file_7]","[allocate_4,receiving_28,receiving_28,receiving_28,add_3,add_3,add_3,none_22,writing_23,none_22,writing_23,none_22,writing_23,verification_25,transfer_13,serving_0,transfer_13,verification_25,verification_25,delete_24,delete_24,delete_24,deleting_34,deleting_34,deleting_34]","[none_4,none_40,none_40,none_40,updated_3,updated_3,updated_3,none_31,none_32,none_31,none_32,none_31,none_32,successful_35,exception_21,none_0,exception_21,successful_35,successful_35,invalid_34,invalid_34,invalid_34,none_46,none_46,none_46]"
5300,"['7', '1', '1', '1', '2', '2', '2', '3', '4', '3', '4', '3', '4', '10', '9', '9', '8', '10', '10', '6', '6', '6', '5', '5', '5']","[NameSystem_2,block blk_6,block blk_6,block blk_6,NameSystem_2,NameSystem_2,NameSystem_2,blk_4,blk_4,blk_4,blk_4,blk_4,blk_4,blk_4,blk_4,blk_4,/_0,blk_4,blk_4,blk_4,blk_4,blk_4,block blk file_7,block blk file_7,block blk file_7]","[allocate_4,receiving_28,receiving_28,receiving_28,add_3,add_3,add_3,none_22,writing_23,none_22,writing_23,none_22,writing_23,verification_25,transfer_13,transfer_13,serving_0,verification_25,verification_25,delete_24,delete_24,delete_24,deleting_34,deleting_34,deleting_34]","[none_4,none_40,none_40,none_40,updated_3,updated_3,updated_3,none_31,none_32,none_31,none_32,none_31,none_32,successful_35,exception_21,exception_21,none_0,successful_35,successful_35,invalid_34,invalid_34,invalid_34,none_46,none_46,none_46]"
5308,"['7', '1', '1', '1', '2', '3', '4', '3', '4', '3', '4', '2', '2', '9', '8', '9', '10', '10', '10', '6', '6', '6', '5', '5', '5']","[NameSystem_2,block blk_6,block blk_6,block blk_6,NameSystem_2,blk_4,blk_4,blk_4,blk_4,blk_4,blk_4,NameSystem_2,NameSystem_2,blk_4,/_0,blk_4,blk_4,blk_4,blk_4,blk_4,blk_4,blk_4,block blk file_7,block blk file_7,block blk file_7]","[allocate_4,receiving_28,receiving_28,receiving_28,add_3,none_22,writing_23,none_22,writing_23,none_22,writing_23,add_3,add_3,transfer_13,serving_0,transfer_13,verification_25,verification_25,verification_25,delete_24,delete_24,delete_24,deleting_34,deleting_34,deleting_34]","[none_4,none_40,none_40,none_40,updated_3,none_31,none_32,none_31,none_32,none_31,none_32,updated_3,updated_3,exception_21,none_0,exception_21,successful_35,successful_35,successful_35,invalid_34,invalid_34,invalid_34,none_46,none_46,none_46]"
5311,"['7', '1', '1', '1', '2', '2', '3', '4', '3', '4', '2', '3', '4', '9', '9', '8', '10', '10', '10', '6', '6', '6', '5', '5', '5']","[NameSystem_2,block blk_6,block blk_6,block blk_6,NameSystem_2,NameSystem_2,blk_4,blk_4,blk_4,blk_4,NameSystem_2,blk_4,blk_4,blk_4,blk_4,/_0,blk_4,blk_4,blk_4,blk_4,blk_4,blk_4,block blk file_7,block blk file_7,block blk file_7]","[allocate_4,receiving_28,receiving_28,receiving_28,add_3,add_3,none_22,writing_23,none_22,writing_23,add_3,none_22,writing_23,transfer_13,transfer_13,serving_0,verification_25,verification_25,verification_25,delete_24,delete_24,delete_24,deleting_34,deleting_34,deleting_34]","[none_4,none_40,none_40,none_40,updated_3,updated_3,none_31,none_32,none_31,none_32,updated_3,none_31,none_32,exception_21,exception_21,none_0,successful_35,successful_35,successful_35,invalid_34,invalid_34,invalid_34,none_46,none_46,none_46]"
5314,"['7', '1', '1', '1', '2', '2', '2', '3', '4', '3', '4', '3', '4', '9', '8', '9', '10', '10', '10', '6', '6', '6', '5', '5', '5']","[NameSystem_2,block blk_6,block blk_6,block blk_6,NameSystem_2,NameSystem_2,NameSystem_2,blk_4,blk_4,blk_4,blk_4,blk_4,blk_4,blk_4,/_0,blk_4,blk_4,blk_4,blk_4,blk_4,blk_4,blk_4,block blk file_7,block blk file_7,block blk file_7]","[allocate_4,receiving_28,receiving_28,receiving_28,add_3,add_3,add_3,none_22,writing_23,none_22,writing_23,none_22,writing_23,transfer_13,serving_0,transfer_13,verification_25,verification_25,verification_25,delete_24,delete_24,delete_24,deleting_34,deleting_34,deleting_34]","[none_4,none_40,none_40,none_40,updated_3,updated_3,updated_3,none_31,none_32,none_31,none_32,none_31,none_32,exception_21,none_0,exception_21,successful_35,successful_35,successful_35,invalid_34,invalid_34,invalid_34,none_46,none_46,none_46]"
5331,"['7', '1', '1', '1', '2', '2', '2', '3', '4', '3', '4', '3', '4', '9', '8', '9', '10', '10', '10', '6', '6', '6', '5', '5', '5']","[NameSystem_2,block blk_6,block blk_6,block blk_6,NameSystem_2,NameSystem_2,NameSystem_2,blk_4,blk_4,blk_4,blk_4,blk_4,blk_4,blk_4,/_0,blk_4,blk_4,blk_4,blk_4,blk_4,blk_4,blk_4,block blk file_7,block blk file_7,block blk file_7]","[allocate_4,receiving_28,receiving_28,receiving_28,add_3,add_3,add_3,none_22,writing_23,none_22,writing_23,none_22,writing_23,transfer_13,serving_0,transfer_13,verification_25,verification_25,verification_25,delete_24,delete_24,delete_24,deleting_34,deleting_34,deleting_34]","[none_4,none_40,none_40,none_40,updated_3,updated_3,updated_3,none_31,none_32,none_31,none_32,none_31,none_32,exception_21,none_0,exception_21,successful_35,successful_35,successful_35,invalid_34,invalid_34,invalid_34,none_46,none_46,none_46]"
5335,"['7', '1', '1', '1', '2', '2', '3', '4', '2', '3', '3', '4', '4', '9', '8', '9', '10', '10', '10', '6', '6', '6', '5', '5', '5']","[NameSystem_2,block blk_6,block blk_6,block blk_6,NameSystem_2,NameSystem_2,blk_4,blk_4,NameSystem_2,blk_4,blk_4,blk_4,blk_4,blk_4,/_0,blk_4,blk_4,blk_4,blk_4,blk_4,blk_4,blk_4,block blk file_7,block blk file_7,block blk file_7]","[allocate_4,receiving_28,receiving_28,receiving_28,add_3,add_3,none_22,writing_23,add_3,none_22,none_22,writing_23,writing_23,transfer_13,serving_0,transfer_13,verification_25,verification_25,verification_25,delete_24,delete_24,delete_24,deleting_34,deleting_34,deleting_34]","[none_4,none_40,none_40,none_40,updated_3,updated_3,none_31,none_32,updated_3,none_31,none_31,none_32,none_32,exception_21,none_0,exception_21,successful_35,successful_35,successful_35,invalid_34,invalid_34,invalid_34,none_46,none_46,none_46]"
5343,"['7', '1', '1', '1', '2', '2', '2', '3', '4', '3', '4', '3', '4', '9', '8', '9', '10', '10', '10', '6', '6', '6', '5', '5', '5']","[NameSystem_2,block blk_6,block blk_6,block blk_6,NameSystem_2,NameSystem_2,NameSystem_2,blk_4,blk_4,blk_4,blk_4,blk_4,blk_4,blk_4,/_0,blk_4,blk_4,blk_4,blk_4,blk_4,blk_4,blk_4,block blk file_7,block blk file_7,block blk file_7]","[allocate_4,receiving_28,receiving_28,receiving_28,add_3,add_3,add_3,none_22,writing_23,none_22,writing_23,none_22,writing_23,transfer_13,serving_0,transfer_13,verification_25,verification_25,verification_25,delete_24,delete_24,delete_24,deleting_34,deleting_34,deleting_34]","[none_4,none_40,none_40,none_40,updated_3,updated_3,updated_3,none_31,none_32,none_31,none_32,none_31,none_32,exception_21,none_0,exception_21,successful_35,successful_35,successful_35,invalid_34,invalid_34,invalid_34,none_46,none_46,none_46]"
5348,"['7', '1', '1', '16']","[NameSystem_2,block blk_6,block blk_6,blk_4]","[allocate_4,receiving_28,receiving_28,writing_23]","[none_4,none_40,none_40,exception_33]"
5391,"['7', '1', '1', '1', '2', '2', '2', '3', '4', '3', '4', '3', '4', '9', '8', '9', '10', '10', '10', '6', '6', '6', '5', '5', '5']","[NameSystem_2,block blk_6,block blk_6,block blk_6,NameSystem_2,NameSystem_2,NameSystem_2,blk_4,blk_4,blk_4,blk_4,blk_4,blk_4,blk_4,/_0,blk_4,blk_4,blk_4,blk_4,blk_4,blk_4,blk_4,block blk file_7,block blk file_7,block blk file_7]","[allocate_4,receiving_28,receiving_28,receiving_28,add_3,add_3,add_3,none_22,writing_23,none_22,writing_23,none_22,writing_23,transfer_13,serving_0,transfer_13,verification_25,verification_25,verification_25,delete_24,delete_24,delete_24,deleting_34,deleting_34,deleting_34]","[none_4,none_40,none_40,none_40,updated_3,updated_3,updated_3,none_31,none_32,none_31,none_32,none_31,none_32,exception_21,none_0,exception_21,successful_35,successful_35,successful_35,invalid_34,invalid_34,invalid_34,none_46,none_46,none_46]"
5395,"['7', '1', '1', '1', '2', '2', '3', '4', '3', '4', '3', '4', '2', '9', '9', '8', '10', '10', '10', '6', '6', '6', '5', '5', '5']","[NameSystem_2,block blk_6,block blk_6,block blk_6,NameSystem_2,NameSystem_2,blk_4,blk_4,blk_4,blk_4,blk_4,blk_4,NameSystem_2,blk_4,blk_4,/_0,blk_4,blk_4,blk_4,blk_4,blk_4,blk_4,block blk file_7,block blk file_7,block blk file_7]","[allocate_4,receiving_28,receiving_28,receiving_28,add_3,add_3,none_22,writing_23,none_22,writing_23,none_22,writing_23,add_3,transfer_13,transfer_13,serving_0,verification_25,verification_25,verification_25,delete_24,delete_24,delete_24,deleting_34,deleting_34,deleting_34]","[none_4,none_40,none_40,none_40,updated_3,updated_3,none_31,none_32,none_31,none_32,none_31,none_32,updated_3,exception_21,exception_21,none_0,successful_35,successful_35,successful_35,invalid_34,invalid_34,invalid_34,none_46,none_46,none_46]"
5397,"['7', '1', '1', '1', '3', '4', '2', '2', '2', '3', '4', '3', '4', '9', '8', '9', '10', '10', '10', '6', '6', '6', '5', '5', '5']","[NameSystem_2,block blk_6,block blk_6,block blk_6,blk_4,blk_4,NameSystem_2,NameSystem_2,NameSystem_2,blk_4,blk_4,blk_4,blk_4,blk_4,/_0,blk_4,blk_4,blk_4,blk_4,blk_4,blk_4,blk_4,block blk file_7,block blk file_7,block blk file_7]","[allocate_4,receiving_28,receiving_28,receiving_28,none_22,writing_23,add_3,add_3,add_3,none_22,writing_23,none_22,writing_23,transfer_13,serving_0,transfer_13,verification_25,verification_25,verification_25,delete_24,delete_24,delete_24,deleting_34,deleting_34,deleting_34]","[none_4,none_40,none_40,none_40,none_31,none_32,updated_3,updated_3,updated_3,none_31,none_32,none_31,none_32,exception_21,none_0,exception_21,successful_35,successful_35,successful_35,invalid_34,invalid_34,invalid_34,none_46,none_46,none_46]"
5413,"['7', '1', '1', '1', '2', '2', '3', '4', '3', '4', '2', '3', '4', '9', '8', '9', '10', '10', '10', '6', '6', '6', '5', '5', '5']","[NameSystem_2,block blk_6,block blk_6,block blk_6,NameSystem_2,NameSystem_2,blk_4,blk_4,blk_4,blk_4,NameSystem_2,blk_4,blk_4,blk_4,/_0,blk_4,blk_4,blk_4,blk_4,blk_4,blk_4,blk_4,block blk file_7,block blk file_7,block blk file_7]","[allocate_4,receiving_28,receiving_28,receiving_28,add_3,add_3,none_22,writing_23,none_22,writing_23,add_3,none_22,writing_23,transfer_13,serving_0,transfer_13,verification_25,verification_25,verification_25,delete_24,delete_24,delete_24,deleting_34,deleting_34,deleting_34]","[none_4,none_40,none_40,none_40,updated_3,updated_3,none_31,none_32,none_31,none_32,updated_3,none_31,none_32,exception_21,none_0,exception_21,successful_35,successful_35,successful_35,invalid_34,invalid_34,invalid_34,none_46,none_46,none_46]"
5419,"['7', '1', '1', '1', '2', '2', '3', '4', '3', '4', '3', '4', '2', '9', '9', '8', '10', '10', '10', '6', '6', '6', '5', '5', '5']","[NameSystem_2,block blk_6,block blk_6,block blk_6,NameSystem_2,NameSystem_2,blk_4,blk_4,blk_4,blk_4,blk_4,blk_4,NameSystem_2,blk_4,blk_4,/_0,blk_4,blk_4,blk_4,blk_4,blk_4,blk_4,block blk file_7,block blk file_7,block blk file_7]","[allocate_4,receiving_28,receiving_28,receiving_28,add_3,add_3,none_22,writing_23,none_22,writing_23,none_22,writing_23,add_3,transfer_13,transfer_13,serving_0,verification_25,verification_25,verification_25,delete_24,delete_24,delete_24,deleting_34,deleting_34,deleting_34]","[none_4,none_40,none_40,none_40,updated_3,updated_3,none_31,none_32,none_31,none_32,none_31,none_32,updated_3,exception_21,exception_21,none_0,successful_35,successful_35,successful_35,invalid_34,invalid_34,invalid_34,none_46,none_46,none_46]"
5436,"['7', '1', '1', '1', '2', '2', '2', '3', '4', '3', '4', '3', '4', '9', '9', '8', '10', '10', '10', '6', '6', '6', '5', '5', '5']","[NameSystem_2,block blk_6,block blk_6,block blk_6,NameSystem_2,NameSystem_2,NameSystem_2,blk_4,blk_4,blk_4,blk_4,blk_4,blk_4,blk_4,blk_4,/_0,blk_4,blk_4,blk_4,blk_4,blk_4,blk_4,block blk file_7,block blk file_7,block blk file_7]","[allocate_4,receiving_28,receiving_28,receiving_28,add_3,add_3,add_3,none_22,writing_23,none_22,writing_23,none_22,writing_23,transfer_13,transfer_13,serving_0,verification_25,verification_25,verification_25,delete_24,delete_24,delete_24,deleting_34,deleting_34,deleting_34]","[none_4,none_40,none_40,none_40,updated_3,updated_3,updated_3,none_31,none_32,none_31,none_32,none_31,none_32,exception_21,exception_21,none_0,successful_35,successful_35,successful_35,invalid_34,invalid_34,invalid_34,none_46,none_46,none_46]"
5441,"['7', '1', '1', '16']","[NameSystem_2,block blk_6,block blk_6,blk_4]","[allocate_4,receiving_28,receiving_28,writing_23]","[none_4,none_40,none_40,exception_33]"
5447,"['7', '1', '1', '1', '2', '2', '2', '3', '4', '3', '4', '3', '4', '10', '10', '9', '9', '8', '10', '6', '6', '6', '5', '5', '5']","[NameSystem_2,block blk_6,block blk_6,block blk_6,NameSystem_2,NameSystem_2,NameSystem_2,blk_4,blk_4,blk_4,blk_4,blk_4,blk_4,blk_4,blk_4,blk_4,blk_4,/_0,blk_4,blk_4,blk_4,blk_4,block blk file_7,block blk file_7,block blk file_7]","[allocate_4,receiving_28,receiving_28,receiving_28,add_3,add_3,add_3,none_22,writing_23,none_22,writing_23,none_22,writing_23,verification_25,verification_25,transfer_13,transfer_13,serving_0,verification_25,delete_24,delete_24,delete_24,deleting_34,deleting_34,deleting_34]","[none_4,none_40,none_40,none_40,updated_3,updated_3,updated_3,none_31,none_32,none_31,none_32,none_31,none_32,successful_35,successful_35,exception_21,exception_21,none_0,successful_35,invalid_34,invalid_34,invalid_34,none_46,none_46,none_46]"
5472,"['7', '1', '1', '1', '2', '3', '4', '3', '4', '2', '2', '3', '4', '9', '9', '8', '10', '10', '10', '6', '6', '6', '5', '5', '5']","[NameSystem_2,block blk_6,block blk_6,block blk_6,NameSystem_2,blk_4,blk_4,blk_4,blk_4,NameSystem_2,NameSystem_2,blk_4,blk_4,blk_4,blk_4,/_0,blk_4,blk_4,blk_4,blk_4,blk_4,blk_4,block blk file_7,block blk file_7,block blk file_7]","[allocate_4,receiving_28,receiving_28,receiving_28,add_3,none_22,writing_23,none_22,writing_23,add_3,add_3,none_22,writing_23,transfer_13,transfer_13,serving_0,verification_25,verification_25,verification_25,delete_24,delete_24,delete_24,deleting_34,deleting_34,deleting_34]","[none_4,none_40,none_40,none_40,updated_3,none_31,none_32,none_31,none_32,updated_3,updated_3,none_31,none_32,exception_21,exception_21,none_0,successful_35,successful_35,successful_35,invalid_34,invalid_34,invalid_34,none_46,none_46,none_46]"
5481,"['7', '1', '1', '1', '2', '3', '4', '3', '4', '3', '4', '2', '2', '9', '8', '9', '10', '10', '10', '6', '6', '6', '5', '5', '5']","[NameSystem_2,block blk_6,block blk_6,block blk_6,NameSystem_2,blk_4,blk_4,blk_4,blk_4,blk_4,blk_4,NameSystem_2,NameSystem_2,blk_4,/_0,blk_4,blk_4,blk_4,blk_4,blk_4,blk_4,blk_4,block blk file_7,block blk file_7,block blk file_7]","[allocate_4,receiving_28,receiving_28,receiving_28,add_3,none_22,writing_23,none_22,writing_23,none_22,writing_23,add_3,add_3,transfer_13,serving_0,transfer_13,verification_25,verification_25,verification_25,delete_24,delete_24,delete_24,deleting_34,deleting_34,deleting_34]","[none_4,none_40,none_40,none_40,updated_3,none_31,none_32,none_31,none_32,none_31,none_32,updated_3,updated_3,exception_21,none_0,exception_21,successful_35,successful_35,successful_35,invalid_34,invalid_34,invalid_34,none_46,none_46,none_46]"
5486,"['7', '1', '1', '1', '2', '2', '3', '4', '3', '4', '3', '4', '2', '10', '9', '9', '8', '10', '10', '6', '6', '6', '5', '5', '5']","[NameSystem_2,block blk_6,block blk_6,block blk_6,NameSystem_2,NameSystem_2,blk_4,blk_4,blk_4,blk_4,blk_4,blk_4,NameSystem_2,blk_4,blk_4,blk_4,/_0,blk_4,blk_4,blk_4,blk_4,blk_4,block blk file_7,block blk file_7,block blk file_7]","[allocate_4,receiving_28,receiving_28,receiving_28,add_3,add_3,none_22,writing_23,none_22,writing_23,none_22,writing_23,add_3,verification_25,transfer_13,transfer_13,serving_0,verification_25,verification_25,delete_24,delete_24,delete_24,deleting_34,deleting_34,deleting_34]","[none_4,none_40,none_40,none_40,updated_3,updated_3,none_31,none_32,none_31,none_32,none_31,none_32,updated_3,successful_35,exception_21,exception_21,none_0,successful_35,successful_35,invalid_34,invalid_34,invalid_34,none_46,none_46,none_46]"
5487,"['7', '1', '1', '1', '2', '2', '2', '3', '4', '3', '4', '3', '4', '9', '8', '9', '10', '10', '10', '6', '6', '6', '5', '5', '5']","[NameSystem_2,block blk_6,block blk_6,block blk_6,NameSystem_2,NameSystem_2,NameSystem_2,blk_4,blk_4,blk_4,blk_4,blk_4,blk_4,blk_4,/_0,blk_4,blk_4,blk_4,blk_4,blk_4,blk_4,blk_4,block blk file_7,block blk file_7,block blk file_7]","[allocate_4,receiving_28,receiving_28,receiving_28,add_3,add_3,add_3,none_22,writing_23,none_22,writing_23,none_22,writing_23,transfer_13,serving_0,transfer_13,verification_25,verification_25,verification_25,delete_24,delete_24,delete_24,deleting_34,deleting_34,deleting_34]","[none_4,none_40,none_40,none_40,updated_3,updated_3,updated_3,none_31,none_32,none_31,none_32,none_31,none_32,exception_21,none_0,exception_21,successful_35,successful_35,successful_35,invalid_34,invalid_34,invalid_34,none_46,none_46,none_46]"
5496,"['7', '1', '1', '1', '2', '2', '2', '3', '4', '3', '4', '3', '4', '9', '9', '8', '10', '10', '10', '6', '6', '6', '5', '5', '18', '2', '5']","[NameSystem_2,block blk_6,block blk_6,block blk_6,NameSystem_2,NameSystem_2,NameSystem_2,blk_4,blk_4,blk_4,blk_4,blk_4,blk_4,blk_4,blk_4,/_0,blk_4,blk_4,blk_4,blk_4,blk_4,blk_4,block blk file_7,block blk file_7,blk_4,NameSystem_2,block blk file_7]","[allocate_4,receiving_28,receiving_28,receiving_28,add_3,add_3,add_3,none_22,writing_23,none_22,writing_23,none_22,writing_23,transfer_13,transfer_13,serving_0,verification_25,verification_25,verification_25,delete_24,delete_24,delete_24,deleting_34,deleting_34,receive_21,add_3,deleting_34]","[none_4,none_40,none_40,none_40,updated_3,updated_3,updated_3,none_31,none_32,none_31,none_32,none_31,none_32,exception_21,exception_21,none_0,successful_35,successful_35,successful_35,invalid_34,invalid_34,invalid_34,none_46,none_46,error_30,updated_3,none_46]"
5497,"['7', '1', '1', '1', '2', '2', '2', '3', '4', '3', '4', '3', '4', '10', '9', '8', '9', '10', '10', '6', '6', '6', '5', '5', '5']","[NameSystem_2,block blk_6,block blk_6,block blk_6,NameSystem_2,NameSystem_2,NameSystem_2,blk_4,blk_4,blk_4,blk_4,blk_4,blk_4,blk_4,blk_4,/_0,blk_4,blk_4,blk_4,blk_4,blk_4,blk_4,block blk file_7,block blk file_7,block blk file_7]","[allocate_4,receiving_28,receiving_28,receiving_28,add_3,add_3,add_3,none_22,writing_23,none_22,writing_23,none_22,writing_23,verification_25,transfer_13,serving_0,transfer_13,verification_25,verification_25,delete_24,delete_24,delete_24,deleting_34,deleting_34,deleting_34]","[none_4,none_40,none_40,none_40,updated_3,updated_3,updated_3,none_31,none_32,none_31,none_32,none_31,none_32,successful_35,exception_21,none_0,exception_21,successful_35,successful_35,invalid_34,invalid_34,invalid_34,none_46,none_46,none_46]"
5510,"['7', '1', '1', '1', '2', '3', '4', '3', '4', '2', '3', '4', '2', '9', '9', '8', '10', '10', '10', '6', '6', '6', '5', '5', '5']","[NameSystem_2,block blk_6,block blk_6,block blk_6,NameSystem_2,blk_4,blk_4,blk_4,blk_4,NameSystem_2,blk_4,blk_4,NameSystem_2,blk_4,blk_4,/_0,blk_4,blk_4,blk_4,blk_4,blk_4,blk_4,block blk file_7,block blk file_7,block blk file_7]","[allocate_4,receiving_28,receiving_28,receiving_28,add_3,none_22,writing_23,none_22,writing_23,add_3,none_22,writing_23,add_3,transfer_13,transfer_13,serving_0,verification_25,verification_25,verification_25,delete_24,delete_24,delete_24,deleting_34,deleting_34,deleting_34]","[none_4,none_40,none_40,none_40,updated_3,none_31,none_32,none_31,none_32,updated_3,none_31,none_32,updated_3,exception_21,exception_21,none_0,successful_35,successful_35,successful_35,invalid_34,invalid_34,invalid_34,none_46,none_46,none_46]"
5527,"['7', '1', '1', '1', '2', '2', '2', '3', '4', '3', '4', '3', '4', '9', '8', '9', '10', '10', '10', '6', '6', '6', '5', '5', '5']","[NameSystem_2,block blk_6,block blk_6,block blk_6,NameSystem_2,NameSystem_2,NameSystem_2,blk_4,blk_4,blk_4,blk_4,blk_4,blk_4,blk_4,/_0,blk_4,blk_4,blk_4,blk_4,blk_4,blk_4,blk_4,block blk file_7,block blk file_7,block blk file_7]","[allocate_4,receiving_28,receiving_28,receiving_28,add_3,add_3,add_3,none_22,writing_23,none_22,writing_23,none_22,writing_23,transfer_13,serving_0,transfer_13,verification_25,verification_25,verification_25,delete_24,delete_24,delete_24,deleting_34,deleting_34,deleting_34]","[none_4,none_40,none_40,none_40,updated_3,updated_3,updated_3,none_31,none_32,none_31,none_32,none_31,none_32,exception_21,none_0,exception_21,successful_35,successful_35,successful_35,invalid_34,invalid_34,invalid_34,none_46,none_46,none_46]"
5531,"['7', '1', '1', '1', '2', '2', '2', '3', '4', '3', '4', '3', '4', '9', '8', '9', '10', '10', '10', '6', '6', '6', '5', '5', '5']","[NameSystem_2,block blk_6,block blk_6,block blk_6,NameSystem_2,NameSystem_2,NameSystem_2,blk_4,blk_4,blk_4,blk_4,blk_4,blk_4,blk_4,/_0,blk_4,blk_4,blk_4,blk_4,blk_4,blk_4,blk_4,block blk file_7,block blk file_7,block blk file_7]","[allocate_4,receiving_28,receiving_28,receiving_28,add_3,add_3,add_3,none_22,writing_23,none_22,writing_23,none_22,writing_23,transfer_13,serving_0,transfer_13,verification_25,verification_25,verification_25,delete_24,delete_24,delete_24,deleting_34,deleting_34,deleting_34]","[none_4,none_40,none_40,none_40,updated_3,updated_3,updated_3,none_31,none_32,none_31,none_32,none_31,none_32,exception_21,none_0,exception_21,successful_35,successful_35,successful_35,invalid_34,invalid_34,invalid_34,none_46,none_46,none_46]"
5543,"['7', '1', '1', '1', '2', '3', '4', '3', '4', '2', '3', '4', '2', '9', '8', '9', '10', '10', '10', '6', '6', '6', '5', '5', '5']","[NameSystem_2,block blk_6,block blk_6,block blk_6,NameSystem_2,blk_4,blk_4,blk_4,blk_4,NameSystem_2,blk_4,blk_4,NameSystem_2,blk_4,/_0,blk_4,blk_4,blk_4,blk_4,blk_4,blk_4,blk_4,block blk file_7,block blk file_7,block blk file_7]","[allocate_4,receiving_28,receiving_28,receiving_28,add_3,none_22,writing_23,none_22,writing_23,add_3,none_22,writing_23,add_3,transfer_13,serving_0,transfer_13,verification_25,verification_25,verification_25,delete_24,delete_24,delete_24,deleting_34,deleting_34,deleting_34]","[none_4,none_40,none_40,none_40,updated_3,none_31,none_32,none_31,none_32,updated_3,none_31,none_32,updated_3,exception_21,none_0,exception_21,successful_35,successful_35,successful_35,invalid_34,invalid_34,invalid_34,none_46,none_46,none_46]"
5557,"['7', '1', '1', '1', '2', '2', '2', '3', '4', '3', '4', '3', '4', '9', '9', '8', '10', '10', '10', '6', '6', '6', '5', '5', '5']","[NameSystem_2,block blk_6,block blk_6,block blk_6,NameSystem_2,NameSystem_2,NameSystem_2,blk_4,blk_4,blk_4,blk_4,blk_4,blk_4,blk_4,blk_4,/_0,blk_4,blk_4,blk_4,blk_4,blk_4,blk_4,block blk file_7,block blk file_7,block blk file_7]","[allocate_4,receiving_28,receiving_28,receiving_28,add_3,add_3,add_3,none_22,writing_23,none_22,writing_23,none_22,writing_23,transfer_13,transfer_13,serving_0,verification_25,verification_25,verification_25,delete_24,delete_24,delete_24,deleting_34,deleting_34,deleting_34]","[none_4,none_40,none_40,none_40,updated_3,updated_3,updated_3,none_31,none_32,none_31,none_32,none_31,none_32,exception_21,exception_21,none_0,successful_35,successful_35,successful_35,invalid_34,invalid_34,invalid_34,none_46,none_46,none_46]"
5585,"['7', '1', '1', '1', '2', '2', '2', '4', '3', '4', '3', '4', '3', '9', '8', '9', '10', '10', '10', '6', '6', '6', '5', '5', '5']","[NameSystem_2,block blk_6,block blk_6,block blk_6,NameSystem_2,NameSystem_2,NameSystem_2,blk_4,blk_4,blk_4,blk_4,blk_4,blk_4,blk_4,/_0,blk_4,blk_4,blk_4,blk_4,blk_4,blk_4,blk_4,block blk file_7,block blk file_7,block blk file_7]","[allocate_4,receiving_28,receiving_28,receiving_28,add_3,add_3,add_3,writing_23,none_22,writing_23,none_22,writing_23,none_22,transfer_13,serving_0,transfer_13,verification_25,verification_25,verification_25,delete_24,delete_24,delete_24,deleting_34,deleting_34,deleting_34]","[none_4,none_40,none_40,none_40,updated_3,updated_3,updated_3,none_32,none_31,none_32,none_31,none_32,none_31,exception_21,none_0,exception_21,successful_35,successful_35,successful_35,invalid_34,invalid_34,invalid_34,none_46,none_46,none_46]"
5594,"['7', '1', '1', '1', '2', '2', '2', '3', '4', '3', '4', '3', '4', '9', '8', '9', '10', '10', '10', '6', '6', '6', '5', '5', '5']","[NameSystem_2,block blk_6,block blk_6,block blk_6,NameSystem_2,NameSystem_2,NameSystem_2,blk_4,blk_4,blk_4,blk_4,blk_4,blk_4,blk_4,/_0,blk_4,blk_4,blk_4,blk_4,blk_4,blk_4,blk_4,block blk file_7,block blk file_7,block blk file_7]","[allocate_4,receiving_28,receiving_28,receiving_28,add_3,add_3,add_3,none_22,writing_23,none_22,writing_23,none_22,writing_23,transfer_13,serving_0,transfer_13,verification_25,verification_25,verification_25,delete_24,delete_24,delete_24,deleting_34,deleting_34,deleting_34]","[none_4,none_40,none_40,none_40,updated_3,updated_3,updated_3,none_31,none_32,none_31,none_32,none_31,none_32,exception_21,none_0,exception_21,successful_35,successful_35,successful_35,invalid_34,invalid_34,invalid_34,none_46,none_46,none_46]"
5604,"['7', '1', '1', '1', '2', '2', '2', '3', '4', '3', '4', '3', '4', '9', '8', '9', '10', '10', '10', '6', '6', '6', '5', '5', '5']","[NameSystem_2,block blk_6,block blk_6,block blk_6,NameSystem_2,NameSystem_2,NameSystem_2,blk_4,blk_4,blk_4,blk_4,blk_4,blk_4,blk_4,/_0,blk_4,blk_4,blk_4,blk_4,blk_4,blk_4,blk_4,block blk file_7,block blk file_7,block blk file_7]","[allocate_4,receiving_28,receiving_28,receiving_28,add_3,add_3,add_3,none_22,writing_23,none_22,writing_23,none_22,writing_23,transfer_13,serving_0,transfer_13,verification_25,verification_25,verification_25,delete_24,delete_24,delete_24,deleting_34,deleting_34,deleting_34]","[none_4,none_40,none_40,none_40,updated_3,updated_3,updated_3,none_31,none_32,none_31,none_32,none_31,none_32,exception_21,none_0,exception_21,successful_35,successful_35,successful_35,invalid_34,invalid_34,invalid_34,none_46,none_46,none_46]"
5646,"['7', '1', '1', '1', '2', '2', '2', '3', '4', '3', '4', '3', '4', '9', '8', '9', '10', '10', '10', '6', '6', '6', '5', '5', '5']","[NameSystem_2,block blk_6,block blk_6,block blk_6,NameSystem_2,NameSystem_2,NameSystem_2,blk_4,blk_4,blk_4,blk_4,blk_4,blk_4,blk_4,/_0,blk_4,blk_4,blk_4,blk_4,blk_4,blk_4,blk_4,block blk file_7,block blk file_7,block blk file_7]","[allocate_4,receiving_28,receiving_28,receiving_28,add_3,add_3,add_3,none_22,writing_23,none_22,writing_23,none_22,writing_23,transfer_13,serving_0,transfer_13,verification_25,verification_25,verification_25,delete_24,delete_24,delete_24,deleting_34,deleting_34,deleting_34]","[none_4,none_40,none_40,none_40,updated_3,updated_3,updated_3,none_31,none_32,none_31,none_32,none_31,none_32,exception_21,none_0,exception_21,successful_35,successful_35,successful_35,invalid_34,invalid_34,invalid_34,none_46,none_46,none_46]"
5696,"['7', '1', '1', '1', '2', '2', '2', '3', '4', '3', '4', '3', '4', '8', '10', '10', '6', '6', '6', '5', '5', '5']","[NameSystem_2,block blk_6,block blk_6,block blk_6,NameSystem_2,NameSystem_2,NameSystem_2,blk_4,blk_4,blk_4,blk_4,blk_4,blk_4,/_0,blk_4,blk_4,blk_4,blk_4,blk_4,block blk file_7,block blk file_7,block blk file_7]","[allocate_4,receiving_28,receiving_28,receiving_28,add_3,add_3,add_3,none_22,writing_23,none_22,writing_23,none_22,writing_23,serving_0,verification_25,verification_25,delete_24,delete_24,delete_24,deleting_34,deleting_34,deleting_34]","[none_4,none_40,none_40,none_40,updated_3,updated_3,updated_3,none_31,none_32,none_31,none_32,none_31,none_32,none_0,successful_35,successful_35,invalid_34,invalid_34,invalid_34,none_46,none_46,none_46]"
5712,"['7', '1', '1', '1', '2', '2', '2', '3', '4', '3', '4', '3', '4', '9', '9', '8', '10', '10', '10', '6', '6', '6', '5', '5', '5']","[NameSystem_2,block blk_6,block blk_6,block blk_6,NameSystem_2,NameSystem_2,NameSystem_2,blk_4,blk_4,blk_4,blk_4,blk_4,blk_4,blk_4,blk_4,/_0,blk_4,blk_4,blk_4,blk_4,blk_4,blk_4,block blk file_7,block blk file_7,block blk file_7]","[allocate_4,receiving_28,receiving_28,receiving_28,add_3,add_3,add_3,none_22,writing_23,none_22,writing_23,none_22,writing_23,transfer_13,transfer_13,serving_0,verification_25,verification_25,verification_25,delete_24,delete_24,delete_24,deleting_34,deleting_34,deleting_34]","[none_4,none_40,none_40,none_40,updated_3,updated_3,updated_3,none_31,none_32,none_31,none_32,none_31,none_32,exception_21,exception_21,none_0,successful_35,successful_35,successful_35,invalid_34,invalid_34,invalid_34,none_46,none_46,none_46]"
5717,"['7', '1', '1', '1', '2', '2', '3', '4', '4', '3', '4', '2', '3', '10', '8', '10', '10', '6', '6', '6', '5', '5', '5']","[NameSystem_2,block blk_6,block blk_6,block blk_6,NameSystem_2,NameSystem_2,blk_4,blk_4,blk_4,blk_4,blk_4,NameSystem_2,blk_4,blk_4,/_0,blk_4,blk_4,blk_4,blk_4,blk_4,block blk file_7,block blk file_7,block blk file_7]","[allocate_4,receiving_28,receiving_28,receiving_28,add_3,add_3,none_22,writing_23,writing_23,none_22,writing_23,add_3,none_22,verification_25,serving_0,verification_25,verification_25,delete_24,delete_24,delete_24,deleting_34,deleting_34,deleting_34]","[none_4,none_40,none_40,none_40,updated_3,updated_3,none_31,none_32,none_32,none_31,none_32,updated_3,none_31,successful_35,none_0,successful_35,successful_35,invalid_34,invalid_34,invalid_34,none_46,none_46,none_46]"
5725,"['7', '1', '1', '1', '2', '2', '2', '3', '4', '3', '4', '3', '4', '10', '9', '8', '9', '10', '10', '6', '6', '6', '5', '5', '5']","[NameSystem_2,block blk_6,block blk_6,block blk_6,NameSystem_2,NameSystem_2,NameSystem_2,blk_4,blk_4,blk_4,blk_4,blk_4,blk_4,blk_4,blk_4,/_0,blk_4,blk_4,blk_4,blk_4,blk_4,blk_4,block blk file_7,block blk file_7,block blk file_7]","[allocate_4,receiving_28,receiving_28,receiving_28,add_3,add_3,add_3,none_22,writing_23,none_22,writing_23,none_22,writing_23,verification_25,transfer_13,serving_0,transfer_13,verification_25,verification_25,delete_24,delete_24,delete_24,deleting_34,deleting_34,deleting_34]","[none_4,none_40,none_40,none_40,updated_3,updated_3,updated_3,none_31,none_32,none_31,none_32,none_31,none_32,successful_35,exception_21,none_0,exception_21,successful_35,successful_35,invalid_34,invalid_34,invalid_34,none_46,none_46,none_46]"
5734,"['7', '1', '1', '1', '2', '2', '2', '3', '4', '3', '4', '3', '4', '9', '8', '9', '10', '10', '10', '6', '6', '6', '5', '5', '5']","[NameSystem_2,block blk_6,block blk_6,block blk_6,NameSystem_2,NameSystem_2,NameSystem_2,blk_4,blk_4,blk_4,blk_4,blk_4,blk_4,blk_4,/_0,blk_4,blk_4,blk_4,blk_4,blk_4,blk_4,blk_4,block blk file_7,block blk file_7,block blk file_7]","[allocate_4,receiving_28,receiving_28,receiving_28,add_3,add_3,add_3,none_22,writing_23,none_22,writing_23,none_22,writing_23,transfer_13,serving_0,transfer_13,verification_25,verification_25,verification_25,delete_24,delete_24,delete_24,deleting_34,deleting_34,deleting_34]","[none_4,none_40,none_40,none_40,updated_3,updated_3,updated_3,none_31,none_32,none_31,none_32,none_31,none_32,exception_21,none_0,exception_21,successful_35,successful_35,successful_35,invalid_34,invalid_34,invalid_34,none_46,none_46,none_46]"
5736,"['7', '1', '1', '1', '2', '2', '2', '3', '3', '4', '4', '3', '4', '9', '9', '8', '10', '10', '6', '6', '6', '5', '5', '5']","[NameSystem_2,block blk_6,block blk_6,block blk_6,NameSystem_2,NameSystem_2,NameSystem_2,blk_4,blk_4,blk_4,blk_4,blk_4,blk_4,blk_4,blk_4,/_0,blk_4,blk_4,blk_4,blk_4,blk_4,block blk file_7,block blk file_7,block blk file_7]","[allocate_4,receiving_28,receiving_28,receiving_28,add_3,add_3,add_3,none_22,none_22,writing_23,writing_23,none_22,writing_23,transfer_13,transfer_13,serving_0,verification_25,verification_25,delete_24,delete_24,delete_24,deleting_34,deleting_34,deleting_34]","[none_4,none_40,none_40,none_40,updated_3,updated_3,updated_3,none_31,none_31,none_32,none_32,none_31,none_32,exception_21,exception_21,none_0,successful_35,successful_35,invalid_34,invalid_34,invalid_34,none_46,none_46,none_46]"
5747,"['7', '1', '1', '1', '2', '2', '2', '3', '4', '3', '3', '4', '4', '9', '8', '9', '10', '10', '10', '6', '6', '6', '5', '5', '5']","[NameSystem_2,block blk_6,block blk_6,block blk_6,NameSystem_2,NameSystem_2,NameSystem_2,blk_4,blk_4,blk_4,blk_4,blk_4,blk_4,blk_4,/_0,blk_4,blk_4,blk_4,blk_4,blk_4,blk_4,blk_4,block blk file_7,block blk file_7,block blk file_7]","[allocate_4,receiving_28,receiving_28,receiving_28,add_3,add_3,add_3,none_22,writing_23,none_22,none_22,writing_23,writing_23,transfer_13,serving_0,transfer_13,verification_25,verification_25,verification_25,delete_24,delete_24,delete_24,deleting_34,deleting_34,deleting_34]","[none_4,none_40,none_40,none_40,updated_3,updated_3,updated_3,none_31,none_32,none_31,none_31,none_32,none_32,exception_21,none_0,exception_21,successful_35,successful_35,successful_35,invalid_34,invalid_34,invalid_34,none_46,none_46,none_46]"
5756,"['7', '1', '1', '1', '2', '2', '2', '3', '4', '3', '4', '3', '4', '9', '9', '8', '10', '10', '6', '6', '6', '5', '5', '5']","[NameSystem_2,block blk_6,block blk_6,block blk_6,NameSystem_2,NameSystem_2,NameSystem_2,blk_4,blk_4,blk_4,blk_4,blk_4,blk_4,blk_4,blk_4,/_0,blk_4,blk_4,blk_4,blk_4,blk_4,block blk file_7,block blk file_7,block blk file_7]","[allocate_4,receiving_28,receiving_28,receiving_28,add_3,add_3,add_3,none_22,writing_23,none_22,writing_23,none_22,writing_23,transfer_13,transfer_13,serving_0,verification_25,verification_25,delete_24,delete_24,delete_24,deleting_34,deleting_34,deleting_34]","[none_4,none_40,none_40,none_40,updated_3,updated_3,updated_3,none_31,none_32,none_31,none_32,none_31,none_32,exception_21,exception_21,none_0,successful_35,successful_35,invalid_34,invalid_34,invalid_34,none_46,none_46,none_46]"
5760,"['7', '1', '1', '16']","[NameSystem_2,block blk_6,block blk_6,blk_4]","[allocate_4,receiving_28,receiving_28,writing_23]","[none_4,none_40,none_40,exception_33]"
5764,"['7', '1', '1', '1', '2', '2', '2', '3', '4', '3', '4', '3', '4', '8', '10', '10', '6', '6', '6', '5', '5', '5']","[NameSystem_2,block blk_6,block blk_6,block blk_6,NameSystem_2,NameSystem_2,NameSystem_2,blk_4,blk_4,blk_4,blk_4,blk_4,blk_4,/_0,blk_4,blk_4,blk_4,blk_4,blk_4,block blk file_7,block blk file_7,block blk file_7]","[allocate_4,receiving_28,receiving_28,receiving_28,add_3,add_3,add_3,none_22,writing_23,none_22,writing_23,none_22,writing_23,serving_0,verification_25,verification_25,delete_24,delete_24,delete_24,deleting_34,deleting_34,deleting_34]","[none_4,none_40,none_40,none_40,updated_3,updated_3,updated_3,none_31,none_32,none_31,none_32,none_31,none_32,none_0,successful_35,successful_35,invalid_34,invalid_34,invalid_34,none_46,none_46,none_46]"
5781,"['7', '1', '1', '1', '2', '2', '2', '3', '4', '3', '4', '3', '4', '9', '8', '9', '10', '10', '10', '6', '6', '6', '5', '5', '5']","[NameSystem_2,block blk_6,block blk_6,block blk_6,NameSystem_2,NameSystem_2,NameSystem_2,blk_4,blk_4,blk_4,blk_4,blk_4,blk_4,blk_4,/_0,blk_4,blk_4,blk_4,blk_4,blk_4,blk_4,blk_4,block blk file_7,block blk file_7,block blk file_7]","[allocate_4,receiving_28,receiving_28,receiving_28,add_3,add_3,add_3,none_22,writing_23,none_22,writing_23,none_22,writing_23,transfer_13,serving_0,transfer_13,verification_25,verification_25,verification_25,delete_24,delete_24,delete_24,deleting_34,deleting_34,deleting_34]","[none_4,none_40,none_40,none_40,updated_3,updated_3,updated_3,none_31,none_32,none_31,none_32,none_31,none_32,exception_21,none_0,exception_21,successful_35,successful_35,successful_35,invalid_34,invalid_34,invalid_34,none_46,none_46,none_46]"
5799,"['7', '1', '1', '1', '2', '2', '2', '3', '4', '3', '4', '3', '4', '9', '8', '9', '10', '10', '10', '6', '6', '6', '5', '5', '5']","[NameSystem_2,block blk_6,block blk_6,block blk_6,NameSystem_2,NameSystem_2,NameSystem_2,blk_4,blk_4,blk_4,blk_4,blk_4,blk_4,blk_4,/_0,blk_4,blk_4,blk_4,blk_4,blk_4,blk_4,blk_4,block blk file_7,block blk file_7,block blk file_7]","[allocate_4,receiving_28,receiving_28,receiving_28,add_3,add_3,add_3,none_22,writing_23,none_22,writing_23,none_22,writing_23,transfer_13,serving_0,transfer_13,verification_25,verification_25,verification_25,delete_24,delete_24,delete_24,deleting_34,deleting_34,deleting_34]","[none_4,none_40,none_40,none_40,updated_3,updated_3,updated_3,none_31,none_32,none_31,none_32,none_31,none_32,exception_21,none_0,exception_21,successful_35,successful_35,successful_35,invalid_34,invalid_34,invalid_34,none_46,none_46,none_46]"
5820,"['7', '1', '1', '1', '2', '2', '2', '3', '4', '3', '4', '3', '4', '9', '8', '9', '10', '10', '10', '6', '6', '6', '5', '5', '5']","[NameSystem_2,block blk_6,block blk_6,block blk_6,NameSystem_2,NameSystem_2,NameSystem_2,blk_4,blk_4,blk_4,blk_4,blk_4,blk_4,blk_4,/_0,blk_4,blk_4,blk_4,blk_4,blk_4,blk_4,blk_4,block blk file_7,block blk file_7,block blk file_7]","[allocate_4,receiving_28,receiving_28,receiving_28,add_3,add_3,add_3,none_22,writing_23,none_22,writing_23,none_22,writing_23,transfer_13,serving_0,transfer_13,verification_25,verification_25,verification_25,delete_24,delete_24,delete_24,deleting_34,deleting_34,deleting_34]","[none_4,none_40,none_40,none_40,updated_3,updated_3,updated_3,none_31,none_32,none_31,none_32,none_31,none_32,exception_21,none_0,exception_21,successful_35,successful_35,successful_35,invalid_34,invalid_34,invalid_34,none_46,none_46,none_46]"
5840,"['7', '1', '1', '1', '2', '3', '4', '3', '4', '2', '2', '3', '4', '10', '9', '9', '9', '9', '9', '9', '9', '9', '9', '9', '9', '9', '8', '9', '9', '9', '6', '6', '6', '5', '5', '5']","[NameSystem_2,block blk_6,block blk_6,block blk_6,NameSystem_2,blk_4,blk_4,blk_4,blk_4,NameSystem_2,NameSystem_2,blk_4,blk_4,blk_4,blk_4,blk_4,blk_4,blk_4,blk_4,blk_4,blk_4,blk_4,blk_4,blk_4,blk_4,blk_4,/_0,blk_4,blk_4,blk_4,blk_4,blk_4,blk_4,block blk file_7,block blk file_7,block blk file_7]","[allocate_4,receiving_28,receiving_28,receiving_28,add_3,none_22,writing_23,none_22,writing_23,add_3,add_3,none_22,writing_23,verification_25,transfer_13,transfer_13,transfer_13,transfer_13,transfer_13,transfer_13,transfer_13,transfer_13,transfer_13,transfer_13,transfer_13,transfer_13,serving_0,transfer_13,transfer_13,transfer_13,delete_24,delete_24,delete_24,deleting_34,deleting_34,deleting_34]","[none_4,none_40,none_40,none_40,updated_3,none_31,none_32,none_31,none_32,updated_3,updated_3,none_31,none_32,successful_35,exception_21,exception_21,exception_21,exception_21,exception_21,exception_21,exception_21,exception_21,exception_21,exception_21,exception_21,exception_21,none_0,exception_21,exception_21,exception_21,invalid_34,invalid_34,invalid_34,none_46,none_46,none_46]"
5851,"['7', '1', '1', '1', '2', '3', '4', '2', '2', '3', '4', '3', '4', '9', '8', '9', '10', '10', '10', '6', '6', '6', '5', '5', '5']","[NameSystem_2,block blk_6,block blk_6,block blk_6,NameSystem_2,blk_4,blk_4,NameSystem_2,NameSystem_2,blk_4,blk_4,blk_4,blk_4,blk_4,/_0,blk_4,blk_4,blk_4,blk_4,blk_4,blk_4,blk_4,block blk file_7,block blk file_7,block blk file_7]","[allocate_4,receiving_28,receiving_28,receiving_28,add_3,none_22,writing_23,add_3,add_3,none_22,writing_23,none_22,writing_23,transfer_13,serving_0,transfer_13,verification_25,verification_25,verification_25,delete_24,delete_24,delete_24,deleting_34,deleting_34,deleting_34]","[none_4,none_40,none_40,none_40,updated_3,none_31,none_32,updated_3,updated_3,none_31,none_32,none_31,none_32,exception_21,none_0,exception_21,successful_35,successful_35,successful_35,invalid_34,invalid_34,invalid_34,none_46,none_46,none_46]"
5855,"['7', '1', '1', '1', '2', '3', '4', '2', '2', '3', '4', '3', '4', '9', '8', '9', '10', '10', '10', '6', '6', '6', '5', '5', '5']","[NameSystem_2,block blk_6,block blk_6,block blk_6,NameSystem_2,blk_4,blk_4,NameSystem_2,NameSystem_2,blk_4,blk_4,blk_4,blk_4,blk_4,/_0,blk_4,blk_4,blk_4,blk_4,blk_4,blk_4,blk_4,block blk file_7,block blk file_7,block blk file_7]","[allocate_4,receiving_28,receiving_28,receiving_28,add_3,none_22,writing_23,add_3,add_3,none_22,writing_23,none_22,writing_23,transfer_13,serving_0,transfer_13,verification_25,verification_25,verification_25,delete_24,delete_24,delete_24,deleting_34,deleting_34,deleting_34]","[none_4,none_40,none_40,none_40,updated_3,none_31,none_32,updated_3,updated_3,none_31,none_32,none_31,none_32,exception_21,none_0,exception_21,successful_35,successful_35,successful_35,invalid_34,invalid_34,invalid_34,none_46,none_46,none_46]"
5865,"['7', '1', '1', '1', '2', '2', '3', '4', '3', '4', '3', '4', '2', '9', '9', '8', '10', '10', '10', '6', '6', '6', '5', '5', '5']","[NameSystem_2,block blk_6,block blk_6,block blk_6,NameSystem_2,NameSystem_2,blk_4,blk_4,blk_4,blk_4,blk_4,blk_4,NameSystem_2,blk_4,blk_4,/_0,blk_4,blk_4,blk_4,blk_4,blk_4,blk_4,block blk file_7,block blk file_7,block blk file_7]","[allocate_4,receiving_28,receiving_28,receiving_28,add_3,add_3,none_22,writing_23,none_22,writing_23,none_22,writing_23,add_3,transfer_13,transfer_13,serving_0,verification_25,verification_25,verification_25,delete_24,delete_24,delete_24,deleting_34,deleting_34,deleting_34]","[none_4,none_40,none_40,none_40,updated_3,updated_3,none_31,none_32,none_31,none_32,none_31,none_32,updated_3,exception_21,exception_21,none_0,successful_35,successful_35,successful_35,invalid_34,invalid_34,invalid_34,none_46,none_46,none_46]"
5871,"['7', '1', '1', '1', '2', '17', '17', '17', '2', '2', '3', '4', '3', '4', '3', '4', '8', '10', '10', '6', '6', '6', '5', '5', '5']","[NameSystem_2,block blk_6,block blk_6,block blk_6,NameSystem_2,block blk_6,block blk_6,block blk_6,NameSystem_2,NameSystem_2,blk_4,blk_4,blk_4,blk_4,blk_4,blk_4,/_0,blk_4,blk_4,blk_4,blk_4,blk_4,block blk file_7,block blk file_7,block blk file_7]","[allocate_4,receiving_28,receiving_28,receiving_28,add_3,receive_31,receive_31,receive_31,add_3,add_3,none_22,writing_23,none_22,writing_23,none_22,writing_23,serving_0,verification_25,verification_25,delete_24,delete_24,delete_24,deleting_34,deleting_34,deleting_34]","[none_4,none_40,none_40,none_40,updated_3,empty_43,empty_43,empty_43,updated_3,updated_3,none_31,none_32,none_31,none_32,none_31,none_32,none_0,successful_35,successful_35,invalid_34,invalid_34,invalid_34,none_46,none_46,none_46]"
5880,"['7', '1', '1', '1', '2', '2', '2', '3', '4', '3', '4', '3', '4', '10', '9', '8', '9', '10', '10', '6', '6', '6', '5', '5', '5']","[NameSystem_2,block blk_6,block blk_6,block blk_6,NameSystem_2,NameSystem_2,NameSystem_2,blk_4,blk_4,blk_4,blk_4,blk_4,blk_4,blk_4,blk_4,/_0,blk_4,blk_4,blk_4,blk_4,blk_4,blk_4,block blk file_7,block blk file_7,block blk file_7]","[allocate_4,receiving_28,receiving_28,receiving_28,add_3,add_3,add_3,none_22,writing_23,none_22,writing_23,none_22,writing_23,verification_25,transfer_13,serving_0,transfer_13,verification_25,verification_25,delete_24,delete_24,delete_24,deleting_34,deleting_34,deleting_34]","[none_4,none_40,none_40,none_40,updated_3,updated_3,updated_3,none_31,none_32,none_31,none_32,none_31,none_32,successful_35,exception_21,none_0,exception_21,successful_35,successful_35,invalid_34,invalid_34,invalid_34,none_46,none_46,none_46]"
5881,"['7', '1', '1', '1', '2', '3', '4', '2', '2', '3', '4', '3', '4', '9', '8', '9', '10', '10', '6', '6', '6', '5', '5', '5']","[NameSystem_2,block blk_6,block blk_6,block blk_6,NameSystem_2,blk_4,blk_4,NameSystem_2,NameSystem_2,blk_4,blk_4,blk_4,blk_4,blk_4,/_0,blk_4,blk_4,blk_4,blk_4,blk_4,blk_4,block blk file_7,block blk file_7,block blk file_7]","[allocate_4,receiving_28,receiving_28,receiving_28,add_3,none_22,writing_23,add_3,add_3,none_22,writing_23,none_22,writing_23,transfer_13,serving_0,transfer_13,verification_25,verification_25,delete_24,delete_24,delete_24,deleting_34,deleting_34,deleting_34]","[none_4,none_40,none_40,none_40,updated_3,none_31,none_32,updated_3,updated_3,none_31,none_32,none_31,none_32,exception_21,none_0,exception_21,successful_35,successful_35,invalid_34,invalid_34,invalid_34,none_46,none_46,none_46]"
5884,"['7', '1', '1', '1', '2', '2', '2', '3', '4', '3', '4', '3', '4', '9', '9', '8', '10', '10', '6', '6', '6', '5', '5', '5']","[NameSystem_2,block blk_6,block blk_6,block blk_6,NameSystem_2,NameSystem_2,NameSystem_2,blk_4,blk_4,blk_4,blk_4,blk_4,blk_4,blk_4,blk_4,/_0,blk_4,blk_4,blk_4,blk_4,blk_4,block blk file_7,block blk file_7,block blk file_7]","[allocate_4,receiving_28,receiving_28,receiving_28,add_3,add_3,add_3,none_22,writing_23,none_22,writing_23,none_22,writing_23,transfer_13,transfer_13,serving_0,verification_25,verification_25,delete_24,delete_24,delete_24,deleting_34,deleting_34,deleting_34]","[none_4,none_40,none_40,none_40,updated_3,updated_3,updated_3,none_31,none_32,none_31,none_32,none_31,none_32,exception_21,exception_21,none_0,successful_35,successful_35,invalid_34,invalid_34,invalid_34,none_46,none_46,none_46]"
5892,"['7', '1', '1', '1', '2', '2', '2', '3', '4', '3', '4', '3', '4', '9', '8', '9', '10', '10', '10', '6', '6', '6', '5', '5', '5']","[NameSystem_2,block blk_6,block blk_6,block blk_6,NameSystem_2,NameSystem_2,NameSystem_2,blk_4,blk_4,blk_4,blk_4,blk_4,blk_4,blk_4,/_0,blk_4,blk_4,blk_4,blk_4,blk_4,blk_4,blk_4,block blk file_7,block blk file_7,block blk file_7]","[allocate_4,receiving_28,receiving_28,receiving_28,add_3,add_3,add_3,none_22,writing_23,none_22,writing_23,none_22,writing_23,transfer_13,serving_0,transfer_13,verification_25,verification_25,verification_25,delete_24,delete_24,delete_24,deleting_34,deleting_34,deleting_34]","[none_4,none_40,none_40,none_40,updated_3,updated_3,updated_3,none_31,none_32,none_31,none_32,none_31,none_32,exception_21,none_0,exception_21,successful_35,successful_35,successful_35,invalid_34,invalid_34,invalid_34,none_46,none_46,none_46]"
5913,"['7', '1', '1', '1', '2', '2', '3', '4', '3', '4', '3', '4', '2', '9', '9', '8', '10', '10', '10', '6', '6', '6', '5', '5', '5']","[NameSystem_2,block blk_6,block blk_6,block blk_6,NameSystem_2,NameSystem_2,blk_4,blk_4,blk_4,blk_4,blk_4,blk_4,NameSystem_2,blk_4,blk_4,/_0,blk_4,blk_4,blk_4,blk_4,blk_4,blk_4,block blk file_7,block blk file_7,block blk file_7]","[allocate_4,receiving_28,receiving_28,receiving_28,add_3,add_3,none_22,writing_23,none_22,writing_23,none_22,writing_23,add_3,transfer_13,transfer_13,serving_0,verification_25,verification_25,verification_25,delete_24,delete_24,delete_24,deleting_34,deleting_34,deleting_34]","[none_4,none_40,none_40,none_40,updated_3,updated_3,none_31,none_32,none_31,none_32,none_31,none_32,updated_3,exception_21,exception_21,none_0,successful_35,successful_35,successful_35,invalid_34,invalid_34,invalid_34,none_46,none_46,none_46]"
5920,"['7', '1', '1', '1', '2', '2', '2', '3', '4', '3', '4', '3', '4', '8', '10', '10', '6', '6', '6', '5', '5', '5']","[NameSystem_2,block blk_6,block blk_6,block blk_6,NameSystem_2,NameSystem_2,NameSystem_2,blk_4,blk_4,blk_4,blk_4,blk_4,blk_4,/_0,blk_4,blk_4,blk_4,blk_4,blk_4,block blk file_7,block blk file_7,block blk file_7]","[allocate_4,receiving_28,receiving_28,receiving_28,add_3,add_3,add_3,none_22,writing_23,none_22,writing_23,none_22,writing_23,serving_0,verification_25,verification_25,delete_24,delete_24,delete_24,deleting_34,deleting_34,deleting_34]","[none_4,none_40,none_40,none_40,updated_3,updated_3,updated_3,none_31,none_32,none_31,none_32,none_31,none_32,none_0,successful_35,successful_35,invalid_34,invalid_34,invalid_34,none_46,none_46,none_46]"
5932,"['7', '1', '1', '1', '2', '2', '2', '3', '4', '3', '4', '3', '4', '10', '9', '9', '8', '10', '10', '6', '6', '6', '5', '5', '5']","[NameSystem_2,block blk_6,block blk_6,block blk_6,NameSystem_2,NameSystem_2,NameSystem_2,blk_4,blk_4,blk_4,blk_4,blk_4,blk_4,blk_4,blk_4,blk_4,/_0,blk_4,blk_4,blk_4,blk_4,blk_4,block blk file_7,block blk file_7,block blk file_7]","[allocate_4,receiving_28,receiving_28,receiving_28,add_3,add_3,add_3,none_22,writing_23,none_22,writing_23,none_22,writing_23,verification_25,transfer_13,transfer_13,serving_0,verification_25,verification_25,delete_24,delete_24,delete_24,deleting_34,deleting_34,deleting_34]","[none_4,none_40,none_40,none_40,updated_3,updated_3,updated_3,none_31,none_32,none_31,none_32,none_31,none_32,successful_35,exception_21,exception_21,none_0,successful_35,successful_35,invalid_34,invalid_34,invalid_34,none_46,none_46,none_46]"
5934,"['7', '1', '1', '1', '2', '2', '2', '3', '4', '3', '4', '3', '4', '8', '10', '10', '6', '6', '6', '5', '5', '5']","[NameSystem_2,block blk_6,block blk_6,block blk_6,NameSystem_2,NameSystem_2,NameSystem_2,blk_4,blk_4,blk_4,blk_4,blk_4,blk_4,/_0,blk_4,blk_4,blk_4,blk_4,blk_4,block blk file_7,block blk file_7,block blk file_7]","[allocate_4,receiving_28,receiving_28,receiving_28,add_3,add_3,add_3,none_22,writing_23,none_22,writing_23,none_22,writing_23,serving_0,verification_25,verification_25,delete_24,delete_24,delete_24,deleting_34,deleting_34,deleting_34]","[none_4,none_40,none_40,none_40,updated_3,updated_3,updated_3,none_31,none_32,none_31,none_32,none_31,none_32,none_0,successful_35,successful_35,invalid_34,invalid_34,invalid_34,none_46,none_46,none_46]"
5945,"['7', '1', '1', '1', '2', '2', '2', '3', '4', '3', '4', '3', '4', '9', '9', '8', '10', '10', '10', '6', '6', '6', '5', '5', '5']","[NameSystem_2,block blk_6,block blk_6,block blk_6,NameSystem_2,NameSystem_2,NameSystem_2,blk_4,blk_4,blk_4,blk_4,blk_4,blk_4,blk_4,blk_4,/_0,blk_4,blk_4,blk_4,blk_4,blk_4,blk_4,block blk file_7,block blk file_7,block blk file_7]","[allocate_4,receiving_28,receiving_28,receiving_28,add_3,add_3,add_3,none_22,writing_23,none_22,writing_23,none_22,writing_23,transfer_13,transfer_13,serving_0,verification_25,verification_25,verification_25,delete_24,delete_24,delete_24,deleting_34,deleting_34,deleting_34]","[none_4,none_40,none_40,none_40,updated_3,updated_3,updated_3,none_31,none_32,none_31,none_32,none_31,none_32,exception_21,exception_21,none_0,successful_35,successful_35,successful_35,invalid_34,invalid_34,invalid_34,none_46,none_46,none_46]"
5954,"['7', '1', '1', '1', '2', '2', '2', '3', '4', '3', '4', '3', '4', '9', '8', '9', '10', '10', '10', '6', '6', '6', '5', '5', '5']","[NameSystem_2,block blk_6,block blk_6,block blk_6,NameSystem_2,NameSystem_2,NameSystem_2,blk_4,blk_4,blk_4,blk_4,blk_4,blk_4,blk_4,/_0,blk_4,blk_4,blk_4,blk_4,blk_4,blk_4,blk_4,block blk file_7,block blk file_7,block blk file_7]","[allocate_4,receiving_28,receiving_28,receiving_28,add_3,add_3,add_3,none_22,writing_23,none_22,writing_23,none_22,writing_23,transfer_13,serving_0,transfer_13,verification_25,verification_25,verification_25,delete_24,delete_24,delete_24,deleting_34,deleting_34,deleting_34]","[none_4,none_40,none_40,none_40,updated_3,updated_3,updated_3,none_31,none_32,none_31,none_32,none_31,none_32,exception_21,none_0,exception_21,successful_35,successful_35,successful_35,invalid_34,invalid_34,invalid_34,none_46,none_46,none_46]"
5957,"['7', '1', '1', '1', '2', '2', '2', '3', '4', '3', '4', '3', '4', '10', '8', '10', '10', '6', '6', '6', '5', '5', '5']","[NameSystem_2,block blk_6,block blk_6,block blk_6,NameSystem_2,NameSystem_2,NameSystem_2,blk_4,blk_4,blk_4,blk_4,blk_4,blk_4,blk_4,/_0,blk_4,blk_4,blk_4,blk_4,blk_4,block blk file_7,block blk file_7,block blk file_7]","[allocate_4,receiving_28,receiving_28,receiving_28,add_3,add_3,add_3,none_22,writing_23,none_22,writing_23,none_22,writing_23,verification_25,serving_0,verification_25,verification_25,delete_24,delete_24,delete_24,deleting_34,deleting_34,deleting_34]","[none_4,none_40,none_40,none_40,updated_3,updated_3,updated_3,none_31,none_32,none_31,none_32,none_31,none_32,successful_35,none_0,successful_35,successful_35,invalid_34,invalid_34,invalid_34,none_46,none_46,none_46]"
5962,"['7', '1', '1', '1', '2', '2', '3', '4', '3', '4', '3', '4', '2', '9', '9', '8', '10', '10', '10', '6', '6', '6', '5', '5', '5']","[NameSystem_2,block blk_6,block blk_6,block blk_6,NameSystem_2,NameSystem_2,blk_4,blk_4,blk_4,blk_4,blk_4,blk_4,NameSystem_2,blk_4,blk_4,/_0,blk_4,blk_4,blk_4,blk_4,blk_4,blk_4,block blk file_7,block blk file_7,block blk file_7]","[allocate_4,receiving_28,receiving_28,receiving_28,add_3,add_3,none_22,writing_23,none_22,writing_23,none_22,writing_23,add_3,transfer_13,transfer_13,serving_0,verification_25,verification_25,verification_25,delete_24,delete_24,delete_24,deleting_34,deleting_34,deleting_34]","[none_4,none_40,none_40,none_40,updated_3,updated_3,none_31,none_32,none_31,none_32,none_31,none_32,updated_3,exception_21,exception_21,none_0,successful_35,successful_35,successful_35,invalid_34,invalid_34,invalid_34,none_46,none_46,none_46]"
5972,"['7', '1', '1', '1', '2', '2', '2', '3', '4', '3', '4', '3', '4', '9', '8', '9', '10', '10', '10', '6', '6', '6', '5', '5', '5']","[NameSystem_2,block blk_6,block blk_6,block blk_6,NameSystem_2,NameSystem_2,NameSystem_2,blk_4,blk_4,blk_4,blk_4,blk_4,blk_4,blk_4,/_0,blk_4,blk_4,blk_4,blk_4,blk_4,blk_4,blk_4,block blk file_7,block blk file_7,block blk file_7]","[allocate_4,receiving_28,receiving_28,receiving_28,add_3,add_3,add_3,none_22,writing_23,none_22,writing_23,none_22,writing_23,transfer_13,serving_0,transfer_13,verification_25,verification_25,verification_25,delete_24,delete_24,delete_24,deleting_34,deleting_34,deleting_34]","[none_4,none_40,none_40,none_40,updated_3,updated_3,updated_3,none_31,none_32,none_31,none_32,none_31,none_32,exception_21,none_0,exception_21,successful_35,successful_35,successful_35,invalid_34,invalid_34,invalid_34,none_46,none_46,none_46]"
5987,"['7', '1', '1', '1', '2', '2', '2', '3', '4', '3', '4', '3', '4', '9', '9', '8', '10', '10', '10', '6', '6', '6', '5', '5', '5']","[NameSystem_2,block blk_6,block blk_6,block blk_6,NameSystem_2,NameSystem_2,NameSystem_2,blk_4,blk_4,blk_4,blk_4,blk_4,blk_4,blk_4,blk_4,/_0,blk_4,blk_4,blk_4,blk_4,blk_4,blk_4,block blk file_7,block blk file_7,block blk file_7]","[allocate_4,receiving_28,receiving_28,receiving_28,add_3,add_3,add_3,none_22,writing_23,none_22,writing_23,none_22,writing_23,transfer_13,transfer_13,serving_0,verification_25,verification_25,verification_25,delete_24,delete_24,delete_24,deleting_34,deleting_34,deleting_34]","[none_4,none_40,none_40,none_40,updated_3,updated_3,updated_3,none_31,none_32,none_31,none_32,none_31,none_32,exception_21,exception_21,none_0,successful_35,successful_35,successful_35,invalid_34,invalid_34,invalid_34,none_46,none_46,none_46]"
5990,"['7', '1', '1', '1', '4', '2', '2', '2', '3', '4', '3', '3', '4', '9', '9', '8', '10', '10', '10', '6', '6', '6', '5', '5', '5']","[NameSystem_2,block blk_6,block blk_6,block blk_6,blk_4,NameSystem_2,NameSystem_2,NameSystem_2,blk_4,blk_4,blk_4,blk_4,blk_4,blk_4,blk_4,/_0,blk_4,blk_4,blk_4,blk_4,blk_4,blk_4,block blk file_7,block blk file_7,block blk file_7]","[allocate_4,receiving_28,receiving_28,receiving_28,writing_23,add_3,add_3,add_3,none_22,writing_23,none_22,none_22,writing_23,transfer_13,transfer_13,serving_0,verification_25,verification_25,verification_25,delete_24,delete_24,delete_24,deleting_34,deleting_34,deleting_34]","[none_4,none_40,none_40,none_40,none_32,updated_3,updated_3,updated_3,none_31,none_32,none_31,none_31,none_32,exception_21,exception_21,none_0,successful_35,successful_35,successful_35,invalid_34,invalid_34,invalid_34,none_46,none_46,none_46]"
5996,"['7', '1', '1', '1', '2', '2', '3', '4', '3', '4', '3', '4', '2', '10', '9', '8', '9', '10', '10', '6', '6', '6', '5', '5', '5']","[NameSystem_2,block blk_6,block blk_6,block blk_6,NameSystem_2,NameSystem_2,blk_4,blk_4,blk_4,blk_4,blk_4,blk_4,NameSystem_2,blk_4,blk_4,/_0,blk_4,blk_4,blk_4,blk_4,blk_4,blk_4,block blk file_7,block blk file_7,block blk file_7]","[allocate_4,receiving_28,receiving_28,receiving_28,add_3,add_3,none_22,writing_23,none_22,writing_23,none_22,writing_23,add_3,verification_25,transfer_13,serving_0,transfer_13,verification_25,verification_25,delete_24,delete_24,delete_24,deleting_34,deleting_34,deleting_34]","[none_4,none_40,none_40,none_40,updated_3,updated_3,none_31,none_32,none_31,none_32,none_31,none_32,updated_3,successful_35,exception_21,none_0,exception_21,successful_35,successful_35,invalid_34,invalid_34,invalid_34,none_46,none_46,none_46]"
6032,"['7', '1', '1', '1', '2', '2', '2', '3', '4', '3', '4', '3', '4', '9', '9', '8', '10', '10', '10', '6', '6', '6', '5', '5', '5']","[NameSystem_2,block blk_6,block blk_6,block blk_6,NameSystem_2,NameSystem_2,NameSystem_2,blk_4,blk_4,blk_4,blk_4,blk_4,blk_4,blk_4,blk_4,/_0,blk_4,blk_4,blk_4,blk_4,blk_4,blk_4,block blk file_7,block blk file_7,block blk file_7]","[allocate_4,receiving_28,receiving_28,receiving_28,add_3,add_3,add_3,none_22,writing_23,none_22,writing_23,none_22,writing_23,transfer_13,transfer_13,serving_0,verification_25,verification_25,verification_25,delete_24,delete_24,delete_24,deleting_34,deleting_34,deleting_34]","[none_4,none_40,none_40,none_40,updated_3,updated_3,updated_3,none_31,none_32,none_31,none_32,none_31,none_32,exception_21,exception_21,none_0,successful_35,successful_35,successful_35,invalid_34,invalid_34,invalid_34,none_46,none_46,none_46]"
6051,"['7', '1', '1', '1', '2', '2', '2', '3', '4', '3', '4', '3', '4', '9', '9', '8', '10', '10', '6', '6', '6', '5', '5', '5']","[NameSystem_2,block blk_6,block blk_6,block blk_6,NameSystem_2,NameSystem_2,NameSystem_2,blk_4,blk_4,blk_4,blk_4,blk_4,blk_4,blk_4,blk_4,/_0,blk_4,blk_4,blk_4,blk_4,blk_4,block blk file_7,block blk file_7,block blk file_7]","[allocate_4,receiving_28,receiving_28,receiving_28,add_3,add_3,add_3,none_22,writing_23,none_22,writing_23,none_22,writing_23,transfer_13,transfer_13,serving_0,verification_25,verification_25,delete_24,delete_24,delete_24,deleting_34,deleting_34,deleting_34]","[none_4,none_40,none_40,none_40,updated_3,updated_3,updated_3,none_31,none_32,none_31,none_32,none_31,none_32,exception_21,exception_21,none_0,successful_35,successful_35,invalid_34,invalid_34,invalid_34,none_46,none_46,none_46]"
6062,"['7', '1', '1', '1', '2', '2', '3', '4', '3', '4', '2', '3', '4', '9', '8', '9', '10', '10', '10', '6', '6', '6', '5', '5', '5']","[NameSystem_2,block blk_6,block blk_6,block blk_6,NameSystem_2,NameSystem_2,blk_4,blk_4,blk_4,blk_4,NameSystem_2,blk_4,blk_4,blk_4,/_0,blk_4,blk_4,blk_4,blk_4,blk_4,blk_4,blk_4,block blk file_7,block blk file_7,block blk file_7]","[allocate_4,receiving_28,receiving_28,receiving_28,add_3,add_3,none_22,writing_23,none_22,writing_23,add_3,none_22,writing_23,transfer_13,serving_0,transfer_13,verification_25,verification_25,verification_25,delete_24,delete_24,delete_24,deleting_34,deleting_34,deleting_34]","[none_4,none_40,none_40,none_40,updated_3,updated_3,none_31,none_32,none_31,none_32,updated_3,none_31,none_32,exception_21,none_0,exception_21,successful_35,successful_35,successful_35,invalid_34,invalid_34,invalid_34,none_46,none_46,none_46]"
6094,"['7', '1', '1', '1', '2', '2', '2', '3', '4', '3', '4', '3', '4', '9', '8', '9', '10', '10', '10', '6', '6', '6', '5', '5', '5']","[NameSystem_2,block blk_6,block blk_6,block blk_6,NameSystem_2,NameSystem_2,NameSystem_2,blk_4,blk_4,blk_4,blk_4,blk_4,blk_4,blk_4,/_0,blk_4,blk_4,blk_4,blk_4,blk_4,blk_4,blk_4,block blk file_7,block blk file_7,block blk file_7]","[allocate_4,receiving_28,receiving_28,receiving_28,add_3,add_3,add_3,none_22,writing_23,none_22,writing_23,none_22,writing_23,transfer_13,serving_0,transfer_13,verification_25,verification_25,verification_25,delete_24,delete_24,delete_24,deleting_34,deleting_34,deleting_34]","[none_4,none_40,none_40,none_40,updated_3,updated_3,updated_3,none_31,none_32,none_31,none_32,none_31,none_32,exception_21,none_0,exception_21,successful_35,successful_35,successful_35,invalid_34,invalid_34,invalid_34,none_46,none_46,none_46]"
6099,"['7', '1', '1', '1', '2', '2', '2', '3', '4', '3', '4', '3', '4', '10', '9', '8', '9', '10', '10', '6', '6', '6', '5', '5', '5']","[NameSystem_2,block blk_6,block blk_6,block blk_6,NameSystem_2,NameSystem_2,NameSystem_2,blk_4,blk_4,blk_4,blk_4,blk_4,blk_4,blk_4,blk_4,/_0,blk_4,blk_4,blk_4,blk_4,blk_4,blk_4,block blk file_7,block blk file_7,block blk file_7]","[allocate_4,receiving_28,receiving_28,receiving_28,add_3,add_3,add_3,none_22,writing_23,none_22,writing_23,none_22,writing_23,verification_25,transfer_13,serving_0,transfer_13,verification_25,verification_25,delete_24,delete_24,delete_24,deleting_34,deleting_34,deleting_34]","[none_4,none_40,none_40,none_40,updated_3,updated_3,updated_3,none_31,none_32,none_31,none_32,none_31,none_32,successful_35,exception_21,none_0,exception_21,successful_35,successful_35,invalid_34,invalid_34,invalid_34,none_46,none_46,none_46]"
6105,"['7', '1', '1', '1', '2', '2', '3', '4', '3', '4', '3', '4', '2', '9', '8', '9', '10', '10', '6', '6', '6', '5', '5', '5']","[NameSystem_2,block blk_6,block blk_6,block blk_6,NameSystem_2,NameSystem_2,blk_4,blk_4,blk_4,blk_4,blk_4,blk_4,NameSystem_2,blk_4,/_0,blk_4,blk_4,blk_4,blk_4,blk_4,blk_4,block blk file_7,block blk file_7,block blk file_7]","[allocate_4,receiving_28,receiving_28,receiving_28,add_3,add_3,none_22,writing_23,none_22,writing_23,none_22,writing_23,add_3,transfer_13,serving_0,transfer_13,verification_25,verification_25,delete_24,delete_24,delete_24,deleting_34,deleting_34,deleting_34]","[none_4,none_40,none_40,none_40,updated_3,updated_3,none_31,none_32,none_31,none_32,none_31,none_32,updated_3,exception_21,none_0,exception_21,successful_35,successful_35,invalid_34,invalid_34,invalid_34,none_46,none_46,none_46]"
6109,"['7', '1', '1', '1', '2', '3', '4', '2', '3', '4', '3', '4', '2', '9', '8', '9', '10', '10', '10', '6', '6', '6', '5', '5', '5']","[NameSystem_2,block blk_6,block blk_6,block blk_6,NameSystem_2,blk_4,blk_4,NameSystem_2,blk_4,blk_4,blk_4,blk_4,NameSystem_2,blk_4,/_0,blk_4,blk_4,blk_4,blk_4,blk_4,blk_4,blk_4,block blk file_7,block blk file_7,block blk file_7]","[allocate_4,receiving_28,receiving_28,receiving_28,add_3,none_22,writing_23,add_3,none_22,writing_23,none_22,writing_23,add_3,transfer_13,serving_0,transfer_13,verification_25,verification_25,verification_25,delete_24,delete_24,delete_24,deleting_34,deleting_34,deleting_34]","[none_4,none_40,none_40,none_40,updated_3,none_31,none_32,updated_3,none_31,none_32,none_31,none_32,updated_3,exception_21,none_0,exception_21,successful_35,successful_35,successful_35,invalid_34,invalid_34,invalid_34,none_46,none_46,none_46]"
6119,"['7', '1', '1', '1', '2', '2', '2', '3', '4', '3', '4', '3', '4', '8', '10', '10', '6', '6', '6', '5', '5', '5']","[NameSystem_2,block blk_6,block blk_6,block blk_6,NameSystem_2,NameSystem_2,NameSystem_2,blk_4,blk_4,blk_4,blk_4,blk_4,blk_4,/_0,blk_4,blk_4,blk_4,blk_4,blk_4,block blk file_7,block blk file_7,block blk file_7]","[allocate_4,receiving_28,receiving_28,receiving_28,add_3,add_3,add_3,none_22,writing_23,none_22,writing_23,none_22,writing_23,serving_0,verification_25,verification_25,delete_24,delete_24,delete_24,deleting_34,deleting_34,deleting_34]","[none_4,none_40,none_40,none_40,updated_3,updated_3,updated_3,none_31,none_32,none_31,none_32,none_31,none_32,none_0,successful_35,successful_35,invalid_34,invalid_34,invalid_34,none_46,none_46,none_46]"
6132,"['7', '1', '1', '1', '2', '2', '2', '3', '4', '3', '4', '3', '4', '10', '8', '10', '10', '6', '6', '6', '5', '5', '5']","[NameSystem_2,block blk_6,block blk_6,block blk_6,NameSystem_2,NameSystem_2,NameSystem_2,blk_4,blk_4,blk_4,blk_4,blk_4,blk_4,blk_4,/_0,blk_4,blk_4,blk_4,blk_4,blk_4,block blk file_7,block blk file_7,block blk file_7]","[allocate_4,receiving_28,receiving_28,receiving_28,add_3,add_3,add_3,none_22,writing_23,none_22,writing_23,none_22,writing_23,verification_25,serving_0,verification_25,verification_25,delete_24,delete_24,delete_24,deleting_34,deleting_34,deleting_34]","[none_4,none_40,none_40,none_40,updated_3,updated_3,updated_3,none_31,none_32,none_31,none_32,none_31,none_32,successful_35,none_0,successful_35,successful_35,invalid_34,invalid_34,invalid_34,none_46,none_46,none_46]"
6133,"['7', '1', '1', '1', '2', '2', '3', '4', '3', '4', '3', '4', '2', '9', '8', '9', '10', '10', '10', '6', '6', '6', '5', '5', '5']","[NameSystem_2,block blk_6,block blk_6,block blk_6,NameSystem_2,NameSystem_2,blk_4,blk_4,blk_4,blk_4,blk_4,blk_4,NameSystem_2,blk_4,/_0,blk_4,blk_4,blk_4,blk_4,blk_4,blk_4,blk_4,block blk file_7,block blk file_7,block blk file_7]","[allocate_4,receiving_28,receiving_28,receiving_28,add_3,add_3,none_22,writing_23,none_22,writing_23,none_22,writing_23,add_3,transfer_13,serving_0,transfer_13,verification_25,verification_25,verification_25,delete_24,delete_24,delete_24,deleting_34,deleting_34,deleting_34]","[none_4,none_40,none_40,none_40,updated_3,updated_3,none_31,none_32,none_31,none_32,none_31,none_32,updated_3,exception_21,none_0,exception_21,successful_35,successful_35,successful_35,invalid_34,invalid_34,invalid_34,none_46,none_46,none_46]"
6138,"['7', '1', '1', '1', '2', '2', '3', '4', '3', '4', '3', '4', '2', '9', '8', '9', '10', '10', '6', '6', '6', '5', '5', '5']","[NameSystem_2,block blk_6,block blk_6,block blk_6,NameSystem_2,NameSystem_2,blk_4,blk_4,blk_4,blk_4,blk_4,blk_4,NameSystem_2,blk_4,/_0,blk_4,blk_4,blk_4,blk_4,blk_4,blk_4,block blk file_7,block blk file_7,block blk file_7]","[allocate_4,receiving_28,receiving_28,receiving_28,add_3,add_3,none_22,writing_23,none_22,writing_23,none_22,writing_23,add_3,transfer_13,serving_0,transfer_13,verification_25,verification_25,delete_24,delete_24,delete_24,deleting_34,deleting_34,deleting_34]","[none_4,none_40,none_40,none_40,updated_3,updated_3,none_31,none_32,none_31,none_32,none_31,none_32,updated_3,exception_21,none_0,exception_21,successful_35,successful_35,invalid_34,invalid_34,invalid_34,none_46,none_46,none_46]"
6149,"['7', '1', '1', '1', '2', '2', '4', '3', '4', '3', '4', '3', '2', '9', '8', '9', '10', '10', '10', '6', '6', '6', '5', '5', '5']","[NameSystem_2,block blk_6,block blk_6,block blk_6,NameSystem_2,NameSystem_2,blk_4,blk_4,blk_4,blk_4,blk_4,blk_4,NameSystem_2,blk_4,/_0,blk_4,blk_4,blk_4,blk_4,blk_4,blk_4,blk_4,block blk file_7,block blk file_7,block blk file_7]","[allocate_4,receiving_28,receiving_28,receiving_28,add_3,add_3,writing_23,none_22,writing_23,none_22,writing_23,none_22,add_3,transfer_13,serving_0,transfer_13,verification_25,verification_25,verification_25,delete_24,delete_24,delete_24,deleting_34,deleting_34,deleting_34]","[none_4,none_40,none_40,none_40,updated_3,updated_3,none_32,none_31,none_32,none_31,none_32,none_31,updated_3,exception_21,none_0,exception_21,successful_35,successful_35,successful_35,invalid_34,invalid_34,invalid_34,none_46,none_46,none_46]"
6150,"['7', '1', '1', '1', '2', '2', '2', '3', '4', '3', '4', '3', '4', '9', '8', '9', '10', '10', '10', '6', '6', '6', '5', '5', '5']","[NameSystem_2,block blk_6,block blk_6,block blk_6,NameSystem_2,NameSystem_2,NameSystem_2,blk_4,blk_4,blk_4,blk_4,blk_4,blk_4,blk_4,/_0,blk_4,blk_4,blk_4,blk_4,blk_4,blk_4,blk_4,block blk file_7,block blk file_7,block blk file_7]","[allocate_4,receiving_28,receiving_28,receiving_28,add_3,add_3,add_3,none_22,writing_23,none_22,writing_23,none_22,writing_23,transfer_13,serving_0,transfer_13,verification_25,verification_25,verification_25,delete_24,delete_24,delete_24,deleting_34,deleting_34,deleting_34]","[none_4,none_40,none_40,none_40,updated_3,updated_3,updated_3,none_31,none_32,none_31,none_32,none_31,none_32,exception_21,none_0,exception_21,successful_35,successful_35,successful_35,invalid_34,invalid_34,invalid_34,none_46,none_46,none_46]"
6159,"['7', '1', '1', '1', '2', '2', '3', '4', '3', '4', '2', '3', '4', '9', '8', '9', '10', '10', '10', '6', '6', '6', '5', '5', '5']","[NameSystem_2,block blk_6,block blk_6,block blk_6,NameSystem_2,NameSystem_2,blk_4,blk_4,blk_4,blk_4,NameSystem_2,blk_4,blk_4,blk_4,/_0,blk_4,blk_4,blk_4,blk_4,blk_4,blk_4,blk_4,block blk file_7,block blk file_7,block blk file_7]","[allocate_4,receiving_28,receiving_28,receiving_28,add_3,add_3,none_22,writing_23,none_22,writing_23,add_3,none_22,writing_23,transfer_13,serving_0,transfer_13,verification_25,verification_25,verification_25,delete_24,delete_24,delete_24,deleting_34,deleting_34,deleting_34]","[none_4,none_40,none_40,none_40,updated_3,updated_3,none_31,none_32,none_31,none_32,updated_3,none_31,none_32,exception_21,none_0,exception_21,successful_35,successful_35,successful_35,invalid_34,invalid_34,invalid_34,none_46,none_46,none_46]"
6176,"['7', '1', '1', '1', '2', '2', '2', '3', '4', '3', '4', '3', '4', '8', '10', '10', '6', '6', '6', '5', '5', '5']","[NameSystem_2,block blk_6,block blk_6,block blk_6,NameSystem_2,NameSystem_2,NameSystem_2,blk_4,blk_4,blk_4,blk_4,blk_4,blk_4,/_0,blk_4,blk_4,blk_4,blk_4,blk_4,block blk file_7,block blk file_7,block blk file_7]","[allocate_4,receiving_28,receiving_28,receiving_28,add_3,add_3,add_3,none_22,writing_23,none_22,writing_23,none_22,writing_23,serving_0,verification_25,verification_25,delete_24,delete_24,delete_24,deleting_34,deleting_34,deleting_34]","[none_4,none_40,none_40,none_40,updated_3,updated_3,updated_3,none_31,none_32,none_31,none_32,none_31,none_32,none_0,successful_35,successful_35,invalid_34,invalid_34,invalid_34,none_46,none_46,none_46]"
6197,"['7', '1', '1', '1', '2', '2', '3', '4', '3', '4', '3', '4', '2', '9', '9', '9', '9', '9', '9', '9', '9', '9', '9', '9', '9', '9', '9', '8', '9', '10', '10', '6', '6', '6', '5', '5', '5']","[NameSystem_2,block blk_6,block blk_6,block blk_6,NameSystem_2,NameSystem_2,blk_4,blk_4,blk_4,blk_4,blk_4,blk_4,NameSystem_2,blk_4,blk_4,blk_4,blk_4,blk_4,blk_4,blk_4,blk_4,blk_4,blk_4,blk_4,blk_4,blk_4,blk_4,/_0,blk_4,blk_4,blk_4,blk_4,blk_4,blk_4,block blk file_7,block blk file_7,block blk file_7]","[allocate_4,receiving_28,receiving_28,receiving_28,add_3,add_3,none_22,writing_23,none_22,writing_23,none_22,writing_23,add_3,transfer_13,transfer_13,transfer_13,transfer_13,transfer_13,transfer_13,transfer_13,transfer_13,transfer_13,transfer_13,transfer_13,transfer_13,transfer_13,transfer_13,serving_0,transfer_13,verification_25,verification_25,delete_24,delete_24,delete_24,deleting_34,deleting_34,deleting_34]","[none_4,none_40,none_40,none_40,updated_3,updated_3,none_31,none_32,none_31,none_32,none_31,none_32,updated_3,exception_21,exception_21,exception_21,exception_21,exception_21,exception_21,exception_21,exception_21,exception_21,exception_21,exception_21,exception_21,exception_21,exception_21,none_0,exception_21,successful_35,successful_35,invalid_34,invalid_34,invalid_34,none_46,none_46,none_46]"
6214,"['7', '1', '1', '1', '2', '2', '3', '4', '3', '4', '3', '4', '2', '9', '9', '9', '9', '9', '9', '9', '9', '9', '9', '9', '9', '9', '9', '8', '9', '6', '6', '6', '5', '5', '5']","[NameSystem_2,block blk_6,block blk_6,block blk_6,NameSystem_2,NameSystem_2,blk_4,blk_4,blk_4,blk_4,blk_4,blk_4,NameSystem_2,blk_4,blk_4,blk_4,blk_4,blk_4,blk_4,blk_4,blk_4,blk_4,blk_4,blk_4,blk_4,blk_4,blk_4,/_0,blk_4,blk_4,blk_4,blk_4,block blk file_7,block blk file_7,block blk file_7]","[allocate_4,receiving_28,receiving_28,receiving_28,add_3,add_3,none_22,writing_23,none_22,writing_23,none_22,writing_23,add_3,transfer_13,transfer_13,transfer_13,transfer_13,transfer_13,transfer_13,transfer_13,transfer_13,transfer_13,transfer_13,transfer_13,transfer_13,transfer_13,transfer_13,serving_0,transfer_13,delete_24,delete_24,delete_24,deleting_34,deleting_34,deleting_34]","[none_4,none_40,none_40,none_40,updated_3,updated_3,none_31,none_32,none_31,none_32,none_31,none_32,updated_3,exception_21,exception_21,exception_21,exception_21,exception_21,exception_21,exception_21,exception_21,exception_21,exception_21,exception_21,exception_21,exception_21,exception_21,none_0,exception_21,invalid_34,invalid_34,invalid_34,none_46,none_46,none_46]"
6228,"['7', '1', '1', '1', '2', '2', '2', '3', '4', '3', '4', '3', '4', '10', '9', '9', '9', '8', '9', '9', '9', '9', '9', '9', '9', '9', '9', '9', '9', '9', '10', '10', '6', '6', '6', '5', '5', '5']","[NameSystem_2,block blk_6,block blk_6,block blk_6,NameSystem_2,NameSystem_2,NameSystem_2,blk_4,blk_4,blk_4,blk_4,blk_4,blk_4,blk_4,blk_4,blk_4,blk_4,/_0,blk_4,blk_4,blk_4,blk_4,blk_4,blk_4,blk_4,blk_4,blk_4,blk_4,blk_4,blk_4,blk_4,blk_4,blk_4,blk_4,blk_4,block blk file_7,block blk file_7,block blk file_7]","[allocate_4,receiving_28,receiving_28,receiving_28,add_3,add_3,add_3,none_22,writing_23,none_22,writing_23,none_22,writing_23,verification_25,transfer_13,transfer_13,transfer_13,serving_0,transfer_13,transfer_13,transfer_13,transfer_13,transfer_13,transfer_13,transfer_13,transfer_13,transfer_13,transfer_13,transfer_13,transfer_13,verification_25,verification_25,delete_24,delete_24,delete_24,deleting_34,deleting_34,deleting_34]","[none_4,none_40,none_40,none_40,updated_3,updated_3,updated_3,none_31,none_32,none_31,none_32,none_31,none_32,successful_35,exception_21,exception_21,exception_21,none_0,exception_21,exception_21,exception_21,exception_21,exception_21,exception_21,exception_21,exception_21,exception_21,exception_21,exception_21,exception_21,successful_35,successful_35,invalid_34,invalid_34,invalid_34,none_46,none_46,none_46]"
6231,"['7', '1', '1', '1', '2', '2', '3', '4', '3', '4', '2', '3', '4', '9', '9', '8', '10', '6', '6', '6', '5', '5', '5']","[NameSystem_2,block blk_6,block blk_6,block blk_6,NameSystem_2,NameSystem_2,blk_4,blk_4,blk_4,blk_4,NameSystem_2,blk_4,blk_4,blk_4,blk_4,/_0,blk_4,blk_4,blk_4,blk_4,block blk file_7,block blk file_7,block blk file_7]","[allocate_4,receiving_28,receiving_28,receiving_28,add_3,add_3,none_22,writing_23,none_22,writing_23,add_3,none_22,writing_23,transfer_13,transfer_13,serving_0,verification_25,delete_24,delete_24,delete_24,deleting_34,deleting_34,deleting_34]","[none_4,none_40,none_40,none_40,updated_3,updated_3,none_31,none_32,none_31,none_32,updated_3,none_31,none_32,exception_21,exception_21,none_0,successful_35,invalid_34,invalid_34,invalid_34,none_46,none_46,none_46]"
6239,"['7', '1', '1', '1', '2', '2', '2', '3', '4', '3', '4', '3', '4', '10', '8', '10', '10', '6', '6', '6', '5', '5', '5']","[NameSystem_2,block blk_6,block blk_6,block blk_6,NameSystem_2,NameSystem_2,NameSystem_2,blk_4,blk_4,blk_4,blk_4,blk_4,blk_4,blk_4,/_0,blk_4,blk_4,blk_4,blk_4,blk_4,block blk file_7,block blk file_7,block blk file_7]","[allocate_4,receiving_28,receiving_28,receiving_28,add_3,add_3,add_3,none_22,writing_23,none_22,writing_23,none_22,writing_23,verification_25,serving_0,verification_25,verification_25,delete_24,delete_24,delete_24,deleting_34,deleting_34,deleting_34]","[none_4,none_40,none_40,none_40,updated_3,updated_3,updated_3,none_31,none_32,none_31,none_32,none_31,none_32,successful_35,none_0,successful_35,successful_35,invalid_34,invalid_34,invalid_34,none_46,none_46,none_46]"
6250,"['7', '1', '1', '1', '2', '2', '2', '3', '4', '3', '4', '3', '4', '9', '9', '8', '10', '10', '6', '6', '6', '5', '5', '5']","[NameSystem_2,block blk_6,block blk_6,block blk_6,NameSystem_2,NameSystem_2,NameSystem_2,blk_4,blk_4,blk_4,blk_4,blk_4,blk_4,blk_4,blk_4,/_0,blk_4,blk_4,blk_4,blk_4,blk_4,block blk file_7,block blk file_7,block blk file_7]","[allocate_4,receiving_28,receiving_28,receiving_28,add_3,add_3,add_3,none_22,writing_23,none_22,writing_23,none_22,writing_23,transfer_13,transfer_13,serving_0,verification_25,verification_25,delete_24,delete_24,delete_24,deleting_34,deleting_34,deleting_34]","[none_4,none_40,none_40,none_40,updated_3,updated_3,updated_3,none_31,none_32,none_31,none_32,none_31,none_32,exception_21,exception_21,none_0,successful_35,successful_35,invalid_34,invalid_34,invalid_34,none_46,none_46,none_46]"
6263,"['7', '1', '1', '1', '2', '2', '2', '3', '4', '3', '4', '3', '4', '8', '10', '10', '6', '6', '6', '5', '5', '5']","[NameSystem_2,block blk_6,block blk_6,block blk_6,NameSystem_2,NameSystem_2,NameSystem_2,blk_4,blk_4,blk_4,blk_4,blk_4,blk_4,/_0,blk_4,blk_4,blk_4,blk_4,blk_4,block blk file_7,block blk file_7,block blk file_7]","[allocate_4,receiving_28,receiving_28,receiving_28,add_3,add_3,add_3,none_22,writing_23,none_22,writing_23,none_22,writing_23,serving_0,verification_25,verification_25,delete_24,delete_24,delete_24,deleting_34,deleting_34,deleting_34]","[none_4,none_40,none_40,none_40,updated_3,updated_3,updated_3,none_31,none_32,none_31,none_32,none_31,none_32,none_0,successful_35,successful_35,invalid_34,invalid_34,invalid_34,none_46,none_46,none_46]"
6270,"['7', '1', '1', '1', '2', '2', '2', '3', '4', '3', '4', '3', '4', '9', '9', '9', '9', '9', '9', '9', '8', '9', '9', '9', '9', '9', '9', '9', '9', '10', '10', '6', '6', '6', '5', '5', '5']","[NameSystem_2,block blk_6,block blk_6,block blk_6,NameSystem_2,NameSystem_2,NameSystem_2,blk_4,blk_4,blk_4,blk_4,blk_4,blk_4,blk_4,blk_4,blk_4,blk_4,blk_4,blk_4,blk_4,/_0,blk_4,blk_4,blk_4,blk_4,blk_4,blk_4,blk_4,blk_4,blk_4,blk_4,blk_4,blk_4,blk_4,block blk file_7,block blk file_7,block blk file_7]","[allocate_4,receiving_28,receiving_28,receiving_28,add_3,add_3,add_3,none_22,writing_23,none_22,writing_23,none_22,writing_23,transfer_13,transfer_13,transfer_13,transfer_13,transfer_13,transfer_13,transfer_13,serving_0,transfer_13,transfer_13,transfer_13,transfer_13,transfer_13,transfer_13,transfer_13,transfer_13,verification_25,verification_25,delete_24,delete_24,delete_24,deleting_34,deleting_34,deleting_34]","[none_4,none_40,none_40,none_40,updated_3,updated_3,updated_3,none_31,none_32,none_31,none_32,none_31,none_32,exception_21,exception_21,exception_21,exception_21,exception_21,exception_21,exception_21,none_0,exception_21,exception_21,exception_21,exception_21,exception_21,exception_21,exception_21,exception_21,successful_35,successful_35,invalid_34,invalid_34,invalid_34,none_46,none_46,none_46]"
6275,"['7', '1', '1', '1', '2', '3', '4', '2', '3', '4', '3', '4', '2', '9', '9', '8', '10', '10', '10', '6', '6', '6', '5', '5', '5']","[NameSystem_2,block blk_6,block blk_6,block blk_6,NameSystem_2,blk_4,blk_4,NameSystem_2,blk_4,blk_4,blk_4,blk_4,NameSystem_2,blk_4,blk_4,/_0,blk_4,blk_4,blk_4,blk_4,blk_4,blk_4,block blk file_7,block blk file_7,block blk file_7]","[allocate_4,receiving_28,receiving_28,receiving_28,add_3,none_22,writing_23,add_3,none_22,writing_23,none_22,writing_23,add_3,transfer_13,transfer_13,serving_0,verification_25,verification_25,verification_25,delete_24,delete_24,delete_24,deleting_34,deleting_34,deleting_34]","[none_4,none_40,none_40,none_40,updated_3,none_31,none_32,updated_3,none_31,none_32,none_31,none_32,updated_3,exception_21,exception_21,none_0,successful_35,successful_35,successful_35,invalid_34,invalid_34,invalid_34,none_46,none_46,none_46]"
6286,"['7', '1', '1', '1', '2', '2', '2', '3', '4', '3', '4', '3', '4', '9', '8', '9', '10', '10', '6', '6', '6', '5', '5', '5']","[NameSystem_2,block blk_6,block blk_6,block blk_6,NameSystem_2,NameSystem_2,NameSystem_2,blk_4,blk_4,blk_4,blk_4,blk_4,blk_4,blk_4,/_0,blk_4,blk_4,blk_4,blk_4,blk_4,blk_4,block blk file_7,block blk file_7,block blk file_7]","[allocate_4,receiving_28,receiving_28,receiving_28,add_3,add_3,add_3,none_22,writing_23,none_22,writing_23,none_22,writing_23,transfer_13,serving_0,transfer_13,verification_25,verification_25,delete_24,delete_24,delete_24,deleting_34,deleting_34,deleting_34]","[none_4,none_40,none_40,none_40,updated_3,updated_3,updated_3,none_31,none_32,none_31,none_32,none_31,none_32,exception_21,none_0,exception_21,successful_35,successful_35,invalid_34,invalid_34,invalid_34,none_46,none_46,none_46]"
6287,"['7', '1', '1', '1', '2', '3', '4', '2', '2', '3', '3', '4', '4', '9', '8', '9', '10', '6', '6', '6', '5', '5', '5']","[NameSystem_2,block blk_6,block blk_6,block blk_6,NameSystem_2,blk_4,blk_4,NameSystem_2,NameSystem_2,blk_4,blk_4,blk_4,blk_4,blk_4,/_0,blk_4,blk_4,blk_4,blk_4,blk_4,block blk file_7,block blk file_7,block blk file_7]","[allocate_4,receiving_28,receiving_28,receiving_28,add_3,none_22,writing_23,add_3,add_3,none_22,none_22,writing_23,writing_23,transfer_13,serving_0,transfer_13,verification_25,delete_24,delete_24,delete_24,deleting_34,deleting_34,deleting_34]","[none_4,none_40,none_40,none_40,updated_3,none_31,none_32,updated_3,updated_3,none_31,none_31,none_32,none_32,exception_21,none_0,exception_21,successful_35,invalid_34,invalid_34,invalid_34,none_46,none_46,none_46]"
6290,"['7', '1', '1', '16']","[NameSystem_2,block blk_6,block blk_6,blk_4]","[allocate_4,receiving_28,receiving_28,writing_23]","[none_4,none_40,none_40,exception_33]"
6294,"['7', '1', '1', '1', '2', '2', '3', '4', '3', '4', '3', '4', '2', '9', '9', '8', '10', '10', '10', '6', '6', '6', '5', '5', '5']","[NameSystem_2,block blk_6,block blk_6,block blk_6,NameSystem_2,NameSystem_2,blk_4,blk_4,blk_4,blk_4,blk_4,blk_4,NameSystem_2,blk_4,blk_4,/_0,blk_4,blk_4,blk_4,blk_4,blk_4,blk_4,block blk file_7,block blk file_7,block blk file_7]","[allocate_4,receiving_28,receiving_28,receiving_28,add_3,add_3,none_22,writing_23,none_22,writing_23,none_22,writing_23,add_3,transfer_13,transfer_13,serving_0,verification_25,verification_25,verification_25,delete_24,delete_24,delete_24,deleting_34,deleting_34,deleting_34]","[none_4,none_40,none_40,none_40,updated_3,updated_3,none_31,none_32,none_31,none_32,none_31,none_32,updated_3,exception_21,exception_21,none_0,successful_35,successful_35,successful_35,invalid_34,invalid_34,invalid_34,none_46,none_46,none_46]"
6302,"['7', '1', '1', '1', '2', '2', '3', '4', '3', '4', '3', '4', '2', '9', '9', '8', '10', '10', '10', '6', '6', '6', '5', '5', '5']","[NameSystem_2,block blk_6,block blk_6,block blk_6,NameSystem_2,NameSystem_2,blk_4,blk_4,blk_4,blk_4,blk_4,blk_4,NameSystem_2,blk_4,blk_4,/_0,blk_4,blk_4,blk_4,blk_4,blk_4,blk_4,block blk file_7,block blk file_7,block blk file_7]","[allocate_4,receiving_28,receiving_28,receiving_28,add_3,add_3,none_22,writing_23,none_22,writing_23,none_22,writing_23,add_3,transfer_13,transfer_13,serving_0,verification_25,verification_25,verification_25,delete_24,delete_24,delete_24,deleting_34,deleting_34,deleting_34]","[none_4,none_40,none_40,none_40,updated_3,updated_3,none_31,none_32,none_31,none_32,none_31,none_32,updated_3,exception_21,exception_21,none_0,successful_35,successful_35,successful_35,invalid_34,invalid_34,invalid_34,none_46,none_46,none_46]"
6305,"['7', '1', '1', '1', '2', '2', '2', '3', '4', '3', '3', '4', '4', '9', '9', '9', '9', '9', '9', '9', '9', '9', '9', '9', '9', '9', '9', '9', '8', '10', '10', '6', '6', '6', '5', '5', '5']","[NameSystem_2,block blk_6,block blk_6,block blk_6,NameSystem_2,NameSystem_2,NameSystem_2,blk_4,blk_4,blk_4,blk_4,blk_4,blk_4,blk_4,blk_4,blk_4,blk_4,blk_4,blk_4,blk_4,blk_4,blk_4,blk_4,blk_4,blk_4,blk_4,blk_4,blk_4,/_0,blk_4,blk_4,blk_4,blk_4,blk_4,block blk file_7,block blk file_7,block blk file_7]","[allocate_4,receiving_28,receiving_28,receiving_28,add_3,add_3,add_3,none_22,writing_23,none_22,none_22,writing_23,writing_23,transfer_13,transfer_13,transfer_13,transfer_13,transfer_13,transfer_13,transfer_13,transfer_13,transfer_13,transfer_13,transfer_13,transfer_13,transfer_13,transfer_13,transfer_13,serving_0,verification_25,verification_25,delete_24,delete_24,delete_24,deleting_34,deleting_34,deleting_34]","[none_4,none_40,none_40,none_40,updated_3,updated_3,updated_3,none_31,none_32,none_31,none_31,none_32,none_32,exception_21,exception_21,exception_21,exception_21,exception_21,exception_21,exception_21,exception_21,exception_21,exception_21,exception_21,exception_21,exception_21,exception_21,exception_21,none_0,successful_35,successful_35,invalid_34,invalid_34,invalid_34,none_46,none_46,none_46]"
6309,"['7', '1', '1', '1', '2', '2', '2', '3', '4', '3', '4', '3', '4', '9', '9', '9', '9', '9', '9', '9', '9', '9', '9', '8', '9', '9', '9', '9', '9', '10', '6', '6', '6', '5', '5', '5']","[NameSystem_2,block blk_6,block blk_6,block blk_6,NameSystem_2,NameSystem_2,NameSystem_2,blk_4,blk_4,blk_4,blk_4,blk_4,blk_4,blk_4,blk_4,blk_4,blk_4,blk_4,blk_4,blk_4,blk_4,blk_4,blk_4,/_0,blk_4,blk_4,blk_4,blk_4,blk_4,blk_4,blk_4,blk_4,blk_4,block blk file_7,block blk file_7,block blk file_7]","[allocate_4,receiving_28,receiving_28,receiving_28,add_3,add_3,add_3,none_22,writing_23,none_22,writing_23,none_22,writing_23,transfer_13,transfer_13,transfer_13,transfer_13,transfer_13,transfer_13,transfer_13,transfer_13,transfer_13,transfer_13,serving_0,transfer_13,transfer_13,transfer_13,transfer_13,transfer_13,verification_25,delete_24,delete_24,delete_24,deleting_34,deleting_34,deleting_34]","[none_4,none_40,none_40,none_40,updated_3,updated_3,updated_3,none_31,none_32,none_31,none_32,none_31,none_32,exception_21,exception_21,exception_21,exception_21,exception_21,exception_21,exception_21,exception_21,exception_21,exception_21,none_0,exception_21,exception_21,exception_21,exception_21,exception_21,successful_35,invalid_34,invalid_34,invalid_34,none_46,none_46,none_46]"
6314,"['7', '1', '1', '1', '2', '2', '2', '3', '3', '4', '4', '3', '4', '10', '9', '9', '8', '10', '6', '6', '6', '5', '5', '5']","[NameSystem_2,block blk_6,block blk_6,block blk_6,NameSystem_2,NameSystem_2,NameSystem_2,blk_4,blk_4,blk_4,blk_4,blk_4,blk_4,blk_4,blk_4,blk_4,/_0,blk_4,blk_4,blk_4,blk_4,block blk file_7,block blk file_7,block blk file_7]","[allocate_4,receiving_28,receiving_28,receiving_28,add_3,add_3,add_3,none_22,none_22,writing_23,writing_23,none_22,writing_23,verification_25,transfer_13,transfer_13,serving_0,verification_25,delete_24,delete_24,delete_24,deleting_34,deleting_34,deleting_34]","[none_4,none_40,none_40,none_40,updated_3,updated_3,updated_3,none_31,none_31,none_32,none_32,none_31,none_32,successful_35,exception_21,exception_21,none_0,successful_35,invalid_34,invalid_34,invalid_34,none_46,none_46,none_46]"
6338,"['7', '1', '1', '1', '2', '2', '2', '3', '4', '3', '4', '3', '4', '9', '8', '9', '10', '6', '6', '6', '10', '5', '5', '5']","[NameSystem_2,block blk_6,block blk_6,block blk_6,NameSystem_2,NameSystem_2,NameSystem_2,blk_4,blk_4,blk_4,blk_4,blk_4,blk_4,blk_4,/_0,blk_4,blk_4,blk_4,blk_4,blk_4,blk_4,block blk file_7,block blk file_7,block blk file_7]","[allocate_4,receiving_28,receiving_28,receiving_28,add_3,add_3,add_3,none_22,writing_23,none_22,writing_23,none_22,writing_23,transfer_13,serving_0,transfer_13,verification_25,delete_24,delete_24,delete_24,verification_25,deleting_34,deleting_34,deleting_34]","[none_4,none_40,none_40,none_40,updated_3,updated_3,updated_3,none_31,none_32,none_31,none_32,none_31,none_32,exception_21,none_0,exception_21,successful_35,invalid_34,invalid_34,invalid_34,successful_35,none_46,none_46,none_46]"
6343,"['7', '1', '1', '1', '2', '2', '3', '4', '3', '4', '3', '4', '2', '9', '8', '9', '10', '10', '6', '6', '6', '5', '5', '5']","[NameSystem_2,block blk_6,block blk_6,block blk_6,NameSystem_2,NameSystem_2,blk_4,blk_4,blk_4,blk_4,blk_4,blk_4,NameSystem_2,blk_4,/_0,blk_4,blk_4,blk_4,blk_4,blk_4,blk_4,block blk file_7,block blk file_7,block blk file_7]","[allocate_4,receiving_28,receiving_28,receiving_28,add_3,add_3,none_22,writing_23,none_22,writing_23,none_22,writing_23,add_3,transfer_13,serving_0,transfer_13,verification_25,verification_25,delete_24,delete_24,delete_24,deleting_34,deleting_34,deleting_34]","[none_4,none_40,none_40,none_40,updated_3,updated_3,none_31,none_32,none_31,none_32,none_31,none_32,updated_3,exception_21,none_0,exception_21,successful_35,successful_35,invalid_34,invalid_34,invalid_34,none_46,none_46,none_46]"
6357,"['7', '1', '1', '1', '2', '2', '2', '3', '4', '3', '4', '3', '4', '9', '9', '8', '10', '6', '6', '6', '5', '5', '5']","[NameSystem_2,block blk_6,block blk_6,block blk_6,NameSystem_2,NameSystem_2,NameSystem_2,blk_4,blk_4,blk_4,blk_4,blk_4,blk_4,blk_4,blk_4,/_0,blk_4,blk_4,blk_4,blk_4,block blk file_7,block blk file_7,block blk file_7]","[allocate_4,receiving_28,receiving_28,receiving_28,add_3,add_3,add_3,none_22,writing_23,none_22,writing_23,none_22,writing_23,transfer_13,transfer_13,serving_0,verification_25,delete_24,delete_24,delete_24,deleting_34,deleting_34,deleting_34]","[none_4,none_40,none_40,none_40,updated_3,updated_3,updated_3,none_31,none_32,none_31,none_32,none_31,none_32,exception_21,exception_21,none_0,successful_35,invalid_34,invalid_34,invalid_34,none_46,none_46,none_46]"
6368,"['7', '1', '1', '1', '2', '2', '3', '4', '3', '4', '3', '4', '14', '13', '1', '2', '12', '11', '2', '5', '8', '10', '6', '6', '6', '5', '5', '5']","[NameSystem_2,block blk_6,block blk_6,block blk_6,NameSystem_2,NameSystem_2,blk_4,blk_4,blk_4,blk_4,blk_4,blk_4,block_5,BLOCK*_1,block blk_6,NameSystem_2,block blk_6,block blk_6,NameSystem_2,block blk file_7,/_0,blk_4,blk_4,blk_4,blk_4,block blk file_7,block blk file_7,block blk file_7]","[allocate_4,receiving_28,receiving_28,receiving_28,add_3,add_3,none_22,writing_23,none_22,writing_23,none_22,writing_23,transferring_26,replicate_1,receiving_28,add_3,transmitted_27,receiving_28,add_3,deleting_34,serving_0,verification_25,delete_24,delete_24,delete_24,deleting_34,deleting_34,deleting_34]","[none_4,none_40,none_40,none_40,updated_3,updated_3,none_31,none_32,none_31,none_32,none_31,none_32,none_36,none_1,none_40,updated_3,none_37,none_38,updated_3,none_46,none_0,successful_35,invalid_34,invalid_34,invalid_34,none_46,none_46,none_46]"
6373,"['7', '1', '1', '2', '2', '2', '1', '3', '4', '3', '4', '3', '4', '8', '10', '10', '6', '6', '6', '5', '5', '5']","[NameSystem_2,block blk_6,block blk_6,NameSystem_2,NameSystem_2,NameSystem_2,block blk_6,blk_4,blk_4,blk_4,blk_4,blk_4,blk_4,/_0,blk_4,blk_4,blk_4,blk_4,blk_4,block blk file_7,block blk file_7,block blk file_7]","[allocate_4,receiving_28,receiving_28,add_3,add_3,add_3,receiving_28,none_22,writing_23,none_22,writing_23,none_22,writing_23,serving_0,verification_25,verification_25,delete_24,delete_24,delete_24,deleting_34,deleting_34,deleting_34]","[none_4,none_40,none_40,updated_3,updated_3,updated_3,none_40,none_31,none_32,none_31,none_32,none_31,none_32,none_0,successful_35,successful_35,invalid_34,invalid_34,invalid_34,none_46,none_46,none_46]"
6380,"['7', '1', '1', '1', '2', '2', '4', '3', '4', '2', '3', '3', '4', '9', '8', '9', '10', '10', '6', '6', '6', '5', '5', '5']","[NameSystem_2,block blk_6,block blk_6,block blk_6,NameSystem_2,NameSystem_2,blk_4,blk_4,blk_4,NameSystem_2,blk_4,blk_4,blk_4,blk_4,/_0,blk_4,blk_4,blk_4,blk_4,blk_4,blk_4,block blk file_7,block blk file_7,block blk file_7]","[allocate_4,receiving_28,receiving_28,receiving_28,add_3,add_3,writing_23,none_22,writing_23,add_3,none_22,none_22,writing_23,transfer_13,serving_0,transfer_13,verification_25,verification_25,delete_24,delete_24,delete_24,deleting_34,deleting_34,deleting_34]","[none_4,none_40,none_40,none_40,updated_3,updated_3,none_32,none_31,none_32,updated_3,none_31,none_31,none_32,exception_21,none_0,exception_21,successful_35,successful_35,invalid_34,invalid_34,invalid_34,none_46,none_46,none_46]"
6381,"['7', '1', '1', '1', '2', '2', '2', '3', '4', '3', '4', '3', '4', '9', '9', '8', '10', '10', '10', '6', '6', '6', '5', '5', '5']","[NameSystem_2,block blk_6,block blk_6,block blk_6,NameSystem_2,NameSystem_2,NameSystem_2,blk_4,blk_4,blk_4,blk_4,blk_4,blk_4,blk_4,blk_4,/_0,blk_4,blk_4,blk_4,blk_4,blk_4,blk_4,block blk file_7,block blk file_7,block blk file_7]","[allocate_4,receiving_28,receiving_28,receiving_28,add_3,add_3,add_3,none_22,writing_23,none_22,writing_23,none_22,writing_23,transfer_13,transfer_13,serving_0,verification_25,verification_25,verification_25,delete_24,delete_24,delete_24,deleting_34,deleting_34,deleting_34]","[none_4,none_40,none_40,none_40,updated_3,updated_3,updated_3,none_31,none_32,none_31,none_32,none_31,none_32,exception_21,exception_21,none_0,successful_35,successful_35,successful_35,invalid_34,invalid_34,invalid_34,none_46,none_46,none_46]"
6393,"['7', '1', '1', '1', '2', '2', '2', '3', '4', '3', '4', '3', '4', '9', '8', '9', '10', '10', '10', '6', '6', '6', '5', '5', '5']","[NameSystem_2,block blk_6,block blk_6,block blk_6,NameSystem_2,NameSystem_2,NameSystem_2,blk_4,blk_4,blk_4,blk_4,blk_4,blk_4,blk_4,/_0,blk_4,blk_4,blk_4,blk_4,blk_4,blk_4,blk_4,block blk file_7,block blk file_7,block blk file_7]","[allocate_4,receiving_28,receiving_28,receiving_28,add_3,add_3,add_3,none_22,writing_23,none_22,writing_23,none_22,writing_23,transfer_13,serving_0,transfer_13,verification_25,verification_25,verification_25,delete_24,delete_24,delete_24,deleting_34,deleting_34,deleting_34]","[none_4,none_40,none_40,none_40,updated_3,updated_3,updated_3,none_31,none_32,none_31,none_32,none_31,none_32,exception_21,none_0,exception_21,successful_35,successful_35,successful_35,invalid_34,invalid_34,invalid_34,none_46,none_46,none_46]"
6394,"['7', '1', '1', '1', '2', '2', '2', '3', '4', '3', '4', '3', '4', '10', '9', '8', '9', '10', '10', '6', '6', '6', '5', '5', '5']","[NameSystem_2,block blk_6,block blk_6,block blk_6,NameSystem_2,NameSystem_2,NameSystem_2,blk_4,blk_4,blk_4,blk_4,blk_4,blk_4,blk_4,blk_4,/_0,blk_4,blk_4,blk_4,blk_4,blk_4,blk_4,block blk file_7,block blk file_7,block blk file_7]","[allocate_4,receiving_28,receiving_28,receiving_28,add_3,add_3,add_3,none_22,writing_23,none_22,writing_23,none_22,writing_23,verification_25,transfer_13,serving_0,transfer_13,verification_25,verification_25,delete_24,delete_24,delete_24,deleting_34,deleting_34,deleting_34]","[none_4,none_40,none_40,none_40,updated_3,updated_3,updated_3,none_31,none_32,none_31,none_32,none_31,none_32,successful_35,exception_21,none_0,exception_21,successful_35,successful_35,invalid_34,invalid_34,invalid_34,none_46,none_46,none_46]"
6409,"['7', '1', '1', '1', '2', '2', '2', '3', '4', '3', '4', '3', '4', '9', '8', '9', '10', '10', '10', '6', '6', '6', '5', '5', '5']","[NameSystem_2,block blk_6,block blk_6,block blk_6,NameSystem_2,NameSystem_2,NameSystem_2,blk_4,blk_4,blk_4,blk_4,blk_4,blk_4,blk_4,/_0,blk_4,blk_4,blk_4,blk_4,blk_4,blk_4,blk_4,block blk file_7,block blk file_7,block blk file_7]","[allocate_4,receiving_28,receiving_28,receiving_28,add_3,add_3,add_3,none_22,writing_23,none_22,writing_23,none_22,writing_23,transfer_13,serving_0,transfer_13,verification_25,verification_25,verification_25,delete_24,delete_24,delete_24,deleting_34,deleting_34,deleting_34]","[none_4,none_40,none_40,none_40,updated_3,updated_3,updated_3,none_31,none_32,none_31,none_32,none_31,none_32,exception_21,none_0,exception_21,successful_35,successful_35,successful_35,invalid_34,invalid_34,invalid_34,none_46,none_46,none_46]"
6416,"['7', '1', '1', '1', '2', '2', '2', '3', '4', '3', '4', '3', '4', '10', '9', '9', '9', '9', '9', '9', '9', '9', '9', '9', '9', '9', '9', '9', '9', '8', '10', '6', '6', '6', '5', '5', '5']","[NameSystem_2,block blk_6,block blk_6,block blk_6,NameSystem_2,NameSystem_2,NameSystem_2,blk_4,blk_4,blk_4,blk_4,blk_4,blk_4,blk_4,blk_4,blk_4,blk_4,blk_4,blk_4,blk_4,blk_4,blk_4,blk_4,blk_4,blk_4,blk_4,blk_4,blk_4,blk_4,/_0,blk_4,blk_4,blk_4,blk_4,block blk file_7,block blk file_7,block blk file_7]","[allocate_4,receiving_28,receiving_28,receiving_28,add_3,add_3,add_3,none_22,writing_23,none_22,writing_23,none_22,writing_23,verification_25,transfer_13,transfer_13,transfer_13,transfer_13,transfer_13,transfer_13,transfer_13,transfer_13,transfer_13,transfer_13,transfer_13,transfer_13,transfer_13,transfer_13,transfer_13,serving_0,verification_25,delete_24,delete_24,delete_24,deleting_34,deleting_34,deleting_34]","[none_4,none_40,none_40,none_40,updated_3,updated_3,updated_3,none_31,none_32,none_31,none_32,none_31,none_32,successful_35,exception_21,exception_21,exception_21,exception_21,exception_21,exception_21,exception_21,exception_21,exception_21,exception_21,exception_21,exception_21,exception_21,exception_21,exception_21,none_0,successful_35,invalid_34,invalid_34,invalid_34,none_46,none_46,none_46]"
6418,"['7', '1', '1', '1', '2', '2', '3', '3', '4', '4', '3', '4', '2', '9', '8', '9', '10', '10', '10', '6', '6', '6', '5', '5', '5']","[NameSystem_2,block blk_6,block blk_6,block blk_6,NameSystem_2,NameSystem_2,blk_4,blk_4,blk_4,blk_4,blk_4,blk_4,NameSystem_2,blk_4,/_0,blk_4,blk_4,blk_4,blk_4,blk_4,blk_4,blk_4,block blk file_7,block blk file_7,block blk file_7]","[allocate_4,receiving_28,receiving_28,receiving_28,add_3,add_3,none_22,none_22,writing_23,writing_23,none_22,writing_23,add_3,transfer_13,serving_0,transfer_13,verification_25,verification_25,verification_25,delete_24,delete_24,delete_24,deleting_34,deleting_34,deleting_34]","[none_4,none_40,none_40,none_40,updated_3,updated_3,none_31,none_31,none_32,none_32,none_31,none_32,updated_3,exception_21,none_0,exception_21,successful_35,successful_35,successful_35,invalid_34,invalid_34,invalid_34,none_46,none_46,none_46]"
6428,"['7', '1', '1', '1', '2', '2', '2', '3', '4', '3', '4', '3', '4', '9', '8', '9', '10', '6', '6', '6', '5', '5', '5']","[NameSystem_2,block blk_6,block blk_6,block blk_6,NameSystem_2,NameSystem_2,NameSystem_2,blk_4,blk_4,blk_4,blk_4,blk_4,blk_4,blk_4,/_0,blk_4,blk_4,blk_4,blk_4,blk_4,block blk file_7,block blk file_7,block blk file_7]","[allocate_4,receiving_28,receiving_28,receiving_28,add_3,add_3,add_3,none_22,writing_23,none_22,writing_23,none_22,writing_23,transfer_13,serving_0,transfer_13,verification_25,delete_24,delete_24,delete_24,deleting_34,deleting_34,deleting_34]","[none_4,none_40,none_40,none_40,updated_3,updated_3,updated_3,none_31,none_32,none_31,none_32,none_31,none_32,exception_21,none_0,exception_21,successful_35,invalid_34,invalid_34,invalid_34,none_46,none_46,none_46]"
6429,"['7', '1', '1', '1', '2', '2', '2', '3', '4', '3', '4', '3', '4', '8', '10', '10', '6', '6', '6', '5', '5', '5']","[NameSystem_2,block blk_6,block blk_6,block blk_6,NameSystem_2,NameSystem_2,NameSystem_2,blk_4,blk_4,blk_4,blk_4,blk_4,blk_4,/_0,blk_4,blk_4,blk_4,blk_4,blk_4,block blk file_7,block blk file_7,block blk file_7]","[allocate_4,receiving_28,receiving_28,receiving_28,add_3,add_3,add_3,none_22,writing_23,none_22,writing_23,none_22,writing_23,serving_0,verification_25,verification_25,delete_24,delete_24,delete_24,deleting_34,deleting_34,deleting_34]","[none_4,none_40,none_40,none_40,updated_3,updated_3,updated_3,none_31,none_32,none_31,none_32,none_31,none_32,none_0,successful_35,successful_35,invalid_34,invalid_34,invalid_34,none_46,none_46,none_46]"
6432,"['7', '1', '1', '1', '2', '2', '3', '4', '3', '4', '3', '4', '2', '9', '8', '9', '10', '10', '10', '6', '6', '6', '5', '5', '5']","[NameSystem_2,block blk_6,block blk_6,block blk_6,NameSystem_2,NameSystem_2,blk_4,blk_4,blk_4,blk_4,blk_4,blk_4,NameSystem_2,blk_4,/_0,blk_4,blk_4,blk_4,blk_4,blk_4,blk_4,blk_4,block blk file_7,block blk file_7,block blk file_7]","[allocate_4,receiving_28,receiving_28,receiving_28,add_3,add_3,none_22,writing_23,none_22,writing_23,none_22,writing_23,add_3,transfer_13,serving_0,transfer_13,verification_25,verification_25,verification_25,delete_24,delete_24,delete_24,deleting_34,deleting_34,deleting_34]","[none_4,none_40,none_40,none_40,updated_3,updated_3,none_31,none_32,none_31,none_32,none_31,none_32,updated_3,exception_21,none_0,exception_21,successful_35,successful_35,successful_35,invalid_34,invalid_34,invalid_34,none_46,none_46,none_46]"
6437,"['7', '1', '1', '1', '2', '2', '2', '3', '4', '3', '4', '3', '4', '8', '10', '10', '6', '6', '6', '5', '5', '5']","[NameSystem_2,block blk_6,block blk_6,block blk_6,NameSystem_2,NameSystem_2,NameSystem_2,blk_4,blk_4,blk_4,blk_4,blk_4,blk_4,/_0,blk_4,blk_4,blk_4,blk_4,blk_4,block blk file_7,block blk file_7,block blk file_7]","[allocate_4,receiving_28,receiving_28,receiving_28,add_3,add_3,add_3,none_22,writing_23,none_22,writing_23,none_22,writing_23,serving_0,verification_25,verification_25,delete_24,delete_24,delete_24,deleting_34,deleting_34,deleting_34]","[none_4,none_40,none_40,none_40,updated_3,updated_3,updated_3,none_31,none_32,none_31,none_32,none_31,none_32,none_0,successful_35,successful_35,invalid_34,invalid_34,invalid_34,none_46,none_46,none_46]"
6448,"['7', '1', '1', '1', '2', '2', '2', '3', '4', '3', '4', '3', '4', '9', '9', '8', '10', '10', '10', '6', '6', '6', '5', '5', '5']","[NameSystem_2,block blk_6,block blk_6,block blk_6,NameSystem_2,NameSystem_2,NameSystem_2,blk_4,blk_4,blk_4,blk_4,blk_4,blk_4,blk_4,blk_4,/_0,blk_4,blk_4,blk_4,blk_4,blk_4,blk_4,block blk file_7,block blk file_7,block blk file_7]","[allocate_4,receiving_28,receiving_28,receiving_28,add_3,add_3,add_3,none_22,writing_23,none_22,writing_23,none_22,writing_23,transfer_13,transfer_13,serving_0,verification_25,verification_25,verification_25,delete_24,delete_24,delete_24,deleting_34,deleting_34,deleting_34]","[none_4,none_40,none_40,none_40,updated_3,updated_3,updated_3,none_31,none_32,none_31,none_32,none_31,none_32,exception_21,exception_21,none_0,successful_35,successful_35,successful_35,invalid_34,invalid_34,invalid_34,none_46,none_46,none_46]"
6451,"['7', '1', '1', '1', '2', '2', '2', '3', '4', '3', '4', '3', '4', '9', '9', '8', '10', '10', '10', '6', '6', '6', '5', '5', '15', '5']","[NameSystem_2,block blk_6,block blk_6,block blk_6,NameSystem_2,NameSystem_2,NameSystem_2,blk_4,blk_4,blk_4,blk_4,blk_4,blk_4,blk_4,blk_4,/_0,blk_4,blk_4,blk_4,blk_4,blk_4,blk_4,block blk file_7,block blk file_7,block blk_6,block blk file_7]","[allocate_4,receiving_28,receiving_28,receiving_28,add_3,add_3,add_3,none_22,writing_23,none_22,writing_23,none_22,writing_23,transfer_13,transfer_13,serving_0,verification_25,verification_25,verification_25,delete_24,delete_24,delete_24,deleting_34,deleting_34,deleting_30,deleting_34]","[none_4,none_40,none_40,none_40,updated_3,updated_3,updated_3,none_31,none_32,none_31,none_32,none_31,none_32,exception_21,exception_21,none_0,successful_35,successful_35,successful_35,invalid_34,invalid_34,invalid_34,none_46,none_46,error_42,none_46]"
6458,"['7', '1', '1', '1', '2', '3', '4', '3', '4', '2', '2', '3', '4', '9', '8', '9', '10', '10', '10', '6', '6', '6', '5', '5', '5']","[NameSystem_2,block blk_6,block blk_6,block blk_6,NameSystem_2,blk_4,blk_4,blk_4,blk_4,NameSystem_2,NameSystem_2,blk_4,blk_4,blk_4,/_0,blk_4,blk_4,blk_4,blk_4,blk_4,blk_4,blk_4,block blk file_7,block blk file_7,block blk file_7]","[allocate_4,receiving_28,receiving_28,receiving_28,add_3,none_22,writing_23,none_22,writing_23,add_3,add_3,none_22,writing_23,transfer_13,serving_0,transfer_13,verification_25,verification_25,verification_25,delete_24,delete_24,delete_24,deleting_34,deleting_34,deleting_34]","[none_4,none_40,none_40,none_40,updated_3,none_31,none_32,none_31,none_32,updated_3,updated_3,none_31,none_32,exception_21,none_0,exception_21,successful_35,successful_35,successful_35,invalid_34,invalid_34,invalid_34,none_46,none_46,none_46]"
6471,"['7', '1', '1', '1', '2', '2', '2', '3', '4', '3', '4', '3', '4', '9', '8', '9', '10', '10', '10', '6', '6', '6', '5', '5', '5']","[NameSystem_2,block blk_6,block blk_6,block blk_6,NameSystem_2,NameSystem_2,NameSystem_2,blk_4,blk_4,blk_4,blk_4,blk_4,blk_4,blk_4,/_0,blk_4,blk_4,blk_4,blk_4,blk_4,blk_4,blk_4,block blk file_7,block blk file_7,block blk file_7]","[allocate_4,receiving_28,receiving_28,receiving_28,add_3,add_3,add_3,none_22,writing_23,none_22,writing_23,none_22,writing_23,transfer_13,serving_0,transfer_13,verification_25,verification_25,verification_25,delete_24,delete_24,delete_24,deleting_34,deleting_34,deleting_34]","[none_4,none_40,none_40,none_40,updated_3,updated_3,updated_3,none_31,none_32,none_31,none_32,none_31,none_32,exception_21,none_0,exception_21,successful_35,successful_35,successful_35,invalid_34,invalid_34,invalid_34,none_46,none_46,none_46]"
6494,"['7', '1', '1', '1', '2', '2', '3', '4', '3', '4', '2', '3', '4', '8', '6', '6', '6', '5', '5', '5']","[NameSystem_2,block blk_6,block blk_6,block blk_6,NameSystem_2,NameSystem_2,blk_4,blk_4,blk_4,blk_4,NameSystem_2,blk_4,blk_4,/_0,blk_4,blk_4,blk_4,block blk file_7,block blk file_7,block blk file_7]","[allocate_4,receiving_28,receiving_28,receiving_28,add_3,add_3,none_22,writing_23,none_22,writing_23,add_3,none_22,writing_23,serving_0,delete_24,delete_24,delete_24,deleting_34,deleting_34,deleting_34]","[none_4,none_40,none_40,none_40,updated_3,updated_3,none_31,none_32,none_31,none_32,updated_3,none_31,none_32,none_0,invalid_34,invalid_34,invalid_34,none_46,none_46,none_46]"
6498,"['7', '1', '1', '1', '2', '2', '2', '3', '4', '3', '4', '3', '4', '8', '10', '6', '6', '6', '5', '5', '5']","[NameSystem_2,block blk_6,block blk_6,block blk_6,NameSystem_2,NameSystem_2,NameSystem_2,blk_4,blk_4,blk_4,blk_4,blk_4,blk_4,/_0,blk_4,blk_4,blk_4,blk_4,block blk file_7,block blk file_7,block blk file_7]","[allocate_4,receiving_28,receiving_28,receiving_28,add_3,add_3,add_3,none_22,writing_23,none_22,writing_23,none_22,writing_23,serving_0,verification_25,delete_24,delete_24,delete_24,deleting_34,deleting_34,deleting_34]","[none_4,none_40,none_40,none_40,updated_3,updated_3,updated_3,none_31,none_32,none_31,none_32,none_31,none_32,none_0,successful_35,invalid_34,invalid_34,invalid_34,none_46,none_46,none_46]"
6510,"['7', '1', '1', '1', '2', '2', '2', '3', '4', '3', '4', '3', '4', '9', '8', '9', '10', '10', '10', '6', '6', '6', '5', '5', '5']","[NameSystem_2,block blk_6,block blk_6,block blk_6,NameSystem_2,NameSystem_2,NameSystem_2,blk_4,blk_4,blk_4,blk_4,blk_4,blk_4,blk_4,/_0,blk_4,blk_4,blk_4,blk_4,blk_4,blk_4,blk_4,block blk file_7,block blk file_7,block blk file_7]","[allocate_4,receiving_28,receiving_28,receiving_28,add_3,add_3,add_3,none_22,writing_23,none_22,writing_23,none_22,writing_23,transfer_13,serving_0,transfer_13,verification_25,verification_25,verification_25,delete_24,delete_24,delete_24,deleting_34,deleting_34,deleting_34]","[none_4,none_40,none_40,none_40,updated_3,updated_3,updated_3,none_31,none_32,none_31,none_32,none_31,none_32,exception_21,none_0,exception_21,successful_35,successful_35,successful_35,invalid_34,invalid_34,invalid_34,none_46,none_46,none_46]"
6521,"['7', '1', '1', '1', '2', '2', '2', '3', '4', '3', '4', '3', '4', '8', '10', '10', '6', '6', '6', '5', '5', '5']","[NameSystem_2,block blk_6,block blk_6,block blk_6,NameSystem_2,NameSystem_2,NameSystem_2,blk_4,blk_4,blk_4,blk_4,blk_4,blk_4,/_0,blk_4,blk_4,blk_4,blk_4,blk_4,block blk file_7,block blk file_7,block blk file_7]","[allocate_4,receiving_28,receiving_28,receiving_28,add_3,add_3,add_3,none_22,writing_23,none_22,writing_23,none_22,writing_23,serving_0,verification_25,verification_25,delete_24,delete_24,delete_24,deleting_34,deleting_34,deleting_34]","[none_4,none_40,none_40,none_40,updated_3,updated_3,updated_3,none_31,none_32,none_31,none_32,none_31,none_32,none_0,successful_35,successful_35,invalid_34,invalid_34,invalid_34,none_46,none_46,none_46]"
6529,"['7', '1', '1', '1', '2', '2', '2', '3', '4', '3', '4', '3', '4', '8', '10', '10', '6', '6', '6', '5', '5', '5']","[NameSystem_2,block blk_6,block blk_6,block blk_6,NameSystem_2,NameSystem_2,NameSystem_2,blk_4,blk_4,blk_4,blk_4,blk_4,blk_4,/_0,blk_4,blk_4,blk_4,blk_4,blk_4,block blk file_7,block blk file_7,block blk file_7]","[allocate_4,receiving_28,receiving_28,receiving_28,add_3,add_3,add_3,none_22,writing_23,none_22,writing_23,none_22,writing_23,serving_0,verification_25,verification_25,delete_24,delete_24,delete_24,deleting_34,deleting_34,deleting_34]","[none_4,none_40,none_40,none_40,updated_3,updated_3,updated_3,none_31,none_32,none_31,none_32,none_31,none_32,none_0,successful_35,successful_35,invalid_34,invalid_34,invalid_34,none_46,none_46,none_46]"
6545,"['7', '1', '1', '1', '2', '3', '4', '3', '4', '2', '2', '3', '4', '9', '8', '9', '10', '10', '10', '6', '6', '6', '5', '5', '5']","[NameSystem_2,block blk_6,block blk_6,block blk_6,NameSystem_2,blk_4,blk_4,blk_4,blk_4,NameSystem_2,NameSystem_2,blk_4,blk_4,blk_4,/_0,blk_4,blk_4,blk_4,blk_4,blk_4,blk_4,blk_4,block blk file_7,block blk file_7,block blk file_7]","[allocate_4,receiving_28,receiving_28,receiving_28,add_3,none_22,writing_23,none_22,writing_23,add_3,add_3,none_22,writing_23,transfer_13,serving_0,transfer_13,verification_25,verification_25,verification_25,delete_24,delete_24,delete_24,deleting_34,deleting_34,deleting_34]","[none_4,none_40,none_40,none_40,updated_3,none_31,none_32,none_31,none_32,updated_3,updated_3,none_31,none_32,exception_21,none_0,exception_21,successful_35,successful_35,successful_35,invalid_34,invalid_34,invalid_34,none_46,none_46,none_46]"
6547,"['7', '1', '1', '1', '2', '2', '2', '3', '4', '3', '4', '3', '4', '9', '8', '9', '10', '10', '6', '6', '6', '5', '5', '5']","[NameSystem_2,block blk_6,block blk_6,block blk_6,NameSystem_2,NameSystem_2,NameSystem_2,blk_4,blk_4,blk_4,blk_4,blk_4,blk_4,blk_4,/_0,blk_4,blk_4,blk_4,blk_4,blk_4,blk_4,block blk file_7,block blk file_7,block blk file_7]","[allocate_4,receiving_28,receiving_28,receiving_28,add_3,add_3,add_3,none_22,writing_23,none_22,writing_23,none_22,writing_23,transfer_13,serving_0,transfer_13,verification_25,verification_25,delete_24,delete_24,delete_24,deleting_34,deleting_34,deleting_34]","[none_4,none_40,none_40,none_40,updated_3,updated_3,updated_3,none_31,none_32,none_31,none_32,none_31,none_32,exception_21,none_0,exception_21,successful_35,successful_35,invalid_34,invalid_34,invalid_34,none_46,none_46,none_46]"
6562,"['7', '1', '1', '1', '2', '3', '4', '3', '4', '3', '4', '2', '2', '9', '8', '9', '10', '10', '10', '6', '6', '6', '5', '5', '5']","[NameSystem_2,block blk_6,block blk_6,block blk_6,NameSystem_2,blk_4,blk_4,blk_4,blk_4,blk_4,blk_4,NameSystem_2,NameSystem_2,blk_4,/_0,blk_4,blk_4,blk_4,blk_4,blk_4,blk_4,blk_4,block blk file_7,block blk file_7,block blk file_7]","[allocate_4,receiving_28,receiving_28,receiving_28,add_3,none_22,writing_23,none_22,writing_23,none_22,writing_23,add_3,add_3,transfer_13,serving_0,transfer_13,verification_25,verification_25,verification_25,delete_24,delete_24,delete_24,deleting_34,deleting_34,deleting_34]","[none_4,none_40,none_40,none_40,updated_3,none_31,none_32,none_31,none_32,none_31,none_32,updated_3,updated_3,exception_21,none_0,exception_21,successful_35,successful_35,successful_35,invalid_34,invalid_34,invalid_34,none_46,none_46,none_46]"
6566,"['7', '1', '1', '1', '2', '2', '2', '3', '4', '3', '4', '3', '4', '8', '10', '10', '6', '6', '6', '5', '5', '5']","[NameSystem_2,block blk_6,block blk_6,block blk_6,NameSystem_2,NameSystem_2,NameSystem_2,blk_4,blk_4,blk_4,blk_4,blk_4,blk_4,/_0,blk_4,blk_4,blk_4,blk_4,blk_4,block blk file_7,block blk file_7,block blk file_7]","[allocate_4,receiving_28,receiving_28,receiving_28,add_3,add_3,add_3,none_22,writing_23,none_22,writing_23,none_22,writing_23,serving_0,verification_25,verification_25,delete_24,delete_24,delete_24,deleting_34,deleting_34,deleting_34]","[none_4,none_40,none_40,none_40,updated_3,updated_3,updated_3,none_31,none_32,none_31,none_32,none_31,none_32,none_0,successful_35,successful_35,invalid_34,invalid_34,invalid_34,none_46,none_46,none_46]"
6578,"['7', '1', '1', '1', '2', '2', '2', '3', '4', '3', '4', '3', '4', '9', '8', '9', '10', '10', '6', '6', '6', '5', '5', '5']","[NameSystem_2,block blk_6,block blk_6,block blk_6,NameSystem_2,NameSystem_2,NameSystem_2,blk_4,blk_4,blk_4,blk_4,blk_4,blk_4,blk_4,/_0,blk_4,blk_4,blk_4,blk_4,blk_4,blk_4,block blk file_7,block blk file_7,block blk file_7]","[allocate_4,receiving_28,receiving_28,receiving_28,add_3,add_3,add_3,none_22,writing_23,none_22,writing_23,none_22,writing_23,transfer_13,serving_0,transfer_13,verification_25,verification_25,delete_24,delete_24,delete_24,deleting_34,deleting_34,deleting_34]","[none_4,none_40,none_40,none_40,updated_3,updated_3,updated_3,none_31,none_32,none_31,none_32,none_31,none_32,exception_21,none_0,exception_21,successful_35,successful_35,invalid_34,invalid_34,invalid_34,none_46,none_46,none_46]"
6581,"['7', '1', '1', '1', '2', '2', '2', '3', '4', '3', '4', '3', '4', '9', '9', '9', '9', '9', '9', '9', '9', '9', '9', '9', '9', '9', '9', '8', '9', '10', '10', '6', '6', '6', '5', '5', '5']","[NameSystem_2,block blk_6,block blk_6,block blk_6,NameSystem_2,NameSystem_2,NameSystem_2,blk_4,blk_4,blk_4,blk_4,blk_4,blk_4,blk_4,blk_4,blk_4,blk_4,blk_4,blk_4,blk_4,blk_4,blk_4,blk_4,blk_4,blk_4,blk_4,blk_4,/_0,blk_4,blk_4,blk_4,blk_4,blk_4,blk_4,block blk file_7,block blk file_7,block blk file_7]","[allocate_4,receiving_28,receiving_28,receiving_28,add_3,add_3,add_3,none_22,writing_23,none_22,writing_23,none_22,writing_23,transfer_13,transfer_13,transfer_13,transfer_13,transfer_13,transfer_13,transfer_13,transfer_13,transfer_13,transfer_13,transfer_13,transfer_13,transfer_13,transfer_13,serving_0,transfer_13,verification_25,verification_25,delete_24,delete_24,delete_24,deleting_34,deleting_34,deleting_34]","[none_4,none_40,none_40,none_40,updated_3,updated_3,updated_3,none_31,none_32,none_31,none_32,none_31,none_32,exception_21,exception_21,exception_21,exception_21,exception_21,exception_21,exception_21,exception_21,exception_21,exception_21,exception_21,exception_21,exception_21,exception_21,none_0,exception_21,successful_35,successful_35,invalid_34,invalid_34,invalid_34,none_46,none_46,none_46]"
6597,"['7', '1', '1', '1', '2', '2', '2', '3', '4', '3', '4', '3', '4', '9', '8', '9', '10', '10', '10', '6', '6', '6', '5', '5', '5']","[NameSystem_2,block blk_6,block blk_6,block blk_6,NameSystem_2,NameSystem_2,NameSystem_2,blk_4,blk_4,blk_4,blk_4,blk_4,blk_4,blk_4,/_0,blk_4,blk_4,blk_4,blk_4,blk_4,blk_4,blk_4,block blk file_7,block blk file_7,block blk file_7]","[allocate_4,receiving_28,receiving_28,receiving_28,add_3,add_3,add_3,none_22,writing_23,none_22,writing_23,none_22,writing_23,transfer_13,serving_0,transfer_13,verification_25,verification_25,verification_25,delete_24,delete_24,delete_24,deleting_34,deleting_34,deleting_34]","[none_4,none_40,none_40,none_40,updated_3,updated_3,updated_3,none_31,none_32,none_31,none_32,none_31,none_32,exception_21,none_0,exception_21,successful_35,successful_35,successful_35,invalid_34,invalid_34,invalid_34,none_46,none_46,none_46]"
6611,"['7', '1', '1', '1', '2', '3', '4', '3', '4', '2', '2', '3', '4', '9', '9', '9', '9', '9', '9', '9', '9', '9', '9', '9', '9', '9', '9', '9', '8', '10', '10', '6', '6', '6', '5', '5', '5']","[NameSystem_2,block blk_6,block blk_6,block blk_6,NameSystem_2,blk_4,blk_4,blk_4,blk_4,NameSystem_2,NameSystem_2,blk_4,blk_4,blk_4,blk_4,blk_4,blk_4,blk_4,blk_4,blk_4,blk_4,blk_4,blk_4,blk_4,blk_4,blk_4,blk_4,blk_4,/_0,blk_4,blk_4,blk_4,blk_4,blk_4,block blk file_7,block blk file_7,block blk file_7]","[allocate_4,receiving_28,receiving_28,receiving_28,add_3,none_22,writing_23,none_22,writing_23,add_3,add_3,none_22,writing_23,transfer_13,transfer_13,transfer_13,transfer_13,transfer_13,transfer_13,transfer_13,transfer_13,transfer_13,transfer_13,transfer_13,transfer_13,transfer_13,transfer_13,transfer_13,serving_0,verification_25,verification_25,delete_24,delete_24,delete_24,deleting_34,deleting_34,deleting_34]","[none_4,none_40,none_40,none_40,updated_3,none_31,none_32,none_31,none_32,updated_3,updated_3,none_31,none_32,exception_21,exception_21,exception_21,exception_21,exception_21,exception_21,exception_21,exception_21,exception_21,exception_21,exception_21,exception_21,exception_21,exception_21,exception_21,none_0,successful_35,successful_35,invalid_34,invalid_34,invalid_34,none_46,none_46,none_46]"
6613,"['7', '1', '1', '1', '2', '4', '2', '2', '3', '4', '3', '4', '3', '10', '8', '10', '6', '6', '6', '5', '5', '5']","[NameSystem_2,block blk_6,block blk_6,block blk_6,NameSystem_2,blk_4,NameSystem_2,NameSystem_2,blk_4,blk_4,blk_4,blk_4,blk_4,blk_4,/_0,blk_4,blk_4,blk_4,blk_4,block blk file_7,block blk file_7,block blk file_7]","[allocate_4,receiving_28,receiving_28,receiving_28,add_3,writing_23,add_3,add_3,none_22,writing_23,none_22,writing_23,none_22,verification_25,serving_0,verification_25,delete_24,delete_24,delete_24,deleting_34,deleting_34,deleting_34]","[none_4,none_40,none_40,none_40,updated_3,none_32,updated_3,updated_3,none_31,none_32,none_31,none_32,none_31,successful_35,none_0,successful_35,invalid_34,invalid_34,invalid_34,none_46,none_46,none_46]"
6614,"['7', '1', '1', '1', '2', '2', '3', '4', '3', '4', '3', '4', '2', '9', '8', '9', '6', '6', '6', '5', '5', '5']","[NameSystem_2,block blk_6,block blk_6,block blk_6,NameSystem_2,NameSystem_2,blk_4,blk_4,blk_4,blk_4,blk_4,blk_4,NameSystem_2,blk_4,/_0,blk_4,blk_4,blk_4,blk_4,block blk file_7,block blk file_7,block blk file_7]","[allocate_4,receiving_28,receiving_28,receiving_28,add_3,add_3,none_22,writing_23,none_22,writing_23,none_22,writing_23,add_3,transfer_13,serving_0,transfer_13,delete_24,delete_24,delete_24,deleting_34,deleting_34,deleting_34]","[none_4,none_40,none_40,none_40,updated_3,updated_3,none_31,none_32,none_31,none_32,none_31,none_32,updated_3,exception_21,none_0,exception_21,invalid_34,invalid_34,invalid_34,none_46,none_46,none_46]"
6616,"['7', '1', '1', '1', '2', '2', '3', '4', '3', '4', '2', '3', '4', '10', '8', '10', '6', '6', '6', '5', '5', '5']","[NameSystem_2,block blk_6,block blk_6,block blk_6,NameSystem_2,NameSystem_2,blk_4,blk_4,blk_4,blk_4,NameSystem_2,blk_4,blk_4,blk_4,/_0,blk_4,blk_4,blk_4,blk_4,block blk file_7,block blk file_7,block blk file_7]","[allocate_4,receiving_28,receiving_28,receiving_28,add_3,add_3,none_22,writing_23,none_22,writing_23,add_3,none_22,writing_23,verification_25,serving_0,verification_25,delete_24,delete_24,delete_24,deleting_34,deleting_34,deleting_34]","[none_4,none_40,none_40,none_40,updated_3,updated_3,none_31,none_32,none_31,none_32,updated_3,none_31,none_32,successful_35,none_0,successful_35,invalid_34,invalid_34,invalid_34,none_46,none_46,none_46]"
6618,"['7', '1', '1', '1', '2', '2', '2', '3', '4', '3', '4', '3', '4', '9', '9', '9', '9', '9', '9', '9', '9', '9', '9', '9', '9', '9', '9', '8', '9', '10', '6', '6', '6', '5', '5', '5']","[NameSystem_2,block blk_6,block blk_6,block blk_6,NameSystem_2,NameSystem_2,NameSystem_2,blk_4,blk_4,blk_4,blk_4,blk_4,blk_4,blk_4,blk_4,blk_4,blk_4,blk_4,blk_4,blk_4,blk_4,blk_4,blk_4,blk_4,blk_4,blk_4,blk_4,/_0,blk_4,blk_4,blk_4,blk_4,blk_4,block blk file_7,block blk file_7,block blk file_7]","[allocate_4,receiving_28,receiving_28,receiving_28,add_3,add_3,add_3,none_22,writing_23,none_22,writing_23,none_22,writing_23,transfer_13,transfer_13,transfer_13,transfer_13,transfer_13,transfer_13,transfer_13,transfer_13,transfer_13,transfer_13,transfer_13,transfer_13,transfer_13,transfer_13,serving_0,transfer_13,verification_25,delete_24,delete_24,delete_24,deleting_34,deleting_34,deleting_34]","[none_4,none_40,none_40,none_40,updated_3,updated_3,updated_3,none_31,none_32,none_31,none_32,none_31,none_32,exception_21,exception_21,exception_21,exception_21,exception_21,exception_21,exception_21,exception_21,exception_21,exception_21,exception_21,exception_21,exception_21,exception_21,none_0,exception_21,successful_35,invalid_34,invalid_34,invalid_34,none_46,none_46,none_46]"
6648,"['7', '1', '1', '1', '2', '2', '2', '3', '4', '3', '3', '4', '4', '9', '9', '8', '10', '10', '10', '6', '6', '6', '5', '5', '5']","[NameSystem_2,block blk_6,block blk_6,block blk_6,NameSystem_2,NameSystem_2,NameSystem_2,blk_4,blk_4,blk_4,blk_4,blk_4,blk_4,blk_4,blk_4,/_0,blk_4,blk_4,blk_4,blk_4,blk_4,blk_4,block blk file_7,block blk file_7,block blk file_7]","[allocate_4,receiving_28,receiving_28,receiving_28,add_3,add_3,add_3,none_22,writing_23,none_22,none_22,writing_23,writing_23,transfer_13,transfer_13,serving_0,verification_25,verification_25,verification_25,delete_24,delete_24,delete_24,deleting_34,deleting_34,deleting_34]","[none_4,none_40,none_40,none_40,updated_3,updated_3,updated_3,none_31,none_32,none_31,none_31,none_32,none_32,exception_21,exception_21,none_0,successful_35,successful_35,successful_35,invalid_34,invalid_34,invalid_34,none_46,none_46,none_46]"
6649,"['7', '1', '1', '1', '2', '2', '2', '3', '4', '3', '4', '3', '4', '10', '9', '8', '9', '10', '10', '6', '6', '6', '5', '5', '5']","[NameSystem_2,block blk_6,block blk_6,block blk_6,NameSystem_2,NameSystem_2,NameSystem_2,blk_4,blk_4,blk_4,blk_4,blk_4,blk_4,blk_4,blk_4,/_0,blk_4,blk_4,blk_4,blk_4,blk_4,blk_4,block blk file_7,block blk file_7,block blk file_7]","[allocate_4,receiving_28,receiving_28,receiving_28,add_3,add_3,add_3,none_22,writing_23,none_22,writing_23,none_22,writing_23,verification_25,transfer_13,serving_0,transfer_13,verification_25,verification_25,delete_24,delete_24,delete_24,deleting_34,deleting_34,deleting_34]","[none_4,none_40,none_40,none_40,updated_3,updated_3,updated_3,none_31,none_32,none_31,none_32,none_31,none_32,successful_35,exception_21,none_0,exception_21,successful_35,successful_35,invalid_34,invalid_34,invalid_34,none_46,none_46,none_46]"
6652,"['7', '1', '1', '1', '2', '2', '2', '3', '4', '3', '4', '3', '4', '9', '8', '9', '10', '10', '10', '6', '6', '6', '5', '5', '5']","[NameSystem_2,block blk_6,block blk_6,block blk_6,NameSystem_2,NameSystem_2,NameSystem_2,blk_4,blk_4,blk_4,blk_4,blk_4,blk_4,blk_4,/_0,blk_4,blk_4,blk_4,blk_4,blk_4,blk_4,blk_4,block blk file_7,block blk file_7,block blk file_7]","[allocate_4,receiving_28,receiving_28,receiving_28,add_3,add_3,add_3,none_22,writing_23,none_22,writing_23,none_22,writing_23,transfer_13,serving_0,transfer_13,verification_25,verification_25,verification_25,delete_24,delete_24,delete_24,deleting_34,deleting_34,deleting_34]","[none_4,none_40,none_40,none_40,updated_3,updated_3,updated_3,none_31,none_32,none_31,none_32,none_31,none_32,exception_21,none_0,exception_21,successful_35,successful_35,successful_35,invalid_34,invalid_34,invalid_34,none_46,none_46,none_46]"
6654,"['7', '1', '1', '1', '2', '2', '3', '4', '4', '2', '3', '4', '3', '9', '8', '9', '10', '6', '6', '6', '5', '5', '5']","[NameSystem_2,block blk_6,block blk_6,block blk_6,NameSystem_2,NameSystem_2,blk_4,blk_4,blk_4,NameSystem_2,blk_4,blk_4,blk_4,blk_4,/_0,blk_4,blk_4,blk_4,blk_4,blk_4,block blk file_7,block blk file_7,block blk file_7]","[allocate_4,receiving_28,receiving_28,receiving_28,add_3,add_3,none_22,writing_23,writing_23,add_3,none_22,writing_23,none_22,transfer_13,serving_0,transfer_13,verification_25,delete_24,delete_24,delete_24,deleting_34,deleting_34,deleting_34]","[none_4,none_40,none_40,none_40,updated_3,updated_3,none_31,none_32,none_32,updated_3,none_31,none_32,none_31,exception_21,none_0,exception_21,successful_35,invalid_34,invalid_34,invalid_34,none_46,none_46,none_46]"
6659,"['7', '1', '1', '1', '2', '3', '4', '2', '2', '3', '4', '3', '4', '8', '10', '10', '6', '6', '6', '5', '5', '5']","[NameSystem_2,block blk_6,block blk_6,block blk_6,NameSystem_2,blk_4,blk_4,NameSystem_2,NameSystem_2,blk_4,blk_4,blk_4,blk_4,/_0,blk_4,blk_4,blk_4,blk_4,blk_4,block blk file_7,block blk file_7,block blk file_7]","[allocate_4,receiving_28,receiving_28,receiving_28,add_3,none_22,writing_23,add_3,add_3,none_22,writing_23,none_22,writing_23,serving_0,verification_25,verification_25,delete_24,delete_24,delete_24,deleting_34,deleting_34,deleting_34]","[none_4,none_40,none_40,none_40,updated_3,none_31,none_32,updated_3,updated_3,none_31,none_32,none_31,none_32,none_0,successful_35,successful_35,invalid_34,invalid_34,invalid_34,none_46,none_46,none_46]"
6668,"['7', '1', '1', '1', '2', '2', '2', '3', '4', '3', '4', '3', '4', '9', '9', '8', '10', '10', '6', '6', '6', '5', '5', '5']","[NameSystem_2,block blk_6,block blk_6,block blk_6,NameSystem_2,NameSystem_2,NameSystem_2,blk_4,blk_4,blk_4,blk_4,blk_4,blk_4,blk_4,blk_4,/_0,blk_4,blk_4,blk_4,blk_4,blk_4,block blk file_7,block blk file_7,block blk file_7]","[allocate_4,receiving_28,receiving_28,receiving_28,add_3,add_3,add_3,none_22,writing_23,none_22,writing_23,none_22,writing_23,transfer_13,transfer_13,serving_0,verification_25,verification_25,delete_24,delete_24,delete_24,deleting_34,deleting_34,deleting_34]","[none_4,none_40,none_40,none_40,updated_3,updated_3,updated_3,none_31,none_32,none_31,none_32,none_31,none_32,exception_21,exception_21,none_0,successful_35,successful_35,invalid_34,invalid_34,invalid_34,none_46,none_46,none_46]"
6676,"['7', '1', '1', '1', '2', '2', '3', '4', '3', '4', '2', '3', '4', '9', '9', '8', '10', '10', '10', '6', '6', '6', '5', '5', '5']","[NameSystem_2,block blk_6,block blk_6,block blk_6,NameSystem_2,NameSystem_2,blk_4,blk_4,blk_4,blk_4,NameSystem_2,blk_4,blk_4,blk_4,blk_4,/_0,blk_4,blk_4,blk_4,blk_4,blk_4,blk_4,block blk file_7,block blk file_7,block blk file_7]","[allocate_4,receiving_28,receiving_28,receiving_28,add_3,add_3,none_22,writing_23,none_22,writing_23,add_3,none_22,writing_23,transfer_13,transfer_13,serving_0,verification_25,verification_25,verification_25,delete_24,delete_24,delete_24,deleting_34,deleting_34,deleting_34]","[none_4,none_40,none_40,none_40,updated_3,updated_3,none_31,none_32,none_31,none_32,updated_3,none_31,none_32,exception_21,exception_21,none_0,successful_35,successful_35,successful_35,invalid_34,invalid_34,invalid_34,none_46,none_46,none_46]"
6700,"['7', '1', '1', '1', '2', '2', '3', '4', '3', '4', '3', '4', '2', '8', '10', '6', '6', '6', '5', '5', '5']","[NameSystem_2,block blk_6,block blk_6,block blk_6,NameSystem_2,NameSystem_2,blk_4,blk_4,blk_4,blk_4,blk_4,blk_4,NameSystem_2,/_0,blk_4,blk_4,blk_4,blk_4,block blk file_7,block blk file_7,block blk file_7]","[allocate_4,receiving_28,receiving_28,receiving_28,add_3,add_3,none_22,writing_23,none_22,writing_23,none_22,writing_23,add_3,serving_0,verification_25,delete_24,delete_24,delete_24,deleting_34,deleting_34,deleting_34]","[none_4,none_40,none_40,none_40,updated_3,updated_3,none_31,none_32,none_31,none_32,none_31,none_32,updated_3,none_0,successful_35,invalid_34,invalid_34,invalid_34,none_46,none_46,none_46]"
6710,"['7', '1', '1', '1', '17', '17', '2', '2', '2', '3', '4', '17', '3', '4', '3', '4', '8', '10', '10', '6', '6', '6', '5', '5', '5']","[NameSystem_2,block blk_6,block blk_6,block blk_6,block blk_6,block blk_6,NameSystem_2,NameSystem_2,NameSystem_2,blk_4,blk_4,block blk_6,blk_4,blk_4,blk_4,blk_4,/_0,blk_4,blk_4,blk_4,blk_4,blk_4,block blk file_7,block blk file_7,block blk file_7]","[allocate_4,receiving_28,receiving_28,receiving_28,receive_31,receive_31,add_3,add_3,add_3,none_22,writing_23,receive_31,none_22,writing_23,none_22,writing_23,serving_0,verification_25,verification_25,delete_24,delete_24,delete_24,deleting_34,deleting_34,deleting_34]","[none_4,none_40,none_40,none_40,empty_43,empty_43,updated_3,updated_3,updated_3,none_31,none_32,empty_43,none_31,none_32,none_31,none_32,none_0,successful_35,successful_35,invalid_34,invalid_34,invalid_34,none_46,none_46,none_46]"
6716,"['7', '1', '1', '1', '2', '2', '3', '4', '4', '2', '3', '4', '3', '8', '10', '10', '6', '6', '6', '5', '5', '5']","[NameSystem_2,block blk_6,block blk_6,block blk_6,NameSystem_2,NameSystem_2,blk_4,blk_4,blk_4,NameSystem_2,blk_4,blk_4,blk_4,/_0,blk_4,blk_4,blk_4,blk_4,blk_4,block blk file_7,block blk file_7,block blk file_7]","[allocate_4,receiving_28,receiving_28,receiving_28,add_3,add_3,none_22,writing_23,writing_23,add_3,none_22,writing_23,none_22,serving_0,verification_25,verification_25,delete_24,delete_24,delete_24,deleting_34,deleting_34,deleting_34]","[none_4,none_40,none_40,none_40,updated_3,updated_3,none_31,none_32,none_32,updated_3,none_31,none_32,none_31,none_0,successful_35,successful_35,invalid_34,invalid_34,invalid_34,none_46,none_46,none_46]"
6723,"['7', '1', '1', '1', '2', '2', '2', '3', '4', '3', '4', '3', '4', '9', '9', '9', '9', '9', '9', '9', '9', '9', '9', '9', '9', '9', '9', '8', '9', '6', '6', '6', '5', '5', '5']","[NameSystem_2,block blk_6,block blk_6,block blk_6,NameSystem_2,NameSystem_2,NameSystem_2,blk_4,blk_4,blk_4,blk_4,blk_4,blk_4,blk_4,blk_4,blk_4,blk_4,blk_4,blk_4,blk_4,blk_4,blk_4,blk_4,blk_4,blk_4,blk_4,blk_4,/_0,blk_4,blk_4,blk_4,blk_4,block blk file_7,block blk file_7,block blk file_7]","[allocate_4,receiving_28,receiving_28,receiving_28,add_3,add_3,add_3,none_22,writing_23,none_22,writing_23,none_22,writing_23,transfer_13,transfer_13,transfer_13,transfer_13,transfer_13,transfer_13,transfer_13,transfer_13,transfer_13,transfer_13,transfer_13,transfer_13,transfer_13,transfer_13,serving_0,transfer_13,delete_24,delete_24,delete_24,deleting_34,deleting_34,deleting_34]","[none_4,none_40,none_40,none_40,updated_3,updated_3,updated_3,none_31,none_32,none_31,none_32,none_31,none_32,exception_21,exception_21,exception_21,exception_21,exception_21,exception_21,exception_21,exception_21,exception_21,exception_21,exception_21,exception_21,exception_21,exception_21,none_0,exception_21,invalid_34,invalid_34,invalid_34,none_46,none_46,none_46]"
6726,"['7', '1', '1', '1', '2', '3', '4', '3', '4', '2', '2', '3', '4', '9', '9', '9', '9', '9', '9', '9', '9', '9', '9', '9', '9', '9', '9', '8', '9', '10', '10', '6', '6', '6', '5', '5', '5']","[NameSystem_2,block blk_6,block blk_6,block blk_6,NameSystem_2,blk_4,blk_4,blk_4,blk_4,NameSystem_2,NameSystem_2,blk_4,blk_4,blk_4,blk_4,blk_4,blk_4,blk_4,blk_4,blk_4,blk_4,blk_4,blk_4,blk_4,blk_4,blk_4,blk_4,/_0,blk_4,blk_4,blk_4,blk_4,blk_4,blk_4,block blk file_7,block blk file_7,block blk file_7]","[allocate_4,receiving_28,receiving_28,receiving_28,add_3,none_22,writing_23,none_22,writing_23,add_3,add_3,none_22,writing_23,transfer_13,transfer_13,transfer_13,transfer_13,transfer_13,transfer_13,transfer_13,transfer_13,transfer_13,transfer_13,transfer_13,transfer_13,transfer_13,transfer_13,serving_0,transfer_13,verification_25,verification_25,delete_24,delete_24,delete_24,deleting_34,deleting_34,deleting_34]","[none_4,none_40,none_40,none_40,updated_3,none_31,none_32,none_31,none_32,updated_3,updated_3,none_31,none_32,exception_21,exception_21,exception_21,exception_21,exception_21,exception_21,exception_21,exception_21,exception_21,exception_21,exception_21,exception_21,exception_21,exception_21,none_0,exception_21,successful_35,successful_35,invalid_34,invalid_34,invalid_34,none_46,none_46,none_46]"
6729,"['7', '1', '1', '1', '2', '2', '2', '3', '4', '3', '4', '3', '4', '9', '8', '9', '10', '10', '10', '6', '6', '6', '5', '5', '5']","[NameSystem_2,block blk_6,block blk_6,block blk_6,NameSystem_2,NameSystem_2,NameSystem_2,blk_4,blk_4,blk_4,blk_4,blk_4,blk_4,blk_4,/_0,blk_4,blk_4,blk_4,blk_4,blk_4,blk_4,blk_4,block blk file_7,block blk file_7,block blk file_7]","[allocate_4,receiving_28,receiving_28,receiving_28,add_3,add_3,add_3,none_22,writing_23,none_22,writing_23,none_22,writing_23,transfer_13,serving_0,transfer_13,verification_25,verification_25,verification_25,delete_24,delete_24,delete_24,deleting_34,deleting_34,deleting_34]","[none_4,none_40,none_40,none_40,updated_3,updated_3,updated_3,none_31,none_32,none_31,none_32,none_31,none_32,exception_21,none_0,exception_21,successful_35,successful_35,successful_35,invalid_34,invalid_34,invalid_34,none_46,none_46,none_46]"
6734,"['7', '1', '1', '1', '2', '2', '3', '4', '3', '4', '2', '3', '4', '10', '9', '9', '9', '9', '9', '9', '9', '9', '9', '8', '9', '9', '9', '9', '9', '9', '10', '6', '6', '6', '5', '5', '5']","[NameSystem_2,block blk_6,block blk_6,block blk_6,NameSystem_2,NameSystem_2,blk_4,blk_4,blk_4,blk_4,NameSystem_2,blk_4,blk_4,blk_4,blk_4,blk_4,blk_4,blk_4,blk_4,blk_4,blk_4,blk_4,blk_4,/_0,blk_4,blk_4,blk_4,blk_4,blk_4,blk_4,blk_4,blk_4,blk_4,blk_4,block blk file_7,block blk file_7,block blk file_7]","[allocate_4,receiving_28,receiving_28,receiving_28,add_3,add_3,none_22,writing_23,none_22,writing_23,add_3,none_22,writing_23,verification_25,transfer_13,transfer_13,transfer_13,transfer_13,transfer_13,transfer_13,transfer_13,transfer_13,transfer_13,serving_0,transfer_13,transfer_13,transfer_13,transfer_13,transfer_13,transfer_13,verification_25,delete_24,delete_24,delete_24,deleting_34,deleting_34,deleting_34]","[none_4,none_40,none_40,none_40,updated_3,updated_3,none_31,none_32,none_31,none_32,updated_3,none_31,none_32,successful_35,exception_21,exception_21,exception_21,exception_21,exception_21,exception_21,exception_21,exception_21,exception_21,none_0,exception_21,exception_21,exception_21,exception_21,exception_21,exception_21,successful_35,invalid_34,invalid_34,invalid_34,none_46,none_46,none_46]"
6739,"['7', '1', '1', '1', '2', '2', '2', '3', '4', '3', '4', '3', '4', '9', '9', '9', '9', '9', '9', '9', '9', '9', '9', '9', '9', '9', '9', '8', '9', '10', '10', '6', '6', '6', '5', '5', '5']","[NameSystem_2,block blk_6,block blk_6,block blk_6,NameSystem_2,NameSystem_2,NameSystem_2,blk_4,blk_4,blk_4,blk_4,blk_4,blk_4,blk_4,blk_4,blk_4,blk_4,blk_4,blk_4,blk_4,blk_4,blk_4,blk_4,blk_4,blk_4,blk_4,blk_4,/_0,blk_4,blk_4,blk_4,blk_4,blk_4,blk_4,block blk file_7,block blk file_7,block blk file_7]","[allocate_4,receiving_28,receiving_28,receiving_28,add_3,add_3,add_3,none_22,writing_23,none_22,writing_23,none_22,writing_23,transfer_13,transfer_13,transfer_13,transfer_13,transfer_13,transfer_13,transfer_13,transfer_13,transfer_13,transfer_13,transfer_13,transfer_13,transfer_13,transfer_13,serving_0,transfer_13,verification_25,verification_25,delete_24,delete_24,delete_24,deleting_34,deleting_34,deleting_34]","[none_4,none_40,none_40,none_40,updated_3,updated_3,updated_3,none_31,none_32,none_31,none_32,none_31,none_32,exception_21,exception_21,exception_21,exception_21,exception_21,exception_21,exception_21,exception_21,exception_21,exception_21,exception_21,exception_21,exception_21,exception_21,none_0,exception_21,successful_35,successful_35,invalid_34,invalid_34,invalid_34,none_46,none_46,none_46]"
6743,"['7', '1', '1', '1', '3', '4', '3', '4', '2', '2', '2', '3', '4', '9', '9', '8', '10', '10', '10', '6', '6', '6', '5', '5', '5']","[NameSystem_2,block blk_6,block blk_6,block blk_6,blk_4,blk_4,blk_4,blk_4,NameSystem_2,NameSystem_2,NameSystem_2,blk_4,blk_4,blk_4,blk_4,/_0,blk_4,blk_4,blk_4,blk_4,blk_4,blk_4,block blk file_7,block blk file_7,block blk file_7]","[allocate_4,receiving_28,receiving_28,receiving_28,none_22,writing_23,none_22,writing_23,add_3,add_3,add_3,none_22,writing_23,transfer_13,transfer_13,serving_0,verification_25,verification_25,verification_25,delete_24,delete_24,delete_24,deleting_34,deleting_34,deleting_34]","[none_4,none_40,none_40,none_40,none_31,none_32,none_31,none_32,updated_3,updated_3,updated_3,none_31,none_32,exception_21,exception_21,none_0,successful_35,successful_35,successful_35,invalid_34,invalid_34,invalid_34,none_46,none_46,none_46]"
6758,"['7', '1', '1', '1', '2', '4', '3', '4', '2', '2', '3', '3', '4', '9', '8', '9', '10', '6', '6', '6', '5', '5', '5']","[NameSystem_2,block blk_6,block blk_6,block blk_6,NameSystem_2,blk_4,blk_4,blk_4,NameSystem_2,NameSystem_2,blk_4,blk_4,blk_4,blk_4,/_0,blk_4,blk_4,blk_4,blk_4,blk_4,block blk file_7,block blk file_7,block blk file_7]","[allocate_4,receiving_28,receiving_28,receiving_28,add_3,writing_23,none_22,writing_23,add_3,add_3,none_22,none_22,writing_23,transfer_13,serving_0,transfer_13,verification_25,delete_24,delete_24,delete_24,deleting_34,deleting_34,deleting_34]","[none_4,none_40,none_40,none_40,updated_3,none_32,none_31,none_32,updated_3,updated_3,none_31,none_31,none_32,exception_21,none_0,exception_21,successful_35,invalid_34,invalid_34,invalid_34,none_46,none_46,none_46]"
6764,"['7', '1', '1', '1', '2', '2', '2', '3', '4', '3', '4', '3', '4', '8', '10', '10', '6', '6', '6', '5', '5', '5']","[NameSystem_2,block blk_6,block blk_6,block blk_6,NameSystem_2,NameSystem_2,NameSystem_2,blk_4,blk_4,blk_4,blk_4,blk_4,blk_4,/_0,blk_4,blk_4,blk_4,blk_4,blk_4,block blk file_7,block blk file_7,block blk file_7]","[allocate_4,receiving_28,receiving_28,receiving_28,add_3,add_3,add_3,none_22,writing_23,none_22,writing_23,none_22,writing_23,serving_0,verification_25,verification_25,delete_24,delete_24,delete_24,deleting_34,deleting_34,deleting_34]","[none_4,none_40,none_40,none_40,updated_3,updated_3,updated_3,none_31,none_32,none_31,none_32,none_31,none_32,none_0,successful_35,successful_35,invalid_34,invalid_34,invalid_34,none_46,none_46,none_46]"
6769,"['7', '1', '1', '1', '2', '2', '2', '3', '4', '3', '4', '3', '4', '9', '8', '9', '10', '6', '6', '6', '5', '5', '5']","[NameSystem_2,block blk_6,block blk_6,block blk_6,NameSystem_2,NameSystem_2,NameSystem_2,blk_4,blk_4,blk_4,blk_4,blk_4,blk_4,blk_4,/_0,blk_4,blk_4,blk_4,blk_4,blk_4,block blk file_7,block blk file_7,block blk file_7]","[allocate_4,receiving_28,receiving_28,receiving_28,add_3,add_3,add_3,none_22,writing_23,none_22,writing_23,none_22,writing_23,transfer_13,serving_0,transfer_13,verification_25,delete_24,delete_24,delete_24,deleting_34,deleting_34,deleting_34]","[none_4,none_40,none_40,none_40,updated_3,updated_3,updated_3,none_31,none_32,none_31,none_32,none_31,none_32,exception_21,none_0,exception_21,successful_35,invalid_34,invalid_34,invalid_34,none_46,none_46,none_46]"
6776,"['7', '1', '1', '1', '2', '2', '2', '3', '4', '3', '4', '3', '4', '8', '10', '10', '6', '6', '6', '5', '5', '5']","[NameSystem_2,block blk_6,block blk_6,block blk_6,NameSystem_2,NameSystem_2,NameSystem_2,blk_4,blk_4,blk_4,blk_4,blk_4,blk_4,/_0,blk_4,blk_4,blk_4,blk_4,blk_4,block blk file_7,block blk file_7,block blk file_7]","[allocate_4,receiving_28,receiving_28,receiving_28,add_3,add_3,add_3,none_22,writing_23,none_22,writing_23,none_22,writing_23,serving_0,verification_25,verification_25,delete_24,delete_24,delete_24,deleting_34,deleting_34,deleting_34]","[none_4,none_40,none_40,none_40,updated_3,updated_3,updated_3,none_31,none_32,none_31,none_32,none_31,none_32,none_0,successful_35,successful_35,invalid_34,invalid_34,invalid_34,none_46,none_46,none_46]"
6793,"['7', '1', '1', '1', '2', '2', '3', '4', '3', '4', '3', '4', '2', '8', '10', '10', '6', '6', '6', '5', '5', '5']","[NameSystem_2,block blk_6,block blk_6,block blk_6,NameSystem_2,NameSystem_2,blk_4,blk_4,blk_4,blk_4,blk_4,blk_4,NameSystem_2,/_0,blk_4,blk_4,blk_4,blk_4,blk_4,block blk file_7,block blk file_7,block blk file_7]","[allocate_4,receiving_28,receiving_28,receiving_28,add_3,add_3,none_22,writing_23,none_22,writing_23,none_22,writing_23,add_3,serving_0,verification_25,verification_25,delete_24,delete_24,delete_24,deleting_34,deleting_34,deleting_34]","[none_4,none_40,none_40,none_40,updated_3,updated_3,none_31,none_32,none_31,none_32,none_31,none_32,updated_3,none_0,successful_35,successful_35,invalid_34,invalid_34,invalid_34,none_46,none_46,none_46]"
6807,"['7', '1', '1', '1', '2', '2', '2', '3', '4', '3', '4', '3', '4', '8', '10', '10', '6', '6', '6', '5', '5', '5']","[NameSystem_2,block blk_6,block blk_6,block blk_6,NameSystem_2,NameSystem_2,NameSystem_2,blk_4,blk_4,blk_4,blk_4,blk_4,blk_4,/_0,blk_4,blk_4,blk_4,blk_4,blk_4,block blk file_7,block blk file_7,block blk file_7]","[allocate_4,receiving_28,receiving_28,receiving_28,add_3,add_3,add_3,none_22,writing_23,none_22,writing_23,none_22,writing_23,serving_0,verification_25,verification_25,delete_24,delete_24,delete_24,deleting_34,deleting_34,deleting_34]","[none_4,none_40,none_40,none_40,updated_3,updated_3,updated_3,none_31,none_32,none_31,none_32,none_31,none_32,none_0,successful_35,successful_35,invalid_34,invalid_34,invalid_34,none_46,none_46,none_46]"
6817,"['7', '1', '1', '1', '2', '3', '4', '2', '3', '4', '3', '4', '2', '9', '9', '8', '10', '10', '10', '6', '6', '6', '5', '5', '5']","[NameSystem_2,block blk_6,block blk_6,block blk_6,NameSystem_2,blk_4,blk_4,NameSystem_2,blk_4,blk_4,blk_4,blk_4,NameSystem_2,blk_4,blk_4,/_0,blk_4,blk_4,blk_4,blk_4,blk_4,blk_4,block blk file_7,block blk file_7,block blk file_7]","[allocate_4,receiving_28,receiving_28,receiving_28,add_3,none_22,writing_23,add_3,none_22,writing_23,none_22,writing_23,add_3,transfer_13,transfer_13,serving_0,verification_25,verification_25,verification_25,delete_24,delete_24,delete_24,deleting_34,deleting_34,deleting_34]","[none_4,none_40,none_40,none_40,updated_3,none_31,none_32,updated_3,none_31,none_32,none_31,none_32,updated_3,exception_21,exception_21,none_0,successful_35,successful_35,successful_35,invalid_34,invalid_34,invalid_34,none_46,none_46,none_46]"
6820,"['7', '1', '1', '1', '2', '2', '3', '4', '3', '4', '2', '3', '4', '10', '9', '9', '8', '10', '10', '6', '6', '6', '5', '5', '5']","[NameSystem_2,block blk_6,block blk_6,block blk_6,NameSystem_2,NameSystem_2,blk_4,blk_4,blk_4,blk_4,NameSystem_2,blk_4,blk_4,blk_4,blk_4,blk_4,/_0,blk_4,blk_4,blk_4,blk_4,blk_4,block blk file_7,block blk file_7,block blk file_7]","[allocate_4,receiving_28,receiving_28,receiving_28,add_3,add_3,none_22,writing_23,none_22,writing_23,add_3,none_22,writing_23,verification_25,transfer_13,transfer_13,serving_0,verification_25,verification_25,delete_24,delete_24,delete_24,deleting_34,deleting_34,deleting_34]","[none_4,none_40,none_40,none_40,updated_3,updated_3,none_31,none_32,none_31,none_32,updated_3,none_31,none_32,successful_35,exception_21,exception_21,none_0,successful_35,successful_35,invalid_34,invalid_34,invalid_34,none_46,none_46,none_46]"
6822,"['7', '1', '1', '1', '2', '3', '4', '2', '2', '3', '4', '3', '4', '8', '10', '10', '6', '6', '6', '5', '5', '5']","[NameSystem_2,block blk_6,block blk_6,block blk_6,NameSystem_2,blk_4,blk_4,NameSystem_2,NameSystem_2,blk_4,blk_4,blk_4,blk_4,/_0,blk_4,blk_4,blk_4,blk_4,blk_4,block blk file_7,block blk file_7,block blk file_7]","[allocate_4,receiving_28,receiving_28,receiving_28,add_3,none_22,writing_23,add_3,add_3,none_22,writing_23,none_22,writing_23,serving_0,verification_25,verification_25,delete_24,delete_24,delete_24,deleting_34,deleting_34,deleting_34]","[none_4,none_40,none_40,none_40,updated_3,none_31,none_32,updated_3,updated_3,none_31,none_32,none_31,none_32,none_0,successful_35,successful_35,invalid_34,invalid_34,invalid_34,none_46,none_46,none_46]"
6842,"['7', '1', '1', '1', '2', '2', '2', '3', '4', '3', '4', '3', '4', '9', '8', '9', '10', '10', '6', '6', '6', '5', '5', '5']","[NameSystem_2,block blk_6,block blk_6,block blk_6,NameSystem_2,NameSystem_2,NameSystem_2,blk_4,blk_4,blk_4,blk_4,blk_4,blk_4,blk_4,/_0,blk_4,blk_4,blk_4,blk_4,blk_4,blk_4,block blk file_7,block blk file_7,block blk file_7]","[allocate_4,receiving_28,receiving_28,receiving_28,add_3,add_3,add_3,none_22,writing_23,none_22,writing_23,none_22,writing_23,transfer_13,serving_0,transfer_13,verification_25,verification_25,delete_24,delete_24,delete_24,deleting_34,deleting_34,deleting_34]","[none_4,none_40,none_40,none_40,updated_3,updated_3,updated_3,none_31,none_32,none_31,none_32,none_31,none_32,exception_21,none_0,exception_21,successful_35,successful_35,invalid_34,invalid_34,invalid_34,none_46,none_46,none_46]"
6867,"['7', '1', '1', '1', '2', '2', '2', '3', '4', '3', '4', '3', '4', '9', '9', '9', '9', '9', '9', '9', '9', '9', '9', '9', '9', '9', '9', '9', '8', '10', '10', '6', '6', '6', '5', '5', '5']","[NameSystem_2,block blk_6,block blk_6,block blk_6,NameSystem_2,NameSystem_2,NameSystem_2,blk_4,blk_4,blk_4,blk_4,blk_4,blk_4,blk_4,blk_4,blk_4,blk_4,blk_4,blk_4,blk_4,blk_4,blk_4,blk_4,blk_4,blk_4,blk_4,blk_4,blk_4,/_0,blk_4,blk_4,blk_4,blk_4,blk_4,block blk file_7,block blk file_7,block blk file_7]","[allocate_4,receiving_28,receiving_28,receiving_28,add_3,add_3,add_3,none_22,writing_23,none_22,writing_23,none_22,writing_23,transfer_13,transfer_13,transfer_13,transfer_13,transfer_13,transfer_13,transfer_13,transfer_13,transfer_13,transfer_13,transfer_13,transfer_13,transfer_13,transfer_13,transfer_13,serving_0,verification_25,verification_25,delete_24,delete_24,delete_24,deleting_34,deleting_34,deleting_34]","[none_4,none_40,none_40,none_40,updated_3,updated_3,updated_3,none_31,none_32,none_31,none_32,none_31,none_32,exception_21,exception_21,exception_21,exception_21,exception_21,exception_21,exception_21,exception_21,exception_21,exception_21,exception_21,exception_21,exception_21,exception_21,exception_21,none_0,successful_35,successful_35,invalid_34,invalid_34,invalid_34,none_46,none_46,none_46]"
6881,"['7', '1', '1', '1', '2', '2', '2', '3', '4', '3', '4', '3', '4', '9', '10', '9', '9', '9', '9', '9', '9', '9', '9', '9', '9', '9', '9', '9', '9', '8', '10', '6', '6', '6', '5', '5', '5']","[NameSystem_2,block blk_6,block blk_6,block blk_6,NameSystem_2,NameSystem_2,NameSystem_2,blk_4,blk_4,blk_4,blk_4,blk_4,blk_4,blk_4,blk_4,blk_4,blk_4,blk_4,blk_4,blk_4,blk_4,blk_4,blk_4,blk_4,blk_4,blk_4,blk_4,blk_4,blk_4,/_0,blk_4,blk_4,blk_4,blk_4,block blk file_7,block blk file_7,block blk file_7]","[allocate_4,receiving_28,receiving_28,receiving_28,add_3,add_3,add_3,none_22,writing_23,none_22,writing_23,none_22,writing_23,transfer_13,verification_25,transfer_13,transfer_13,transfer_13,transfer_13,transfer_13,transfer_13,transfer_13,transfer_13,transfer_13,transfer_13,transfer_13,transfer_13,transfer_13,transfer_13,serving_0,verification_25,delete_24,delete_24,delete_24,deleting_34,deleting_34,deleting_34]","[none_4,none_40,none_40,none_40,updated_3,updated_3,updated_3,none_31,none_32,none_31,none_32,none_31,none_32,exception_21,successful_35,exception_21,exception_21,exception_21,exception_21,exception_21,exception_21,exception_21,exception_21,exception_21,exception_21,exception_21,exception_21,exception_21,exception_21,none_0,successful_35,invalid_34,invalid_34,invalid_34,none_46,none_46,none_46]"
6902,"['7', '1', '1', '1', '2', '2', '3', '4', '3', '4', '2', '3', '4', '9', '9', '9', '9', '9', '9', '9', '9', '9', '9', '9', '9', '9', '8', '9', '9', '10', '6', '6', '6', '5', '5', '5']","[NameSystem_2,block blk_6,block blk_6,block blk_6,NameSystem_2,NameSystem_2,blk_4,blk_4,blk_4,blk_4,NameSystem_2,blk_4,blk_4,blk_4,blk_4,blk_4,blk_4,blk_4,blk_4,blk_4,blk_4,blk_4,blk_4,blk_4,blk_4,blk_4,/_0,blk_4,blk_4,blk_4,blk_4,blk_4,blk_4,block blk file_7,block blk file_7,block blk file_7]","[allocate_4,receiving_28,receiving_28,receiving_28,add_3,add_3,none_22,writing_23,none_22,writing_23,add_3,none_22,writing_23,transfer_13,transfer_13,transfer_13,transfer_13,transfer_13,transfer_13,transfer_13,transfer_13,transfer_13,transfer_13,transfer_13,transfer_13,transfer_13,serving_0,transfer_13,transfer_13,verification_25,delete_24,delete_24,delete_24,deleting_34,deleting_34,deleting_34]","[none_4,none_40,none_40,none_40,updated_3,updated_3,none_31,none_32,none_31,none_32,updated_3,none_31,none_32,exception_21,exception_21,exception_21,exception_21,exception_21,exception_21,exception_21,exception_21,exception_21,exception_21,exception_21,exception_21,exception_21,none_0,exception_21,exception_21,successful_35,invalid_34,invalid_34,invalid_34,none_46,none_46,none_46]"
6906,"['7', '1', '1', '1', '2', '2', '2', '3', '4', '3', '4', '3', '4', '9', '9', '8', '10', '10', '6', '6', '6', '5', '5', '5']","[NameSystem_2,block blk_6,block blk_6,block blk_6,NameSystem_2,NameSystem_2,NameSystem_2,blk_4,blk_4,blk_4,blk_4,blk_4,blk_4,blk_4,blk_4,/_0,blk_4,blk_4,blk_4,blk_4,blk_4,block blk file_7,block blk file_7,block blk file_7]","[allocate_4,receiving_28,receiving_28,receiving_28,add_3,add_3,add_3,none_22,writing_23,none_22,writing_23,none_22,writing_23,transfer_13,transfer_13,serving_0,verification_25,verification_25,delete_24,delete_24,delete_24,deleting_34,deleting_34,deleting_34]","[none_4,none_40,none_40,none_40,updated_3,updated_3,updated_3,none_31,none_32,none_31,none_32,none_31,none_32,exception_21,exception_21,none_0,successful_35,successful_35,invalid_34,invalid_34,invalid_34,none_46,none_46,none_46]"
6958,"['7', '1', '1', '1', '2', '2', '2', '3', '4', '3', '4', '3', '4', '9', '9', '9', '9', '9', '9', '8', '9', '9', '9', '9', '9', '9', '9', '9', '9', '10', '6', '6', '6', '5', '5', '5']","[NameSystem_2,block blk_6,block blk_6,block blk_6,NameSystem_2,NameSystem_2,NameSystem_2,blk_4,blk_4,blk_4,blk_4,blk_4,blk_4,blk_4,blk_4,blk_4,blk_4,blk_4,blk_4,/_0,blk_4,blk_4,blk_4,blk_4,blk_4,blk_4,blk_4,blk_4,blk_4,blk_4,blk_4,blk_4,blk_4,block blk file_7,block blk file_7,block blk file_7]","[allocate_4,receiving_28,receiving_28,receiving_28,add_3,add_3,add_3,none_22,writing_23,none_22,writing_23,none_22,writing_23,transfer_13,transfer_13,transfer_13,transfer_13,transfer_13,transfer_13,serving_0,transfer_13,transfer_13,transfer_13,transfer_13,transfer_13,transfer_13,transfer_13,transfer_13,transfer_13,verification_25,delete_24,delete_24,delete_24,deleting_34,deleting_34,deleting_34]","[none_4,none_40,none_40,none_40,updated_3,updated_3,updated_3,none_31,none_32,none_31,none_32,none_31,none_32,exception_21,exception_21,exception_21,exception_21,exception_21,exception_21,none_0,exception_21,exception_21,exception_21,exception_21,exception_21,exception_21,exception_21,exception_21,exception_21,successful_35,invalid_34,invalid_34,invalid_34,none_46,none_46,none_46]"
6984,"['7', '1', '1', '1', '2', '2', '2', '3', '4', '3', '4', '3', '4', '9', '9', '8', '10', '10', '10', '6', '6', '6', '5', '5', '5']","[NameSystem_2,block blk_6,block blk_6,block blk_6,NameSystem_2,NameSystem_2,NameSystem_2,blk_4,blk_4,blk_4,blk_4,blk_4,blk_4,blk_4,blk_4,/_0,blk_4,blk_4,blk_4,blk_4,blk_4,blk_4,block blk file_7,block blk file_7,block blk file_7]","[allocate_4,receiving_28,receiving_28,receiving_28,add_3,add_3,add_3,none_22,writing_23,none_22,writing_23,none_22,writing_23,transfer_13,transfer_13,serving_0,verification_25,verification_25,verification_25,delete_24,delete_24,delete_24,deleting_34,deleting_34,deleting_34]","[none_4,none_40,none_40,none_40,updated_3,updated_3,updated_3,none_31,none_32,none_31,none_32,none_31,none_32,exception_21,exception_21,none_0,successful_35,successful_35,successful_35,invalid_34,invalid_34,invalid_34,none_46,none_46,none_46]"
6986,"['7', '1', '1', '1', '2', '2', '2', '3', '3', '4', '4', '3', '4', '8', '10', '10', '6', '6', '6', '5', '5', '5']","[NameSystem_2,block blk_6,block blk_6,block blk_6,NameSystem_2,NameSystem_2,NameSystem_2,blk_4,blk_4,blk_4,blk_4,blk_4,blk_4,/_0,blk_4,blk_4,blk_4,blk_4,blk_4,block blk file_7,block blk file_7,block blk file_7]","[allocate_4,receiving_28,receiving_28,receiving_28,add_3,add_3,add_3,none_22,none_22,writing_23,writing_23,none_22,writing_23,serving_0,verification_25,verification_25,delete_24,delete_24,delete_24,deleting_34,deleting_34,deleting_34]","[none_4,none_40,none_40,none_40,updated_3,updated_3,updated_3,none_31,none_31,none_32,none_32,none_31,none_32,none_0,successful_35,successful_35,invalid_34,invalid_34,invalid_34,none_46,none_46,none_46]"
6991,"['7', '1', '1', '1', '2', '2', '2', '3', '4', '3', '4', '3', '4', '10', '9', '8', '9', '10', '10', '6', '6', '6', '5', '5', '5']","[NameSystem_2,block blk_6,block blk_6,block blk_6,NameSystem_2,NameSystem_2,NameSystem_2,blk_4,blk_4,blk_4,blk_4,blk_4,blk_4,blk_4,blk_4,/_0,blk_4,blk_4,blk_4,blk_4,blk_4,blk_4,block blk file_7,block blk file_7,block blk file_7]","[allocate_4,receiving_28,receiving_28,receiving_28,add_3,add_3,add_3,none_22,writing_23,none_22,writing_23,none_22,writing_23,verification_25,transfer_13,serving_0,transfer_13,verification_25,verification_25,delete_24,delete_24,delete_24,deleting_34,deleting_34,deleting_34]","[none_4,none_40,none_40,none_40,updated_3,updated_3,updated_3,none_31,none_32,none_31,none_32,none_31,none_32,successful_35,exception_21,none_0,exception_21,successful_35,successful_35,invalid_34,invalid_34,invalid_34,none_46,none_46,none_46]"
7000,"['7', '1', '1', '1', '2', '2', '2', '3', '4', '3', '4', '3', '4', '9', '8', '9', '10', '10', '10', '6', '6', '6', '5', '5', '5']","[NameSystem_2,block blk_6,block blk_6,block blk_6,NameSystem_2,NameSystem_2,NameSystem_2,blk_4,blk_4,blk_4,blk_4,blk_4,blk_4,blk_4,/_0,blk_4,blk_4,blk_4,blk_4,blk_4,blk_4,blk_4,block blk file_7,block blk file_7,block blk file_7]","[allocate_4,receiving_28,receiving_28,receiving_28,add_3,add_3,add_3,none_22,writing_23,none_22,writing_23,none_22,writing_23,transfer_13,serving_0,transfer_13,verification_25,verification_25,verification_25,delete_24,delete_24,delete_24,deleting_34,deleting_34,deleting_34]","[none_4,none_40,none_40,none_40,updated_3,updated_3,updated_3,none_31,none_32,none_31,none_32,none_31,none_32,exception_21,none_0,exception_21,successful_35,successful_35,successful_35,invalid_34,invalid_34,invalid_34,none_46,none_46,none_46]"
7023,"['7', '1', '1', '1', '2', '2', '2', '3', '4', '3', '4', '3', '4', '9', '8', '9', '10', '10', '6', '6', '6', '5', '5', '5']","[NameSystem_2,block blk_6,block blk_6,block blk_6,NameSystem_2,NameSystem_2,NameSystem_2,blk_4,blk_4,blk_4,blk_4,blk_4,blk_4,blk_4,/_0,blk_4,blk_4,blk_4,blk_4,blk_4,blk_4,block blk file_7,block blk file_7,block blk file_7]","[allocate_4,receiving_28,receiving_28,receiving_28,add_3,add_3,add_3,none_22,writing_23,none_22,writing_23,none_22,writing_23,transfer_13,serving_0,transfer_13,verification_25,verification_25,delete_24,delete_24,delete_24,deleting_34,deleting_34,deleting_34]","[none_4,none_40,none_40,none_40,updated_3,updated_3,updated_3,none_31,none_32,none_31,none_32,none_31,none_32,exception_21,none_0,exception_21,successful_35,successful_35,invalid_34,invalid_34,invalid_34,none_46,none_46,none_46]"
7040,"['7', '1', '1', '1', '2', '2', '2', '3', '4', '3', '4', '3', '4', '8', '10', '6', '6', '6', '5', '5', '5']","[NameSystem_2,block blk_6,block blk_6,block blk_6,NameSystem_2,NameSystem_2,NameSystem_2,blk_4,blk_4,blk_4,blk_4,blk_4,blk_4,/_0,blk_4,blk_4,blk_4,blk_4,block blk file_7,block blk file_7,block blk file_7]","[allocate_4,receiving_28,receiving_28,receiving_28,add_3,add_3,add_3,none_22,writing_23,none_22,writing_23,none_22,writing_23,serving_0,verification_25,delete_24,delete_24,delete_24,deleting_34,deleting_34,deleting_34]","[none_4,none_40,none_40,none_40,updated_3,updated_3,updated_3,none_31,none_32,none_31,none_32,none_31,none_32,none_0,successful_35,invalid_34,invalid_34,invalid_34,none_46,none_46,none_46]"
7047,"['7', '1', '1', '1', '3', '4', '2', '2', '2', '3', '4', '3', '4', '10', '9', '9', '9', '9', '9', '9', '9', '8', '9', '9', '9', '9', '9', '9', '9', '9', '10', '6', '6', '6', '5', '5', '5']","[NameSystem_2,block blk_6,block blk_6,block blk_6,blk_4,blk_4,NameSystem_2,NameSystem_2,NameSystem_2,blk_4,blk_4,blk_4,blk_4,blk_4,blk_4,blk_4,blk_4,blk_4,blk_4,blk_4,blk_4,/_0,blk_4,blk_4,blk_4,blk_4,blk_4,blk_4,blk_4,blk_4,blk_4,blk_4,blk_4,blk_4,block blk file_7,block blk file_7,block blk file_7]","[allocate_4,receiving_28,receiving_28,receiving_28,none_22,writing_23,add_3,add_3,add_3,none_22,writing_23,none_22,writing_23,verification_25,transfer_13,transfer_13,transfer_13,transfer_13,transfer_13,transfer_13,transfer_13,serving_0,transfer_13,transfer_13,transfer_13,transfer_13,transfer_13,transfer_13,transfer_13,transfer_13,verification_25,delete_24,delete_24,delete_24,deleting_34,deleting_34,deleting_34]","[none_4,none_40,none_40,none_40,none_31,none_32,updated_3,updated_3,updated_3,none_31,none_32,none_31,none_32,successful_35,exception_21,exception_21,exception_21,exception_21,exception_21,exception_21,exception_21,none_0,exception_21,exception_21,exception_21,exception_21,exception_21,exception_21,exception_21,exception_21,successful_35,invalid_34,invalid_34,invalid_34,none_46,none_46,none_46]"
7054,"['7', '1', '1', '1', '2', '2', '2', '3', '4', '3', '4', '3', '4', '9', '8', '9', '10', '10', '10', '6', '6', '6', '5', '5', '5']","[NameSystem_2,block blk_6,block blk_6,block blk_6,NameSystem_2,NameSystem_2,NameSystem_2,blk_4,blk_4,blk_4,blk_4,blk_4,blk_4,blk_4,/_0,blk_4,blk_4,blk_4,blk_4,blk_4,blk_4,blk_4,block blk file_7,block blk file_7,block blk file_7]","[allocate_4,receiving_28,receiving_28,receiving_28,add_3,add_3,add_3,none_22,writing_23,none_22,writing_23,none_22,writing_23,transfer_13,serving_0,transfer_13,verification_25,verification_25,verification_25,delete_24,delete_24,delete_24,deleting_34,deleting_34,deleting_34]","[none_4,none_40,none_40,none_40,updated_3,updated_3,updated_3,none_31,none_32,none_31,none_32,none_31,none_32,exception_21,none_0,exception_21,successful_35,successful_35,successful_35,invalid_34,invalid_34,invalid_34,none_46,none_46,none_46]"
7075,"['7', '1', '1', '1', '2', '2', '2', '3', '4', '3', '4', '3', '4', '9', '9', '8', '10', '10', '10', '6', '6', '6', '5', '5', '5']","[NameSystem_2,block blk_6,block blk_6,block blk_6,NameSystem_2,NameSystem_2,NameSystem_2,blk_4,blk_4,blk_4,blk_4,blk_4,blk_4,blk_4,blk_4,/_0,blk_4,blk_4,blk_4,blk_4,blk_4,blk_4,block blk file_7,block blk file_7,block blk file_7]","[allocate_4,receiving_28,receiving_28,receiving_28,add_3,add_3,add_3,none_22,writing_23,none_22,writing_23,none_22,writing_23,transfer_13,transfer_13,serving_0,verification_25,verification_25,verification_25,delete_24,delete_24,delete_24,deleting_34,deleting_34,deleting_34]","[none_4,none_40,none_40,none_40,updated_3,updated_3,updated_3,none_31,none_32,none_31,none_32,none_31,none_32,exception_21,exception_21,none_0,successful_35,successful_35,successful_35,invalid_34,invalid_34,invalid_34,none_46,none_46,none_46]"
7101,"['7', '1', '1', '1', '2', '2', '2', '3', '4', '3', '4', '3', '4', '10', '9', '9', '9', '9', '9', '9', '8', '9', '9', '9', '9', '9', '9', '9', '9', '9', '10', '6', '6', '6', '5', '5', '5']","[NameSystem_2,block blk_6,block blk_6,block blk_6,NameSystem_2,NameSystem_2,NameSystem_2,blk_4,blk_4,blk_4,blk_4,blk_4,blk_4,blk_4,blk_4,blk_4,blk_4,blk_4,blk_4,blk_4,/_0,blk_4,blk_4,blk_4,blk_4,blk_4,blk_4,blk_4,blk_4,blk_4,blk_4,blk_4,blk_4,blk_4,block blk file_7,block blk file_7,block blk file_7]","[allocate_4,receiving_28,receiving_28,receiving_28,add_3,add_3,add_3,none_22,writing_23,none_22,writing_23,none_22,writing_23,verification_25,transfer_13,transfer_13,transfer_13,transfer_13,transfer_13,transfer_13,serving_0,transfer_13,transfer_13,transfer_13,transfer_13,transfer_13,transfer_13,transfer_13,transfer_13,transfer_13,verification_25,delete_24,delete_24,delete_24,deleting_34,deleting_34,deleting_34]","[none_4,none_40,none_40,none_40,updated_3,updated_3,updated_3,none_31,none_32,none_31,none_32,none_31,none_32,successful_35,exception_21,exception_21,exception_21,exception_21,exception_21,exception_21,none_0,exception_21,exception_21,exception_21,exception_21,exception_21,exception_21,exception_21,exception_21,exception_21,successful_35,invalid_34,invalid_34,invalid_34,none_46,none_46,none_46]"
7108,"['7', '1', '1', '1', '2', '2', '3', '4', '3', '4', '2', '3', '4', '9', '9', '8', '10', '10', '10', '6', '6', '6', '5', '5', '5']","[NameSystem_2,block blk_6,block blk_6,block blk_6,NameSystem_2,NameSystem_2,blk_4,blk_4,blk_4,blk_4,NameSystem_2,blk_4,blk_4,blk_4,blk_4,/_0,blk_4,blk_4,blk_4,blk_4,blk_4,blk_4,block blk file_7,block blk file_7,block blk file_7]","[allocate_4,receiving_28,receiving_28,receiving_28,add_3,add_3,none_22,writing_23,none_22,writing_23,add_3,none_22,writing_23,transfer_13,transfer_13,serving_0,verification_25,verification_25,verification_25,delete_24,delete_24,delete_24,deleting_34,deleting_34,deleting_34]","[none_4,none_40,none_40,none_40,updated_3,updated_3,none_31,none_32,none_31,none_32,updated_3,none_31,none_32,exception_21,exception_21,none_0,successful_35,successful_35,successful_35,invalid_34,invalid_34,invalid_34,none_46,none_46,none_46]"
7132,"['7', '1', '1', '1', '2', '2', '2', '3', '4', '3', '4', '3', '4', '9', '8', '9', '10', '10', '10', '6', '6', '6', '5', '5', '5']","[NameSystem_2,block blk_6,block blk_6,block blk_6,NameSystem_2,NameSystem_2,NameSystem_2,blk_4,blk_4,blk_4,blk_4,blk_4,blk_4,blk_4,/_0,blk_4,blk_4,blk_4,blk_4,blk_4,blk_4,blk_4,block blk file_7,block blk file_7,block blk file_7]","[allocate_4,receiving_28,receiving_28,receiving_28,add_3,add_3,add_3,none_22,writing_23,none_22,writing_23,none_22,writing_23,transfer_13,serving_0,transfer_13,verification_25,verification_25,verification_25,delete_24,delete_24,delete_24,deleting_34,deleting_34,deleting_34]","[none_4,none_40,none_40,none_40,updated_3,updated_3,updated_3,none_31,none_32,none_31,none_32,none_31,none_32,exception_21,none_0,exception_21,successful_35,successful_35,successful_35,invalid_34,invalid_34,invalid_34,none_46,none_46,none_46]"
7135,"['7', '1', '1', '1', '2', '2', '2', '3', '4', '3', '4', '3', '4', '9', '9', '8', '10', '10', '10', '6', '6', '6', '5', '5', '5']","[NameSystem_2,block blk_6,block blk_6,block blk_6,NameSystem_2,NameSystem_2,NameSystem_2,blk_4,blk_4,blk_4,blk_4,blk_4,blk_4,blk_4,blk_4,/_0,blk_4,blk_4,blk_4,blk_4,blk_4,blk_4,block blk file_7,block blk file_7,block blk file_7]","[allocate_4,receiving_28,receiving_28,receiving_28,add_3,add_3,add_3,none_22,writing_23,none_22,writing_23,none_22,writing_23,transfer_13,transfer_13,serving_0,verification_25,verification_25,verification_25,delete_24,delete_24,delete_24,deleting_34,deleting_34,deleting_34]","[none_4,none_40,none_40,none_40,updated_3,updated_3,updated_3,none_31,none_32,none_31,none_32,none_31,none_32,exception_21,exception_21,none_0,successful_35,successful_35,successful_35,invalid_34,invalid_34,invalid_34,none_46,none_46,none_46]"
7136,"['7', '1', '1', '1', '2', '2', '2', '3', '3', '4', '4', '3', '4', '9', '8', '9', '10', '10', '10', '6', '6', '6', '5', '5', '5']","[NameSystem_2,block blk_6,block blk_6,block blk_6,NameSystem_2,NameSystem_2,NameSystem_2,blk_4,blk_4,blk_4,blk_4,blk_4,blk_4,blk_4,/_0,blk_4,blk_4,blk_4,blk_4,blk_4,blk_4,blk_4,block blk file_7,block blk file_7,block blk file_7]","[allocate_4,receiving_28,receiving_28,receiving_28,add_3,add_3,add_3,none_22,none_22,writing_23,writing_23,none_22,writing_23,transfer_13,serving_0,transfer_13,verification_25,verification_25,verification_25,delete_24,delete_24,delete_24,deleting_34,deleting_34,deleting_34]","[none_4,none_40,none_40,none_40,updated_3,updated_3,updated_3,none_31,none_31,none_32,none_32,none_31,none_32,exception_21,none_0,exception_21,successful_35,successful_35,successful_35,invalid_34,invalid_34,invalid_34,none_46,none_46,none_46]"
7140,"['7', '1', '1', '1', '2', '2', '3', '4', '3', '4', '3', '4', '2', '9', '8', '9', '10', '6', '6', '6', '5', '5', '5']","[NameSystem_2,block blk_6,block blk_6,block blk_6,NameSystem_2,NameSystem_2,blk_4,blk_4,blk_4,blk_4,blk_4,blk_4,NameSystem_2,blk_4,/_0,blk_4,blk_4,blk_4,blk_4,blk_4,block blk file_7,block blk file_7,block blk file_7]","[allocate_4,receiving_28,receiving_28,receiving_28,add_3,add_3,none_22,writing_23,none_22,writing_23,none_22,writing_23,add_3,transfer_13,serving_0,transfer_13,verification_25,delete_24,delete_24,delete_24,deleting_34,deleting_34,deleting_34]","[none_4,none_40,none_40,none_40,updated_3,updated_3,none_31,none_32,none_31,none_32,none_31,none_32,updated_3,exception_21,none_0,exception_21,successful_35,invalid_34,invalid_34,invalid_34,none_46,none_46,none_46]"
7154,"['7', '1', '1', '1', '2', '2', '2', '3', '4', '3', '4', '3', '4', '9', '8', '9', '10', '10', '10', '6', '6', '6', '5', '5', '5']","[NameSystem_2,block blk_6,block blk_6,block blk_6,NameSystem_2,NameSystem_2,NameSystem_2,blk_4,blk_4,blk_4,blk_4,blk_4,blk_4,blk_4,/_0,blk_4,blk_4,blk_4,blk_4,blk_4,blk_4,blk_4,block blk file_7,block blk file_7,block blk file_7]","[allocate_4,receiving_28,receiving_28,receiving_28,add_3,add_3,add_3,none_22,writing_23,none_22,writing_23,none_22,writing_23,transfer_13,serving_0,transfer_13,verification_25,verification_25,verification_25,delete_24,delete_24,delete_24,deleting_34,deleting_34,deleting_34]","[none_4,none_40,none_40,none_40,updated_3,updated_3,updated_3,none_31,none_32,none_31,none_32,none_31,none_32,exception_21,none_0,exception_21,successful_35,successful_35,successful_35,invalid_34,invalid_34,invalid_34,none_46,none_46,none_46]"
7155,"['7', '1', '1', '1', '2', '2', '2', '3', '4', '3', '4', '3', '4', '10', '9', '9', '8', '10', '10', '6', '6', '6', '5', '5', '5']","[NameSystem_2,block blk_6,block blk_6,block blk_6,NameSystem_2,NameSystem_2,NameSystem_2,blk_4,blk_4,blk_4,blk_4,blk_4,blk_4,blk_4,blk_4,blk_4,/_0,blk_4,blk_4,blk_4,blk_4,blk_4,block blk file_7,block blk file_7,block blk file_7]","[allocate_4,receiving_28,receiving_28,receiving_28,add_3,add_3,add_3,none_22,writing_23,none_22,writing_23,none_22,writing_23,verification_25,transfer_13,transfer_13,serving_0,verification_25,verification_25,delete_24,delete_24,delete_24,deleting_34,deleting_34,deleting_34]","[none_4,none_40,none_40,none_40,updated_3,updated_3,updated_3,none_31,none_32,none_31,none_32,none_31,none_32,successful_35,exception_21,exception_21,none_0,successful_35,successful_35,invalid_34,invalid_34,invalid_34,none_46,none_46,none_46]"
7166,"['7', '1', '1', '1', '2', '2', '2', '3', '4', '3', '4', '3', '4', '10', '9', '9', '8', '6', '6', '6', '5', '5', '5']","[NameSystem_2,block blk_6,block blk_6,block blk_6,NameSystem_2,NameSystem_2,NameSystem_2,blk_4,blk_4,blk_4,blk_4,blk_4,blk_4,blk_4,blk_4,blk_4,/_0,blk_4,blk_4,blk_4,block blk file_7,block blk file_7,block blk file_7]","[allocate_4,receiving_28,receiving_28,receiving_28,add_3,add_3,add_3,none_22,writing_23,none_22,writing_23,none_22,writing_23,verification_25,transfer_13,transfer_13,serving_0,delete_24,delete_24,delete_24,deleting_34,deleting_34,deleting_34]","[none_4,none_40,none_40,none_40,updated_3,updated_3,updated_3,none_31,none_32,none_31,none_32,none_31,none_32,successful_35,exception_21,exception_21,none_0,invalid_34,invalid_34,invalid_34,none_46,none_46,none_46]"
7176,"['7', '1', '1', '1', '2', '2', '2', '3', '4', '3', '4', '3', '4', '9', '10', '9', '9', '9', '9', '9', '9', '9', '9', '9', '9', '9', '9', '9', '9', '8', '10', '6', '6', '6', '5', '5', '5']","[NameSystem_2,block blk_6,block blk_6,block blk_6,NameSystem_2,NameSystem_2,NameSystem_2,blk_4,blk_4,blk_4,blk_4,blk_4,blk_4,blk_4,blk_4,blk_4,blk_4,blk_4,blk_4,blk_4,blk_4,blk_4,blk_4,blk_4,blk_4,blk_4,blk_4,blk_4,blk_4,/_0,blk_4,blk_4,blk_4,blk_4,block blk file_7,block blk file_7,block blk file_7]","[allocate_4,receiving_28,receiving_28,receiving_28,add_3,add_3,add_3,none_22,writing_23,none_22,writing_23,none_22,writing_23,transfer_13,verification_25,transfer_13,transfer_13,transfer_13,transfer_13,transfer_13,transfer_13,transfer_13,transfer_13,transfer_13,transfer_13,transfer_13,transfer_13,transfer_13,transfer_13,serving_0,verification_25,delete_24,delete_24,delete_24,deleting_34,deleting_34,deleting_34]","[none_4,none_40,none_40,none_40,updated_3,updated_3,updated_3,none_31,none_32,none_31,none_32,none_31,none_32,exception_21,successful_35,exception_21,exception_21,exception_21,exception_21,exception_21,exception_21,exception_21,exception_21,exception_21,exception_21,exception_21,exception_21,exception_21,exception_21,none_0,successful_35,invalid_34,invalid_34,invalid_34,none_46,none_46,none_46]"
7180,"['7', '1', '1', '1', '2', '2', '2', '3', '4', '3', '4', '3', '4', '9', '9', '9', '9', '9', '8', '9', '9', '9', '9', '9', '9', '9', '9', '9', '9', '10', '10', '6', '6', '6', '5', '5', '5']","[NameSystem_2,block blk_6,block blk_6,block blk_6,NameSystem_2,NameSystem_2,NameSystem_2,blk_4,blk_4,blk_4,blk_4,blk_4,blk_4,blk_4,blk_4,blk_4,blk_4,blk_4,/_0,blk_4,blk_4,blk_4,blk_4,blk_4,blk_4,blk_4,blk_4,blk_4,blk_4,blk_4,blk_4,blk_4,blk_4,blk_4,block blk file_7,block blk file_7,block blk file_7]","[allocate_4,receiving_28,receiving_28,receiving_28,add_3,add_3,add_3,none_22,writing_23,none_22,writing_23,none_22,writing_23,transfer_13,transfer_13,transfer_13,transfer_13,transfer_13,serving_0,transfer_13,transfer_13,transfer_13,transfer_13,transfer_13,transfer_13,transfer_13,transfer_13,transfer_13,transfer_13,verification_25,verification_25,delete_24,delete_24,delete_24,deleting_34,deleting_34,deleting_34]","[none_4,none_40,none_40,none_40,updated_3,updated_3,updated_3,none_31,none_32,none_31,none_32,none_31,none_32,exception_21,exception_21,exception_21,exception_21,exception_21,none_0,exception_21,exception_21,exception_21,exception_21,exception_21,exception_21,exception_21,exception_21,exception_21,exception_21,successful_35,successful_35,invalid_34,invalid_34,invalid_34,none_46,none_46,none_46]"
7188,"['7', '1', '1', '1', '2', '2', '2', '3', '4', '3', '4', '3', '4', '9', '8', '9', '10', '10', '10', '6', '6', '6', '5', '5', '5']","[NameSystem_2,block blk_6,block blk_6,block blk_6,NameSystem_2,NameSystem_2,NameSystem_2,blk_4,blk_4,blk_4,blk_4,blk_4,blk_4,blk_4,/_0,blk_4,blk_4,blk_4,blk_4,blk_4,blk_4,blk_4,block blk file_7,block blk file_7,block blk file_7]","[allocate_4,receiving_28,receiving_28,receiving_28,add_3,add_3,add_3,none_22,writing_23,none_22,writing_23,none_22,writing_23,transfer_13,serving_0,transfer_13,verification_25,verification_25,verification_25,delete_24,delete_24,delete_24,deleting_34,deleting_34,deleting_34]","[none_4,none_40,none_40,none_40,updated_3,updated_3,updated_3,none_31,none_32,none_31,none_32,none_31,none_32,exception_21,none_0,exception_21,successful_35,successful_35,successful_35,invalid_34,invalid_34,invalid_34,none_46,none_46,none_46]"
7189,"['7', '1', '1', '1', '2', '3', '4', '2', '2', '3', '4', '3', '4', '9', '8', '9', '10', '6', '6', '6', '5', '5', '5']","[NameSystem_2,block blk_6,block blk_6,block blk_6,NameSystem_2,blk_4,blk_4,NameSystem_2,NameSystem_2,blk_4,blk_4,blk_4,blk_4,blk_4,/_0,blk_4,blk_4,blk_4,blk_4,blk_4,block blk file_7,block blk file_7,block blk file_7]","[allocate_4,receiving_28,receiving_28,receiving_28,add_3,none_22,writing_23,add_3,add_3,none_22,writing_23,none_22,writing_23,transfer_13,serving_0,transfer_13,verification_25,delete_24,delete_24,delete_24,deleting_34,deleting_34,deleting_34]","[none_4,none_40,none_40,none_40,updated_3,none_31,none_32,updated_3,updated_3,none_31,none_32,none_31,none_32,exception_21,none_0,exception_21,successful_35,invalid_34,invalid_34,invalid_34,none_46,none_46,none_46]"
7195,"['7', '1', '1', '1', '2', '2', '3', '4', '3', '4', '2', '3', '4', '9', '8', '9', '10', '10', '6', '6', '6', '5', '5', '5']","[NameSystem_2,block blk_6,block blk_6,block blk_6,NameSystem_2,NameSystem_2,blk_4,blk_4,blk_4,blk_4,NameSystem_2,blk_4,blk_4,blk_4,/_0,blk_4,blk_4,blk_4,blk_4,blk_4,blk_4,block blk file_7,block blk file_7,block blk file_7]","[allocate_4,receiving_28,receiving_28,receiving_28,add_3,add_3,none_22,writing_23,none_22,writing_23,add_3,none_22,writing_23,transfer_13,serving_0,transfer_13,verification_25,verification_25,delete_24,delete_24,delete_24,deleting_34,deleting_34,deleting_34]","[none_4,none_40,none_40,none_40,updated_3,updated_3,none_31,none_32,none_31,none_32,updated_3,none_31,none_32,exception_21,none_0,exception_21,successful_35,successful_35,invalid_34,invalid_34,invalid_34,none_46,none_46,none_46]"
7208,"['7', '1', '1', '1', '2', '2', '2', '3', '4', '3', '4', '3', '4', '9', '9', '9', '9', '9', '9', '9', '9', '9', '9', '9', '9', '9', '9', '9', '8', '10', '6', '6', '6', '5', '5', '5']","[NameSystem_2,block blk_6,block blk_6,block blk_6,NameSystem_2,NameSystem_2,NameSystem_2,blk_4,blk_4,blk_4,blk_4,blk_4,blk_4,blk_4,blk_4,blk_4,blk_4,blk_4,blk_4,blk_4,blk_4,blk_4,blk_4,blk_4,blk_4,blk_4,blk_4,blk_4,/_0,blk_4,blk_4,blk_4,blk_4,block blk file_7,block blk file_7,block blk file_7]","[allocate_4,receiving_28,receiving_28,receiving_28,add_3,add_3,add_3,none_22,writing_23,none_22,writing_23,none_22,writing_23,transfer_13,transfer_13,transfer_13,transfer_13,transfer_13,transfer_13,transfer_13,transfer_13,transfer_13,transfer_13,transfer_13,transfer_13,transfer_13,transfer_13,transfer_13,serving_0,verification_25,delete_24,delete_24,delete_24,deleting_34,deleting_34,deleting_34]","[none_4,none_40,none_40,none_40,updated_3,updated_3,updated_3,none_31,none_32,none_31,none_32,none_31,none_32,exception_21,exception_21,exception_21,exception_21,exception_21,exception_21,exception_21,exception_21,exception_21,exception_21,exception_21,exception_21,exception_21,exception_21,exception_21,none_0,successful_35,invalid_34,invalid_34,invalid_34,none_46,none_46,none_46]"
7213,"['7', '1', '1', '1', '2', '2', '2', '3', '4', '3', '4', '3', '4', '8', '10', '6', '6', '6', '5', '5', '5']","[NameSystem_2,block blk_6,block blk_6,block blk_6,NameSystem_2,NameSystem_2,NameSystem_2,blk_4,blk_4,blk_4,blk_4,blk_4,blk_4,/_0,blk_4,blk_4,blk_4,blk_4,block blk file_7,block blk file_7,block blk file_7]","[allocate_4,receiving_28,receiving_28,receiving_28,add_3,add_3,add_3,none_22,writing_23,none_22,writing_23,none_22,writing_23,serving_0,verification_25,delete_24,delete_24,delete_24,deleting_34,deleting_34,deleting_34]","[none_4,none_40,none_40,none_40,updated_3,updated_3,updated_3,none_31,none_32,none_31,none_32,none_31,none_32,none_0,successful_35,invalid_34,invalid_34,invalid_34,none_46,none_46,none_46]"
7217,"['7', '1', '1', '1', '2', '2', '2', '3', '4', '3', '4', '3', '4', '9', '9', '8', '10', '10', '10', '6', '6', '6', '5', '5', '5']","[NameSystem_2,block blk_6,block blk_6,block blk_6,NameSystem_2,NameSystem_2,NameSystem_2,blk_4,blk_4,blk_4,blk_4,blk_4,blk_4,blk_4,blk_4,/_0,blk_4,blk_4,blk_4,blk_4,blk_4,blk_4,block blk file_7,block blk file_7,block blk file_7]","[allocate_4,receiving_28,receiving_28,receiving_28,add_3,add_3,add_3,none_22,writing_23,none_22,writing_23,none_22,writing_23,transfer_13,transfer_13,serving_0,verification_25,verification_25,verification_25,delete_24,delete_24,delete_24,deleting_34,deleting_34,deleting_34]","[none_4,none_40,none_40,none_40,updated_3,updated_3,updated_3,none_31,none_32,none_31,none_32,none_31,none_32,exception_21,exception_21,none_0,successful_35,successful_35,successful_35,invalid_34,invalid_34,invalid_34,none_46,none_46,none_46]"
7222,"['7', '1', '1', '1', '3', '4', '2', '2', '3', '4', '3', '4', '2', '10', '9', '9', '8', '10', '10', '6', '6', '6', '5', '5', '5']","[NameSystem_2,block blk_6,block blk_6,block blk_6,blk_4,blk_4,NameSystem_2,NameSystem_2,blk_4,blk_4,blk_4,blk_4,NameSystem_2,blk_4,blk_4,blk_4,/_0,blk_4,blk_4,blk_4,blk_4,blk_4,block blk file_7,block blk file_7,block blk file_7]","[allocate_4,receiving_28,receiving_28,receiving_28,none_22,writing_23,add_3,add_3,none_22,writing_23,none_22,writing_23,add_3,verification_25,transfer_13,transfer_13,serving_0,verification_25,verification_25,delete_24,delete_24,delete_24,deleting_34,deleting_34,deleting_34]","[none_4,none_40,none_40,none_40,none_31,none_32,updated_3,updated_3,none_31,none_32,none_31,none_32,updated_3,successful_35,exception_21,exception_21,none_0,successful_35,successful_35,invalid_34,invalid_34,invalid_34,none_46,none_46,none_46]"
7225,"['7', '1', '1', '1', '2', '3', '4', '3', '4', '2', '2', '3', '4', '9', '8', '9', '10', '10', '6', '6', '6', '5', '5', '5']","[NameSystem_2,block blk_6,block blk_6,block blk_6,NameSystem_2,blk_4,blk_4,blk_4,blk_4,NameSystem_2,NameSystem_2,blk_4,blk_4,blk_4,/_0,blk_4,blk_4,blk_4,blk_4,blk_4,blk_4,block blk file_7,block blk file_7,block blk file_7]","[allocate_4,receiving_28,receiving_28,receiving_28,add_3,none_22,writing_23,none_22,writing_23,add_3,add_3,none_22,writing_23,transfer_13,serving_0,transfer_13,verification_25,verification_25,delete_24,delete_24,delete_24,deleting_34,deleting_34,deleting_34]","[none_4,none_40,none_40,none_40,updated_3,none_31,none_32,none_31,none_32,updated_3,updated_3,none_31,none_32,exception_21,none_0,exception_21,successful_35,successful_35,invalid_34,invalid_34,invalid_34,none_46,none_46,none_46]"
7231,"['7', '1', '1', '1', '2', '2', '3', '4', '3', '4', '3', '4', '2', '9', '8', '9', '10', '10', '10', '6', '6', '6', '5', '5', '5']","[NameSystem_2,block blk_6,block blk_6,block blk_6,NameSystem_2,NameSystem_2,blk_4,blk_4,blk_4,blk_4,blk_4,blk_4,NameSystem_2,blk_4,/_0,blk_4,blk_4,blk_4,blk_4,blk_4,blk_4,blk_4,block blk file_7,block blk file_7,block blk file_7]","[allocate_4,receiving_28,receiving_28,receiving_28,add_3,add_3,none_22,writing_23,none_22,writing_23,none_22,writing_23,add_3,transfer_13,serving_0,transfer_13,verification_25,verification_25,verification_25,delete_24,delete_24,delete_24,deleting_34,deleting_34,deleting_34]","[none_4,none_40,none_40,none_40,updated_3,updated_3,none_31,none_32,none_31,none_32,none_31,none_32,updated_3,exception_21,none_0,exception_21,successful_35,successful_35,successful_35,invalid_34,invalid_34,invalid_34,none_46,none_46,none_46]"
7235,"['7', '1', '1', '1', '13', '2', '2', '2', '3', '4', '3', '4', '3', '4', '14', '1', '2', '11', '12', '5', '10', '8', '10', '6', '6', '6', '5', '5', '5']","[NameSystem_2,block blk_6,block blk_6,block blk_6,BLOCK*_1,NameSystem_2,NameSystem_2,NameSystem_2,blk_4,blk_4,blk_4,blk_4,blk_4,blk_4,block_5,block blk_6,NameSystem_2,block blk_6,block blk_6,block blk file_7,blk_4,/_0,blk_4,blk_4,blk_4,blk_4,block blk file_7,block blk file_7,block blk file_7]","[allocate_4,receiving_28,receiving_28,receiving_28,replicate_1,add_3,add_3,add_3,none_22,writing_23,none_22,writing_23,none_22,writing_23,transferring_26,receiving_28,add_3,receiving_28,transmitted_27,deleting_34,verification_25,serving_0,verification_25,delete_24,delete_24,delete_24,deleting_34,deleting_34,deleting_34]","[none_4,none_40,none_40,none_40,none_1,updated_3,updated_3,updated_3,none_31,none_32,none_31,none_32,none_31,none_32,none_36,none_40,updated_3,none_38,none_37,none_46,successful_35,none_0,successful_35,invalid_34,invalid_34,invalid_34,none_46,none_46,none_46]"
7238,"['7', '1', '1', '1', '2', '2', '3', '4', '3', '4', '3', '4', '2', '9', '9', '9', '9', '9', '9', '9', '9', '9', '9', '9', '9', '8', '9', '9', '9', '10', '6', '6', '6', '5', '5', '5']","[NameSystem_2,block blk_6,block blk_6,block blk_6,NameSystem_2,NameSystem_2,blk_4,blk_4,blk_4,blk_4,blk_4,blk_4,NameSystem_2,blk_4,blk_4,blk_4,blk_4,blk_4,blk_4,blk_4,blk_4,blk_4,blk_4,blk_4,blk_4,/_0,blk_4,blk_4,blk_4,blk_4,blk_4,blk_4,blk_4,block blk file_7,block blk file_7,block blk file_7]","[allocate_4,receiving_28,receiving_28,receiving_28,add_3,add_3,none_22,writing_23,none_22,writing_23,none_22,writing_23,add_3,transfer_13,transfer_13,transfer_13,transfer_13,transfer_13,transfer_13,transfer_13,transfer_13,transfer_13,transfer_13,transfer_13,transfer_13,serving_0,transfer_13,transfer_13,transfer_13,verification_25,delete_24,delete_24,delete_24,deleting_34,deleting_34,deleting_34]","[none_4,none_40,none_40,none_40,updated_3,updated_3,none_31,none_32,none_31,none_32,none_31,none_32,updated_3,exception_21,exception_21,exception_21,exception_21,exception_21,exception_21,exception_21,exception_21,exception_21,exception_21,exception_21,exception_21,none_0,exception_21,exception_21,exception_21,successful_35,invalid_34,invalid_34,invalid_34,none_46,none_46,none_46]"
7250,"['7', '1', '1', '1', '2', '3', '4', '3', '4', '3', '4', '2', '2', '8', '10', '10', '6', '6', '6', '5', '5', '5']","[NameSystem_2,block blk_6,block blk_6,block blk_6,NameSystem_2,blk_4,blk_4,blk_4,blk_4,blk_4,blk_4,NameSystem_2,NameSystem_2,/_0,blk_4,blk_4,blk_4,blk_4,blk_4,block blk file_7,block blk file_7,block blk file_7]","[allocate_4,receiving_28,receiving_28,receiving_28,add_3,none_22,writing_23,none_22,writing_23,none_22,writing_23,add_3,add_3,serving_0,verification_25,verification_25,delete_24,delete_24,delete_24,deleting_34,deleting_34,deleting_34]","[none_4,none_40,none_40,none_40,updated_3,none_31,none_32,none_31,none_32,none_31,none_32,updated_3,updated_3,none_0,successful_35,successful_35,invalid_34,invalid_34,invalid_34,none_46,none_46,none_46]"
7251,"['7', '1', '1', '1', '2', '2', '3', '4', '3', '4', '2', '3', '4', '9', '9', '9', '9', '9', '9', '9', '9', '9', '9', '9', '9', '9', '8', '9', '9', '10', '10', '6', '6', '6', '5', '5', '5']","[NameSystem_2,block blk_6,block blk_6,block blk_6,NameSystem_2,NameSystem_2,blk_4,blk_4,blk_4,blk_4,NameSystem_2,blk_4,blk_4,blk_4,blk_4,blk_4,blk_4,blk_4,blk_4,blk_4,blk_4,blk_4,blk_4,blk_4,blk_4,blk_4,/_0,blk_4,blk_4,blk_4,blk_4,blk_4,blk_4,blk_4,block blk file_7,block blk file_7,block blk file_7]","[allocate_4,receiving_28,receiving_28,receiving_28,add_3,add_3,none_22,writing_23,none_22,writing_23,add_3,none_22,writing_23,transfer_13,transfer_13,transfer_13,transfer_13,transfer_13,transfer_13,transfer_13,transfer_13,transfer_13,transfer_13,transfer_13,transfer_13,transfer_13,serving_0,transfer_13,transfer_13,verification_25,verification_25,delete_24,delete_24,delete_24,deleting_34,deleting_34,deleting_34]","[none_4,none_40,none_40,none_40,updated_3,updated_3,none_31,none_32,none_31,none_32,updated_3,none_31,none_32,exception_21,exception_21,exception_21,exception_21,exception_21,exception_21,exception_21,exception_21,exception_21,exception_21,exception_21,exception_21,exception_21,none_0,exception_21,exception_21,successful_35,successful_35,invalid_34,invalid_34,invalid_34,none_46,none_46,none_46]"
7252,"['7', '1', '1', '1', '2', '2', '2', '3', '4', '3', '4', '3', '4', '9', '9', '8', '10', '6', '6', '6', '5', '5', '5']","[NameSystem_2,block blk_6,block blk_6,block blk_6,NameSystem_2,NameSystem_2,NameSystem_2,blk_4,blk_4,blk_4,blk_4,blk_4,blk_4,blk_4,blk_4,/_0,blk_4,blk_4,blk_4,blk_4,block blk file_7,block blk file_7,block blk file_7]","[allocate_4,receiving_28,receiving_28,receiving_28,add_3,add_3,add_3,none_22,writing_23,none_22,writing_23,none_22,writing_23,transfer_13,transfer_13,serving_0,verification_25,delete_24,delete_24,delete_24,deleting_34,deleting_34,deleting_34]","[none_4,none_40,none_40,none_40,updated_3,updated_3,updated_3,none_31,none_32,none_31,none_32,none_31,none_32,exception_21,exception_21,none_0,successful_35,invalid_34,invalid_34,invalid_34,none_46,none_46,none_46]"
7259,"['7', '1', '1', '1', '2', '2', '2', '3', '4', '3', '4', '3', '4', '10', '9', '9', '9', '9', '9', '9', '9', '8', '9', '9', '9', '9', '9', '9', '9', '9', '10', '6', '6', '6', '5', '5', '5']","[NameSystem_2,block blk_6,block blk_6,block blk_6,NameSystem_2,NameSystem_2,NameSystem_2,blk_4,blk_4,blk_4,blk_4,blk_4,blk_4,blk_4,blk_4,blk_4,blk_4,blk_4,blk_4,blk_4,blk_4,/_0,blk_4,blk_4,blk_4,blk_4,blk_4,blk_4,blk_4,blk_4,blk_4,blk_4,blk_4,blk_4,block blk file_7,block blk file_7,block blk file_7]","[allocate_4,receiving_28,receiving_28,receiving_28,add_3,add_3,add_3,none_22,writing_23,none_22,writing_23,none_22,writing_23,verification_25,transfer_13,transfer_13,transfer_13,transfer_13,transfer_13,transfer_13,transfer_13,serving_0,transfer_13,transfer_13,transfer_13,transfer_13,transfer_13,transfer_13,transfer_13,transfer_13,verification_25,delete_24,delete_24,delete_24,deleting_34,deleting_34,deleting_34]","[none_4,none_40,none_40,none_40,updated_3,updated_3,updated_3,none_31,none_32,none_31,none_32,none_31,none_32,successful_35,exception_21,exception_21,exception_21,exception_21,exception_21,exception_21,exception_21,none_0,exception_21,exception_21,exception_21,exception_21,exception_21,exception_21,exception_21,exception_21,successful_35,invalid_34,invalid_34,invalid_34,none_46,none_46,none_46]"
7281,"['7', '1']","[NameSystem_2,block blk_6]","[allocate_4,receiving_28]","[none_4,none_40]"
7295,"['7', '1', '1', '1', '2', '2', '2', '3', '4', '3', '4', '3', '4', '9', '8', '9', '10', '10', '6', '6', '6', '5', '5', '5']","[NameSystem_2,block blk_6,block blk_6,block blk_6,NameSystem_2,NameSystem_2,NameSystem_2,blk_4,blk_4,blk_4,blk_4,blk_4,blk_4,blk_4,/_0,blk_4,blk_4,blk_4,blk_4,blk_4,blk_4,block blk file_7,block blk file_7,block blk file_7]","[allocate_4,receiving_28,receiving_28,receiving_28,add_3,add_3,add_3,none_22,writing_23,none_22,writing_23,none_22,writing_23,transfer_13,serving_0,transfer_13,verification_25,verification_25,delete_24,delete_24,delete_24,deleting_34,deleting_34,deleting_34]","[none_4,none_40,none_40,none_40,updated_3,updated_3,updated_3,none_31,none_32,none_31,none_32,none_31,none_32,exception_21,none_0,exception_21,successful_35,successful_35,invalid_34,invalid_34,invalid_34,none_46,none_46,none_46]"
7306,"['7', '1', '1', '1', '2', '2', '3', '4', '3', '4', '3', '4', '2', '10', '9', '8', '9', '10', '6', '6', '6', '5', '5', '5']","[NameSystem_2,block blk_6,block blk_6,block blk_6,NameSystem_2,NameSystem_2,blk_4,blk_4,blk_4,blk_4,blk_4,blk_4,NameSystem_2,blk_4,blk_4,/_0,blk_4,blk_4,blk_4,blk_4,blk_4,block blk file_7,block blk file_7,block blk file_7]","[allocate_4,receiving_28,receiving_28,receiving_28,add_3,add_3,none_22,writing_23,none_22,writing_23,none_22,writing_23,add_3,verification_25,transfer_13,serving_0,transfer_13,verification_25,delete_24,delete_24,delete_24,deleting_34,deleting_34,deleting_34]","[none_4,none_40,none_40,none_40,updated_3,updated_3,none_31,none_32,none_31,none_32,none_31,none_32,updated_3,successful_35,exception_21,none_0,exception_21,successful_35,invalid_34,invalid_34,invalid_34,none_46,none_46,none_46]"
7316,"['7', '1', '1', '1', '2', '2', '3', '4', '4', '2', '3', '4', '3', '10', '9', '9', '9', '9', '9', '9', '9', '9', '9', '9', '8', '9', '9', '9', '9', '9', '10', '6', '6', '6', '5', '5', '5']","[NameSystem_2,block blk_6,block blk_6,block blk_6,NameSystem_2,NameSystem_2,blk_4,blk_4,blk_4,NameSystem_2,blk_4,blk_4,blk_4,blk_4,blk_4,blk_4,blk_4,blk_4,blk_4,blk_4,blk_4,blk_4,blk_4,blk_4,/_0,blk_4,blk_4,blk_4,blk_4,blk_4,blk_4,blk_4,blk_4,blk_4,block blk file_7,block blk file_7,block blk file_7]","[allocate_4,receiving_28,receiving_28,receiving_28,add_3,add_3,none_22,writing_23,writing_23,add_3,none_22,writing_23,none_22,verification_25,transfer_13,transfer_13,transfer_13,transfer_13,transfer_13,transfer_13,transfer_13,transfer_13,transfer_13,transfer_13,serving_0,transfer_13,transfer_13,transfer_13,transfer_13,transfer_13,verification_25,delete_24,delete_24,delete_24,deleting_34,deleting_34,deleting_34]","[none_4,none_40,none_40,none_40,updated_3,updated_3,none_31,none_32,none_32,updated_3,none_31,none_32,none_31,successful_35,exception_21,exception_21,exception_21,exception_21,exception_21,exception_21,exception_21,exception_21,exception_21,exception_21,none_0,exception_21,exception_21,exception_21,exception_21,exception_21,successful_35,invalid_34,invalid_34,invalid_34,none_46,none_46,none_46]"
7328,"['7', '1', '1', '1', '2', '2', '3', '4', '3', '4', '2', '3', '4', '9', '9', '8', '10', '10', '10', '6', '6', '6', '5', '5', '5']","[NameSystem_2,block blk_6,block blk_6,block blk_6,NameSystem_2,NameSystem_2,blk_4,blk_4,blk_4,blk_4,NameSystem_2,blk_4,blk_4,blk_4,blk_4,/_0,blk_4,blk_4,blk_4,blk_4,blk_4,blk_4,block blk file_7,block blk file_7,block blk file_7]","[allocate_4,receiving_28,receiving_28,receiving_28,add_3,add_3,none_22,writing_23,none_22,writing_23,add_3,none_22,writing_23,transfer_13,transfer_13,serving_0,verification_25,verification_25,verification_25,delete_24,delete_24,delete_24,deleting_34,deleting_34,deleting_34]","[none_4,none_40,none_40,none_40,updated_3,updated_3,none_31,none_32,none_31,none_32,updated_3,none_31,none_32,exception_21,exception_21,none_0,successful_35,successful_35,successful_35,invalid_34,invalid_34,invalid_34,none_46,none_46,none_46]"
7335,"['7', '1', '1', '1', '2', '2', '2', '3', '4', '3', '4', '3', '4', '9', '9', '9', '9', '9', '9', '9', '9', '9', '8', '9', '9', '9', '9', '9', '9', '10', '10', '6', '6', '6', '5', '5', '5']","[NameSystem_2,block blk_6,block blk_6,block blk_6,NameSystem_2,NameSystem_2,NameSystem_2,blk_4,blk_4,blk_4,blk_4,blk_4,blk_4,blk_4,blk_4,blk_4,blk_4,blk_4,blk_4,blk_4,blk_4,blk_4,/_0,blk_4,blk_4,blk_4,blk_4,blk_4,blk_4,blk_4,blk_4,blk_4,blk_4,blk_4,block blk file_7,block blk file_7,block blk file_7]","[allocate_4,receiving_28,receiving_28,receiving_28,add_3,add_3,add_3,none_22,writing_23,none_22,writing_23,none_22,writing_23,transfer_13,transfer_13,transfer_13,transfer_13,transfer_13,transfer_13,transfer_13,transfer_13,transfer_13,serving_0,transfer_13,transfer_13,transfer_13,transfer_13,transfer_13,transfer_13,verification_25,verification_25,delete_24,delete_24,delete_24,deleting_34,deleting_34,deleting_34]","[none_4,none_40,none_40,none_40,updated_3,updated_3,updated_3,none_31,none_32,none_31,none_32,none_31,none_32,exception_21,exception_21,exception_21,exception_21,exception_21,exception_21,exception_21,exception_21,exception_21,none_0,exception_21,exception_21,exception_21,exception_21,exception_21,exception_21,successful_35,successful_35,invalid_34,invalid_34,invalid_34,none_46,none_46,none_46]"
7351,"['7', '1', '1', '1', '2', '2', '2', '3', '4', '3', '4', '3', '4', '9', '9', '8', '10', '10', '10', '6', '6', '6', '5', '5', '5']","[NameSystem_2,block blk_6,block blk_6,block blk_6,NameSystem_2,NameSystem_2,NameSystem_2,blk_4,blk_4,blk_4,blk_4,blk_4,blk_4,blk_4,blk_4,/_0,blk_4,blk_4,blk_4,blk_4,blk_4,blk_4,block blk file_7,block blk file_7,block blk file_7]","[allocate_4,receiving_28,receiving_28,receiving_28,add_3,add_3,add_3,none_22,writing_23,none_22,writing_23,none_22,writing_23,transfer_13,transfer_13,serving_0,verification_25,verification_25,verification_25,delete_24,delete_24,delete_24,deleting_34,deleting_34,deleting_34]","[none_4,none_40,none_40,none_40,updated_3,updated_3,updated_3,none_31,none_32,none_31,none_32,none_31,none_32,exception_21,exception_21,none_0,successful_35,successful_35,successful_35,invalid_34,invalid_34,invalid_34,none_46,none_46,none_46]"
7364,"['7', '1', '1', '1', '2', '2', '2', '3', '4', '3', '4', '3', '4', '9', '9', '9', '9', '9', '9', '9', '9', '8', '9', '9', '9', '9', '9', '9', '9', '10', '6', '6', '6', '5', '5', '5']","[NameSystem_2,block blk_6,block blk_6,block blk_6,NameSystem_2,NameSystem_2,NameSystem_2,blk_4,blk_4,blk_4,blk_4,blk_4,blk_4,blk_4,blk_4,blk_4,blk_4,blk_4,blk_4,blk_4,blk_4,/_0,blk_4,blk_4,blk_4,blk_4,blk_4,blk_4,blk_4,blk_4,blk_4,blk_4,blk_4,block blk file_7,block blk file_7,block blk file_7]","[allocate_4,receiving_28,receiving_28,receiving_28,add_3,add_3,add_3,none_22,writing_23,none_22,writing_23,none_22,writing_23,transfer_13,transfer_13,transfer_13,transfer_13,transfer_13,transfer_13,transfer_13,transfer_13,serving_0,transfer_13,transfer_13,transfer_13,transfer_13,transfer_13,transfer_13,transfer_13,verification_25,delete_24,delete_24,delete_24,deleting_34,deleting_34,deleting_34]","[none_4,none_40,none_40,none_40,updated_3,updated_3,updated_3,none_31,none_32,none_31,none_32,none_31,none_32,exception_21,exception_21,exception_21,exception_21,exception_21,exception_21,exception_21,exception_21,none_0,exception_21,exception_21,exception_21,exception_21,exception_21,exception_21,exception_21,successful_35,invalid_34,invalid_34,invalid_34,none_46,none_46,none_46]"
7371,"['7', '1', '1', '1', '2', '3', '4', '3', '4', '2', '2', '3', '4', '10', '9', '9', '9', '8', '9', '9', '9', '9', '9', '9', '9', '9', '9', '9', '9', '9', '10', '10', '6', '6', '6', '5', '5', '5']","[NameSystem_2,block blk_6,block blk_6,block blk_6,NameSystem_2,blk_4,blk_4,blk_4,blk_4,NameSystem_2,NameSystem_2,blk_4,blk_4,blk_4,blk_4,blk_4,blk_4,/_0,blk_4,blk_4,blk_4,blk_4,blk_4,blk_4,blk_4,blk_4,blk_4,blk_4,blk_4,blk_4,blk_4,blk_4,blk_4,blk_4,blk_4,block blk file_7,block blk file_7,block blk file_7]","[allocate_4,receiving_28,receiving_28,receiving_28,add_3,none_22,writing_23,none_22,writing_23,add_3,add_3,none_22,writing_23,verification_25,transfer_13,transfer_13,transfer_13,serving_0,transfer_13,transfer_13,transfer_13,transfer_13,transfer_13,transfer_13,transfer_13,transfer_13,transfer_13,transfer_13,transfer_13,transfer_13,verification_25,verification_25,delete_24,delete_24,delete_24,deleting_34,deleting_34,deleting_34]","[none_4,none_40,none_40,none_40,updated_3,none_31,none_32,none_31,none_32,updated_3,updated_3,none_31,none_32,successful_35,exception_21,exception_21,exception_21,none_0,exception_21,exception_21,exception_21,exception_21,exception_21,exception_21,exception_21,exception_21,exception_21,exception_21,exception_21,exception_21,successful_35,successful_35,invalid_34,invalid_34,invalid_34,none_46,none_46,none_46]"
7381,"['7', '1', '1', '1', '2', '2', '2', '3', '4', '3', '4', '3', '4', '9', '9', '8', '10', '10', '10', '6', '6', '6', '5', '5', '5']","[NameSystem_2,block blk_6,block blk_6,block blk_6,NameSystem_2,NameSystem_2,NameSystem_2,blk_4,blk_4,blk_4,blk_4,blk_4,blk_4,blk_4,blk_4,/_0,blk_4,blk_4,blk_4,blk_4,blk_4,blk_4,block blk file_7,block blk file_7,block blk file_7]","[allocate_4,receiving_28,receiving_28,receiving_28,add_3,add_3,add_3,none_22,writing_23,none_22,writing_23,none_22,writing_23,transfer_13,transfer_13,serving_0,verification_25,verification_25,verification_25,delete_24,delete_24,delete_24,deleting_34,deleting_34,deleting_34]","[none_4,none_40,none_40,none_40,updated_3,updated_3,updated_3,none_31,none_32,none_31,none_32,none_31,none_32,exception_21,exception_21,none_0,successful_35,successful_35,successful_35,invalid_34,invalid_34,invalid_34,none_46,none_46,none_46]"
7382,"['7', '1', '1', '1', '2', '2', '2', '3', '4', '3', '4', '3', '4', '9', '9', '9', '8', '9', '9', '9', '9', '9', '9', '9', '9', '9', '9', '9', '9', '6', '6', '6', '5', '5', '5']","[NameSystem_2,block blk_6,block blk_6,block blk_6,NameSystem_2,NameSystem_2,NameSystem_2,blk_4,blk_4,blk_4,blk_4,blk_4,blk_4,blk_4,blk_4,blk_4,/_0,blk_4,blk_4,blk_4,blk_4,blk_4,blk_4,blk_4,blk_4,blk_4,blk_4,blk_4,blk_4,blk_4,blk_4,blk_4,block blk file_7,block blk file_7,block blk file_7]","[allocate_4,receiving_28,receiving_28,receiving_28,add_3,add_3,add_3,none_22,writing_23,none_22,writing_23,none_22,writing_23,transfer_13,transfer_13,transfer_13,serving_0,transfer_13,transfer_13,transfer_13,transfer_13,transfer_13,transfer_13,transfer_13,transfer_13,transfer_13,transfer_13,transfer_13,transfer_13,delete_24,delete_24,delete_24,deleting_34,deleting_34,deleting_34]","[none_4,none_40,none_40,none_40,updated_3,updated_3,updated_3,none_31,none_32,none_31,none_32,none_31,none_32,exception_21,exception_21,exception_21,none_0,exception_21,exception_21,exception_21,exception_21,exception_21,exception_21,exception_21,exception_21,exception_21,exception_21,exception_21,exception_21,invalid_34,invalid_34,invalid_34,none_46,none_46,none_46]"
7393,"['7', '1', '1', '1', '2', '2', '3', '4', '3', '4', '3', '4', '2', '10', '9', '9', '8', '10', '10', '6', '6', '6', '5', '5', '5']","[NameSystem_2,block blk_6,block blk_6,block blk_6,NameSystem_2,NameSystem_2,blk_4,blk_4,blk_4,blk_4,blk_4,blk_4,NameSystem_2,blk_4,blk_4,blk_4,/_0,blk_4,blk_4,blk_4,blk_4,blk_4,block blk file_7,block blk file_7,block blk file_7]","[allocate_4,receiving_28,receiving_28,receiving_28,add_3,add_3,none_22,writing_23,none_22,writing_23,none_22,writing_23,add_3,verification_25,transfer_13,transfer_13,serving_0,verification_25,verification_25,delete_24,delete_24,delete_24,deleting_34,deleting_34,deleting_34]","[none_4,none_40,none_40,none_40,updated_3,updated_3,none_31,none_32,none_31,none_32,none_31,none_32,updated_3,successful_35,exception_21,exception_21,none_0,successful_35,successful_35,invalid_34,invalid_34,invalid_34,none_46,none_46,none_46]"
7394,"['7', '1', '1', '1', '2', '2', '3', '4', '3', '4', '2', '3', '4', '9', '9', '8', '10', '10', '10', '6', '6', '6', '5', '5', '5']","[NameSystem_2,block blk_6,block blk_6,block blk_6,NameSystem_2,NameSystem_2,blk_4,blk_4,blk_4,blk_4,NameSystem_2,blk_4,blk_4,blk_4,blk_4,/_0,blk_4,blk_4,blk_4,blk_4,blk_4,blk_4,block blk file_7,block blk file_7,block blk file_7]","[allocate_4,receiving_28,receiving_28,receiving_28,add_3,add_3,none_22,writing_23,none_22,writing_23,add_3,none_22,writing_23,transfer_13,transfer_13,serving_0,verification_25,verification_25,verification_25,delete_24,delete_24,delete_24,deleting_34,deleting_34,deleting_34]","[none_4,none_40,none_40,none_40,updated_3,updated_3,none_31,none_32,none_31,none_32,updated_3,none_31,none_32,exception_21,exception_21,none_0,successful_35,successful_35,successful_35,invalid_34,invalid_34,invalid_34,none_46,none_46,none_46]"
7397,"['7', '1', '1', '1', '2', '2', '2', '3', '4', '3', '4', '3', '4', '9', '8', '9', '10', '10', '10', '6', '6', '6', '5', '5', '5']","[NameSystem_2,block blk_6,block blk_6,block blk_6,NameSystem_2,NameSystem_2,NameSystem_2,blk_4,blk_4,blk_4,blk_4,blk_4,blk_4,blk_4,/_0,blk_4,blk_4,blk_4,blk_4,blk_4,blk_4,blk_4,block blk file_7,block blk file_7,block blk file_7]","[allocate_4,receiving_28,receiving_28,receiving_28,add_3,add_3,add_3,none_22,writing_23,none_22,writing_23,none_22,writing_23,transfer_13,serving_0,transfer_13,verification_25,verification_25,verification_25,delete_24,delete_24,delete_24,deleting_34,deleting_34,deleting_34]","[none_4,none_40,none_40,none_40,updated_3,updated_3,updated_3,none_31,none_32,none_31,none_32,none_31,none_32,exception_21,none_0,exception_21,successful_35,successful_35,successful_35,invalid_34,invalid_34,invalid_34,none_46,none_46,none_46]"
7403,"['7', '1', '1', '1', '2', '2', '3', '4', '3', '4', '2', '3', '4', '9', '8', '9', '10', '10', '6', '6', '6', '5', '5', '5']","[NameSystem_2,block blk_6,block blk_6,block blk_6,NameSystem_2,NameSystem_2,blk_4,blk_4,blk_4,blk_4,NameSystem_2,blk_4,blk_4,blk_4,/_0,blk_4,blk_4,blk_4,blk_4,blk_4,blk_4,block blk file_7,block blk file_7,block blk file_7]","[allocate_4,receiving_28,receiving_28,receiving_28,add_3,add_3,none_22,writing_23,none_22,writing_23,add_3,none_22,writing_23,transfer_13,serving_0,transfer_13,verification_25,verification_25,delete_24,delete_24,delete_24,deleting_34,deleting_34,deleting_34]","[none_4,none_40,none_40,none_40,updated_3,updated_3,none_31,none_32,none_31,none_32,updated_3,none_31,none_32,exception_21,none_0,exception_21,successful_35,successful_35,invalid_34,invalid_34,invalid_34,none_46,none_46,none_46]"
7407,"['7', '1', '1', '1', '2', '2', '3', '4', '3', '4', '3', '4', '2', '9', '9', '8', '10', '10', '6', '6', '6', '5', '5', '5']","[NameSystem_2,block blk_6,block blk_6,block blk_6,NameSystem_2,NameSystem_2,blk_4,blk_4,blk_4,blk_4,blk_4,blk_4,NameSystem_2,blk_4,blk_4,/_0,blk_4,blk_4,blk_4,blk_4,blk_4,block blk file_7,block blk file_7,block blk file_7]","[allocate_4,receiving_28,receiving_28,receiving_28,add_3,add_3,none_22,writing_23,none_22,writing_23,none_22,writing_23,add_3,transfer_13,transfer_13,serving_0,verification_25,verification_25,delete_24,delete_24,delete_24,deleting_34,deleting_34,deleting_34]","[none_4,none_40,none_40,none_40,updated_3,updated_3,none_31,none_32,none_31,none_32,none_31,none_32,updated_3,exception_21,exception_21,none_0,successful_35,successful_35,invalid_34,invalid_34,invalid_34,none_46,none_46,none_46]"
7412,"['7', '1', '1', '1', '2', '3', '4', '3', '4', '2', '3', '4', '2', '9', '9', '8', '10', '10', '6', '6', '6', '5', '5', '5']","[NameSystem_2,block blk_6,block blk_6,block blk_6,NameSystem_2,blk_4,blk_4,blk_4,blk_4,NameSystem_2,blk_4,blk_4,NameSystem_2,blk_4,blk_4,/_0,blk_4,blk_4,blk_4,blk_4,blk_4,block blk file_7,block blk file_7,block blk file_7]","[allocate_4,receiving_28,receiving_28,receiving_28,add_3,none_22,writing_23,none_22,writing_23,add_3,none_22,writing_23,add_3,transfer_13,transfer_13,serving_0,verification_25,verification_25,delete_24,delete_24,delete_24,deleting_34,deleting_34,deleting_34]","[none_4,none_40,none_40,none_40,updated_3,none_31,none_32,none_31,none_32,updated_3,none_31,none_32,updated_3,exception_21,exception_21,none_0,successful_35,successful_35,invalid_34,invalid_34,invalid_34,none_46,none_46,none_46]"
7420,"['7', '1', '1', '16']","[NameSystem_2,block blk_6,block blk_6,blk_4]","[allocate_4,receiving_28,receiving_28,writing_23]","[none_4,none_40,none_40,exception_33]"
7429,"['7', '1', '1', '1', '2', '2', '2', '3', '4', '3', '4', '3', '4', '9', '8', '9', '10', '6', '6', '6', '5', '5', '5']","[NameSystem_2,block blk_6,block blk_6,block blk_6,NameSystem_2,NameSystem_2,NameSystem_2,blk_4,blk_4,blk_4,blk_4,blk_4,blk_4,blk_4,/_0,blk_4,blk_4,blk_4,blk_4,blk_4,block blk file_7,block blk file_7,block blk file_7]","[allocate_4,receiving_28,receiving_28,receiving_28,add_3,add_3,add_3,none_22,writing_23,none_22,writing_23,none_22,writing_23,transfer_13,serving_0,transfer_13,verification_25,delete_24,delete_24,delete_24,deleting_34,deleting_34,deleting_34]","[none_4,none_40,none_40,none_40,updated_3,updated_3,updated_3,none_31,none_32,none_31,none_32,none_31,none_32,exception_21,none_0,exception_21,successful_35,invalid_34,invalid_34,invalid_34,none_46,none_46,none_46]"
7451,"['7', '1', '1', '1', '2', '2', '2', '3', '4', '3', '4', '3', '4', '9', '8', '9', '10', '10', '6', '6', '6', '5', '5', '5']","[NameSystem_2,block blk_6,block blk_6,block blk_6,NameSystem_2,NameSystem_2,NameSystem_2,blk_4,blk_4,blk_4,blk_4,blk_4,blk_4,blk_4,/_0,blk_4,blk_4,blk_4,blk_4,blk_4,blk_4,block blk file_7,block blk file_7,block blk file_7]","[allocate_4,receiving_28,receiving_28,receiving_28,add_3,add_3,add_3,none_22,writing_23,none_22,writing_23,none_22,writing_23,transfer_13,serving_0,transfer_13,verification_25,verification_25,delete_24,delete_24,delete_24,deleting_34,deleting_34,deleting_34]","[none_4,none_40,none_40,none_40,updated_3,updated_3,updated_3,none_31,none_32,none_31,none_32,none_31,none_32,exception_21,none_0,exception_21,successful_35,successful_35,invalid_34,invalid_34,invalid_34,none_46,none_46,none_46]"
7465,"['7', '1', '1', '1', '2', '2', '2', '3', '4', '3', '4', '3', '4', '10', '9', '8', '9', '10', '10', '6', '6', '6', '5', '5', '5']","[NameSystem_2,block blk_6,block blk_6,block blk_6,NameSystem_2,NameSystem_2,NameSystem_2,blk_4,blk_4,blk_4,blk_4,blk_4,blk_4,blk_4,blk_4,/_0,blk_4,blk_4,blk_4,blk_4,blk_4,blk_4,block blk file_7,block blk file_7,block blk file_7]","[allocate_4,receiving_28,receiving_28,receiving_28,add_3,add_3,add_3,none_22,writing_23,none_22,writing_23,none_22,writing_23,verification_25,transfer_13,serving_0,transfer_13,verification_25,verification_25,delete_24,delete_24,delete_24,deleting_34,deleting_34,deleting_34]","[none_4,none_40,none_40,none_40,updated_3,updated_3,updated_3,none_31,none_32,none_31,none_32,none_31,none_32,successful_35,exception_21,none_0,exception_21,successful_35,successful_35,invalid_34,invalid_34,invalid_34,none_46,none_46,none_46]"
7468,"['7', '1', '1', '1', '2', '2', '3', '4', '3', '4', '2', '3', '4', '9', '9', '8', '10', '10', '6', '6', '6', '5', '5', '5']","[NameSystem_2,block blk_6,block blk_6,block blk_6,NameSystem_2,NameSystem_2,blk_4,blk_4,blk_4,blk_4,NameSystem_2,blk_4,blk_4,blk_4,blk_4,/_0,blk_4,blk_4,blk_4,blk_4,blk_4,block blk file_7,block blk file_7,block blk file_7]","[allocate_4,receiving_28,receiving_28,receiving_28,add_3,add_3,none_22,writing_23,none_22,writing_23,add_3,none_22,writing_23,transfer_13,transfer_13,serving_0,verification_25,verification_25,delete_24,delete_24,delete_24,deleting_34,deleting_34,deleting_34]","[none_4,none_40,none_40,none_40,updated_3,updated_3,none_31,none_32,none_31,none_32,updated_3,none_31,none_32,exception_21,exception_21,none_0,successful_35,successful_35,invalid_34,invalid_34,invalid_34,none_46,none_46,none_46]"
7469,"['7', '1', '1', '1', '2', '2', '2', '3', '4', '3', '4', '3', '4', '10', '9', '9', '8', '10', '6', '6', '6', '5', '5', '5']","[NameSystem_2,block blk_6,block blk_6,block blk_6,NameSystem_2,NameSystem_2,NameSystem_2,blk_4,blk_4,blk_4,blk_4,blk_4,blk_4,blk_4,blk_4,blk_4,/_0,blk_4,blk_4,blk_4,blk_4,block blk file_7,block blk file_7,block blk file_7]","[allocate_4,receiving_28,receiving_28,receiving_28,add_3,add_3,add_3,none_22,writing_23,none_22,writing_23,none_22,writing_23,verification_25,transfer_13,transfer_13,serving_0,verification_25,delete_24,delete_24,delete_24,deleting_34,deleting_34,deleting_34]","[none_4,none_40,none_40,none_40,updated_3,updated_3,updated_3,none_31,none_32,none_31,none_32,none_31,none_32,successful_35,exception_21,exception_21,none_0,successful_35,invalid_34,invalid_34,invalid_34,none_46,none_46,none_46]"
7478,"['7', '1', '1', '1', '2', '2', '3', '4', '3', '4', '2', '3', '4', '9', '8', '9', '10', '6', '6', '6', '5', '5', '5']","[NameSystem_2,block blk_6,block blk_6,block blk_6,NameSystem_2,NameSystem_2,blk_4,blk_4,blk_4,blk_4,NameSystem_2,blk_4,blk_4,blk_4,/_0,blk_4,blk_4,blk_4,blk_4,blk_4,block blk file_7,block blk file_7,block blk file_7]","[allocate_4,receiving_28,receiving_28,receiving_28,add_3,add_3,none_22,writing_23,none_22,writing_23,add_3,none_22,writing_23,transfer_13,serving_0,transfer_13,verification_25,delete_24,delete_24,delete_24,deleting_34,deleting_34,deleting_34]","[none_4,none_40,none_40,none_40,updated_3,updated_3,none_31,none_32,none_31,none_32,updated_3,none_31,none_32,exception_21,none_0,exception_21,successful_35,invalid_34,invalid_34,invalid_34,none_46,none_46,none_46]"
7484,"['7', '1', '1', '1', '2', '3', '4', '2', '2', '3', '4', '3', '4', '9', '9', '8', '10', '10', '10', '6', '6', '6', '5', '5', '5']","[NameSystem_2,block blk_6,block blk_6,block blk_6,NameSystem_2,blk_4,blk_4,NameSystem_2,NameSystem_2,blk_4,blk_4,blk_4,blk_4,blk_4,blk_4,/_0,blk_4,blk_4,blk_4,blk_4,blk_4,blk_4,block blk file_7,block blk file_7,block blk file_7]","[allocate_4,receiving_28,receiving_28,receiving_28,add_3,none_22,writing_23,add_3,add_3,none_22,writing_23,none_22,writing_23,transfer_13,transfer_13,serving_0,verification_25,verification_25,verification_25,delete_24,delete_24,delete_24,deleting_34,deleting_34,deleting_34]","[none_4,none_40,none_40,none_40,updated_3,none_31,none_32,updated_3,updated_3,none_31,none_32,none_31,none_32,exception_21,exception_21,none_0,successful_35,successful_35,successful_35,invalid_34,invalid_34,invalid_34,none_46,none_46,none_46]"
7489,"['7', '1', '1', '1', '2', '2', '2', '3', '4', '3', '4', '3', '4', '10', '9', '8', '9', '10', '6', '6', '6', '5', '5', '5']","[NameSystem_2,block blk_6,block blk_6,block blk_6,NameSystem_2,NameSystem_2,NameSystem_2,blk_4,blk_4,blk_4,blk_4,blk_4,blk_4,blk_4,blk_4,/_0,blk_4,blk_4,blk_4,blk_4,blk_4,block blk file_7,block blk file_7,block blk file_7]","[allocate_4,receiving_28,receiving_28,receiving_28,add_3,add_3,add_3,none_22,writing_23,none_22,writing_23,none_22,writing_23,verification_25,transfer_13,serving_0,transfer_13,verification_25,delete_24,delete_24,delete_24,deleting_34,deleting_34,deleting_34]","[none_4,none_40,none_40,none_40,updated_3,updated_3,updated_3,none_31,none_32,none_31,none_32,none_31,none_32,successful_35,exception_21,none_0,exception_21,successful_35,invalid_34,invalid_34,invalid_34,none_46,none_46,none_46]"
7492,"['7', '1', '1', '1', '2', '2', '2', '3', '4', '3', '4', '3', '4', '9', '8', '9', '10', '10', '6', '6', '6', '5', '5', '5']","[NameSystem_2,block blk_6,block blk_6,block blk_6,NameSystem_2,NameSystem_2,NameSystem_2,blk_4,blk_4,blk_4,blk_4,blk_4,blk_4,blk_4,/_0,blk_4,blk_4,blk_4,blk_4,blk_4,blk_4,block blk file_7,block blk file_7,block blk file_7]","[allocate_4,receiving_28,receiving_28,receiving_28,add_3,add_3,add_3,none_22,writing_23,none_22,writing_23,none_22,writing_23,transfer_13,serving_0,transfer_13,verification_25,verification_25,delete_24,delete_24,delete_24,deleting_34,deleting_34,deleting_34]","[none_4,none_40,none_40,none_40,updated_3,updated_3,updated_3,none_31,none_32,none_31,none_32,none_31,none_32,exception_21,none_0,exception_21,successful_35,successful_35,invalid_34,invalid_34,invalid_34,none_46,none_46,none_46]"
7498,"['7', '1', '1', '1', '2', '2', '3', '4', '3', '4', '3', '4', '2', '9', '9', '8', '10', '10', '10', '6', '6', '6', '5', '5', '5']","[NameSystem_2,block blk_6,block blk_6,block blk_6,NameSystem_2,NameSystem_2,blk_4,blk_4,blk_4,blk_4,blk_4,blk_4,NameSystem_2,blk_4,blk_4,/_0,blk_4,blk_4,blk_4,blk_4,blk_4,blk_4,block blk file_7,block blk file_7,block blk file_7]","[allocate_4,receiving_28,receiving_28,receiving_28,add_3,add_3,none_22,writing_23,none_22,writing_23,none_22,writing_23,add_3,transfer_13,transfer_13,serving_0,verification_25,verification_25,verification_25,delete_24,delete_24,delete_24,deleting_34,deleting_34,deleting_34]","[none_4,none_40,none_40,none_40,updated_3,updated_3,none_31,none_32,none_31,none_32,none_31,none_32,updated_3,exception_21,exception_21,none_0,successful_35,successful_35,successful_35,invalid_34,invalid_34,invalid_34,none_46,none_46,none_46]"
7510,"['7', '1', '1', '1', '2', '2', '2', '3', '4', '3', '4', '3', '4', '9', '9', '8', '10', '10', '6', '6', '6', '5', '5', '5']","[NameSystem_2,block blk_6,block blk_6,block blk_6,NameSystem_2,NameSystem_2,NameSystem_2,blk_4,blk_4,blk_4,blk_4,blk_4,blk_4,blk_4,blk_4,/_0,blk_4,blk_4,blk_4,blk_4,blk_4,block blk file_7,block blk file_7,block blk file_7]","[allocate_4,receiving_28,receiving_28,receiving_28,add_3,add_3,add_3,none_22,writing_23,none_22,writing_23,none_22,writing_23,transfer_13,transfer_13,serving_0,verification_25,verification_25,delete_24,delete_24,delete_24,deleting_34,deleting_34,deleting_34]","[none_4,none_40,none_40,none_40,updated_3,updated_3,updated_3,none_31,none_32,none_31,none_32,none_31,none_32,exception_21,exception_21,none_0,successful_35,successful_35,invalid_34,invalid_34,invalid_34,none_46,none_46,none_46]"
7512,"['7', '1', '1', '1', '2', '2', '2', '17', '3', '4', '17', '3', '4', '17', '3', '4', '8', '6', '6', '6', '5', '5', '5']","[NameSystem_2,block blk_6,block blk_6,block blk_6,NameSystem_2,NameSystem_2,NameSystem_2,block blk_6,blk_4,blk_4,block blk_6,blk_4,blk_4,block blk_6,blk_4,blk_4,/_0,blk_4,blk_4,blk_4,block blk file_7,block blk file_7,block blk file_7]","[allocate_4,receiving_28,receiving_28,receiving_28,add_3,add_3,add_3,receive_31,none_22,writing_23,receive_31,none_22,writing_23,receive_31,none_22,writing_23,serving_0,delete_24,delete_24,delete_24,deleting_34,deleting_34,deleting_34]","[none_4,none_40,none_40,none_40,updated_3,updated_3,updated_3,empty_43,none_31,none_32,empty_43,none_31,none_32,empty_43,none_31,none_32,none_0,invalid_34,invalid_34,invalid_34,none_46,none_46,none_46]"
7521,"['7', '1', '1', '1', '2', '2', '2', '3', '4', '3', '4', '3', '4', '9', '9', '8', '10', '10', '10', '6', '6', '6', '5', '5', '5']","[NameSystem_2,block blk_6,block blk_6,block blk_6,NameSystem_2,NameSystem_2,NameSystem_2,blk_4,blk_4,blk_4,blk_4,blk_4,blk_4,blk_4,blk_4,/_0,blk_4,blk_4,blk_4,blk_4,blk_4,blk_4,block blk file_7,block blk file_7,block blk file_7]","[allocate_4,receiving_28,receiving_28,receiving_28,add_3,add_3,add_3,none_22,writing_23,none_22,writing_23,none_22,writing_23,transfer_13,transfer_13,serving_0,verification_25,verification_25,verification_25,delete_24,delete_24,delete_24,deleting_34,deleting_34,deleting_34]","[none_4,none_40,none_40,none_40,updated_3,updated_3,updated_3,none_31,none_32,none_31,none_32,none_31,none_32,exception_21,exception_21,none_0,successful_35,successful_35,successful_35,invalid_34,invalid_34,invalid_34,none_46,none_46,none_46]"
7523,"['7', '1', '1', '1', '2', '2', '2', '3', '4', '3', '4', '3', '4', '9', '8', '9', '10', '10', '10', '6', '6', '6', '5', '5', '5']","[NameSystem_2,block blk_6,block blk_6,block blk_6,NameSystem_2,NameSystem_2,NameSystem_2,blk_4,blk_4,blk_4,blk_4,blk_4,blk_4,blk_4,/_0,blk_4,blk_4,blk_4,blk_4,blk_4,blk_4,blk_4,block blk file_7,block blk file_7,block blk file_7]","[allocate_4,receiving_28,receiving_28,receiving_28,add_3,add_3,add_3,none_22,writing_23,none_22,writing_23,none_22,writing_23,transfer_13,serving_0,transfer_13,verification_25,verification_25,verification_25,delete_24,delete_24,delete_24,deleting_34,deleting_34,deleting_34]","[none_4,none_40,none_40,none_40,updated_3,updated_3,updated_3,none_31,none_32,none_31,none_32,none_31,none_32,exception_21,none_0,exception_21,successful_35,successful_35,successful_35,invalid_34,invalid_34,invalid_34,none_46,none_46,none_46]"
7526,"['7', '1', '1', '2', '2', '1', '3', '4', '3', '4', '3', '4', '13', '2', '14', '2', '12', '11', '1', '5', '8', '10', '10', '6', '6', '6', '5', '5', '5']","[NameSystem_2,block blk_6,block blk_6,NameSystem_2,NameSystem_2,block blk_6,blk_4,blk_4,blk_4,blk_4,blk_4,blk_4,BLOCK*_1,NameSystem_2,block_5,NameSystem_2,block blk_6,block blk_6,block blk_6,block blk file_7,/_0,blk_4,blk_4,blk_4,blk_4,blk_4,block blk file_7,block blk file_7,block blk file_7]","[allocate_4,receiving_28,receiving_28,add_3,add_3,receiving_28,none_22,writing_23,none_22,writing_23,none_22,writing_23,replicate_1,add_3,transferring_26,add_3,transmitted_27,receiving_28,receiving_28,deleting_34,serving_0,verification_25,verification_25,delete_24,delete_24,delete_24,deleting_34,deleting_34,deleting_34]","[none_4,none_40,none_40,updated_3,updated_3,none_40,none_31,none_32,none_31,none_32,none_31,none_32,none_1,updated_3,none_36,updated_3,none_37,none_38,none_40,none_46,none_0,successful_35,successful_35,invalid_34,invalid_34,invalid_34,none_46,none_46,none_46]"
7531,"['7', '1', '1', '1', '2', '2', '2', '3', '4', '3', '4', '3', '4', '10', '9', '8', '9', '10', '10', '6', '6', '6', '5', '5', '5']","[NameSystem_2,block blk_6,block blk_6,block blk_6,NameSystem_2,NameSystem_2,NameSystem_2,blk_4,blk_4,blk_4,blk_4,blk_4,blk_4,blk_4,blk_4,/_0,blk_4,blk_4,blk_4,blk_4,blk_4,blk_4,block blk file_7,block blk file_7,block blk file_7]","[allocate_4,receiving_28,receiving_28,receiving_28,add_3,add_3,add_3,none_22,writing_23,none_22,writing_23,none_22,writing_23,verification_25,transfer_13,serving_0,transfer_13,verification_25,verification_25,delete_24,delete_24,delete_24,deleting_34,deleting_34,deleting_34]","[none_4,none_40,none_40,none_40,updated_3,updated_3,updated_3,none_31,none_32,none_31,none_32,none_31,none_32,successful_35,exception_21,none_0,exception_21,successful_35,successful_35,invalid_34,invalid_34,invalid_34,none_46,none_46,none_46]"
7533,"['7', '1', '1', '1', '2', '2', '2', '3', '4', '3', '4', '3', '4', '9', '8', '9', '10', '10', '10', '6', '6', '6', '5', '5', '5']","[NameSystem_2,block blk_6,block blk_6,block blk_6,NameSystem_2,NameSystem_2,NameSystem_2,blk_4,blk_4,blk_4,blk_4,blk_4,blk_4,blk_4,/_0,blk_4,blk_4,blk_4,blk_4,blk_4,blk_4,blk_4,block blk file_7,block blk file_7,block blk file_7]","[allocate_4,receiving_28,receiving_28,receiving_28,add_3,add_3,add_3,none_22,writing_23,none_22,writing_23,none_22,writing_23,transfer_13,serving_0,transfer_13,verification_25,verification_25,verification_25,delete_24,delete_24,delete_24,deleting_34,deleting_34,deleting_34]","[none_4,none_40,none_40,none_40,updated_3,updated_3,updated_3,none_31,none_32,none_31,none_32,none_31,none_32,exception_21,none_0,exception_21,successful_35,successful_35,successful_35,invalid_34,invalid_34,invalid_34,none_46,none_46,none_46]"
7565,"['7', '1', '1', '1', '2', '2', '2', '3', '4', '3', '4', '3', '4', '9', '8', '9', '10', '10', '10', '6', '6', '6', '5', '5', '5']","[NameSystem_2,block blk_6,block blk_6,block blk_6,NameSystem_2,NameSystem_2,NameSystem_2,blk_4,blk_4,blk_4,blk_4,blk_4,blk_4,blk_4,/_0,blk_4,blk_4,blk_4,blk_4,blk_4,blk_4,blk_4,block blk file_7,block blk file_7,block blk file_7]","[allocate_4,receiving_28,receiving_28,receiving_28,add_3,add_3,add_3,none_22,writing_23,none_22,writing_23,none_22,writing_23,transfer_13,serving_0,transfer_13,verification_25,verification_25,verification_25,delete_24,delete_24,delete_24,deleting_34,deleting_34,deleting_34]","[none_4,none_40,none_40,none_40,updated_3,updated_3,updated_3,none_31,none_32,none_31,none_32,none_31,none_32,exception_21,none_0,exception_21,successful_35,successful_35,successful_35,invalid_34,invalid_34,invalid_34,none_46,none_46,none_46]"
7566,"['7', '1', '1', '1', '2', '2', '2', '3', '4', '3', '4', '3', '4', '10', '9', '9', '8', '10', '10', '6', '6', '6', '5', '5', '5']","[NameSystem_2,block blk_6,block blk_6,block blk_6,NameSystem_2,NameSystem_2,NameSystem_2,blk_4,blk_4,blk_4,blk_4,blk_4,blk_4,blk_4,blk_4,blk_4,/_0,blk_4,blk_4,blk_4,blk_4,blk_4,block blk file_7,block blk file_7,block blk file_7]","[allocate_4,receiving_28,receiving_28,receiving_28,add_3,add_3,add_3,none_22,writing_23,none_22,writing_23,none_22,writing_23,verification_25,transfer_13,transfer_13,serving_0,verification_25,verification_25,delete_24,delete_24,delete_24,deleting_34,deleting_34,deleting_34]","[none_4,none_40,none_40,none_40,updated_3,updated_3,updated_3,none_31,none_32,none_31,none_32,none_31,none_32,successful_35,exception_21,exception_21,none_0,successful_35,successful_35,invalid_34,invalid_34,invalid_34,none_46,none_46,none_46]"
7571,"['7', '1', '1', '1', '2', '2', '2', '3', '4', '3', '4', '3', '4', '9', '8', '9', '10', '10', '6', '6', '6', '5', '5', '5']","[NameSystem_2,block blk_6,block blk_6,block blk_6,NameSystem_2,NameSystem_2,NameSystem_2,blk_4,blk_4,blk_4,blk_4,blk_4,blk_4,blk_4,/_0,blk_4,blk_4,blk_4,blk_4,blk_4,blk_4,block blk file_7,block blk file_7,block blk file_7]","[allocate_4,receiving_28,receiving_28,receiving_28,add_3,add_3,add_3,none_22,writing_23,none_22,writing_23,none_22,writing_23,transfer_13,serving_0,transfer_13,verification_25,verification_25,delete_24,delete_24,delete_24,deleting_34,deleting_34,deleting_34]","[none_4,none_40,none_40,none_40,updated_3,updated_3,updated_3,none_31,none_32,none_31,none_32,none_31,none_32,exception_21,none_0,exception_21,successful_35,successful_35,invalid_34,invalid_34,invalid_34,none_46,none_46,none_46]"
7580,"['7', '1', '1', '1', '2', '2', '3', '4', '3', '4', '2', '3', '4', '9', '9', '8', '10', '6', '6', '6', '5', '5', '5']","[NameSystem_2,block blk_6,block blk_6,block blk_6,NameSystem_2,NameSystem_2,blk_4,blk_4,blk_4,blk_4,NameSystem_2,blk_4,blk_4,blk_4,blk_4,/_0,blk_4,blk_4,blk_4,blk_4,block blk file_7,block blk file_7,block blk file_7]","[allocate_4,receiving_28,receiving_28,receiving_28,add_3,add_3,none_22,writing_23,none_22,writing_23,add_3,none_22,writing_23,transfer_13,transfer_13,serving_0,verification_25,delete_24,delete_24,delete_24,deleting_34,deleting_34,deleting_34]","[none_4,none_40,none_40,none_40,updated_3,updated_3,none_31,none_32,none_31,none_32,updated_3,none_31,none_32,exception_21,exception_21,none_0,successful_35,invalid_34,invalid_34,invalid_34,none_46,none_46,none_46]"
7591,"['7', '1', '1', '1', '2', '2', '2', '3', '4', '3', '4', '3', '4', '10', '9', '9', '8', '10', '10', '6', '6', '6', '5', '5', '5']","[NameSystem_2,block blk_6,block blk_6,block blk_6,NameSystem_2,NameSystem_2,NameSystem_2,blk_4,blk_4,blk_4,blk_4,blk_4,blk_4,blk_4,blk_4,blk_4,/_0,blk_4,blk_4,blk_4,blk_4,blk_4,block blk file_7,block blk file_7,block blk file_7]","[allocate_4,receiving_28,receiving_28,receiving_28,add_3,add_3,add_3,none_22,writing_23,none_22,writing_23,none_22,writing_23,verification_25,transfer_13,transfer_13,serving_0,verification_25,verification_25,delete_24,delete_24,delete_24,deleting_34,deleting_34,deleting_34]","[none_4,none_40,none_40,none_40,updated_3,updated_3,updated_3,none_31,none_32,none_31,none_32,none_31,none_32,successful_35,exception_21,exception_21,none_0,successful_35,successful_35,invalid_34,invalid_34,invalid_34,none_46,none_46,none_46]"
7594,"['7', '1', '1', '1', '2', '2', '2', '3', '4', '3', '4', '3', '4', '9', '9', '8', '10', '10', '10', '6', '6', '6', '5', '5', '5']","[NameSystem_2,block blk_6,block blk_6,block blk_6,NameSystem_2,NameSystem_2,NameSystem_2,blk_4,blk_4,blk_4,blk_4,blk_4,blk_4,blk_4,blk_4,/_0,blk_4,blk_4,blk_4,blk_4,blk_4,blk_4,block blk file_7,block blk file_7,block blk file_7]","[allocate_4,receiving_28,receiving_28,receiving_28,add_3,add_3,add_3,none_22,writing_23,none_22,writing_23,none_22,writing_23,transfer_13,transfer_13,serving_0,verification_25,verification_25,verification_25,delete_24,delete_24,delete_24,deleting_34,deleting_34,deleting_34]","[none_4,none_40,none_40,none_40,updated_3,updated_3,updated_3,none_31,none_32,none_31,none_32,none_31,none_32,exception_21,exception_21,none_0,successful_35,successful_35,successful_35,invalid_34,invalid_34,invalid_34,none_46,none_46,none_46]"
7627,"['7', '1', '1', '1', '3', '4', '2', '2', '2', '3', '4', '3', '4', '10', '10', '9', '9', '8', '10', '6', '6', '6', '5', '5', '5']","[NameSystem_2,block blk_6,block blk_6,block blk_6,blk_4,blk_4,NameSystem_2,NameSystem_2,NameSystem_2,blk_4,blk_4,blk_4,blk_4,blk_4,blk_4,blk_4,blk_4,/_0,blk_4,blk_4,blk_4,blk_4,block blk file_7,block blk file_7,block blk file_7]","[allocate_4,receiving_28,receiving_28,receiving_28,none_22,writing_23,add_3,add_3,add_3,none_22,writing_23,none_22,writing_23,verification_25,verification_25,transfer_13,transfer_13,serving_0,verification_25,delete_24,delete_24,delete_24,deleting_34,deleting_34,deleting_34]","[none_4,none_40,none_40,none_40,none_31,none_32,updated_3,updated_3,updated_3,none_31,none_32,none_31,none_32,successful_35,successful_35,exception_21,exception_21,none_0,successful_35,invalid_34,invalid_34,invalid_34,none_46,none_46,none_46]"
7640,"['7', '1', '1', '1', '2', '2', '2', '3', '4', '3', '4', '3', '4', '9', '9', '8', '10', '10', '6', '6', '6', '5', '5', '5']","[NameSystem_2,block blk_6,block blk_6,block blk_6,NameSystem_2,NameSystem_2,NameSystem_2,blk_4,blk_4,blk_4,blk_4,blk_4,blk_4,blk_4,blk_4,/_0,blk_4,blk_4,blk_4,blk_4,blk_4,block blk file_7,block blk file_7,block blk file_7]","[allocate_4,receiving_28,receiving_28,receiving_28,add_3,add_3,add_3,none_22,writing_23,none_22,writing_23,none_22,writing_23,transfer_13,transfer_13,serving_0,verification_25,verification_25,delete_24,delete_24,delete_24,deleting_34,deleting_34,deleting_34]","[none_4,none_40,none_40,none_40,updated_3,updated_3,updated_3,none_31,none_32,none_31,none_32,none_31,none_32,exception_21,exception_21,none_0,successful_35,successful_35,invalid_34,invalid_34,invalid_34,none_46,none_46,none_46]"
7641,"['7', '1', '1', '1', '2', '2', '2', '3', '4', '3', '4', '3', '4', '9', '8', '9', '10', '6', '6', '6', '5', '5', '5']","[NameSystem_2,block blk_6,block blk_6,block blk_6,NameSystem_2,NameSystem_2,NameSystem_2,blk_4,blk_4,blk_4,blk_4,blk_4,blk_4,blk_4,/_0,blk_4,blk_4,blk_4,blk_4,blk_4,block blk file_7,block blk file_7,block blk file_7]","[allocate_4,receiving_28,receiving_28,receiving_28,add_3,add_3,add_3,none_22,writing_23,none_22,writing_23,none_22,writing_23,transfer_13,serving_0,transfer_13,verification_25,delete_24,delete_24,delete_24,deleting_34,deleting_34,deleting_34]","[none_4,none_40,none_40,none_40,updated_3,updated_3,updated_3,none_31,none_32,none_31,none_32,none_31,none_32,exception_21,none_0,exception_21,successful_35,invalid_34,invalid_34,invalid_34,none_46,none_46,none_46]"
7644,"['7', '1', '1', '1', '2', '3', '4', '2', '2', '3', '4', '3', '4', '9', '9', '8', '10', '10', '10', '6', '6', '6', '5', '5', '5']","[NameSystem_2,block blk_6,block blk_6,block blk_6,NameSystem_2,blk_4,blk_4,NameSystem_2,NameSystem_2,blk_4,blk_4,blk_4,blk_4,blk_4,blk_4,/_0,blk_4,blk_4,blk_4,blk_4,blk_4,blk_4,block blk file_7,block blk file_7,block blk file_7]","[allocate_4,receiving_28,receiving_28,receiving_28,add_3,none_22,writing_23,add_3,add_3,none_22,writing_23,none_22,writing_23,transfer_13,transfer_13,serving_0,verification_25,verification_25,verification_25,delete_24,delete_24,delete_24,deleting_34,deleting_34,deleting_34]","[none_4,none_40,none_40,none_40,updated_3,none_31,none_32,updated_3,updated_3,none_31,none_32,none_31,none_32,exception_21,exception_21,none_0,successful_35,successful_35,successful_35,invalid_34,invalid_34,invalid_34,none_46,none_46,none_46]"
7656,"['7', '1', '1', '1', '2', '2', '2', '3', '4', '3', '4', '3', '4', '9', '8', '9', '10', '6', '6', '6', '5', '5', '5']","[NameSystem_2,block blk_6,block blk_6,block blk_6,NameSystem_2,NameSystem_2,NameSystem_2,blk_4,blk_4,blk_4,blk_4,blk_4,blk_4,blk_4,/_0,blk_4,blk_4,blk_4,blk_4,blk_4,block blk file_7,block blk file_7,block blk file_7]","[allocate_4,receiving_28,receiving_28,receiving_28,add_3,add_3,add_3,none_22,writing_23,none_22,writing_23,none_22,writing_23,transfer_13,serving_0,transfer_13,verification_25,delete_24,delete_24,delete_24,deleting_34,deleting_34,deleting_34]","[none_4,none_40,none_40,none_40,updated_3,updated_3,updated_3,none_31,none_32,none_31,none_32,none_31,none_32,exception_21,none_0,exception_21,successful_35,invalid_34,invalid_34,invalid_34,none_46,none_46,none_46]"
7659,"['7', '1', '1', '1', '2', '3', '4', '4', '2', '2', '3', '3', '4', '10', '9', '9', '8', '6', '6', '6', '5', '5', '18', '2', '5']","[NameSystem_2,block blk_6,block blk_6,block blk_6,NameSystem_2,blk_4,blk_4,blk_4,NameSystem_2,NameSystem_2,blk_4,blk_4,blk_4,blk_4,blk_4,blk_4,/_0,blk_4,blk_4,blk_4,block blk file_7,block blk file_7,blk_4,NameSystem_2,block blk file_7]","[allocate_4,receiving_28,receiving_28,receiving_28,add_3,none_22,writing_23,writing_23,add_3,add_3,none_22,none_22,writing_23,verification_25,transfer_13,transfer_13,serving_0,delete_24,delete_24,delete_24,deleting_34,deleting_34,receive_21,add_3,deleting_34]","[none_4,none_40,none_40,none_40,updated_3,none_31,none_32,none_32,updated_3,updated_3,none_31,none_31,none_32,successful_35,exception_21,exception_21,none_0,invalid_34,invalid_34,invalid_34,none_46,none_46,error_30,updated_3,none_46]"
7668,"['7', '1', '1', '1', '2', '2', '3', '4', '3', '4', '3', '4', '2', '8', '10', '10', '6', '6', '6', '5', '5', '5']","[NameSystem_2,block blk_6,block blk_6,block blk_6,NameSystem_2,NameSystem_2,blk_4,blk_4,blk_4,blk_4,blk_4,blk_4,NameSystem_2,/_0,blk_4,blk_4,blk_4,blk_4,blk_4,block blk file_7,block blk file_7,block blk file_7]","[allocate_4,receiving_28,receiving_28,receiving_28,add_3,add_3,none_22,writing_23,none_22,writing_23,none_22,writing_23,add_3,serving_0,verification_25,verification_25,delete_24,delete_24,delete_24,deleting_34,deleting_34,deleting_34]","[none_4,none_40,none_40,none_40,updated_3,updated_3,none_31,none_32,none_31,none_32,none_31,none_32,updated_3,none_0,successful_35,successful_35,invalid_34,invalid_34,invalid_34,none_46,none_46,none_46]"
7753,"['7', '1', '1', '1', '2', '2', '2', '3', '4', '3', '4', '3', '4', '9', '9', '9', '9', '9', '9', '9', '9', '9', '9', '9', '9', '9', '8', '9', '9', '10', '10', '6', '6', '6', '5', '5', '5']","[NameSystem_2,block blk_6,block blk_6,block blk_6,NameSystem_2,NameSystem_2,NameSystem_2,blk_4,blk_4,blk_4,blk_4,blk_4,blk_4,blk_4,blk_4,blk_4,blk_4,blk_4,blk_4,blk_4,blk_4,blk_4,blk_4,blk_4,blk_4,blk_4,/_0,blk_4,blk_4,blk_4,blk_4,blk_4,blk_4,blk_4,block blk file_7,block blk file_7,block blk file_7]","[allocate_4,receiving_28,receiving_28,receiving_28,add_3,add_3,add_3,none_22,writing_23,none_22,writing_23,none_22,writing_23,transfer_13,transfer_13,transfer_13,transfer_13,transfer_13,transfer_13,transfer_13,transfer_13,transfer_13,transfer_13,transfer_13,transfer_13,transfer_13,serving_0,transfer_13,transfer_13,verification_25,verification_25,delete_24,delete_24,delete_24,deleting_34,deleting_34,deleting_34]","[none_4,none_40,none_40,none_40,updated_3,updated_3,updated_3,none_31,none_32,none_31,none_32,none_31,none_32,exception_21,exception_21,exception_21,exception_21,exception_21,exception_21,exception_21,exception_21,exception_21,exception_21,exception_21,exception_21,exception_21,none_0,exception_21,exception_21,successful_35,successful_35,invalid_34,invalid_34,invalid_34,none_46,none_46,none_46]"
7755,"['7', '1', '1', '1', '2', '2', '2', '3', '4', '3', '4', '3', '4', '9', '8', '9', '10', '10', '10', '6', '6', '6', '5', '5', '5']","[NameSystem_2,block blk_6,block blk_6,block blk_6,NameSystem_2,NameSystem_2,NameSystem_2,blk_4,blk_4,blk_4,blk_4,blk_4,blk_4,blk_4,/_0,blk_4,blk_4,blk_4,blk_4,blk_4,blk_4,blk_4,block blk file_7,block blk file_7,block blk file_7]","[allocate_4,receiving_28,receiving_28,receiving_28,add_3,add_3,add_3,none_22,writing_23,none_22,writing_23,none_22,writing_23,transfer_13,serving_0,transfer_13,verification_25,verification_25,verification_25,delete_24,delete_24,delete_24,deleting_34,deleting_34,deleting_34]","[none_4,none_40,none_40,none_40,updated_3,updated_3,updated_3,none_31,none_32,none_31,none_32,none_31,none_32,exception_21,none_0,exception_21,successful_35,successful_35,successful_35,invalid_34,invalid_34,invalid_34,none_46,none_46,none_46]"
7783,"['7', '1', '1', '1', '2', '2', '3', '4', '3', '4', '3', '4', '2', '9', '9', '8', '10', '10', '6', '6', '6', '5', '5', '5']","[NameSystem_2,block blk_6,block blk_6,block blk_6,NameSystem_2,NameSystem_2,blk_4,blk_4,blk_4,blk_4,blk_4,blk_4,NameSystem_2,blk_4,blk_4,/_0,blk_4,blk_4,blk_4,blk_4,blk_4,block blk file_7,block blk file_7,block blk file_7]","[allocate_4,receiving_28,receiving_28,receiving_28,add_3,add_3,none_22,writing_23,none_22,writing_23,none_22,writing_23,add_3,transfer_13,transfer_13,serving_0,verification_25,verification_25,delete_24,delete_24,delete_24,deleting_34,deleting_34,deleting_34]","[none_4,none_40,none_40,none_40,updated_3,updated_3,none_31,none_32,none_31,none_32,none_31,none_32,updated_3,exception_21,exception_21,none_0,successful_35,successful_35,invalid_34,invalid_34,invalid_34,none_46,none_46,none_46]"
7787,"['7', '1', '1', '1', '2', '3', '4', '2', '2', '3', '4', '3', '4', '9', '8', '9', '10', '10', '6', '6', '6', '5', '5', '5']","[NameSystem_2,block blk_6,block blk_6,block blk_6,NameSystem_2,blk_4,blk_4,NameSystem_2,NameSystem_2,blk_4,blk_4,blk_4,blk_4,blk_4,/_0,blk_4,blk_4,blk_4,blk_4,blk_4,blk_4,block blk file_7,block blk file_7,block blk file_7]","[allocate_4,receiving_28,receiving_28,receiving_28,add_3,none_22,writing_23,add_3,add_3,none_22,writing_23,none_22,writing_23,transfer_13,serving_0,transfer_13,verification_25,verification_25,delete_24,delete_24,delete_24,deleting_34,deleting_34,deleting_34]","[none_4,none_40,none_40,none_40,updated_3,none_31,none_32,updated_3,updated_3,none_31,none_32,none_31,none_32,exception_21,none_0,exception_21,successful_35,successful_35,invalid_34,invalid_34,invalid_34,none_46,none_46,none_46]"
7794,"['7', '1', '1', '1', '3', '4', '2', '2', '2', '3', '4', '3', '4', '8', '10', '10', '6', '6', '6', '5', '5', '5']","[NameSystem_2,block blk_6,block blk_6,block blk_6,blk_4,blk_4,NameSystem_2,NameSystem_2,NameSystem_2,blk_4,blk_4,blk_4,blk_4,/_0,blk_4,blk_4,blk_4,blk_4,blk_4,block blk file_7,block blk file_7,block blk file_7]","[allocate_4,receiving_28,receiving_28,receiving_28,none_22,writing_23,add_3,add_3,add_3,none_22,writing_23,none_22,writing_23,serving_0,verification_25,verification_25,delete_24,delete_24,delete_24,deleting_34,deleting_34,deleting_34]","[none_4,none_40,none_40,none_40,none_31,none_32,updated_3,updated_3,updated_3,none_31,none_32,none_31,none_32,none_0,successful_35,successful_35,invalid_34,invalid_34,invalid_34,none_46,none_46,none_46]"
7798,"['7', '1', '1', '1', '2', '2', '3', '4', '3', '4', '3', '4', '2', '9', '8', '9', '10', '10', '6', '6', '6', '5', '5', '5']","[NameSystem_2,block blk_6,block blk_6,block blk_6,NameSystem_2,NameSystem_2,blk_4,blk_4,blk_4,blk_4,blk_4,blk_4,NameSystem_2,blk_4,/_0,blk_4,blk_4,blk_4,blk_4,blk_4,blk_4,block blk file_7,block blk file_7,block blk file_7]","[allocate_4,receiving_28,receiving_28,receiving_28,add_3,add_3,none_22,writing_23,none_22,writing_23,none_22,writing_23,add_3,transfer_13,serving_0,transfer_13,verification_25,verification_25,delete_24,delete_24,delete_24,deleting_34,deleting_34,deleting_34]","[none_4,none_40,none_40,none_40,updated_3,updated_3,none_31,none_32,none_31,none_32,none_31,none_32,updated_3,exception_21,none_0,exception_21,successful_35,successful_35,invalid_34,invalid_34,invalid_34,none_46,none_46,none_46]"
7819,"['7', '1', '1', '1', '2', '3', '4', '2', '2', '3', '4', '3', '4', '9', '9', '8', '10', '10', '6', '6', '6', '5', '5', '5']","[NameSystem_2,block blk_6,block blk_6,block blk_6,NameSystem_2,blk_4,blk_4,NameSystem_2,NameSystem_2,blk_4,blk_4,blk_4,blk_4,blk_4,blk_4,/_0,blk_4,blk_4,blk_4,blk_4,blk_4,block blk file_7,block blk file_7,block blk file_7]","[allocate_4,receiving_28,receiving_28,receiving_28,add_3,none_22,writing_23,add_3,add_3,none_22,writing_23,none_22,writing_23,transfer_13,transfer_13,serving_0,verification_25,verification_25,delete_24,delete_24,delete_24,deleting_34,deleting_34,deleting_34]","[none_4,none_40,none_40,none_40,updated_3,none_31,none_32,updated_3,updated_3,none_31,none_32,none_31,none_32,exception_21,exception_21,none_0,successful_35,successful_35,invalid_34,invalid_34,invalid_34,none_46,none_46,none_46]"
7828,"['7', '1', '1', '1', '2', '2', '2', '3', '4', '3', '4', '3', '4', '9', '9', '9', '9', '9', '9', '9', '9', '9', '9', '9', '9', '9', '9', '9', '8', '10', '6', '6', '6', '5', '5', '5']","[NameSystem_2,block blk_6,block blk_6,block blk_6,NameSystem_2,NameSystem_2,NameSystem_2,blk_4,blk_4,blk_4,blk_4,blk_4,blk_4,blk_4,blk_4,blk_4,blk_4,blk_4,blk_4,blk_4,blk_4,blk_4,blk_4,blk_4,blk_4,blk_4,blk_4,blk_4,/_0,blk_4,blk_4,blk_4,blk_4,block blk file_7,block blk file_7,block blk file_7]","[allocate_4,receiving_28,receiving_28,receiving_28,add_3,add_3,add_3,none_22,writing_23,none_22,writing_23,none_22,writing_23,transfer_13,transfer_13,transfer_13,transfer_13,transfer_13,transfer_13,transfer_13,transfer_13,transfer_13,transfer_13,transfer_13,transfer_13,transfer_13,transfer_13,transfer_13,serving_0,verification_25,delete_24,delete_24,delete_24,deleting_34,deleting_34,deleting_34]","[none_4,none_40,none_40,none_40,updated_3,updated_3,updated_3,none_31,none_32,none_31,none_32,none_31,none_32,exception_21,exception_21,exception_21,exception_21,exception_21,exception_21,exception_21,exception_21,exception_21,exception_21,exception_21,exception_21,exception_21,exception_21,exception_21,none_0,successful_35,invalid_34,invalid_34,invalid_34,none_46,none_46,none_46]"
7839,"['7', '1', '1', '1', '2', '2', '3', '4', '3', '4', '2', '3', '4', '9', '9', '8', '10', '6', '6', '6', '5', '5', '5']","[NameSystem_2,block blk_6,block blk_6,block blk_6,NameSystem_2,NameSystem_2,blk_4,blk_4,blk_4,blk_4,NameSystem_2,blk_4,blk_4,blk_4,blk_4,/_0,blk_4,blk_4,blk_4,blk_4,block blk file_7,block blk file_7,block blk file_7]","[allocate_4,receiving_28,receiving_28,receiving_28,add_3,add_3,none_22,writing_23,none_22,writing_23,add_3,none_22,writing_23,transfer_13,transfer_13,serving_0,verification_25,delete_24,delete_24,delete_24,deleting_34,deleting_34,deleting_34]","[none_4,none_40,none_40,none_40,updated_3,updated_3,none_31,none_32,none_31,none_32,updated_3,none_31,none_32,exception_21,exception_21,none_0,successful_35,invalid_34,invalid_34,invalid_34,none_46,none_46,none_46]"
7854,"['7', '1', '1', '1', '2', '3', '4', '3', '4', '2', '2', '3', '4', '9', '8', '9', '10', '10', '6', '6', '6', '5', '5', '5']","[NameSystem_2,block blk_6,block blk_6,block blk_6,NameSystem_2,blk_4,blk_4,blk_4,blk_4,NameSystem_2,NameSystem_2,blk_4,blk_4,blk_4,/_0,blk_4,blk_4,blk_4,blk_4,blk_4,blk_4,block blk file_7,block blk file_7,block blk file_7]","[allocate_4,receiving_28,receiving_28,receiving_28,add_3,none_22,writing_23,none_22,writing_23,add_3,add_3,none_22,writing_23,transfer_13,serving_0,transfer_13,verification_25,verification_25,delete_24,delete_24,delete_24,deleting_34,deleting_34,deleting_34]","[none_4,none_40,none_40,none_40,updated_3,none_31,none_32,none_31,none_32,updated_3,updated_3,none_31,none_32,exception_21,none_0,exception_21,successful_35,successful_35,invalid_34,invalid_34,invalid_34,none_46,none_46,none_46]"
7866,"['7', '1', '1', '1', '2', '2', '3', '4', '3', '4', '2', '3', '4', '9', '8', '9', '6', '6', '6', '5', '5', '5']","[NameSystem_2,block blk_6,block blk_6,block blk_6,NameSystem_2,NameSystem_2,blk_4,blk_4,blk_4,blk_4,NameSystem_2,blk_4,blk_4,blk_4,/_0,blk_4,blk_4,blk_4,blk_4,block blk file_7,block blk file_7,block blk file_7]","[allocate_4,receiving_28,receiving_28,receiving_28,add_3,add_3,none_22,writing_23,none_22,writing_23,add_3,none_22,writing_23,transfer_13,serving_0,transfer_13,delete_24,delete_24,delete_24,deleting_34,deleting_34,deleting_34]","[none_4,none_40,none_40,none_40,updated_3,updated_3,none_31,none_32,none_31,none_32,updated_3,none_31,none_32,exception_21,none_0,exception_21,invalid_34,invalid_34,invalid_34,none_46,none_46,none_46]"
7875,"['7', '1', '1', '1', '2', '2', '2', '3', '4', '3', '4', '3', '4', '9', '9', '8', '10', '6', '6', '6', '5', '5', '5']","[NameSystem_2,block blk_6,block blk_6,block blk_6,NameSystem_2,NameSystem_2,NameSystem_2,blk_4,blk_4,blk_4,blk_4,blk_4,blk_4,blk_4,blk_4,/_0,blk_4,blk_4,blk_4,blk_4,block blk file_7,block blk file_7,block blk file_7]","[allocate_4,receiving_28,receiving_28,receiving_28,add_3,add_3,add_3,none_22,writing_23,none_22,writing_23,none_22,writing_23,transfer_13,transfer_13,serving_0,verification_25,delete_24,delete_24,delete_24,deleting_34,deleting_34,deleting_34]","[none_4,none_40,none_40,none_40,updated_3,updated_3,updated_3,none_31,none_32,none_31,none_32,none_31,none_32,exception_21,exception_21,none_0,successful_35,invalid_34,invalid_34,invalid_34,none_46,none_46,none_46]"
7880,"['7', '1', '1', '1', '2', '2', '2', '3', '4', '3', '4', '3', '4', '8', '10', '10', '6', '6', '6', '5', '5', '5']","[NameSystem_2,block blk_6,block blk_6,block blk_6,NameSystem_2,NameSystem_2,NameSystem_2,blk_4,blk_4,blk_4,blk_4,blk_4,blk_4,/_0,blk_4,blk_4,blk_4,blk_4,blk_4,block blk file_7,block blk file_7,block blk file_7]","[allocate_4,receiving_28,receiving_28,receiving_28,add_3,add_3,add_3,none_22,writing_23,none_22,writing_23,none_22,writing_23,serving_0,verification_25,verification_25,delete_24,delete_24,delete_24,deleting_34,deleting_34,deleting_34]","[none_4,none_40,none_40,none_40,updated_3,updated_3,updated_3,none_31,none_32,none_31,none_32,none_31,none_32,none_0,successful_35,successful_35,invalid_34,invalid_34,invalid_34,none_46,none_46,none_46]"
7899,"['7', '1', '1', '1', '2', '2', '2', '3', '4', '3', '4', '3', '4', '9', '8', '9', '10', '10', '6', '6', '6', '5', '5', '5']","[NameSystem_2,block blk_6,block blk_6,block blk_6,NameSystem_2,NameSystem_2,NameSystem_2,blk_4,blk_4,blk_4,blk_4,blk_4,blk_4,blk_4,/_0,blk_4,blk_4,blk_4,blk_4,blk_4,blk_4,block blk file_7,block blk file_7,block blk file_7]","[allocate_4,receiving_28,receiving_28,receiving_28,add_3,add_3,add_3,none_22,writing_23,none_22,writing_23,none_22,writing_23,transfer_13,serving_0,transfer_13,verification_25,verification_25,delete_24,delete_24,delete_24,deleting_34,deleting_34,deleting_34]","[none_4,none_40,none_40,none_40,updated_3,updated_3,updated_3,none_31,none_32,none_31,none_32,none_31,none_32,exception_21,none_0,exception_21,successful_35,successful_35,invalid_34,invalid_34,invalid_34,none_46,none_46,none_46]"
7903,"['7', '1', '1', '1', '2', '2', '2', '3', '4', '3', '4', '3', '4', '10', '9', '8', '9', '10', '6', '6', '6', '5', '5', '5']","[NameSystem_2,block blk_6,block blk_6,block blk_6,NameSystem_2,NameSystem_2,NameSystem_2,blk_4,blk_4,blk_4,blk_4,blk_4,blk_4,blk_4,blk_4,/_0,blk_4,blk_4,blk_4,blk_4,blk_4,block blk file_7,block blk file_7,block blk file_7]","[allocate_4,receiving_28,receiving_28,receiving_28,add_3,add_3,add_3,none_22,writing_23,none_22,writing_23,none_22,writing_23,verification_25,transfer_13,serving_0,transfer_13,verification_25,delete_24,delete_24,delete_24,deleting_34,deleting_34,deleting_34]","[none_4,none_40,none_40,none_40,updated_3,updated_3,updated_3,none_31,none_32,none_31,none_32,none_31,none_32,successful_35,exception_21,none_0,exception_21,successful_35,invalid_34,invalid_34,invalid_34,none_46,none_46,none_46]"
7920,"['7', '1', '1', '1', '2', '2', '2', '3', '4', '3', '4', '3', '4', '9', '8', '9', '10', '10', '6', '6', '6', '5', '5', '5']","[NameSystem_2,block blk_6,block blk_6,block blk_6,NameSystem_2,NameSystem_2,NameSystem_2,blk_4,blk_4,blk_4,blk_4,blk_4,blk_4,blk_4,/_0,blk_4,blk_4,blk_4,blk_4,blk_4,blk_4,block blk file_7,block blk file_7,block blk file_7]","[allocate_4,receiving_28,receiving_28,receiving_28,add_3,add_3,add_3,none_22,writing_23,none_22,writing_23,none_22,writing_23,transfer_13,serving_0,transfer_13,verification_25,verification_25,delete_24,delete_24,delete_24,deleting_34,deleting_34,deleting_34]","[none_4,none_40,none_40,none_40,updated_3,updated_3,updated_3,none_31,none_32,none_31,none_32,none_31,none_32,exception_21,none_0,exception_21,successful_35,successful_35,invalid_34,invalid_34,invalid_34,none_46,none_46,none_46]"
7929,"['7', '1', '1', '1', '3', '4', '2', '2', '4', '2', '3', '4', '3', '10', '9', '9', '8', '10', '6', '6', '6', '5', '5', '5']","[NameSystem_2,block blk_6,block blk_6,block blk_6,blk_4,blk_4,NameSystem_2,NameSystem_2,blk_4,NameSystem_2,blk_4,blk_4,blk_4,blk_4,blk_4,blk_4,/_0,blk_4,blk_4,blk_4,blk_4,block blk file_7,block blk file_7,block blk file_7]","[allocate_4,receiving_28,receiving_28,receiving_28,none_22,writing_23,add_3,add_3,writing_23,add_3,none_22,writing_23,none_22,verification_25,transfer_13,transfer_13,serving_0,verification_25,delete_24,delete_24,delete_24,deleting_34,deleting_34,deleting_34]","[none_4,none_40,none_40,none_40,none_31,none_32,updated_3,updated_3,none_32,updated_3,none_31,none_32,none_31,successful_35,exception_21,exception_21,none_0,successful_35,invalid_34,invalid_34,invalid_34,none_46,none_46,none_46]"
7951,"['7', '1', '1', '1', '4', '2', '2', '2', '3', '3', '4', '3', '4', '9', '9', '8', '10', '10', '10', '6', '6', '6', '5', '5', '5']","[NameSystem_2,block blk_6,block blk_6,block blk_6,blk_4,NameSystem_2,NameSystem_2,NameSystem_2,blk_4,blk_4,blk_4,blk_4,blk_4,blk_4,blk_4,/_0,blk_4,blk_4,blk_4,blk_4,blk_4,blk_4,block blk file_7,block blk file_7,block blk file_7]","[allocate_4,receiving_28,receiving_28,receiving_28,writing_23,add_3,add_3,add_3,none_22,none_22,writing_23,none_22,writing_23,transfer_13,transfer_13,serving_0,verification_25,verification_25,verification_25,delete_24,delete_24,delete_24,deleting_34,deleting_34,deleting_34]","[none_4,none_40,none_40,none_40,none_32,updated_3,updated_3,updated_3,none_31,none_31,none_32,none_31,none_32,exception_21,exception_21,none_0,successful_35,successful_35,successful_35,invalid_34,invalid_34,invalid_34,none_46,none_46,none_46]"
7954,"['7', '1', '1', '1', '2', '2', '2', '3', '4', '3', '4', '3', '4', '9', '9', '8', '10', '10', '10', '6', '6', '6', '5', '5', '5']","[NameSystem_2,block blk_6,block blk_6,block blk_6,NameSystem_2,NameSystem_2,NameSystem_2,blk_4,blk_4,blk_4,blk_4,blk_4,blk_4,blk_4,blk_4,/_0,blk_4,blk_4,blk_4,blk_4,blk_4,blk_4,block blk file_7,block blk file_7,block blk file_7]","[allocate_4,receiving_28,receiving_28,receiving_28,add_3,add_3,add_3,none_22,writing_23,none_22,writing_23,none_22,writing_23,transfer_13,transfer_13,serving_0,verification_25,verification_25,verification_25,delete_24,delete_24,delete_24,deleting_34,deleting_34,deleting_34]","[none_4,none_40,none_40,none_40,updated_3,updated_3,updated_3,none_31,none_32,none_31,none_32,none_31,none_32,exception_21,exception_21,none_0,successful_35,successful_35,successful_35,invalid_34,invalid_34,invalid_34,none_46,none_46,none_46]"
7969,"['7', '1', '1', '1', '2', '2', '2', '3', '4', '3', '4', '3', '4', '9', '9', '8', '10', '10', '6', '6', '6', '5', '5', '5']","[NameSystem_2,block blk_6,block blk_6,block blk_6,NameSystem_2,NameSystem_2,NameSystem_2,blk_4,blk_4,blk_4,blk_4,blk_4,blk_4,blk_4,blk_4,/_0,blk_4,blk_4,blk_4,blk_4,blk_4,block blk file_7,block blk file_7,block blk file_7]","[allocate_4,receiving_28,receiving_28,receiving_28,add_3,add_3,add_3,none_22,writing_23,none_22,writing_23,none_22,writing_23,transfer_13,transfer_13,serving_0,verification_25,verification_25,delete_24,delete_24,delete_24,deleting_34,deleting_34,deleting_34]","[none_4,none_40,none_40,none_40,updated_3,updated_3,updated_3,none_31,none_32,none_31,none_32,none_31,none_32,exception_21,exception_21,none_0,successful_35,successful_35,invalid_34,invalid_34,invalid_34,none_46,none_46,none_46]"
7984,"['7', '1', '1', '1', '2', '2', '2', '3', '4', '3', '4', '3', '4', '9', '9', '8', '10', '10', '6', '6', '6', '5', '5', '5']","[NameSystem_2,block blk_6,block blk_6,block blk_6,NameSystem_2,NameSystem_2,NameSystem_2,blk_4,blk_4,blk_4,blk_4,blk_4,blk_4,blk_4,blk_4,/_0,blk_4,blk_4,blk_4,blk_4,blk_4,block blk file_7,block blk file_7,block blk file_7]","[allocate_4,receiving_28,receiving_28,receiving_28,add_3,add_3,add_3,none_22,writing_23,none_22,writing_23,none_22,writing_23,transfer_13,transfer_13,serving_0,verification_25,verification_25,delete_24,delete_24,delete_24,deleting_34,deleting_34,deleting_34]","[none_4,none_40,none_40,none_40,updated_3,updated_3,updated_3,none_31,none_32,none_31,none_32,none_31,none_32,exception_21,exception_21,none_0,successful_35,successful_35,invalid_34,invalid_34,invalid_34,none_46,none_46,none_46]"
7988,"['7', '1', '1', '1', '2', '2', '2', '3', '4', '3', '4', '3', '4', '10', '9', '8', '9', '10', '10', '6', '6', '6', '5', '5', '5']","[NameSystem_2,block blk_6,block blk_6,block blk_6,NameSystem_2,NameSystem_2,NameSystem_2,blk_4,blk_4,blk_4,blk_4,blk_4,blk_4,blk_4,blk_4,/_0,blk_4,blk_4,blk_4,blk_4,blk_4,blk_4,block blk file_7,block blk file_7,block blk file_7]","[allocate_4,receiving_28,receiving_28,receiving_28,add_3,add_3,add_3,none_22,writing_23,none_22,writing_23,none_22,writing_23,verification_25,transfer_13,serving_0,transfer_13,verification_25,verification_25,delete_24,delete_24,delete_24,deleting_34,deleting_34,deleting_34]","[none_4,none_40,none_40,none_40,updated_3,updated_3,updated_3,none_31,none_32,none_31,none_32,none_31,none_32,successful_35,exception_21,none_0,exception_21,successful_35,successful_35,invalid_34,invalid_34,invalid_34,none_46,none_46,none_46]"
7991,"['7', '1', '1', '1', '2', '2', '3', '4', '3', '4', '2', '3', '4', '9', '9', '8', '10', '6', '6', '6', '5', '5', '5']","[NameSystem_2,block blk_6,block blk_6,block blk_6,NameSystem_2,NameSystem_2,blk_4,blk_4,blk_4,blk_4,NameSystem_2,blk_4,blk_4,blk_4,blk_4,/_0,blk_4,blk_4,blk_4,blk_4,block blk file_7,block blk file_7,block blk file_7]","[allocate_4,receiving_28,receiving_28,receiving_28,add_3,add_3,none_22,writing_23,none_22,writing_23,add_3,none_22,writing_23,transfer_13,transfer_13,serving_0,verification_25,delete_24,delete_24,delete_24,deleting_34,deleting_34,deleting_34]","[none_4,none_40,none_40,none_40,updated_3,updated_3,none_31,none_32,none_31,none_32,updated_3,none_31,none_32,exception_21,exception_21,none_0,successful_35,invalid_34,invalid_34,invalid_34,none_46,none_46,none_46]"
7994,"['7', '1', '1', '1', '2', '2', '2', '3', '4', '3', '4', '3', '4', '9', '9', '8', '10', '10', '6', '6', '6', '5', '5', '5']","[NameSystem_2,block blk_6,block blk_6,block blk_6,NameSystem_2,NameSystem_2,NameSystem_2,blk_4,blk_4,blk_4,blk_4,blk_4,blk_4,blk_4,blk_4,/_0,blk_4,blk_4,blk_4,blk_4,blk_4,block blk file_7,block blk file_7,block blk file_7]","[allocate_4,receiving_28,receiving_28,receiving_28,add_3,add_3,add_3,none_22,writing_23,none_22,writing_23,none_22,writing_23,transfer_13,transfer_13,serving_0,verification_25,verification_25,delete_24,delete_24,delete_24,deleting_34,deleting_34,deleting_34]","[none_4,none_40,none_40,none_40,updated_3,updated_3,updated_3,none_31,none_32,none_31,none_32,none_31,none_32,exception_21,exception_21,none_0,successful_35,successful_35,invalid_34,invalid_34,invalid_34,none_46,none_46,none_46]"
7996,"['7', '1', '1', '1', '2', '2', '2', '3', '4', '3', '4', '3', '4', '9', '9', '8', '10', '10', '6', '6', '6', '5', '5', '5']","[NameSystem_2,block blk_6,block blk_6,block blk_6,NameSystem_2,NameSystem_2,NameSystem_2,blk_4,blk_4,blk_4,blk_4,blk_4,blk_4,blk_4,blk_4,/_0,blk_4,blk_4,blk_4,blk_4,blk_4,block blk file_7,block blk file_7,block blk file_7]","[allocate_4,receiving_28,receiving_28,receiving_28,add_3,add_3,add_3,none_22,writing_23,none_22,writing_23,none_22,writing_23,transfer_13,transfer_13,serving_0,verification_25,verification_25,delete_24,delete_24,delete_24,deleting_34,deleting_34,deleting_34]","[none_4,none_40,none_40,none_40,updated_3,updated_3,updated_3,none_31,none_32,none_31,none_32,none_31,none_32,exception_21,exception_21,none_0,successful_35,successful_35,invalid_34,invalid_34,invalid_34,none_46,none_46,none_46]"
8003,"['7', '1', '1', '1', '2', '2', '2', '3', '4', '3', '4', '3', '4', '9', '8', '9', '10', '10', '10', '6', '6', '6', '5', '5', '5']","[NameSystem_2,block blk_6,block blk_6,block blk_6,NameSystem_2,NameSystem_2,NameSystem_2,blk_4,blk_4,blk_4,blk_4,blk_4,blk_4,blk_4,/_0,blk_4,blk_4,blk_4,blk_4,blk_4,blk_4,blk_4,block blk file_7,block blk file_7,block blk file_7]","[allocate_4,receiving_28,receiving_28,receiving_28,add_3,add_3,add_3,none_22,writing_23,none_22,writing_23,none_22,writing_23,transfer_13,serving_0,transfer_13,verification_25,verification_25,verification_25,delete_24,delete_24,delete_24,deleting_34,deleting_34,deleting_34]","[none_4,none_40,none_40,none_40,updated_3,updated_3,updated_3,none_31,none_32,none_31,none_32,none_31,none_32,exception_21,none_0,exception_21,successful_35,successful_35,successful_35,invalid_34,invalid_34,invalid_34,none_46,none_46,none_46]"
8008,"['7', '1', '1', '1', '2', '4', '2', '2', '3', '3', '4', '3', '4', '9', '9', '8', '10', '10', '6', '6', '6', '5', '5', '5']","[NameSystem_2,block blk_6,block blk_6,block blk_6,NameSystem_2,blk_4,NameSystem_2,NameSystem_2,blk_4,blk_4,blk_4,blk_4,blk_4,blk_4,blk_4,/_0,blk_4,blk_4,blk_4,blk_4,blk_4,block blk file_7,block blk file_7,block blk file_7]","[allocate_4,receiving_28,receiving_28,receiving_28,add_3,writing_23,add_3,add_3,none_22,none_22,writing_23,none_22,writing_23,transfer_13,transfer_13,serving_0,verification_25,verification_25,delete_24,delete_24,delete_24,deleting_34,deleting_34,deleting_34]","[none_4,none_40,none_40,none_40,updated_3,none_32,updated_3,updated_3,none_31,none_31,none_32,none_31,none_32,exception_21,exception_21,none_0,successful_35,successful_35,invalid_34,invalid_34,invalid_34,none_46,none_46,none_46]"
8011,"['7', '1', '1', '1', '2', '2', '3', '4', '3', '4', '3', '4', '2', '9', '8', '9', '10', '10', '10', '6', '6', '6', '5', '5', '5']","[NameSystem_2,block blk_6,block blk_6,block blk_6,NameSystem_2,NameSystem_2,blk_4,blk_4,blk_4,blk_4,blk_4,blk_4,NameSystem_2,blk_4,/_0,blk_4,blk_4,blk_4,blk_4,blk_4,blk_4,blk_4,block blk file_7,block blk file_7,block blk file_7]","[allocate_4,receiving_28,receiving_28,receiving_28,add_3,add_3,none_22,writing_23,none_22,writing_23,none_22,writing_23,add_3,transfer_13,serving_0,transfer_13,verification_25,verification_25,verification_25,delete_24,delete_24,delete_24,deleting_34,deleting_34,deleting_34]","[none_4,none_40,none_40,none_40,updated_3,updated_3,none_31,none_32,none_31,none_32,none_31,none_32,updated_3,exception_21,none_0,exception_21,successful_35,successful_35,successful_35,invalid_34,invalid_34,invalid_34,none_46,none_46,none_46]"
8021,"['7', '1', '1', '1', '2', '2', '2', '3', '4', '3', '4', '3', '4', '9', '8', '9', '10', '6', '6', '6', '5', '5', '5']","[NameSystem_2,block blk_6,block blk_6,block blk_6,NameSystem_2,NameSystem_2,NameSystem_2,blk_4,blk_4,blk_4,blk_4,blk_4,blk_4,blk_4,/_0,blk_4,blk_4,blk_4,blk_4,blk_4,block blk file_7,block blk file_7,block blk file_7]","[allocate_4,receiving_28,receiving_28,receiving_28,add_3,add_3,add_3,none_22,writing_23,none_22,writing_23,none_22,writing_23,transfer_13,serving_0,transfer_13,verification_25,delete_24,delete_24,delete_24,deleting_34,deleting_34,deleting_34]","[none_4,none_40,none_40,none_40,updated_3,updated_3,updated_3,none_31,none_32,none_31,none_32,none_31,none_32,exception_21,none_0,exception_21,successful_35,invalid_34,invalid_34,invalid_34,none_46,none_46,none_46]"
8028,"['7', '1', '1', '1', '2', '2', '2', '3', '4', '3', '4', '3', '4', '10', '9', '9', '8', '10', '6', '6', '6', '5', '5', '5']","[NameSystem_2,block blk_6,block blk_6,block blk_6,NameSystem_2,NameSystem_2,NameSystem_2,blk_4,blk_4,blk_4,blk_4,blk_4,blk_4,blk_4,blk_4,blk_4,/_0,blk_4,blk_4,blk_4,blk_4,block blk file_7,block blk file_7,block blk file_7]","[allocate_4,receiving_28,receiving_28,receiving_28,add_3,add_3,add_3,none_22,writing_23,none_22,writing_23,none_22,writing_23,verification_25,transfer_13,transfer_13,serving_0,verification_25,delete_24,delete_24,delete_24,deleting_34,deleting_34,deleting_34]","[none_4,none_40,none_40,none_40,updated_3,updated_3,updated_3,none_31,none_32,none_31,none_32,none_31,none_32,successful_35,exception_21,exception_21,none_0,successful_35,invalid_34,invalid_34,invalid_34,none_46,none_46,none_46]"
8043,"['7', '1', '1', '1', '3', '4', '2', '2', '2', '3', '4', '3', '4', '9', '9', '8', '10', '6', '6', '6', '5', '5', '5']","[NameSystem_2,block blk_6,block blk_6,block blk_6,blk_4,blk_4,NameSystem_2,NameSystem_2,NameSystem_2,blk_4,blk_4,blk_4,blk_4,blk_4,blk_4,/_0,blk_4,blk_4,blk_4,blk_4,block blk file_7,block blk file_7,block blk file_7]","[allocate_4,receiving_28,receiving_28,receiving_28,none_22,writing_23,add_3,add_3,add_3,none_22,writing_23,none_22,writing_23,transfer_13,transfer_13,serving_0,verification_25,delete_24,delete_24,delete_24,deleting_34,deleting_34,deleting_34]","[none_4,none_40,none_40,none_40,none_31,none_32,updated_3,updated_3,updated_3,none_31,none_32,none_31,none_32,exception_21,exception_21,none_0,successful_35,invalid_34,invalid_34,invalid_34,none_46,none_46,none_46]"
8060,"['7', '1', '1', '1', '2', '2', '2', '3', '4', '3', '4', '3', '4', '10', '9', '9', '8', '6', '6', '6', '5', '5', '5']","[NameSystem_2,block blk_6,block blk_6,block blk_6,NameSystem_2,NameSystem_2,NameSystem_2,blk_4,blk_4,blk_4,blk_4,blk_4,blk_4,blk_4,blk_4,blk_4,/_0,blk_4,blk_4,blk_4,block blk file_7,block blk file_7,block blk file_7]","[allocate_4,receiving_28,receiving_28,receiving_28,add_3,add_3,add_3,none_22,writing_23,none_22,writing_23,none_22,writing_23,verification_25,transfer_13,transfer_13,serving_0,delete_24,delete_24,delete_24,deleting_34,deleting_34,deleting_34]","[none_4,none_40,none_40,none_40,updated_3,updated_3,updated_3,none_31,none_32,none_31,none_32,none_31,none_32,successful_35,exception_21,exception_21,none_0,invalid_34,invalid_34,invalid_34,none_46,none_46,none_46]"
8062,"['7', '1', '1', '1', '2', '2', '2', '3', '4', '3', '4', '3', '4', '8', '10', '6', '6', '6', '5', '5', '5']","[NameSystem_2,block blk_6,block blk_6,block blk_6,NameSystem_2,NameSystem_2,NameSystem_2,blk_4,blk_4,blk_4,blk_4,blk_4,blk_4,/_0,blk_4,blk_4,blk_4,blk_4,block blk file_7,block blk file_7,block blk file_7]","[allocate_4,receiving_28,receiving_28,receiving_28,add_3,add_3,add_3,none_22,writing_23,none_22,writing_23,none_22,writing_23,serving_0,verification_25,delete_24,delete_24,delete_24,deleting_34,deleting_34,deleting_34]","[none_4,none_40,none_40,none_40,updated_3,updated_3,updated_3,none_31,none_32,none_31,none_32,none_31,none_32,none_0,successful_35,invalid_34,invalid_34,invalid_34,none_46,none_46,none_46]"
8079,"['7', '1', '1', '1', '2', '2', '2', '3', '4', '3', '4', '3', '4', '9', '8', '9', '10', '10', '6', '6', '6', '5', '5', '5']","[NameSystem_2,block blk_6,block blk_6,block blk_6,NameSystem_2,NameSystem_2,NameSystem_2,blk_4,blk_4,blk_4,blk_4,blk_4,blk_4,blk_4,/_0,blk_4,blk_4,blk_4,blk_4,blk_4,blk_4,block blk file_7,block blk file_7,block blk file_7]","[allocate_4,receiving_28,receiving_28,receiving_28,add_3,add_3,add_3,none_22,writing_23,none_22,writing_23,none_22,writing_23,transfer_13,serving_0,transfer_13,verification_25,verification_25,delete_24,delete_24,delete_24,deleting_34,deleting_34,deleting_34]","[none_4,none_40,none_40,none_40,updated_3,updated_3,updated_3,none_31,none_32,none_31,none_32,none_31,none_32,exception_21,none_0,exception_21,successful_35,successful_35,invalid_34,invalid_34,invalid_34,none_46,none_46,none_46]"
8088,"['7', '1', '1', '1', '2', '2', '3', '4', '3', '4', '2', '3', '4', '9', '9', '8', '10', '6', '6', '6', '5', '5', '5']","[NameSystem_2,block blk_6,block blk_6,block blk_6,NameSystem_2,NameSystem_2,blk_4,blk_4,blk_4,blk_4,NameSystem_2,blk_4,blk_4,blk_4,blk_4,/_0,blk_4,blk_4,blk_4,blk_4,block blk file_7,block blk file_7,block blk file_7]","[allocate_4,receiving_28,receiving_28,receiving_28,add_3,add_3,none_22,writing_23,none_22,writing_23,add_3,none_22,writing_23,transfer_13,transfer_13,serving_0,verification_25,delete_24,delete_24,delete_24,deleting_34,deleting_34,deleting_34]","[none_4,none_40,none_40,none_40,updated_3,updated_3,none_31,none_32,none_31,none_32,updated_3,none_31,none_32,exception_21,exception_21,none_0,successful_35,invalid_34,invalid_34,invalid_34,none_46,none_46,none_46]"
8098,"['7', '1', '1', '1', '2', '2', '2', '3', '4', '3', '4', '3', '4', '9', '9', '8', '6', '6', '6', '5', '5', '5']","[NameSystem_2,block blk_6,block blk_6,block blk_6,NameSystem_2,NameSystem_2,NameSystem_2,blk_4,blk_4,blk_4,blk_4,blk_4,blk_4,blk_4,blk_4,/_0,blk_4,blk_4,blk_4,block blk file_7,block blk file_7,block blk file_7]","[allocate_4,receiving_28,receiving_28,receiving_28,add_3,add_3,add_3,none_22,writing_23,none_22,writing_23,none_22,writing_23,transfer_13,transfer_13,serving_0,delete_24,delete_24,delete_24,deleting_34,deleting_34,deleting_34]","[none_4,none_40,none_40,none_40,updated_3,updated_3,updated_3,none_31,none_32,none_31,none_32,none_31,none_32,exception_21,exception_21,none_0,invalid_34,invalid_34,invalid_34,none_46,none_46,none_46]"
8102,"['7', '1', '1', '1', '2', '2', '3', '4', '3', '4', '2', '3', '4', '9', '9', '8', '10', '6', '6', '6', '5', '5', '5']","[NameSystem_2,block blk_6,block blk_6,block blk_6,NameSystem_2,NameSystem_2,blk_4,blk_4,blk_4,blk_4,NameSystem_2,blk_4,blk_4,blk_4,blk_4,/_0,blk_4,blk_4,blk_4,blk_4,block blk file_7,block blk file_7,block blk file_7]","[allocate_4,receiving_28,receiving_28,receiving_28,add_3,add_3,none_22,writing_23,none_22,writing_23,add_3,none_22,writing_23,transfer_13,transfer_13,serving_0,verification_25,delete_24,delete_24,delete_24,deleting_34,deleting_34,deleting_34]","[none_4,none_40,none_40,none_40,updated_3,updated_3,none_31,none_32,none_31,none_32,updated_3,none_31,none_32,exception_21,exception_21,none_0,successful_35,invalid_34,invalid_34,invalid_34,none_46,none_46,none_46]"
8103,"['7', '1', '1', '1', '2', '2', '3', '4', '3', '4', '3', '4', '2', '9', '9', '8', '10', '6', '6', '6', '5', '5', '5']","[NameSystem_2,block blk_6,block blk_6,block blk_6,NameSystem_2,NameSystem_2,blk_4,blk_4,blk_4,blk_4,blk_4,blk_4,NameSystem_2,blk_4,blk_4,/_0,blk_4,blk_4,blk_4,blk_4,block blk file_7,block blk file_7,block blk file_7]","[allocate_4,receiving_28,receiving_28,receiving_28,add_3,add_3,none_22,writing_23,none_22,writing_23,none_22,writing_23,add_3,transfer_13,transfer_13,serving_0,verification_25,delete_24,delete_24,delete_24,deleting_34,deleting_34,deleting_34]","[none_4,none_40,none_40,none_40,updated_3,updated_3,none_31,none_32,none_31,none_32,none_31,none_32,updated_3,exception_21,exception_21,none_0,successful_35,invalid_34,invalid_34,invalid_34,none_46,none_46,none_46]"
8107,"['7', '1', '1', '1', '2', '2', '2', '3', '4', '3', '4', '3', '4', '9', '9', '8', '10', '6', '6', '6', '5', '5', '5']","[NameSystem_2,block blk_6,block blk_6,block blk_6,NameSystem_2,NameSystem_2,NameSystem_2,blk_4,blk_4,blk_4,blk_4,blk_4,blk_4,blk_4,blk_4,/_0,blk_4,blk_4,blk_4,blk_4,block blk file_7,block blk file_7,block blk file_7]","[allocate_4,receiving_28,receiving_28,receiving_28,add_3,add_3,add_3,none_22,writing_23,none_22,writing_23,none_22,writing_23,transfer_13,transfer_13,serving_0,verification_25,delete_24,delete_24,delete_24,deleting_34,deleting_34,deleting_34]","[none_4,none_40,none_40,none_40,updated_3,updated_3,updated_3,none_31,none_32,none_31,none_32,none_31,none_32,exception_21,exception_21,none_0,successful_35,invalid_34,invalid_34,invalid_34,none_46,none_46,none_46]"
8120,"['7', '1', '1', '1', '2', '2', '3', '4', '3', '4', '2', '3', '4', '9', '9', '8', '10', '10', '10', '6', '6', '6', '5', '5', '5']","[NameSystem_2,block blk_6,block blk_6,block blk_6,NameSystem_2,NameSystem_2,blk_4,blk_4,blk_4,blk_4,NameSystem_2,blk_4,blk_4,blk_4,blk_4,/_0,blk_4,blk_4,blk_4,blk_4,blk_4,blk_4,block blk file_7,block blk file_7,block blk file_7]","[allocate_4,receiving_28,receiving_28,receiving_28,add_3,add_3,none_22,writing_23,none_22,writing_23,add_3,none_22,writing_23,transfer_13,transfer_13,serving_0,verification_25,verification_25,verification_25,delete_24,delete_24,delete_24,deleting_34,deleting_34,deleting_34]","[none_4,none_40,none_40,none_40,updated_3,updated_3,none_31,none_32,none_31,none_32,updated_3,none_31,none_32,exception_21,exception_21,none_0,successful_35,successful_35,successful_35,invalid_34,invalid_34,invalid_34,none_46,none_46,none_46]"
8124,"['7', '1', '1', '1', '2', '2', '2', '3', '4', '3', '4', '3', '4', '10', '9', '9', '9', '9', '9', '9', '8', '9', '9', '9', '9', '9', '9', '9', '9', '9', '10', '6', '6', '6', '5', '5', '5']","[NameSystem_2,block blk_6,block blk_6,block blk_6,NameSystem_2,NameSystem_2,NameSystem_2,blk_4,blk_4,blk_4,blk_4,blk_4,blk_4,blk_4,blk_4,blk_4,blk_4,blk_4,blk_4,blk_4,/_0,blk_4,blk_4,blk_4,blk_4,blk_4,blk_4,blk_4,blk_4,blk_4,blk_4,blk_4,blk_4,blk_4,block blk file_7,block blk file_7,block blk file_7]","[allocate_4,receiving_28,receiving_28,receiving_28,add_3,add_3,add_3,none_22,writing_23,none_22,writing_23,none_22,writing_23,verification_25,transfer_13,transfer_13,transfer_13,transfer_13,transfer_13,transfer_13,serving_0,transfer_13,transfer_13,transfer_13,transfer_13,transfer_13,transfer_13,transfer_13,transfer_13,transfer_13,verification_25,delete_24,delete_24,delete_24,deleting_34,deleting_34,deleting_34]","[none_4,none_40,none_40,none_40,updated_3,updated_3,updated_3,none_31,none_32,none_31,none_32,none_31,none_32,successful_35,exception_21,exception_21,exception_21,exception_21,exception_21,exception_21,none_0,exception_21,exception_21,exception_21,exception_21,exception_21,exception_21,exception_21,exception_21,exception_21,successful_35,invalid_34,invalid_34,invalid_34,none_46,none_46,none_46]"
8130,"['7', '1', '1', '1', '2', '2', '3', '4', '3', '4', '3', '4', '2', '9', '8', '9', '10', '10', '6', '6', '6', '5', '5', '5']","[NameSystem_2,block blk_6,block blk_6,block blk_6,NameSystem_2,NameSystem_2,blk_4,blk_4,blk_4,blk_4,blk_4,blk_4,NameSystem_2,blk_4,/_0,blk_4,blk_4,blk_4,blk_4,blk_4,blk_4,block blk file_7,block blk file_7,block blk file_7]","[allocate_4,receiving_28,receiving_28,receiving_28,add_3,add_3,none_22,writing_23,none_22,writing_23,none_22,writing_23,add_3,transfer_13,serving_0,transfer_13,verification_25,verification_25,delete_24,delete_24,delete_24,deleting_34,deleting_34,deleting_34]","[none_4,none_40,none_40,none_40,updated_3,updated_3,none_31,none_32,none_31,none_32,none_31,none_32,updated_3,exception_21,none_0,exception_21,successful_35,successful_35,invalid_34,invalid_34,invalid_34,none_46,none_46,none_46]"
8132,"['7', '1', '1', '1', '2', '2', '2', '3', '4', '3', '4', '3', '4', '10', '9', '8', '9', '10', '10', '6', '6', '6', '5', '5', '5']","[NameSystem_2,block blk_6,block blk_6,block blk_6,NameSystem_2,NameSystem_2,NameSystem_2,blk_4,blk_4,blk_4,blk_4,blk_4,blk_4,blk_4,blk_4,/_0,blk_4,blk_4,blk_4,blk_4,blk_4,blk_4,block blk file_7,block blk file_7,block blk file_7]","[allocate_4,receiving_28,receiving_28,receiving_28,add_3,add_3,add_3,none_22,writing_23,none_22,writing_23,none_22,writing_23,verification_25,transfer_13,serving_0,transfer_13,verification_25,verification_25,delete_24,delete_24,delete_24,deleting_34,deleting_34,deleting_34]","[none_4,none_40,none_40,none_40,updated_3,updated_3,updated_3,none_31,none_32,none_31,none_32,none_31,none_32,successful_35,exception_21,none_0,exception_21,successful_35,successful_35,invalid_34,invalid_34,invalid_34,none_46,none_46,none_46]"
8150,"['7', '1', '1', '1', '2', '2', '3', '4', '3', '4', '2', '3', '4', '9', '8', '9', '10', '10', '6', '6', '6', '5', '5', '5']","[NameSystem_2,block blk_6,block blk_6,block blk_6,NameSystem_2,NameSystem_2,blk_4,blk_4,blk_4,blk_4,NameSystem_2,blk_4,blk_4,blk_4,/_0,blk_4,blk_4,blk_4,blk_4,blk_4,blk_4,block blk file_7,block blk file_7,block blk file_7]","[allocate_4,receiving_28,receiving_28,receiving_28,add_3,add_3,none_22,writing_23,none_22,writing_23,add_3,none_22,writing_23,transfer_13,serving_0,transfer_13,verification_25,verification_25,delete_24,delete_24,delete_24,deleting_34,deleting_34,deleting_34]","[none_4,none_40,none_40,none_40,updated_3,updated_3,none_31,none_32,none_31,none_32,updated_3,none_31,none_32,exception_21,none_0,exception_21,successful_35,successful_35,invalid_34,invalid_34,invalid_34,none_46,none_46,none_46]"
8171,"['7', '1', '1', '1', '2', '4', '3', '4', '3', '4', '2', '2', '3', '10', '10', '9', '8', '9', '10', '6', '6', '6', '5', '5', '5', '15']","[NameSystem_2,block blk_6,block blk_6,block blk_6,NameSystem_2,blk_4,blk_4,blk_4,blk_4,blk_4,NameSystem_2,NameSystem_2,blk_4,blk_4,blk_4,blk_4,/_0,blk_4,blk_4,blk_4,blk_4,blk_4,block blk file_7,block blk file_7,block blk file_7,block blk_6]","[allocate_4,receiving_28,receiving_28,receiving_28,add_3,writing_23,none_22,writing_23,none_22,writing_23,add_3,add_3,none_22,verification_25,verification_25,transfer_13,serving_0,transfer_13,verification_25,delete_24,delete_24,delete_24,deleting_34,deleting_34,deleting_34,deleting_30]","[none_4,none_40,none_40,none_40,updated_3,none_32,none_31,none_32,none_31,none_32,updated_3,updated_3,none_31,successful_35,successful_35,exception_21,none_0,exception_21,successful_35,invalid_34,invalid_34,invalid_34,none_46,none_46,none_46,error_42]"
8195,"['7', '1', '1', '1', '2', '2', '3', '4', '2', '3', '4', '3', '4', '9', '8', '9', '10', '10', '6', '6', '6', '5', '5', '5']","[NameSystem_2,block blk_6,block blk_6,block blk_6,NameSystem_2,NameSystem_2,blk_4,blk_4,NameSystem_2,blk_4,blk_4,blk_4,blk_4,blk_4,/_0,blk_4,blk_4,blk_4,blk_4,blk_4,blk_4,block blk file_7,block blk file_7,block blk file_7]","[allocate_4,receiving_28,receiving_28,receiving_28,add_3,add_3,none_22,writing_23,add_3,none_22,writing_23,none_22,writing_23,transfer_13,serving_0,transfer_13,verification_25,verification_25,delete_24,delete_24,delete_24,deleting_34,deleting_34,deleting_34]","[none_4,none_40,none_40,none_40,updated_3,updated_3,none_31,none_32,updated_3,none_31,none_32,none_31,none_32,exception_21,none_0,exception_21,successful_35,successful_35,invalid_34,invalid_34,invalid_34,none_46,none_46,none_46]"
8199,"['7', '1', '1', '1', '2', '2', '3', '4', '3', '4', '3', '4', '2', '9', '9', '8', '10', '10', '6', '6', '6', '5', '5', '5']","[NameSystem_2,block blk_6,block blk_6,block blk_6,NameSystem_2,NameSystem_2,blk_4,blk_4,blk_4,blk_4,blk_4,blk_4,NameSystem_2,blk_4,blk_4,/_0,blk_4,blk_4,blk_4,blk_4,blk_4,block blk file_7,block blk file_7,block blk file_7]","[allocate_4,receiving_28,receiving_28,receiving_28,add_3,add_3,none_22,writing_23,none_22,writing_23,none_22,writing_23,add_3,transfer_13,transfer_13,serving_0,verification_25,verification_25,delete_24,delete_24,delete_24,deleting_34,deleting_34,deleting_34]","[none_4,none_40,none_40,none_40,updated_3,updated_3,none_31,none_32,none_31,none_32,none_31,none_32,updated_3,exception_21,exception_21,none_0,successful_35,successful_35,invalid_34,invalid_34,invalid_34,none_46,none_46,none_46]"
8207,"['7', '1', '1', '1', '2', '3', '3', '4', '4', '2', '2', '3', '4', '9', '9', '8', '10', '10', '6', '6', '6', '5', '5', '5']","[NameSystem_2,block blk_6,block blk_6,block blk_6,NameSystem_2,blk_4,blk_4,blk_4,blk_4,NameSystem_2,NameSystem_2,blk_4,blk_4,blk_4,blk_4,/_0,blk_4,blk_4,blk_4,blk_4,blk_4,block blk file_7,block blk file_7,block blk file_7]","[allocate_4,receiving_28,receiving_28,receiving_28,add_3,none_22,none_22,writing_23,writing_23,add_3,add_3,none_22,writing_23,transfer_13,transfer_13,serving_0,verification_25,verification_25,delete_24,delete_24,delete_24,deleting_34,deleting_34,deleting_34]","[none_4,none_40,none_40,none_40,updated_3,none_31,none_31,none_32,none_32,updated_3,updated_3,none_31,none_32,exception_21,exception_21,none_0,successful_35,successful_35,invalid_34,invalid_34,invalid_34,none_46,none_46,none_46]"
8221,"['7', '1', '1', '1', '2', '2', '2', '3', '4', '3', '4', '3', '4', '9', '9', '8', '10', '6', '6', '6', '5', '5', '5']","[NameSystem_2,block blk_6,block blk_6,block blk_6,NameSystem_2,NameSystem_2,NameSystem_2,blk_4,blk_4,blk_4,blk_4,blk_4,blk_4,blk_4,blk_4,/_0,blk_4,blk_4,blk_4,blk_4,block blk file_7,block blk file_7,block blk file_7]","[allocate_4,receiving_28,receiving_28,receiving_28,add_3,add_3,add_3,none_22,writing_23,none_22,writing_23,none_22,writing_23,transfer_13,transfer_13,serving_0,verification_25,delete_24,delete_24,delete_24,deleting_34,deleting_34,deleting_34]","[none_4,none_40,none_40,none_40,updated_3,updated_3,updated_3,none_31,none_32,none_31,none_32,none_31,none_32,exception_21,exception_21,none_0,successful_35,invalid_34,invalid_34,invalid_34,none_46,none_46,none_46]"
8237,"['7', '1', '1', '1', '2', '3', '4', '2', '3', '4', '4', '2', '3', '9', '9', '8', '10', '10', '10', '6', '6', '6', '5', '5', '5']","[NameSystem_2,block blk_6,block blk_6,block blk_6,NameSystem_2,blk_4,blk_4,NameSystem_2,blk_4,blk_4,blk_4,NameSystem_2,blk_4,blk_4,blk_4,/_0,blk_4,blk_4,blk_4,blk_4,blk_4,blk_4,block blk file_7,block blk file_7,block blk file_7]","[allocate_4,receiving_28,receiving_28,receiving_28,add_3,none_22,writing_23,add_3,none_22,writing_23,writing_23,add_3,none_22,transfer_13,transfer_13,serving_0,verification_25,verification_25,verification_25,delete_24,delete_24,delete_24,deleting_34,deleting_34,deleting_34]","[none_4,none_40,none_40,none_40,updated_3,none_31,none_32,updated_3,none_31,none_32,none_32,updated_3,none_31,exception_21,exception_21,none_0,successful_35,successful_35,successful_35,invalid_34,invalid_34,invalid_34,none_46,none_46,none_46]"
8261,"['7', '1', '1', '1', '2', '2', '2', '3', '4', '3', '4', '3', '4', '9', '9', '8', '10', '10', '6', '6', '6', '5', '5', '5']","[NameSystem_2,block blk_6,block blk_6,block blk_6,NameSystem_2,NameSystem_2,NameSystem_2,blk_4,blk_4,blk_4,blk_4,blk_4,blk_4,blk_4,blk_4,/_0,blk_4,blk_4,blk_4,blk_4,blk_4,block blk file_7,block blk file_7,block blk file_7]","[allocate_4,receiving_28,receiving_28,receiving_28,add_3,add_3,add_3,none_22,writing_23,none_22,writing_23,none_22,writing_23,transfer_13,transfer_13,serving_0,verification_25,verification_25,delete_24,delete_24,delete_24,deleting_34,deleting_34,deleting_34]","[none_4,none_40,none_40,none_40,updated_3,updated_3,updated_3,none_31,none_32,none_31,none_32,none_31,none_32,exception_21,exception_21,none_0,successful_35,successful_35,invalid_34,invalid_34,invalid_34,none_46,none_46,none_46]"
8262,"['7', '1', '1', '1', '3', '4', '3', '4', '3', '4', '2', '2', '2', '9', '8', '9', '10', '6', '6', '6', '5', '5', '5']","[NameSystem_2,block blk_6,block blk_6,block blk_6,blk_4,blk_4,blk_4,blk_4,blk_4,blk_4,NameSystem_2,NameSystem_2,NameSystem_2,blk_4,/_0,blk_4,blk_4,blk_4,blk_4,blk_4,block blk file_7,block blk file_7,block blk file_7]","[allocate_4,receiving_28,receiving_28,receiving_28,none_22,writing_23,none_22,writing_23,none_22,writing_23,add_3,add_3,add_3,transfer_13,serving_0,transfer_13,verification_25,delete_24,delete_24,delete_24,deleting_34,deleting_34,deleting_34]","[none_4,none_40,none_40,none_40,none_31,none_32,none_31,none_32,none_31,none_32,updated_3,updated_3,updated_3,exception_21,none_0,exception_21,successful_35,invalid_34,invalid_34,invalid_34,none_46,none_46,none_46]"
8270,"['7', '1', '1', '1', '2', '2', '2', '3', '4', '3', '4', '3', '4', '9', '9', '8', '10', '10', '6', '6', '6', '5', '5', '5']","[NameSystem_2,block blk_6,block blk_6,block blk_6,NameSystem_2,NameSystem_2,NameSystem_2,blk_4,blk_4,blk_4,blk_4,blk_4,blk_4,blk_4,blk_4,/_0,blk_4,blk_4,blk_4,blk_4,blk_4,block blk file_7,block blk file_7,block blk file_7]","[allocate_4,receiving_28,receiving_28,receiving_28,add_3,add_3,add_3,none_22,writing_23,none_22,writing_23,none_22,writing_23,transfer_13,transfer_13,serving_0,verification_25,verification_25,delete_24,delete_24,delete_24,deleting_34,deleting_34,deleting_34]","[none_4,none_40,none_40,none_40,updated_3,updated_3,updated_3,none_31,none_32,none_31,none_32,none_31,none_32,exception_21,exception_21,none_0,successful_35,successful_35,invalid_34,invalid_34,invalid_34,none_46,none_46,none_46]"
8276,"['7', '1', '1', '1', '2', '2', '2', '3', '4', '3', '4', '3', '4', '8', '10', '10', '6', '6', '6', '5', '5', '5']","[NameSystem_2,block blk_6,block blk_6,block blk_6,NameSystem_2,NameSystem_2,NameSystem_2,blk_4,blk_4,blk_4,blk_4,blk_4,blk_4,/_0,blk_4,blk_4,blk_4,blk_4,blk_4,block blk file_7,block blk file_7,block blk file_7]","[allocate_4,receiving_28,receiving_28,receiving_28,add_3,add_3,add_3,none_22,writing_23,none_22,writing_23,none_22,writing_23,serving_0,verification_25,verification_25,delete_24,delete_24,delete_24,deleting_34,deleting_34,deleting_34]","[none_4,none_40,none_40,none_40,updated_3,updated_3,updated_3,none_31,none_32,none_31,none_32,none_31,none_32,none_0,successful_35,successful_35,invalid_34,invalid_34,invalid_34,none_46,none_46,none_46]"
8297,"['7', '1', '1', '1', '2', '2', '3', '4', '3', '4', '2', '3', '4', '9', '9', '8', '10', '10', '6', '6', '6', '5', '5', '5']","[NameSystem_2,block blk_6,block blk_6,block blk_6,NameSystem_2,NameSystem_2,blk_4,blk_4,blk_4,blk_4,NameSystem_2,blk_4,blk_4,blk_4,blk_4,/_0,blk_4,blk_4,blk_4,blk_4,blk_4,block blk file_7,block blk file_7,block blk file_7]","[allocate_4,receiving_28,receiving_28,receiving_28,add_3,add_3,none_22,writing_23,none_22,writing_23,add_3,none_22,writing_23,transfer_13,transfer_13,serving_0,verification_25,verification_25,delete_24,delete_24,delete_24,deleting_34,deleting_34,deleting_34]","[none_4,none_40,none_40,none_40,updated_3,updated_3,none_31,none_32,none_31,none_32,updated_3,none_31,none_32,exception_21,exception_21,none_0,successful_35,successful_35,invalid_34,invalid_34,invalid_34,none_46,none_46,none_46]"
8319,"['7', '1', '1', '1', '2', '2', '2', '3', '4', '3', '4', '3', '4', '9', '9', '8', '10', '10', '6', '6', '6', '5', '5', '5']","[NameSystem_2,block blk_6,block blk_6,block blk_6,NameSystem_2,NameSystem_2,NameSystem_2,blk_4,blk_4,blk_4,blk_4,blk_4,blk_4,blk_4,blk_4,/_0,blk_4,blk_4,blk_4,blk_4,blk_4,block blk file_7,block blk file_7,block blk file_7]","[allocate_4,receiving_28,receiving_28,receiving_28,add_3,add_3,add_3,none_22,writing_23,none_22,writing_23,none_22,writing_23,transfer_13,transfer_13,serving_0,verification_25,verification_25,delete_24,delete_24,delete_24,deleting_34,deleting_34,deleting_34]","[none_4,none_40,none_40,none_40,updated_3,updated_3,updated_3,none_31,none_32,none_31,none_32,none_31,none_32,exception_21,exception_21,none_0,successful_35,successful_35,invalid_34,invalid_34,invalid_34,none_46,none_46,none_46]"
8329,"['7', '1', '1', '1', '2', '2', '2', '3', '4', '3', '4', '3', '4', '9', '8', '9', '10', '6', '6', '6', '5', '5', '5']","[NameSystem_2,block blk_6,block blk_6,block blk_6,NameSystem_2,NameSystem_2,NameSystem_2,blk_4,blk_4,blk_4,blk_4,blk_4,blk_4,blk_4,/_0,blk_4,blk_4,blk_4,blk_4,blk_4,block blk file_7,block blk file_7,block blk file_7]","[allocate_4,receiving_28,receiving_28,receiving_28,add_3,add_3,add_3,none_22,writing_23,none_22,writing_23,none_22,writing_23,transfer_13,serving_0,transfer_13,verification_25,delete_24,delete_24,delete_24,deleting_34,deleting_34,deleting_34]","[none_4,none_40,none_40,none_40,updated_3,updated_3,updated_3,none_31,none_32,none_31,none_32,none_31,none_32,exception_21,none_0,exception_21,successful_35,invalid_34,invalid_34,invalid_34,none_46,none_46,none_46]"
8332,"['7', '1', '1', '1', '2', '2', '2', '3', '4', '3', '3', '4', '4', '9', '9', '8', '10', '6', '6', '6', '5', '5', '5']","[NameSystem_2,block blk_6,block blk_6,block blk_6,NameSystem_2,NameSystem_2,NameSystem_2,blk_4,blk_4,blk_4,blk_4,blk_4,blk_4,blk_4,blk_4,/_0,blk_4,blk_4,blk_4,blk_4,block blk file_7,block blk file_7,block blk file_7]","[allocate_4,receiving_28,receiving_28,receiving_28,add_3,add_3,add_3,none_22,writing_23,none_22,none_22,writing_23,writing_23,transfer_13,transfer_13,serving_0,verification_25,delete_24,delete_24,delete_24,deleting_34,deleting_34,deleting_34]","[none_4,none_40,none_40,none_40,updated_3,updated_3,updated_3,none_31,none_32,none_31,none_31,none_32,none_32,exception_21,exception_21,none_0,successful_35,invalid_34,invalid_34,invalid_34,none_46,none_46,none_46]"
8335,"['7', '1', '1', '1', '2', '2', '2', '3', '4', '3', '3', '4', '4', '9', '9', '8', '10', '10', '6', '6', '6', '5', '5', '5']","[NameSystem_2,block blk_6,block blk_6,block blk_6,NameSystem_2,NameSystem_2,NameSystem_2,blk_4,blk_4,blk_4,blk_4,blk_4,blk_4,blk_4,blk_4,/_0,blk_4,blk_4,blk_4,blk_4,blk_4,block blk file_7,block blk file_7,block blk file_7]","[allocate_4,receiving_28,receiving_28,receiving_28,add_3,add_3,add_3,none_22,writing_23,none_22,none_22,writing_23,writing_23,transfer_13,transfer_13,serving_0,verification_25,verification_25,delete_24,delete_24,delete_24,deleting_34,deleting_34,deleting_34]","[none_4,none_40,none_40,none_40,updated_3,updated_3,updated_3,none_31,none_32,none_31,none_31,none_32,none_32,exception_21,exception_21,none_0,successful_35,successful_35,invalid_34,invalid_34,invalid_34,none_46,none_46,none_46]"
8346,"['7', '1', '1', '1', '2', '2', '3', '4', '3', '4', '2', '3', '4', '9', '9', '8', '10', '10', '6', '6', '6', '5', '5', '5']","[NameSystem_2,block blk_6,block blk_6,block blk_6,NameSystem_2,NameSystem_2,blk_4,blk_4,blk_4,blk_4,NameSystem_2,blk_4,blk_4,blk_4,blk_4,/_0,blk_4,blk_4,blk_4,blk_4,blk_4,block blk file_7,block blk file_7,block blk file_7]","[allocate_4,receiving_28,receiving_28,receiving_28,add_3,add_3,none_22,writing_23,none_22,writing_23,add_3,none_22,writing_23,transfer_13,transfer_13,serving_0,verification_25,verification_25,delete_24,delete_24,delete_24,deleting_34,deleting_34,deleting_34]","[none_4,none_40,none_40,none_40,updated_3,updated_3,none_31,none_32,none_31,none_32,updated_3,none_31,none_32,exception_21,exception_21,none_0,successful_35,successful_35,invalid_34,invalid_34,invalid_34,none_46,none_46,none_46]"
8364,"['7', '1', '1', '1', '2', '2', '3', '4', '3', '4', '2', '3', '4', '9', '9', '8', '10', '10', '6', '6', '6', '5', '5', '5']","[NameSystem_2,block blk_6,block blk_6,block blk_6,NameSystem_2,NameSystem_2,blk_4,blk_4,blk_4,blk_4,NameSystem_2,blk_4,blk_4,blk_4,blk_4,/_0,blk_4,blk_4,blk_4,blk_4,blk_4,block blk file_7,block blk file_7,block blk file_7]","[allocate_4,receiving_28,receiving_28,receiving_28,add_3,add_3,none_22,writing_23,none_22,writing_23,add_3,none_22,writing_23,transfer_13,transfer_13,serving_0,verification_25,verification_25,delete_24,delete_24,delete_24,deleting_34,deleting_34,deleting_34]","[none_4,none_40,none_40,none_40,updated_3,updated_3,none_31,none_32,none_31,none_32,updated_3,none_31,none_32,exception_21,exception_21,none_0,successful_35,successful_35,invalid_34,invalid_34,invalid_34,none_46,none_46,none_46]"
8378,"['7', '1', '1', '1', '2', '2', '2', '3', '4', '3', '4', '3', '4', '9', '8', '9', '10', '10', '6', '6', '6', '5', '5', '5']","[NameSystem_2,block blk_6,block blk_6,block blk_6,NameSystem_2,NameSystem_2,NameSystem_2,blk_4,blk_4,blk_4,blk_4,blk_4,blk_4,blk_4,/_0,blk_4,blk_4,blk_4,blk_4,blk_4,blk_4,block blk file_7,block blk file_7,block blk file_7]","[allocate_4,receiving_28,receiving_28,receiving_28,add_3,add_3,add_3,none_22,writing_23,none_22,writing_23,none_22,writing_23,transfer_13,serving_0,transfer_13,verification_25,verification_25,delete_24,delete_24,delete_24,deleting_34,deleting_34,deleting_34]","[none_4,none_40,none_40,none_40,updated_3,updated_3,updated_3,none_31,none_32,none_31,none_32,none_31,none_32,exception_21,none_0,exception_21,successful_35,successful_35,invalid_34,invalid_34,invalid_34,none_46,none_46,none_46]"
8385,"['7', '1', '1', '1', '2', '2', '3', '4', '3', '4', '3', '4', '2', '9', '9', '8', '10', '10', '6', '6', '6', '5', '5', '5']","[NameSystem_2,block blk_6,block blk_6,block blk_6,NameSystem_2,NameSystem_2,blk_4,blk_4,blk_4,blk_4,blk_4,blk_4,NameSystem_2,blk_4,blk_4,/_0,blk_4,blk_4,blk_4,blk_4,blk_4,block blk file_7,block blk file_7,block blk file_7]","[allocate_4,receiving_28,receiving_28,receiving_28,add_3,add_3,none_22,writing_23,none_22,writing_23,none_22,writing_23,add_3,transfer_13,transfer_13,serving_0,verification_25,verification_25,delete_24,delete_24,delete_24,deleting_34,deleting_34,deleting_34]","[none_4,none_40,none_40,none_40,updated_3,updated_3,none_31,none_32,none_31,none_32,none_31,none_32,updated_3,exception_21,exception_21,none_0,successful_35,successful_35,invalid_34,invalid_34,invalid_34,none_46,none_46,none_46]"
8389,"['7', '1', '1', '1', '2', '2', '3', '4', '3', '4', '3', '4', '2', '9', '9', '8', '10', '10', '10', '6', '6', '6', '5', '5', '5']","[NameSystem_2,block blk_6,block blk_6,block blk_6,NameSystem_2,NameSystem_2,blk_4,blk_4,blk_4,blk_4,blk_4,blk_4,NameSystem_2,blk_4,blk_4,/_0,blk_4,blk_4,blk_4,blk_4,blk_4,blk_4,block blk file_7,block blk file_7,block blk file_7]","[allocate_4,receiving_28,receiving_28,receiving_28,add_3,add_3,none_22,writing_23,none_22,writing_23,none_22,writing_23,add_3,transfer_13,transfer_13,serving_0,verification_25,verification_25,verification_25,delete_24,delete_24,delete_24,deleting_34,deleting_34,deleting_34]","[none_4,none_40,none_40,none_40,updated_3,updated_3,none_31,none_32,none_31,none_32,none_31,none_32,updated_3,exception_21,exception_21,none_0,successful_35,successful_35,successful_35,invalid_34,invalid_34,invalid_34,none_46,none_46,none_46]"
8397,"['7', '1']","[NameSystem_2,block blk_6]","[allocate_4,receiving_28]","[none_4,none_40]"
8401,"['7', '1', '1', '1', '2', '2', '2', '3', '4', '3', '4', '3', '4', '9', '9', '8', '10', '6', '6', '6', '5', '5', '5']","[NameSystem_2,block blk_6,block blk_6,block blk_6,NameSystem_2,NameSystem_2,NameSystem_2,blk_4,blk_4,blk_4,blk_4,blk_4,blk_4,blk_4,blk_4,/_0,blk_4,blk_4,blk_4,blk_4,block blk file_7,block blk file_7,block blk file_7]","[allocate_4,receiving_28,receiving_28,receiving_28,add_3,add_3,add_3,none_22,writing_23,none_22,writing_23,none_22,writing_23,transfer_13,transfer_13,serving_0,verification_25,delete_24,delete_24,delete_24,deleting_34,deleting_34,deleting_34]","[none_4,none_40,none_40,none_40,updated_3,updated_3,updated_3,none_31,none_32,none_31,none_32,none_31,none_32,exception_21,exception_21,none_0,successful_35,invalid_34,invalid_34,invalid_34,none_46,none_46,none_46]"
8406,"['7', '1', '1', '1', '2', '3', '4', '3', '4', '2', '2', '3', '4', '9', '8', '9', '10', '10', '6', '6', '6', '5', '5', '5']","[NameSystem_2,block blk_6,block blk_6,block blk_6,NameSystem_2,blk_4,blk_4,blk_4,blk_4,NameSystem_2,NameSystem_2,blk_4,blk_4,blk_4,/_0,blk_4,blk_4,blk_4,blk_4,blk_4,blk_4,block blk file_7,block blk file_7,block blk file_7]","[allocate_4,receiving_28,receiving_28,receiving_28,add_3,none_22,writing_23,none_22,writing_23,add_3,add_3,none_22,writing_23,transfer_13,serving_0,transfer_13,verification_25,verification_25,delete_24,delete_24,delete_24,deleting_34,deleting_34,deleting_34]","[none_4,none_40,none_40,none_40,updated_3,none_31,none_32,none_31,none_32,updated_3,updated_3,none_31,none_32,exception_21,none_0,exception_21,successful_35,successful_35,invalid_34,invalid_34,invalid_34,none_46,none_46,none_46]"
8419,"['7', '1', '1', '1', '2', '3', '4', '3', '4', '3', '4', '2', '2', '9', '8', '9', '10', '10', '6', '6', '6', '5', '5', '5']","[NameSystem_2,block blk_6,block blk_6,block blk_6,NameSystem_2,blk_4,blk_4,blk_4,blk_4,blk_4,blk_4,NameSystem_2,NameSystem_2,blk_4,/_0,blk_4,blk_4,blk_4,blk_4,blk_4,blk_4,block blk file_7,block blk file_7,block blk file_7]","[allocate_4,receiving_28,receiving_28,receiving_28,add_3,none_22,writing_23,none_22,writing_23,none_22,writing_23,add_3,add_3,transfer_13,serving_0,transfer_13,verification_25,verification_25,delete_24,delete_24,delete_24,deleting_34,deleting_34,deleting_34]","[none_4,none_40,none_40,none_40,updated_3,none_31,none_32,none_31,none_32,none_31,none_32,updated_3,updated_3,exception_21,none_0,exception_21,successful_35,successful_35,invalid_34,invalid_34,invalid_34,none_46,none_46,none_46]"
8433,"['7', '1', '1', '1', '2', '2', '2', '3', '4', '3', '4', '3', '4', '9', '8', '9', '10', '10', '6', '6', '6', '5', '5', '5']","[NameSystem_2,block blk_6,block blk_6,block blk_6,NameSystem_2,NameSystem_2,NameSystem_2,blk_4,blk_4,blk_4,blk_4,blk_4,blk_4,blk_4,/_0,blk_4,blk_4,blk_4,blk_4,blk_4,blk_4,block blk file_7,block blk file_7,block blk file_7]","[allocate_4,receiving_28,receiving_28,receiving_28,add_3,add_3,add_3,none_22,writing_23,none_22,writing_23,none_22,writing_23,transfer_13,serving_0,transfer_13,verification_25,verification_25,delete_24,delete_24,delete_24,deleting_34,deleting_34,deleting_34]","[none_4,none_40,none_40,none_40,updated_3,updated_3,updated_3,none_31,none_32,none_31,none_32,none_31,none_32,exception_21,none_0,exception_21,successful_35,successful_35,invalid_34,invalid_34,invalid_34,none_46,none_46,none_46]"
8434,"['7', '1', '1', '1', '2', '2', '3', '4', '3', '4', '3', '4', '2', '9', '9', '8', '10', '10', '6', '6', '6', '5', '5', '5']","[NameSystem_2,block blk_6,block blk_6,block blk_6,NameSystem_2,NameSystem_2,blk_4,blk_4,blk_4,blk_4,blk_4,blk_4,NameSystem_2,blk_4,blk_4,/_0,blk_4,blk_4,blk_4,blk_4,blk_4,block blk file_7,block blk file_7,block blk file_7]","[allocate_4,receiving_28,receiving_28,receiving_28,add_3,add_3,none_22,writing_23,none_22,writing_23,none_22,writing_23,add_3,transfer_13,transfer_13,serving_0,verification_25,verification_25,delete_24,delete_24,delete_24,deleting_34,deleting_34,deleting_34]","[none_4,none_40,none_40,none_40,updated_3,updated_3,none_31,none_32,none_31,none_32,none_31,none_32,updated_3,exception_21,exception_21,none_0,successful_35,successful_35,invalid_34,invalid_34,invalid_34,none_46,none_46,none_46]"
8442,"['7', '1', '1', '1', '2', '2', '3', '4', '3', '4', '2', '3', '4', '9', '9', '8', '10', '6', '6', '6', '5', '5', '5']","[NameSystem_2,block blk_6,block blk_6,block blk_6,NameSystem_2,NameSystem_2,blk_4,blk_4,blk_4,blk_4,NameSystem_2,blk_4,blk_4,blk_4,blk_4,/_0,blk_4,blk_4,blk_4,blk_4,block blk file_7,block blk file_7,block blk file_7]","[allocate_4,receiving_28,receiving_28,receiving_28,add_3,add_3,none_22,writing_23,none_22,writing_23,add_3,none_22,writing_23,transfer_13,transfer_13,serving_0,verification_25,delete_24,delete_24,delete_24,deleting_34,deleting_34,deleting_34]","[none_4,none_40,none_40,none_40,updated_3,updated_3,none_31,none_32,none_31,none_32,updated_3,none_31,none_32,exception_21,exception_21,none_0,successful_35,invalid_34,invalid_34,invalid_34,none_46,none_46,none_46]"
8464,"['7', '1', '1', '1', '2', '2', '3', '4', '3', '4', '3', '4', '2', '9', '9', '8', '10', '10', '6', '6', '6', '5', '5', '5']","[NameSystem_2,block blk_6,block blk_6,block blk_6,NameSystem_2,NameSystem_2,blk_4,blk_4,blk_4,blk_4,blk_4,blk_4,NameSystem_2,blk_4,blk_4,/_0,blk_4,blk_4,blk_4,blk_4,blk_4,block blk file_7,block blk file_7,block blk file_7]","[allocate_4,receiving_28,receiving_28,receiving_28,add_3,add_3,none_22,writing_23,none_22,writing_23,none_22,writing_23,add_3,transfer_13,transfer_13,serving_0,verification_25,verification_25,delete_24,delete_24,delete_24,deleting_34,deleting_34,deleting_34]","[none_4,none_40,none_40,none_40,updated_3,updated_3,none_31,none_32,none_31,none_32,none_31,none_32,updated_3,exception_21,exception_21,none_0,successful_35,successful_35,invalid_34,invalid_34,invalid_34,none_46,none_46,none_46]"
8465,"['7', '1', '1', '1', '2', '2', '2', '3', '4', '3', '4', '3', '4', '9', '9', '8', '10', '10', '6', '6', '6', '5', '5', '5']","[NameSystem_2,block blk_6,block blk_6,block blk_6,NameSystem_2,NameSystem_2,NameSystem_2,blk_4,blk_4,blk_4,blk_4,blk_4,blk_4,blk_4,blk_4,/_0,blk_4,blk_4,blk_4,blk_4,blk_4,block blk file_7,block blk file_7,block blk file_7]","[allocate_4,receiving_28,receiving_28,receiving_28,add_3,add_3,add_3,none_22,writing_23,none_22,writing_23,none_22,writing_23,transfer_13,transfer_13,serving_0,verification_25,verification_25,delete_24,delete_24,delete_24,deleting_34,deleting_34,deleting_34]","[none_4,none_40,none_40,none_40,updated_3,updated_3,updated_3,none_31,none_32,none_31,none_32,none_31,none_32,exception_21,exception_21,none_0,successful_35,successful_35,invalid_34,invalid_34,invalid_34,none_46,none_46,none_46]"
8475,"['7', '1', '1', '1', '2', '2', '2', '3', '4', '3', '4', '3', '4', '9', '9', '8', '10', '10', '6', '6', '6', '5', '5', '5']","[NameSystem_2,block blk_6,block blk_6,block blk_6,NameSystem_2,NameSystem_2,NameSystem_2,blk_4,blk_4,blk_4,blk_4,blk_4,blk_4,blk_4,blk_4,/_0,blk_4,blk_4,blk_4,blk_4,blk_4,block blk file_7,block blk file_7,block blk file_7]","[allocate_4,receiving_28,receiving_28,receiving_28,add_3,add_3,add_3,none_22,writing_23,none_22,writing_23,none_22,writing_23,transfer_13,transfer_13,serving_0,verification_25,verification_25,delete_24,delete_24,delete_24,deleting_34,deleting_34,deleting_34]","[none_4,none_40,none_40,none_40,updated_3,updated_3,updated_3,none_31,none_32,none_31,none_32,none_31,none_32,exception_21,exception_21,none_0,successful_35,successful_35,invalid_34,invalid_34,invalid_34,none_46,none_46,none_46]"
8479,"['7', '1', '1', '1', '2', '2', '2', '3', '4', '3', '4', '3', '4', '10', '9', '9', '8', '10', '6', '6', '6', '5', '5', '5']","[NameSystem_2,block blk_6,block blk_6,block blk_6,NameSystem_2,NameSystem_2,NameSystem_2,blk_4,blk_4,blk_4,blk_4,blk_4,blk_4,blk_4,blk_4,blk_4,/_0,blk_4,blk_4,blk_4,blk_4,block blk file_7,block blk file_7,block blk file_7]","[allocate_4,receiving_28,receiving_28,receiving_28,add_3,add_3,add_3,none_22,writing_23,none_22,writing_23,none_22,writing_23,verification_25,transfer_13,transfer_13,serving_0,verification_25,delete_24,delete_24,delete_24,deleting_34,deleting_34,deleting_34]","[none_4,none_40,none_40,none_40,updated_3,updated_3,updated_3,none_31,none_32,none_31,none_32,none_31,none_32,successful_35,exception_21,exception_21,none_0,successful_35,invalid_34,invalid_34,invalid_34,none_46,none_46,none_46]"
8498,"['7', '1', '1', '1', '2', '2', '3', '4', '4', '2', '3', '3', '4', '9', '8', '9', '10', '10', '6', '6', '6', '5', '5', '5']","[NameSystem_2,block blk_6,block blk_6,block blk_6,NameSystem_2,NameSystem_2,blk_4,blk_4,blk_4,NameSystem_2,blk_4,blk_4,blk_4,blk_4,/_0,blk_4,blk_4,blk_4,blk_4,blk_4,blk_4,block blk file_7,block blk file_7,block blk file_7]","[allocate_4,receiving_28,receiving_28,receiving_28,add_3,add_3,none_22,writing_23,writing_23,add_3,none_22,none_22,writing_23,transfer_13,serving_0,transfer_13,verification_25,verification_25,delete_24,delete_24,delete_24,deleting_34,deleting_34,deleting_34]","[none_4,none_40,none_40,none_40,updated_3,updated_3,none_31,none_32,none_32,updated_3,none_31,none_31,none_32,exception_21,none_0,exception_21,successful_35,successful_35,invalid_34,invalid_34,invalid_34,none_46,none_46,none_46]"
8516,"['7', '1', '1', '1', '2', '3', '4', '2', '2', '3', '4', '3', '4', '9', '9', '8', '10', '10', '10', '6', '6', '6', '5', '5', '5']","[NameSystem_2,block blk_6,block blk_6,block blk_6,NameSystem_2,blk_4,blk_4,NameSystem_2,NameSystem_2,blk_4,blk_4,blk_4,blk_4,blk_4,blk_4,/_0,blk_4,blk_4,blk_4,blk_4,blk_4,blk_4,block blk file_7,block blk file_7,block blk file_7]","[allocate_4,receiving_28,receiving_28,receiving_28,add_3,none_22,writing_23,add_3,add_3,none_22,writing_23,none_22,writing_23,transfer_13,transfer_13,serving_0,verification_25,verification_25,verification_25,delete_24,delete_24,delete_24,deleting_34,deleting_34,deleting_34]","[none_4,none_40,none_40,none_40,updated_3,none_31,none_32,updated_3,updated_3,none_31,none_32,none_31,none_32,exception_21,exception_21,none_0,successful_35,successful_35,successful_35,invalid_34,invalid_34,invalid_34,none_46,none_46,none_46]"
8529,"['7', '1', '1', '1', '2', '2', '2', '3', '4', '3', '4', '3', '4', '9', '8', '9', '10', '10', '10', '6', '6', '6', '5', '5', '5']","[NameSystem_2,block blk_6,block blk_6,block blk_6,NameSystem_2,NameSystem_2,NameSystem_2,blk_4,blk_4,blk_4,blk_4,blk_4,blk_4,blk_4,/_0,blk_4,blk_4,blk_4,blk_4,blk_4,blk_4,blk_4,block blk file_7,block blk file_7,block blk file_7]","[allocate_4,receiving_28,receiving_28,receiving_28,add_3,add_3,add_3,none_22,writing_23,none_22,writing_23,none_22,writing_23,transfer_13,serving_0,transfer_13,verification_25,verification_25,verification_25,delete_24,delete_24,delete_24,deleting_34,deleting_34,deleting_34]","[none_4,none_40,none_40,none_40,updated_3,updated_3,updated_3,none_31,none_32,none_31,none_32,none_31,none_32,exception_21,none_0,exception_21,successful_35,successful_35,successful_35,invalid_34,invalid_34,invalid_34,none_46,none_46,none_46]"
8531,"['7', '1', '1', '1', '2', '2', '3', '4', '3', '4', '3', '4', '2', '9', '9', '8', '10', '10', '10', '6', '6', '6', '5', '5', '5']","[NameSystem_2,block blk_6,block blk_6,block blk_6,NameSystem_2,NameSystem_2,blk_4,blk_4,blk_4,blk_4,blk_4,blk_4,NameSystem_2,blk_4,blk_4,/_0,blk_4,blk_4,blk_4,blk_4,blk_4,blk_4,block blk file_7,block blk file_7,block blk file_7]","[allocate_4,receiving_28,receiving_28,receiving_28,add_3,add_3,none_22,writing_23,none_22,writing_23,none_22,writing_23,add_3,transfer_13,transfer_13,serving_0,verification_25,verification_25,verification_25,delete_24,delete_24,delete_24,deleting_34,deleting_34,deleting_34]","[none_4,none_40,none_40,none_40,updated_3,updated_3,none_31,none_32,none_31,none_32,none_31,none_32,updated_3,exception_21,exception_21,none_0,successful_35,successful_35,successful_35,invalid_34,invalid_34,invalid_34,none_46,none_46,none_46]"
8537,"['7', '1', '1', '1', '2', '2', '3', '4', '3', '4', '2', '3', '4', '9', '8', '9', '10', '10', '6', '6', '6', '5', '5', '5']","[NameSystem_2,block blk_6,block blk_6,block blk_6,NameSystem_2,NameSystem_2,blk_4,blk_4,blk_4,blk_4,NameSystem_2,blk_4,blk_4,blk_4,/_0,blk_4,blk_4,blk_4,blk_4,blk_4,blk_4,block blk file_7,block blk file_7,block blk file_7]","[allocate_4,receiving_28,receiving_28,receiving_28,add_3,add_3,none_22,writing_23,none_22,writing_23,add_3,none_22,writing_23,transfer_13,serving_0,transfer_13,verification_25,verification_25,delete_24,delete_24,delete_24,deleting_34,deleting_34,deleting_34]","[none_4,none_40,none_40,none_40,updated_3,updated_3,none_31,none_32,none_31,none_32,updated_3,none_31,none_32,exception_21,none_0,exception_21,successful_35,successful_35,invalid_34,invalid_34,invalid_34,none_46,none_46,none_46]"
8561,"['7', '1', '1', '1', '2', '3', '4', '3', '4', '2', '2', '3', '4', '9', '8', '9', '10', '10', '6', '6', '6', '5', '5', '5']","[NameSystem_2,block blk_6,block blk_6,block blk_6,NameSystem_2,blk_4,blk_4,blk_4,blk_4,NameSystem_2,NameSystem_2,blk_4,blk_4,blk_4,/_0,blk_4,blk_4,blk_4,blk_4,blk_4,blk_4,block blk file_7,block blk file_7,block blk file_7]","[allocate_4,receiving_28,receiving_28,receiving_28,add_3,none_22,writing_23,none_22,writing_23,add_3,add_3,none_22,writing_23,transfer_13,serving_0,transfer_13,verification_25,verification_25,delete_24,delete_24,delete_24,deleting_34,deleting_34,deleting_34]","[none_4,none_40,none_40,none_40,updated_3,none_31,none_32,none_31,none_32,updated_3,updated_3,none_31,none_32,exception_21,none_0,exception_21,successful_35,successful_35,invalid_34,invalid_34,invalid_34,none_46,none_46,none_46]"
8582,"['7', '1', '1', '1', '2', '4', '2', '3', '2', '3', '4', '3', '4', '10', '9', '8', '9', '6', '6', '6', '5', '5', '5']","[NameSystem_2,block blk_6,block blk_6,block blk_6,NameSystem_2,blk_4,NameSystem_2,blk_4,NameSystem_2,blk_4,blk_4,blk_4,blk_4,blk_4,blk_4,/_0,blk_4,blk_4,blk_4,blk_4,block blk file_7,block blk file_7,block blk file_7]","[allocate_4,receiving_28,receiving_28,receiving_28,add_3,writing_23,add_3,none_22,add_3,none_22,writing_23,none_22,writing_23,verification_25,transfer_13,serving_0,transfer_13,delete_24,delete_24,delete_24,deleting_34,deleting_34,deleting_34]","[none_4,none_40,none_40,none_40,updated_3,none_32,updated_3,none_31,updated_3,none_31,none_32,none_31,none_32,successful_35,exception_21,none_0,exception_21,invalid_34,invalid_34,invalid_34,none_46,none_46,none_46]"
8583,"['7', '1', '1', '1', '2', '2', '2', '3', '4', '3', '4', '3', '4', '9', '8', '9', '10', '10', '10', '6', '6', '6', '5', '5', '5']","[NameSystem_2,block blk_6,block blk_6,block blk_6,NameSystem_2,NameSystem_2,NameSystem_2,blk_4,blk_4,blk_4,blk_4,blk_4,blk_4,blk_4,/_0,blk_4,blk_4,blk_4,blk_4,blk_4,blk_4,blk_4,block blk file_7,block blk file_7,block blk file_7]","[allocate_4,receiving_28,receiving_28,receiving_28,add_3,add_3,add_3,none_22,writing_23,none_22,writing_23,none_22,writing_23,transfer_13,serving_0,transfer_13,verification_25,verification_25,verification_25,delete_24,delete_24,delete_24,deleting_34,deleting_34,deleting_34]","[none_4,none_40,none_40,none_40,updated_3,updated_3,updated_3,none_31,none_32,none_31,none_32,none_31,none_32,exception_21,none_0,exception_21,successful_35,successful_35,successful_35,invalid_34,invalid_34,invalid_34,none_46,none_46,none_46]"
8594,"['7', '1', '1', '1', '2', '3', '4', '3', '4', '3', '4', '2', '2', '9', '9', '8', '10', '6', '6', '6', '5', '5', '5']","[NameSystem_2,block blk_6,block blk_6,block blk_6,NameSystem_2,blk_4,blk_4,blk_4,blk_4,blk_4,blk_4,NameSystem_2,NameSystem_2,blk_4,blk_4,/_0,blk_4,blk_4,blk_4,blk_4,block blk file_7,block blk file_7,block blk file_7]","[allocate_4,receiving_28,receiving_28,receiving_28,add_3,none_22,writing_23,none_22,writing_23,none_22,writing_23,add_3,add_3,transfer_13,transfer_13,serving_0,verification_25,delete_24,delete_24,delete_24,deleting_34,deleting_34,deleting_34]","[none_4,none_40,none_40,none_40,updated_3,none_31,none_32,none_31,none_32,none_31,none_32,updated_3,updated_3,exception_21,exception_21,none_0,successful_35,invalid_34,invalid_34,invalid_34,none_46,none_46,none_46]"
8598,"['7', '1', '1', '1', '2', '2', '3', '4', '3', '4', '2', '3', '4', '9', '8', '9', '10', '6', '6', '6', '5', '5', '5']","[NameSystem_2,block blk_6,block blk_6,block blk_6,NameSystem_2,NameSystem_2,blk_4,blk_4,blk_4,blk_4,NameSystem_2,blk_4,blk_4,blk_4,/_0,blk_4,blk_4,blk_4,blk_4,blk_4,block blk file_7,block blk file_7,block blk file_7]","[allocate_4,receiving_28,receiving_28,receiving_28,add_3,add_3,none_22,writing_23,none_22,writing_23,add_3,none_22,writing_23,transfer_13,serving_0,transfer_13,verification_25,delete_24,delete_24,delete_24,deleting_34,deleting_34,deleting_34]","[none_4,none_40,none_40,none_40,updated_3,updated_3,none_31,none_32,none_31,none_32,updated_3,none_31,none_32,exception_21,none_0,exception_21,successful_35,invalid_34,invalid_34,invalid_34,none_46,none_46,none_46]"
8622,"['7', '1', '1', '1', '2', '2', '2', '3', '4', '3', '4', '3', '4', '9', '9', '8', '10', '10', '6', '6', '6', '5', '5', '5']","[NameSystem_2,block blk_6,block blk_6,block blk_6,NameSystem_2,NameSystem_2,NameSystem_2,blk_4,blk_4,blk_4,blk_4,blk_4,blk_4,blk_4,blk_4,/_0,blk_4,blk_4,blk_4,blk_4,blk_4,block blk file_7,block blk file_7,block blk file_7]","[allocate_4,receiving_28,receiving_28,receiving_28,add_3,add_3,add_3,none_22,writing_23,none_22,writing_23,none_22,writing_23,transfer_13,transfer_13,serving_0,verification_25,verification_25,delete_24,delete_24,delete_24,deleting_34,deleting_34,deleting_34]","[none_4,none_40,none_40,none_40,updated_3,updated_3,updated_3,none_31,none_32,none_31,none_32,none_31,none_32,exception_21,exception_21,none_0,successful_35,successful_35,invalid_34,invalid_34,invalid_34,none_46,none_46,none_46]"
8649,"['7', '1', '1', '1', '2', '3', '4', '2', '3', '4', '3', '4', '2', '9', '9', '8', '10', '10', '10', '6', '6', '6', '5', '5', '5']","[NameSystem_2,block blk_6,block blk_6,block blk_6,NameSystem_2,blk_4,blk_4,NameSystem_2,blk_4,blk_4,blk_4,blk_4,NameSystem_2,blk_4,blk_4,/_0,blk_4,blk_4,blk_4,blk_4,blk_4,blk_4,block blk file_7,block blk file_7,block blk file_7]","[allocate_4,receiving_28,receiving_28,receiving_28,add_3,none_22,writing_23,add_3,none_22,writing_23,none_22,writing_23,add_3,transfer_13,transfer_13,serving_0,verification_25,verification_25,verification_25,delete_24,delete_24,delete_24,deleting_34,deleting_34,deleting_34]","[none_4,none_40,none_40,none_40,updated_3,none_31,none_32,updated_3,none_31,none_32,none_31,none_32,updated_3,exception_21,exception_21,none_0,successful_35,successful_35,successful_35,invalid_34,invalid_34,invalid_34,none_46,none_46,none_46]"
8656,"['7', '1', '1', '1', '2', '2', '3', '4', '3', '4', '3', '4', '2', '9', '8', '9', '10', '6', '6', '6', '5', '5', '5']","[NameSystem_2,block blk_6,block blk_6,block blk_6,NameSystem_2,NameSystem_2,blk_4,blk_4,blk_4,blk_4,blk_4,blk_4,NameSystem_2,blk_4,/_0,blk_4,blk_4,blk_4,blk_4,blk_4,block blk file_7,block blk file_7,block blk file_7]","[allocate_4,receiving_28,receiving_28,receiving_28,add_3,add_3,none_22,writing_23,none_22,writing_23,none_22,writing_23,add_3,transfer_13,serving_0,transfer_13,verification_25,delete_24,delete_24,delete_24,deleting_34,deleting_34,deleting_34]","[none_4,none_40,none_40,none_40,updated_3,updated_3,none_31,none_32,none_31,none_32,none_31,none_32,updated_3,exception_21,none_0,exception_21,successful_35,invalid_34,invalid_34,invalid_34,none_46,none_46,none_46]"
8668,"['7', '1', '1', '1', '2', '2', '2', '3', '4', '3', '4', '3', '4', '9', '9', '8', '10', '6', '6', '6', '5', '5', '5']","[NameSystem_2,block blk_6,block blk_6,block blk_6,NameSystem_2,NameSystem_2,NameSystem_2,blk_4,blk_4,blk_4,blk_4,blk_4,blk_4,blk_4,blk_4,/_0,blk_4,blk_4,blk_4,blk_4,block blk file_7,block blk file_7,block blk file_7]","[allocate_4,receiving_28,receiving_28,receiving_28,add_3,add_3,add_3,none_22,writing_23,none_22,writing_23,none_22,writing_23,transfer_13,transfer_13,serving_0,verification_25,delete_24,delete_24,delete_24,deleting_34,deleting_34,deleting_34]","[none_4,none_40,none_40,none_40,updated_3,updated_3,updated_3,none_31,none_32,none_31,none_32,none_31,none_32,exception_21,exception_21,none_0,successful_35,invalid_34,invalid_34,invalid_34,none_46,none_46,none_46]"
8669,"['7', '1', '1', '1', '2', '4', '2', '2', '3', '3', '4', '3', '4', '9', '9', '8', '10', '6', '6', '6', '5', '5', '5']","[NameSystem_2,block blk_6,block blk_6,block blk_6,NameSystem_2,blk_4,NameSystem_2,NameSystem_2,blk_4,blk_4,blk_4,blk_4,blk_4,blk_4,blk_4,/_0,blk_4,blk_4,blk_4,blk_4,block blk file_7,block blk file_7,block blk file_7]","[allocate_4,receiving_28,receiving_28,receiving_28,add_3,writing_23,add_3,add_3,none_22,none_22,writing_23,none_22,writing_23,transfer_13,transfer_13,serving_0,verification_25,delete_24,delete_24,delete_24,deleting_34,deleting_34,deleting_34]","[none_4,none_40,none_40,none_40,updated_3,none_32,updated_3,updated_3,none_31,none_31,none_32,none_31,none_32,exception_21,exception_21,none_0,successful_35,invalid_34,invalid_34,invalid_34,none_46,none_46,none_46]"
8671,"['7', '1', '1', '1', '2', '2', '2', '3', '4', '3', '4', '3', '4', '9', '9', '8', '10', '10', '6', '6', '6', '5', '5', '5']","[NameSystem_2,block blk_6,block blk_6,block blk_6,NameSystem_2,NameSystem_2,NameSystem_2,blk_4,blk_4,blk_4,blk_4,blk_4,blk_4,blk_4,blk_4,/_0,blk_4,blk_4,blk_4,blk_4,blk_4,block blk file_7,block blk file_7,block blk file_7]","[allocate_4,receiving_28,receiving_28,receiving_28,add_3,add_3,add_3,none_22,writing_23,none_22,writing_23,none_22,writing_23,transfer_13,transfer_13,serving_0,verification_25,verification_25,delete_24,delete_24,delete_24,deleting_34,deleting_34,deleting_34]","[none_4,none_40,none_40,none_40,updated_3,updated_3,updated_3,none_31,none_32,none_31,none_32,none_31,none_32,exception_21,exception_21,none_0,successful_35,successful_35,invalid_34,invalid_34,invalid_34,none_46,none_46,none_46]"
8682,"['7', '1', '1', '1', '2', '2', '3', '4', '3', '4', '4', '2', '3', '9', '9', '8', '10', '6', '6', '6', '5', '5', '5']","[NameSystem_2,block blk_6,block blk_6,block blk_6,NameSystem_2,NameSystem_2,blk_4,blk_4,blk_4,blk_4,blk_4,NameSystem_2,blk_4,blk_4,blk_4,/_0,blk_4,blk_4,blk_4,blk_4,block blk file_7,block blk file_7,block blk file_7]","[allocate_4,receiving_28,receiving_28,receiving_28,add_3,add_3,none_22,writing_23,none_22,writing_23,writing_23,add_3,none_22,transfer_13,transfer_13,serving_0,verification_25,delete_24,delete_24,delete_24,deleting_34,deleting_34,deleting_34]","[none_4,none_40,none_40,none_40,updated_3,updated_3,none_31,none_32,none_31,none_32,none_32,updated_3,none_31,exception_21,exception_21,none_0,successful_35,invalid_34,invalid_34,invalid_34,none_46,none_46,none_46]"
8686,"['7', '1', '1', '1', '2', '2', '3', '4', '3', '4', '3', '4', '2', '9', '8', '9', '10', '6', '6', '6', '5', '5', '5']","[NameSystem_2,block blk_6,block blk_6,block blk_6,NameSystem_2,NameSystem_2,blk_4,blk_4,blk_4,blk_4,blk_4,blk_4,NameSystem_2,blk_4,/_0,blk_4,blk_4,blk_4,blk_4,blk_4,block blk file_7,block blk file_7,block blk file_7]","[allocate_4,receiving_28,receiving_28,receiving_28,add_3,add_3,none_22,writing_23,none_22,writing_23,none_22,writing_23,add_3,transfer_13,serving_0,transfer_13,verification_25,delete_24,delete_24,delete_24,deleting_34,deleting_34,deleting_34]","[none_4,none_40,none_40,none_40,updated_3,updated_3,none_31,none_32,none_31,none_32,none_31,none_32,updated_3,exception_21,none_0,exception_21,successful_35,invalid_34,invalid_34,invalid_34,none_46,none_46,none_46]"
8722,"['7', '1', '1', '1', '2', '2', '2', '3', '4', '3', '4', '3', '4', '9', '9', '8', '10', '10', '6', '6', '6', '5', '5', '5']","[NameSystem_2,block blk_6,block blk_6,block blk_6,NameSystem_2,NameSystem_2,NameSystem_2,blk_4,blk_4,blk_4,blk_4,blk_4,blk_4,blk_4,blk_4,/_0,blk_4,blk_4,blk_4,blk_4,blk_4,block blk file_7,block blk file_7,block blk file_7]","[allocate_4,receiving_28,receiving_28,receiving_28,add_3,add_3,add_3,none_22,writing_23,none_22,writing_23,none_22,writing_23,transfer_13,transfer_13,serving_0,verification_25,verification_25,delete_24,delete_24,delete_24,deleting_34,deleting_34,deleting_34]","[none_4,none_40,none_40,none_40,updated_3,updated_3,updated_3,none_31,none_32,none_31,none_32,none_31,none_32,exception_21,exception_21,none_0,successful_35,successful_35,invalid_34,invalid_34,invalid_34,none_46,none_46,none_46]"
8733,"['7', '1', '1', '1', '2', '3', '4', '3', '4', '2', '2', '3', '4', '9', '9', '8', '10', '10', '10', '6', '6', '6', '5', '5', '5']","[NameSystem_2,block blk_6,block blk_6,block blk_6,NameSystem_2,blk_4,blk_4,blk_4,blk_4,NameSystem_2,NameSystem_2,blk_4,blk_4,blk_4,blk_4,/_0,blk_4,blk_4,blk_4,blk_4,blk_4,blk_4,block blk file_7,block blk file_7,block blk file_7]","[allocate_4,receiving_28,receiving_28,receiving_28,add_3,none_22,writing_23,none_22,writing_23,add_3,add_3,none_22,writing_23,transfer_13,transfer_13,serving_0,verification_25,verification_25,verification_25,delete_24,delete_24,delete_24,deleting_34,deleting_34,deleting_34]","[none_4,none_40,none_40,none_40,updated_3,none_31,none_32,none_31,none_32,updated_3,updated_3,none_31,none_32,exception_21,exception_21,none_0,successful_35,successful_35,successful_35,invalid_34,invalid_34,invalid_34,none_46,none_46,none_46]"
8737,"['7', '1', '1', '1', '2', '2', '3', '4', '3', '4', '3', '4', '2', '9', '9', '8', '10', '6', '6', '6', '5', '5', '5']","[NameSystem_2,block blk_6,block blk_6,block blk_6,NameSystem_2,NameSystem_2,blk_4,blk_4,blk_4,blk_4,blk_4,blk_4,NameSystem_2,blk_4,blk_4,/_0,blk_4,blk_4,blk_4,blk_4,block blk file_7,block blk file_7,block blk file_7]","[allocate_4,receiving_28,receiving_28,receiving_28,add_3,add_3,none_22,writing_23,none_22,writing_23,none_22,writing_23,add_3,transfer_13,transfer_13,serving_0,verification_25,delete_24,delete_24,delete_24,deleting_34,deleting_34,deleting_34]","[none_4,none_40,none_40,none_40,updated_3,updated_3,none_31,none_32,none_31,none_32,none_31,none_32,updated_3,exception_21,exception_21,none_0,successful_35,invalid_34,invalid_34,invalid_34,none_46,none_46,none_46]"
8740,"['7', '1', '1', '1', '2', '3', '4', '2', '2', '3', '4', '3', '4', '10', '9', '8', '9', '10', '6', '6', '6', '5', '5', '5']","[NameSystem_2,block blk_6,block blk_6,block blk_6,NameSystem_2,blk_4,blk_4,NameSystem_2,NameSystem_2,blk_4,blk_4,blk_4,blk_4,blk_4,blk_4,/_0,blk_4,blk_4,blk_4,blk_4,blk_4,block blk file_7,block blk file_7,block blk file_7]","[allocate_4,receiving_28,receiving_28,receiving_28,add_3,none_22,writing_23,add_3,add_3,none_22,writing_23,none_22,writing_23,verification_25,transfer_13,serving_0,transfer_13,verification_25,delete_24,delete_24,delete_24,deleting_34,deleting_34,deleting_34]","[none_4,none_40,none_40,none_40,updated_3,none_31,none_32,updated_3,updated_3,none_31,none_32,none_31,none_32,successful_35,exception_21,none_0,exception_21,successful_35,invalid_34,invalid_34,invalid_34,none_46,none_46,none_46]"
8759,"['7', '1', '1', '1', '2', '2', '2', '3', '4', '3', '3', '4', '4', '9', '8', '9', '10', '10', '6', '6', '6', '5', '5', '5']","[NameSystem_2,block blk_6,block blk_6,block blk_6,NameSystem_2,NameSystem_2,NameSystem_2,blk_4,blk_4,blk_4,blk_4,blk_4,blk_4,blk_4,/_0,blk_4,blk_4,blk_4,blk_4,blk_4,blk_4,block blk file_7,block blk file_7,block blk file_7]","[allocate_4,receiving_28,receiving_28,receiving_28,add_3,add_3,add_3,none_22,writing_23,none_22,none_22,writing_23,writing_23,transfer_13,serving_0,transfer_13,verification_25,verification_25,delete_24,delete_24,delete_24,deleting_34,deleting_34,deleting_34]","[none_4,none_40,none_40,none_40,updated_3,updated_3,updated_3,none_31,none_32,none_31,none_31,none_32,none_32,exception_21,none_0,exception_21,successful_35,successful_35,invalid_34,invalid_34,invalid_34,none_46,none_46,none_46]"
8782,"['7', '1', '1', '1', '2', '2', '2', '3', '4', '3', '4', '3', '4', '9', '8', '9', '10', '10', '10', '6', '6', '6', '5', '5', '5']","[NameSystem_2,block blk_6,block blk_6,block blk_6,NameSystem_2,NameSystem_2,NameSystem_2,blk_4,blk_4,blk_4,blk_4,blk_4,blk_4,blk_4,/_0,blk_4,blk_4,blk_4,blk_4,blk_4,blk_4,blk_4,block blk file_7,block blk file_7,block blk file_7]","[allocate_4,receiving_28,receiving_28,receiving_28,add_3,add_3,add_3,none_22,writing_23,none_22,writing_23,none_22,writing_23,transfer_13,serving_0,transfer_13,verification_25,verification_25,verification_25,delete_24,delete_24,delete_24,deleting_34,deleting_34,deleting_34]","[none_4,none_40,none_40,none_40,updated_3,updated_3,updated_3,none_31,none_32,none_31,none_32,none_31,none_32,exception_21,none_0,exception_21,successful_35,successful_35,successful_35,invalid_34,invalid_34,invalid_34,none_46,none_46,none_46]"
8793,"['7', '1', '1', '1', '2', '2', '2', '3', '4', '3', '4', '3', '4', '9', '8', '9', '10', '10', '6', '6', '6', '5', '5', '5']","[NameSystem_2,block blk_6,block blk_6,block blk_6,NameSystem_2,NameSystem_2,NameSystem_2,blk_4,blk_4,blk_4,blk_4,blk_4,blk_4,blk_4,/_0,blk_4,blk_4,blk_4,blk_4,blk_4,blk_4,block blk file_7,block blk file_7,block blk file_7]","[allocate_4,receiving_28,receiving_28,receiving_28,add_3,add_3,add_3,none_22,writing_23,none_22,writing_23,none_22,writing_23,transfer_13,serving_0,transfer_13,verification_25,verification_25,delete_24,delete_24,delete_24,deleting_34,deleting_34,deleting_34]","[none_4,none_40,none_40,none_40,updated_3,updated_3,updated_3,none_31,none_32,none_31,none_32,none_31,none_32,exception_21,none_0,exception_21,successful_35,successful_35,invalid_34,invalid_34,invalid_34,none_46,none_46,none_46]"
8809,"['7', '1', '1', '1', '2', '3', '4', '3', '4', '3', '4', '2', '2', '9', '8', '9', '10', '10', '10', '6', '6', '6', '5', '5', '5']","[NameSystem_2,block blk_6,block blk_6,block blk_6,NameSystem_2,blk_4,blk_4,blk_4,blk_4,blk_4,blk_4,NameSystem_2,NameSystem_2,blk_4,/_0,blk_4,blk_4,blk_4,blk_4,blk_4,blk_4,blk_4,block blk file_7,block blk file_7,block blk file_7]","[allocate_4,receiving_28,receiving_28,receiving_28,add_3,none_22,writing_23,none_22,writing_23,none_22,writing_23,add_3,add_3,transfer_13,serving_0,transfer_13,verification_25,verification_25,verification_25,delete_24,delete_24,delete_24,deleting_34,deleting_34,deleting_34]","[none_4,none_40,none_40,none_40,updated_3,none_31,none_32,none_31,none_32,none_31,none_32,updated_3,updated_3,exception_21,none_0,exception_21,successful_35,successful_35,successful_35,invalid_34,invalid_34,invalid_34,none_46,none_46,none_46]"
8812,"['7', '1', '1', '1', '2', '2', '3', '4', '3', '4', '3', '4', '2', '9', '9', '8', '10', '10', '6', '6', '6', '5', '5', '5']","[NameSystem_2,block blk_6,block blk_6,block blk_6,NameSystem_2,NameSystem_2,blk_4,blk_4,blk_4,blk_4,blk_4,blk_4,NameSystem_2,blk_4,blk_4,/_0,blk_4,blk_4,blk_4,blk_4,blk_4,block blk file_7,block blk file_7,block blk file_7]","[allocate_4,receiving_28,receiving_28,receiving_28,add_3,add_3,none_22,writing_23,none_22,writing_23,none_22,writing_23,add_3,transfer_13,transfer_13,serving_0,verification_25,verification_25,delete_24,delete_24,delete_24,deleting_34,deleting_34,deleting_34]","[none_4,none_40,none_40,none_40,updated_3,updated_3,none_31,none_32,none_31,none_32,none_31,none_32,updated_3,exception_21,exception_21,none_0,successful_35,successful_35,invalid_34,invalid_34,invalid_34,none_46,none_46,none_46]"
8830,"['7', '1', '1', '1', '2', '3', '4', '2', '2', '3', '4', '3', '4', '9', '8', '9', '10', '6', '6', '6', '5', '5', '5']","[NameSystem_2,block blk_6,block blk_6,block blk_6,NameSystem_2,blk_4,blk_4,NameSystem_2,NameSystem_2,blk_4,blk_4,blk_4,blk_4,blk_4,/_0,blk_4,blk_4,blk_4,blk_4,blk_4,block blk file_7,block blk file_7,block blk file_7]","[allocate_4,receiving_28,receiving_28,receiving_28,add_3,none_22,writing_23,add_3,add_3,none_22,writing_23,none_22,writing_23,transfer_13,serving_0,transfer_13,verification_25,delete_24,delete_24,delete_24,deleting_34,deleting_34,deleting_34]","[none_4,none_40,none_40,none_40,updated_3,none_31,none_32,updated_3,updated_3,none_31,none_32,none_31,none_32,exception_21,none_0,exception_21,successful_35,invalid_34,invalid_34,invalid_34,none_46,none_46,none_46]"
8834,"['7', '1', '1', '1', '2', '2', '2', '3', '4', '3', '4', '3', '4', '9', '9', '8', '10', '10', '10', '6', '6', '6', '5', '5', '5']","[NameSystem_2,block blk_6,block blk_6,block blk_6,NameSystem_2,NameSystem_2,NameSystem_2,blk_4,blk_4,blk_4,blk_4,blk_4,blk_4,blk_4,blk_4,/_0,blk_4,blk_4,blk_4,blk_4,blk_4,blk_4,block blk file_7,block blk file_7,block blk file_7]","[allocate_4,receiving_28,receiving_28,receiving_28,add_3,add_3,add_3,none_22,writing_23,none_22,writing_23,none_22,writing_23,transfer_13,transfer_13,serving_0,verification_25,verification_25,verification_25,delete_24,delete_24,delete_24,deleting_34,deleting_34,deleting_34]","[none_4,none_40,none_40,none_40,updated_3,updated_3,updated_3,none_31,none_32,none_31,none_32,none_31,none_32,exception_21,exception_21,none_0,successful_35,successful_35,successful_35,invalid_34,invalid_34,invalid_34,none_46,none_46,none_46]"
8845,"['7', '1', '1', '1', '2', '2', '2', '3', '4', '3', '4', '3', '4', '9', '9', '8', '10', '10', '6', '6', '6', '5', '5', '5']","[NameSystem_2,block blk_6,block blk_6,block blk_6,NameSystem_2,NameSystem_2,NameSystem_2,blk_4,blk_4,blk_4,blk_4,blk_4,blk_4,blk_4,blk_4,/_0,blk_4,blk_4,blk_4,blk_4,blk_4,block blk file_7,block blk file_7,block blk file_7]","[allocate_4,receiving_28,receiving_28,receiving_28,add_3,add_3,add_3,none_22,writing_23,none_22,writing_23,none_22,writing_23,transfer_13,transfer_13,serving_0,verification_25,verification_25,delete_24,delete_24,delete_24,deleting_34,deleting_34,deleting_34]","[none_4,none_40,none_40,none_40,updated_3,updated_3,updated_3,none_31,none_32,none_31,none_32,none_31,none_32,exception_21,exception_21,none_0,successful_35,successful_35,invalid_34,invalid_34,invalid_34,none_46,none_46,none_46]"
8846,"['7', '1', '1', '1', '2', '2', '2', '3', '4', '3', '4', '3', '4', '9', '8', '9', '10', '6', '6', '6', '5', '5', '5']","[NameSystem_2,block blk_6,block blk_6,block blk_6,NameSystem_2,NameSystem_2,NameSystem_2,blk_4,blk_4,blk_4,blk_4,blk_4,blk_4,blk_4,/_0,blk_4,blk_4,blk_4,blk_4,blk_4,block blk file_7,block blk file_7,block blk file_7]","[allocate_4,receiving_28,receiving_28,receiving_28,add_3,add_3,add_3,none_22,writing_23,none_22,writing_23,none_22,writing_23,transfer_13,serving_0,transfer_13,verification_25,delete_24,delete_24,delete_24,deleting_34,deleting_34,deleting_34]","[none_4,none_40,none_40,none_40,updated_3,updated_3,updated_3,none_31,none_32,none_31,none_32,none_31,none_32,exception_21,none_0,exception_21,successful_35,invalid_34,invalid_34,invalid_34,none_46,none_46,none_46]"
8853,"['7', '1', '1', '1', '2', '3', '4', '3', '4', '2', '2', '3', '4', '9', '9', '9', '9', '9', '9', '9', '9', '9', '9', '9', '9', '9', '9', '9', '8', '10', '6', '6', '6', '5', '5', '5']","[NameSystem_2,block blk_6,block blk_6,block blk_6,NameSystem_2,blk_4,blk_4,blk_4,blk_4,NameSystem_2,NameSystem_2,blk_4,blk_4,blk_4,blk_4,blk_4,blk_4,blk_4,blk_4,blk_4,blk_4,blk_4,blk_4,blk_4,blk_4,blk_4,blk_4,blk_4,/_0,blk_4,blk_4,blk_4,blk_4,block blk file_7,block blk file_7,block blk file_7]","[allocate_4,receiving_28,receiving_28,receiving_28,add_3,none_22,writing_23,none_22,writing_23,add_3,add_3,none_22,writing_23,transfer_13,transfer_13,transfer_13,transfer_13,transfer_13,transfer_13,transfer_13,transfer_13,transfer_13,transfer_13,transfer_13,transfer_13,transfer_13,transfer_13,transfer_13,serving_0,verification_25,delete_24,delete_24,delete_24,deleting_34,deleting_34,deleting_34]","[none_4,none_40,none_40,none_40,updated_3,none_31,none_32,none_31,none_32,updated_3,updated_3,none_31,none_32,exception_21,exception_21,exception_21,exception_21,exception_21,exception_21,exception_21,exception_21,exception_21,exception_21,exception_21,exception_21,exception_21,exception_21,exception_21,none_0,successful_35,invalid_34,invalid_34,invalid_34,none_46,none_46,none_46]"
8865,"['7', '1', '1', '1', '2', '2', '2', '3', '4', '3', '4', '3', '4', '9', '8', '9', '10', '10', '6', '6', '6', '5', '5', '5']","[NameSystem_2,block blk_6,block blk_6,block blk_6,NameSystem_2,NameSystem_2,NameSystem_2,blk_4,blk_4,blk_4,blk_4,blk_4,blk_4,blk_4,/_0,blk_4,blk_4,blk_4,blk_4,blk_4,blk_4,block blk file_7,block blk file_7,block blk file_7]","[allocate_4,receiving_28,receiving_28,receiving_28,add_3,add_3,add_3,none_22,writing_23,none_22,writing_23,none_22,writing_23,transfer_13,serving_0,transfer_13,verification_25,verification_25,delete_24,delete_24,delete_24,deleting_34,deleting_34,deleting_34]","[none_4,none_40,none_40,none_40,updated_3,updated_3,updated_3,none_31,none_32,none_31,none_32,none_31,none_32,exception_21,none_0,exception_21,successful_35,successful_35,invalid_34,invalid_34,invalid_34,none_46,none_46,none_46]"
8878,"['7', '1', '1', '1', '2', '2', '2', '3', '4', '3', '4', '3', '4', '10', '9', '8', '9', '10', '6', '6', '6', '5', '5', '5']","[NameSystem_2,block blk_6,block blk_6,block blk_6,NameSystem_2,NameSystem_2,NameSystem_2,blk_4,blk_4,blk_4,blk_4,blk_4,blk_4,blk_4,blk_4,/_0,blk_4,blk_4,blk_4,blk_4,blk_4,block blk file_7,block blk file_7,block blk file_7]","[allocate_4,receiving_28,receiving_28,receiving_28,add_3,add_3,add_3,none_22,writing_23,none_22,writing_23,none_22,writing_23,verification_25,transfer_13,serving_0,transfer_13,verification_25,delete_24,delete_24,delete_24,deleting_34,deleting_34,deleting_34]","[none_4,none_40,none_40,none_40,updated_3,updated_3,updated_3,none_31,none_32,none_31,none_32,none_31,none_32,successful_35,exception_21,none_0,exception_21,successful_35,invalid_34,invalid_34,invalid_34,none_46,none_46,none_46]"
8883,"['7', '1', '1', '1', '2', '2', '2', '3', '4', '3', '4', '3', '4', '9', '8', '9', '10', '10', '6', '6', '6', '5', '5', '5']","[NameSystem_2,block blk_6,block blk_6,block blk_6,NameSystem_2,NameSystem_2,NameSystem_2,blk_4,blk_4,blk_4,blk_4,blk_4,blk_4,blk_4,/_0,blk_4,blk_4,blk_4,blk_4,blk_4,blk_4,block blk file_7,block blk file_7,block blk file_7]","[allocate_4,receiving_28,receiving_28,receiving_28,add_3,add_3,add_3,none_22,writing_23,none_22,writing_23,none_22,writing_23,transfer_13,serving_0,transfer_13,verification_25,verification_25,delete_24,delete_24,delete_24,deleting_34,deleting_34,deleting_34]","[none_4,none_40,none_40,none_40,updated_3,updated_3,updated_3,none_31,none_32,none_31,none_32,none_31,none_32,exception_21,none_0,exception_21,successful_35,successful_35,invalid_34,invalid_34,invalid_34,none_46,none_46,none_46]"
8887,"['7', '1', '1', '1', '2', '2', '2', '3', '4', '3', '4', '3', '4', '9', '8', '9', '10', '10', '10', '6', '6', '6', '5', '5', '5']","[NameSystem_2,block blk_6,block blk_6,block blk_6,NameSystem_2,NameSystem_2,NameSystem_2,blk_4,blk_4,blk_4,blk_4,blk_4,blk_4,blk_4,/_0,blk_4,blk_4,blk_4,blk_4,blk_4,blk_4,blk_4,block blk file_7,block blk file_7,block blk file_7]","[allocate_4,receiving_28,receiving_28,receiving_28,add_3,add_3,add_3,none_22,writing_23,none_22,writing_23,none_22,writing_23,transfer_13,serving_0,transfer_13,verification_25,verification_25,verification_25,delete_24,delete_24,delete_24,deleting_34,deleting_34,deleting_34]","[none_4,none_40,none_40,none_40,updated_3,updated_3,updated_3,none_31,none_32,none_31,none_32,none_31,none_32,exception_21,none_0,exception_21,successful_35,successful_35,successful_35,invalid_34,invalid_34,invalid_34,none_46,none_46,none_46]"
8901,"['7', '1', '1', '1', '2', '2', '2', '3', '4', '3', '4', '3', '4', '9', '8', '9', '10', '10', '10', '6', '6', '6', '5', '5', '5']","[NameSystem_2,block blk_6,block blk_6,block blk_6,NameSystem_2,NameSystem_2,NameSystem_2,blk_4,blk_4,blk_4,blk_4,blk_4,blk_4,blk_4,/_0,blk_4,blk_4,blk_4,blk_4,blk_4,blk_4,blk_4,block blk file_7,block blk file_7,block blk file_7]","[allocate_4,receiving_28,receiving_28,receiving_28,add_3,add_3,add_3,none_22,writing_23,none_22,writing_23,none_22,writing_23,transfer_13,serving_0,transfer_13,verification_25,verification_25,verification_25,delete_24,delete_24,delete_24,deleting_34,deleting_34,deleting_34]","[none_4,none_40,none_40,none_40,updated_3,updated_3,updated_3,none_31,none_32,none_31,none_32,none_31,none_32,exception_21,none_0,exception_21,successful_35,successful_35,successful_35,invalid_34,invalid_34,invalid_34,none_46,none_46,none_46]"
8918,"['7', '1', '1', '1', '2', '2', '2', '3', '4', '3', '4', '3', '4', '9', '9', '8', '10', '6', '6', '6', '5', '5', '5']","[NameSystem_2,block blk_6,block blk_6,block blk_6,NameSystem_2,NameSystem_2,NameSystem_2,blk_4,blk_4,blk_4,blk_4,blk_4,blk_4,blk_4,blk_4,/_0,blk_4,blk_4,blk_4,blk_4,block blk file_7,block blk file_7,block blk file_7]","[allocate_4,receiving_28,receiving_28,receiving_28,add_3,add_3,add_3,none_22,writing_23,none_22,writing_23,none_22,writing_23,transfer_13,transfer_13,serving_0,verification_25,delete_24,delete_24,delete_24,deleting_34,deleting_34,deleting_34]","[none_4,none_40,none_40,none_40,updated_3,updated_3,updated_3,none_31,none_32,none_31,none_32,none_31,none_32,exception_21,exception_21,none_0,successful_35,invalid_34,invalid_34,invalid_34,none_46,none_46,none_46]"
8926,"['7', '1', '1', '1', '2', '2', '3', '4', '3', '4', '3', '4', '2', '9', '8', '9', '10', '10', '6', '6', '6', '5', '5', '5']","[NameSystem_2,block blk_6,block blk_6,block blk_6,NameSystem_2,NameSystem_2,blk_4,blk_4,blk_4,blk_4,blk_4,blk_4,NameSystem_2,blk_4,/_0,blk_4,blk_4,blk_4,blk_4,blk_4,blk_4,block blk file_7,block blk file_7,block blk file_7]","[allocate_4,receiving_28,receiving_28,receiving_28,add_3,add_3,none_22,writing_23,none_22,writing_23,none_22,writing_23,add_3,transfer_13,serving_0,transfer_13,verification_25,verification_25,delete_24,delete_24,delete_24,deleting_34,deleting_34,deleting_34]","[none_4,none_40,none_40,none_40,updated_3,updated_3,none_31,none_32,none_31,none_32,none_31,none_32,updated_3,exception_21,none_0,exception_21,successful_35,successful_35,invalid_34,invalid_34,invalid_34,none_46,none_46,none_46]"
8943,"['7', '1', '1', '1', '2', '2', '3', '4', '3', '4', '2', '3', '4', '9', '9', '8', '10', '6', '6', '6', '5', '5', '5']","[NameSystem_2,block blk_6,block blk_6,block blk_6,NameSystem_2,NameSystem_2,blk_4,blk_4,blk_4,blk_4,NameSystem_2,blk_4,blk_4,blk_4,blk_4,/_0,blk_4,blk_4,blk_4,blk_4,block blk file_7,block blk file_7,block blk file_7]","[allocate_4,receiving_28,receiving_28,receiving_28,add_3,add_3,none_22,writing_23,none_22,writing_23,add_3,none_22,writing_23,transfer_13,transfer_13,serving_0,verification_25,delete_24,delete_24,delete_24,deleting_34,deleting_34,deleting_34]","[none_4,none_40,none_40,none_40,updated_3,updated_3,none_31,none_32,none_31,none_32,updated_3,none_31,none_32,exception_21,exception_21,none_0,successful_35,invalid_34,invalid_34,invalid_34,none_46,none_46,none_46]"
8944,"['7', '1', '1', '1', '2', '2', '3', '4', '3', '4', '3', '4', '2', '10', '9', '8', '9', '10', '6', '6', '6', '5', '5', '15', '5']","[NameSystem_2,block blk_6,block blk_6,block blk_6,NameSystem_2,NameSystem_2,blk_4,blk_4,blk_4,blk_4,blk_4,blk_4,NameSystem_2,blk_4,blk_4,/_0,blk_4,blk_4,blk_4,blk_4,blk_4,block blk file_7,block blk file_7,block blk_6,block blk file_7]","[allocate_4,receiving_28,receiving_28,receiving_28,add_3,add_3,none_22,writing_23,none_22,writing_23,none_22,writing_23,add_3,verification_25,transfer_13,serving_0,transfer_13,verification_25,delete_24,delete_24,delete_24,deleting_34,deleting_34,deleting_30,deleting_34]","[none_4,none_40,none_40,none_40,updated_3,updated_3,none_31,none_32,none_31,none_32,none_31,none_32,updated_3,successful_35,exception_21,none_0,exception_21,successful_35,invalid_34,invalid_34,invalid_34,none_46,none_46,error_42,none_46]"
8948,"['7', '1', '1', '1', '2', '2', '2', '3', '3', '4', '4', '3', '4', '9', '9', '8', '10', '6', '6', '6', '5', '5', '5']","[NameSystem_2,block blk_6,block blk_6,block blk_6,NameSystem_2,NameSystem_2,NameSystem_2,blk_4,blk_4,blk_4,blk_4,blk_4,blk_4,blk_4,blk_4,/_0,blk_4,blk_4,blk_4,blk_4,block blk file_7,block blk file_7,block blk file_7]","[allocate_4,receiving_28,receiving_28,receiving_28,add_3,add_3,add_3,none_22,none_22,writing_23,writing_23,none_22,writing_23,transfer_13,transfer_13,serving_0,verification_25,delete_24,delete_24,delete_24,deleting_34,deleting_34,deleting_34]","[none_4,none_40,none_40,none_40,updated_3,updated_3,updated_3,none_31,none_31,none_32,none_32,none_31,none_32,exception_21,exception_21,none_0,successful_35,invalid_34,invalid_34,invalid_34,none_46,none_46,none_46]"
8951,"['7', '1', '1', '1', '2', '2', '2', '3', '4', '3', '4', '3', '4', '10', '8', '10', '6', '6', '6', '5', '5', '5']","[NameSystem_2,block blk_6,block blk_6,block blk_6,NameSystem_2,NameSystem_2,NameSystem_2,blk_4,blk_4,blk_4,blk_4,blk_4,blk_4,blk_4,/_0,blk_4,blk_4,blk_4,blk_4,block blk file_7,block blk file_7,block blk file_7]","[allocate_4,receiving_28,receiving_28,receiving_28,add_3,add_3,add_3,none_22,writing_23,none_22,writing_23,none_22,writing_23,verification_25,serving_0,verification_25,delete_24,delete_24,delete_24,deleting_34,deleting_34,deleting_34]","[none_4,none_40,none_40,none_40,updated_3,updated_3,updated_3,none_31,none_32,none_31,none_32,none_31,none_32,successful_35,none_0,successful_35,invalid_34,invalid_34,invalid_34,none_46,none_46,none_46]"
8953,"['7', '1', '1', '1', '2', '2', '3', '4', '3', '4', '3', '4', '2', '9', '9', '8', '10', '10', '6', '6', '6', '5', '5', '5']","[NameSystem_2,block blk_6,block blk_6,block blk_6,NameSystem_2,NameSystem_2,blk_4,blk_4,blk_4,blk_4,blk_4,blk_4,NameSystem_2,blk_4,blk_4,/_0,blk_4,blk_4,blk_4,blk_4,blk_4,block blk file_7,block blk file_7,block blk file_7]","[allocate_4,receiving_28,receiving_28,receiving_28,add_3,add_3,none_22,writing_23,none_22,writing_23,none_22,writing_23,add_3,transfer_13,transfer_13,serving_0,verification_25,verification_25,delete_24,delete_24,delete_24,deleting_34,deleting_34,deleting_34]","[none_4,none_40,none_40,none_40,updated_3,updated_3,none_31,none_32,none_31,none_32,none_31,none_32,updated_3,exception_21,exception_21,none_0,successful_35,successful_35,invalid_34,invalid_34,invalid_34,none_46,none_46,none_46]"
8974,"['7', '1', '1', '1', '2', '4', '3', '4', '2', '2', '3', '3', '4', '9', '8', '9', '10', '10', '10', '6', '6', '6', '5', '5', '5']","[NameSystem_2,block blk_6,block blk_6,block blk_6,NameSystem_2,blk_4,blk_4,blk_4,NameSystem_2,NameSystem_2,blk_4,blk_4,blk_4,blk_4,/_0,blk_4,blk_4,blk_4,blk_4,blk_4,blk_4,blk_4,block blk file_7,block blk file_7,block blk file_7]","[allocate_4,receiving_28,receiving_28,receiving_28,add_3,writing_23,none_22,writing_23,add_3,add_3,none_22,none_22,writing_23,transfer_13,serving_0,transfer_13,verification_25,verification_25,verification_25,delete_24,delete_24,delete_24,deleting_34,deleting_34,deleting_34]","[none_4,none_40,none_40,none_40,updated_3,none_32,none_31,none_32,updated_3,updated_3,none_31,none_31,none_32,exception_21,none_0,exception_21,successful_35,successful_35,successful_35,invalid_34,invalid_34,invalid_34,none_46,none_46,none_46]"
8982,"['7', '1', '1', '1', '2', '3', '4', '3', '4', '2', '2', '3', '4', '9', '8', '9', '6', '6', '6', '5', '5', '5']","[NameSystem_2,block blk_6,block blk_6,block blk_6,NameSystem_2,blk_4,blk_4,blk_4,blk_4,NameSystem_2,NameSystem_2,blk_4,blk_4,blk_4,/_0,blk_4,blk_4,blk_4,blk_4,block blk file_7,block blk file_7,block blk file_7]","[allocate_4,receiving_28,receiving_28,receiving_28,add_3,none_22,writing_23,none_22,writing_23,add_3,add_3,none_22,writing_23,transfer_13,serving_0,transfer_13,delete_24,delete_24,delete_24,deleting_34,deleting_34,deleting_34]","[none_4,none_40,none_40,none_40,updated_3,none_31,none_32,none_31,none_32,updated_3,updated_3,none_31,none_32,exception_21,none_0,exception_21,invalid_34,invalid_34,invalid_34,none_46,none_46,none_46]"
8987,"['7', '1', '1', '1', '2', '2', '2', '3', '4', '3', '4', '3', '4', '10', '9', '9', '8', '10', '10', '6', '6', '6', '5', '5', '5']","[NameSystem_2,block blk_6,block blk_6,block blk_6,NameSystem_2,NameSystem_2,NameSystem_2,blk_4,blk_4,blk_4,blk_4,blk_4,blk_4,blk_4,blk_4,blk_4,/_0,blk_4,blk_4,blk_4,blk_4,blk_4,block blk file_7,block blk file_7,block blk file_7]","[allocate_4,receiving_28,receiving_28,receiving_28,add_3,add_3,add_3,none_22,writing_23,none_22,writing_23,none_22,writing_23,verification_25,transfer_13,transfer_13,serving_0,verification_25,verification_25,delete_24,delete_24,delete_24,deleting_34,deleting_34,deleting_34]","[none_4,none_40,none_40,none_40,updated_3,updated_3,updated_3,none_31,none_32,none_31,none_32,none_31,none_32,successful_35,exception_21,exception_21,none_0,successful_35,successful_35,invalid_34,invalid_34,invalid_34,none_46,none_46,none_46]"
9012,"['7', '1', '1', '1', '2', '2', '4', '3', '4', '2', '3', '4', '3', '9', '8', '9', '10', '6', '6', '6', '5', '5', '5']","[NameSystem_2,block blk_6,block blk_6,block blk_6,NameSystem_2,NameSystem_2,blk_4,blk_4,blk_4,NameSystem_2,blk_4,blk_4,blk_4,blk_4,/_0,blk_4,blk_4,blk_4,blk_4,blk_4,block blk file_7,block blk file_7,block blk file_7]","[allocate_4,receiving_28,receiving_28,receiving_28,add_3,add_3,writing_23,none_22,writing_23,add_3,none_22,writing_23,none_22,transfer_13,serving_0,transfer_13,verification_25,delete_24,delete_24,delete_24,deleting_34,deleting_34,deleting_34]","[none_4,none_40,none_40,none_40,updated_3,updated_3,none_32,none_31,none_32,updated_3,none_31,none_32,none_31,exception_21,none_0,exception_21,successful_35,invalid_34,invalid_34,invalid_34,none_46,none_46,none_46]"
9027,"['7', '1', '1', '1', '2', '2', '3', '4', '3', '3', '4', '4', '2', '9', '8', '9', '10', '10', '6', '6', '6', '5', '5', '5']","[NameSystem_2,block blk_6,block blk_6,block blk_6,NameSystem_2,NameSystem_2,blk_4,blk_4,blk_4,blk_4,blk_4,blk_4,NameSystem_2,blk_4,/_0,blk_4,blk_4,blk_4,blk_4,blk_4,blk_4,block blk file_7,block blk file_7,block blk file_7]","[allocate_4,receiving_28,receiving_28,receiving_28,add_3,add_3,none_22,writing_23,none_22,none_22,writing_23,writing_23,add_3,transfer_13,serving_0,transfer_13,verification_25,verification_25,delete_24,delete_24,delete_24,deleting_34,deleting_34,deleting_34]","[none_4,none_40,none_40,none_40,updated_3,updated_3,none_31,none_32,none_31,none_31,none_32,none_32,updated_3,exception_21,none_0,exception_21,successful_35,successful_35,invalid_34,invalid_34,invalid_34,none_46,none_46,none_46]"
9047,"['7', '1', '1', '1', '2', '2', '2', '3', '4', '3', '4', '3', '4', '9', '8', '9', '10', '6', '6', '6', '5', '5', '5']","[NameSystem_2,block blk_6,block blk_6,block blk_6,NameSystem_2,NameSystem_2,NameSystem_2,blk_4,blk_4,blk_4,blk_4,blk_4,blk_4,blk_4,/_0,blk_4,blk_4,blk_4,blk_4,blk_4,block blk file_7,block blk file_7,block blk file_7]","[allocate_4,receiving_28,receiving_28,receiving_28,add_3,add_3,add_3,none_22,writing_23,none_22,writing_23,none_22,writing_23,transfer_13,serving_0,transfer_13,verification_25,delete_24,delete_24,delete_24,deleting_34,deleting_34,deleting_34]","[none_4,none_40,none_40,none_40,updated_3,updated_3,updated_3,none_31,none_32,none_31,none_32,none_31,none_32,exception_21,none_0,exception_21,successful_35,invalid_34,invalid_34,invalid_34,none_46,none_46,none_46]"
9049,"['7', '1', '1', '1', '2', '2', '3', '4', '4', '2', '3', '4', '3', '9', '8', '9', '10', '10', '10', '6', '6', '6', '5', '5', '5']","[NameSystem_2,block blk_6,block blk_6,block blk_6,NameSystem_2,NameSystem_2,blk_4,blk_4,blk_4,NameSystem_2,blk_4,blk_4,blk_4,blk_4,/_0,blk_4,blk_4,blk_4,blk_4,blk_4,blk_4,blk_4,block blk file_7,block blk file_7,block blk file_7]","[allocate_4,receiving_28,receiving_28,receiving_28,add_3,add_3,none_22,writing_23,writing_23,add_3,none_22,writing_23,none_22,transfer_13,serving_0,transfer_13,verification_25,verification_25,verification_25,delete_24,delete_24,delete_24,deleting_34,deleting_34,deleting_34]","[none_4,none_40,none_40,none_40,updated_3,updated_3,none_31,none_32,none_32,updated_3,none_31,none_32,none_31,exception_21,none_0,exception_21,successful_35,successful_35,successful_35,invalid_34,invalid_34,invalid_34,none_46,none_46,none_46]"
9074,"['7', '1', '1', '1', '2', '2', '3', '4', '3', '4', '3', '4', '2', '9', '8', '9', '10', '10', '10', '6', '6', '6', '5', '5', '5']","[NameSystem_2,block blk_6,block blk_6,block blk_6,NameSystem_2,NameSystem_2,blk_4,blk_4,blk_4,blk_4,blk_4,blk_4,NameSystem_2,blk_4,/_0,blk_4,blk_4,blk_4,blk_4,blk_4,blk_4,blk_4,block blk file_7,block blk file_7,block blk file_7]","[allocate_4,receiving_28,receiving_28,receiving_28,add_3,add_3,none_22,writing_23,none_22,writing_23,none_22,writing_23,add_3,transfer_13,serving_0,transfer_13,verification_25,verification_25,verification_25,delete_24,delete_24,delete_24,deleting_34,deleting_34,deleting_34]","[none_4,none_40,none_40,none_40,updated_3,updated_3,none_31,none_32,none_31,none_32,none_31,none_32,updated_3,exception_21,none_0,exception_21,successful_35,successful_35,successful_35,invalid_34,invalid_34,invalid_34,none_46,none_46,none_46]"
9082,"['7', '1', '1', '1', '2', '2', '2', '3', '4', '3', '4', '3', '4', '9', '9', '8', '10', '10', '6', '6', '6', '5', '5', '5']","[NameSystem_2,block blk_6,block blk_6,block blk_6,NameSystem_2,NameSystem_2,NameSystem_2,blk_4,blk_4,blk_4,blk_4,blk_4,blk_4,blk_4,blk_4,/_0,blk_4,blk_4,blk_4,blk_4,blk_4,block blk file_7,block blk file_7,block blk file_7]","[allocate_4,receiving_28,receiving_28,receiving_28,add_3,add_3,add_3,none_22,writing_23,none_22,writing_23,none_22,writing_23,transfer_13,transfer_13,serving_0,verification_25,verification_25,delete_24,delete_24,delete_24,deleting_34,deleting_34,deleting_34]","[none_4,none_40,none_40,none_40,updated_3,updated_3,updated_3,none_31,none_32,none_31,none_32,none_31,none_32,exception_21,exception_21,none_0,successful_35,successful_35,invalid_34,invalid_34,invalid_34,none_46,none_46,none_46]"
9091,"['7', '1', '1', '1', '2', '2', '3', '4', '3', '4', '3', '4', '2', '9', '9', '8', '10', '6', '6', '6', '5', '5', '5']","[NameSystem_2,block blk_6,block blk_6,block blk_6,NameSystem_2,NameSystem_2,blk_4,blk_4,blk_4,blk_4,blk_4,blk_4,NameSystem_2,blk_4,blk_4,/_0,blk_4,blk_4,blk_4,blk_4,block blk file_7,block blk file_7,block blk file_7]","[allocate_4,receiving_28,receiving_28,receiving_28,add_3,add_3,none_22,writing_23,none_22,writing_23,none_22,writing_23,add_3,transfer_13,transfer_13,serving_0,verification_25,delete_24,delete_24,delete_24,deleting_34,deleting_34,deleting_34]","[none_4,none_40,none_40,none_40,updated_3,updated_3,none_31,none_32,none_31,none_32,none_31,none_32,updated_3,exception_21,exception_21,none_0,successful_35,invalid_34,invalid_34,invalid_34,none_46,none_46,none_46]"
9105,"['7', '1', '1', '1', '2', '2', '2', '3', '4', '3', '4', '3', '4', '9', '9', '8', '10', '10', '10', '6', '6', '6', '5', '5', '5']","[NameSystem_2,block blk_6,block blk_6,block blk_6,NameSystem_2,NameSystem_2,NameSystem_2,blk_4,blk_4,blk_4,blk_4,blk_4,blk_4,blk_4,blk_4,/_0,blk_4,blk_4,blk_4,blk_4,blk_4,blk_4,block blk file_7,block blk file_7,block blk file_7]","[allocate_4,receiving_28,receiving_28,receiving_28,add_3,add_3,add_3,none_22,writing_23,none_22,writing_23,none_22,writing_23,transfer_13,transfer_13,serving_0,verification_25,verification_25,verification_25,delete_24,delete_24,delete_24,deleting_34,deleting_34,deleting_34]","[none_4,none_40,none_40,none_40,updated_3,updated_3,updated_3,none_31,none_32,none_31,none_32,none_31,none_32,exception_21,exception_21,none_0,successful_35,successful_35,successful_35,invalid_34,invalid_34,invalid_34,none_46,none_46,none_46]"
9132,"['7', '1', '1', '1', '2', '3', '4', '3', '4', '2', '2', '3', '4', '9', '9', '8', '10', '10', '6', '6', '6', '5', '5', '5']","[NameSystem_2,block blk_6,block blk_6,block blk_6,NameSystem_2,blk_4,blk_4,blk_4,blk_4,NameSystem_2,NameSystem_2,blk_4,blk_4,blk_4,blk_4,/_0,blk_4,blk_4,blk_4,blk_4,blk_4,block blk file_7,block blk file_7,block blk file_7]","[allocate_4,receiving_28,receiving_28,receiving_28,add_3,none_22,writing_23,none_22,writing_23,add_3,add_3,none_22,writing_23,transfer_13,transfer_13,serving_0,verification_25,verification_25,delete_24,delete_24,delete_24,deleting_34,deleting_34,deleting_34]","[none_4,none_40,none_40,none_40,updated_3,none_31,none_32,none_31,none_32,updated_3,updated_3,none_31,none_32,exception_21,exception_21,none_0,successful_35,successful_35,invalid_34,invalid_34,invalid_34,none_46,none_46,none_46]"
9135,"['7', '1', '1', '1', '2', '3', '4', '3', '4', '2', '3', '4', '2', '9', '8', '9', '10', '6', '6', '6', '5', '5', '5']","[NameSystem_2,block blk_6,block blk_6,block blk_6,NameSystem_2,blk_4,blk_4,blk_4,blk_4,NameSystem_2,blk_4,blk_4,NameSystem_2,blk_4,/_0,blk_4,blk_4,blk_4,blk_4,blk_4,block blk file_7,block blk file_7,block blk file_7]","[allocate_4,receiving_28,receiving_28,receiving_28,add_3,none_22,writing_23,none_22,writing_23,add_3,none_22,writing_23,add_3,transfer_13,serving_0,transfer_13,verification_25,delete_24,delete_24,delete_24,deleting_34,deleting_34,deleting_34]","[none_4,none_40,none_40,none_40,updated_3,none_31,none_32,none_31,none_32,updated_3,none_31,none_32,updated_3,exception_21,none_0,exception_21,successful_35,invalid_34,invalid_34,invalid_34,none_46,none_46,none_46]"
9148,"['7', '1', '1', '1', '2', '3', '4', '2', '2', '3', '4', '3', '4', '9', '9', '8', '10', '10', '6', '6', '6', '5', '5', '5']","[NameSystem_2,block blk_6,block blk_6,block blk_6,NameSystem_2,blk_4,blk_4,NameSystem_2,NameSystem_2,blk_4,blk_4,blk_4,blk_4,blk_4,blk_4,/_0,blk_4,blk_4,blk_4,blk_4,blk_4,block blk file_7,block blk file_7,block blk file_7]","[allocate_4,receiving_28,receiving_28,receiving_28,add_3,none_22,writing_23,add_3,add_3,none_22,writing_23,none_22,writing_23,transfer_13,transfer_13,serving_0,verification_25,verification_25,delete_24,delete_24,delete_24,deleting_34,deleting_34,deleting_34]","[none_4,none_40,none_40,none_40,updated_3,none_31,none_32,updated_3,updated_3,none_31,none_32,none_31,none_32,exception_21,exception_21,none_0,successful_35,successful_35,invalid_34,invalid_34,invalid_34,none_46,none_46,none_46]"
9149,"['7', '1', '1', '1', '2', '4', '2', '2', '3', '4', '3', '3', '4', '9', '8', '9', '10', '10', '6', '6', '6', '5', '5', '5']","[NameSystem_2,block blk_6,block blk_6,block blk_6,NameSystem_2,blk_4,NameSystem_2,NameSystem_2,blk_4,blk_4,blk_4,blk_4,blk_4,blk_4,/_0,blk_4,blk_4,blk_4,blk_4,blk_4,blk_4,block blk file_7,block blk file_7,block blk file_7]","[allocate_4,receiving_28,receiving_28,receiving_28,add_3,writing_23,add_3,add_3,none_22,writing_23,none_22,none_22,writing_23,transfer_13,serving_0,transfer_13,verification_25,verification_25,delete_24,delete_24,delete_24,deleting_34,deleting_34,deleting_34]","[none_4,none_40,none_40,none_40,updated_3,none_32,updated_3,updated_3,none_31,none_32,none_31,none_31,none_32,exception_21,none_0,exception_21,successful_35,successful_35,invalid_34,invalid_34,invalid_34,none_46,none_46,none_46]"
9154,"['7', '1', '1', '1', '2', '2', '2', '3', '4', '3', '4', '3', '4', '9', '8', '9', '10', '6', '6', '6', '5', '5', '5']","[NameSystem_2,block blk_6,block blk_6,block blk_6,NameSystem_2,NameSystem_2,NameSystem_2,blk_4,blk_4,blk_4,blk_4,blk_4,blk_4,blk_4,/_0,blk_4,blk_4,blk_4,blk_4,blk_4,block blk file_7,block blk file_7,block blk file_7]","[allocate_4,receiving_28,receiving_28,receiving_28,add_3,add_3,add_3,none_22,writing_23,none_22,writing_23,none_22,writing_23,transfer_13,serving_0,transfer_13,verification_25,delete_24,delete_24,delete_24,deleting_34,deleting_34,deleting_34]","[none_4,none_40,none_40,none_40,updated_3,updated_3,updated_3,none_31,none_32,none_31,none_32,none_31,none_32,exception_21,none_0,exception_21,successful_35,invalid_34,invalid_34,invalid_34,none_46,none_46,none_46]"
9163,"['7', '1', '1', '1', '2', '2', '2', '3', '4', '3', '4', '3', '4', '9', '9', '8', '6', '6', '6', '5', '5', '5']","[NameSystem_2,block blk_6,block blk_6,block blk_6,NameSystem_2,NameSystem_2,NameSystem_2,blk_4,blk_4,blk_4,blk_4,blk_4,blk_4,blk_4,blk_4,/_0,blk_4,blk_4,blk_4,block blk file_7,block blk file_7,block blk file_7]","[allocate_4,receiving_28,receiving_28,receiving_28,add_3,add_3,add_3,none_22,writing_23,none_22,writing_23,none_22,writing_23,transfer_13,transfer_13,serving_0,delete_24,delete_24,delete_24,deleting_34,deleting_34,deleting_34]","[none_4,none_40,none_40,none_40,updated_3,updated_3,updated_3,none_31,none_32,none_31,none_32,none_31,none_32,exception_21,exception_21,none_0,invalid_34,invalid_34,invalid_34,none_46,none_46,none_46]"
9169,"['7', '1', '1', '1', '2', '2', '2', '3', '4', '3', '4', '3', '4', '9', '9', '8', '10', '10', '6', '6', '6', '5', '5', '5']","[NameSystem_2,block blk_6,block blk_6,block blk_6,NameSystem_2,NameSystem_2,NameSystem_2,blk_4,blk_4,blk_4,blk_4,blk_4,blk_4,blk_4,blk_4,/_0,blk_4,blk_4,blk_4,blk_4,blk_4,block blk file_7,block blk file_7,block blk file_7]","[allocate_4,receiving_28,receiving_28,receiving_28,add_3,add_3,add_3,none_22,writing_23,none_22,writing_23,none_22,writing_23,transfer_13,transfer_13,serving_0,verification_25,verification_25,delete_24,delete_24,delete_24,deleting_34,deleting_34,deleting_34]","[none_4,none_40,none_40,none_40,updated_3,updated_3,updated_3,none_31,none_32,none_31,none_32,none_31,none_32,exception_21,exception_21,none_0,successful_35,successful_35,invalid_34,invalid_34,invalid_34,none_46,none_46,none_46]"
9174,"['7', '1', '1', '1', '2', '2', '3', '4', '3', '4', '3', '4', '2', '9', '8', '9', '10', '6', '6', '6', '5', '5', '5']","[NameSystem_2,block blk_6,block blk_6,block blk_6,NameSystem_2,NameSystem_2,blk_4,blk_4,blk_4,blk_4,blk_4,blk_4,NameSystem_2,blk_4,/_0,blk_4,blk_4,blk_4,blk_4,blk_4,block blk file_7,block blk file_7,block blk file_7]","[allocate_4,receiving_28,receiving_28,receiving_28,add_3,add_3,none_22,writing_23,none_22,writing_23,none_22,writing_23,add_3,transfer_13,serving_0,transfer_13,verification_25,delete_24,delete_24,delete_24,deleting_34,deleting_34,deleting_34]","[none_4,none_40,none_40,none_40,updated_3,updated_3,none_31,none_32,none_31,none_32,none_31,none_32,updated_3,exception_21,none_0,exception_21,successful_35,invalid_34,invalid_34,invalid_34,none_46,none_46,none_46]"
9180,"['7', '1', '1', '1', '2', '2', '2', '3', '4', '3', '4', '3', '4', '9', '9', '8', '10', '10', '6', '6', '6', '5', '5', '5']","[NameSystem_2,block blk_6,block blk_6,block blk_6,NameSystem_2,NameSystem_2,NameSystem_2,blk_4,blk_4,blk_4,blk_4,blk_4,blk_4,blk_4,blk_4,/_0,blk_4,blk_4,blk_4,blk_4,blk_4,block blk file_7,block blk file_7,block blk file_7]","[allocate_4,receiving_28,receiving_28,receiving_28,add_3,add_3,add_3,none_22,writing_23,none_22,writing_23,none_22,writing_23,transfer_13,transfer_13,serving_0,verification_25,verification_25,delete_24,delete_24,delete_24,deleting_34,deleting_34,deleting_34]","[none_4,none_40,none_40,none_40,updated_3,updated_3,updated_3,none_31,none_32,none_31,none_32,none_31,none_32,exception_21,exception_21,none_0,successful_35,successful_35,invalid_34,invalid_34,invalid_34,none_46,none_46,none_46]"
9196,"['7', '1', '1', '1', '2', '2', '3', '3', '4', '4', '3', '4', '2', '9', '9', '8', '10', '10', '6', '6', '6', '5', '5', '5']","[NameSystem_2,block blk_6,block blk_6,block blk_6,NameSystem_2,NameSystem_2,blk_4,blk_4,blk_4,blk_4,blk_4,blk_4,NameSystem_2,blk_4,blk_4,/_0,blk_4,blk_4,blk_4,blk_4,blk_4,block blk file_7,block blk file_7,block blk file_7]","[allocate_4,receiving_28,receiving_28,receiving_28,add_3,add_3,none_22,none_22,writing_23,writing_23,none_22,writing_23,add_3,transfer_13,transfer_13,serving_0,verification_25,verification_25,delete_24,delete_24,delete_24,deleting_34,deleting_34,deleting_34]","[none_4,none_40,none_40,none_40,updated_3,updated_3,none_31,none_31,none_32,none_32,none_31,none_32,updated_3,exception_21,exception_21,none_0,successful_35,successful_35,invalid_34,invalid_34,invalid_34,none_46,none_46,none_46]"
9197,"['7', '1', '1', '1', '2', '2', '3', '4', '3', '4', '2', '3', '4', '9', '8', '9', '10', '10', '6', '6', '6', '5', '5', '5']","[NameSystem_2,block blk_6,block blk_6,block blk_6,NameSystem_2,NameSystem_2,blk_4,blk_4,blk_4,blk_4,NameSystem_2,blk_4,blk_4,blk_4,/_0,blk_4,blk_4,blk_4,blk_4,blk_4,blk_4,block blk file_7,block blk file_7,block blk file_7]","[allocate_4,receiving_28,receiving_28,receiving_28,add_3,add_3,none_22,writing_23,none_22,writing_23,add_3,none_22,writing_23,transfer_13,serving_0,transfer_13,verification_25,verification_25,delete_24,delete_24,delete_24,deleting_34,deleting_34,deleting_34]","[none_4,none_40,none_40,none_40,updated_3,updated_3,none_31,none_32,none_31,none_32,updated_3,none_31,none_32,exception_21,none_0,exception_21,successful_35,successful_35,invalid_34,invalid_34,invalid_34,none_46,none_46,none_46]"
9221,"['7', '1', '1', '1', '2', '3', '4', '4', '2', '2', '3', '4', '3', '9', '8', '9', '10', '6', '6', '6', '5', '5', '5']","[NameSystem_2,block blk_6,block blk_6,block blk_6,NameSystem_2,blk_4,blk_4,blk_4,NameSystem_2,NameSystem_2,blk_4,blk_4,blk_4,blk_4,/_0,blk_4,blk_4,blk_4,blk_4,blk_4,block blk file_7,block blk file_7,block blk file_7]","[allocate_4,receiving_28,receiving_28,receiving_28,add_3,none_22,writing_23,writing_23,add_3,add_3,none_22,writing_23,none_22,transfer_13,serving_0,transfer_13,verification_25,delete_24,delete_24,delete_24,deleting_34,deleting_34,deleting_34]","[none_4,none_40,none_40,none_40,updated_3,none_31,none_32,none_32,updated_3,updated_3,none_31,none_32,none_31,exception_21,none_0,exception_21,successful_35,invalid_34,invalid_34,invalid_34,none_46,none_46,none_46]"
9223,"['7', '1', '1', '1', '2', '2', '2', '3', '4', '3', '4', '3', '4', '9', '9', '8', '10', '6', '6', '6', '5', '5', '5']","[NameSystem_2,block blk_6,block blk_6,block blk_6,NameSystem_2,NameSystem_2,NameSystem_2,blk_4,blk_4,blk_4,blk_4,blk_4,blk_4,blk_4,blk_4,/_0,blk_4,blk_4,blk_4,blk_4,block blk file_7,block blk file_7,block blk file_7]","[allocate_4,receiving_28,receiving_28,receiving_28,add_3,add_3,add_3,none_22,writing_23,none_22,writing_23,none_22,writing_23,transfer_13,transfer_13,serving_0,verification_25,delete_24,delete_24,delete_24,deleting_34,deleting_34,deleting_34]","[none_4,none_40,none_40,none_40,updated_3,updated_3,updated_3,none_31,none_32,none_31,none_32,none_31,none_32,exception_21,exception_21,none_0,successful_35,invalid_34,invalid_34,invalid_34,none_46,none_46,none_46]"
9241,"['7', '1', '1', '1', '3', '4', '2', '2', '3', '4', '3', '4', '2', '9', '8', '9', '10', '10', '10', '6', '6', '6', '5', '5', '5']","[NameSystem_2,block blk_6,block blk_6,block blk_6,blk_4,blk_4,NameSystem_2,NameSystem_2,blk_4,blk_4,blk_4,blk_4,NameSystem_2,blk_4,/_0,blk_4,blk_4,blk_4,blk_4,blk_4,blk_4,blk_4,block blk file_7,block blk file_7,block blk file_7]","[allocate_4,receiving_28,receiving_28,receiving_28,none_22,writing_23,add_3,add_3,none_22,writing_23,none_22,writing_23,add_3,transfer_13,serving_0,transfer_13,verification_25,verification_25,verification_25,delete_24,delete_24,delete_24,deleting_34,deleting_34,deleting_34]","[none_4,none_40,none_40,none_40,none_31,none_32,updated_3,updated_3,none_31,none_32,none_31,none_32,updated_3,exception_21,none_0,exception_21,successful_35,successful_35,successful_35,invalid_34,invalid_34,invalid_34,none_46,none_46,none_46]"
9256,"['7', '1', '1', '1', '2', '2', '2', '3', '4', '3', '4', '3', '4', '9', '9', '8', '10', '6', '6', '6', '5', '5', '5']","[NameSystem_2,block blk_6,block blk_6,block blk_6,NameSystem_2,NameSystem_2,NameSystem_2,blk_4,blk_4,blk_4,blk_4,blk_4,blk_4,blk_4,blk_4,/_0,blk_4,blk_4,blk_4,blk_4,block blk file_7,block blk file_7,block blk file_7]","[allocate_4,receiving_28,receiving_28,receiving_28,add_3,add_3,add_3,none_22,writing_23,none_22,writing_23,none_22,writing_23,transfer_13,transfer_13,serving_0,verification_25,delete_24,delete_24,delete_24,deleting_34,deleting_34,deleting_34]","[none_4,none_40,none_40,none_40,updated_3,updated_3,updated_3,none_31,none_32,none_31,none_32,none_31,none_32,exception_21,exception_21,none_0,successful_35,invalid_34,invalid_34,invalid_34,none_46,none_46,none_46]"
9264,"['7', '1', '1', '1', '2', '2', '2', '3', '4', '3', '4', '3', '4', '10', '10', '9', '9', '8', '10', '6', '6', '6', '5', '5', '5']","[NameSystem_2,block blk_6,block blk_6,block blk_6,NameSystem_2,NameSystem_2,NameSystem_2,blk_4,blk_4,blk_4,blk_4,blk_4,blk_4,blk_4,blk_4,blk_4,blk_4,/_0,blk_4,blk_4,blk_4,blk_4,block blk file_7,block blk file_7,block blk file_7]","[allocate_4,receiving_28,receiving_28,receiving_28,add_3,add_3,add_3,none_22,writing_23,none_22,writing_23,none_22,writing_23,verification_25,verification_25,transfer_13,transfer_13,serving_0,verification_25,delete_24,delete_24,delete_24,deleting_34,deleting_34,deleting_34]","[none_4,none_40,none_40,none_40,updated_3,updated_3,updated_3,none_31,none_32,none_31,none_32,none_31,none_32,successful_35,successful_35,exception_21,exception_21,none_0,successful_35,invalid_34,invalid_34,invalid_34,none_46,none_46,none_46]"
9266,"['7', '1', '1', '1', '2', '2', '2', '3', '4', '3', '4', '3', '4', '10', '9', '8', '9', '10', '10', '6', '6', '6', '5', '5', '5']","[NameSystem_2,block blk_6,block blk_6,block blk_6,NameSystem_2,NameSystem_2,NameSystem_2,blk_4,blk_4,blk_4,blk_4,blk_4,blk_4,blk_4,blk_4,/_0,blk_4,blk_4,blk_4,blk_4,blk_4,blk_4,block blk file_7,block blk file_7,block blk file_7]","[allocate_4,receiving_28,receiving_28,receiving_28,add_3,add_3,add_3,none_22,writing_23,none_22,writing_23,none_22,writing_23,verification_25,transfer_13,serving_0,transfer_13,verification_25,verification_25,delete_24,delete_24,delete_24,deleting_34,deleting_34,deleting_34]","[none_4,none_40,none_40,none_40,updated_3,updated_3,updated_3,none_31,none_32,none_31,none_32,none_31,none_32,successful_35,exception_21,none_0,exception_21,successful_35,successful_35,invalid_34,invalid_34,invalid_34,none_46,none_46,none_46]"
9277,"['7', '1', '1', '1', '2', '3', '4', '4', '2', '2', '3', '4', '3', '9', '9', '8', '10', '10', '6', '6', '6', '5', '5', '5']","[NameSystem_2,block blk_6,block blk_6,block blk_6,NameSystem_2,blk_4,blk_4,blk_4,NameSystem_2,NameSystem_2,blk_4,blk_4,blk_4,blk_4,blk_4,/_0,blk_4,blk_4,blk_4,blk_4,blk_4,block blk file_7,block blk file_7,block blk file_7]","[allocate_4,receiving_28,receiving_28,receiving_28,add_3,none_22,writing_23,writing_23,add_3,add_3,none_22,writing_23,none_22,transfer_13,transfer_13,serving_0,verification_25,verification_25,delete_24,delete_24,delete_24,deleting_34,deleting_34,deleting_34]","[none_4,none_40,none_40,none_40,updated_3,none_31,none_32,none_32,updated_3,updated_3,none_31,none_32,none_31,exception_21,exception_21,none_0,successful_35,successful_35,invalid_34,invalid_34,invalid_34,none_46,none_46,none_46]"
9286,"['7', '1', '1', '1', '2', '2', '2', '3', '4', '3', '3', '4', '4', '9', '9', '8', '10', '10', '6', '6', '6', '5', '5', '5']","[NameSystem_2,block blk_6,block blk_6,block blk_6,NameSystem_2,NameSystem_2,NameSystem_2,blk_4,blk_4,blk_4,blk_4,blk_4,blk_4,blk_4,blk_4,/_0,blk_4,blk_4,blk_4,blk_4,blk_4,block blk file_7,block blk file_7,block blk file_7]","[allocate_4,receiving_28,receiving_28,receiving_28,add_3,add_3,add_3,none_22,writing_23,none_22,none_22,writing_23,writing_23,transfer_13,transfer_13,serving_0,verification_25,verification_25,delete_24,delete_24,delete_24,deleting_34,deleting_34,deleting_34]","[none_4,none_40,none_40,none_40,updated_3,updated_3,updated_3,none_31,none_32,none_31,none_31,none_32,none_32,exception_21,exception_21,none_0,successful_35,successful_35,invalid_34,invalid_34,invalid_34,none_46,none_46,none_46]"
9288,"['7', '1', '1', '1', '2', '2', '2', '3', '4', '3', '4', '3', '4', '9', '8', '9', '10', '10', '10', '6', '6', '6', '5', '5', '5']","[NameSystem_2,block blk_6,block blk_6,block blk_6,NameSystem_2,NameSystem_2,NameSystem_2,blk_4,blk_4,blk_4,blk_4,blk_4,blk_4,blk_4,/_0,blk_4,blk_4,blk_4,blk_4,blk_4,blk_4,blk_4,block blk file_7,block blk file_7,block blk file_7]","[allocate_4,receiving_28,receiving_28,receiving_28,add_3,add_3,add_3,none_22,writing_23,none_22,writing_23,none_22,writing_23,transfer_13,serving_0,transfer_13,verification_25,verification_25,verification_25,delete_24,delete_24,delete_24,deleting_34,deleting_34,deleting_34]","[none_4,none_40,none_40,none_40,updated_3,updated_3,updated_3,none_31,none_32,none_31,none_32,none_31,none_32,exception_21,none_0,exception_21,successful_35,successful_35,successful_35,invalid_34,invalid_34,invalid_34,none_46,none_46,none_46]"
9306,"['7', '1', '1', '1', '2', '2', '2', '3', '4', '3', '4', '3', '4', '9', '9', '8', '10', '10', '6', '6', '6', '5', '5', '5']","[NameSystem_2,block blk_6,block blk_6,block blk_6,NameSystem_2,NameSystem_2,NameSystem_2,blk_4,blk_4,blk_4,blk_4,blk_4,blk_4,blk_4,blk_4,/_0,blk_4,blk_4,blk_4,blk_4,blk_4,block blk file_7,block blk file_7,block blk file_7]","[allocate_4,receiving_28,receiving_28,receiving_28,add_3,add_3,add_3,none_22,writing_23,none_22,writing_23,none_22,writing_23,transfer_13,transfer_13,serving_0,verification_25,verification_25,delete_24,delete_24,delete_24,deleting_34,deleting_34,deleting_34]","[none_4,none_40,none_40,none_40,updated_3,updated_3,updated_3,none_31,none_32,none_31,none_32,none_31,none_32,exception_21,exception_21,none_0,successful_35,successful_35,invalid_34,invalid_34,invalid_34,none_46,none_46,none_46]"
9310,"['7', '1', '1', '1', '2', '2', '3', '4', '3', '4', '3', '4', '2', '10', '9', '9', '8', '10', '6', '6', '6', '5', '5', '5']","[NameSystem_2,block blk_6,block blk_6,block blk_6,NameSystem_2,NameSystem_2,blk_4,blk_4,blk_4,blk_4,blk_4,blk_4,NameSystem_2,blk_4,blk_4,blk_4,/_0,blk_4,blk_4,blk_4,blk_4,block blk file_7,block blk file_7,block blk file_7]","[allocate_4,receiving_28,receiving_28,receiving_28,add_3,add_3,none_22,writing_23,none_22,writing_23,none_22,writing_23,add_3,verification_25,transfer_13,transfer_13,serving_0,verification_25,delete_24,delete_24,delete_24,deleting_34,deleting_34,deleting_34]","[none_4,none_40,none_40,none_40,updated_3,updated_3,none_31,none_32,none_31,none_32,none_31,none_32,updated_3,successful_35,exception_21,exception_21,none_0,successful_35,invalid_34,invalid_34,invalid_34,none_46,none_46,none_46]"
9316,"['7', '1', '1', '1', '2', '2', '3', '4', '3', '4', '3', '4', '2', '9', '9', '8', '10', '6', '6', '6', '5', '5', '5']","[NameSystem_2,block blk_6,block blk_6,block blk_6,NameSystem_2,NameSystem_2,blk_4,blk_4,blk_4,blk_4,blk_4,blk_4,NameSystem_2,blk_4,blk_4,/_0,blk_4,blk_4,blk_4,blk_4,block blk file_7,block blk file_7,block blk file_7]","[allocate_4,receiving_28,receiving_28,receiving_28,add_3,add_3,none_22,writing_23,none_22,writing_23,none_22,writing_23,add_3,transfer_13,transfer_13,serving_0,verification_25,delete_24,delete_24,delete_24,deleting_34,deleting_34,deleting_34]","[none_4,none_40,none_40,none_40,updated_3,updated_3,none_31,none_32,none_31,none_32,none_31,none_32,updated_3,exception_21,exception_21,none_0,successful_35,invalid_34,invalid_34,invalid_34,none_46,none_46,none_46]"
9342,"['7', '1', '1', '1', '2', '2', '3', '4', '3', '4', '3', '4', '2', '9', '8', '9', '10', '6', '6', '6', '5', '5', '5']","[NameSystem_2,block blk_6,block blk_6,block blk_6,NameSystem_2,NameSystem_2,blk_4,blk_4,blk_4,blk_4,blk_4,blk_4,NameSystem_2,blk_4,/_0,blk_4,blk_4,blk_4,blk_4,blk_4,block blk file_7,block blk file_7,block blk file_7]","[allocate_4,receiving_28,receiving_28,receiving_28,add_3,add_3,none_22,writing_23,none_22,writing_23,none_22,writing_23,add_3,transfer_13,serving_0,transfer_13,verification_25,delete_24,delete_24,delete_24,deleting_34,deleting_34,deleting_34]","[none_4,none_40,none_40,none_40,updated_3,updated_3,none_31,none_32,none_31,none_32,none_31,none_32,updated_3,exception_21,none_0,exception_21,successful_35,invalid_34,invalid_34,invalid_34,none_46,none_46,none_46]"
9355,"['7', '1', '1', '1', '2', '2', '3', '4', '3', '4', '3', '4', '2', '9', '9', '8', '10', '10', '6', '6', '6', '5', '5', '5']","[NameSystem_2,block blk_6,block blk_6,block blk_6,NameSystem_2,NameSystem_2,blk_4,blk_4,blk_4,blk_4,blk_4,blk_4,NameSystem_2,blk_4,blk_4,/_0,blk_4,blk_4,blk_4,blk_4,blk_4,block blk file_7,block blk file_7,block blk file_7]","[allocate_4,receiving_28,receiving_28,receiving_28,add_3,add_3,none_22,writing_23,none_22,writing_23,none_22,writing_23,add_3,transfer_13,transfer_13,serving_0,verification_25,verification_25,delete_24,delete_24,delete_24,deleting_34,deleting_34,deleting_34]","[none_4,none_40,none_40,none_40,updated_3,updated_3,none_31,none_32,none_31,none_32,none_31,none_32,updated_3,exception_21,exception_21,none_0,successful_35,successful_35,invalid_34,invalid_34,invalid_34,none_46,none_46,none_46]"
9356,"['7', '1', '1', '1', '2', '2', '2', '3', '3', '4', '4', '3', '4', '9', '8', '9', '6', '6', '6', '5', '5', '5']","[NameSystem_2,block blk_6,block blk_6,block blk_6,NameSystem_2,NameSystem_2,NameSystem_2,blk_4,blk_4,blk_4,blk_4,blk_4,blk_4,blk_4,/_0,blk_4,blk_4,blk_4,blk_4,block blk file_7,block blk file_7,block blk file_7]","[allocate_4,receiving_28,receiving_28,receiving_28,add_3,add_3,add_3,none_22,none_22,writing_23,writing_23,none_22,writing_23,transfer_13,serving_0,transfer_13,delete_24,delete_24,delete_24,deleting_34,deleting_34,deleting_34]","[none_4,none_40,none_40,none_40,updated_3,updated_3,updated_3,none_31,none_31,none_32,none_32,none_31,none_32,exception_21,none_0,exception_21,invalid_34,invalid_34,invalid_34,none_46,none_46,none_46]"
9382,"['7', '1', '1', '1', '2', '2', '2', '3', '4', '3', '3', '4', '4', '10', '9', '9', '8', '10', '10', '6', '6', '6', '5', '5', '5']","[NameSystem_2,block blk_6,block blk_6,block blk_6,NameSystem_2,NameSystem_2,NameSystem_2,blk_4,blk_4,blk_4,blk_4,blk_4,blk_4,blk_4,blk_4,blk_4,/_0,blk_4,blk_4,blk_4,blk_4,blk_4,block blk file_7,block blk file_7,block blk file_7]","[allocate_4,receiving_28,receiving_28,receiving_28,add_3,add_3,add_3,none_22,writing_23,none_22,none_22,writing_23,writing_23,verification_25,transfer_13,transfer_13,serving_0,verification_25,verification_25,delete_24,delete_24,delete_24,deleting_34,deleting_34,deleting_34]","[none_4,none_40,none_40,none_40,updated_3,updated_3,updated_3,none_31,none_32,none_31,none_31,none_32,none_32,successful_35,exception_21,exception_21,none_0,successful_35,successful_35,invalid_34,invalid_34,invalid_34,none_46,none_46,none_46]"
9408,"['7', '1', '1', '1', '2', '2', '3', '4', '3', '4', '3', '4', '2', '9', '9', '8', '10', '10', '6', '6', '6', '5', '5', '5']","[NameSystem_2,block blk_6,block blk_6,block blk_6,NameSystem_2,NameSystem_2,blk_4,blk_4,blk_4,blk_4,blk_4,blk_4,NameSystem_2,blk_4,blk_4,/_0,blk_4,blk_4,blk_4,blk_4,blk_4,block blk file_7,block blk file_7,block blk file_7]","[allocate_4,receiving_28,receiving_28,receiving_28,add_3,add_3,none_22,writing_23,none_22,writing_23,none_22,writing_23,add_3,transfer_13,transfer_13,serving_0,verification_25,verification_25,delete_24,delete_24,delete_24,deleting_34,deleting_34,deleting_34]","[none_4,none_40,none_40,none_40,updated_3,updated_3,none_31,none_32,none_31,none_32,none_31,none_32,updated_3,exception_21,exception_21,none_0,successful_35,successful_35,invalid_34,invalid_34,invalid_34,none_46,none_46,none_46]"
9412,"['7', '1', '1', '1', '2', '2', '3', '4', '3', '4', '3', '4', '2', '9', '9', '8', '10', '10', '10', '6', '6', '6', '5', '5', '5']","[NameSystem_2,block blk_6,block blk_6,block blk_6,NameSystem_2,NameSystem_2,blk_4,blk_4,blk_4,blk_4,blk_4,blk_4,NameSystem_2,blk_4,blk_4,/_0,blk_4,blk_4,blk_4,blk_4,blk_4,blk_4,block blk file_7,block blk file_7,block blk file_7]","[allocate_4,receiving_28,receiving_28,receiving_28,add_3,add_3,none_22,writing_23,none_22,writing_23,none_22,writing_23,add_3,transfer_13,transfer_13,serving_0,verification_25,verification_25,verification_25,delete_24,delete_24,delete_24,deleting_34,deleting_34,deleting_34]","[none_4,none_40,none_40,none_40,updated_3,updated_3,none_31,none_32,none_31,none_32,none_31,none_32,updated_3,exception_21,exception_21,none_0,successful_35,successful_35,successful_35,invalid_34,invalid_34,invalid_34,none_46,none_46,none_46]"
9421,"['7', '1', '1', '1', '2', '2', '3', '4', '3', '4', '3', '4', '2', '9', '9', '8', '10', '10', '6', '6', '6', '5', '5', '5']","[NameSystem_2,block blk_6,block blk_6,block blk_6,NameSystem_2,NameSystem_2,blk_4,blk_4,blk_4,blk_4,blk_4,blk_4,NameSystem_2,blk_4,blk_4,/_0,blk_4,blk_4,blk_4,blk_4,blk_4,block blk file_7,block blk file_7,block blk file_7]","[allocate_4,receiving_28,receiving_28,receiving_28,add_3,add_3,none_22,writing_23,none_22,writing_23,none_22,writing_23,add_3,transfer_13,transfer_13,serving_0,verification_25,verification_25,delete_24,delete_24,delete_24,deleting_34,deleting_34,deleting_34]","[none_4,none_40,none_40,none_40,updated_3,updated_3,none_31,none_32,none_31,none_32,none_31,none_32,updated_3,exception_21,exception_21,none_0,successful_35,successful_35,invalid_34,invalid_34,invalid_34,none_46,none_46,none_46]"
9427,"['7', '1', '1', '1', '2', '2', '2', '3', '4', '3', '4', '3', '4', '9', '9', '8', '10', '10', '6', '6', '6', '5', '5', '5']","[NameSystem_2,block blk_6,block blk_6,block blk_6,NameSystem_2,NameSystem_2,NameSystem_2,blk_4,blk_4,blk_4,blk_4,blk_4,blk_4,blk_4,blk_4,/_0,blk_4,blk_4,blk_4,blk_4,blk_4,block blk file_7,block blk file_7,block blk file_7]","[allocate_4,receiving_28,receiving_28,receiving_28,add_3,add_3,add_3,none_22,writing_23,none_22,writing_23,none_22,writing_23,transfer_13,transfer_13,serving_0,verification_25,verification_25,delete_24,delete_24,delete_24,deleting_34,deleting_34,deleting_34]","[none_4,none_40,none_40,none_40,updated_3,updated_3,updated_3,none_31,none_32,none_31,none_32,none_31,none_32,exception_21,exception_21,none_0,successful_35,successful_35,invalid_34,invalid_34,invalid_34,none_46,none_46,none_46]"
9445,"['7', '1', '1', '1', '2', '2', '3', '4', '3', '4', '2', '3', '4', '9', '8', '9', '10', '6', '6', '6', '5', '5', '5']","[NameSystem_2,block blk_6,block blk_6,block blk_6,NameSystem_2,NameSystem_2,blk_4,blk_4,blk_4,blk_4,NameSystem_2,blk_4,blk_4,blk_4,/_0,blk_4,blk_4,blk_4,blk_4,blk_4,block blk file_7,block blk file_7,block blk file_7]","[allocate_4,receiving_28,receiving_28,receiving_28,add_3,add_3,none_22,writing_23,none_22,writing_23,add_3,none_22,writing_23,transfer_13,serving_0,transfer_13,verification_25,delete_24,delete_24,delete_24,deleting_34,deleting_34,deleting_34]","[none_4,none_40,none_40,none_40,updated_3,updated_3,none_31,none_32,none_31,none_32,updated_3,none_31,none_32,exception_21,none_0,exception_21,successful_35,invalid_34,invalid_34,invalid_34,none_46,none_46,none_46]"
9461,"['7', '1', '1', '1', '2', '2', '2', '3', '4', '3', '4', '3', '4', '9', '8', '9', '10', '10', '10', '6', '6', '6', '5', '5', '5']","[NameSystem_2,block blk_6,block blk_6,block blk_6,NameSystem_2,NameSystem_2,NameSystem_2,blk_4,blk_4,blk_4,blk_4,blk_4,blk_4,blk_4,/_0,blk_4,blk_4,blk_4,blk_4,blk_4,blk_4,blk_4,block blk file_7,block blk file_7,block blk file_7]","[allocate_4,receiving_28,receiving_28,receiving_28,add_3,add_3,add_3,none_22,writing_23,none_22,writing_23,none_22,writing_23,transfer_13,serving_0,transfer_13,verification_25,verification_25,verification_25,delete_24,delete_24,delete_24,deleting_34,deleting_34,deleting_34]","[none_4,none_40,none_40,none_40,updated_3,updated_3,updated_3,none_31,none_32,none_31,none_32,none_31,none_32,exception_21,none_0,exception_21,successful_35,successful_35,successful_35,invalid_34,invalid_34,invalid_34,none_46,none_46,none_46]"
9468,"['7', '1', '1', '1', '2', '4', '4', '2', '2', '3', '3', '3', '4', '9', '9', '8', '10', '10', '6', '6', '6', '5', '5', '5']","[NameSystem_2,block blk_6,block blk_6,block blk_6,NameSystem_2,blk_4,blk_4,NameSystem_2,NameSystem_2,blk_4,blk_4,blk_4,blk_4,blk_4,blk_4,/_0,blk_4,blk_4,blk_4,blk_4,blk_4,block blk file_7,block blk file_7,block blk file_7]","[allocate_4,receiving_28,receiving_28,receiving_28,add_3,writing_23,writing_23,add_3,add_3,none_22,none_22,none_22,writing_23,transfer_13,transfer_13,serving_0,verification_25,verification_25,delete_24,delete_24,delete_24,deleting_34,deleting_34,deleting_34]","[none_4,none_40,none_40,none_40,updated_3,none_32,none_32,updated_3,updated_3,none_31,none_31,none_31,none_32,exception_21,exception_21,none_0,successful_35,successful_35,invalid_34,invalid_34,invalid_34,none_46,none_46,none_46]"
9478,"['7', '1', '1', '1', '2', '2', '2', '3', '4', '3', '4', '3', '4', '10', '9', '9', '8', '10', '10', '6', '6', '6', '5', '5', '5']","[NameSystem_2,block blk_6,block blk_6,block blk_6,NameSystem_2,NameSystem_2,NameSystem_2,blk_4,blk_4,blk_4,blk_4,blk_4,blk_4,blk_4,blk_4,blk_4,/_0,blk_4,blk_4,blk_4,blk_4,blk_4,block blk file_7,block blk file_7,block blk file_7]","[allocate_4,receiving_28,receiving_28,receiving_28,add_3,add_3,add_3,none_22,writing_23,none_22,writing_23,none_22,writing_23,verification_25,transfer_13,transfer_13,serving_0,verification_25,verification_25,delete_24,delete_24,delete_24,deleting_34,deleting_34,deleting_34]","[none_4,none_40,none_40,none_40,updated_3,updated_3,updated_3,none_31,none_32,none_31,none_32,none_31,none_32,successful_35,exception_21,exception_21,none_0,successful_35,successful_35,invalid_34,invalid_34,invalid_34,none_46,none_46,none_46]"
9482,"['7', '1', '1', '1', '2', '2', '2', '3', '4', '3', '3', '4', '4', '10', '10', '9', '8', '9', '10', '6', '6', '6', '5', '5', '5']","[NameSystem_2,block blk_6,block blk_6,block blk_6,NameSystem_2,NameSystem_2,NameSystem_2,blk_4,blk_4,blk_4,blk_4,blk_4,blk_4,blk_4,blk_4,blk_4,/_0,blk_4,blk_4,blk_4,blk_4,blk_4,block blk file_7,block blk file_7,block blk file_7]","[allocate_4,receiving_28,receiving_28,receiving_28,add_3,add_3,add_3,none_22,writing_23,none_22,none_22,writing_23,writing_23,verification_25,verification_25,transfer_13,serving_0,transfer_13,verification_25,delete_24,delete_24,delete_24,deleting_34,deleting_34,deleting_34]","[none_4,none_40,none_40,none_40,updated_3,updated_3,updated_3,none_31,none_32,none_31,none_31,none_32,none_32,successful_35,successful_35,exception_21,none_0,exception_21,successful_35,invalid_34,invalid_34,invalid_34,none_46,none_46,none_46]"
9485,"['7', '1', '1', '1', '2', '3', '4', '3', '4', '2', '2', '3', '4', '10', '9', '8', '9', '10', '6', '6', '6', '5', '5', '5']","[NameSystem_2,block blk_6,block blk_6,block blk_6,NameSystem_2,blk_4,blk_4,blk_4,blk_4,NameSystem_2,NameSystem_2,blk_4,blk_4,blk_4,blk_4,/_0,blk_4,blk_4,blk_4,blk_4,blk_4,block blk file_7,block blk file_7,block blk file_7]","[allocate_4,receiving_28,receiving_28,receiving_28,add_3,none_22,writing_23,none_22,writing_23,add_3,add_3,none_22,writing_23,verification_25,transfer_13,serving_0,transfer_13,verification_25,delete_24,delete_24,delete_24,deleting_34,deleting_34,deleting_34]","[none_4,none_40,none_40,none_40,updated_3,none_31,none_32,none_31,none_32,updated_3,updated_3,none_31,none_32,successful_35,exception_21,none_0,exception_21,successful_35,invalid_34,invalid_34,invalid_34,none_46,none_46,none_46]"
9496,"['7', '1', '1', '1', '2', '2', '2', '3', '4', '3', '4', '3', '4', '9', '9', '8', '10', '10', '6', '6', '6', '5', '5', '5']","[NameSystem_2,block blk_6,block blk_6,block blk_6,NameSystem_2,NameSystem_2,NameSystem_2,blk_4,blk_4,blk_4,blk_4,blk_4,blk_4,blk_4,blk_4,/_0,blk_4,blk_4,blk_4,blk_4,blk_4,block blk file_7,block blk file_7,block blk file_7]","[allocate_4,receiving_28,receiving_28,receiving_28,add_3,add_3,add_3,none_22,writing_23,none_22,writing_23,none_22,writing_23,transfer_13,transfer_13,serving_0,verification_25,verification_25,delete_24,delete_24,delete_24,deleting_34,deleting_34,deleting_34]","[none_4,none_40,none_40,none_40,updated_3,updated_3,updated_3,none_31,none_32,none_31,none_32,none_31,none_32,exception_21,exception_21,none_0,successful_35,successful_35,invalid_34,invalid_34,invalid_34,none_46,none_46,none_46]"
9500,"['7', '1', '1', '1', '2', '2', '2', '3', '4', '3', '4', '3', '4', '9', '8', '9', '10', '10', '10', '6', '6', '6', '5', '5', '5']","[NameSystem_2,block blk_6,block blk_6,block blk_6,NameSystem_2,NameSystem_2,NameSystem_2,blk_4,blk_4,blk_4,blk_4,blk_4,blk_4,blk_4,/_0,blk_4,blk_4,blk_4,blk_4,blk_4,blk_4,blk_4,block blk file_7,block blk file_7,block blk file_7]","[allocate_4,receiving_28,receiving_28,receiving_28,add_3,add_3,add_3,none_22,writing_23,none_22,writing_23,none_22,writing_23,transfer_13,serving_0,transfer_13,verification_25,verification_25,verification_25,delete_24,delete_24,delete_24,deleting_34,deleting_34,deleting_34]","[none_4,none_40,none_40,none_40,updated_3,updated_3,updated_3,none_31,none_32,none_31,none_32,none_31,none_32,exception_21,none_0,exception_21,successful_35,successful_35,successful_35,invalid_34,invalid_34,invalid_34,none_46,none_46,none_46]"
9502,"['7', '1', '1', '1', '2', '2', '2', '3', '4', '3', '4', '3', '4', '9', '8', '9', '10', '10', '6', '6', '6', '5', '5', '5']","[NameSystem_2,block blk_6,block blk_6,block blk_6,NameSystem_2,NameSystem_2,NameSystem_2,blk_4,blk_4,blk_4,blk_4,blk_4,blk_4,blk_4,/_0,blk_4,blk_4,blk_4,blk_4,blk_4,blk_4,block blk file_7,block blk file_7,block blk file_7]","[allocate_4,receiving_28,receiving_28,receiving_28,add_3,add_3,add_3,none_22,writing_23,none_22,writing_23,none_22,writing_23,transfer_13,serving_0,transfer_13,verification_25,verification_25,delete_24,delete_24,delete_24,deleting_34,deleting_34,deleting_34]","[none_4,none_40,none_40,none_40,updated_3,updated_3,updated_3,none_31,none_32,none_31,none_32,none_31,none_32,exception_21,none_0,exception_21,successful_35,successful_35,invalid_34,invalid_34,invalid_34,none_46,none_46,none_46]"
9509,"['7', '1', '1', '1', '2', '2', '2', '3', '4', '3', '4', '3', '4', '9', '9', '8', '10', '10', '10', '6', '6', '6', '5', '5', '5']","[NameSystem_2,block blk_6,block blk_6,block blk_6,NameSystem_2,NameSystem_2,NameSystem_2,blk_4,blk_4,blk_4,blk_4,blk_4,blk_4,blk_4,blk_4,/_0,blk_4,blk_4,blk_4,blk_4,blk_4,blk_4,block blk file_7,block blk file_7,block blk file_7]","[allocate_4,receiving_28,receiving_28,receiving_28,add_3,add_3,add_3,none_22,writing_23,none_22,writing_23,none_22,writing_23,transfer_13,transfer_13,serving_0,verification_25,verification_25,verification_25,delete_24,delete_24,delete_24,deleting_34,deleting_34,deleting_34]","[none_4,none_40,none_40,none_40,updated_3,updated_3,updated_3,none_31,none_32,none_31,none_32,none_31,none_32,exception_21,exception_21,none_0,successful_35,successful_35,successful_35,invalid_34,invalid_34,invalid_34,none_46,none_46,none_46]"
9512,"['7', '1', '1', '1', '2', '2', '2', '3', '4', '3', '4', '3', '4', '9', '9', '8', '10', '6', '6', '6', '5', '5', '5']","[NameSystem_2,block blk_6,block blk_6,block blk_6,NameSystem_2,NameSystem_2,NameSystem_2,blk_4,blk_4,blk_4,blk_4,blk_4,blk_4,blk_4,blk_4,/_0,blk_4,blk_4,blk_4,blk_4,block blk file_7,block blk file_7,block blk file_7]","[allocate_4,receiving_28,receiving_28,receiving_28,add_3,add_3,add_3,none_22,writing_23,none_22,writing_23,none_22,writing_23,transfer_13,transfer_13,serving_0,verification_25,delete_24,delete_24,delete_24,deleting_34,deleting_34,deleting_34]","[none_4,none_40,none_40,none_40,updated_3,updated_3,updated_3,none_31,none_32,none_31,none_32,none_31,none_32,exception_21,exception_21,none_0,successful_35,invalid_34,invalid_34,invalid_34,none_46,none_46,none_46]"
9513,"['7', '1', '1', '1', '2', '2', '3', '4', '3', '4', '3', '4', '2', '9', '8', '9', '10', '10', '6', '6', '6', '5', '5', '5']","[NameSystem_2,block blk_6,block blk_6,block blk_6,NameSystem_2,NameSystem_2,blk_4,blk_4,blk_4,blk_4,blk_4,blk_4,NameSystem_2,blk_4,/_0,blk_4,blk_4,blk_4,blk_4,blk_4,blk_4,block blk file_7,block blk file_7,block blk file_7]","[allocate_4,receiving_28,receiving_28,receiving_28,add_3,add_3,none_22,writing_23,none_22,writing_23,none_22,writing_23,add_3,transfer_13,serving_0,transfer_13,verification_25,verification_25,delete_24,delete_24,delete_24,deleting_34,deleting_34,deleting_34]","[none_4,none_40,none_40,none_40,updated_3,updated_3,none_31,none_32,none_31,none_32,none_31,none_32,updated_3,exception_21,none_0,exception_21,successful_35,successful_35,invalid_34,invalid_34,invalid_34,none_46,none_46,none_46]"
9521,"['7', '1', '1', '1', '2', '2', '2', '3', '4', '3', '4', '3', '4', '9', '9', '8', '10', '10', '10', '6', '6', '6', '5', '5', '5']","[NameSystem_2,block blk_6,block blk_6,block blk_6,NameSystem_2,NameSystem_2,NameSystem_2,blk_4,blk_4,blk_4,blk_4,blk_4,blk_4,blk_4,blk_4,/_0,blk_4,blk_4,blk_4,blk_4,blk_4,blk_4,block blk file_7,block blk file_7,block blk file_7]","[allocate_4,receiving_28,receiving_28,receiving_28,add_3,add_3,add_3,none_22,writing_23,none_22,writing_23,none_22,writing_23,transfer_13,transfer_13,serving_0,verification_25,verification_25,verification_25,delete_24,delete_24,delete_24,deleting_34,deleting_34,deleting_34]","[none_4,none_40,none_40,none_40,updated_3,updated_3,updated_3,none_31,none_32,none_31,none_32,none_31,none_32,exception_21,exception_21,none_0,successful_35,successful_35,successful_35,invalid_34,invalid_34,invalid_34,none_46,none_46,none_46]"
9542,"['7', '1', '1', '1', '2', '2', '2', '3', '4', '3', '4', '3', '4', '9', '9', '8', '10', '10', '10', '6', '6', '6', '5', '5', '5', '15']","[NameSystem_2,block blk_6,block blk_6,block blk_6,NameSystem_2,NameSystem_2,NameSystem_2,blk_4,blk_4,blk_4,blk_4,blk_4,blk_4,blk_4,blk_4,/_0,blk_4,blk_4,blk_4,blk_4,blk_4,blk_4,block blk file_7,block blk file_7,block blk file_7,block blk_6]","[allocate_4,receiving_28,receiving_28,receiving_28,add_3,add_3,add_3,none_22,writing_23,none_22,writing_23,none_22,writing_23,transfer_13,transfer_13,serving_0,verification_25,verification_25,verification_25,delete_24,delete_24,delete_24,deleting_34,deleting_34,deleting_34,deleting_30]","[none_4,none_40,none_40,none_40,updated_3,updated_3,updated_3,none_31,none_32,none_31,none_32,none_31,none_32,exception_21,exception_21,none_0,successful_35,successful_35,successful_35,invalid_34,invalid_34,invalid_34,none_46,none_46,none_46,error_42]"
9548,"['7', '1', '1', '1', '2', '2', '2', '3', '4', '3', '4', '3', '4', '9', '9', '8', '10', '6', '6', '6', '5', '5', '5']","[NameSystem_2,block blk_6,block blk_6,block blk_6,NameSystem_2,NameSystem_2,NameSystem_2,blk_4,blk_4,blk_4,blk_4,blk_4,blk_4,blk_4,blk_4,/_0,blk_4,blk_4,blk_4,blk_4,block blk file_7,block blk file_7,block blk file_7]","[allocate_4,receiving_28,receiving_28,receiving_28,add_3,add_3,add_3,none_22,writing_23,none_22,writing_23,none_22,writing_23,transfer_13,transfer_13,serving_0,verification_25,delete_24,delete_24,delete_24,deleting_34,deleting_34,deleting_34]","[none_4,none_40,none_40,none_40,updated_3,updated_3,updated_3,none_31,none_32,none_31,none_32,none_31,none_32,exception_21,exception_21,none_0,successful_35,invalid_34,invalid_34,invalid_34,none_46,none_46,none_46]"
9561,"['7', '1', '1', '1', '2', '2', '3', '4', '3', '4', '3', '4', '2', '9', '9', '8', '10', '10', '6', '6', '6', '5', '5', '5']","[NameSystem_2,block blk_6,block blk_6,block blk_6,NameSystem_2,NameSystem_2,blk_4,blk_4,blk_4,blk_4,blk_4,blk_4,NameSystem_2,blk_4,blk_4,/_0,blk_4,blk_4,blk_4,blk_4,blk_4,block blk file_7,block blk file_7,block blk file_7]","[allocate_4,receiving_28,receiving_28,receiving_28,add_3,add_3,none_22,writing_23,none_22,writing_23,none_22,writing_23,add_3,transfer_13,transfer_13,serving_0,verification_25,verification_25,delete_24,delete_24,delete_24,deleting_34,deleting_34,deleting_34]","[none_4,none_40,none_40,none_40,updated_3,updated_3,none_31,none_32,none_31,none_32,none_31,none_32,updated_3,exception_21,exception_21,none_0,successful_35,successful_35,invalid_34,invalid_34,invalid_34,none_46,none_46,none_46]"
9562,"['7', '1', '1', '1', '2', '2', '3', '4', '3', '4', '2', '3', '4', '9', '8', '9', '10', '10', '6', '6', '6', '5', '5', '5']","[NameSystem_2,block blk_6,block blk_6,block blk_6,NameSystem_2,NameSystem_2,blk_4,blk_4,blk_4,blk_4,NameSystem_2,blk_4,blk_4,blk_4,/_0,blk_4,blk_4,blk_4,blk_4,blk_4,blk_4,block blk file_7,block blk file_7,block blk file_7]","[allocate_4,receiving_28,receiving_28,receiving_28,add_3,add_3,none_22,writing_23,none_22,writing_23,add_3,none_22,writing_23,transfer_13,serving_0,transfer_13,verification_25,verification_25,delete_24,delete_24,delete_24,deleting_34,deleting_34,deleting_34]","[none_4,none_40,none_40,none_40,updated_3,updated_3,none_31,none_32,none_31,none_32,updated_3,none_31,none_32,exception_21,none_0,exception_21,successful_35,successful_35,invalid_34,invalid_34,invalid_34,none_46,none_46,none_46]"
9582,"['7', '1', '1', '1', '2', '2', '3', '4', '3', '4', '3', '4', '2', '9', '8', '9', '10', '10', '6', '6', '6', '5', '5', '5']","[NameSystem_2,block blk_6,block blk_6,block blk_6,NameSystem_2,NameSystem_2,blk_4,blk_4,blk_4,blk_4,blk_4,blk_4,NameSystem_2,blk_4,/_0,blk_4,blk_4,blk_4,blk_4,blk_4,blk_4,block blk file_7,block blk file_7,block blk file_7]","[allocate_4,receiving_28,receiving_28,receiving_28,add_3,add_3,none_22,writing_23,none_22,writing_23,none_22,writing_23,add_3,transfer_13,serving_0,transfer_13,verification_25,verification_25,delete_24,delete_24,delete_24,deleting_34,deleting_34,deleting_34]","[none_4,none_40,none_40,none_40,updated_3,updated_3,none_31,none_32,none_31,none_32,none_31,none_32,updated_3,exception_21,none_0,exception_21,successful_35,successful_35,invalid_34,invalid_34,invalid_34,none_46,none_46,none_46]"
9593,"['7', '1', '1', '1', '2', '2', '2', '3', '4', '3', '4', '3', '4', '10', '9', '8', '9', '10', '6', '6', '6', '5', '5', '15', '5']","[NameSystem_2,block blk_6,block blk_6,block blk_6,NameSystem_2,NameSystem_2,NameSystem_2,blk_4,blk_4,blk_4,blk_4,blk_4,blk_4,blk_4,blk_4,/_0,blk_4,blk_4,blk_4,blk_4,blk_4,block blk file_7,block blk file_7,block blk_6,block blk file_7]","[allocate_4,receiving_28,receiving_28,receiving_28,add_3,add_3,add_3,none_22,writing_23,none_22,writing_23,none_22,writing_23,verification_25,transfer_13,serving_0,transfer_13,verification_25,delete_24,delete_24,delete_24,deleting_34,deleting_34,deleting_30,deleting_34]","[none_4,none_40,none_40,none_40,updated_3,updated_3,updated_3,none_31,none_32,none_31,none_32,none_31,none_32,successful_35,exception_21,none_0,exception_21,successful_35,invalid_34,invalid_34,invalid_34,none_46,none_46,error_42,none_46]"
9595,"['7', '1', '1', '1', '3', '4', '2', '2', '2', '3', '4', '3', '4', '9', '8', '9', '10', '10', '6', '6', '6', '5', '5', '5']","[NameSystem_2,block blk_6,block blk_6,block blk_6,blk_4,blk_4,NameSystem_2,NameSystem_2,NameSystem_2,blk_4,blk_4,blk_4,blk_4,blk_4,/_0,blk_4,blk_4,blk_4,blk_4,blk_4,blk_4,block blk file_7,block blk file_7,block blk file_7]","[allocate_4,receiving_28,receiving_28,receiving_28,none_22,writing_23,add_3,add_3,add_3,none_22,writing_23,none_22,writing_23,transfer_13,serving_0,transfer_13,verification_25,verification_25,delete_24,delete_24,delete_24,deleting_34,deleting_34,deleting_34]","[none_4,none_40,none_40,none_40,none_31,none_32,updated_3,updated_3,updated_3,none_31,none_32,none_31,none_32,exception_21,none_0,exception_21,successful_35,successful_35,invalid_34,invalid_34,invalid_34,none_46,none_46,none_46]"
9602,"['7', '1', '1', '1', '2', '2', '2', '3', '4', '3', '4', '3', '4', '9', '8', '9', '10', '10', '6', '6', '6', '5', '5', '5']","[NameSystem_2,block blk_6,block blk_6,block blk_6,NameSystem_2,NameSystem_2,NameSystem_2,blk_4,blk_4,blk_4,blk_4,blk_4,blk_4,blk_4,/_0,blk_4,blk_4,blk_4,blk_4,blk_4,blk_4,block blk file_7,block blk file_7,block blk file_7]","[allocate_4,receiving_28,receiving_28,receiving_28,add_3,add_3,add_3,none_22,writing_23,none_22,writing_23,none_22,writing_23,transfer_13,serving_0,transfer_13,verification_25,verification_25,delete_24,delete_24,delete_24,deleting_34,deleting_34,deleting_34]","[none_4,none_40,none_40,none_40,updated_3,updated_3,updated_3,none_31,none_32,none_31,none_32,none_31,none_32,exception_21,none_0,exception_21,successful_35,successful_35,invalid_34,invalid_34,invalid_34,none_46,none_46,none_46]"
9604,"['7', '1', '1', '1', '2', '3', '4', '3', '4', '2', '2', '3', '4', '9', '9', '8', '10', '10', '6', '6', '6', '5', '5', '5']","[NameSystem_2,block blk_6,block blk_6,block blk_6,NameSystem_2,blk_4,blk_4,blk_4,blk_4,NameSystem_2,NameSystem_2,blk_4,blk_4,blk_4,blk_4,/_0,blk_4,blk_4,blk_4,blk_4,blk_4,block blk file_7,block blk file_7,block blk file_7]","[allocate_4,receiving_28,receiving_28,receiving_28,add_3,none_22,writing_23,none_22,writing_23,add_3,add_3,none_22,writing_23,transfer_13,transfer_13,serving_0,verification_25,verification_25,delete_24,delete_24,delete_24,deleting_34,deleting_34,deleting_34]","[none_4,none_40,none_40,none_40,updated_3,none_31,none_32,none_31,none_32,updated_3,updated_3,none_31,none_32,exception_21,exception_21,none_0,successful_35,successful_35,invalid_34,invalid_34,invalid_34,none_46,none_46,none_46]"
9609,"['7', '1', '1', '1', '2', '2', '3', '4', '3', '4', '3', '4', '2', '9', '9', '8', '9', '9', '9', '9', '9', '9', '9', '9', '9', '9', '9', '9', '9', '9', '10', '10', '6', '6', '6', '5', '5', '5']","[NameSystem_2,block blk_6,block blk_6,block blk_6,NameSystem_2,NameSystem_2,blk_4,blk_4,blk_4,blk_4,blk_4,blk_4,NameSystem_2,blk_4,blk_4,/_0,blk_4,blk_4,blk_4,blk_4,blk_4,blk_4,blk_4,blk_4,blk_4,blk_4,blk_4,blk_4,blk_4,blk_4,blk_4,blk_4,blk_4,blk_4,blk_4,block blk file_7,block blk file_7,block blk file_7]","[allocate_4,receiving_28,receiving_28,receiving_28,add_3,add_3,none_22,writing_23,none_22,writing_23,none_22,writing_23,add_3,transfer_13,transfer_13,serving_0,transfer_13,transfer_13,transfer_13,transfer_13,transfer_13,transfer_13,transfer_13,transfer_13,transfer_13,transfer_13,transfer_13,transfer_13,transfer_13,transfer_13,verification_25,verification_25,delete_24,delete_24,delete_24,deleting_34,deleting_34,deleting_34]","[none_4,none_40,none_40,none_40,updated_3,updated_3,none_31,none_32,none_31,none_32,none_31,none_32,updated_3,exception_21,exception_21,none_0,exception_21,exception_21,exception_21,exception_21,exception_21,exception_21,exception_21,exception_21,exception_21,exception_21,exception_21,exception_21,exception_21,exception_21,successful_35,successful_35,invalid_34,invalid_34,invalid_34,none_46,none_46,none_46]"
9617,"['7', '1', '1', '1', '2', '3', '4', '4', '3', '4', '2', '2', '3', '9', '8', '10', '9', '10', '10', '6', '6', '6', '5', '5', '5']","[NameSystem_2,block blk_6,block blk_6,block blk_6,NameSystem_2,blk_4,blk_4,blk_4,blk_4,blk_4,NameSystem_2,NameSystem_2,blk_4,blk_4,/_0,blk_4,blk_4,blk_4,blk_4,blk_4,blk_4,blk_4,block blk file_7,block blk file_7,block blk file_7]","[allocate_4,receiving_28,receiving_28,receiving_28,add_3,none_22,writing_23,writing_23,none_22,writing_23,add_3,add_3,none_22,transfer_13,serving_0,verification_25,transfer_13,verification_25,verification_25,delete_24,delete_24,delete_24,deleting_34,deleting_34,deleting_34]","[none_4,none_40,none_40,none_40,updated_3,none_31,none_32,none_32,none_31,none_32,updated_3,updated_3,none_31,exception_21,none_0,successful_35,exception_21,successful_35,successful_35,invalid_34,invalid_34,invalid_34,none_46,none_46,none_46]"
9637,"['7', '1', '1', '1', '2', '2', '3', '4', '3', '4', '3', '4', '2', '10', '9', '9', '8', '10', '10', '6', '6', '6', '5', '5', '5']","[NameSystem_2,block blk_6,block blk_6,block blk_6,NameSystem_2,NameSystem_2,blk_4,blk_4,blk_4,blk_4,blk_4,blk_4,NameSystem_2,blk_4,blk_4,blk_4,/_0,blk_4,blk_4,blk_4,blk_4,blk_4,block blk file_7,block blk file_7,block blk file_7]","[allocate_4,receiving_28,receiving_28,receiving_28,add_3,add_3,none_22,writing_23,none_22,writing_23,none_22,writing_23,add_3,verification_25,transfer_13,transfer_13,serving_0,verification_25,verification_25,delete_24,delete_24,delete_24,deleting_34,deleting_34,deleting_34]","[none_4,none_40,none_40,none_40,updated_3,updated_3,none_31,none_32,none_31,none_32,none_31,none_32,updated_3,successful_35,exception_21,exception_21,none_0,successful_35,successful_35,invalid_34,invalid_34,invalid_34,none_46,none_46,none_46]"
9646,"['7', '1', '1', '1', '2', '2', '2', '3', '4', '3', '4', '3', '4', '9', '9', '8', '10', '10', '6', '6', '6', '5', '5', '5']","[NameSystem_2,block blk_6,block blk_6,block blk_6,NameSystem_2,NameSystem_2,NameSystem_2,blk_4,blk_4,blk_4,blk_4,blk_4,blk_4,blk_4,blk_4,/_0,blk_4,blk_4,blk_4,blk_4,blk_4,block blk file_7,block blk file_7,block blk file_7]","[allocate_4,receiving_28,receiving_28,receiving_28,add_3,add_3,add_3,none_22,writing_23,none_22,writing_23,none_22,writing_23,transfer_13,transfer_13,serving_0,verification_25,verification_25,delete_24,delete_24,delete_24,deleting_34,deleting_34,deleting_34]","[none_4,none_40,none_40,none_40,updated_3,updated_3,updated_3,none_31,none_32,none_31,none_32,none_31,none_32,exception_21,exception_21,none_0,successful_35,successful_35,invalid_34,invalid_34,invalid_34,none_46,none_46,none_46]"
9659,"['7', '1', '1', '1', '2', '2', '3', '4', '3', '4', '2', '3', '4', '9', '9', '8', '6', '6', '6', '5', '5', '5']","[NameSystem_2,block blk_6,block blk_6,block blk_6,NameSystem_2,NameSystem_2,blk_4,blk_4,blk_4,blk_4,NameSystem_2,blk_4,blk_4,blk_4,blk_4,/_0,blk_4,blk_4,blk_4,block blk file_7,block blk file_7,block blk file_7]","[allocate_4,receiving_28,receiving_28,receiving_28,add_3,add_3,none_22,writing_23,none_22,writing_23,add_3,none_22,writing_23,transfer_13,transfer_13,serving_0,delete_24,delete_24,delete_24,deleting_34,deleting_34,deleting_34]","[none_4,none_40,none_40,none_40,updated_3,updated_3,none_31,none_32,none_31,none_32,updated_3,none_31,none_32,exception_21,exception_21,none_0,invalid_34,invalid_34,invalid_34,none_46,none_46,none_46]"
9662,"['7', '1', '1', '1', '2', '2', '2', '3', '4', '3', '4', '3', '4', '9', '9', '8', '10', '10', '10', '6', '6', '6', '5', '5', '5']","[NameSystem_2,block blk_6,block blk_6,block blk_6,NameSystem_2,NameSystem_2,NameSystem_2,blk_4,blk_4,blk_4,blk_4,blk_4,blk_4,blk_4,blk_4,/_0,blk_4,blk_4,blk_4,blk_4,blk_4,blk_4,block blk file_7,block blk file_7,block blk file_7]","[allocate_4,receiving_28,receiving_28,receiving_28,add_3,add_3,add_3,none_22,writing_23,none_22,writing_23,none_22,writing_23,transfer_13,transfer_13,serving_0,verification_25,verification_25,verification_25,delete_24,delete_24,delete_24,deleting_34,deleting_34,deleting_34]","[none_4,none_40,none_40,none_40,updated_3,updated_3,updated_3,none_31,none_32,none_31,none_32,none_31,none_32,exception_21,exception_21,none_0,successful_35,successful_35,successful_35,invalid_34,invalid_34,invalid_34,none_46,none_46,none_46]"
9667,"['7', '1', '1', '1', '2', '3', '4', '3', '4', '2', '2', '3', '4', '9', '8', '9', '10', '6', '6', '6', '5', '5', '5']","[NameSystem_2,block blk_6,block blk_6,block blk_6,NameSystem_2,blk_4,blk_4,blk_4,blk_4,NameSystem_2,NameSystem_2,blk_4,blk_4,blk_4,/_0,blk_4,blk_4,blk_4,blk_4,blk_4,block blk file_7,block blk file_7,block blk file_7]","[allocate_4,receiving_28,receiving_28,receiving_28,add_3,none_22,writing_23,none_22,writing_23,add_3,add_3,none_22,writing_23,transfer_13,serving_0,transfer_13,verification_25,delete_24,delete_24,delete_24,deleting_34,deleting_34,deleting_34]","[none_4,none_40,none_40,none_40,updated_3,none_31,none_32,none_31,none_32,updated_3,updated_3,none_31,none_32,exception_21,none_0,exception_21,successful_35,invalid_34,invalid_34,invalid_34,none_46,none_46,none_46]"
9668,"['7', '1', '1', '1', '2', '2', '2', '3', '4', '3', '4', '3', '4', '9', '8', '9', '10', '6', '6', '6', '5', '5', '5']","[NameSystem_2,block blk_6,block blk_6,block blk_6,NameSystem_2,NameSystem_2,NameSystem_2,blk_4,blk_4,blk_4,blk_4,blk_4,blk_4,blk_4,/_0,blk_4,blk_4,blk_4,blk_4,blk_4,block blk file_7,block blk file_7,block blk file_7]","[allocate_4,receiving_28,receiving_28,receiving_28,add_3,add_3,add_3,none_22,writing_23,none_22,writing_23,none_22,writing_23,transfer_13,serving_0,transfer_13,verification_25,delete_24,delete_24,delete_24,deleting_34,deleting_34,deleting_34]","[none_4,none_40,none_40,none_40,updated_3,updated_3,updated_3,none_31,none_32,none_31,none_32,none_31,none_32,exception_21,none_0,exception_21,successful_35,invalid_34,invalid_34,invalid_34,none_46,none_46,none_46]"
9669,"['7', '1', '1', '1', '2', '2', '2', '3', '3', '4', '4', '3', '4', '9', '9', '8', '10', '10', '10', '6', '6', '6', '5', '5', '5']","[NameSystem_2,block blk_6,block blk_6,block blk_6,NameSystem_2,NameSystem_2,NameSystem_2,blk_4,blk_4,blk_4,blk_4,blk_4,blk_4,blk_4,blk_4,/_0,blk_4,blk_4,blk_4,blk_4,blk_4,blk_4,block blk file_7,block blk file_7,block blk file_7]","[allocate_4,receiving_28,receiving_28,receiving_28,add_3,add_3,add_3,none_22,none_22,writing_23,writing_23,none_22,writing_23,transfer_13,transfer_13,serving_0,verification_25,verification_25,verification_25,delete_24,delete_24,delete_24,deleting_34,deleting_34,deleting_34]","[none_4,none_40,none_40,none_40,updated_3,updated_3,updated_3,none_31,none_31,none_32,none_32,none_31,none_32,exception_21,exception_21,none_0,successful_35,successful_35,successful_35,invalid_34,invalid_34,invalid_34,none_46,none_46,none_46]"
9673,"['7', '1', '1', '1', '2', '2', '2', '3', '4', '3', '4', '3', '4', '9', '9', '8', '6', '6', '6', '5', '5', '5']","[NameSystem_2,block blk_6,block blk_6,block blk_6,NameSystem_2,NameSystem_2,NameSystem_2,blk_4,blk_4,blk_4,blk_4,blk_4,blk_4,blk_4,blk_4,/_0,blk_4,blk_4,blk_4,block blk file_7,block blk file_7,block blk file_7]","[allocate_4,receiving_28,receiving_28,receiving_28,add_3,add_3,add_3,none_22,writing_23,none_22,writing_23,none_22,writing_23,transfer_13,transfer_13,serving_0,delete_24,delete_24,delete_24,deleting_34,deleting_34,deleting_34]","[none_4,none_40,none_40,none_40,updated_3,updated_3,updated_3,none_31,none_32,none_31,none_32,none_31,none_32,exception_21,exception_21,none_0,invalid_34,invalid_34,invalid_34,none_46,none_46,none_46]"
9685,"['7', '1', '1', '1', '2', '3', '4', '3', '4', '3', '4', '2', '2', '9', '9', '8', '10', '6', '6', '6', '5', '5', '5']","[NameSystem_2,block blk_6,block blk_6,block blk_6,NameSystem_2,blk_4,blk_4,blk_4,blk_4,blk_4,blk_4,NameSystem_2,NameSystem_2,blk_4,blk_4,/_0,blk_4,blk_4,blk_4,blk_4,block blk file_7,block blk file_7,block blk file_7]","[allocate_4,receiving_28,receiving_28,receiving_28,add_3,none_22,writing_23,none_22,writing_23,none_22,writing_23,add_3,add_3,transfer_13,transfer_13,serving_0,verification_25,delete_24,delete_24,delete_24,deleting_34,deleting_34,deleting_34]","[none_4,none_40,none_40,none_40,updated_3,none_31,none_32,none_31,none_32,none_31,none_32,updated_3,updated_3,exception_21,exception_21,none_0,successful_35,invalid_34,invalid_34,invalid_34,none_46,none_46,none_46]"
9700,"['7', '1', '1', '1', '2', '2', '3', '4', '3', '4', '3', '4', '2', '9', '8', '9', '6', '6', '6', '5', '5', '5']","[NameSystem_2,block blk_6,block blk_6,block blk_6,NameSystem_2,NameSystem_2,blk_4,blk_4,blk_4,blk_4,blk_4,blk_4,NameSystem_2,blk_4,/_0,blk_4,blk_4,blk_4,blk_4,block blk file_7,block blk file_7,block blk file_7]","[allocate_4,receiving_28,receiving_28,receiving_28,add_3,add_3,none_22,writing_23,none_22,writing_23,none_22,writing_23,add_3,transfer_13,serving_0,transfer_13,delete_24,delete_24,delete_24,deleting_34,deleting_34,deleting_34]","[none_4,none_40,none_40,none_40,updated_3,updated_3,none_31,none_32,none_31,none_32,none_31,none_32,updated_3,exception_21,none_0,exception_21,invalid_34,invalid_34,invalid_34,none_46,none_46,none_46]"
9705,"['7', '1', '1', '1', '2', '2', '3', '4', '3', '4', '3', '4', '2', '9', '8', '9', '10', '6', '6', '6', '5', '5', '5']","[NameSystem_2,block blk_6,block blk_6,block blk_6,NameSystem_2,NameSystem_2,blk_4,blk_4,blk_4,blk_4,blk_4,blk_4,NameSystem_2,blk_4,/_0,blk_4,blk_4,blk_4,blk_4,blk_4,block blk file_7,block blk file_7,block blk file_7]","[allocate_4,receiving_28,receiving_28,receiving_28,add_3,add_3,none_22,writing_23,none_22,writing_23,none_22,writing_23,add_3,transfer_13,serving_0,transfer_13,verification_25,delete_24,delete_24,delete_24,deleting_34,deleting_34,deleting_34]","[none_4,none_40,none_40,none_40,updated_3,updated_3,none_31,none_32,none_31,none_32,none_31,none_32,updated_3,exception_21,none_0,exception_21,successful_35,invalid_34,invalid_34,invalid_34,none_46,none_46,none_46]"
9706,"['7', '1', '1', '1', '2', '2', '2', '3', '4', '3', '4', '3', '4', '9', '9', '8', '10', '6', '6', '6', '5', '5', '5']","[NameSystem_2,block blk_6,block blk_6,block blk_6,NameSystem_2,NameSystem_2,NameSystem_2,blk_4,blk_4,blk_4,blk_4,blk_4,blk_4,blk_4,blk_4,/_0,blk_4,blk_4,blk_4,blk_4,block blk file_7,block blk file_7,block blk file_7]","[allocate_4,receiving_28,receiving_28,receiving_28,add_3,add_3,add_3,none_22,writing_23,none_22,writing_23,none_22,writing_23,transfer_13,transfer_13,serving_0,verification_25,delete_24,delete_24,delete_24,deleting_34,deleting_34,deleting_34]","[none_4,none_40,none_40,none_40,updated_3,updated_3,updated_3,none_31,none_32,none_31,none_32,none_31,none_32,exception_21,exception_21,none_0,successful_35,invalid_34,invalid_34,invalid_34,none_46,none_46,none_46]"
9739,"['7', '1', '1', '1', '2', '2', '3', '4', '4', '2', '3', '3', '4', '9', '8', '9', '10', '10', '6', '6', '6', '5', '5', '5']","[NameSystem_2,block blk_6,block blk_6,block blk_6,NameSystem_2,NameSystem_2,blk_4,blk_4,blk_4,NameSystem_2,blk_4,blk_4,blk_4,blk_4,/_0,blk_4,blk_4,blk_4,blk_4,blk_4,blk_4,block blk file_7,block blk file_7,block blk file_7]","[allocate_4,receiving_28,receiving_28,receiving_28,add_3,add_3,none_22,writing_23,writing_23,add_3,none_22,none_22,writing_23,transfer_13,serving_0,transfer_13,verification_25,verification_25,delete_24,delete_24,delete_24,deleting_34,deleting_34,deleting_34]","[none_4,none_40,none_40,none_40,updated_3,updated_3,none_31,none_32,none_32,updated_3,none_31,none_31,none_32,exception_21,none_0,exception_21,successful_35,successful_35,invalid_34,invalid_34,invalid_34,none_46,none_46,none_46]"
9741,"['7', '1', '1', '1', '2', '2', '4', '3', '4', '2', '3', '3', '4', '9', '8', '9', '6', '6', '6', '5', '5', '5']","[NameSystem_2,block blk_6,block blk_6,block blk_6,NameSystem_2,NameSystem_2,blk_4,blk_4,blk_4,NameSystem_2,blk_4,blk_4,blk_4,blk_4,/_0,blk_4,blk_4,blk_4,blk_4,block blk file_7,block blk file_7,block blk file_7]","[allocate_4,receiving_28,receiving_28,receiving_28,add_3,add_3,writing_23,none_22,writing_23,add_3,none_22,none_22,writing_23,transfer_13,serving_0,transfer_13,delete_24,delete_24,delete_24,deleting_34,deleting_34,deleting_34]","[none_4,none_40,none_40,none_40,updated_3,updated_3,none_32,none_31,none_32,updated_3,none_31,none_31,none_32,exception_21,none_0,exception_21,invalid_34,invalid_34,invalid_34,none_46,none_46,none_46]"
9752,"['7', '1', '1', '1', '2', '2', '3', '4', '3', '4', '2', '3', '4', '9', '8', '9', '10', '6', '6', '6', '5', '5', '5']","[NameSystem_2,block blk_6,block blk_6,block blk_6,NameSystem_2,NameSystem_2,blk_4,blk_4,blk_4,blk_4,NameSystem_2,blk_4,blk_4,blk_4,/_0,blk_4,blk_4,blk_4,blk_4,blk_4,block blk file_7,block blk file_7,block blk file_7]","[allocate_4,receiving_28,receiving_28,receiving_28,add_3,add_3,none_22,writing_23,none_22,writing_23,add_3,none_22,writing_23,transfer_13,serving_0,transfer_13,verification_25,delete_24,delete_24,delete_24,deleting_34,deleting_34,deleting_34]","[none_4,none_40,none_40,none_40,updated_3,updated_3,none_31,none_32,none_31,none_32,updated_3,none_31,none_32,exception_21,none_0,exception_21,successful_35,invalid_34,invalid_34,invalid_34,none_46,none_46,none_46]"
9760,"['7', '1', '1', '1', '2', '3', '4', '3', '4', '3', '4', '2', '2', '9', '9', '8', '10', '10', '6', '6', '6', '5', '5', '5']","[NameSystem_2,block blk_6,block blk_6,block blk_6,NameSystem_2,blk_4,blk_4,blk_4,blk_4,blk_4,blk_4,NameSystem_2,NameSystem_2,blk_4,blk_4,/_0,blk_4,blk_4,blk_4,blk_4,blk_4,block blk file_7,block blk file_7,block blk file_7]","[allocate_4,receiving_28,receiving_28,receiving_28,add_3,none_22,writing_23,none_22,writing_23,none_22,writing_23,add_3,add_3,transfer_13,transfer_13,serving_0,verification_25,verification_25,delete_24,delete_24,delete_24,deleting_34,deleting_34,deleting_34]","[none_4,none_40,none_40,none_40,updated_3,none_31,none_32,none_31,none_32,none_31,none_32,updated_3,updated_3,exception_21,exception_21,none_0,successful_35,successful_35,invalid_34,invalid_34,invalid_34,none_46,none_46,none_46]"
9779,"['7', '1', '1', '1', '2', '2', '3', '4', '3', '4', '2', '3', '4', '9', '8', '9', '10', '6', '6', '6', '5', '5', '5']","[NameSystem_2,block blk_6,block blk_6,block blk_6,NameSystem_2,NameSystem_2,blk_4,blk_4,blk_4,blk_4,NameSystem_2,blk_4,blk_4,blk_4,/_0,blk_4,blk_4,blk_4,blk_4,blk_4,block blk file_7,block blk file_7,block blk file_7]","[allocate_4,receiving_28,receiving_28,receiving_28,add_3,add_3,none_22,writing_23,none_22,writing_23,add_3,none_22,writing_23,transfer_13,serving_0,transfer_13,verification_25,delete_24,delete_24,delete_24,deleting_34,deleting_34,deleting_34]","[none_4,none_40,none_40,none_40,updated_3,updated_3,none_31,none_32,none_31,none_32,updated_3,none_31,none_32,exception_21,none_0,exception_21,successful_35,invalid_34,invalid_34,invalid_34,none_46,none_46,none_46]"
9799,"['7', '1', '1', '1', '2', '2', '2', '3', '3', '4', '4', '3', '4', '9', '8', '9', '10', '10', '6', '6', '6', '5', '5', '5']","[NameSystem_2,block blk_6,block blk_6,block blk_6,NameSystem_2,NameSystem_2,NameSystem_2,blk_4,blk_4,blk_4,blk_4,blk_4,blk_4,blk_4,/_0,blk_4,blk_4,blk_4,blk_4,blk_4,blk_4,block blk file_7,block blk file_7,block blk file_7]","[allocate_4,receiving_28,receiving_28,receiving_28,add_3,add_3,add_3,none_22,none_22,writing_23,writing_23,none_22,writing_23,transfer_13,serving_0,transfer_13,verification_25,verification_25,delete_24,delete_24,delete_24,deleting_34,deleting_34,deleting_34]","[none_4,none_40,none_40,none_40,updated_3,updated_3,updated_3,none_31,none_31,none_32,none_32,none_31,none_32,exception_21,none_0,exception_21,successful_35,successful_35,invalid_34,invalid_34,invalid_34,none_46,none_46,none_46]"
9822,"['7', '1', '1', '1', '2', '2', '2', '3', '4', '3', '4', '3', '4', '9', '8', '9', '10', '10', '6', '6', '6', '5', '5', '5']","[NameSystem_2,block blk_6,block blk_6,block blk_6,NameSystem_2,NameSystem_2,NameSystem_2,blk_4,blk_4,blk_4,blk_4,blk_4,blk_4,blk_4,/_0,blk_4,blk_4,blk_4,blk_4,blk_4,blk_4,block blk file_7,block blk file_7,block blk file_7]","[allocate_4,receiving_28,receiving_28,receiving_28,add_3,add_3,add_3,none_22,writing_23,none_22,writing_23,none_22,writing_23,transfer_13,serving_0,transfer_13,verification_25,verification_25,delete_24,delete_24,delete_24,deleting_34,deleting_34,deleting_34]","[none_4,none_40,none_40,none_40,updated_3,updated_3,updated_3,none_31,none_32,none_31,none_32,none_31,none_32,exception_21,none_0,exception_21,successful_35,successful_35,invalid_34,invalid_34,invalid_34,none_46,none_46,none_46]"
9844,"['7', '1', '1', '1', '2', '2', '3', '4', '3', '4', '2', '3', '4', '9', '8', '9', '10', '10', '6', '6', '6', '5', '5', '5']","[NameSystem_2,block blk_6,block blk_6,block blk_6,NameSystem_2,NameSystem_2,blk_4,blk_4,blk_4,blk_4,NameSystem_2,blk_4,blk_4,blk_4,/_0,blk_4,blk_4,blk_4,blk_4,blk_4,blk_4,block blk file_7,block blk file_7,block blk file_7]","[allocate_4,receiving_28,receiving_28,receiving_28,add_3,add_3,none_22,writing_23,none_22,writing_23,add_3,none_22,writing_23,transfer_13,serving_0,transfer_13,verification_25,verification_25,delete_24,delete_24,delete_24,deleting_34,deleting_34,deleting_34]","[none_4,none_40,none_40,none_40,updated_3,updated_3,none_31,none_32,none_31,none_32,updated_3,none_31,none_32,exception_21,none_0,exception_21,successful_35,successful_35,invalid_34,invalid_34,invalid_34,none_46,none_46,none_46]"
9848,"['7', '1', '1', '1', '2', '2', '3', '4', '3', '4', '2', '3', '4', '9', '8', '9', '10', '6', '6', '6', '5', '5', '5']","[NameSystem_2,block blk_6,block blk_6,block blk_6,NameSystem_2,NameSystem_2,blk_4,blk_4,blk_4,blk_4,NameSystem_2,blk_4,blk_4,blk_4,/_0,blk_4,blk_4,blk_4,blk_4,blk_4,block blk file_7,block blk file_7,block blk file_7]","[allocate_4,receiving_28,receiving_28,receiving_28,add_3,add_3,none_22,writing_23,none_22,writing_23,add_3,none_22,writing_23,transfer_13,serving_0,transfer_13,verification_25,delete_24,delete_24,delete_24,deleting_34,deleting_34,deleting_34]","[none_4,none_40,none_40,none_40,updated_3,updated_3,none_31,none_32,none_31,none_32,updated_3,none_31,none_32,exception_21,none_0,exception_21,successful_35,invalid_34,invalid_34,invalid_34,none_46,none_46,none_46]"
9859,"['7', '1', '1', '1', '2', '2', '2', '3', '4', '3', '4', '3', '4', '9', '9', '8', '6', '6', '6', '5', '5', '5']","[NameSystem_2,block blk_6,block blk_6,block blk_6,NameSystem_2,NameSystem_2,NameSystem_2,blk_4,blk_4,blk_4,blk_4,blk_4,blk_4,blk_4,blk_4,/_0,blk_4,blk_4,blk_4,block blk file_7,block blk file_7,block blk file_7]","[allocate_4,receiving_28,receiving_28,receiving_28,add_3,add_3,add_3,none_22,writing_23,none_22,writing_23,none_22,writing_23,transfer_13,transfer_13,serving_0,delete_24,delete_24,delete_24,deleting_34,deleting_34,deleting_34]","[none_4,none_40,none_40,none_40,updated_3,updated_3,updated_3,none_31,none_32,none_31,none_32,none_31,none_32,exception_21,exception_21,none_0,invalid_34,invalid_34,invalid_34,none_46,none_46,none_46]"
9861,"['7', '1', '1', '1', '2', '2', '2', '3', '4', '3', '4', '3', '4', '9', '9', '8', '10', '10', '10', '6', '6', '6', '5', '5', '5']","[NameSystem_2,block blk_6,block blk_6,block blk_6,NameSystem_2,NameSystem_2,NameSystem_2,blk_4,blk_4,blk_4,blk_4,blk_4,blk_4,blk_4,blk_4,/_0,blk_4,blk_4,blk_4,blk_4,blk_4,blk_4,block blk file_7,block blk file_7,block blk file_7]","[allocate_4,receiving_28,receiving_28,receiving_28,add_3,add_3,add_3,none_22,writing_23,none_22,writing_23,none_22,writing_23,transfer_13,transfer_13,serving_0,verification_25,verification_25,verification_25,delete_24,delete_24,delete_24,deleting_34,deleting_34,deleting_34]","[none_4,none_40,none_40,none_40,updated_3,updated_3,updated_3,none_31,none_32,none_31,none_32,none_31,none_32,exception_21,exception_21,none_0,successful_35,successful_35,successful_35,invalid_34,invalid_34,invalid_34,none_46,none_46,none_46]"
9865,"['7', '1', '1', '1', '2', '2', '2', '3', '4', '3', '4', '3', '4', '9', '9', '8', '10', '10', '6', '6', '6', '5', '5', '5']","[NameSystem_2,block blk_6,block blk_6,block blk_6,NameSystem_2,NameSystem_2,NameSystem_2,blk_4,blk_4,blk_4,blk_4,blk_4,blk_4,blk_4,blk_4,/_0,blk_4,blk_4,blk_4,blk_4,blk_4,block blk file_7,block blk file_7,block blk file_7]","[allocate_4,receiving_28,receiving_28,receiving_28,add_3,add_3,add_3,none_22,writing_23,none_22,writing_23,none_22,writing_23,transfer_13,transfer_13,serving_0,verification_25,verification_25,delete_24,delete_24,delete_24,deleting_34,deleting_34,deleting_34]","[none_4,none_40,none_40,none_40,updated_3,updated_3,updated_3,none_31,none_32,none_31,none_32,none_31,none_32,exception_21,exception_21,none_0,successful_35,successful_35,invalid_34,invalid_34,invalid_34,none_46,none_46,none_46]"
9873,"['7', '1', '1', '1', '2', '2', '3', '4', '3', '4', '3', '4', '2', '9', '9', '9', '8', '10', '10', '6', '6', '6', '5', '5', '5']","[NameSystem_2,block blk_6,block blk_6,block blk_6,NameSystem_2,NameSystem_2,blk_4,blk_4,blk_4,blk_4,blk_4,blk_4,NameSystem_2,blk_4,blk_4,blk_4,/_0,blk_4,blk_4,blk_4,blk_4,blk_4,block blk file_7,block blk file_7,block blk file_7]","[allocate_4,receiving_28,receiving_28,receiving_28,add_3,add_3,none_22,writing_23,none_22,writing_23,none_22,writing_23,add_3,transfer_13,transfer_13,transfer_13,serving_0,verification_25,verification_25,delete_24,delete_24,delete_24,deleting_34,deleting_34,deleting_34]","[none_4,none_40,none_40,none_40,updated_3,updated_3,none_31,none_32,none_31,none_32,none_31,none_32,updated_3,exception_21,exception_21,exception_21,none_0,successful_35,successful_35,invalid_34,invalid_34,invalid_34,none_46,none_46,none_46]"
9878,"['7', '1', '1', '1', '2', '2', '2', '3', '4', '3', '4', '3', '4', '9', '9', '8', '10', '10', '6', '6', '6', '5', '5', '5']","[NameSystem_2,block blk_6,block blk_6,block blk_6,NameSystem_2,NameSystem_2,NameSystem_2,blk_4,blk_4,blk_4,blk_4,blk_4,blk_4,blk_4,blk_4,/_0,blk_4,blk_4,blk_4,blk_4,blk_4,block blk file_7,block blk file_7,block blk file_7]","[allocate_4,receiving_28,receiving_28,receiving_28,add_3,add_3,add_3,none_22,writing_23,none_22,writing_23,none_22,writing_23,transfer_13,transfer_13,serving_0,verification_25,verification_25,delete_24,delete_24,delete_24,deleting_34,deleting_34,deleting_34]","[none_4,none_40,none_40,none_40,updated_3,updated_3,updated_3,none_31,none_32,none_31,none_32,none_31,none_32,exception_21,exception_21,none_0,successful_35,successful_35,invalid_34,invalid_34,invalid_34,none_46,none_46,none_46]"
9881,"['7', '1', '1', '1', '2', '2', '2', '3', '4', '3', '4', '3', '4', '9', '8', '9', '10', '10', '6', '6', '6', '5', '5', '5']","[NameSystem_2,block blk_6,block blk_6,block blk_6,NameSystem_2,NameSystem_2,NameSystem_2,blk_4,blk_4,blk_4,blk_4,blk_4,blk_4,blk_4,/_0,blk_4,blk_4,blk_4,blk_4,blk_4,blk_4,block blk file_7,block blk file_7,block blk file_7]","[allocate_4,receiving_28,receiving_28,receiving_28,add_3,add_3,add_3,none_22,writing_23,none_22,writing_23,none_22,writing_23,transfer_13,serving_0,transfer_13,verification_25,verification_25,delete_24,delete_24,delete_24,deleting_34,deleting_34,deleting_34]","[none_4,none_40,none_40,none_40,updated_3,updated_3,updated_3,none_31,none_32,none_31,none_32,none_31,none_32,exception_21,none_0,exception_21,successful_35,successful_35,invalid_34,invalid_34,invalid_34,none_46,none_46,none_46]"
9892,"['7', '1', '1', '1', '2', '2', '2', '3', '4', '3', '4', '3', '4', '9', '8', '9', '10', '6', '6', '6', '5', '5', '5']","[NameSystem_2,block blk_6,block blk_6,block blk_6,NameSystem_2,NameSystem_2,NameSystem_2,blk_4,blk_4,blk_4,blk_4,blk_4,blk_4,blk_4,/_0,blk_4,blk_4,blk_4,blk_4,blk_4,block blk file_7,block blk file_7,block blk file_7]","[allocate_4,receiving_28,receiving_28,receiving_28,add_3,add_3,add_3,none_22,writing_23,none_22,writing_23,none_22,writing_23,transfer_13,serving_0,transfer_13,verification_25,delete_24,delete_24,delete_24,deleting_34,deleting_34,deleting_34]","[none_4,none_40,none_40,none_40,updated_3,updated_3,updated_3,none_31,none_32,none_31,none_32,none_31,none_32,exception_21,none_0,exception_21,successful_35,invalid_34,invalid_34,invalid_34,none_46,none_46,none_46]"
9896,"['7', '1', '1', '1', '2', '3', '4', '4', '3', '4', '2', '2', '3', '10', '9', '9', '8', '10', '10', '6', '6', '6', '5', '5', '5']","[NameSystem_2,block blk_6,block blk_6,block blk_6,NameSystem_2,blk_4,blk_4,blk_4,blk_4,blk_4,NameSystem_2,NameSystem_2,blk_4,blk_4,blk_4,blk_4,/_0,blk_4,blk_4,blk_4,blk_4,blk_4,block blk file_7,block blk file_7,block blk file_7]","[allocate_4,receiving_28,receiving_28,receiving_28,add_3,none_22,writing_23,writing_23,none_22,writing_23,add_3,add_3,none_22,verification_25,transfer_13,transfer_13,serving_0,verification_25,verification_25,delete_24,delete_24,delete_24,deleting_34,deleting_34,deleting_34]","[none_4,none_40,none_40,none_40,updated_3,none_31,none_32,none_32,none_31,none_32,updated_3,updated_3,none_31,successful_35,exception_21,exception_21,none_0,successful_35,successful_35,invalid_34,invalid_34,invalid_34,none_46,none_46,none_46]"
9909,"['7', '1', '1', '1', '2', '2', '3', '4', '3', '4', '3', '4', '2', '9', '8', '9', '10', '10', '6', '6', '6', '5', '5', '5']","[NameSystem_2,block blk_6,block blk_6,block blk_6,NameSystem_2,NameSystem_2,blk_4,blk_4,blk_4,blk_4,blk_4,blk_4,NameSystem_2,blk_4,/_0,blk_4,blk_4,blk_4,blk_4,blk_4,blk_4,block blk file_7,block blk file_7,block blk file_7]","[allocate_4,receiving_28,receiving_28,receiving_28,add_3,add_3,none_22,writing_23,none_22,writing_23,none_22,writing_23,add_3,transfer_13,serving_0,transfer_13,verification_25,verification_25,delete_24,delete_24,delete_24,deleting_34,deleting_34,deleting_34]","[none_4,none_40,none_40,none_40,updated_3,updated_3,none_31,none_32,none_31,none_32,none_31,none_32,updated_3,exception_21,none_0,exception_21,successful_35,successful_35,invalid_34,invalid_34,invalid_34,none_46,none_46,none_46]"
9916,"['7', '1', '1', '1', '2', '2', '3', '4', '3', '4', '3', '4', '2', '9', '9', '8', '10', '6', '6', '6', '5', '5', '5']","[NameSystem_2,block blk_6,block blk_6,block blk_6,NameSystem_2,NameSystem_2,blk_4,blk_4,blk_4,blk_4,blk_4,blk_4,NameSystem_2,blk_4,blk_4,/_0,blk_4,blk_4,blk_4,blk_4,block blk file_7,block blk file_7,block blk file_7]","[allocate_4,receiving_28,receiving_28,receiving_28,add_3,add_3,none_22,writing_23,none_22,writing_23,none_22,writing_23,add_3,transfer_13,transfer_13,serving_0,verification_25,delete_24,delete_24,delete_24,deleting_34,deleting_34,deleting_34]","[none_4,none_40,none_40,none_40,updated_3,updated_3,none_31,none_32,none_31,none_32,none_31,none_32,updated_3,exception_21,exception_21,none_0,successful_35,invalid_34,invalid_34,invalid_34,none_46,none_46,none_46]"
9918,"['7', '1', '1', '1', '2', '2', '2', '3', '4', '3', '4', '3', '4', '9', '9', '8', '10', '10', '10', '6', '6', '6', '5', '5', '5']","[NameSystem_2,block blk_6,block blk_6,block blk_6,NameSystem_2,NameSystem_2,NameSystem_2,blk_4,blk_4,blk_4,blk_4,blk_4,blk_4,blk_4,blk_4,/_0,blk_4,blk_4,blk_4,blk_4,blk_4,blk_4,block blk file_7,block blk file_7,block blk file_7]","[allocate_4,receiving_28,receiving_28,receiving_28,add_3,add_3,add_3,none_22,writing_23,none_22,writing_23,none_22,writing_23,transfer_13,transfer_13,serving_0,verification_25,verification_25,verification_25,delete_24,delete_24,delete_24,deleting_34,deleting_34,deleting_34]","[none_4,none_40,none_40,none_40,updated_3,updated_3,updated_3,none_31,none_32,none_31,none_32,none_31,none_32,exception_21,exception_21,none_0,successful_35,successful_35,successful_35,invalid_34,invalid_34,invalid_34,none_46,none_46,none_46]"
9920,"['7', '1', '1', '1', '2', '2', '3', '4', '3', '4', '3', '4', '2', '9', '9', '8', '10', '10', '6', '6', '6', '5', '5', '5']","[NameSystem_2,block blk_6,block blk_6,block blk_6,NameSystem_2,NameSystem_2,blk_4,blk_4,blk_4,blk_4,blk_4,blk_4,NameSystem_2,blk_4,blk_4,/_0,blk_4,blk_4,blk_4,blk_4,blk_4,block blk file_7,block blk file_7,block blk file_7]","[allocate_4,receiving_28,receiving_28,receiving_28,add_3,add_3,none_22,writing_23,none_22,writing_23,none_22,writing_23,add_3,transfer_13,transfer_13,serving_0,verification_25,verification_25,delete_24,delete_24,delete_24,deleting_34,deleting_34,deleting_34]","[none_4,none_40,none_40,none_40,updated_3,updated_3,none_31,none_32,none_31,none_32,none_31,none_32,updated_3,exception_21,exception_21,none_0,successful_35,successful_35,invalid_34,invalid_34,invalid_34,none_46,none_46,none_46]"
9936,"['7', '1', '1', '1', '2', '2', '2', '3', '4', '3', '4', '3', '4', '9', '9', '8', '10', '10', '6', '6', '6', '5', '5', '5']","[NameSystem_2,block blk_6,block blk_6,block blk_6,NameSystem_2,NameSystem_2,NameSystem_2,blk_4,blk_4,blk_4,blk_4,blk_4,blk_4,blk_4,blk_4,/_0,blk_4,blk_4,blk_4,blk_4,blk_4,block blk file_7,block blk file_7,block blk file_7]","[allocate_4,receiving_28,receiving_28,receiving_28,add_3,add_3,add_3,none_22,writing_23,none_22,writing_23,none_22,writing_23,transfer_13,transfer_13,serving_0,verification_25,verification_25,delete_24,delete_24,delete_24,deleting_34,deleting_34,deleting_34]","[none_4,none_40,none_40,none_40,updated_3,updated_3,updated_3,none_31,none_32,none_31,none_32,none_31,none_32,exception_21,exception_21,none_0,successful_35,successful_35,invalid_34,invalid_34,invalid_34,none_46,none_46,none_46]"
9949,"['7', '1', '1', '1', '2', '2', '2', '3', '4', '3', '4', '3', '4', '10', '9', '9', '8', '10', '10', '6', '6', '6', '5', '5', '5']","[NameSystem_2,block blk_6,block blk_6,block blk_6,NameSystem_2,NameSystem_2,NameSystem_2,blk_4,blk_4,blk_4,blk_4,blk_4,blk_4,blk_4,blk_4,blk_4,/_0,blk_4,blk_4,blk_4,blk_4,blk_4,block blk file_7,block blk file_7,block blk file_7]","[allocate_4,receiving_28,receiving_28,receiving_28,add_3,add_3,add_3,none_22,writing_23,none_22,writing_23,none_22,writing_23,verification_25,transfer_13,transfer_13,serving_0,verification_25,verification_25,delete_24,delete_24,delete_24,deleting_34,deleting_34,deleting_34]","[none_4,none_40,none_40,none_40,updated_3,updated_3,updated_3,none_31,none_32,none_31,none_32,none_31,none_32,successful_35,exception_21,exception_21,none_0,successful_35,successful_35,invalid_34,invalid_34,invalid_34,none_46,none_46,none_46]"
9973,"['7', '1', '1', '1', '2', '2', '2', '3', '4', '3', '4', '3', '4', '9', '9', '8', '10', '6', '6', '6', '5', '5', '5']","[NameSystem_2,block blk_6,block blk_6,block blk_6,NameSystem_2,NameSystem_2,NameSystem_2,blk_4,blk_4,blk_4,blk_4,blk_4,blk_4,blk_4,blk_4,/_0,blk_4,blk_4,blk_4,blk_4,block blk file_7,block blk file_7,block blk file_7]","[allocate_4,receiving_28,receiving_28,receiving_28,add_3,add_3,add_3,none_22,writing_23,none_22,writing_23,none_22,writing_23,transfer_13,transfer_13,serving_0,verification_25,delete_24,delete_24,delete_24,deleting_34,deleting_34,deleting_34]","[none_4,none_40,none_40,none_40,updated_3,updated_3,updated_3,none_31,none_32,none_31,none_32,none_31,none_32,exception_21,exception_21,none_0,successful_35,invalid_34,invalid_34,invalid_34,none_46,none_46,none_46]"
9975,"['7', '1', '1', '1', '2', '2', '2', '3', '4', '3', '4', '3', '4', '9', '8', '9', '10', '10', '6', '6', '6', '5', '5', '5']","[NameSystem_2,block blk_6,block blk_6,block blk_6,NameSystem_2,NameSystem_2,NameSystem_2,blk_4,blk_4,blk_4,blk_4,blk_4,blk_4,blk_4,/_0,blk_4,blk_4,blk_4,blk_4,blk_4,blk_4,block blk file_7,block blk file_7,block blk file_7]","[allocate_4,receiving_28,receiving_28,receiving_28,add_3,add_3,add_3,none_22,writing_23,none_22,writing_23,none_22,writing_23,transfer_13,serving_0,transfer_13,verification_25,verification_25,delete_24,delete_24,delete_24,deleting_34,deleting_34,deleting_34]","[none_4,none_40,none_40,none_40,updated_3,updated_3,updated_3,none_31,none_32,none_31,none_32,none_31,none_32,exception_21,none_0,exception_21,successful_35,successful_35,invalid_34,invalid_34,invalid_34,none_46,none_46,none_46]"
9985,"['7', '1']","[NameSystem_2,block blk_6]","[allocate_4,receiving_28]","[none_4,none_40]"
9992,"['7', '1', '1', '1', '2', '2', '2', '3', '4', '3', '4', '3', '4', '10', '9', '8', '9', '6', '6', '6', '5', '5', '5']","[NameSystem_2,block blk_6,block blk_6,block blk_6,NameSystem_2,NameSystem_2,NameSystem_2,blk_4,blk_4,blk_4,blk_4,blk_4,blk_4,blk_4,blk_4,/_0,blk_4,blk_4,blk_4,blk_4,block blk file_7,block blk file_7,block blk file_7]","[allocate_4,receiving_28,receiving_28,receiving_28,add_3,add_3,add_3,none_22,writing_23,none_22,writing_23,none_22,writing_23,verification_25,transfer_13,serving_0,transfer_13,delete_24,delete_24,delete_24,deleting_34,deleting_34,deleting_34]","[none_4,none_40,none_40,none_40,updated_3,updated_3,updated_3,none_31,none_32,none_31,none_32,none_31,none_32,successful_35,exception_21,none_0,exception_21,invalid_34,invalid_34,invalid_34,none_46,none_46,none_46]"
9999,"['7', '1', '1', '1', '2', '2', '2', '3', '4', '3', '4', '3', '4', '9', '9', '8', '10', '6', '6', '6', '5', '5', '5']","[NameSystem_2,block blk_6,block blk_6,block blk_6,NameSystem_2,NameSystem_2,NameSystem_2,blk_4,blk_4,blk_4,blk_4,blk_4,blk_4,blk_4,blk_4,/_0,blk_4,blk_4,blk_4,blk_4,block blk file_7,block blk file_7,block blk file_7]","[allocate_4,receiving_28,receiving_28,receiving_28,add_3,add_3,add_3,none_22,writing_23,none_22,writing_23,none_22,writing_23,transfer_13,transfer_13,serving_0,verification_25,delete_24,delete_24,delete_24,deleting_34,deleting_34,deleting_34]","[none_4,none_40,none_40,none_40,updated_3,updated_3,updated_3,none_31,none_32,none_31,none_32,none_31,none_32,exception_21,exception_21,none_0,successful_35,invalid_34,invalid_34,invalid_34,none_46,none_46,none_46]"
10016,"['7', '1', '1', '1', '2', '2', '3', '4', '3', '4', '3', '4', '2', '9', '9', '8', '10', '10', '6', '6', '6', '5', '5', '5']","[NameSystem_2,block blk_6,block blk_6,block blk_6,NameSystem_2,NameSystem_2,blk_4,blk_4,blk_4,blk_4,blk_4,blk_4,NameSystem_2,blk_4,blk_4,/_0,blk_4,blk_4,blk_4,blk_4,blk_4,block blk file_7,block blk file_7,block blk file_7]","[allocate_4,receiving_28,receiving_28,receiving_28,add_3,add_3,none_22,writing_23,none_22,writing_23,none_22,writing_23,add_3,transfer_13,transfer_13,serving_0,verification_25,verification_25,delete_24,delete_24,delete_24,deleting_34,deleting_34,deleting_34]","[none_4,none_40,none_40,none_40,updated_3,updated_3,none_31,none_32,none_31,none_32,none_31,none_32,updated_3,exception_21,exception_21,none_0,successful_35,successful_35,invalid_34,invalid_34,invalid_34,none_46,none_46,none_46]"
10025,"['7', '1', '1', '1', '2', '4', '2', '2', '3', '4', '3', '4', '3', '9', '9', '8', '10', '10', '10', '6', '6', '6', '5', '5', '5']","[NameSystem_2,block blk_6,block blk_6,block blk_6,NameSystem_2,blk_4,NameSystem_2,NameSystem_2,blk_4,blk_4,blk_4,blk_4,blk_4,blk_4,blk_4,/_0,blk_4,blk_4,blk_4,blk_4,blk_4,blk_4,block blk file_7,block blk file_7,block blk file_7]","[allocate_4,receiving_28,receiving_28,receiving_28,add_3,writing_23,add_3,add_3,none_22,writing_23,none_22,writing_23,none_22,transfer_13,transfer_13,serving_0,verification_25,verification_25,verification_25,delete_24,delete_24,delete_24,deleting_34,deleting_34,deleting_34]","[none_4,none_40,none_40,none_40,updated_3,none_32,updated_3,updated_3,none_31,none_32,none_31,none_32,none_31,exception_21,exception_21,none_0,successful_35,successful_35,successful_35,invalid_34,invalid_34,invalid_34,none_46,none_46,none_46]"
10034,"['7', '1', '1', '1', '2', '2', '3', '4', '3', '4', '3', '4', '2', '9', '9', '8', '6', '6', '6', '5', '5', '5']","[NameSystem_2,block blk_6,block blk_6,block blk_6,NameSystem_2,NameSystem_2,blk_4,blk_4,blk_4,blk_4,blk_4,blk_4,NameSystem_2,blk_4,blk_4,/_0,blk_4,blk_4,blk_4,block blk file_7,block blk file_7,block blk file_7]","[allocate_4,receiving_28,receiving_28,receiving_28,add_3,add_3,none_22,writing_23,none_22,writing_23,none_22,writing_23,add_3,transfer_13,transfer_13,serving_0,delete_24,delete_24,delete_24,deleting_34,deleting_34,deleting_34]","[none_4,none_40,none_40,none_40,updated_3,updated_3,none_31,none_32,none_31,none_32,none_31,none_32,updated_3,exception_21,exception_21,none_0,invalid_34,invalid_34,invalid_34,none_46,none_46,none_46]"
10044,"['7', '1', '1', '1', '2', '3', '4', '2', '2', '3', '4', '3', '4', '9', '9', '8', '10', '10', '10', '6', '6', '6', '5', '5', '5']","[NameSystem_2,block blk_6,block blk_6,block blk_6,NameSystem_2,blk_4,blk_4,NameSystem_2,NameSystem_2,blk_4,blk_4,blk_4,blk_4,blk_4,blk_4,/_0,blk_4,blk_4,blk_4,blk_4,blk_4,blk_4,block blk file_7,block blk file_7,block blk file_7]","[allocate_4,receiving_28,receiving_28,receiving_28,add_3,none_22,writing_23,add_3,add_3,none_22,writing_23,none_22,writing_23,transfer_13,transfer_13,serving_0,verification_25,verification_25,verification_25,delete_24,delete_24,delete_24,deleting_34,deleting_34,deleting_34]","[none_4,none_40,none_40,none_40,updated_3,none_31,none_32,updated_3,updated_3,none_31,none_32,none_31,none_32,exception_21,exception_21,none_0,successful_35,successful_35,successful_35,invalid_34,invalid_34,invalid_34,none_46,none_46,none_46]"
10050,"['7', '1', '1', '1', '2', '2', '2', '3', '4', '3', '4', '3', '4', '9', '8', '9', '10', '10', '6', '6', '6', '5', '5', '5']","[NameSystem_2,block blk_6,block blk_6,block blk_6,NameSystem_2,NameSystem_2,NameSystem_2,blk_4,blk_4,blk_4,blk_4,blk_4,blk_4,blk_4,/_0,blk_4,blk_4,blk_4,blk_4,blk_4,blk_4,block blk file_7,block blk file_7,block blk file_7]","[allocate_4,receiving_28,receiving_28,receiving_28,add_3,add_3,add_3,none_22,writing_23,none_22,writing_23,none_22,writing_23,transfer_13,serving_0,transfer_13,verification_25,verification_25,delete_24,delete_24,delete_24,deleting_34,deleting_34,deleting_34]","[none_4,none_40,none_40,none_40,updated_3,updated_3,updated_3,none_31,none_32,none_31,none_32,none_31,none_32,exception_21,none_0,exception_21,successful_35,successful_35,invalid_34,invalid_34,invalid_34,none_46,none_46,none_46]"
10054,"['7', '1', '1', '1', '2', '2', '3', '4', '3', '4', '3', '4', '2', '9', '8', '9', '10', '6', '6', '6', '5', '5', '5']","[NameSystem_2,block blk_6,block blk_6,block blk_6,NameSystem_2,NameSystem_2,blk_4,blk_4,blk_4,blk_4,blk_4,blk_4,NameSystem_2,blk_4,/_0,blk_4,blk_4,blk_4,blk_4,blk_4,block blk file_7,block blk file_7,block blk file_7]","[allocate_4,receiving_28,receiving_28,receiving_28,add_3,add_3,none_22,writing_23,none_22,writing_23,none_22,writing_23,add_3,transfer_13,serving_0,transfer_13,verification_25,delete_24,delete_24,delete_24,deleting_34,deleting_34,deleting_34]","[none_4,none_40,none_40,none_40,updated_3,updated_3,none_31,none_32,none_31,none_32,none_31,none_32,updated_3,exception_21,none_0,exception_21,successful_35,invalid_34,invalid_34,invalid_34,none_46,none_46,none_46]"
10063,"['7', '1', '1', '1', '2', '2', '2', '3', '4', '3', '4', '3', '4', '9', '8', '9', '10', '6', '6', '6', '5', '5', '5']","[NameSystem_2,block blk_6,block blk_6,block blk_6,NameSystem_2,NameSystem_2,NameSystem_2,blk_4,blk_4,blk_4,blk_4,blk_4,blk_4,blk_4,/_0,blk_4,blk_4,blk_4,blk_4,blk_4,block blk file_7,block blk file_7,block blk file_7]","[allocate_4,receiving_28,receiving_28,receiving_28,add_3,add_3,add_3,none_22,writing_23,none_22,writing_23,none_22,writing_23,transfer_13,serving_0,transfer_13,verification_25,delete_24,delete_24,delete_24,deleting_34,deleting_34,deleting_34]","[none_4,none_40,none_40,none_40,updated_3,updated_3,updated_3,none_31,none_32,none_31,none_32,none_31,none_32,exception_21,none_0,exception_21,successful_35,invalid_34,invalid_34,invalid_34,none_46,none_46,none_46]"
10066,"['7', '1', '1', '1', '2', '2', '3', '4', '3', '4', '2', '3', '4', '9', '8', '9', '10', '6', '6', '6', '5', '5', '5']","[NameSystem_2,block blk_6,block blk_6,block blk_6,NameSystem_2,NameSystem_2,blk_4,blk_4,blk_4,blk_4,NameSystem_2,blk_4,blk_4,blk_4,/_0,blk_4,blk_4,blk_4,blk_4,blk_4,block blk file_7,block blk file_7,block blk file_7]","[allocate_4,receiving_28,receiving_28,receiving_28,add_3,add_3,none_22,writing_23,none_22,writing_23,add_3,none_22,writing_23,transfer_13,serving_0,transfer_13,verification_25,delete_24,delete_24,delete_24,deleting_34,deleting_34,deleting_34]","[none_4,none_40,none_40,none_40,updated_3,updated_3,none_31,none_32,none_31,none_32,updated_3,none_31,none_32,exception_21,none_0,exception_21,successful_35,invalid_34,invalid_34,invalid_34,none_46,none_46,none_46]"
10071,"['7', '1', '1', '1', '2', '2', '3', '4', '3', '4', '2', '3', '4', '9', '8', '9', '10', '10', '10', '6', '6', '6', '5', '5', '5']","[NameSystem_2,block blk_6,block blk_6,block blk_6,NameSystem_2,NameSystem_2,blk_4,blk_4,blk_4,blk_4,NameSystem_2,blk_4,blk_4,blk_4,/_0,blk_4,blk_4,blk_4,blk_4,blk_4,blk_4,blk_4,block blk file_7,block blk file_7,block blk file_7]","[allocate_4,receiving_28,receiving_28,receiving_28,add_3,add_3,none_22,writing_23,none_22,writing_23,add_3,none_22,writing_23,transfer_13,serving_0,transfer_13,verification_25,verification_25,verification_25,delete_24,delete_24,delete_24,deleting_34,deleting_34,deleting_34]","[none_4,none_40,none_40,none_40,updated_3,updated_3,none_31,none_32,none_31,none_32,updated_3,none_31,none_32,exception_21,none_0,exception_21,successful_35,successful_35,successful_35,invalid_34,invalid_34,invalid_34,none_46,none_46,none_46]"
10080,"['7', '1', '1', '1', '2', '2', '3', '4', '3', '4', '3', '4', '2', '9', '8', '9', '10', '6', '6', '6', '5', '5', '5']","[NameSystem_2,block blk_6,block blk_6,block blk_6,NameSystem_2,NameSystem_2,blk_4,blk_4,blk_4,blk_4,blk_4,blk_4,NameSystem_2,blk_4,/_0,blk_4,blk_4,blk_4,blk_4,blk_4,block blk file_7,block blk file_7,block blk file_7]","[allocate_4,receiving_28,receiving_28,receiving_28,add_3,add_3,none_22,writing_23,none_22,writing_23,none_22,writing_23,add_3,transfer_13,serving_0,transfer_13,verification_25,delete_24,delete_24,delete_24,deleting_34,deleting_34,deleting_34]","[none_4,none_40,none_40,none_40,updated_3,updated_3,none_31,none_32,none_31,none_32,none_31,none_32,updated_3,exception_21,none_0,exception_21,successful_35,invalid_34,invalid_34,invalid_34,none_46,none_46,none_46]"
10103,"['7', '1', '1', '1', '2', '2', '3', '4', '3', '4', '2', '3', '4', '9', '8', '9', '10', '6', '6', '6', '5', '5', '5']","[NameSystem_2,block blk_6,block blk_6,block blk_6,NameSystem_2,NameSystem_2,blk_4,blk_4,blk_4,blk_4,NameSystem_2,blk_4,blk_4,blk_4,/_0,blk_4,blk_4,blk_4,blk_4,blk_4,block blk file_7,block blk file_7,block blk file_7]","[allocate_4,receiving_28,receiving_28,receiving_28,add_3,add_3,none_22,writing_23,none_22,writing_23,add_3,none_22,writing_23,transfer_13,serving_0,transfer_13,verification_25,delete_24,delete_24,delete_24,deleting_34,deleting_34,deleting_34]","[none_4,none_40,none_40,none_40,updated_3,updated_3,none_31,none_32,none_31,none_32,updated_3,none_31,none_32,exception_21,none_0,exception_21,successful_35,invalid_34,invalid_34,invalid_34,none_46,none_46,none_46]"
10126,"['7', '1', '1', '1', '2', '2', '4', '3', '4', '3', '4', '3', '2', '9', '9', '8', '10', '10', '6', '6', '6', '5', '5', '5']","[NameSystem_2,block blk_6,block blk_6,block blk_6,NameSystem_2,NameSystem_2,blk_4,blk_4,blk_4,blk_4,blk_4,blk_4,NameSystem_2,blk_4,blk_4,/_0,blk_4,blk_4,blk_4,blk_4,blk_4,block blk file_7,block blk file_7,block blk file_7]","[allocate_4,receiving_28,receiving_28,receiving_28,add_3,add_3,writing_23,none_22,writing_23,none_22,writing_23,none_22,add_3,transfer_13,transfer_13,serving_0,verification_25,verification_25,delete_24,delete_24,delete_24,deleting_34,deleting_34,deleting_34]","[none_4,none_40,none_40,none_40,updated_3,updated_3,none_32,none_31,none_32,none_31,none_32,none_31,updated_3,exception_21,exception_21,none_0,successful_35,successful_35,invalid_34,invalid_34,invalid_34,none_46,none_46,none_46]"
10127,"['7', '1', '1', '1', '2', '2', '3', '4', '3', '4', '3', '4', '2', '9', '9', '8', '10', '10', '10', '6', '6', '6', '5', '5', '5']","[NameSystem_2,block blk_6,block blk_6,block blk_6,NameSystem_2,NameSystem_2,blk_4,blk_4,blk_4,blk_4,blk_4,blk_4,NameSystem_2,blk_4,blk_4,/_0,blk_4,blk_4,blk_4,blk_4,blk_4,blk_4,block blk file_7,block blk file_7,block blk file_7]","[allocate_4,receiving_28,receiving_28,receiving_28,add_3,add_3,none_22,writing_23,none_22,writing_23,none_22,writing_23,add_3,transfer_13,transfer_13,serving_0,verification_25,verification_25,verification_25,delete_24,delete_24,delete_24,deleting_34,deleting_34,deleting_34]","[none_4,none_40,none_40,none_40,updated_3,updated_3,none_31,none_32,none_31,none_32,none_31,none_32,updated_3,exception_21,exception_21,none_0,successful_35,successful_35,successful_35,invalid_34,invalid_34,invalid_34,none_46,none_46,none_46]"
10128,"['7', '1', '1', '1', '2', '2', '3', '4', '3', '4', '3', '4', '2', '9', '8', '9', '10', '10', '6', '6', '6', '5', '5', '5']","[NameSystem_2,block blk_6,block blk_6,block blk_6,NameSystem_2,NameSystem_2,blk_4,blk_4,blk_4,blk_4,blk_4,blk_4,NameSystem_2,blk_4,/_0,blk_4,blk_4,blk_4,blk_4,blk_4,blk_4,block blk file_7,block blk file_7,block blk file_7]","[allocate_4,receiving_28,receiving_28,receiving_28,add_3,add_3,none_22,writing_23,none_22,writing_23,none_22,writing_23,add_3,transfer_13,serving_0,transfer_13,verification_25,verification_25,delete_24,delete_24,delete_24,deleting_34,deleting_34,deleting_34]","[none_4,none_40,none_40,none_40,updated_3,updated_3,none_31,none_32,none_31,none_32,none_31,none_32,updated_3,exception_21,none_0,exception_21,successful_35,successful_35,invalid_34,invalid_34,invalid_34,none_46,none_46,none_46]"
10153,"['7', '1', '1', '1', '3', '4', '2', '2', '3', '4', '4', '2', '3', '9', '9', '8', '10', '6', '6', '6', '5', '5', '5']","[NameSystem_2,block blk_6,block blk_6,block blk_6,blk_4,blk_4,NameSystem_2,NameSystem_2,blk_4,blk_4,blk_4,NameSystem_2,blk_4,blk_4,blk_4,/_0,blk_4,blk_4,blk_4,blk_4,block blk file_7,block blk file_7,block blk file_7]","[allocate_4,receiving_28,receiving_28,receiving_28,none_22,writing_23,add_3,add_3,none_22,writing_23,writing_23,add_3,none_22,transfer_13,transfer_13,serving_0,verification_25,delete_24,delete_24,delete_24,deleting_34,deleting_34,deleting_34]","[none_4,none_40,none_40,none_40,none_31,none_32,updated_3,updated_3,none_31,none_32,none_32,updated_3,none_31,exception_21,exception_21,none_0,successful_35,invalid_34,invalid_34,invalid_34,none_46,none_46,none_46]"
10171,"['7', '1', '1', '1', '2', '2', '2', '3', '4', '3', '4', '3', '4', '9', '9', '8', '10', '6', '6', '6', '5', '5', '5']","[NameSystem_2,block blk_6,block blk_6,block blk_6,NameSystem_2,NameSystem_2,NameSystem_2,blk_4,blk_4,blk_4,blk_4,blk_4,blk_4,blk_4,blk_4,/_0,blk_4,blk_4,blk_4,blk_4,block blk file_7,block blk file_7,block blk file_7]","[allocate_4,receiving_28,receiving_28,receiving_28,add_3,add_3,add_3,none_22,writing_23,none_22,writing_23,none_22,writing_23,transfer_13,transfer_13,serving_0,verification_25,delete_24,delete_24,delete_24,deleting_34,deleting_34,deleting_34]","[none_4,none_40,none_40,none_40,updated_3,updated_3,updated_3,none_31,none_32,none_31,none_32,none_31,none_32,exception_21,exception_21,none_0,successful_35,invalid_34,invalid_34,invalid_34,none_46,none_46,none_46]"
10201,"['7', '1', '1', '1', '2', '2', '2', '3', '4', '3', '4', '3', '4', '9', '8', '9', '10', '6', '6', '6', '5', '5', '5']","[NameSystem_2,block blk_6,block blk_6,block blk_6,NameSystem_2,NameSystem_2,NameSystem_2,blk_4,blk_4,blk_4,blk_4,blk_4,blk_4,blk_4,/_0,blk_4,blk_4,blk_4,blk_4,blk_4,block blk file_7,block blk file_7,block blk file_7]","[allocate_4,receiving_28,receiving_28,receiving_28,add_3,add_3,add_3,none_22,writing_23,none_22,writing_23,none_22,writing_23,transfer_13,serving_0,transfer_13,verification_25,delete_24,delete_24,delete_24,deleting_34,deleting_34,deleting_34]","[none_4,none_40,none_40,none_40,updated_3,updated_3,updated_3,none_31,none_32,none_31,none_32,none_31,none_32,exception_21,none_0,exception_21,successful_35,invalid_34,invalid_34,invalid_34,none_46,none_46,none_46]"
10224,"['7', '1', '1', '1', '2', '2', '3', '4', '3', '4', '3', '4', '2', '9', '8', '9', '10', '6', '6', '6', '5', '5', '5']","[NameSystem_2,block blk_6,block blk_6,block blk_6,NameSystem_2,NameSystem_2,blk_4,blk_4,blk_4,blk_4,blk_4,blk_4,NameSystem_2,blk_4,/_0,blk_4,blk_4,blk_4,blk_4,blk_4,block blk file_7,block blk file_7,block blk file_7]","[allocate_4,receiving_28,receiving_28,receiving_28,add_3,add_3,none_22,writing_23,none_22,writing_23,none_22,writing_23,add_3,transfer_13,serving_0,transfer_13,verification_25,delete_24,delete_24,delete_24,deleting_34,deleting_34,deleting_34]","[none_4,none_40,none_40,none_40,updated_3,updated_3,none_31,none_32,none_31,none_32,none_31,none_32,updated_3,exception_21,none_0,exception_21,successful_35,invalid_34,invalid_34,invalid_34,none_46,none_46,none_46]"
10238,"['7', '1', '1', '1', '2', '2', '2', '3', '4', '3', '4', '3', '4', '9', '8', '9', '10', '10', '6', '6', '6', '5', '5', '5']","[NameSystem_2,block blk_6,block blk_6,block blk_6,NameSystem_2,NameSystem_2,NameSystem_2,blk_4,blk_4,blk_4,blk_4,blk_4,blk_4,blk_4,/_0,blk_4,blk_4,blk_4,blk_4,blk_4,blk_4,block blk file_7,block blk file_7,block blk file_7]","[allocate_4,receiving_28,receiving_28,receiving_28,add_3,add_3,add_3,none_22,writing_23,none_22,writing_23,none_22,writing_23,transfer_13,serving_0,transfer_13,verification_25,verification_25,delete_24,delete_24,delete_24,deleting_34,deleting_34,deleting_34]","[none_4,none_40,none_40,none_40,updated_3,updated_3,updated_3,none_31,none_32,none_31,none_32,none_31,none_32,exception_21,none_0,exception_21,successful_35,successful_35,invalid_34,invalid_34,invalid_34,none_46,none_46,none_46]"
10239,"['7', '1', '1', '1', '2', '2', '2', '3', '4', '3', '4', '3', '4', '9', '8', '9', '10', '6', '6', '6', '5', '5', '5']","[NameSystem_2,block blk_6,block blk_6,block blk_6,NameSystem_2,NameSystem_2,NameSystem_2,blk_4,blk_4,blk_4,blk_4,blk_4,blk_4,blk_4,/_0,blk_4,blk_4,blk_4,blk_4,blk_4,block blk file_7,block blk file_7,block blk file_7]","[allocate_4,receiving_28,receiving_28,receiving_28,add_3,add_3,add_3,none_22,writing_23,none_22,writing_23,none_22,writing_23,transfer_13,serving_0,transfer_13,verification_25,delete_24,delete_24,delete_24,deleting_34,deleting_34,deleting_34]","[none_4,none_40,none_40,none_40,updated_3,updated_3,updated_3,none_31,none_32,none_31,none_32,none_31,none_32,exception_21,none_0,exception_21,successful_35,invalid_34,invalid_34,invalid_34,none_46,none_46,none_46]"
10248,"['7', '1', '1', '1', '2', '2', '3', '4', '3', '4', '2', '3', '4', '9', '9', '8', '10', '6', '6', '6', '5', '5', '5']","[NameSystem_2,block blk_6,block blk_6,block blk_6,NameSystem_2,NameSystem_2,blk_4,blk_4,blk_4,blk_4,NameSystem_2,blk_4,blk_4,blk_4,blk_4,/_0,blk_4,blk_4,blk_4,blk_4,block blk file_7,block blk file_7,block blk file_7]","[allocate_4,receiving_28,receiving_28,receiving_28,add_3,add_3,none_22,writing_23,none_22,writing_23,add_3,none_22,writing_23,transfer_13,transfer_13,serving_0,verification_25,delete_24,delete_24,delete_24,deleting_34,deleting_34,deleting_34]","[none_4,none_40,none_40,none_40,updated_3,updated_3,none_31,none_32,none_31,none_32,updated_3,none_31,none_32,exception_21,exception_21,none_0,successful_35,invalid_34,invalid_34,invalid_34,none_46,none_46,none_46]"
10262,"['7', '1', '1', '1', '2', '2', '2', '3', '4', '3', '4', '3', '4', '9', '9', '8', '10', '10', '10', '6', '6', '6', '5', '5', '5']","[NameSystem_2,block blk_6,block blk_6,block blk_6,NameSystem_2,NameSystem_2,NameSystem_2,blk_4,blk_4,blk_4,blk_4,blk_4,blk_4,blk_4,blk_4,/_0,blk_4,blk_4,blk_4,blk_4,blk_4,blk_4,block blk file_7,block blk file_7,block blk file_7]","[allocate_4,receiving_28,receiving_28,receiving_28,add_3,add_3,add_3,none_22,writing_23,none_22,writing_23,none_22,writing_23,transfer_13,transfer_13,serving_0,verification_25,verification_25,verification_25,delete_24,delete_24,delete_24,deleting_34,deleting_34,deleting_34]","[none_4,none_40,none_40,none_40,updated_3,updated_3,updated_3,none_31,none_32,none_31,none_32,none_31,none_32,exception_21,exception_21,none_0,successful_35,successful_35,successful_35,invalid_34,invalid_34,invalid_34,none_46,none_46,none_46]"
10263,"['7', '1', '1', '1', '2', '2', '2', '3', '4', '3', '4', '3', '4', '9', '8', '9', '6', '6', '6', '5', '5', '5']","[NameSystem_2,block blk_6,block blk_6,block blk_6,NameSystem_2,NameSystem_2,NameSystem_2,blk_4,blk_4,blk_4,blk_4,blk_4,blk_4,blk_4,/_0,blk_4,blk_4,blk_4,blk_4,block blk file_7,block blk file_7,block blk file_7]","[allocate_4,receiving_28,receiving_28,receiving_28,add_3,add_3,add_3,none_22,writing_23,none_22,writing_23,none_22,writing_23,transfer_13,serving_0,transfer_13,delete_24,delete_24,delete_24,deleting_34,deleting_34,deleting_34]","[none_4,none_40,none_40,none_40,updated_3,updated_3,updated_3,none_31,none_32,none_31,none_32,none_31,none_32,exception_21,none_0,exception_21,invalid_34,invalid_34,invalid_34,none_46,none_46,none_46]"
10289,"['7', '1', '1', '1', '2', '2', '2', '3', '4', '3', '4', '3', '4', '9', '8', '9', '10', '10', '6', '6', '6', '5', '5', '5']","[NameSystem_2,block blk_6,block blk_6,block blk_6,NameSystem_2,NameSystem_2,NameSystem_2,blk_4,blk_4,blk_4,blk_4,blk_4,blk_4,blk_4,/_0,blk_4,blk_4,blk_4,blk_4,blk_4,blk_4,block blk file_7,block blk file_7,block blk file_7]","[allocate_4,receiving_28,receiving_28,receiving_28,add_3,add_3,add_3,none_22,writing_23,none_22,writing_23,none_22,writing_23,transfer_13,serving_0,transfer_13,verification_25,verification_25,delete_24,delete_24,delete_24,deleting_34,deleting_34,deleting_34]","[none_4,none_40,none_40,none_40,updated_3,updated_3,updated_3,none_31,none_32,none_31,none_32,none_31,none_32,exception_21,none_0,exception_21,successful_35,successful_35,invalid_34,invalid_34,invalid_34,none_46,none_46,none_46]"
10295,"['7', '1', '1', '1', '2', '2', '3', '4', '3', '4', '2', '3', '4', '9', '8', '9', '10', '6', '6', '6', '5', '5', '5']","[NameSystem_2,block blk_6,block blk_6,block blk_6,NameSystem_2,NameSystem_2,blk_4,blk_4,blk_4,blk_4,NameSystem_2,blk_4,blk_4,blk_4,/_0,blk_4,blk_4,blk_4,blk_4,blk_4,block blk file_7,block blk file_7,block blk file_7]","[allocate_4,receiving_28,receiving_28,receiving_28,add_3,add_3,none_22,writing_23,none_22,writing_23,add_3,none_22,writing_23,transfer_13,serving_0,transfer_13,verification_25,delete_24,delete_24,delete_24,deleting_34,deleting_34,deleting_34]","[none_4,none_40,none_40,none_40,updated_3,updated_3,none_31,none_32,none_31,none_32,updated_3,none_31,none_32,exception_21,none_0,exception_21,successful_35,invalid_34,invalid_34,invalid_34,none_46,none_46,none_46]"
10326,"['7', '1', '1', '1', '2', '3', '4', '2', '2', '3', '4', '3', '4', '9', '8', '9', '10', '10', '10', '6', '6', '6', '5', '5', '5']","[NameSystem_2,block blk_6,block blk_6,block blk_6,NameSystem_2,blk_4,blk_4,NameSystem_2,NameSystem_2,blk_4,blk_4,blk_4,blk_4,blk_4,/_0,blk_4,blk_4,blk_4,blk_4,blk_4,blk_4,blk_4,block blk file_7,block blk file_7,block blk file_7]","[allocate_4,receiving_28,receiving_28,receiving_28,add_3,none_22,writing_23,add_3,add_3,none_22,writing_23,none_22,writing_23,transfer_13,serving_0,transfer_13,verification_25,verification_25,verification_25,delete_24,delete_24,delete_24,deleting_34,deleting_34,deleting_34]","[none_4,none_40,none_40,none_40,updated_3,none_31,none_32,updated_3,updated_3,none_31,none_32,none_31,none_32,exception_21,none_0,exception_21,successful_35,successful_35,successful_35,invalid_34,invalid_34,invalid_34,none_46,none_46,none_46]"
10332,"['7', '1', '1', '1', '2', '2', '2', '3', '4', '3', '4', '3', '4', '9', '9', '8', '6', '6', '6', '5', '5', '5']","[NameSystem_2,block blk_6,block blk_6,block blk_6,NameSystem_2,NameSystem_2,NameSystem_2,blk_4,blk_4,blk_4,blk_4,blk_4,blk_4,blk_4,blk_4,/_0,blk_4,blk_4,blk_4,block blk file_7,block blk file_7,block blk file_7]","[allocate_4,receiving_28,receiving_28,receiving_28,add_3,add_3,add_3,none_22,writing_23,none_22,writing_23,none_22,writing_23,transfer_13,transfer_13,serving_0,delete_24,delete_24,delete_24,deleting_34,deleting_34,deleting_34]","[none_4,none_40,none_40,none_40,updated_3,updated_3,updated_3,none_31,none_32,none_31,none_32,none_31,none_32,exception_21,exception_21,none_0,invalid_34,invalid_34,invalid_34,none_46,none_46,none_46]"
10339,"['7', '1', '1', '1', '3', '4', '2', '2', '2', '3', '4', '3', '4', '9', '8', '9', '10', '6', '6', '6', '5', '5', '5']","[NameSystem_2,block blk_6,block blk_6,block blk_6,blk_4,blk_4,NameSystem_2,NameSystem_2,NameSystem_2,blk_4,blk_4,blk_4,blk_4,blk_4,/_0,blk_4,blk_4,blk_4,blk_4,blk_4,block blk file_7,block blk file_7,block blk file_7]","[allocate_4,receiving_28,receiving_28,receiving_28,none_22,writing_23,add_3,add_3,add_3,none_22,writing_23,none_22,writing_23,transfer_13,serving_0,transfer_13,verification_25,delete_24,delete_24,delete_24,deleting_34,deleting_34,deleting_34]","[none_4,none_40,none_40,none_40,none_31,none_32,updated_3,updated_3,updated_3,none_31,none_32,none_31,none_32,exception_21,none_0,exception_21,successful_35,invalid_34,invalid_34,invalid_34,none_46,none_46,none_46]"
10392,"['7', '1', '1', '1', '2', '3', '4', '3', '4', '2', '2', '3', '4', '9', '9', '8', '10', '6', '6', '6', '5', '5', '5']","[NameSystem_2,block blk_6,block blk_6,block blk_6,NameSystem_2,blk_4,blk_4,blk_4,blk_4,NameSystem_2,NameSystem_2,blk_4,blk_4,blk_4,blk_4,/_0,blk_4,blk_4,blk_4,blk_4,block blk file_7,block blk file_7,block blk file_7]","[allocate_4,receiving_28,receiving_28,receiving_28,add_3,none_22,writing_23,none_22,writing_23,add_3,add_3,none_22,writing_23,transfer_13,transfer_13,serving_0,verification_25,delete_24,delete_24,delete_24,deleting_34,deleting_34,deleting_34]","[none_4,none_40,none_40,none_40,updated_3,none_31,none_32,none_31,none_32,updated_3,updated_3,none_31,none_32,exception_21,exception_21,none_0,successful_35,invalid_34,invalid_34,invalid_34,none_46,none_46,none_46]"
10393,"['7', '1', '1', '1', '2', '3', '4', '3', '4', '2', '2', '3', '4', '10', '9', '8', '9', '6', '6', '6', '5', '5', '5']","[NameSystem_2,block blk_6,block blk_6,block blk_6,NameSystem_2,blk_4,blk_4,blk_4,blk_4,NameSystem_2,NameSystem_2,blk_4,blk_4,blk_4,blk_4,/_0,blk_4,blk_4,blk_4,blk_4,block blk file_7,block blk file_7,block blk file_7]","[allocate_4,receiving_28,receiving_28,receiving_28,add_3,none_22,writing_23,none_22,writing_23,add_3,add_3,none_22,writing_23,verification_25,transfer_13,serving_0,transfer_13,delete_24,delete_24,delete_24,deleting_34,deleting_34,deleting_34]","[none_4,none_40,none_40,none_40,updated_3,none_31,none_32,none_31,none_32,updated_3,updated_3,none_31,none_32,successful_35,exception_21,none_0,exception_21,invalid_34,invalid_34,invalid_34,none_46,none_46,none_46]"
10405,"['7', '1', '1', '1', '2', '2', '2', '3', '4', '3', '4', '3', '4', '9', '9', '8', '10', '10', '6', '6', '6', '5', '5', '5']","[NameSystem_2,block blk_6,block blk_6,block blk_6,NameSystem_2,NameSystem_2,NameSystem_2,blk_4,blk_4,blk_4,blk_4,blk_4,blk_4,blk_4,blk_4,/_0,blk_4,blk_4,blk_4,blk_4,blk_4,block blk file_7,block blk file_7,block blk file_7]","[allocate_4,receiving_28,receiving_28,receiving_28,add_3,add_3,add_3,none_22,writing_23,none_22,writing_23,none_22,writing_23,transfer_13,transfer_13,serving_0,verification_25,verification_25,delete_24,delete_24,delete_24,deleting_34,deleting_34,deleting_34]","[none_4,none_40,none_40,none_40,updated_3,updated_3,updated_3,none_31,none_32,none_31,none_32,none_31,none_32,exception_21,exception_21,none_0,successful_35,successful_35,invalid_34,invalid_34,invalid_34,none_46,none_46,none_46]"
10406,"['7', '1', '1', '1', '2', '2', '3', '4', '3', '4', '3', '4', '2', '9', '8', '9', '10', '10', '10', '6', '6', '6', '5', '5', '5']","[NameSystem_2,block blk_6,block blk_6,block blk_6,NameSystem_2,NameSystem_2,blk_4,blk_4,blk_4,blk_4,blk_4,blk_4,NameSystem_2,blk_4,/_0,blk_4,blk_4,blk_4,blk_4,blk_4,blk_4,blk_4,block blk file_7,block blk file_7,block blk file_7]","[allocate_4,receiving_28,receiving_28,receiving_28,add_3,add_3,none_22,writing_23,none_22,writing_23,none_22,writing_23,add_3,transfer_13,serving_0,transfer_13,verification_25,verification_25,verification_25,delete_24,delete_24,delete_24,deleting_34,deleting_34,deleting_34]","[none_4,none_40,none_40,none_40,updated_3,updated_3,none_31,none_32,none_31,none_32,none_31,none_32,updated_3,exception_21,none_0,exception_21,successful_35,successful_35,successful_35,invalid_34,invalid_34,invalid_34,none_46,none_46,none_46]"
10437,"['7', '1', '1', '1', '2', '2', '2', '3', '4', '3', '4', '3', '4', '9', '9', '8', '10', '10', '6', '6', '6', '5', '5', '5']","[NameSystem_2,block blk_6,block blk_6,block blk_6,NameSystem_2,NameSystem_2,NameSystem_2,blk_4,blk_4,blk_4,blk_4,blk_4,blk_4,blk_4,blk_4,/_0,blk_4,blk_4,blk_4,blk_4,blk_4,block blk file_7,block blk file_7,block blk file_7]","[allocate_4,receiving_28,receiving_28,receiving_28,add_3,add_3,add_3,none_22,writing_23,none_22,writing_23,none_22,writing_23,transfer_13,transfer_13,serving_0,verification_25,verification_25,delete_24,delete_24,delete_24,deleting_34,deleting_34,deleting_34]","[none_4,none_40,none_40,none_40,updated_3,updated_3,updated_3,none_31,none_32,none_31,none_32,none_31,none_32,exception_21,exception_21,none_0,successful_35,successful_35,invalid_34,invalid_34,invalid_34,none_46,none_46,none_46]"
10443,"['7', '1', '1', '1', '2', '4', '2', '3', '4', '3', '3', '4', '2', '9', '8', '9', '10', '6', '6', '6', '5', '5', '5']","[NameSystem_2,block blk_6,block blk_6,block blk_6,NameSystem_2,blk_4,NameSystem_2,blk_4,blk_4,blk_4,blk_4,blk_4,NameSystem_2,blk_4,/_0,blk_4,blk_4,blk_4,blk_4,blk_4,block blk file_7,block blk file_7,block blk file_7]","[allocate_4,receiving_28,receiving_28,receiving_28,add_3,writing_23,add_3,none_22,writing_23,none_22,none_22,writing_23,add_3,transfer_13,serving_0,transfer_13,verification_25,delete_24,delete_24,delete_24,deleting_34,deleting_34,deleting_34]","[none_4,none_40,none_40,none_40,updated_3,none_32,updated_3,none_31,none_32,none_31,none_31,none_32,updated_3,exception_21,none_0,exception_21,successful_35,invalid_34,invalid_34,invalid_34,none_46,none_46,none_46]"
10444,"['7', '1', '1', '1', '2', '2', '3', '4', '3', '4', '2', '3', '4', '9', '8', '9', '10', '10', '6', '6', '6', '5', '5', '5']","[NameSystem_2,block blk_6,block blk_6,block blk_6,NameSystem_2,NameSystem_2,blk_4,blk_4,blk_4,blk_4,NameSystem_2,blk_4,blk_4,blk_4,/_0,blk_4,blk_4,blk_4,blk_4,blk_4,blk_4,block blk file_7,block blk file_7,block blk file_7]","[allocate_4,receiving_28,receiving_28,receiving_28,add_3,add_3,none_22,writing_23,none_22,writing_23,add_3,none_22,writing_23,transfer_13,serving_0,transfer_13,verification_25,verification_25,delete_24,delete_24,delete_24,deleting_34,deleting_34,deleting_34]","[none_4,none_40,none_40,none_40,updated_3,updated_3,none_31,none_32,none_31,none_32,updated_3,none_31,none_32,exception_21,none_0,exception_21,successful_35,successful_35,invalid_34,invalid_34,invalid_34,none_46,none_46,none_46]"
10448,"['7', '1', '1', '1', '2', '2', '2', '3', '4', '3', '4', '3', '4', '9', '8', '9', '6', '6', '6', '5', '5', '5']","[NameSystem_2,block blk_6,block blk_6,block blk_6,NameSystem_2,NameSystem_2,NameSystem_2,blk_4,blk_4,blk_4,blk_4,blk_4,blk_4,blk_4,/_0,blk_4,blk_4,blk_4,blk_4,block blk file_7,block blk file_7,block blk file_7]","[allocate_4,receiving_28,receiving_28,receiving_28,add_3,add_3,add_3,none_22,writing_23,none_22,writing_23,none_22,writing_23,transfer_13,serving_0,transfer_13,delete_24,delete_24,delete_24,deleting_34,deleting_34,deleting_34]","[none_4,none_40,none_40,none_40,updated_3,updated_3,updated_3,none_31,none_32,none_31,none_32,none_31,none_32,exception_21,none_0,exception_21,invalid_34,invalid_34,invalid_34,none_46,none_46,none_46]"
10456,"['7', '1', '1', '1', '2', '2', '2', '3', '4', '3', '4', '3', '4', '9', '9', '8', '10', '10', '10', '6', '6', '6', '5', '5', '5']","[NameSystem_2,block blk_6,block blk_6,block blk_6,NameSystem_2,NameSystem_2,NameSystem_2,blk_4,blk_4,blk_4,blk_4,blk_4,blk_4,blk_4,blk_4,/_0,blk_4,blk_4,blk_4,blk_4,blk_4,blk_4,block blk file_7,block blk file_7,block blk file_7]","[allocate_4,receiving_28,receiving_28,receiving_28,add_3,add_3,add_3,none_22,writing_23,none_22,writing_23,none_22,writing_23,transfer_13,transfer_13,serving_0,verification_25,verification_25,verification_25,delete_24,delete_24,delete_24,deleting_34,deleting_34,deleting_34]","[none_4,none_40,none_40,none_40,updated_3,updated_3,updated_3,none_31,none_32,none_31,none_32,none_31,none_32,exception_21,exception_21,none_0,successful_35,successful_35,successful_35,invalid_34,invalid_34,invalid_34,none_46,none_46,none_46]"
10460,"['7', '1', '1', '1', '2', '3', '4', '2', '4', '2', '3', '3', '4', '9', '8', '9', '10', '6', '6', '6', '5', '5', '5']","[NameSystem_2,block blk_6,block blk_6,block blk_6,NameSystem_2,blk_4,blk_4,NameSystem_2,blk_4,NameSystem_2,blk_4,blk_4,blk_4,blk_4,/_0,blk_4,blk_4,blk_4,blk_4,blk_4,block blk file_7,block blk file_7,block blk file_7]","[allocate_4,receiving_28,receiving_28,receiving_28,add_3,none_22,writing_23,add_3,writing_23,add_3,none_22,none_22,writing_23,transfer_13,serving_0,transfer_13,verification_25,delete_24,delete_24,delete_24,deleting_34,deleting_34,deleting_34]","[none_4,none_40,none_40,none_40,updated_3,none_31,none_32,updated_3,none_32,updated_3,none_31,none_31,none_32,exception_21,none_0,exception_21,successful_35,invalid_34,invalid_34,invalid_34,none_46,none_46,none_46]"
10475,"['7', '1', '1', '1', '2', '2', '2', '3', '4', '3', '4', '3', '4', '9', '9', '8', '10', '10', '10', '6', '6', '6', '5', '5', '5']","[NameSystem_2,block blk_6,block blk_6,block blk_6,NameSystem_2,NameSystem_2,NameSystem_2,blk_4,blk_4,blk_4,blk_4,blk_4,blk_4,blk_4,blk_4,/_0,blk_4,blk_4,blk_4,blk_4,blk_4,blk_4,block blk file_7,block blk file_7,block blk file_7]","[allocate_4,receiving_28,receiving_28,receiving_28,add_3,add_3,add_3,none_22,writing_23,none_22,writing_23,none_22,writing_23,transfer_13,transfer_13,serving_0,verification_25,verification_25,verification_25,delete_24,delete_24,delete_24,deleting_34,deleting_34,deleting_34]","[none_4,none_40,none_40,none_40,updated_3,updated_3,updated_3,none_31,none_32,none_31,none_32,none_31,none_32,exception_21,exception_21,none_0,successful_35,successful_35,successful_35,invalid_34,invalid_34,invalid_34,none_46,none_46,none_46]"
